collision_index,collision_year,collision_ref_no,vehicle_reference,vehicle_type,towing_and_articulation,vehicle_manoeuvre_historic,vehicle_manoeuvre,vehicle_direction_from,vehicle_direction_to,vehicle_location_restricted_lane_historic,vehicle_location_restricted_lane,junction_location,skidding_and_overturning,hit_object_in_carriageway,vehicle_leaving_carriageway,hit_object_off_carriageway,first_point_of_impact,vehicle_left_hand_drive,journey_purpose_of_driver_historic,journey_purpose_of_driver,sex_of_driver,age_of_driver,age_band_of_driver,engine_capacity_cc,propulsion_code,age_of_vehicle,generic_make_model,driver_imd_decile,lsoa_of_driver,escooter_flag,driver_distance_banding
2021440515889,2021,440515889,1,3,0,18,19,5,1,0,0,0,0,0,0,0,1,1,6,6,3,-1,-1,-1,-1,-1,-1,-1,-1,0,-1
2021010313047,2021,010313047,1,1,9,99,99,9,9,99,99,9,9,99,9,99,9,1,6,6,1,36,7,-1,-1,-1,-1,4,E01000976,0,-1
2021546797121,2021,546797121,2,1,0,18,19,8,4,0,0,0,0,0,0,0,2,1,6,6,1,63,9,-1,-1,-1,-1,8,E01031873,0,-1
2021201125693,2021,201125693,2,-1,0,18,19,4,8,0,0,0,0,0,0,0,3,1,6,6,1,-1,-1,-1,-1,-1,-1,-1,-1,1,-1
2021141062983,2021,141062983,2,1,0,18,19,7,3,0,0,0,0,0,0,0,1,1,5,6,1,53,8,-1,-1,-1,-1,9,E01007863,0,-1
2021522101626,2021,522101626,2,9,0,18,19,3,7,0,0,8,0,0,0,0,3,1,1,1,1,42,7,-1,-1,-1,-1,3,E01014492,0,-1
2021141104179,2021,141104179,2,1,0,18,19,3,7,0,0,1,0,0,0,0,1,1,6,6,1,23,5,-1,-1,-1,-1,8,E01007527,0,-1
2021461022129,2021,461022129,2,9,0,18,19,6,4,0,0,0,0,0,0,0,1,1,6,6,1,61,9,-1,-1,-1,-1,10,E01024426,0,-1
2021451045791,2021,451045791,2,9,0,18,19,3,7,0,0,1,0,0,0,0,1,1,6,6,1,25,5,-1,-1,-1,-1,-1,-1,0,-1
2021320062034,2021,320062034,2,1,0,18,19,6,3,0,0,1,0,0,0,0,1,1,6,6,1,25,5,-1,-1,-1,-1,7,E01026236,0,-1
2021332100365,2021,332100365,1,9,0,9,9,7,5,0,0,5,0,0,0,0,4,1,6,6,1,30,6,-1,-1,-1,-1,2,E01013781,0,-1
2021161100229,2021,161100229,2,-1,0,18,19,1,5,0,0,8,0,0,0,0,1,1,6,6,1,-1,-1,-1,-1,-1,-1,-1,-1,1,-1
2021010350628,2021,010350628,3,9,0,99,99,9,9,99,99,9,9,99,9,99,1,9,6,6,3,-1,-1,-1,-1,-1,-1,-1,-1,0,-1
2021010290780,2021,010290780,2,1,0,18,19,3,7,9,9,1,0,0,0,0,1,1,6,6,2,53,8,-1,-1,-1,-1,-1,-1,0,-1
2021610046621,2021,610046621,2,9,0,11,11,3,7,0,0,7,0,0,0,0,0,1,6,6,3,-1,-1,-1,-1,-1,-1,-1,-1,0,-1
2021421016492,2021,421016492,3,9,0,2,2,0,0,0,0,1,0,0,0,0,1,1,6,6,3,-1,-1,-1,-1,-1,-1,-1,-1,0,-1
2021991068213,2021,991068213,2,1,0,18,19,7,3,0,0,0,0,0,0,0,4,1,6,6,1,51,8,-1,-1,-1,-1,10,-1,0,-1
2021061079591,2021,061079591,2,1,0,15,15,8,4,0,0,1,0,0,0,0,1,1,6,6,1,56,9,-1,-1,-1,-1,-1,-1,0,-1
2021010297902,2021,010297902,2,5,0,18,19,3,7,0,0,0,2,0,0,0,1,1,6,6,1,46,8,-1,-1,-1,-1,3,E01003485,0,-1
2021010324920,2021,010324920,2,11,0,18,19,1,5,2,2,8,0,0,0,0,0,1,6,6,1,-1,-1,-1,-1,-1,-1,-1,-1,0,-1
2021061094627,2021,061094627,1,1,0,18,19,6,2,0,0,1,0,0,0,0,0,1,6,6,1,21,5,-1,-1,-1,-1,2,E01005082,0,-1
2021302101265,2021,302101265,2,9,0,4,4,2,6,0,0,0,0,0,0,0,0,1,6,6,3,-1,-1,-1,-1,-1,-1,5,E01019456,0,-1
2021010310607,2021,010310607,1,1,9,99,99,9,9,99,99,9,9,99,9,99,1,1,6,6,1,40,7,-1,-1,-1,-1,7,E01000214,0,-1
2021610009521,2021,610009521,1,9,0,18,19,7,3,0,0,0,0,0,0,0,1,1,6,6,1,25,5,-1,-1,-1,-1,-1,-1,0,-1
2021010309627,2021,010309627,1,11,9,4,4,5,1,0,0,1,9,99,9,99,9,9,6,6,3,-1,-1,-1,-1,-1,-1,-1,-1,0,-1
2021451017167,2021,451017167,2,1,0,17,19,4,1,0,0,3,0,0,0,0,4,1,1,1,2,46,8,-1,-1,-1,-1,4,E01031610,0,-1
2021610024421,2021,610024421,1,97,0,18,19,5,1,0,0,0,1,10,0,0,0,1,6,6,1,60,9,-1,-1,-1,-1,-1,-1,0,-1
2021522102994,2021,522102994,1,1,0,18,19,6,2,0,0,1,0,0,0,0,2,1,6,6,2,31,6,-1,-1,-1,-1,4,E01033364,0,-1
2021010295558,2021,010295558,2,9,0,99,99,9,9,99,99,9,9,99,9,99,9,9,6,6,3,-1,-1,-1,-1,-1,-1,-1,-1,0,-1
2021411074266,2021,411074266,2,1,0,18,19,1,5,0,0,5,0,0,0,0,3,1,5,6,1,49,8,-1,-1,-1,-1,9,E01000266,0,-1
2021010316464,2021,010316464,2,11,0,18,19,5,1,0,0,1,0,0,0,0,1,1,6,6,3,-1,-1,-1,-1,-1,-1,-1,-1,0,-1
2021332101005,2021,332101005,1,9,0,9,9,8,5,0,0,6,0,0,0,0,3,1,1,1,1,21,5,-1,-1,-1,-1,9,E01033531,0,-1
2021010288416,2021,010288416,1,1,9,99,99,9,9,99,99,9,9,99,9,99,9,1,2,2,1,51,8,-1,-1,-1,-1,9,E01002464,0,-1
2021070092037,2021,070092037,2,9,0,4,4,6,2,0,0,1,0,0,0,0,1,1,2,2,2,30,6,-1,-1,-1,-1,-1,-1,0,-1
2021201084887,2021,201084887,1,9,-1,18,19,2,8,0,0,0,0,0,0,0,1,1,6,6,3,-1,-1,-1,-1,-1,-1,-1,-1,0,-1
2021010312040,2021,010312040,1,1,0,99,99,9,9,0,0,9,0,99,9,99,9,1,6,6,3,-1,-1,-1,-1,-1,-1,-1,-1,0,-1
2021471076380,2021,471076380,1,9,0,18,19,1,5,0,0,1,0,0,0,0,0,1,6,6,3,-1,-1,-1,-1,-1,-1,-1,-1,0,-1
2021610013221,2021,610013221,2,9,0,18,19,6,3,0,0,1,0,0,0,0,1,1,6,6,3,-1,-1,-1,-1,-1,-1,-1,-1,0,-1
2021351044951,2021,351044951,2,97,0,18,19,2,7,0,0,3,5,0,0,0,1,1,5,6,1,54,8,-1,-1,-1,-1,6,E01015679,0,-1
2021522106240,2021,522106240,1,20,0,18,19,7,3,0,0,0,0,0,0,0,4,1,6,6,1,40,7,-1,-1,-1,-1,-1,-1,0,-1
2021610043021,2021,610043021,1,9,0,18,19,8,4,0,0,0,0,0,0,11,1,1,6,6,1,50,8,-1,-1,-1,-1,9,W01001351,0,-1
2021010316726,2021,010316726,2,98,9,99,99,9,9,99,99,9,9,99,9,99,9,9,6,6,3,-1,-1,-1,-1,-1,-1,-1,-1,0,-1
2021010338941,2021,010338941,2,98,0,99,99,9,9,99,99,9,9,99,9,99,1,9,6,6,3,-1,-1,-1,-1,-1,-1,-1,-1,0,-1
2021501038102,2021,501038102,1,1,0,18,19,7,3,0,0,0,0,4,0,0,1,1,5,6,2,30,6,-1,-1,-1,-1,5,E01020020,0,-1
2021332100801,2021,332100801,1,9,0,9,9,8,4,0,0,4,0,0,0,0,1,1,6,6,1,51,8,-1,-1,-1,-1,6,E01025977,0,-1
2021201066372,2021,201066372,2,9,0,18,19,6,2,0,0,1,0,0,0,0,1,1,6,6,1,41,7,-1,-1,-1,-1,4,E01009583,0,-1
202160Z136831,2021,60Z136831,2,9,0,18,19,4,8,0,0,1,5,0,0,0,4,1,6,6,1,22,5,-1,-1,-1,-1,-1,-1,0,-1
202160Z028701,2021,60Z028701,1,9,0,18,19,6,2,0,0,1,0,0,0,0,1,1,6,6,2,27,6,-1,-1,-1,-1,-1,-1,0,-1
2021141064973,2021,141064973,1,1,0,18,19,3,7,0,0,0,0,0,0,0,1,1,5,6,1,27,6,-1,-1,-1,-1,6,E01007408,0,-1
2021332100292,2021,332100292,1,9,0,12,12,2,6,0,0,1,0,0,0,0,3,1,6,6,2,26,6,-1,-1,-1,-1,5,E01025875,0,-1
2021371080406,2021,371080406,2,1,0,18,19,8,3,0,0,8,0,0,0,0,1,1,6,6,1,40,7,-1,-1,-1,-1,4,E01033123,0,-1
2021332100273,2021,332100273,1,9,0,18,19,6,2,0,0,2,0,0,0,0,1,1,1,1,1,42,7,-1,-1,-1,-1,7,E01013558,0,-1
2021010313230,2021,010313230,2,-1,0,18,19,8,4,0,0,0,0,0,0,0,1,1,6,6,2,18,4,-1,-1,-1,-1,2,E01001830,1,-1
2021201144065,2021,201144065,1,9,0,18,19,6,2,0,0,1,0,0,0,0,1,1,6,6,1,-1,-1,-1,-1,-1,-1,-1,-1,0,-1
2021440480848,2021,440480848,1,1,0,18,19,8,4,0,0,8,0,0,0,0,1,1,6,6,2,21,5,-1,-1,-1,-1,4,E01022734,0,-1
2021170M10311,2021,170M10311,2,9,0,18,19,4,8,0,0,1,0,0,0,0,1,1,6,6,2,-1,-1,-1,-1,-1,-1,-1,-1,0,-1
2021052101893,2021,052101893,2,1,0,18,19,1,5,0,0,0,0,0,0,0,2,1,6,6,1,17,4,-1,-1,-1,-1,5,E01007161,0,-1
2021010341989,2021,010341989,2,1,0,5,5,1,5,0,0,2,5,0,0,0,1,1,6,6,2,47,8,-1,-1,-1,-1,3,E01001244,0,-1
2021401043982,2021,401043982,1,9,0,-1,-1,-1,-1,-1,-1,0,-1,-1,-1,0,-1,1,6,6,3,-1,-1,-1,-1,-1,-1,-1,-1,0,-1
2021501113774,2021,501113774,2,-1,0,5,5,2,6,0,0,0,0,0,0,0,1,1,2,2,1,43,7,-1,-1,-1,-1,1,E01015146,1,-1
2021552100326,2021,552100326,1,-1,0,18,19,6,2,0,0,0,0,0,0,0,1,1,6,6,3,33,6,-1,-1,-1,-1,-1,-1,1,-1
2021010352210,2021,010352210,1,9,0,7,7,5,7,0,0,1,0,0,0,0,0,1,6,6,1,17,4,-1,-1,-1,-1,2,E01024135,0,-1
2021141059285,2021,141059285,1,9,0,-1,-1,-1,-1,-1,-1,0,-1,-1,-1,0,-1,1,6,6,3,-1,-1,-1,-1,-1,-1,-1,-1,0,-1
202160Z063521,2021,60Z063521,1,9,0,16,19,3,7,0,0,0,5,10,0,0,1,1,6,6,2,21,5,-1,-1,-1,-1,-1,-1,0,-1
2021010325801,2021,010325801,1,1,9,99,99,9,9,99,99,0,9,99,9,99,9,1,6,6,1,21,5,-1,-1,-1,-1,2,E01003183,0,-1
2021010314491,2021,010314491,2,98,1,99,99,9,9,99,99,9,9,99,9,99,1,9,6,6,3,-1,-1,-1,-1,-1,-1,-1,-1,0,-1
2021122100329,2021,122100329,2,1,4,18,19,4,8,0,0,8,0,0,0,0,4,1,6,6,1,35,6,-1,-1,-1,-1,9,E01013431,0,-1
202160Z110660,2021,60Z110660,2,1,0,18,19,6,2,9,9,6,1,0,0,0,1,1,2,2,1,17,4,-1,-1,-1,-1,-1,-1,0,-1
2021010338558,2021,010338558,1,1,9,99,99,9,9,99,99,9,9,99,9,99,1,1,6,6,1,39,7,-1,-1,-1,-1,5,E01004492,0,-1
2021052102063,2021,052102063,1,9,0,7,7,4,6,0,0,6,0,0,0,0,1,1,6,6,3,-1,-1,-1,-1,-1,-1,-1,-1,0,-1
2021401052876,2021,401052876,1,-1,0,18,19,4,8,0,0,0,0,0,0,0,4,1,5,6,1,17,4,-1,-1,-1,-1,4,E01017570,1,-1
2021461031333,2021,461031333,1,21,1,5,5,3,7,8,6,0,0,4,0,0,1,1,6,6,1,62,9,-1,-1,-1,-1,-1,-1,0,-1
2021302100392,2021,302100392,1,9,0,9,9,6,4,0,0,1,0,0,0,0,3,1,6,6,3,-1,-1,-1,-1,-1,-1,5,E01019456,0,-1
2021061097565,2021,061097565,2,9,0,18,19,5,3,0,0,8,0,0,0,0,0,1,6,6,1,30,6,-1,-1,-1,-1,-1,-1,0,-1
2021991024791,2021,991024791,2,1,0,18,19,4,7,0,0,1,0,0,0,0,4,1,6,6,1,9,2,-1,-1,-1,-1,-1,-1,0,-1
2021010320078,2021,010320078,2,8,0,99,99,9,9,99,99,9,9,99,9,99,1,9,6,6,3,-1,-1,-1,-1,-1,-1,-1,-1,0,-1
202154B507421,2021,54B507421,2,1,0,9,9,5,3,0,0,8,0,0,0,0,4,1,6,6,1,60,9,-1,-1,-1,-1,8,E01015513,0,-1
2021052102029,2021,052102029,2,-1,0,18,19,1,5,0,0,1,0,0,1,0,1,1,6,6,2,39,7,-1,-1,-1,-1,2,E01006523,1,-1
2021440196954,2021,440196954,1,1,0,18,19,2,6,5,5,0,0,0,0,0,0,1,6,6,1,42,7,-1,-1,-1,-1,4,E01022953,0,-1
2021332100352,2021,332100352,1,9,0,18,19,3,7,0,0,8,0,0,0,0,1,1,2,2,1,43,7,-1,-1,-1,-1,9,E01025758,0,-1
2021031097493,2021,031097493,1,9,0,4,4,3,7,0,0,1,0,0,0,0,2,1,5,6,1,39,7,-1,-1,-1,-1,7,E01019240,0,-1
2021481146426,2021,481146426,2,1,0,18,19,2,6,5,5,8,0,0,0,0,0,1,2,2,1,35,6,-1,-1,-1,-1,-1,-1,0,-1
2021522101832,2021,522101832,2,1,0,18,19,2,6,9,9,1,0,0,0,0,1,1,6,6,1,39,7,-1,-1,-1,-1,8,E01014981,0,-1
2021010318303,2021,010318303,1,3,0,18,19,3,7,0,0,0,2,0,0,0,3,1,6,6,1,19,4,-1,-1,-1,-1,4,E01004462,0,-1
2021010293898,2021,010293898,2,9,9,99,99,9,9,99,99,0,9,99,9,99,9,9,6,6,3,-1,-1,-1,-1,-1,-1,3,E01004540,0,-1
2021061134556,2021,061134556,1,9,0,18,19,3,7,0,0,0,0,0,0,0,3,1,1,1,3,30,6,-1,-1,-1,-1,-1,-1,0,-1
2021302100395,2021,302100395,1,11,0,18,19,6,8,0,0,1,0,0,0,0,3,1,1,1,1,23,5,-1,-1,-1,-1,4,E01028133,0,-1
202163B032321,2021,63B032321,2,17,0,17,19,6,3,0,0,0,0,0,0,0,3,1,1,1,1,31,6,-1,-1,-1,-1,6,W01000543,0,-1
2021610035021,2021,610035021,1,98,0,10,10,7,3,0,0,1,0,0,0,0,1,1,6,6,1,-1,-1,-1,-1,-1,-1,-1,-1,0,-1
2021461058587,2021,461058587,2,1,0,18,19,1,5,0,0,1,0,0,0,0,1,1,6,6,1,9,2,-1,-1,-1,-1,9,E01024708,0,-1
2021061035718,2021,061035718,1,1,-1,18,19,2,6,0,0,0,0,0,0,0,1,1,2,2,1,36,7,-1,-1,-1,-1,7,E01005783,0,-1
2021010293359,2021,010293359,2,9,0,99,99,9,9,99,99,9,9,99,9,99,1,9,6,6,3,-1,-1,-1,-1,-1,-1,-1,-1,0,-1
2021010305713,2021,010305713,2,19,0,99,99,9,9,0,0,2,0,0,0,0,1,1,6,6,3,-1,-1,-1,-1,-1,-1,-1,-1,0,-1
2021101058586,2021,101058586,1,1,0,18,19,1,5,0,0,0,0,0,0,0,1,1,6,6,1,10,2,-1,-1,-1,-1,1,E01008682,0,-1
2021010347926,2021,010347926,2,1,0,18,19,1,5,0,0,1,2,0,0,0,3,1,6,6,2,49,8,-1,-1,-1,-1,4,E01003043,0,-1
2021010322317,2021,010322317,2,98,0,99,99,9,9,99,99,9,9,99,9,99,0,9,6,6,3,-1,-1,-1,-1,-1,-1,-1,-1,0,-1
2021101110955,2021,101110955,1,9,0,18,19,5,1,0,0,0,0,0,0,0,1,1,6,6,2,-1,-1,-1,-1,-1,-1,-1,-1,0,-1
2021010327778,2021,010327778,2,1,0,18,19,3,7,0,0,2,0,0,0,0,3,1,2,2,1,40,7,-1,-1,-1,-1,3,E01000642,0,-1
2021610000221,2021,610000221,2,9,0,18,19,6,1,0,0,4,0,0,0,0,2,1,6,6,3,-1,-1,-1,-1,-1,-1,-1,-1,0,-1
2021010330209,2021,010330209,1,9,0,99,99,9,9,99,99,0,9,99,9,99,2,9,6,6,1,-1,-1,-1,-1,-1,-1,-1,-1,0,-1
2021070814645,2021,070814645,1,1,0,9,9,3,7,0,0,1,0,0,0,0,3,1,6,6,1,17,4,-1,-1,-1,-1,1,E01012520,0,-1
2021461079712,2021,461079712,2,9,0,18,19,7,3,0,0,0,0,0,0,0,2,1,2,2,1,53,8,-1,-1,-1,-1,9,E01000327,0,-1
2021161024169,2021,161024169,2,9,0,7,7,1,5,0,0,8,0,0,0,0,1,1,6,6,2,-1,-1,-1,-1,-1,-1,-1,-1,0,-1
2021332100508,2021,332100508,3,9,0,4,4,5,1,0,0,1,0,0,0,0,2,1,6,6,1,57,9,-1,-1,-1,-1,9,E01025619,0,-1
2021010325544,2021,010325544,1,1,0,99,99,9,9,0,0,0,0,0,0,0,9,1,2,2,2,24,5,-1,-1,-1,-1,8,E01004479,0,-1
2021320051925,2021,320051925,1,19,0,18,19,6,2,0,0,0,0,0,0,0,4,1,6,6,1,38,7,-1,-1,-1,-1,7,E01026412,0,-1
2021361046070,2021,361046070,1,9,0,3,3,5,1,0,0,0,0,0,0,0,2,1,1,1,1,33,6,-1,-1,-1,-1,4,E01026660,0,-1
2021010319253,2021,010319253,2,1,0,15,15,6,2,0,0,1,0,0,0,0,1,1,6,6,2,30,6,-1,-1,-1,-1,6,E01033570,0,-1
2021010316233,2021,010316233,2,9,9,99,99,9,9,99,99,0,9,99,9,99,9,9,6,6,3,-1,-1,-1,-1,-1,-1,-1,-1,0,-1
2021351034116,2021,351034116,1,9,0,7,7,3,5,0,0,2,0,0,0,0,1,1,6,6,1,-1,-1,-1,-1,-1,-1,-1,-1,0,-1
2021451096499,2021,451096499,2,1,0,18,19,1,5,0,0,7,0,0,0,0,3,1,5,6,1,14,3,-1,-1,-1,-1,10,E01030693,0,-1
2021471059247,2021,471059247,2,1,0,18,19,1,5,0,0,8,0,0,0,0,1,1,6,6,2,59,9,-1,-1,-1,-1,6,E01031513,0,-1
2021522105865,2021,522105865,1,1,0,18,19,7,3,5,5,0,0,0,0,0,1,1,6,6,2,14,3,-1,-1,-1,-1,2,E01014660,0,-1
2021302101899,2021,302101899,2,9,0,7,7,6,7,0,0,6,0,0,0,0,3,1,6,6,3,-1,-1,-1,-1,-1,-1,5,E01019456,0,-1
2021010335866,2021,010335866,1,1,9,99,99,9,9,99,99,9,9,99,9,99,9,1,2,2,1,37,7,-1,-1,-1,-1,5,E01004463,0,-1
2021991014426,2021,991014426,1,9,0,18,19,7,3,0,0,0,0,0,2,7,1,1,2,2,1,30,6,-1,-1,-1,-1,1,-1,0,-1
2021610049921,2021,610049921,2,1,0,7,7,2,5,0,0,8,0,0,0,0,1,1,6,6,1,53,8,-1,-1,-1,-1,-1,-1,0,-1
2021461118177,2021,461118177,2,90,0,13,13,4,8,0,0,8,0,0,0,0,1,1,1,1,1,40,7,-1,-1,-1,-1,7,E01016124,0,-1
2021170M10711,2021,170M10711,1,9,0,18,19,7,4,0,0,1,0,0,0,0,1,1,6,6,2,35,6,-1,-1,-1,-1,1,E01012060,0,-1
2021401070197,2021,401070197,2,2,0,18,19,3,7,0,0,6,0,0,0,0,3,1,6,6,1,16,4,-1,-1,-1,-1,10,E01017436,0,-1
2021122100544,2021,122100544,2,9,4,18,19,1,5,0,0,1,3,0,0,0,4,1,1,1,1,53,8,-1,-1,-1,-1,8,E01027621,0,-1
2021010323694,2021,010323694,2,9,0,9,9,4,3,0,0,8,0,0,0,0,1,1,1,1,1,21,5,-1,-1,-1,-1,7,E01002474,0,-1
202160Z101246,2021,60Z101246,1,1,0,16,19,4,8,0,0,0,0,0,0,0,1,1,6,6,2,23,5,-1,-1,-1,-1,-1,-1,0,-1
2021161026003,2021,161026003,1,97,0,18,19,1,5,0,0,0,0,0,1,11,1,1,5,6,1,20,4,-1,-1,-1,-1,1,E01012874,0,-1
2021010306537,2021,010306537,2,1,0,18,19,3,7,4,4,1,5,0,0,0,1,1,2,2,1,52,8,-1,-1,-1,-1,4,E01004465,0,-1
2021991047349,2021,991047349,1,1,0,18,19,2,7,9,9,8,5,0,0,0,1,1,6,6,1,34,6,-1,-1,-1,-1,7,-1,0,-1
2021991021997,2021,991021997,2,1,0,18,19,8,5,0,0,8,0,0,0,0,1,1,5,6,1,50,8,-1,-1,-1,-1,1,-1,0,-1
2021461060602,2021,461060602,1,9,0,18,19,7,7,0,0,0,1,0,0,0,1,1,1,1,1,33,6,-1,-1,-1,-1,6,E01024836,0,-1
2021141057409,2021,141057409,2,1,0,18,19,1,5,2,2,1,0,0,0,0,1,1,5,6,1,27,6,-1,-1,-1,-1,2,E01008112,0,-1
2021201049909,2021,201049909,3,9,0,2,2,0,0,0,0,0,0,0,0,0,0,1,1,1,3,-1,-1,-1,-1,-1,-1,-1,-1,0,-1
2021411040555,2021,411040555,2,1,0,18,19,7,3,0,0,8,0,0,0,0,1,1,6,6,1,49,8,-1,-1,-1,-1,4,E01002000,0,-1
2021010348944,2021,010348944,1,1,9,99,99,9,9,99,99,0,9,99,9,99,9,1,2,2,1,39,7,-1,-1,-1,-1,2,E01001113,0,-1
2021361033268,2021,361033268,1,4,0,16,19,6,2,0,0,2,0,0,0,0,4,1,5,6,1,17,4,-1,-1,-1,-1,3,E01026843,0,-1
2021052102430,2021,052102430,1,9,0,18,19,5,1,0,0,1,0,0,0,0,3,9,6,6,3,-1,-1,-1,-1,-1,-1,-1,-1,0,-1
2021101068594,2021,101068594,2,1,0,18,19,1,5,0,0,1,0,0,0,0,0,1,5,6,1,11,3,-1,-1,-1,-1,9,E01027367,0,-1
202131C129021,2021,31C129021,1,-1,0,18,19,4,8,9,9,1,0,7,0,0,1,1,6,6,1,25,5,-1,-1,-1,-1,-1,-1,1,-1
2021371043842,2021,371043842,1,9,0,-1,-1,-1,-1,-1,-1,0,-1,-1,-1,0,-1,1,6,6,3,-1,-1,-1,-1,-1,-1,-1,-1,0,-1
2021161053859,2021,161053859,1,19,0,18,19,5,1,0,0,0,0,0,0,0,3,1,6,6,1,-1,-1,-1,-1,-1,-1,-1,-1,0,-1
2021522104992,2021,522104992,2,9,0,18,19,1,5,0,0,8,0,0,0,0,1,1,6,6,2,30,6,-1,-1,-1,-1,-1,-1,0,-1
2021451082476,2021,451082476,1,9,0,10,10,5,1,0,0,2,0,0,0,0,2,1,5,6,1,53,8,-1,-1,-1,-1,9,E01030539,0,-1
2021010326038,2021,010326038,1,1,9,99,99,9,9,99,99,9,9,99,9,99,1,1,2,2,2,27,6,-1,-1,-1,-1,10,E01030324,0,-1
2021041050358,2021,041050358,2,1,0,18,19,5,1,0,0,8,0,0,0,0,1,1,5,6,2,47,8,-1,-1,-1,-1,10,E01025345,0,-1
2021302101088,2021,302101088,2,1,0,18,19,6,8,0,0,1,0,0,0,0,1,1,6,6,1,55,8,-1,-1,-1,-1,5,E01019623,0,-1
2021522201204,2021,522201204,1,9,0,9,9,1,7,0,0,6,0,0,0,0,4,1,6,6,1,32,6,-1,-1,-1,-1,10,E01029159,0,-1
2021361054044,2021,361054044,1,9,0,12,12,4,1,0,0,8,0,0,0,0,3,1,5,6,1,33,6,-1,-1,-1,-1,1,E01026800,0,-1
2021031073638,2021,031073638,2,9,0,18,19,5,1,0,0,0,0,0,0,0,1,1,6,6,2,42,7,-1,-1,-1,-1,2,E01008661,0,-1
2021332100121,2021,332100121,2,9,0,3,3,5,1,0,0,0,0,0,0,0,2,1,6,6,1,35,6,-1,-1,-1,-1,1,E01011838,0,-1
202160Z109195,2021,60Z109195,2,9,0,9,9,5,3,0,0,8,0,0,0,0,4,1,1,1,1,62,9,-1,-1,-1,-1,-1,-1,0,-1
2021041115461,2021,041115461,2,9,0,3,3,3,7,0,0,1,0,0,0,0,3,1,6,6,3,-1,-1,-1,-1,-1,-1,-1,-1,0,-1
2021031093955,2021,031093955,1,9,0,7,7,7,8,0,0,0,0,0,0,0,1,1,1,1,2,22,5,-1,-1,-1,-1,6,E01019100,0,-1
2021430390149,2021,430390149,1,9,0,3,3,6,2,0,0,1,0,0,0,0,2,1,1,1,2,40,7,-1,-1,-1,-1,4,E01033420,0,-1
2021332100196,2021,332100196,1,9,0,9,9,4,2,0,0,8,0,0,0,0,1,1,3,7,2,32,6,-1,-1,-1,-1,2,E01013655,0,-1
2021161055338,2021,161055338,2,1,0,18,19,1,5,4,4,0,0,0,0,0,1,1,5,6,1,26,6,-1,-1,-1,-1,5,E01012910,0,-1
2021471091920,2021,471091920,2,1,0,18,19,8,4,2,2,1,0,0,0,0,1,1,6,6,1,25,5,-1,-1,-1,-1,7,E01017006,0,-1
2021010311370,2021,010311370,1,1,0,14,14,3,7,4,4,1,0,0,0,0,1,1,6,6,1,-1,-1,-1,-1,-1,-1,-1,-1,0,-1
2021430017854,2021,430017854,1,19,0,18,19,3,7,0,0,8,0,0,0,0,1,1,6,6,1,-1,-1,-1,-1,-1,-1,-1,-1,0,-1
2021991114955,2021,991114955,1,9,0,15,15,7,4,0,0,0,0,0,0,0,1,1,6,6,1,34,6,-1,-1,-1,-1,9,-1,0,-1
2021461059211,2021,461059211,1,9,-1,-1,-1,-1,-1,0,0,1,0,0,0,0,-1,1,6,6,1,-1,-1,-1,-1,-1,-1,-1,-1,0,-1
2021440225264,2021,440225264,2,21,0,5,5,1,3,0,0,4,0,0,0,0,2,1,6,6,3,-1,-1,-1,-1,-1,-1,-1,-1,0,-1
2021052101526,2021,052101526,1,1,0,18,19,1,5,0,0,0,0,0,0,0,1,1,6,6,1,13,3,-1,-1,-1,-1,9,E01007117,0,-1
2021138160195,2021,138160195,1,9,0,9,9,8,4,0,0,8,0,0,0,0,4,1,6,6,1,62,9,-1,-1,-1,-1,2,E01010796,0,-1
2021351054794,2021,351054794,1,5,0,4,4,5,2,0,0,0,1,10,0,0,1,1,1,1,1,55,8,-1,-1,-1,-1,5,E01018067,0,-1
2021010289744,2021,010289744,2,1,0,18,19,3,7,4,4,1,0,0,0,0,1,1,1,1,1,31,6,-1,-1,-1,-1,9,E01000455,0,-1
2021440274979,2021,440274979,2,1,0,18,19,1,5,0,0,6,0,0,0,0,4,1,6,6,1,36,7,-1,-1,-1,-1,4,E01022953,0,-1
2021061062849,2021,061062849,1,1,0,8,8,2,3,0,0,0,0,0,0,0,1,1,5,6,1,19,4,-1,-1,-1,-1,1,E01005223,0,-1
2021101045414,2021,101045414,1,19,-1,13,13,7,3,0,0,0,0,0,0,0,-1,1,6,6,1,-1,-1,-1,-1,-1,-1,-1,-1,0,-1
2021010309843,2021,010309843,2,1,0,18,19,5,1,0,0,1,0,0,0,0,3,1,6,6,1,36,7,-1,-1,-1,-1,-1,-1,0,-1
2021101041749,2021,101041749,1,9,0,18,19,1,5,0,0,0,0,0,0,0,1,1,6,6,1,-1,-1,-1,-1,-1,-1,-1,-1,0,-1
2021052102062,2021,052102062,2,1,0,18,19,5,1,0,0,1,0,0,0,0,4,1,2,2,1,52,8,-1,-1,-1,-1,5,E01007109,0,-1
2021552100956,2021,552100956,1,1,0,13,13,6,2,0,0,0,0,0,0,0,2,1,6,6,1,48,8,-1,-1,-1,-1,9,E01020404,0,-1
2021170S11631,2021,170S11631,3,19,0,18,19,4,8,0,0,0,0,0,1,9,3,1,2,2,1,51,8,-1,-1,-1,-1,-1,-1,0,-1
2021471089704,2021,471089704,2,9,0,16,19,1,4,0,0,0,0,0,0,0,1,1,1,1,1,34,6,-1,-1,-1,-1,3,E01021126,0,-1
2021070660788,2021,070660788,1,1,0,7,7,3,1,0,0,1,0,0,0,0,1,1,6,6,1,12,3,-1,-1,-1,-1,2,E01018312,0,-1
2021010330263,2021,010330263,2,9,0,99,99,9,9,99,99,9,9,99,9,99,1,9,6,6,3,-1,-1,-1,-1,-1,-1,-1,-1,0,-1
2021351014554,2021,351014554,2,1,0,18,19,1,5,0,0,2,0,0,0,0,1,1,5,6,1,17,4,-1,-1,-1,-1,5,E01004381,0,-1
2021010308430,2021,010308430,2,1,0,18,19,6,2,0,0,1,0,0,0,0,1,1,6,6,1,51,8,-1,-1,-1,-1,2,E01001219,0,-1
2021070628050,2021,070628050,2,1,0,18,19,6,2,0,0,0,0,0,0,0,0,1,6,6,1,17,4,-1,-1,-1,-1,3,E01019506,0,-1
2021010349409,2021,010349409,1,1,9,99,99,9,9,99,99,0,9,99,9,99,1,1,2,2,1,32,6,-1,-1,-1,-1,7,E01004586,0,-1