collision_index,collision_year,collision_ref_no,vehicle_reference,vehicle_type,towing_and_articulation,vehicle_manoeuvre_historic,vehicle_manoeuvre,vehicle_direction_from,vehicle_direction_to,vehicle_location_restricted_lane_historic,vehicle_location_restricted_lane,junction_location,skidding_and_overturning,hit_object_in_carriageway,vehicle_leaving_carriageway,hit_object_off_carriageway,first_point_of_impact,vehicle_left_hand_drive,journey_purpose_of_driver_historic,journey_purpose_of_driver,sex_of_driver,age_of_driver,age_band_of_driver,engine_capacity_cc,propulsion_code,age_of_vehicle,generic_make_model,driver_imd_decile,lsoa_of_driver,escooter_flag,driver_distance_banding
2021141089913,2021,141089913,2,9,0,9,9,4,1,0,0,5,0,0,0,0,1,1,6,6,1,48,8,-1,-1,-1,-1,2,E01007815,0,-1
2021010299967,2021,010299967,2,1,0,14,14,5,1,0,0,0,0,8,0,0,1,1,6,6,1,55,8,-1,-1,-1,-1,1,E01002094,0,-1
2021320614616,2021,320614616,2,9,0,2,2,0,0,0,0,0,0,0,0,0,0,1,6,6,1,31,6,-1,-1,-1,-1,1,E01026690,0,-1
202160Z023462,2021,60Z023462,1,9,0,9,9,6,3,0,0,1,0,0,0,0,3,1,6,6,1,64,9,-1,-1,-1,-1,-1,-1,0,-1
2021522105572,2021,522105572,1,90,0,18,19,3,1,0,0,8,0,0,0,0,2,1,6,6,2,23,5,-1,-1,-1,-1,8,E01014672,0,-1
2021170L20711,2021,170L20711,1,9,0,18,19,3,7,0,0,1,0,0,0,0,1,1,6,6,3,-1,-1,-1,-1,-1,-1,-1,-1,0,-1
2021061125262,2021,061125262,1,9,0,18,19,1,5,0,0,1,0,0,0,0,-1,1,6,6,3,30,6,-1,-1,-1,-1,-1,-1,0,-1
2021520103491,2021,520103491,1,9,4,18,19,6,2,0,0,0,0,0,0,0,1,1,6,6,1,67,10,-1,-1,-1,-1,5,E01029167,0,-1
2021421094438,2021,421094438,1,9,0,18,19,5,1,0,0,0,0,0,0,0,4,1,6,6,3,-1,-1,-1,-1,-1,-1,-1,-1,0,-1
2021332100712,2021,332100712,2,1,0,18,19,1,5,0,0,6,0,0,0,0,1,1,4,7,1,13,3,-1,-1,-1,-1,1,E01013602,0,-1
202134NNC2131,2021,34NNC2131,1,19,0,18,19,2,6,0,0,2,0,0,0,0,4,1,1,1,1,58,9,-1,-1,-1,-1,9,E01027042,0,-1
2021010320523,2021,010320523,2,1,9,99,99,9,9,99,99,9,9,99,9,0,9,1,6,6,1,-1,-1,-1,-1,-1,-1,4,E01033081,0,-1
2021010345467,2021,010345467,5,9,0,2,2,0,0,0,0,1,0,0,0,0,3,1,6,6,3,-1,-1,-1,-1,-1,-1,-1,-1,0,-1
2021461092928,2021,461092928,2,1,0,-1,-1,-1,-1,-1,-1,-1,-1,-1,-1,0,-1,1,6,6,2,-1,-1,-1,-1,-1,-1,7,E01024131,0,-1
2021610006321,2021,610006321,1,9,0,18,19,7,3,0,0,0,0,0,0,0,2,1,6,6,2,18,4,-1,-1,-1,-1,-1,-1,0,-1
2021440342473,2021,440342473,1,1,0,18,19,8,4,0,0,1,0,0,0,0,1,1,6,6,2,52,8,-1,-1,-1,-1,9,E01022564,0,-1
2021522105198,2021,522105198,1,9,0,9,9,1,7,0,0,1,0,0,0,0,1,1,6,6,2,17,4,-1,-1,-1,-1,-1,-1,0,-1
2021010309422,2021,010309422,2,9,4,18,19,3,7,0,0,0,0,0,0,0,1,1,1,1,1,47,8,-1,-1,-1,-1,-1,-1,0,-1
2021332100378,2021,332100378,2,4,0,18,19,4,8,0,0,8,0,0,0,0,1,1,1,1,1,20,4,-1,-1,-1,-1,4,E01013623,0,-1
2021332100993,2021,332100993,2,1,0,18,19,3,7,0,0,8,0,0,0,0,1,1,1,1,1,34,6,-1,-1,-1,-1,2,E01013772,0,-1
2021461050734,2021,461050734,1,11,0,18,19,7,3,0,0,0,0,0,0,0,4,1,1,1,1,-1,-1,-1,-1,-1,-1,-1,-1,0,-1
2021122100715,2021,122100715,2,8,0,18,19,1,5,0,0,1,0,0,0,0,1,1,1,1,1,55,8,-1,-1,-1,-1,5,E01031798,0,-1
2021430535066,2021,430535066,3,9,0,3,3,1,5,0,0,1,0,0,0,0,0,1,6,6,1,33,6,-1,-1,-1,-1,-1,-1,0,-1
2021201085118,2021,201085118,2,1,0,18,19,8,4,0,0,1,0,0,0,0,1,1,1,1,1,46,8,-1,-1,-1,-1,1,E01033636,0,-1
202160Z090673,2021,60Z090673,2,97,0,18,19,3,7,0,0,0,0,0,0,0,1,1,6,6,1,57,9,-1,-1,-1,-1,-1,-1,0,-1
202160Z076370,2021,60Z076370,3,9,0,2,2,0,0,0,0,0,0,0,0,0,4,1,6,6,2,35,6,-1,-1,-1,-1,-1,-1,0,-1
2021010338941,2021,010338941,1,1,9,99,99,9,9,99,99,9,9,99,9,99,2,1,2,2,1,55,8,-1,-1,-1,-1,4,E01001007,0,-1
2021522103230,2021,522103230,2,19,0,18,19,5,1,0,0,0,0,0,0,0,3,1,6,6,3,-1,-1,-1,-1,-1,-1,-1,-1,0,-1
2021411105048,2021,411105048,3,98,0,18,19,8,4,0,0,1,0,0,0,0,1,1,6,6,1,36,7,-1,-1,-1,-1,7,E01023886,0,-1
2021010309129,2021,010309129,2,-1,0,5,5,5,1,8,6,8,0,0,0,0,4,1,2,2,1,36,7,-1,-1,-1,-1,2,E01000729,1,-1
2021010309863,2021,010309863,2,1,0,18,19,3,7,0,0,2,0,4,0,0,1,1,1,1,1,45,7,-1,-1,-1,-1,3,E01004038,0,-1
2021161023615,2021,161023615,2,9,0,18,19,4,8,0,0,1,0,0,0,0,1,1,6,6,2,20,4,-1,-1,-1,-1,10,E01013093,0,-1
202160Z148467,2021,60Z148467,3,9,0,4,4,6,2,0,0,1,0,0,0,0,2,1,6,6,1,78,11,-1,-1,-1,-1,-1,-1,0,-1
2021351024214,2021,351024214,2,9,0,2,2,0,0,0,0,1,0,0,0,0,2,1,6,6,1,57,9,-1,-1,-1,-1,10,E01017964,0,-1
2021440419699,2021,440419699,2,9,0,10,10,2,6,0,0,1,0,0,0,0,2,1,6,6,2,54,8,-1,-1,-1,-1,10,E01016227,0,-1
2021161073262,2021,161073262,1,98,0,5,5,5,1,0,0,4,0,0,0,0,1,1,2,2,1,25,5,-1,-1,-1,-1,7,E01013248,0,-1
2021010302017,2021,010302017,1,1,0,18,19,3,7,0,0,0,0,0,0,0,0,1,6,6,1,40,7,-1,-1,-1,-1,7,E01004609,0,-1
2021351019324,2021,351019324,2,9,0,18,19,1,5,0,0,0,2,0,0,0,4,1,6,6,1,22,5,-1,-1,-1,-1,9,E01018159,0,-1
2021010320177,2021,010320177,1,9,0,99,99,9,9,99,99,9,9,99,9,99,9,9,2,2,2,18,4,-1,-1,-1,-1,8,E01002499,0,-1
2021332100803,2021,332100803,2,3,0,14,14,4,8,0,0,0,1,0,7,2,1,1,6,6,1,23,5,-1,-1,-1,-1,3,E01025950,0,-1
2021332100456,2021,332100456,2,9,0,18,19,8,4,0,0,4,0,0,1,0,3,1,6,6,1,43,7,-1,-1,-1,-1,6,E01025735,0,-1
2021010290514,2021,010290514,1,1,0,18,19,1,5,0,0,8,0,10,0,0,2,1,2,2,1,61,9,-1,-1,-1,-1,3,E01004373,0,-1
2021061097791,2021,061097791,1,9,0,18,19,1,5,0,0,0,0,0,0,0,1,1,6,6,3,30,6,-1,-1,-1,-1,-1,-1,0,-1
2021010349428,2021,010349428,1,1,9,99,99,9,9,99,99,9,9,99,9,99,9,1,2,2,1,32,6,-1,-1,-1,-1,3,E01000586,0,-1
2021201141798,2021,201141798,1,9,0,18,19,3,7,0,0,1,0,0,0,0,1,1,6,6,1,37,7,-1,-1,-1,-1,2,E01010463,0,-1
2021430489735,2021,430489735,1,9,0,12,12,8,4,0,0,0,0,0,0,0,3,1,6,6,3,-1,-1,-1,-1,-1,-1,-1,-1,0,-1
2021991065873,2021,991065873,1,1,0,18,19,1,5,0,0,1,0,0,0,0,1,1,6,6,1,9,2,-1,-1,-1,-1,1,-1,0,-1
2021501139992,2021,501139992,1,9,0,17,19,5,1,0,0,0,0,0,1,0,1,1,2,2,1,25,5,-1,-1,-1,-1,5,E01018849,0,-1
2021520101723,2021,520101723,1,9,0,18,19,1,5,0,0,0,0,0,0,0,1,1,1,1,2,31,6,-1,-1,-1,-1,3,E01029096,0,-1
2021430555683,2021,430555683,2,9,0,18,19,6,2,0,0,3,0,0,0,0,4,1,6,6,3,-1,-1,-1,-1,-1,-1,-1,-1,0,-1
2021010339155,2021,010339155,1,2,0,18,19,5,1,0,0,8,0,0,0,0,1,1,1,1,1,21,5,-1,-1,-1,-1,3,E01000099,0,-1
2021543510421,2021,543510421,2,20,0,18,19,4,8,0,0,0,0,0,1,0,1,1,6,6,1,41,7,-1,-1,-1,-1,4,E01031895,0,-1
2021061099636,2021,061099636,1,1,0,18,19,2,6,0,0,1,0,0,0,0,1,1,6,6,1,24,5,-1,-1,-1,-1,3,E01005893,0,-1
2021461059139,2021,461059139,2,1,0,18,19,2,6,0,0,4,0,0,0,0,1,1,6,6,1,48,8,-1,-1,-1,-1,10,E01024751,0,-1
2021451031422,2021,451031422,1,19,0,18,19,1,5,0,0,0,0,0,0,0,4,1,1,1,1,35,6,-1,-1,-1,-1,-1,-1,0,-1
202160Z139243,2021,60Z139243,1,9,0,18,19,4,8,0,0,1,0,0,0,0,1,1,6,6,1,25,5,-1,-1,-1,-1,-1,-1,0,-1
2021471033479,2021,471033479,2,1,0,18,19,1,5,0,0,8,0,0,0,0,1,1,5,6,1,60,9,-1,-1,-1,-1,7,E01031539,0,-1
202160Z125890,2021,60Z125890,1,9,0,14,14,1,5,0,0,0,0,0,0,0,3,1,6,6,1,17,4,-1,-1,-1,-1,-1,-1,0,-1
2021610022321,2021,610022321,2,9,0,14,14,4,8,0,0,0,0,0,0,0,3,1,6,6,1,-1,-1,-1,-1,-1,-1,-1,-1,0,-1
2021332100018,2021,332100018,2,9,0,9,9,7,5,0,0,4,0,0,0,0,1,1,2,2,1,54,8,-1,-1,-1,-1,1,E01009702,0,-1
2021501082300,2021,501082300,1,9,0,18,19,5,2,0,0,1,1,0,1,11,1,1,6,6,1,40,7,-1,-1,-1,-1,3,E01019053,0,-1
2021531055752,2021,531055752,2,1,0,18,19,6,2,0,0,0,0,0,0,0,2,1,6,6,1,34,6,-1,-1,-1,-1,9,E01022456,0,-1
2021010345891,2021,010345891,1,1,9,99,99,9,9,99,99,9,9,99,9,99,1,1,6,6,2,29,6,-1,-1,-1,-1,3,E01003214,0,-1
2021201063079,2021,201063079,1,1,0,18,19,-1,-1,0,0,8,5,0,0,0,1,1,1,1,1,46,8,-1,-1,-1,-1,9,E01029479,0,-1
2021201023539,2021,201023539,2,19,0,4,4,-1,-1,0,0,0,0,0,0,0,2,1,1,1,1,-1,-1,-1,-1,-1,-1,-1,-1,0,-1
2021201059137,2021,201059137,2,9,0,3,3,2,6,0,0,1,0,0,0,0,2,1,6,6,1,30,6,-1,-1,-1,-1,2,E01009340,0,-1
2021010341378,2021,010341378,1,3,0,99,99,9,9,99,99,9,9,99,9,99,2,1,2,2,1,25,5,-1,-1,-1,-1,2,E01004349,0,-1
2021061055141,2021,061055141,1,1,0,18,19,5,1,0,0,0,0,0,0,0,4,1,6,6,1,36,7,-1,-1,-1,-1,1,E01007138,0,-1
2021622100345,2021,622100345,2,1,0,18,19,2,6,0,0,1,0,0,0,0,1,1,6,6,1,28,6,-1,-1,-1,-1,8,W01001888,0,-1
2021010315057,2021,010315057,2,1,0,18,19,1,5,0,0,1,0,0,0,0,4,1,1,1,1,21,5,-1,-1,-1,-1,3,E01001244,0,-1
202134NNC3131,2021,34NNC3131,2,1,0,18,19,1,5,0,0,2,0,0,0,0,3,1,6,6,1,37,7,-1,-1,-1,-1,-1,-1,0,-1
2021061043132,2021,061043132,3,1,0,18,19,2,6,0,0,1,0,0,0,0,2,1,5,6,1,30,6,-1,-1,-1,-1,-1,-1,0,-1
2021010315809,2021,010315809,1,1,9,99,99,9,9,99,99,9,9,99,9,99,1,1,6,6,3,-1,-1,-1,-1,-1,-1,-1,-1,0,-1
2021991114970,2021,991114970,1,9,0,16,19,6,2,0,0,0,1,0,0,0,3,1,2,2,1,50,8,-1,-1,-1,-1,3,-1,0,-1
2021010329799,2021,010329799,2,1,0,18,19,1,5,0,0,1,0,0,0,0,0,1,6,6,1,26,6,-1,-1,-1,-1,6,E01000924,0,-1
2021320325912,2021,320325912,2,1,0,18,19,5,1,0,0,0,0,0,0,0,1,1,6,6,2,40,7,-1,-1,-1,-1,4,E01026143,0,-1
202160Z164863,2021,60Z164863,2,9,0,18,19,2,6,0,0,8,0,0,1,0,1,1,6,6,1,74,10,-1,-1,-1,-1,-1,-1,0,-1
2021451021452,2021,451021452,2,1,0,18,19,5,1,0,0,1,0,0,0,0,1,1,6,6,1,74,10,-1,-1,-1,-1,6,E01030801,0,-1
2021041027487,2021,041027487,1,9,0,18,19,5,1,0,0,1,-1,0,-1,0,-1,1,6,6,3,-1,-1,-1,-1,-1,-1,-1,-1,0,-1
2021371099862,2021,371099862,2,1,0,17,19,5,3,0,0,8,5,0,0,0,2,1,5,6,2,54,8,-1,-1,-1,-1,2,E01030246,0,-1
2021351088679,2021,351088679,1,98,0,18,19,6,2,0,0,0,0,4,0,0,1,1,1,1,1,38,7,-1,-1,-1,-1,1,E01015603,0,-1
2021332100941,2021,332100941,4,9,0,18,19,6,2,0,0,0,0,0,0,0,1,1,6,6,1,68,10,-1,-1,-1,-1,5,E01025887,0,-1
2021471068746,2021,471068746,2,1,0,18,19,6,2,0,0,8,0,0,0,0,4,1,5,6,1,19,4,-1,-1,-1,-1,10,E01031773,0,-1
2021201043518,2021,201043518,3,9,0,2,2,0,0,0,0,0,0,0,0,0,2,1,6,6,3,-1,-1,-1,-1,-1,-1,-1,-1,0,-1
2021010301684,2021,010301684,2,1,0,3,3,7,3,0,0,8,0,0,0,0,1,1,6,6,1,20,4,-1,-1,-1,-1,-1,-1,0,-1
2021991074860,2021,991074860,3,9,0,2,2,0,0,0,0,0,0,0,0,0,1,1,6,6,3,-1,-1,-1,-1,-1,-1,-1,-1,0,-1
2021332100918,2021,332100918,1,9,0,18,19,8,4,0,0,6,0,0,0,0,3,1,6,6,1,20,4,-1,-1,-1,-1,8,E01031011,0,-1
2021332100253,2021,332100253,1,-1,0,18,19,5,1,0,0,6,0,0,0,0,1,1,6,6,1,52,8,-1,-1,-1,-1,10,E01025860,1,-1
2021070678706,2021,070678706,1,21,1,12,12,5,1,0,0,0,0,0,0,0,3,2,1,1,1,42,7,-1,-1,-1,-1,-1,-1,0,-1
2021520104671,2021,520104671,1,9,0,18,19,4,8,0,0,1,0,0,0,0,1,1,6,6,1,53,8,-1,-1,-1,-1,3,E01029062,0,-1
2021201115684,2021,201115684,2,1,0,18,19,4,2,0,0,6,0,0,0,0,4,1,6,6,1,15,3,-1,-1,-1,-1,7,E01010461,0,-1
2021010295868,2021,010295868,1,1,9,99,99,9,9,99,99,9,9,99,9,99,9,1,6,6,1,54,8,-1,-1,-1,-1,8,E01004135,0,-1
2021552101103,2021,552101103,1,90,0,18,19,6,2,0,0,1,0,0,0,0,1,1,6,6,3,-1,-1,-1,-1,-1,-1,-1,-1,0,-1
2021421063296,2021,421063296,1,22,0,18,19,1,6,9,9,0,0,0,7,2,4,1,5,6,2,76,11,-1,-1,-1,-1,7,E01021620,0,-1
2021010331797,2021,010331797,2,1,0,18,19,1,5,0,0,1,0,0,0,0,3,1,6,6,1,53,8,-1,-1,-1,-1,8,E01000282,0,-1
2021320412272,2021,320412272,1,9,0,18,19,6,2,0,0,0,0,0,0,0,1,1,6,6,3,-1,-1,-1,-1,-1,-1,-1,-1,0,-1
2021461063191,2021,461063191,1,11,0,13,13,1,5,0,0,1,0,0,0,0,4,1,6,6,3,-1,-1,-1,-1,-1,-1,-1,-1,0,-1
2021440257336,2021,440257336,2,5,0,18,19,5,1,0,0,8,0,0,0,0,1,1,1,1,1,37,7,-1,-1,-1,-1,7,E01023135,0,-1
2021010324359,2021,010324359,1,-1,0,18,19,1,5,0,0,1,0,0,0,0,1,1,6,6,3,-1,-1,-1,-1,-1,-1,-1,-1,1,-1
2021010317634,2021,010317634,2,9,9,99,99,9,9,0,0,9,9,99,9,99,9,9,6,6,3,-1,-1,-1,-1,-1,-1,4,E01004439,0,-1
2021070777339,2021,070777339,1,9,0,10,10,5,3,0,0,0,0,0,0,0,1,1,6,6,2,76,11,-1,-1,-1,-1,10,E01018436,0,-1
2021170S21221,2021,170S21221,2,9,0,12,12,4,8,0,0,0,0,0,0,0,3,1,6,6,1,26,6,-1,-1,-1,-1,3,E01012057,0,-1
2021320463544,2021,320463544,2,1,0,18,19,1,5,0,0,0,0,0,0,0,3,1,6,6,1,80,11,-1,-1,-1,-1,4,E01026169,0,-1
2021351090719,2021,351090719,1,19,0,1,1,4,8,0,0,0,0,0,0,0,0,1,5,6,2,-1,-1,-1,-1,-1,-1,10,E01018116,0,-1
2021332100452,2021,332100452,2,9,0,18,19,2,6,0,0,1,0,0,0,0,1,1,6,6,3,-1,-1,-1,-1,-1,-1,-1,-1,0,-1
2021010319722,2021,010319722,2,9,9,7,7,5,7,0,0,8,9,0,0,99,1,9,6,6,3,-1,-1,-1,-1,-1,-1,-1,-1,0,-1
2021010294410,2021,010294410,2,-1,0,9,9,4,2,0,0,6,1,0,0,0,1,1,6,6,1,15,3,-1,-1,-1,-1,2,E01004539,1,-1
2021201049633,2021,201049633,1,11,0,7,7,4,6,0,0,1,0,0,0,0,0,1,1,1,3,-1,-1,-1,-1,-1,-1,-1,-1,0,-1
2021991097243,2021,991097243,1,90,5,9,9,6,3,0,0,8,0,0,0,0,4,1,6,6,3,40,7,-1,-1,-1,-1,-1,-1,0,-1
2021010293827,2021,010293827,5,9,0,18,19,1,5,0,0,2,0,0,0,0,1,1,1,1,1,32,6,-1,-1,-1,-1,7,E01033093,0,-1
2021010335734,2021,010335734,2,1,0,18,19,3,7,0,0,1,0,0,0,0,1,1,6,6,1,49,8,-1,-1,-1,-1,2,E01001785,0,-1
2021010311104,2021,010311104,2,9,0,99,99,9,9,99,99,8,9,0,9,99,9,9,6,6,3,-1,-1,-1,-1,-1,-1,-1,-1,0,-1
2021010299788,2021,010299788,1,9,0,18,19,3,7,0,0,0,0,0,0,0,1,1,6,6,3,-1,-1,-1,-1,-1,-1,-1,-1,0,-1
20211383V0764,2021,1383V0764,2,1,0,18,19,1,5,0,0,8,5,0,0,0,4,1,6,6,1,29,6,-1,-1,-1,-1,1,E01011431,0,-1
202160Z152168,2021,60Z152168,2,9,0,2,2,0,0,0,0,0,0,0,0,0,1,1,6,6,1,33,6,-1,-1,-1,-1,-1,-1,0,-1
2021161014327,2021,161014327,3,98,1,18,19,3,7,0,0,0,0,0,0,0,1,1,1,1,1,48,8,-1,-1,-1,-1,5,E01019438,0,-1
2021531069220,2021,531069220,1,1,0,18,19,-1,-1,0,0,8,5,0,0,0,3,1,6,6,1,16,4,-1,-1,-1,-1,1,E01022152,0,-1
2021201132754,2021,201132754,2,-1,0,18,19,4,8,0,0,3,0,0,0,0,4,1,1,1,1,38,7,-1,-1,-1,-1,-1,-1,1,-1
2021111082555,2021,111082555,2,9,0,10,10,5,1,0,0,1,0,0,0,0,1,1,5,6,1,51,8,-1,-1,-1,-1,3,E01020868,0,-1
2021010332344,2021,010332344,1,9,0,99,99,9,9,99,99,9,9,99,9,99,9,9,6,6,3,-1,-1,-1,-1,-1,-1,-1,-1,0,-1
2021332100145,2021,332100145,1,9,0,3,3,7,3,0,0,1,0,0,0,0,2,1,6,6,1,32,6,-1,-1,-1,-1,2,E01013639,0,-1
2021201072923,2021,201072923,2,1,0,18,19,7,3,0,0,0,0,0,0,0,1,1,6,6,1,33,6,-1,-1,-1,-1,-1,-1,0,-1
2021201143201,2021,201143201,3,9,0,2,2,0,0,9,9,0,0,0,0,0,0,1,1,1,1,-1,-1,-1,-1,-1,-1,-1,-1,0,-1
2021010326038,2021,010326038,2,9,0,99,99,9,9,99,99,9,9,99,9,99,1,9,6,6,3,-1,-1,-1,-1,-1,-1,-1,-1,0,-1
2021430167901,2021,430167901,2,-1,0,12,12,5,1,0,0,0,0,0,0,0,2,1,6,6,1,19,4,-1,-1,-1,-1,6,E01028528,1,-1
2021430477671,2021,430477671,1,98,1,11,11,1,6,0,0,8,0,0,0,0,4,1,1,1,1,-1,-1,-1,-1,-1,-1,-1,-1,0,-1
202134NNC7131,2021,34NNC7131,1,9,0,18,19,1,5,0,0,0,0,0,0,0,3,1,6,6,1,-1,-1,-1,-1,-1,-1,-1,-1,0,-1
2021131042708,2021,131042708,1,90,0,-1,-1,-1,-1,0,0,8,0,0,0,0,-1,1,6,6,3,-1,-1,-1,-1,-1,-1,-1,-1,0,-1
2021010337536,2021,010337536,1,1,9,99,99,9,9,99,99,9,9,99,9,99,1,1,2,2,2,23,5,-1,-1,-1,-1,4,E01004368,0,-1
2021471096635,2021,471096635,1,9,0,7,7,2,8,0,0,7,0,0,0,0,1,1,6,6,1,38,7,-1,-1,-1,-1,4,E01021051,0,-1
2021430493958,2021,430493958,1,9,0,8,8,6,8,0,0,1,0,0,0,0,2,1,2,2,2,53,8,-1,-1,-1,-1,8,E01017931,0,-1
2021440405963,2021,440405963,2,1,0,18,19,8,4,0,0,1,0,0,0,0,4,1,6,6,1,36,7,-1,-1,-1,-1,4,E01017277,0,-1
2021302100653,2021,302100653,1,9,0,5,5,2,6,0,0,1,0,0,0,0,1,1,1,1,1,53,8,-1,-1,-1,-1,3,E01019768,0,-1
202160Z005229,2021,60Z005229,2,9,0,4,4,8,4,0,0,1,0,0,0,0,2,1,2,2,1,29,6,-1,-1,-1,-1,-1,-1,0,-1
2021010296390,2021,010296390,2,9,0,10,10,1,7,0,0,2,0,0,0,0,3,1,6,6,1,37,7,-1,-1,-1,-1,6,E01001268,0,-1
2021302102109,2021,302102109,2,9,0,18,19,4,8,0,0,0,0,0,1,9,1,2,6,6,1,65,9,-1,-1,-1,-1,-1,-1,0,-1
2021061041607,2021,061041607,2,1,0,18,19,5,1,0,0,1,0,0,0,0,1,1,6,6,1,13,3,-1,-1,-1,-1,2,E01006039,0,-1
202131B123021,2021,31B123021,2,9,0,17,19,5,3,0,0,8,0,0,0,0,3,1,2,2,1,26,6,-1,-1,-1,-1,9,E01028009,0,-1
2021610010421,2021,610010421,2,20,0,18,19,2,6,0,0,0,0,0,0,0,1,1,1,1,1,39,7,-1,-1,-1,-1,-1,-1,0,-1
2021332100834,2021,332100834,1,9,0,18,19,6,2,0,0,0,0,0,7,4,1,1,6,6,1,21,5,-1,-1,-1,-1,2,E01013716,0,-1
2021010320150,2021,010320150,2,1,0,18,19,7,3,0,0,0,0,0,0,0,1,1,1,1,1,23,5,-1,-1,-1,-1,4,E01000546,0,-1
2021010326062,2021,010326062,1,-1,0,18,19,3,7,9,9,0,5,0,0,0,1,1,6,6,3,-1,-1,-1,-1,-1,-1,-1,-1,1,-1
2021221071398,2021,221071398,1,9,0,2,2,0,0,0,0,0,0,4,0,0,2,1,5,6,2,27,6,-1,-1,-1,-1,9,E01008990,0,-1
2021401109304,2021,401109304,1,98,0,4,4,4,8,0,0,1,0,0,0,0,1,1,5,6,1,27,6,-1,-1,-1,-1,8,E01021444,0,-1
2021131088547,2021,131088547,1,9,0,-1,-1,-1,-1,-1,-1,0,-1,-1,-1,-1,-1,1,6,6,3,-1,-1,-1,-1,-1,-1,-1,-1,0,-1
2021010321281,2021,010321281,1,1,9,99,99,9,9,99,99,9,9,99,9,99,1,1,2,2,1,27,6,-1,-1,-1,-1,3,E01004019,0,-1
2021211079331,2021,211079331,1,19,0,1,1,1,5,0,0,0,0,0,0,0,2,1,6,6,1,37,7,-1,-1,-1,-1,2,E01014278,0,-1
2021010305921,2021,010305921,2,9,0,99,99,9,9,99,99,1,9,99,9,99,2,9,6,6,3,-1,-1,-1,-1,-1,-1,-1,-1,0,-1
2021440198381,2021,440198381,1,9,0,18,19,1,5,0,0,0,1,0,0,0,1,1,6,6,2,17,4,-1,-1,-1,-1,10,E01032870,0,-1
2021010337519,2021,010337519,2,1,0,18,19,1,5,4,4,8,0,0,0,0,1,1,6,6,1,27,6,-1,-1,-1,-1,2,E01004567,0,-1
2021440492158,2021,440492158,1,1,0,18,19,8,4,0,0,0,0,0,0,0,3,1,6,6,1,48,8,-1,-1,-1,-1,3,E01022485,0,-1
2021430440256,2021,430440256,2,9,0,18,19,5,1,0,0,1,0,0,0,0,1,1,6,6,1,-1,-1,-1,-1,-1,-1,-1,-1,0,-1
2021010320093,2021,010320093,2,-1,0,4,4,1,5,0,0,0,5,0,0,0,1,1,6,6,1,9,2,-1,-1,-1,-1,5,E01032790,1,-1
2021332100233,2021,332100233,2,3,0,18,19,4,8,0,0,8,0,0,0,0,1,1,6,6,1,28,6,-1,-1,-1,-1,1,E01013602,0,-1
2021320450358,2021,320450358,2,1,0,18,19,1,5,0,0,3,0,0,0,0,1,1,6,6,1,56,9,-1,-1,-1,-1,4,E01026379,0,-1
2021461035742,2021,461035742,1,9,0,18,19,2,6,0,0,1,0,0,0,0,1,1,5,6,1,-1,-1,-1,-1,-1,-1,7,E01024121,0,-1
2021010318746,2021,010318746,2,19,9,18,19,1,5,99,99,9,9,99,9,99,9,9,6,6,3,-1,-1,-1,-1,-1,-1,-1,-1,0,-1
2021052100496,2021,052100496,1,9,0,18,19,3,7,0,0,1,0,0,0,0,1,1,6,6,3,-1,-1,-1,-1,-1,-1,-1,-1,0,-1
2021010321684,2021,010321684,1,1,9,99,99,9,9,99,99,0,9,99,9,99,9,1,6,6,1,57,9,-1,-1,-1,-1,7,E01002007,0,-1
2021070455417,2021,070455417,1,19,0,18,19,3,7,0,0,3,0,0,1,0,4,1,1,1,1,26,6,-1,-1,-1,-1,-1,-1,0,-1
202160Z162464,2021,60Z162464,1,98,0,18,19,6,2,0,0,3,0,0,3,2,1,1,6,6,1,44,7,-1,-1,-1,-1,-1,-1,0,-1
2021010310652,2021,010310652,2,-1,0,18,19,7,3,0,0,8,0,0,0,0,1,1,6,6,1,14,3,-1,-1,-1,-1,8,E01002461,1,-1
2021430031615,2021,430031615,3,21,0,18,19,0,0,0,0,8,0,0,0,0,2,1,1,1,2,40,7,-1,-1,-1,-1,-1,-1,0,-1
2021010319365,2021,010319365,1,9,0,18,19,3,7,0,0,7,0,0,0,0,1,1,6,6,3,-1,-1,-1,-1,-1,-1,-1,-1,0,-1
2021010319733,2021,010319733,1,1,9,99,99,9,9,99,99,1,9,99,9,99,1,1,6,6,1,31,6,-1,-1,-1,-1,3,E01033583,0,-1
2021421087433,2021,421087433,2,1,0,18,19,7,3,0,0,3,0,0,0,0,4,1,2,2,1,17,4,-1,-1,-1,-1,1,E01015886,0,-1
2021451028673,2021,451028673,2,1,0,18,19,1,3,9,9,8,0,0,0,0,1,1,6,6,1,10,2,-1,-1,-1,-1,4,E01030645,0,-1
2021010328518,2021,010328518,2,1,0,18,19,1,5,0,0,1,0,0,0,0,1,1,6,6,1,31,6,-1,-1,-1,-1,4,E01002718,0,-1
2021991030329,2021,991030329,2,9,0,4,4,1,5,0,0,0,0,0,0,0,2,1,6,6,1,37,7,-1,-1,-1,-1,1,-1,0,-1
2021052102027,2021,052102027,2,1,0,18,19,7,3,0,0,0,0,0,0,0,2,1,4,7,1,16,4,-1,-1,-1,-1,9,E01007021,0,-1
202160Z000617,2021,60Z000617,1,9,0,7,7,1,2,0,0,1,0,0,0,0,4,1,1,1,1,55,8,-1,-1,-1,-1,-1,-1,0,-1
2021010348027,2021,010348027,1,1,9,99,99,9,9,99,99,9,9,99,9,99,1,1,6,6,2,30,6,-1,-1,-1,-1,10,E01004556,0,-1
2021552100473,2021,552100473,1,9,0,12,12,2,6,0,0,8,0,0,0,0,1,1,6,6,1,67,10,-1,-1,-1,-1,5,E01015274,0,-1
2021122101401,2021,122101401,2,1,0,18,19,8,3,0,0,0,0,0,0,0,3,1,2,2,2,45,7,-1,-1,-1,-1,2,E01013443,0,-1
2021010324917,2021,010324917,1,9,0,18,19,5,1,0,0,0,2,11,8,2,1,1,6,6,1,21,5,-1,-1,-1,-1,2,E01002686,0,-1
2021610021821,2021,610021821,4,9,0,18,19,1,0,0,0,0,0,0,0,0,1,1,6,6,3,-1,-1,-1,-1,-1,-1,-1,-1,0,-1
2021061077869,2021,061077869,1,9,-1,-1,-1,-1,-1,-1,-1,-1,-1,-1,-1,0,-1,1,6,6,1,30,6,-1,-1,-1,-1,-1,-1,0,-1
2021522103745,2021,522103745,1,1,0,18,19,6,2,9,9,0,0,0,0,0,1,1,6,6,3,-1,-1,-1,-1,-1,-1,-1,-1,0,-1