collision_index,collision_year,collision_ref_no,vehicle_reference,vehicle_type,towing_and_articulation,vehicle_manoeuvre_historic,vehicle_manoeuvre,vehicle_direction_from,vehicle_direction_to,vehicle_location_restricted_lane_historic,vehicle_location_restricted_lane,junction_location,skidding_and_overturning,hit_object_in_carriageway,vehicle_leaving_carriageway,hit_object_off_carriageway,first_point_of_impact,vehicle_left_hand_drive,journey_purpose_of_driver_historic,journey_purpose_of_driver,sex_of_driver,age_of_driver,age_band_of_driver,engine_capacity_cc,propulsion_code,age_of_vehicle,generic_make_model,driver_imd_decile,lsoa_of_driver,escooter_flag,driver_distance_banding
202160Z090213,2021,60Z090213,2,9,0,4,4,7,3,0,0,1,0,0,1,11,3,1,6,6,1,33,6,-1,-1,-1,-1,-1,-1,0,-1
2021010295232,2021,010295232,1,9,0,99,99,9,9,99,99,9,9,99,9,99,1,9,6,6,3,-1,-1,-1,-1,-1,-1,-1,-1,0,-1
2021161108724,2021,161108724,2,1,0,18,19,1,5,0,0,2,0,0,0,0,1,1,4,7,1,16,4,-1,-1,-1,-1,7,E01013069,0,-1
2021351047250,2021,351047250,1,-1,0,18,19,3,7,0,0,0,0,0,0,0,4,1,6,6,1,39,7,-1,-1,-1,-1,2,E01015599,1,-1
2021138431043,2021,138431043,1,9,0,18,19,3,7,0,0,0,0,0,0,0,0,1,6,6,3,-1,-1,-1,-1,-1,-1,-1,-1,0,-1
2021041097261,2021,041097261,1,9,0,7,7,3,1,0,0,0,0,0,0,0,4,1,6,6,3,-1,-1,-1,-1,-1,-1,-1,-1,0,-1
2021461096867,2021,461096867,2,1,0,18,19,5,3,0,0,8,2,0,3,0,1,1,6,6,1,-1,-1,-1,-1,-1,-1,-1,-1,0,-1
2021451111904,2021,451111904,2,19,0,18,19,5,1,0,0,0,0,0,0,0,1,1,6,6,1,18,4,-1,-1,-1,-1,10,E01030691,0,-1
20211382S0578,2021,1382S0578,2,9,0,18,19,2,6,0,0,0,0,0,0,0,2,1,6,6,1,40,7,-1,-1,-1,-1,2,E01010979,0,-1
202160Z049310,2021,60Z049310,2,9,0,13,13,2,7,0,0,0,0,0,0,0,3,1,6,6,1,25,5,-1,-1,-1,-1,-1,-1,0,-1
2021421119103,2021,421119103,2,9,0,18,19,6,2,0,0,0,0,0,0,0,1,1,6,6,1,41,7,-1,-1,-1,-1,8,E01021411,0,-1
2021061072984,2021,061072984,1,1,0,18,19,3,7,0,0,0,0,0,1,0,3,1,5,6,2,60,9,-1,-1,-1,-1,1,E01005245,0,-1
2021061039220,2021,061039220,1,9,0,18,19,3,7,0,0,8,0,0,0,0,3,1,6,6,1,31,6,-1,-1,-1,-1,-1,-1,0,-1
2021010290632,2021,010290632,2,9,0,18,19,1,5,0,0,2,0,0,0,0,1,1,6,6,3,-1,-1,-1,-1,-1,-1,-1,-1,0,-1
2021552101214,2021,552101214,2,1,0,9,9,6,4,0,0,5,0,0,0,0,2,1,6,6,1,37,7,-1,-1,-1,-1,8,E01020388,0,-1
2021622100394,2021,622100394,2,97,0,18,19,6,2,0,0,1,0,0,0,0,1,1,6,6,1,29,6,-1,-1,-1,-1,4,W01001834,0,-1
2021501110917,2021,501110917,2,9,0,18,19,5,1,0,0,0,0,0,0,0,1,1,5,6,2,31,6,-1,-1,-1,-1,5,E01019026,0,-1
2021461032144,2021,461032144,3,9,0,3,3,5,1,0,0,0,0,0,0,0,2,1,1,1,1,29,6,-1,-1,-1,-1,2,E01001579,0,-1
2021401038372,2021,401038372,2,1,0,18,19,8,4,0,0,8,0,0,0,0,1,1,5,6,2,60,9,-1,-1,-1,-1,10,E01017456,0,-1
2021522102117,2021,522102117,2,9,0,-1,-1,-1,-1,0,0,8,0,0,0,0,1,1,6,6,3,25,5,-1,-1,-1,-1,-1,-1,0,-1
2021010342683,2021,010342683,1,1,9,99,99,9,9,99,99,1,9,99,9,99,9,1,6,6,1,30,6,-1,-1,-1,-1,1,E01002069,0,-1
2021501017520,2021,501017520,1,1,0,2,2,0,0,0,0,0,0,0,0,0,2,1,5,6,2,28,6,-1,-1,-1,-1,5,E01015070,0,-1
2021010315699,2021,010315699,1,1,0,99,99,9,9,0,0,0,0,0,0,0,2,1,2,2,1,22,5,-1,-1,-1,-1,9,E01001385,0,-1
2021332100950,2021,332100950,1,19,0,1,1,5,7,0,0,5,0,0,0,0,2,1,1,1,1,28,6,-1,-1,-1,-1,7,E01013686,0,-1
2021041041556,2021,041041556,1,9,0,1,1,5,7,0,0,0,0,0,0,0,2,1,5,6,1,58,9,-1,-1,-1,-1,10,E01004808,0,-1
2021320636667,2021,320636667,1,90,0,7,7,1,5,0,0,5,1,0,0,0,4,1,6,6,1,14,3,-1,-1,-1,-1,4,E01026019,0,-1
2021302100681,2021,302100681,2,2,0,18,19,2,6,0,0,4,0,0,0,0,1,1,6,6,1,16,4,-1,-1,-1,-1,4,E01019690,0,-1
2021332100464,2021,332100464,1,9,0,9,9,2,8,0,0,5,0,0,0,0,1,1,6,6,2,42,7,-1,-1,-1,-1,5,E01025763,0,-1
2021010296735,2021,010296735,2,1,0,7,7,3,5,0,0,1,0,0,1,0,2,1,6,6,1,20,4,-1,-1,-1,-1,5,E01003368,0,-1
2021010348240,2021,010348240,2,9,0,99,99,9,9,99,99,9,9,99,9,99,1,9,6,6,3,-1,-1,-1,-1,-1,-1,-1,-1,0,-1
2021161073553,2021,161073553,2,1,0,18,19,7,3,0,0,8,0,0,0,0,1,1,6,6,1,39,7,-1,-1,-1,-1,9,E01012956,0,-1
2021010334226,2021,010334226,2,1,0,18,19,3,7,0,0,8,0,0,0,0,1,1,1,1,2,30,6,-1,-1,-1,-1,2,E01002075,0,-1
2021320257307,2021,320257307,2,1,0,18,19,1,5,0,0,8,0,0,0,0,1,1,6,6,1,12,3,-1,-1,-1,-1,9,E01026160,0,-1
2021461085427,2021,461085427,1,9,0,18,19,7,4,0,0,0,0,4,0,0,1,1,5,6,1,32,6,-1,-1,-1,-1,7,E01024794,0,-1
2021421036079,2021,421036079,1,21,0,18,19,8,6,0,0,0,0,0,0,0,1,1,6,6,1,37,7,-1,-1,-1,-1,-1,-1,0,-1
2021111080629,2021,111080629,1,1,0,18,19,7,5,0,0,1,1,0,0,0,1,1,5,6,1,10,2,-1,-1,-1,-1,-1,-1,0,-1
2021061098442,2021,061098442,2,1,0,5,5,4,8,0,0,2,0,0,0,0,3,1,6,6,1,13,3,-1,-1,-1,-1,2,E01005461,0,-1
2021010294917,2021,010294917,1,1,9,99,99,9,9,99,99,9,9,99,9,99,1,1,6,6,3,-1,-1,-1,-1,-1,-1,-1,-1,0,-1
2021041050514,2021,041050514,2,9,0,18,19,5,1,0,0,1,0,0,0,0,1,1,6,6,3,-1,-1,-1,-1,-1,-1,-1,-1,0,-1
2021332100931,2021,332100931,2,9,0,18,19,1,5,0,0,8,0,0,0,0,1,1,6,6,2,37,7,-1,-1,-1,-1,8,E01025640,0,-1
2021041152550,2021,041152550,2,1,-1,-1,-1,-1,-1,-1,-1,0,-1,-1,-1,0,-1,1,6,6,1,47,8,-1,-1,-1,-1,1,E01024898,0,-1
2021522103921,2021,522103921,1,2,0,7,7,7,1,0,0,2,0,0,0,0,0,1,-1,-1,1,26,6,-1,-1,-1,-1,8,E01014442,0,-1
2021351025860,2021,351025860,1,9,0,18,19,6,5,0,0,0,1,0,1,0,1,1,5,6,1,17,4,-1,-1,-1,-1,8,E01017989,0,-1
2021610018221,2021,610018221,2,1,0,18,19,4,8,0,0,0,0,0,0,0,4,1,6,6,1,34,6,-1,-1,-1,-1,-1,-1,0,-1
2021351130362,2021,351130362,2,9,0,7,7,7,3,0,0,8,0,0,0,0,3,1,5,6,2,21,5,-1,-1,-1,-1,7,E01022097,0,-1
2021201136390,2021,201136390,2,1,0,18,19,8,4,0,0,0,0,0,0,0,1,1,6,6,2,-1,-1,-1,-1,-1,-1,-1,-1,0,-1
2021052100186,2021,052100186,1,9,0,15,15,3,7,0,0,0,0,0,0,0,4,1,6,6,3,-1,-1,-1,-1,-1,-1,-1,-1,0,-1
2021138261544,2021,138261544,2,9,0,5,5,8,4,0,0,0,0,0,0,0,1,1,6,6,3,-1,-1,-1,-1,-1,-1,-1,-1,0,-1
2021211100800,2021,211100800,2,9,0,4,4,8,8,0,0,0,0,0,0,0,3,1,1,1,1,-1,-1,-1,-1,-1,-1,-1,-1,0,-1
2021440083414,2021,440083414,2,1,0,14,14,4,8,0,0,0,0,0,0,0,3,1,6,6,1,43,7,-1,-1,-1,-1,8,E01017148,0,-1
2021101026100,2021,101026100,1,9,0,7,7,7,5,0,0,8,0,0,0,0,0,1,6,6,3,18,4,-1,-1,-1,-1,-1,-1,0,-1
2021141079497,2021,141079497,2,1,0,18,19,1,1,0,0,0,0,0,0,0,4,1,5,6,1,40,7,-1,-1,-1,-1,1,E01007902,0,-1
2021138281563,2021,138281563,1,97,0,18,19,3,7,0,0,0,0,0,0,0,1,1,6,6,1,-1,-1,-1,-1,-1,-1,-1,-1,0,-1
2021010344479,2021,010344479,1,2,0,18,19,3,7,0,0,2,1,0,0,0,1,1,2,2,1,33,6,-1,-1,-1,-1,2,E01004014,0,-1
2021332100925,2021,332100925,2,9,0,18,19,8,4,0,0,8,0,0,0,0,1,1,6,6,2,23,5,-1,-1,-1,-1,1,E01013730,0,-1
2021320577478,2021,320577478,1,9,0,18,19,4,8,0,0,0,5,0,1,0,1,1,2,2,1,54,8,-1,-1,-1,-1,3,E01026323,0,-1
2021471088456,2021,471088456,2,22,0,18,19,7,3,0,0,0,0,0,0,0,3,1,5,6,2,89,11,-1,-1,-1,-1,7,E01031488,0,-1
2021351059606,2021,351059606,2,1,-1,-1,-1,-1,-1,-1,-1,0,-1,-1,-1,0,-1,1,6,6,1,47,8,-1,-1,-1,-1,1,E01015600,0,-1
2021552200272,2021,552200272,2,1,0,18,19,7,3,0,0,8,0,0,0,0,0,1,6,6,2,81,11,-1,-1,-1,-1,4,E01020485,0,-1
2021101086391,2021,101086391,1,17,4,13,13,7,3,0,0,0,0,0,0,0,4,1,6,6,3,18,4,-1,-1,-1,-1,-1,-1,0,-1
2021010311122,2021,010311122,2,-1,0,18,19,7,3,4,4,1,0,0,0,0,1,1,6,6,2,29,6,-1,-1,-1,-1,9,E01022718,1,-1
2021451115878,2021,451115878,1,1,0,18,19,5,1,9,9,0,0,0,0,0,1,1,6,6,1,40,7,-1,-1,-1,-1,-1,-1,0,-1
2021010341376,2021,010341376,1,9,0,99,99,9,9,99,99,9,9,99,9,99,9,9,6,6,3,-1,-1,-1,-1,-1,-1,-1,-1,0,-1
2021010311502,2021,010311502,2,1,0,7,7,1,3,0,0,5,0,0,0,0,4,1,2,2,1,64,9,-1,-1,-1,-1,4,E01003216,0,-1
2021471029639,2021,471029639,1,1,0,18,19,7,3,0,0,0,0,0,0,0,1,1,5,6,1,41,7,-1,-1,-1,-1,2,E01017011,0,-1
2021522103858,2021,522103858,4,9,0,3,3,1,5,0,0,0,0,0,0,0,0,1,6,6,3,30,6,-1,-1,-1,-1,5,E01014994,0,-1
2021430521533,2021,430521533,1,9,0,10,10,5,3,0,0,1,0,0,0,0,3,1,6,6,1,-1,-1,-1,-1,-1,-1,-1,-1,0,-1
2021501130111,2021,501130111,2,19,0,18,19,7,3,0,0,4,0,0,0,0,2,1,6,6,2,48,8,-1,-1,-1,-1,2,E01018996,0,-1
2021141110524,2021,141110524,1,9,0,1,1,8,5,0,0,2,0,0,0,0,2,1,6,6,3,-1,-1,-1,-1,-1,-1,-1,-1,0,-1
2021170M10261,2021,170M10261,1,9,0,13,13,5,1,0,0,1,0,0,0,0,0,1,6,6,3,-1,-1,-1,-1,-1,-1,-1,-1,0,-1
2021061068053,2021,061068053,2,1,0,9,9,4,2,0,0,8,0,0,0,0,1,1,6,6,2,47,8,-1,-1,-1,-1,9,E01012568,0,-1
2021141113776,2021,141113776,1,9,0,13,13,1,5,0,0,0,0,0,0,0,0,1,6,6,3,-1,-1,-1,-1,-1,-1,-1,-1,0,-1
2021201114054,2021,201114054,1,9,0,18,19,7,3,0,0,3,0,0,0,0,1,1,6,6,3,-1,-1,-1,-1,-1,-1,-1,-1,0,-1
2021161047945,2021,161047945,1,1,0,18,19,3,7,2,2,2,0,0,0,0,1,1,5,6,1,19,4,-1,-1,-1,-1,1,E01012782,0,-1
2021451018195,2021,451018195,1,1,0,18,19,3,7,0,0,0,1,0,0,0,1,1,5,6,1,56,9,-1,-1,-1,-1,10,E01030899,0,-1
2021411077865,2021,411077865,2,1,0,18,19,4,8,0,0,8,0,0,0,0,3,1,6,6,1,27,6,-1,-1,-1,-1,3,E01000866,0,-1
2021131052001,2021,131052001,2,1,0,18,19,6,2,0,0,0,0,0,0,0,2,1,6,6,1,64,9,-1,-1,-1,-1,2,E01010799,0,-1
2021481066808,2021,481066808,1,-1,0,18,19,1,5,0,0,8,0,0,0,0,1,1,2,2,1,45,7,-1,-1,-1,-1,2,E01003911,1,-1
2021461053379,2021,461053379,1,1,0,18,19,1,5,0,0,0,1,0,0,0,1,1,5,6,2,52,8,-1,-1,-1,-1,4,E01024624,0,-1
2021461019522,2021,461019522,1,9,0,9,9,1,5,0,0,0,0,0,0,0,1,1,5,6,2,51,8,-1,-1,-1,-1,8,E01024055,0,-1
2021351112000,2021,351112000,1,9,0,18,19,7,4,0,0,1,0,0,0,0,1,1,5,6,1,50,8,-1,-1,-1,-1,9,E01017495,0,-1
2021010341356,2021,010341356,1,1,9,99,99,9,9,99,99,0,9,99,9,99,9,1,3,7,2,38,7,-1,-1,-1,-1,9,E01004161,0,-1
2021430431521,2021,430431521,3,9,0,17,19,5,2,0,0,1,0,0,0,0,3,1,6,6,2,27,6,-1,-1,-1,-1,10,E01017373,0,-1
2021440448165,2021,440448165,2,1,0,18,19,7,1,0,0,8,0,0,0,0,1,1,2,2,2,30,6,-1,-1,-1,-1,1,E01017037,0,-1
2021401079982,2021,401079982,1,9,0,18,19,5,1,0,0,1,0,0,0,0,1,1,1,1,1,51,8,-1,-1,-1,-1,10,E01017530,0,-1
2021070319399,2021,070319399,2,1,0,18,19,3,6,0,0,1,1,0,0,0,0,1,6,6,2,38,7,-1,-1,-1,-1,10,E01018671,0,-1
2021332101542,2021,332101542,2,8,0,18,19,5,1,0,0,0,0,0,0,0,0,1,6,6,3,-1,-1,-1,-1,-1,-1,-1,-1,0,-1
202134WNC0581,2021,34WNC0581,2,9,0,18,19,1,5,0,0,8,0,0,0,0,1,1,6,6,1,52,8,-1,-1,-1,-1,-1,-1,0,-1
2021070503252,2021,070503252,2,17,4,17,19,1,5,0,0,0,0,0,0,0,0,1,2,2,3,-1,-1,-1,-1,-1,-1,-1,-1,0,-1
2021430550201,2021,430550201,5,98,0,18,19,2,7,0,0,0,0,0,0,0,1,1,1,1,1,-1,-1,-1,-1,-1,-1,6,W01001195,0,-1
2021430342600,2021,430342600,2,1,0,18,19,6,2,0,0,0,0,0,0,0,2,1,6,6,1,15,3,-1,-1,-1,-1,8,E01017818,0,-1
2021070115727,2021,070115727,2,1,0,7,7,7,3,0,0,3,0,0,1,0,2,1,6,6,1,76,11,-1,-1,-1,-1,10,E01018653,0,-1
2021201058731,2021,201058731,2,9,0,18,19,4,8,0,0,0,0,0,0,0,0,1,6,6,3,-1,-1,-1,-1,-1,-1,-1,-1,0,-1
2021991058488,2021,991058488,1,1,0,18,19,3,7,0,0,1,0,0,0,0,1,1,1,1,1,43,7,-1,-1,-1,-1,1,-1,0,-1
2021610037621,2021,610037621,1,20,0,18,19,5,2,0,0,0,5,0,0,7,1,1,1,1,1,32,6,-1,-1,-1,-1,-1,-1,0,-1
2021010315342,2021,010315342,2,9,0,99,99,9,9,99,99,9,9,99,9,99,9,9,6,6,3,-1,-1,-1,-1,-1,-1,-1,-1,0,-1
2021010288625,2021,010288625,2,-1,0,18,19,7,3,0,0,8,0,0,0,0,1,1,6,6,1,16,4,-1,-1,-1,-1,3,E01003539,1,-1
2021231068094,2021,231068094,2,1,0,18,19,1,5,0,0,0,0,0,0,0,3,1,5,6,2,30,6,-1,-1,-1,-1,8,E01031223,0,-1
2021010338272,2021,010338272,2,1,0,18,19,7,3,0,0,8,5,0,0,0,1,1,2,2,1,23,5,-1,-1,-1,-1,8,E01001985,0,-1
2021991101969,2021,991101969,3,9,0,18,19,3,7,0,0,2,0,0,0,0,0,1,6,6,1,70,10,-1,-1,-1,-1,6,-1,0,-1
2021122100414,2021,122100414,2,9,0,18,19,1,5,0,0,8,0,0,0,0,4,1,6,6,1,47,8,-1,-1,-1,-1,6,E01013383,0,-1
2021201113038,2021,201113038,2,1,0,18,19,1,5,0,0,2,0,0,0,0,3,1,2,2,1,16,4,-1,-1,-1,-1,6,E01010035,0,-1
2021991072575,2021,991072575,2,1,0,18,19,3,7,0,0,1,1,0,0,0,4,1,6,6,1,47,8,-1,-1,-1,-1,10,-1,0,-1
2021010343306,2021,010343306,1,1,9,99,99,9,9,99,99,9,9,99,9,99,9,1,2,2,2,46,8,-1,-1,-1,-1,3,E01002738,0,-1
2021371026825,2021,371026825,2,1,0,18,19,2,1,0,0,3,0,0,0,0,1,1,6,6,1,24,5,-1,-1,-1,-1,10,E01033050,0,-1
2021361042642,2021,361042642,2,97,0,10,10,5,3,0,0,8,0,0,0,0,4,1,5,6,1,65,9,-1,-1,-1,-1,4,E01026659,0,-1
20211383M0372,2021,1383M0372,1,9,0,18,19,8,4,0,0,0,0,0,0,0,0,1,6,6,3,-1,-1,-1,-1,-1,-1,-1,-1,0,-1
2021010320890,2021,010320890,2,9,0,99,99,9,9,99,99,9,9,99,9,99,9,9,6,6,3,-1,-1,-1,-1,-1,-1,3,E01003172,0,-1
2021552100281,2021,552100281,2,9,0,18,19,7,3,0,0,8,1,0,0,0,1,1,6,6,2,48,8,-1,-1,-1,-1,7,E01020507,0,-1
2021061097063,2021,061097063,1,1,0,18,19,3,7,0,0,0,0,0,0,0,2,1,2,2,1,21,5,-1,-1,-1,-1,2,E01005221,0,-1
2021501060416,2021,501060416,1,9,0,3,3,0,0,0,0,2,0,0,0,0,0,1,1,1,1,31,6,-1,-1,-1,-1,7,E01020124,0,-1
2021430172569,2021,430172569,1,-1,0,18,19,1,5,0,0,8,0,0,0,0,1,1,6,6,2,14,3,-1,-1,-1,-1,8,E01033501,1,-1
2021161015073,2021,161015073,1,9,0,12,12,6,2,0,0,0,5,0,5,6,3,1,6,6,1,20,4,-1,-1,-1,-1,-1,-1,0,-1
2021430346263,2021,430346263,1,9,0,7,7,5,6,0,0,6,0,0,0,0,4,1,1,1,2,37,7,-1,-1,-1,-1,6,E01017808,0,-1
2021010316291,2021,010316291,1,10,0,18,19,1,5,0,0,1,0,0,0,0,1,1,6,6,1,37,7,-1,-1,-1,-1,2,E01004271,0,-1
2021041064865,2021,041064865,1,98,0,18,19,1,5,0,0,0,0,0,0,0,1,1,6,6,3,-1,-1,-1,-1,-1,-1,-1,-1,0,-1
2021052100700,2021,052100700,1,9,0,18,19,4,8,0,0,0,0,0,0,0,1,1,6,6,3,-1,-1,-1,-1,-1,-1,-1,-1,0,-1
2021010296200,2021,010296200,2,9,0,99,99,9,9,99,99,9,9,99,9,99,9,9,6,6,3,-1,-1,-1,-1,-1,-1,-1,-1,0,-1
2021332100885,2021,332100885,2,9,0,9,9,5,3,0,0,6,0,7,0,0,3,1,6,6,2,63,9,-1,-1,-1,-1,5,E01025965,0,-1
2021351063832,2021,351063832,2,9,0,18,19,4,8,0,0,0,1,0,7,0,1,1,5,6,1,21,5,-1,-1,-1,-1,7,E01018023,0,-1
2021010295027,2021,010295027,1,-1,0,5,5,3,7,0,0,8,0,0,0,0,4,1,6,6,1,22,5,-1,-1,-1,-1,2,E01003988,1,-1
2021122101520,2021,122101520,1,1,0,18,19,3,6,0,0,1,1,0,0,0,3,1,6,6,1,49,8,-1,-1,-1,-1,4,E01027710,0,-1
2021052100650,2021,052100650,1,8,0,18,19,4,1,0,0,0,0,0,0,0,1,1,1,1,3,-1,-1,-1,-1,-1,-1,-1,-1,0,-1
202160Z183986,2021,60Z183986,1,9,0,13,13,8,4,0,0,1,0,0,0,0,3,1,6,6,1,51,8,-1,-1,-1,-1,-1,-1,0,-1
2021111056622,2021,111056622,2,1,0,18,19,5,1,0,0,0,0,0,0,0,3,1,6,6,2,41,7,-1,-1,-1,-1,2,E01020647,0,-1
2021522104523,2021,522104523,2,9,0,18,19,3,7,0,0,0,0,0,0,0,1,1,6,6,1,45,7,-1,-1,-1,-1,3,E01014564,0,-1
2021522100435,2021,522100435,2,9,0,5,5,5,3,0,0,0,0,0,0,0,1,1,6,6,1,70,10,-1,-1,-1,-1,-1,-1,0,-1
2021041101868,2021,041101868,1,9,0,12,12,5,1,0,0,7,0,0,0,0,-1,1,6,6,3,-1,-1,-1,-1,-1,-1,-1,-1,0,-1
202134NNC1911,2021,34NNC1911,3,9,0,18,19,5,1,0,0,0,0,0,1,0,1,1,6,6,2,28,6,-1,-1,-1,-1,2,E01022006,0,-1
202160Z042673,2021,60Z042673,1,1,0,18,19,2,6,0,0,0,0,0,0,0,1,1,6,6,1,17,4,-1,-1,-1,-1,-1,-1,0,-1
2021411067517,2021,411067517,1,9,0,4,4,5,1,0,0,0,0,0,0,0,1,1,6,6,1,49,8,-1,-1,-1,-1,5,E01026442,0,-1
2021440149298,2021,440149298,2,9,0,18,19,6,2,0,0,0,0,0,0,0,2,1,2,2,1,30,6,-1,-1,-1,-1,6,E01023140,0,-1
2021111044480,2021,111044480,1,9,-1,4,4,1,5,0,0,0,0,12,0,0,1,1,6,6,3,30,6,-1,-1,-1,-1,-1,-1,0,-1
2021221100277,2021,221100277,1,9,0,9,9,4,2,0,0,5,0,0,0,0,1,1,5,6,2,18,4,-1,-1,-1,-1,2,E01032450,0,-1
2021332100592,2021,332100592,2,19,0,4,4,6,2,0,0,0,0,0,0,0,1,1,1,1,1,41,7,-1,-1,-1,-1,9,E01028439,0,-1
202160Z023351,2021,60Z023351,1,9,0,9,9,8,6,0,0,1,0,0,0,0,1,1,6,6,3,-1,-1,-1,-1,-1,-1,-1,-1,0,-1
2021440117219,2021,440117219,2,1,0,9,9,7,5,0,0,8,0,0,0,0,1,1,6,6,1,23,5,-1,-1,-1,-1,5,E01017126,0,-1
2021010340204,2021,010340204,1,1,9,99,99,9,9,99,99,9,9,99,9,99,1,1,2,2,1,40,7,-1,-1,-1,-1,7,E01002918,0,-1
2021122100686,2021,122100686,2,1,0,5,5,3,5,0,0,3,1,0,0,0,0,1,6,6,1,46,8,-1,-1,-1,-1,10,E01027614,0,-1
2021061100467,2021,061100467,2,1,0,18,19,8,4,4,4,6,0,0,0,0,3,1,6,6,2,15,3,-1,-1,-1,-1,1,E01005287,0,-1
2021501088250,2021,501088250,1,90,0,17,19,1,5,0,0,0,0,0,0,0,3,1,5,6,1,22,5,-1,-1,-1,-1,7,E01020085,0,-1
2021010344350,2021,010344350,2,1,0,99,99,9,9,0,0,0,0,0,0,0,1,1,6,6,1,-1,-1,-1,-1,-1,-1,-1,-1,0,-1
2021522106228,2021,522106228,1,1,0,18,19,8,4,0,0,8,0,0,0,0,4,1,6,6,1,52,8,-1,-1,-1,-1,9,E01014559,0,-1
2021010305462,2021,010305462,2,11,0,99,99,9,9,99,99,9,9,99,9,99,9,9,6,6,3,-1,-1,-1,-1,-1,-1,-1,-1,0,-1
2021131074818,2021,131074818,2,1,0,18,19,2,2,0,0,0,0,10,1,11,0,1,2,2,1,33,6,-1,-1,-1,-1,1,E01011660,0,-1
2021010319916,2021,010319916,2,1,0,18,19,7,3,0,0,1,0,0,0,0,1,1,2,2,1,55,8,-1,-1,-1,-1,9,E01003418,0,-1
2021201145731,2021,201145731,1,1,0,5,5,-1,-1,0,0,4,0,0,0,0,3,1,6,6,1,58,9,-1,-1,-1,-1,6,E01009778,0,-1
2021101112011,2021,101112011,2,9,0,18,19,7,3,0,0,8,0,0,7,0,1,1,2,2,2,56,9,-1,-1,-1,-1,4,E01008404,0,-1
2021430368945,2021,430368945,1,9,0,3,3,5,1,0,0,0,0,0,0,0,0,1,6,6,3,-1,-1,-1,-1,-1,-1,-1,-1,0,-1
2021440300589,2021,440300589,2,9,0,18,19,7,5,0,0,1,0,0,0,0,1,1,6,6,2,56,9,-1,-1,-1,-1,7,E01022710,0,-1
2021170H11221,2021,170H11221,1,1,0,18,19,3,8,0,0,8,0,0,0,0,1,1,6,6,1,15,3,-1,-1,-1,-1,10,E01012005,0,-1
2021451024304,2021,451024304,1,98,0,9,9,5,7,0,0,8,0,0,0,0,3,2,1,1,1,58,9,-1,-1,-1,-1,9,E01016641,0,-1
2021111048711,2021,111048711,1,9,0,18,19,5,1,0,0,1,0,0,0,0,1,1,6,6,3,40,7,-1,-1,-1,-1,-1,-1,0,-1
2021041091090,2021,041091090,1,9,0,18,19,3,7,0,0,0,0,0,0,0,1,1,6,6,3,-1,-1,-1,-1,-1,-1,-1,-1,0,-1
2021522102323,2021,522102323,2,20,0,7,7,8,2,0,0,6,0,0,0,0,4,1,1,1,1,-1,-1,-1,-1,-1,-1,-1,-1,0,-1
2021010335846,2021,010335846,2,9,0,99,99,9,9,99,99,9,9,99,9,99,9,9,6,6,3,-1,-1,-1,-1,-1,-1,-1,-1,0,-1
2021471077474,2021,471077474,1,9,0,7,7,4,8,0,0,8,0,0,0,0,3,1,6,6,3,-1,-1,-1,-1,-1,-1,-1,-1,0,-1
2021501056667,2021,501056667,1,9,0,4,4,3,7,0,0,0,0,0,0,0,1,1,5,6,2,56,9,-1,-1,-1,-1,4,E01019013,0,-1
2021610038721,2021,610038721,4,9,0,18,19,6,2,0,0,0,0,0,0,0,2,1,1,1,1,29,6,-1,-1,-1,-1,-1,-1,0,-1
2021451017932,2021,451017932,1,9,0,18,19,1,5,0,0,1,0,0,0,0,1,1,1,1,1,25,5,-1,-1,-1,-1,9,E01022586,0,-1
2021991025124,2021,991025124,2,1,0,18,19,3,7,0,0,0,5,11,0,0,1,1,5,6,1,19,4,-1,-1,-1,-1,7,-1,0,-1
2021440025078,2021,440025078,2,9,0,7,7,1,4,0,0,8,0,0,0,0,3,1,6,6,2,62,9,-1,-1,-1,-1,5,E01017368,0,-1
2021231078423,2021,231078423,1,21,1,12,12,7,3,0,0,0,0,0,0,0,3,1,1,1,3,34,6,-1,-1,-1,-1,-1,-1,0,-1
2021010329085,2021,010329085,2,1,0,18,19,1,5,0,0,1,0,0,0,0,3,1,6,6,1,30,6,-1,-1,-1,-1,1,E01004324,0,-1
2021471077319,2021,471077319,1,9,0,18,19,1,4,0,0,8,0,0,0,0,4,1,1,1,1,40,7,-1,-1,-1,-1,7,E01024813,0,-1
2021411073104,2021,411073104,1,9,0,16,19,7,3,0,0,0,0,0,0,0,0,1,6,6,3,-1,-1,-1,-1,-1,-1,-1,-1,0,-1
2021461052852,2021,461052852,3,9,-1,18,19,5,1,0,0,0,0,0,0,0,0,1,5,6,1,38,7,-1,-1,-1,-1,2,E01024741,0,-1
202163B051021,2021,63B051021,1,9,0,13,13,6,2,0,0,0,0,0,0,0,4,1,6,6,1,-1,-1,-1,-1,-1,-1,-1,-1,0,-1
2021061098139,2021,061098139,1,9,0,17,19,1,2,0,0,0,1,0,1,11,1,1,6,6,3,-1,-1,-1,-1,-1,-1,-1,-1,0,-1
2021010297976,2021,010297976,2,1,0,5,5,5,1,0,0,1,2,0,0,0,1,1,6,6,2,37,7,-1,-1,-1,-1,3,E01001747,0,-1
2021061025267,2021,061025267,2,98,4,18,19,2,2,0,0,0,0,0,0,0,3,1,1,1,3,30,6,-1,-1,-1,-1,5,E01006008,0,-1
2021010312167,2021,010312167,2,19,0,18,19,5,1,0,0,1,9,99,0,0,3,1,6,6,3,-1,-1,-1,-1,-1,-1,-1,-1,0,-1
2021471079132,2021,471079132,2,1,0,18,19,3,7,2,2,1,0,0,0,0,1,1,1,1,1,21,5,-1,-1,-1,-1,10,E01016982,0,-1
2021070241772,2021,070241772,1,9,0,18,19,1,5,0,0,0,0,0,0,0,4,1,6,6,3,-1,-1,-1,-1,-1,-1,-1,-1,0,-1
2021430550447,2021,430550447,1,90,0,18,19,6,2,0,0,0,0,0,0,0,1,1,6,6,3,-1,-1,-1,-1,-1,-1,-1,-1,0,-1
2021041080869,2021,041080869,1,98,0,18,19,5,1,0,0,1,0,0,0,0,1,1,1,1,1,26,6,-1,-1,-1,-1,2,E01025520,0,-1
2021411053572,2021,411053572,2,1,0,18,19,3,2,0,0,0,0,0,0,0,3,1,6,6,2,47,8,-1,-1,-1,-1,5,E01023800,0,-1
2021421102145,2021,421102145,1,1,0,18,19,8,4,9,9,0,0,0,0,0,1,1,6,6,1,18,4,-1,-1,-1,-1,-1,-1,0,-1