collision_index,collision_year,collision_ref_no,vehicle_reference,vehicle_type,towing_and_articulation,vehicle_manoeuvre_historic,vehicle_manoeuvre,vehicle_direction_from,vehicle_direction_to,vehicle_location_restricted_lane_historic,vehicle_location_restricted_lane,junction_location,skidding_and_overturning,hit_object_in_carriageway,vehicle_leaving_carriageway,hit_object_off_carriageway,first_point_of_impact,vehicle_left_hand_drive,journey_purpose_of_driver_historic,journey_purpose_of_driver,sex_of_driver,age_of_driver,age_band_of_driver,engine_capacity_cc,propulsion_code,age_of_vehicle,generic_make_model,driver_imd_decile,lsoa_of_driver,escooter_flag,driver_distance_banding
2021010342125,2021,010342125,2,1,0,18,19,7,3,0,0,8,0,0,0,0,4,1,6,6,2,40,7,-1,-1,-1,-1,-1,-1,0,-1
2021211047073,2021,211047073,2,1,0,18,19,1,6,0,0,0,0,0,0,0,4,1,6,6,1,65,9,-1,-1,-1,-1,8,E01018515,0,-1
2021520200975,2021,520200975,1,9,0,18,19,2,6,0,0,0,0,0,0,0,1,1,6,6,1,35,6,-1,-1,-1,-1,5,E01015191,0,-1
2021201029996,2021,201029996,1,9,0,4,4,8,4,0,0,2,0,0,0,0,1,1,6,6,3,-1,-1,-1,-1,-1,-1,-1,-1,0,-1
20211381G1045,2021,1381G1045,1,3,0,18,19,2,6,0,0,1,0,0,0,0,4,1,6,6,1,37,7,-1,-1,-1,-1,3,E01011222,0,-1
2021131066593,2021,131066593,2,21,1,16,19,1,5,0,0,4,0,0,0,0,4,2,1,1,1,51,8,-1,-1,-1,-1,-1,-1,0,-1
2021010312932,2021,010312932,1,1,9,99,99,9,9,99,99,9,9,99,9,99,1,1,6,6,1,31,6,-1,-1,-1,-1,6,E01001251,0,-1
2021991085993,2021,991085993,1,3,0,7,7,3,5,0,0,2,0,0,0,0,1,1,6,6,1,29,6,-1,-1,-1,-1,6,-1,0,-1
2021430328850,2021,430328850,1,1,0,18,19,2,6,0,0,0,0,0,0,0,1,1,2,2,1,17,4,-1,-1,-1,-1,7,E01016321,0,-1
2021161026390,2021,161026390,2,97,0,9,9,3,1,0,0,8,0,0,0,0,1,1,6,6,3,-1,-1,-1,-1,-1,-1,-1,-1,0,-1
2021522103194,2021,522103194,2,1,0,18,19,5,1,0,0,8,0,0,0,0,1,1,6,6,1,71,10,-1,-1,-1,-1,4,E01014495,0,-1
2021302100654,2021,302100654,1,1,0,18,19,8,4,0,0,0,0,0,0,0,3,1,6,6,1,54,8,-1,-1,-1,-1,7,E01019726,0,-1
2021610001021,2021,610001021,2,9,0,4,4,3,7,0,0,0,0,0,0,0,2,1,2,2,1,27,6,-1,-1,-1,-1,-1,-1,0,-1
2021430136530,2021,430136530,1,1,0,18,19,2,6,0,0,4,0,0,0,0,2,1,6,6,1,20,4,-1,-1,-1,-1,8,E01016418,0,-1
2021010303776,2021,010303776,1,9,0,5,5,5,1,5,5,6,0,0,0,0,1,1,6,6,3,-1,-1,-1,-1,-1,-1,-1,-1,0,-1
2021061043030,2021,061043030,2,1,0,18,19,2,6,0,0,8,0,0,0,0,1,1,6,6,1,19,4,-1,-1,-1,-1,1,E01005826,0,-1
2021351118129,2021,351118129,2,1,0,4,4,4,8,0,0,1,0,0,0,0,1,1,6,6,1,37,7,-1,-1,-1,-1,10,E01017957,0,-1
2021070053454,2021,070053454,3,9,0,18,19,3,7,0,0,0,0,0,0,0,0,1,1,1,1,49,8,-1,-1,-1,-1,9,E01018737,0,-1
2021351118875,2021,351118875,1,-1,0,18,19,4,8,0,0,0,5,0,1,0,0,1,6,6,2,50,8,-1,-1,-1,-1,6,E01017961,1,-1
2021010288822,2021,010288822,2,9,0,99,99,9,9,99,99,0,9,99,9,99,9,9,6,6,3,-1,-1,-1,-1,-1,-1,-1,-1,0,-1
2021332100004,2021,332100004,1,9,0,9,9,2,8,0,0,5,0,0,0,0,1,1,2,2,2,34,6,-1,-1,-1,-1,8,E01026365,0,-1
2021010332065,2021,010332065,2,1,0,18,19,3,7,0,0,0,0,0,0,0,2,1,6,6,2,32,6,-1,-1,-1,-1,2,E01000863,0,-1
2021201017924,2021,201017924,1,9,0,18,19,6,2,0,0,0,2,10,1,11,1,1,6,6,1,-1,-1,-1,-1,-1,-1,1,E01010485,0,-1
2021101061711,2021,101061711,2,9,0,9,9,1,7,0,0,1,0,0,0,0,3,1,6,6,2,-1,-1,-1,-1,-1,-1,1,E01008484,0,-1
2021332100914,2021,332100914,2,5,0,14,14,2,6,0,0,8,0,0,0,0,4,1,2,2,1,33,6,-1,-1,-1,-1,9,E01025915,0,-1
2021351076233,2021,351076233,2,9,0,13,13,7,3,0,0,0,0,0,0,0,4,1,6,6,3,-1,-1,-1,-1,-1,-1,-1,-1,0,-1
2021031080347,2021,031080347,2,19,0,16,19,5,1,0,0,0,0,0,0,0,0,1,6,6,3,-1,-1,-1,-1,-1,-1,-1,-1,0,-1
2021010346288,2021,010346288,2,21,1,18,19,8,4,0,0,0,0,0,0,0,3,2,1,1,1,43,7,-1,-1,-1,-1,-1,-1,0,-1
202131A066521,2021,31A066521,2,9,0,18,19,2,6,0,0,0,0,0,0,0,4,1,6,6,3,-1,-1,-1,-1,-1,-1,-1,-1,0,-1
2021061101707,2021,061101707,1,1,0,3,3,5,2,0,0,1,0,0,0,0,1,1,6,6,1,40,7,-1,-1,-1,-1,1,E01005467,0,-1
2021010307706,2021,010307706,1,2,0,18,19,1,5,0,0,0,0,0,0,0,1,1,1,1,1,33,6,-1,-1,-1,-1,5,E01033608,0,-1
2021501031894,2021,501031894,1,9,0,18,19,8,4,0,0,2,0,0,0,0,0,1,1,1,1,33,6,-1,-1,-1,-1,5,E01020088,0,-1
2021122101351,2021,122101351,1,4,0,5,5,7,3,0,0,8,0,0,0,0,1,1,6,6,1,74,10,-1,-1,-1,-1,9,E01027595,0,-1
2021211150474,2021,211150474,1,21,1,13,13,4,8,0,0,0,0,0,0,0,3,1,6,6,3,-1,-1,-1,-1,-1,-1,-1,-1,0,-1
2021161113564,2021,161113564,1,9,0,18,19,8,4,0,0,0,0,0,0,0,1,1,6,6,3,-1,-1,-1,-1,-1,-1,-1,-1,0,-1
2021201056413,2021,201056413,1,1,0,5,5,1,5,0,0,2,0,0,0,0,1,1,1,1,2,41,7,-1,-1,-1,-1,2,E01010477,0,-1
2021041096784,2021,041096784,1,9,0,18,19,5,1,0,0,1,1,0,0,0,1,1,5,6,1,39,7,-1,-1,-1,-1,4,E01012755,0,-1
2021991022325,2021,991022325,1,1,0,18,19,6,2,0,0,8,5,11,0,0,4,1,6,6,2,33,6,-1,-1,-1,-1,10,-1,0,-1
2021351058758,2021,351058758,2,1,0,5,5,3,7,4,4,4,0,0,0,0,1,1,6,6,2,26,6,-1,-1,-1,-1,5,E01017954,0,-1
2021201099991,2021,201099991,1,3,0,17,19,4,2,0,0,0,0,0,0,0,0,1,6,6,1,18,4,-1,-1,-1,-1,2,E01010420,0,-1
2021201141444,2021,201141444,2,-1,0,18,19,-1,-1,0,0,8,0,0,0,0,1,1,6,6,2,49,8,-1,-1,-1,-1,4,E01008997,1,-1
2021440350374,2021,440350374,1,9,0,18,19,5,2,0,0,1,0,0,4,1,1,1,6,6,1,19,4,-1,-1,-1,-1,6,E01022812,0,-1
2021052101066,2021,052101066,1,9,0,99,99,9,9,0,0,0,0,0,0,0,1,1,6,6,3,-1,-1,-1,-1,-1,-1,-1,-1,0,-1
2021302100405,2021,302100405,2,9,0,13,13,8,6,0,0,4,0,0,0,0,0,1,6,6,3,-1,-1,-1,-1,-1,-1,5,E01019456,0,-1
2021471055103,2021,471055103,2,22,0,18,19,1,5,9,9,0,5,0,0,0,3,1,6,6,2,89,11,-1,-1,-1,-1,8,E01031560,0,-1
2021010303132,2021,010303132,2,9,0,99,99,9,9,99,99,9,9,99,9,99,1,9,6,6,3,-1,-1,-1,-1,-1,-1,-1,-1,0,-1
2021552200225,2021,552200225,2,1,0,13,13,3,7,0,0,8,0,0,0,0,1,1,6,6,1,33,6,-1,-1,-1,-1,1,E01015282,0,-1
2021471051105,2021,471051105,4,90,0,2,2,0,0,0,0,2,0,4,0,0,3,1,6,6,3,-1,-1,-1,-1,-1,-1,-1,-1,0,-1
2021010350577,2021,010350577,2,9,0,99,99,9,9,99,99,9,9,99,9,99,1,9,6,6,3,-1,-1,-1,-1,-1,-1,-1,-1,0,-1
2021332100886,2021,332100886,1,9,0,17,19,1,6,0,0,0,0,0,7,0,4,1,6,6,1,61,9,-1,-1,-1,-1,9,E01025921,0,-1
202163C035521,2021,63C035521,1,3,0,18,19,3,7,0,0,0,1,0,0,0,0,1,1,1,1,17,4,-1,-1,-1,-1,8,W01000622,0,-1
2021010292740,2021,010292740,1,1,9,99,99,9,9,99,99,9,9,99,9,99,1,1,6,6,1,-1,-1,-1,-1,-1,-1,6,E01004724,0,-1
2021546623321,2021,546623321,1,1,0,18,19,3,7,0,0,4,0,0,0,0,1,1,6,6,2,37,7,-1,-1,-1,-1,6,E01032114,0,-1
202163A085621,2021,63A085621,1,9,0,18,19,4,8,0,0,0,0,0,0,0,1,1,6,6,3,-1,-1,-1,-1,-1,-1,-1,-1,0,-1
2021411053863,2021,411053863,1,9,0,3,3,6,2,0,0,3,0,0,0,0,1,1,6,6,3,-1,-1,-1,-1,-1,-1,-1,-1,0,-1
2021471110610,2021,471110610,1,1,0,18,19,7,3,0,0,6,5,0,0,0,3,1,2,2,2,63,9,-1,-1,-1,-1,7,E01017006,0,-1
2021991133659,2021,991133659,2,9,0,4,4,8,3,0,0,1,0,0,0,0,4,1,2,2,2,25,5,-1,-1,-1,-1,3,-1,0,-1
2021332100515,2021,332100515,1,9,0,18,19,4,8,0,0,0,0,0,0,0,1,1,6,6,3,-1,-1,-1,-1,-1,-1,-1,-1,0,-1
2021010338308,2021,010338308,1,1,0,18,19,5,1,0,0,2,0,0,0,0,1,1,6,6,1,51,8,-1,-1,-1,-1,8,E01001987,0,-1
2021991091745,2021,991091745,1,17,0,9,9,8,5,0,0,0,0,0,0,0,2,1,1,1,1,89,11,-1,-1,-1,-1,9,-1,0,-1
2021010295665,2021,010295665,2,1,0,5,5,7,3,0,0,8,0,0,0,0,1,1,1,1,1,18,4,-1,-1,-1,-1,1,E01004245,0,-1
2021351045982,2021,351045982,2,98,0,18,19,7,3,0,0,0,0,0,0,0,4,1,1,1,1,59,9,-1,-1,-1,-1,10,E01018251,0,-1
2021010316979,2021,010316979,2,1,9,99,99,9,9,99,99,9,9,99,9,99,1,1,6,6,1,35,6,-1,-1,-1,-1,6,E01002822,0,-1
2021332100408,2021,332100408,1,9,0,5,5,2,6,0,0,1,0,0,0,0,1,1,1,1,1,60,9,-1,-1,-1,-1,3,E01013715,0,-1
2021010330803,2021,010330803,1,1,9,99,99,9,9,99,99,0,9,99,9,99,1,1,6,6,1,36,7,-1,-1,-1,-1,7,E01003831,0,-1
2021061135101,2021,061135101,1,1,0,5,5,6,2,4,4,0,0,0,0,0,2,1,5,6,1,24,5,-1,-1,-1,-1,2,E01005714,0,-1
2021041025190,2021,041025190,1,1,0,18,19,7,3,0,0,1,0,0,0,0,1,1,6,6,1,13,3,-1,-1,-1,-1,9,E01012609,0,-1
2021010299232,2021,010299232,1,2,0,9,9,2,8,0,0,8,0,10,0,0,0,1,6,6,1,20,4,-1,-1,-1,-1,1,E01000601,0,-1
2021161017681,2021,161017681,2,9,0,16,19,3,6,0,0,0,0,0,0,0,3,1,6,6,3,-1,-1,-1,-1,-1,-1,-1,-1,0,-1
2021471072329,2021,471072329,2,1,0,18,19,8,5,0,0,3,0,0,0,0,4,1,6,6,1,17,4,-1,-1,-1,-1,8,E01016888,0,-1
2021451086434,2021,451086434,2,9,0,8,8,8,4,0,0,1,0,0,0,0,3,1,6,6,2,30,6,-1,-1,-1,-1,-1,-1,0,-1
202131C186821,2021,31C186821,1,-1,0,18,19,4,8,0,0,8,0,0,0,0,1,1,6,6,1,23,5,-1,-1,-1,-1,4,E01033408,1,-1
2021010311183,2021,010311183,2,2,9,99,99,9,9,99,99,9,9,99,9,99,9,1,6,6,3,-1,-1,-1,-1,-1,-1,-1,-1,0,-1
2021430565945,2021,430565945,1,9,0,18,19,8,4,0,0,1,0,0,0,0,1,1,6,6,2,31,6,-1,-1,-1,-1,-1,-1,0,-1
2021211071416,2021,211071416,3,9,0,3,3,1,5,0,0,0,0,0,0,0,2,1,6,6,2,23,5,-1,-1,-1,-1,9,E01029848,0,-1
2021522103798,2021,522103798,2,1,0,3,3,1,5,0,0,1,0,0,0,0,1,1,6,6,1,38,7,-1,-1,-1,-1,1,E01014658,0,-1
2021010315407,2021,010315407,1,1,9,99,99,9,9,99,99,9,9,99,9,99,9,1,2,2,1,57,9,-1,-1,-1,-1,6,E01023900,0,-1
2021622100162,2021,622100162,1,9,0,9,9,2,4,0,0,5,0,0,0,0,0,1,6,6,3,-1,-1,-1,-1,-1,-1,-1,-1,0,-1
2021010305699,2021,010305699,5,9,0,5,5,3,7,0,0,1,0,0,0,0,0,1,1,1,1,29,6,-1,-1,-1,-1,9,E01000773,0,-1
2021991099272,2021,991099272,2,1,0,18,19,7,3,0,0,1,0,0,0,0,1,1,6,6,2,59,9,-1,-1,-1,-1,9,-1,0,-1
2021010312496,2021,010312496,1,1,0,99,99,9,9,0,0,8,0,0,0,0,9,1,2,2,1,25,5,-1,-1,-1,-1,4,E01002641,0,-1
2021131098682,2021,131098682,2,1,0,18,19,7,3,0,0,8,0,0,0,0,1,1,6,6,1,22,5,-1,-1,-1,-1,6,E01011451,0,-1
2021552100353,2021,552100353,2,1,0,18,19,6,2,0,0,0,0,0,0,0,3,1,6,6,2,56,9,-1,-1,-1,-1,8,E01015298,0,-1
2021302100349,2021,302100349,2,1,0,18,19,6,2,0,0,0,0,0,0,0,3,1,6,6,1,53,8,-1,-1,-1,-1,8,E01007832,0,-1
2021131053134,2021,131053134,2,9,0,4,4,4,7,0,0,1,0,0,0,0,-1,1,6,6,3,-1,-1,-1,-1,-1,-1,-1,-1,0,-1
2021401122283,2021,401122283,1,98,1,18,19,1,5,0,0,0,0,0,0,0,3,1,6,6,3,-1,-1,-1,-1,-1,-1,-1,-1,0,-1
2021161018517,2021,161018517,2,19,0,10,10,7,5,0,0,1,0,0,0,0,2,1,6,6,2,38,7,-1,-1,-1,-1,6,E01027884,0,-1
2021320524232,2021,320524232,1,9,0,18,19,6,2,0,0,4,0,0,0,0,1,1,6,6,3,40,7,-1,-1,-1,-1,-1,-1,0,-1
2021111046328,2021,111046328,2,22,0,18,19,5,1,0,0,1,0,0,0,0,4,1,5,6,2,89,11,-1,-1,-1,-1,4,E01020625,0,-1
2021351150853,2021,351150853,2,9,0,2,2,0,0,0,0,0,0,0,0,0,1,1,1,1,1,31,6,-1,-1,-1,-1,5,E01018273,0,-1
202160Z134067,2021,60Z134067,1,5,0,18,19,2,6,0,0,0,5,0,0,0,0,1,6,6,1,72,10,-1,-1,-1,-1,-1,-1,0,-1
2021131056823,2021,131056823,2,1,0,18,19,5,1,0,0,4,0,0,0,0,1,1,5,6,2,11,3,-1,-1,-1,-1,1,E01011358,0,-1
2021052102265,2021,052102265,1,-1,0,18,19,5,1,0,0,0,0,0,0,0,1,1,6,6,3,-1,-1,-1,-1,-1,-1,-1,-1,1,-1
2021401128964,2021,401128964,2,9,0,18,19,6,2,0,0,1,0,0,0,0,3,1,5,6,1,22,5,-1,-1,-1,-1,2,E01015654,0,-1
2021111101074,2021,111101074,4,9,0,4,4,3,7,0,0,1,0,0,0,0,2,1,6,6,3,30,6,-1,-1,-1,-1,-1,-1,0,-1
2021522101706,2021,522101706,1,9,0,18,19,5,1,0,0,0,0,0,0,0,4,1,6,6,3,-1,-1,-1,-1,-1,-1,-1,-1,0,-1
2021471072457,2021,471072457,1,9,0,7,7,3,5,0,0,6,0,0,0,0,4,1,6,6,3,-1,-1,-1,-1,-1,-1,-1,-1,0,-1
2021332101026,2021,332101026,2,98,0,18,19,3,7,0,0,0,1,11,7,4,1,1,1,1,1,35,6,-1,-1,-1,-1,6,E01026297,0,-1
2021141097768,2021,141097768,2,-1,0,5,5,1,3,9,9,1,0,0,0,0,1,1,3,7,1,18,4,-1,-1,-1,-1,2,E01007872,1,-1
202163A012121,2021,63A012121,2,9,0,17,19,5,2,0,0,8,0,0,0,0,4,1,6,6,1,63,9,-1,-1,-1,-1,5,W01000698,0,-1
2021211086601,2021,211086601,1,9,-1,-1,-1,-1,-1,-1,-1,0,-1,-1,-1,0,-1,1,6,6,3,-1,-1,-1,-1,-1,-1,-1,-1,0,-1
2021610027321,2021,610027321,2,9,0,3,3,3,7,0,0,4,0,0,0,0,2,1,6,6,2,43,7,-1,-1,-1,-1,-1,-1,0,-1
2021201079095,2021,201079095,2,-1,0,5,5,4,8,9,9,0,0,0,0,0,1,1,6,6,1,-1,-1,-1,-1,-1,-1,-1,-1,1,-1
2021332100749,2021,332100749,1,9,0,9,9,7,5,9,9,5,0,0,0,0,1,1,6,6,1,38,7,-1,-1,-1,-1,6,E01013801,0,-1
2021010290088,2021,010290088,2,1,0,9,9,1,7,0,0,8,5,0,0,0,2,1,6,6,1,58,9,-1,-1,-1,-1,2,E01004402,0,-1
2021332100040,2021,332100040,1,19,0,9,9,2,8,0,0,2,0,0,0,0,1,1,1,1,1,55,8,-1,-1,-1,-1,9,E01025669,0,-1
2021461032273,2021,461032273,1,9,0,18,19,5,1,0,0,0,0,0,0,0,1,1,6,6,1,86,11,-1,-1,-1,-1,7,E01024067,0,-1
2021061097128,2021,061097128,2,1,0,9,9,2,8,0,0,1,0,0,0,0,1,1,5,6,1,29,6,-1,-1,-1,-1,1,E01005722,0,-1
2021101047023,2021,101047023,1,1,0,9,9,3,1,0,0,2,0,0,0,0,1,1,4,7,1,10,2,-1,-1,-1,-1,-1,-1,0,-1
2021371063190,2021,371063190,2,1,0,18,19,6,2,0,0,1,5,0,0,0,-1,1,6,6,1,-1,-1,-1,-1,-1,-1,-1,-1,0,-1
2021332100245,2021,332100245,1,19,0,4,4,7,3,0,0,1,1,0,0,0,2,1,2,2,1,29,6,-1,-1,-1,-1,3,E01010237,0,-1
2021421072405,2021,421072405,2,1,0,18,19,2,7,0,0,8,0,0,0,0,4,1,6,6,1,66,10,-1,-1,-1,-1,4,E01021670,0,-1
2021122101291,2021,122101291,1,1,0,18,19,6,2,0,0,1,0,0,0,0,0,1,6,6,1,65,9,-1,-1,-1,-1,9,E01027655,0,-1
2021141051055,2021,141051055,2,9,0,-1,-1,-1,-1,-1,-1,0,-1,-1,-1,0,-1,1,6,6,3,-1,-1,-1,-1,-1,-1,-1,-1,0,-1
2021010293430,2021,010293430,2,9,0,99,99,9,9,99,99,9,9,99,9,99,1,9,6,6,3,44,7,-1,-1,-1,-1,5,E01003131,0,-1
2021041037710,2021,041037710,2,9,0,2,2,0,0,0,0,0,0,0,0,0,2,1,6,6,3,-1,-1,-1,-1,-1,-1,-1,-1,0,-1
2021451086746,2021,451086746,2,17,0,2,2,7,3,9,9,0,0,0,0,0,3,1,1,1,1,16,4,-1,-1,-1,-1,1,E01022915,0,-1
2021061112161,2021,061112161,2,1,0,18,19,7,3,0,0,8,0,0,0,0,3,1,6,6,1,15,3,-1,-1,-1,-1,4,E01005184,0,-1
2021010341356,2021,010341356,2,9,0,99,99,9,9,99,99,0,9,99,9,99,9,9,6,6,3,-1,-1,-1,-1,-1,-1,-1,-1,0,-1
2021010345119,2021,010345119,1,9,0,7,7,4,7,9,9,5,0,0,1,0,4,1,6,6,3,-1,-1,-1,-1,-1,-1,-1,-1,0,-1
2021610029421,2021,610029421,1,9,0,18,19,8,6,0,0,0,1,0,0,4,3,1,6,6,2,35,6,-1,-1,-1,-1,-1,-1,0,-1
2021522100653,2021,522100653,2,1,0,18,19,3,7,0,0,8,0,0,0,0,1,1,6,6,1,47,8,-1,-1,-1,-1,8,E01014931,0,-1
2021440079413,2021,440079413,2,9,0,10,10,3,7,0,0,1,0,0,0,0,2,1,6,6,1,-1,-1,-1,-1,-1,-1,-1,-1,0,-1
2021141016078,2021,141016078,2,9,0,-1,-1,-1,-1,-1,-1,0,-1,-1,-1,0,-1,1,6,6,3,-1,-1,-1,-1,-1,-1,-1,-1,0,-1
2021201085169,2021,201085169,1,1,0,18,19,-1,-1,9,9,0,0,0,0,0,0,1,6,6,1,-1,-1,-1,-1,-1,-1,-1,-1,0,-1
2021010296924,2021,010296924,1,1,0,18,19,3,7,0,0,2,0,0,0,0,1,1,6,6,1,21,5,-1,-1,-1,-1,-1,-1,0,-1
2021010330035,2021,010330035,1,1,9,99,99,9,9,99,99,9,9,99,9,99,1,1,6,6,1,61,9,-1,-1,-1,-1,5,E01003134,0,-1
2021111093790,2021,111093790,1,9,0,18,19,5,7,0,0,2,0,0,0,0,1,1,6,6,3,40,7,-1,-1,-1,-1,-1,-1,0,-1
2021010298649,2021,010298649,1,9,0,18,19,2,6,0,0,0,0,0,0,0,1,1,6,6,3,-1,-1,-1,-1,-1,-1,-1,-1,0,-1
2021451024012,2021,451024012,1,1,0,18,19,5,1,0,0,8,0,0,0,0,4,1,2,2,1,18,4,-1,-1,-1,-1,10,E01030351,0,-1
2021332101523,2021,332101523,1,9,0,18,19,6,2,0,0,0,0,0,0,0,0,1,6,6,1,-1,-1,-1,-1,-1,-1,-1,-1,0,-1
2021320457652,2021,320457652,1,9,0,18,19,7,3,0,0,1,0,0,0,0,1,1,6,6,3,40,7,-1,-1,-1,-1,-1,-1,0,-1
2021501040619,2021,501040619,1,2,0,16,19,5,1,0,0,8,0,0,0,0,1,1,1,1,1,36,7,-1,-1,-1,-1,5,E01015221,0,-1
2021141065823,2021,141065823,2,98,0,13,13,4,8,0,0,0,0,0,0,0,-1,1,6,6,3,-1,-1,-1,-1,-1,-1,-1,-1,0,-1
2021430440987,2021,430440987,2,9,0,3,3,5,1,0,0,1,0,0,0,0,2,1,2,2,1,27,6,-1,-1,-1,-1,4,E01016717,0,-1
2021451105285,2021,451105285,1,1,0,18,19,5,1,0,0,0,5,0,0,0,3,1,4,7,1,15,3,-1,-1,-1,-1,5,E01030459,0,-1
2021501086864,2021,501086864,3,9,0,3,3,3,7,0,0,1,0,0,0,0,2,1,5,6,1,58,9,-1,-1,-1,-1,7,E01019045,0,-1
2021010320530,2021,010320530,2,9,0,99,99,9,9,99,99,9,9,99,9,99,9,9,6,6,3,-1,-1,-1,-1,-1,-1,-1,-1,0,-1
2021411077426,2021,411077426,2,1,0,3,3,-1,-1,0,0,0,0,0,0,0,1,1,6,6,1,31,6,-1,-1,-1,-1,7,E01023649,0,-1
2021430201830,2021,430201830,1,8,0,18,19,8,4,0,0,1,0,0,0,0,1,1,6,6,1,47,8,-1,-1,-1,-1,10,E01016246,0,-1
2021010343449,2021,010343449,1,1,9,99,99,9,9,99,99,9,9,99,9,99,2,1,6,6,2,26,6,-1,-1,-1,-1,1,E01003963,0,-1
2021010328338,2021,010328338,2,1,0,3,3,2,6,0,0,8,0,0,0,0,1,1,6,6,1,15,3,-1,-1,-1,-1,10,E01003472,0,-1
2021351048935,2021,351048935,2,98,0,3,3,1,6,0,0,1,0,0,0,0,2,1,1,1,1,58,9,-1,-1,-1,-1,8,E01033429,0,-1
2021010303843,2021,010303843,1,9,0,99,99,9,9,99,99,8,9,99,9,99,9,9,6,6,1,32,6,-1,-1,-1,-1,8,E01003460,0,-1
202160Z031885,2021,60Z031885,2,98,0,16,19,7,3,0,0,0,0,0,0,0,0,1,6,6,3,-1,-1,-1,-1,-1,-1,-1,-1,0,-1
2021010328782,2021,010328782,2,1,0,7,7,1,4,0,0,0,2,0,0,0,1,1,6,6,1,16,4,-1,-1,-1,-1,2,E01000129,0,-1
2021161110110,2021,161110110,2,8,0,18,19,3,7,0,0,0,0,0,0,0,1,1,1,1,1,-1,-1,-1,-1,-1,-1,-1,-1,0,-1
2021332101019,2021,332101019,2,2,0,18,19,1,5,0,0,8,0,0,0,0,4,1,6,6,1,16,4,-1,-1,-1,-1,6,E01025878,0,-1
2021211080288,2021,211080288,1,21,1,13,13,5,1,0,0,0,0,0,0,0,1,1,1,1,1,57,9,-1,-1,-1,-1,-1,-1,0,-1
2021010322139,2021,010322139,2,1,0,18,19,1,5,0,0,1,0,0,0,0,0,1,6,6,2,30,6,-1,-1,-1,-1,3,E01004430,0,-1
2021401067440,2021,401067440,2,1,0,18,19,3,7,0,0,1,0,0,0,0,1,1,1,1,2,16,4,-1,-1,-1,-1,9,E01017449,0,-1
2021451101256,2021,451101256,2,1,0,18,19,1,5,9,9,2,1,0,0,0,1,1,6,6,1,23,5,-1,-1,-1,-1,5,E01030494,0,-1
2021440285483,2021,440285483,2,3,0,4,4,8,4,0,0,0,0,0,0,0,0,1,6,6,1,19,4,-1,-1,-1,-1,3,E01017170,0,-1
2021610060021,2021,610060021,2,19,0,1,1,8,4,0,0,0,0,0,0,0,4,1,1,1,1,33,6,-1,-1,-1,-1,1,W01001808,0,-1
2021430391864,2021,430391864,2,9,0,18,19,4,8,0,0,0,1,0,4,6,4,1,1,1,2,34,6,-1,-1,-1,-1,5,E01016374,0,-1
2021010338543,2021,010338543,1,1,9,99,99,9,9,99,99,9,9,99,9,99,9,1,1,1,1,33,6,-1,-1,-1,-1,3,E01003769,0,-1
2021010304028,2021,010304028,2,-1,0,18,19,6,2,5,5,0,0,0,0,0,2,1,6,6,1,50,8,-1,-1,-1,-1,2,E01004321,1,-1
202160Z125562,2021,60Z125562,2,9,0,18,19,8,4,0,0,0,0,0,0,0,1,1,6,6,2,42,7,-1,-1,-1,-1,-1,-1,0,-1
2021010339562,2021,010339562,2,1,0,16,19,4,8,4,4,1,0,0,0,0,1,1,6,6,1,61,9,-1,-1,-1,-1,2,E01001878,0,-1
2021101060401,2021,101060401,2,1,0,18,19,5,1,0,0,1,0,0,0,0,2,1,5,6,1,51,8,-1,-1,-1,-1,10,E01008366,0,-1
2021320526497,2021,320526497,1,9,0,1,1,1,5,0,0,0,0,0,0,0,2,1,6,6,1,76,11,-1,-1,-1,-1,5,E01026373,0,-1
2021041061484,2021,041061484,1,9,0,18,19,1,5,0,0,0,0,0,0,0,1,1,6,6,3,-1,-1,-1,-1,-1,-1,-1,-1,0,-1
2021141124956,2021,141124956,1,9,0,-1,-1,-1,-1,-1,-1,0,-1,-1,-1,0,-1,1,6,6,3,-1,-1,-1,-1,-1,-1,-1,-1,0,-1
202131C177121,2021,31C177121,2,1,0,18,19,7,3,0,0,8,0,0,0,0,1,1,2,2,1,18,4,-1,-1,-1,-1,1,E01013820,0,-1
2021010299762,2021,010299762,4,9,0,2,2,0,0,0,0,1,0,0,0,0,3,1,6,6,3,-1,-1,-1,-1,-1,-1,-1,-1,0,-1
2021052101480,2021,052101480,1,1,0,18,19,1,5,0,0,1,0,0,0,0,3,1,6,6,1,54,8,-1,-1,-1,-1,3,E01007181,0,-1
2021461088115,2021,461088115,1,1,0,4,4,1,5,0,0,0,0,0,0,0,1,1,5,6,1,82,11,-1,-1,-1,-1,5,E01024701,0,-1
2021161092955,2021,161092955,1,1,0,18,19,8,3,0,0,6,0,0,0,0,3,1,6,6,1,14,3,-1,-1,-1,-1,9,E01013191,0,-1
2021991028730,2021,991028730,4,9,0,2,2,0,0,6,6,0,0,0,0,0,1,1,6,6,3,-1,-1,-1,-1,-1,-1,-1,-1,0,-1
2021010290275,2021,010290275,2,1,0,7,7,5,7,0,0,6,0,0,0,0,3,1,6,6,2,25,5,-1,-1,-1,-1,2,E01033327,0,-1
2021610060121,2021,610060121,5,9,0,18,19,4,8,0,0,0,0,0,0,0,1,1,6,6,1,39,7,-1,-1,-1,-1,4,W01001337,0,-1
2021231115363,2021,231115363,1,9,0,17,19,8,5,0,0,0,1,0,1,9,4,2,5,6,1,39,7,-1,-1,-1,-1,7,E01031024,0,-1
202160Z035321,2021,60Z035321,2,21,1,18,19,4,8,0,0,3,0,0,0,0,3,2,1,1,1,29,6,-1,-1,-1,-1,-1,-1,0,-1
202160Z106773,2021,60Z106773,2,3,0,17,19,5,1,0,0,0,0,0,0,0,1,1,6,6,1,28,6,-1,-1,-1,-1,-1,-1,0,-1
2021501132047,2021,501132047,2,1,0,18,19,5,7,0,0,8,0,0,0,0,1,1,6,6,1,31,6,-1,-1,-1,-1,4,E01018863,0,-1
2021610018921,2021,610018921,1,19,0,4,4,4,7,0,0,0,0,0,0,0,1,1,1,1,1,22,5,-1,-1,-1,-1,-1,-1,0,-1
2021461054251,2021,461054251,1,3,0,7,7,1,5,0,0,6,0,0,1,0,1,1,5,6,1,24,5,-1,-1,-1,-1,2,E01024294,0,-1
2021101033007,2021,101033007,1,-1,0,18,19,4,8,0,0,8,0,0,0,0,1,1,6,6,1,15,3,-1,-1,-1,-1,2,E01008698,1,-1