collision_index,collision_year,collision_ref_no,vehicle_reference,vehicle_type,towing_and_articulation,vehicle_manoeuvre_historic,vehicle_manoeuvre,vehicle_direction_from,vehicle_direction_to,vehicle_location_restricted_lane_historic,vehicle_location_restricted_lane,junction_location,skidding_and_overturning,hit_object_in_carriageway,vehicle_leaving_carriageway,hit_object_off_carriageway,first_point_of_impact,vehicle_left_hand_drive,journey_purpose_of_driver_historic,journey_purpose_of_driver,sex_of_driver,age_of_driver,age_band_of_driver,engine_capacity_cc,propulsion_code,age_of_vehicle,generic_make_model,driver_imd_decile,lsoa_of_driver,escooter_flag,driver_distance_banding
2021131073888,2021,131073888,1,9,0,16,19,5,1,0,0,2,0,0,0,0,-1,1,6,6,3,-1,-1,-1,-1,-1,-1,-1,-1,0,-1
2021332100101,2021,332100101,2,3,0,18,19,6,2,0,0,8,0,0,0,0,3,1,6,6,1,28,6,-1,-1,-1,-1,-1,-1,0,-1
202154B601421,2021,54B601421,1,9,0,1,1,7,3,0,0,8,0,0,1,2,2,1,6,6,1,81,11,-1,-1,-1,-1,7,E01032024,0,-1
2021421029695,2021,421029695,2,1,0,18,19,5,1,0,0,1,0,0,0,0,1,1,5,6,2,51,8,-1,-1,-1,-1,10,E01021455,0,-1
2021451013615,2021,451013615,1,9,0,18,19,5,1,0,0,0,0,0,5,0,4,1,2,2,2,22,5,-1,-1,-1,-1,8,E01030703,0,-1
2021111029756,2021,111029756,1,11,0,18,19,5,1,0,0,1,0,0,0,0,1,1,1,1,3,45,7,-1,-1,-1,-1,-1,-1,0,-1
2021010308577,2021,010308577,1,1,9,99,99,9,9,99,99,9,9,99,9,99,1,1,6,6,1,30,6,-1,-1,-1,-1,5,E01004463,0,-1
2021451090271,2021,451090271,2,1,0,18,19,7,3,0,0,0,0,0,7,0,1,1,5,6,1,48,8,-1,-1,-1,-1,3,E01030578,0,-1
2021010342777,2021,010342777,1,1,9,99,99,9,9,99,99,9,9,99,9,99,1,1,6,6,2,29,6,-1,-1,-1,-1,4,E01003301,0,-1
2021461102107,2021,461102107,1,21,1,5,5,7,8,0,0,4,0,0,0,0,3,1,1,1,2,41,7,-1,-1,-1,-1,-1,-1,0,-1
2021010287838,2021,010287838,2,1,0,18,19,5,1,0,0,0,0,0,0,0,1,1,1,1,1,35,6,-1,-1,-1,-1,10,E01002462,0,-1
2021010350815,2021,010350815,1,9,0,5,5,5,1,0,0,1,0,0,0,0,4,1,6,6,3,-1,-1,-1,-1,-1,-1,-1,-1,0,-1
2021471042297,2021,471042297,2,1,0,18,19,7,3,0,0,0,0,4,0,0,4,1,5,6,1,49,8,-1,-1,-1,-1,1,E01020980,0,-1
202131D112121,2021,31D112121,1,9,0,18,19,1,5,0,0,3,5,0,7,7,3,1,6,6,1,18,4,-1,-1,-1,-1,6,E01028106,0,-1
2021201114098,2021,201114098,1,9,0,9,9,1,6,0,0,6,0,0,0,0,1,1,6,6,1,-1,-1,-1,-1,-1,-1,-1,-1,0,-1
2021421029587,2021,421029587,2,9,0,9,9,8,6,0,0,1,0,0,0,0,2,1,5,6,1,38,7,-1,-1,-1,-1,3,E01003548,0,-1
2021052102302,2021,052102302,1,1,0,18,19,5,1,0,0,6,0,0,0,0,3,1,4,7,1,11,3,-1,-1,-1,-1,1,E01006732,0,-1
2021010324770,2021,010324770,2,1,9,99,99,9,9,99,99,9,9,99,9,99,1,1,6,6,1,56,9,-1,-1,-1,-1,4,E01002869,0,-1
2021371060589,2021,371060589,2,1,0,18,19,3,7,0,0,0,0,0,0,0,-1,1,6,6,2,53,8,-1,-1,-1,-1,5,E01029961,0,-1
202131C173221,2021,31C173221,2,1,0,18,19,2,6,0,0,1,0,0,0,0,3,1,6,6,1,56,9,-1,-1,-1,-1,1,E01013851,0,-1
2021440449826,2021,440449826,1,3,0,18,19,8,4,0,0,8,0,10,0,0,1,1,6,6,1,20,4,-1,-1,-1,-1,8,E01022765,0,-1
2021332100860,2021,332100860,1,9,0,14,14,1,5,0,0,0,0,0,0,0,4,1,6,6,1,20,4,-1,-1,-1,-1,3,E01013713,0,-1
2021361040527,2021,361040527,2,1,0,18,19,3,7,0,0,8,0,0,0,0,2,1,1,1,2,54,8,-1,-1,-1,-1,1,E01026704,0,-1
2021111082342,2021,111082342,1,9,0,18,19,7,2,0,0,0,0,0,0,0,1,1,6,6,3,40,7,-1,-1,-1,-1,-1,-1,0,-1
2021201110011,2021,201110011,1,-1,0,18,19,2,6,0,0,2,0,0,0,0,2,1,6,6,1,34,6,-1,-1,-1,-1,3,E01010480,1,-1
2021010330205,2021,010330205,2,1,0,16,19,7,3,0,0,2,0,0,0,0,1,1,6,6,1,25,5,-1,-1,-1,-1,7,E01003027,0,-1
2021440513894,2021,440513894,1,1,0,18,19,5,1,0,0,4,0,0,0,0,1,1,2,2,1,28,6,-1,-1,-1,-1,6,E01017271,0,-1
2021101101529,2021,101101529,1,1,0,18,19,7,3,0,0,2,0,0,0,0,1,1,6,6,1,-1,-1,-1,-1,-1,-1,1,E01008204,0,-1
2021010324835,2021,010324835,2,9,0,99,99,9,9,99,99,9,0,99,9,0,9,9,6,6,3,-1,-1,-1,-1,-1,-1,-1,-1,0,-1
2021201141731,2021,201141731,3,9,0,18,19,4,8,0,0,1,0,0,0,0,1,1,1,1,1,-1,-1,-1,-1,-1,-1,-1,-1,0,-1
2021471043669,2021,471043669,2,1,0,9,9,1,7,0,0,8,0,0,0,0,3,1,5,6,2,21,5,-1,-1,-1,-1,7,E01016897,0,-1
2021131066632,2021,131066632,1,9,0,7,7,1,3,0,0,2,0,0,0,0,-1,1,6,6,3,-1,-1,-1,-1,-1,-1,-1,-1,0,-1
2021361138957,2021,361138957,2,9,0,-1,-1,-1,-1,-1,-1,0,-1,-1,-1,0,-1,1,6,6,3,-1,-1,-1,-1,-1,-1,-1,-1,0,-1
2021201104488,2021,201104488,2,1,0,18,19,2,6,0,0,0,0,0,0,0,0,1,6,6,1,20,4,-1,-1,-1,-1,2,E01010086,0,-1
2021010327343,2021,010327343,2,9,0,99,99,9,9,99,99,9,9,99,9,99,9,9,6,6,3,-1,-1,-1,-1,-1,-1,-1,-1,0,-1
2021522105054,2021,522105054,1,-1,0,18,19,1,5,0,0,0,0,0,0,0,1,1,6,6,1,31,6,-1,-1,-1,-1,5,E01001960,1,-1
2021161018099,2021,161018099,1,9,0,16,19,5,1,0,0,8,2,10,0,0,1,1,6,6,1,28,6,-1,-1,-1,-1,1,E01012781,0,-1
2021041025207,2021,041025207,2,1,0,16,19,1,3,0,0,8,0,0,0,0,4,1,2,2,1,17,4,-1,-1,-1,-1,9,E01025569,0,-1
2021471063898,2021,471063898,2,1,0,9,9,2,8,0,0,8,0,0,0,0,2,1,6,6,2,41,7,-1,-1,-1,-1,4,E01031799,0,-1
2021332100943,2021,332100943,2,1,0,18,19,8,4,0,0,0,0,0,0,0,3,1,6,6,1,65,9,-1,-1,-1,-1,10,E01025624,0,-1
2021430022056,2021,430022056,2,9,0,18,19,3,7,0,0,8,0,0,0,0,1,1,6,6,3,-1,-1,-1,-1,-1,-1,-1,-1,0,-1
2021221081290,2021,221081290,2,1,0,18,19,7,3,0,0,1,0,0,0,0,3,1,5,6,1,11,3,-1,-1,-1,-1,6,E01014080,0,-1
2021430513816,2021,430513816,1,9,0,9,9,6,1,0,0,8,0,0,0,0,3,1,6,6,1,-1,-1,-1,-1,-1,-1,-1,-1,0,-1
2021211041598,2021,211041598,2,19,0,14,14,5,2,0,0,8,0,0,0,0,1,1,6,6,3,-1,-1,-1,-1,-1,-1,-1,-1,0,-1
2021061076632,2021,061076632,1,9,0,18,19,1,1,0,0,0,0,0,0,0,1,1,6,6,1,40,7,-1,-1,-1,-1,-1,-1,0,-1
2021430409596,2021,430409596,1,1,0,16,19,8,2,0,0,0,0,0,0,0,1,1,6,6,1,14,3,-1,-1,-1,-1,-1,-1,0,-1
202106X080102,2021,06X080102,2,9,0,18,19,5,1,0,0,0,0,0,0,0,1,1,6,6,3,30,6,-1,-1,-1,-1,-1,-1,0,-1
2021332100556,2021,332100556,1,9,0,18,19,2,6,0,0,8,0,0,0,0,1,1,6,6,2,21,5,-1,-1,-1,-1,4,E01013747,0,-1
2021010298812,2021,010298812,1,1,9,10,10,8,6,0,0,1,5,0,0,0,2,1,6,6,2,30,6,-1,-1,-1,-1,9,E01004598,0,-1
2021010328596,2021,010328596,1,1,0,18,19,5,1,0,0,8,9,0,0,0,3,1,2,2,1,57,9,-1,-1,-1,-1,3,E01003938,0,-1
2021531094294,2021,531094294,1,9,0,18,19,4,1,0,0,6,0,0,0,0,3,1,6,6,3,-1,-1,-1,-1,-1,-1,-1,-1,0,-1
2021461092484,2021,461092484,1,9,0,18,19,1,5,0,0,0,0,0,0,0,1,1,6,6,1,-1,-1,-1,-1,-1,-1,-1,-1,0,-1
2021010344933,2021,010344933,2,1,0,18,19,5,1,0,0,1,0,0,0,0,1,1,6,6,1,24,5,-1,-1,-1,-1,4,E01000608,0,-1
2021371050821,2021,371050821,1,90,0,-1,-1,-1,-1,-1,-1,0,-1,-1,-1,0,-1,1,6,6,1,-1,-1,-1,-1,-1,-1,-1,-1,0,-1
2021211089041,2021,211089041,1,8,0,7,7,8,3,0,0,6,0,0,0,0,1,1,1,1,3,-1,-1,-1,-1,-1,-1,-1,-1,0,-1
2021440344953,2021,440344953,2,1,0,9,9,5,7,0,0,8,0,0,0,0,1,1,2,2,2,61,9,-1,-1,-1,-1,3,E01017020,0,-1
2021522103634,2021,522103634,2,21,0,18,19,5,1,0,0,0,0,0,0,0,3,1,1,1,1,51,8,-1,-1,-1,-1,-1,-1,0,-1
2021371062696,2021,371062696,2,1,0,18,19,7,3,0,0,0,0,0,0,0,2,1,4,7,1,10,2,-1,-1,-1,-1,7,E01030103,0,-1
2021501067901,2021,501067901,2,9,0,7,7,1,3,0,0,8,0,0,0,0,3,1,6,6,1,50,8,-1,-1,-1,-1,5,E01018903,0,-1
2021421085158,2021,421085158,1,97,0,18,19,5,1,0,0,4,1,0,0,0,3,1,6,6,1,-1,-1,-1,-1,-1,-1,-1,-1,0,-1
2021991032809,2021,991032809,2,1,0,18,19,6,2,0,0,1,0,0,0,0,1,1,5,6,1,63,9,-1,-1,-1,-1,8,-1,0,-1
2021052101752,2021,052101752,1,8,0,18,19,5,1,0,0,0,0,0,0,0,3,1,1,1,3,-1,-1,-1,-1,-1,-1,-1,-1,0,-1
2021041097120,2021,041097120,1,9,0,18,19,5,1,0,0,1,0,0,0,0,1,1,2,2,1,42,7,-1,-1,-1,-1,3,E01024883,0,-1
2021991088642,2021,991088642,2,1,0,18,19,6,2,0,0,1,0,0,0,0,1,1,5,6,1,66,10,-1,-1,-1,-1,8,-1,0,-1
2021141107005,2021,141107005,2,1,0,18,19,4,1,0,0,2,0,0,0,0,3,1,6,6,1,45,7,-1,-1,-1,-1,1,E01007970,0,-1
2021461065176,2021,461065176,2,1,0,18,19,3,7,4,4,0,0,11,1,0,4,1,6,6,1,61,9,-1,-1,-1,-1,8,E01000653,0,-1
2021991064733,2021,991064733,2,1,0,18,19,4,8,9,9,0,0,0,0,0,1,1,6,6,1,11,3,-1,-1,-1,-1,-1,-1,0,-1
2021610007721,2021,610007721,1,9,0,16,19,5,8,0,0,1,0,0,0,0,1,1,6,6,1,38,7,-1,-1,-1,-1,-1,-1,0,-1
2021161107420,2021,161107420,2,98,0,18,19,2,7,0,0,8,0,0,0,0,1,1,1,1,1,66,10,-1,-1,-1,-1,10,E01012926,0,-1
2021546677521,2021,546677521,1,1,0,18,19,0,0,0,0,0,0,0,0,0,0,1,6,6,1,36,7,-1,-1,-1,-1,9,E01014465,0,-1
2021052100690,2021,052100690,2,1,0,18,19,6,1,0,0,4,0,0,0,0,3,1,2,2,2,46,8,-1,-1,-1,-1,6,E01006955,0,-1
202131C044721,2021,31C044721,2,1,0,18,19,8,4,5,5,8,0,0,0,0,1,1,6,6,2,13,3,-1,-1,-1,-1,2,E01033400,0,-1
2021010303180,2021,010303180,2,9,0,99,99,9,9,99,99,9,9,99,9,99,2,9,6,6,3,25,5,-1,-1,-1,-1,3,E01003164,0,-1
2021138120238,2021,138120238,1,9,0,16,19,2,4,0,0,0,1,0,2,11,1,1,6,6,2,43,7,-1,-1,-1,-1,7,E01011588,0,-1
2021101044404,2021,101044404,2,1,0,18,19,2,6,0,0,8,0,0,0,0,1,1,6,6,1,33,6,-1,-1,-1,-1,-1,-1,0,-1
2021440212669,2021,440212669,1,9,0,18,19,3,7,0,0,0,0,0,0,0,1,1,6,6,1,39,7,-1,-1,-1,-1,10,E01022647,0,-1
2021461061118,2021,461061118,2,9,4,17,19,8,5,0,0,0,0,0,0,0,2,1,6,6,1,53,8,-1,-1,-1,-1,7,E01024572,0,-1
2021211028071,2021,211028071,2,1,0,18,19,1,5,0,0,8,0,0,0,0,4,1,6,6,1,45,7,-1,-1,-1,-1,2,E01014279,0,-1
2021201144855,2021,201144855,2,1,0,18,19,4,8,0,0,8,0,0,0,0,2,1,1,1,1,34,6,-1,-1,-1,-1,3,E01009928,0,-1
2021430209053,2021,430209053,2,9,0,18,19,1,5,0,0,8,0,0,0,0,1,1,6,6,1,37,7,-1,-1,-1,-1,2,E01015741,0,-1
2021547135421,2021,547135421,3,1,0,18,19,6,2,0,0,0,0,0,0,0,2,1,6,6,1,71,10,-1,-1,-1,-1,6,E01019967,0,-1
2021440388568,2021,440388568,1,9,0,7,7,3,7,0,0,6,0,0,0,0,3,1,6,6,2,75,10,-1,-1,-1,-1,10,E01022794,0,-1
2021010321305,2021,010321305,2,1,0,15,15,1,5,0,0,1,0,0,0,0,1,1,2,2,2,25,5,-1,-1,-1,-1,6,E01004621,0,-1
2021201072534,2021,201072534,2,1,0,9,9,1,6,0,0,8,0,0,0,0,1,1,6,6,1,-1,-1,-1,-1,-1,-1,5,E01009556,0,-1
2021421128533,2021,421128533,1,9,0,18,19,8,2,0,0,4,0,0,0,0,1,1,6,6,3,-1,-1,-1,-1,-1,-1,-1,-1,0,-1
2021622100091,2021,622100091,1,9,0,18,19,8,4,0,0,4,0,0,0,0,1,1,1,1,2,52,8,-1,-1,-1,-1,1,W01001073,0,-1
2021131121204,2021,131121204,1,90,0,7,7,3,1,0,0,6,0,0,0,0,4,1,1,1,3,30,6,-1,-1,-1,-1,6,E01011885,0,-1
2021430196805,2021,430196805,1,1,0,10,10,2,3,0,0,1,0,0,0,0,2,1,2,2,1,46,8,-1,-1,-1,-1,5,E01016392,0,-1
2021010304661,2021,010304661,2,1,0,18,19,5,1,0,0,1,0,0,0,0,3,1,2,2,1,24,5,-1,-1,-1,-1,2,E01003313,0,-1
2021070647015,2021,070647015,1,9,0,18,19,5,1,0,0,0,0,0,0,0,0,1,6,6,3,-1,-1,-1,-1,-1,-1,-1,-1,0,-1
2021010304755,2021,010304755,2,3,0,18,19,5,1,0,0,2,5,0,0,0,1,1,6,6,1,33,6,-1,-1,-1,-1,3,E01001831,0,-1
2021332100817,2021,332100817,1,9,0,18,19,3,7,0,0,8,0,0,0,0,4,1,6,6,2,56,9,-1,-1,-1,-1,10,E01025813,0,-1
2021302100818,2021,302100818,2,1,0,9,9,2,8,0,0,6,0,0,0,0,3,1,6,6,1,14,3,-1,-1,-1,-1,1,E01013573,0,-1
2021451013047,2021,451013047,2,1,0,18,19,4,3,9,9,8,0,0,0,0,3,1,1,1,1,15,3,-1,-1,-1,-1,10,E01030511,0,-1
2021522104851,2021,522104851,1,1,0,18,19,6,2,4,4,8,0,0,0,0,1,1,6,6,2,30,6,-1,-1,-1,-1,7,E01014698,0,-1
2021041032653,2021,041032653,2,1,0,18,19,1,5,0,0,8,5,0,0,0,2,1,6,6,2,14,3,-1,-1,-1,-1,2,E01012746,0,-1
2021430196020,2021,430196020,1,-1,0,18,19,5,1,0,0,2,0,0,0,0,3,1,6,6,1,12,3,-1,-1,-1,-1,-1,-1,1,-1
2021010340677,2021,010340677,1,1,0,14,14,7,3,0,0,1,0,0,0,0,1,1,6,6,1,24,5,-1,-1,-1,-1,4,E01003203,0,-1
2021522105725,2021,522105725,2,19,0,18,19,3,5,0,0,6,0,0,0,0,3,1,6,6,3,40,7,-1,-1,-1,-1,-1,-1,0,-1
2021070051894,2021,070051894,2,9,0,18,19,4,8,0,0,1,0,0,1,11,1,1,6,6,1,31,6,-1,-1,-1,-1,5,E01018418,0,-1
2021531082693,2021,531082693,2,1,0,18,19,7,4,2,2,1,0,0,0,0,1,1,2,2,1,54,8,-1,-1,-1,-1,10,E01022105,0,-1
2021201099623,2021,201099623,1,9,0,18,19,1,5,0,0,0,0,0,0,0,0,1,6,6,1,-1,-1,-1,-1,-1,-1,-1,-1,0,-1
2021010339683,2021,010339683,2,1,0,18,19,7,3,0,0,1,0,0,0,0,1,1,6,6,1,19,4,-1,-1,-1,-1,3,E01000936,0,-1
202106K079377,2021,06K079377,2,9,0,2,2,5,1,0,0,0,0,0,0,0,2,1,6,6,1,55,8,-1,-1,-1,-1,1,E01004848,0,-1
2021010299046,2021,010299046,2,1,0,18,19,3,7,0,0,1,0,0,0,0,1,1,6,6,1,48,8,-1,-1,-1,-1,8,E01003455,0,-1
2021332100376,2021,332100376,1,11,0,5,5,1,5,0,0,1,0,0,0,0,4,1,1,1,1,63,9,-1,-1,-1,-1,3,E01013665,0,-1
2021170L10841,2021,170L10841,2,9,0,2,2,0,0,0,0,0,0,0,0,0,0,1,6,6,1,27,6,-1,-1,-1,-1,-1,-1,0,-1
2021552101290,2021,552101290,1,9,0,18,19,6,2,0,0,0,0,0,0,0,1,1,6,6,3,-1,-1,-1,-1,-1,-1,-1,-1,0,-1
2021440054141,2021,440054141,1,9,0,9,9,2,8,0,0,8,0,0,0,0,1,1,6,6,3,-1,-1,-1,-1,-1,-1,-1,-1,0,-1
2021221030777,2021,221030777,1,9,0,4,4,3,7,0,0,1,0,0,0,0,1,1,5,6,2,28,6,-1,-1,-1,-1,-1,-1,0,-1
2021161098982,2021,161098982,2,9,0,10,10,5,3,0,0,0,0,0,0,0,2,1,5,6,1,58,9,-1,-1,-1,-1,7,E01010897,0,-1
2021221125151,2021,221125151,1,9,0,17,19,8,5,0,0,0,5,0,1,10,1,1,5,6,1,76,11,-1,-1,-1,-1,6,E01032200,0,-1
2021430137856,2021,430137856,2,1,0,18,19,8,4,0,0,1,0,0,0,0,4,1,6,6,2,49,8,-1,-1,-1,-1,10,E01017876,0,-1
2021161113781,2021,161113781,2,1,0,18,19,7,3,4,4,0,0,0,0,0,1,1,6,6,1,55,8,-1,-1,-1,-1,1,E01013144,0,-1
2021010332565,2021,010332565,2,9,0,11,11,5,1,0,0,2,0,0,0,0,0,1,6,6,3,-1,-1,-1,-1,-1,-1,-1,-1,0,-1
2021131094021,2021,131094021,1,90,0,18,19,7,3,0,0,1,0,0,0,0,1,1,5,6,1,26,6,-1,-1,-1,-1,1,E01011364,0,-1
2021052102226,2021,052102226,1,9,0,7,7,7,1,0,0,8,0,0,0,0,1,1,6,6,3,-1,-1,-1,-1,-1,-1,-1,-1,0,-1
2021201060558,2021,201060558,1,9,0,18,19,8,4,0,0,8,0,0,0,0,1,1,6,6,1,-1,-1,-1,-1,-1,-1,-1,-1,0,-1
2021451031215,2021,451031215,2,1,0,18,19,3,7,0,0,0,2,10,0,0,3,1,6,6,1,34,6,-1,-1,-1,-1,6,E01004493,0,-1
2021010301969,2021,010301969,1,1,0,18,19,7,3,0,0,1,0,0,0,0,9,1,6,6,2,21,5,-1,-1,-1,-1,-1,-1,0,-1
2021552100974,2021,552100974,1,9,0,18,19,4,8,0,0,0,0,0,0,0,4,1,6,6,3,-1,-1,-1,-1,-1,-1,-1,-1,0,-1
2021010310223,2021,010310223,1,1,9,99,99,9,9,99,99,9,9,99,9,99,1,1,2,2,1,22,5,-1,-1,-1,-1,2,E01001557,0,-1
2021430169334,2021,430169334,2,1,0,18,19,7,3,0,0,0,0,0,0,0,1,1,6,6,1,43,7,-1,-1,-1,-1,10,E01028801,0,-1
2021221124549,2021,221124549,1,9,0,18,19,5,1,0,0,1,0,4,0,0,1,1,2,2,2,42,7,-1,-1,-1,-1,7,E01032192,0,-1
2021501049592,2021,501049592,2,9,4,18,19,5,1,0,0,8,0,0,0,0,1,1,1,1,1,24,5,-1,-1,-1,-1,8,E01020240,0,-1
2021991067409,2021,991067409,1,1,0,18,19,1,5,0,0,0,0,10,0,0,1,1,6,6,1,57,9,-1,-1,-1,-1,-1,-1,0,-1
2021010324153,2021,010324153,2,9,0,99,99,9,9,99,99,9,9,99,9,99,1,9,6,6,3,-1,-1,-1,-1,-1,-1,-1,-1,0,-1
2021501096593,2021,501096593,1,1,0,18,19,8,4,0,0,8,0,0,0,0,1,1,5,6,1,68,10,-1,-1,-1,-1,6,E01019011,0,-1
2021010299163,2021,010299163,2,9,0,99,99,9,9,99,99,9,9,99,9,99,1,9,6,6,3,-1,-1,-1,-1,-1,-1,-1,-1,0,-1
202163A096521,2021,63A096521,1,9,0,18,19,7,3,0,0,0,5,0,7,1,3,1,6,6,1,18,4,-1,-1,-1,-1,6,W01000671,0,-1
2021111131009,2021,111131009,1,1,0,18,19,1,5,0,0,8,0,0,0,0,1,1,6,6,1,11,3,-1,-1,-1,-1,2,E01012357,0,-1
2021430139878,2021,430139878,1,1,0,18,19,8,4,0,0,8,0,0,0,0,1,1,6,6,1,39,7,-1,-1,-1,-1,5,E01017844,0,-1
2021440392078,2021,440392078,2,5,0,18,19,4,8,0,0,1,0,0,0,0,1,1,6,6,1,52,8,-1,-1,-1,-1,5,E01032883,0,-1
202163C023721,2021,63C023721,1,19,0,12,12,6,2,0,0,0,0,0,0,0,1,1,6,6,1,50,8,-1,-1,-1,-1,1,W01000601,0,-1
2021010329033,2021,010329033,2,1,0,18,19,3,7,0,0,1,0,0,0,0,0,1,6,6,1,36,7,-1,-1,-1,-1,1,E01033605,0,-1
2021332101517,2021,332101517,1,9,0,18,19,5,1,0,0,1,0,0,0,0,0,1,6,6,1,33,6,-1,-1,-1,-1,-1,-1,0,-1
202160Z036587,2021,60Z036587,2,21,0,18,19,7,3,0,0,7,0,0,0,0,3,1,6,6,3,-1,-1,-1,-1,-1,-1,-1,-1,0,-1
202134WNC3181,2021,34WNC3181,1,9,0,9,9,5,1,0,0,8,0,0,0,0,1,1,6,6,2,37,7,-1,-1,-1,-1,9,E01027263,0,-1
2021010343064,2021,010343064,1,9,0,18,19,7,3,0,0,2,0,0,0,0,1,1,6,6,3,-1,-1,-1,-1,-1,-1,-1,-1,0,-1
202163A045821,2021,63A045821,1,9,0,7,7,8,2,0,0,5,0,0,0,0,1,1,6,6,3,-1,-1,-1,-1,-1,-1,-1,-1,0,-1
2021070703902,2021,070703902,1,1,0,18,19,2,6,0,0,8,1,0,0,0,2,1,6,6,1,15,3,-1,-1,-1,-1,2,E01018716,0,-1
2021010312373,2021,010312373,1,1,9,99,99,9,9,99,99,0,9,99,9,99,9,1,6,6,1,-1,-1,-1,-1,-1,-1,3,E01003109,0,-1
2021010305544,2021,010305544,1,1,9,99,99,9,9,9,9,1,9,99,9,99,9,1,6,6,3,-1,-1,-1,-1,-1,-1,6,E01002525,0,-1
2021552101101,2021,552101101,1,9,0,9,9,8,6,0,0,6,0,0,0,0,1,1,1,1,1,35,6,-1,-1,-1,-1,2,E01015341,0,-1
2021201073884,2021,201073884,1,9,0,18,19,4,8,0,0,1,0,0,0,0,2,1,6,6,3,-1,-1,-1,-1,-1,-1,-1,-1,0,-1
2021010319737,2021,010319737,1,1,0,13,13,6,2,0,0,1,0,0,0,0,3,1,6,6,2,27,6,-1,-1,-1,-1,4,E01004580,0,-1
2021131062234,2021,131062234,1,97,0,-1,-1,5,1,-1,-1,0,0,0,0,0,-1,1,6,6,3,-1,-1,-1,-1,-1,-1,-1,-1,0,-1
202160Z126375,2021,60Z126375,1,9,0,17,19,7,3,0,0,8,0,0,0,0,3,1,6,6,2,66,10,-1,-1,-1,-1,-1,-1,0,-1
2021041016432,2021,041016432,4,9,0,2,2,0,0,0,0,2,0,0,0,0,2,1,6,6,3,-1,-1,-1,-1,-1,-1,-1,-1,0,-1
202163C005221,2021,63C005221,2,9,0,18,19,8,4,0,0,8,0,0,1,10,1,1,1,1,1,32,6,-1,-1,-1,-1,5,W01000593,0,-1
2021440460552,2021,440460552,2,1,0,18,19,7,3,0,0,8,0,0,0,0,4,1,6,6,1,61,9,-1,-1,-1,-1,3,E01022738,0,-1
2021421036051,2021,421036051,1,9,0,18,19,6,2,0,0,0,0,0,0,0,1,1,6,6,1,53,8,-1,-1,-1,-1,2,E01000040,0,-1
2021610009821,2021,610009821,1,9,0,14,14,5,1,0,0,1,0,0,0,0,4,1,2,2,2,-1,-1,-1,-1,-1,-1,-1,-1,0,-1
2021052101851,2021,052101851,2,1,0,18,19,5,1,0,0,1,0,0,0,0,1,1,6,6,1,51,8,-1,-1,-1,-1,1,E01007008,0,-1
2021522102330,2021,522102330,1,90,0,18,19,4,8,0,0,2,0,0,0,0,1,1,6,6,1,18,4,-1,-1,-1,-1,3,E01014499,0,-1
2021131052466,2021,131052466,1,9,0,1,1,-1,-1,0,0,8,0,0,0,0,-1,1,6,6,3,-1,-1,-1,-1,-1,-1,-1,-1,0,-1
2021991034872,2021,991034872,1,90,0,18,19,2,5,0,0,0,5,0,0,0,1,1,6,6,1,38,7,-1,-1,-1,-1,-1,-1,0,-1
2021201074038,2021,201074038,2,9,0,18,19,8,4,0,0,1,0,0,0,0,0,1,6,6,3,-1,-1,-1,-1,-1,-1,-1,-1,0,-1
2021052101459,2021,052101459,1,9,0,18,19,4,8,0,0,0,0,0,0,0,1,1,6,6,3,-1,-1,-1,-1,-1,-1,-1,-1,0,-1
202134NNC2571,2021,34NNC2571,1,19,0,12,12,7,3,0,0,0,0,0,0,0,3,1,1,1,1,42,7,-1,-1,-1,-1,8,E01027101,0,-1
2021010314432,2021,010314432,2,98,4,18,19,7,3,0,0,2,0,0,0,0,3,1,6,6,1,57,9,-1,-1,-1,-1,4,E01016453,0,-1
2021430173465,2021,430173465,2,9,0,3,3,8,4,0,0,0,0,0,4,6,2,1,6,6,1,52,8,-1,-1,-1,-1,7,E01029966,0,-1
2021141040660,2021,141040660,2,1,0,5,5,1,1,0,0,0,0,0,0,0,3,1,6,6,2,41,7,-1,-1,-1,-1,10,E01007939,0,-1
2021622100779,2021,622100779,2,1,0,18,19,8,4,0,0,1,0,0,0,0,1,1,6,6,1,6,2,-1,-1,-1,-1,2,W01001217,0,-1
2021430026321,2021,430026321,2,1,0,18,19,1,5,0,0,8,0,0,0,0,4,1,6,6,2,25,5,-1,-1,-1,-1,9,E01032950,0,-1
2021501118913,2021,501118913,1,1,0,18,19,3,7,0,0,0,2,11,0,0,1,1,1,1,1,58,9,-1,-1,-1,-1,3,E01015150,0,-1
202160Z021982,2021,60Z021982,2,9,0,8,8,1,3,0,0,1,0,0,0,0,2,1,1,1,2,31,6,-1,-1,-1,-1,-1,-1,0,-1
2021351125669,2021,351125669,1,9,0,18,19,5,1,0,0,1,0,0,0,0,1,1,6,6,1,-1,-1,-1,-1,-1,-1,-1,-1,0,-1
2021041044793,2021,041044793,1,9,0,18,19,6,2,0,0,1,0,0,0,0,1,1,6,6,3,-1,-1,-1,-1,-1,-1,-1,-1,0,-1
2021131049822,2021,131049822,1,9,0,-1,-1,-1,-1,0,0,6,0,0,0,0,-1,1,6,6,3,-1,-1,-1,-1,-1,-1,-1,-1,0,-1
2021332100079,2021,332100079,2,1,0,18,19,3,7,0,0,8,0,0,0,0,4,1,2,2,1,46,8,-1,-1,-1,-1,3,E01013779,0,-1
2021332100496,2021,332100496,2,3,0,14,14,6,2,0,0,7,0,0,0,0,1,1,2,2,1,62,9,-1,-1,-1,-1,8,E01025743,0,-1
2021111101074,2021,111101074,3,9,0,4,4,3,7,0,0,1,0,0,0,0,2,1,6,6,3,30,6,-1,-1,-1,-1,-1,-1,0,-1
2021332100938,2021,332100938,1,9,0,16,19,8,4,0,0,0,0,0,0,0,1,1,6,6,1,93,11,-1,-1,-1,-1,4,E01025827,0,-1
2021010300147,2021,010300147,1,1,9,99,99,9,9,99,99,9,9,99,9,99,1,1,6,6,1,31,6,-1,-1,-1,-1,1,E01004257,0,-1
2021070405522,2021,070405522,2,1,0,5,5,7,3,0,0,4,0,0,0,0,1,1,6,6,1,75,10,-1,-1,-1,-1,7,E01012527,0,-1
2021430289665,2021,430289665,1,9,0,9,9,6,2,0,0,2,0,0,0,0,2,1,1,1,1,40,7,-1,-1,-1,-1,3,E01015503,0,-1
2021131110672,2021,131110672,2,1,0,7,7,1,6,0,0,3,0,0,0,0,2,1,6,6,1,29,6,-1,-1,-1,-1,4,E01011033,0,-1