collision_index,collision_year,collision_ref_no,vehicle_reference,vehicle_type,towing_and_articulation,vehicle_manoeuvre_historic,vehicle_manoeuvre,vehicle_direction_from,vehicle_direction_to,vehicle_location_restricted_lane_historic,vehicle_location_restricted_lane,junction_location,skidding_and_overturning,hit_object_in_carriageway,vehicle_leaving_carriageway,hit_object_off_carriageway,first_point_of_impact,vehicle_left_hand_drive,journey_purpose_of_driver_historic,journey_purpose_of_driver,sex_of_driver,age_of_driver,age_band_of_driver,engine_capacity_cc,propulsion_code,age_of_vehicle,generic_make_model,driver_imd_decile,lsoa_of_driver,escooter_flag,driver_distance_banding
2021131061091,2021,131061091,2,9,0,4,4,2,6,0,0,8,0,0,0,0,2,1,2,2,1,59,9,-1,-1,-1,-1,1,E01011294,0,-1
2021522104653,2021,522104653,2,1,0,18,19,1,5,0,0,1,0,0,0,0,4,1,6,6,1,31,6,-1,-1,-1,-1,7,E01014696,0,-1
2021010321664,2021,010321664,2,90,0,18,19,3,7,0,0,2,0,0,0,0,1,1,1,1,1,32,6,-1,-1,-1,-1,4,E01003666,0,-1
2021010321797,2021,010321797,2,19,0,99,99,9,9,99,99,9,9,99,9,99,2,9,6,6,3,-1,-1,-1,-1,-1,-1,6,E01003954,0,-1
2021061145530,2021,061145530,2,98,0,18,19,1,5,0,0,1,0,0,0,0,1,1,6,6,3,-1,-1,-1,-1,-1,-1,-1,-1,0,-1
2021461031929,2021,461031929,1,9,0,18,19,3,7,0,0,0,0,0,0,0,1,1,6,6,2,-1,-1,-1,-1,-1,-1,-1,-1,0,-1
2021361029457,2021,361029457,1,1,0,18,19,3,7,0,0,0,0,0,0,0,1,1,6,6,1,-1,-1,-1,-1,-1,-1,-1,-1,0,-1
2021302100875,2021,302100875,1,9,0,18,19,6,2,0,0,3,0,0,0,0,3,1,6,6,1,49,8,-1,-1,-1,-1,3,E01013470,0,-1
2021302100275,2021,302100275,1,21,0,18,19,6,4,0,0,0,0,0,0,0,4,1,6,6,3,-1,-1,-1,-1,-1,-1,5,E01019456,0,-1
2021010339250,2021,010339250,2,1,0,18,19,3,7,0,0,1,0,0,0,0,1,1,6,6,1,25,5,-1,-1,-1,-1,4,E01000113,0,-1
2021501067876,2021,501067876,2,19,0,4,4,7,3,0,0,0,0,0,0,0,2,1,6,6,1,34,6,-1,-1,-1,-1,6,E01018826,0,-1
2021101095658,2021,101095658,1,9,0,18,19,1,5,0,0,0,0,0,0,0,1,1,6,6,2,41,7,-1,-1,-1,-1,-1,-1,0,-1
2021201115672,2021,201115672,3,-1,0,18,19,1,5,0,0,1,0,0,0,0,1,1,6,6,1,40,7,-1,-1,-1,-1,2,E01010073,1,-1
2021010348066,2021,010348066,1,1,0,18,19,5,1,0,0,1,0,0,0,0,3,1,6,6,1,61,9,-1,-1,-1,-1,4,E01002899,0,-1
2021522101751,2021,522101751,2,1,0,18,19,6,2,0,0,1,0,0,0,0,1,1,6,6,1,65,9,-1,-1,-1,-1,8,E01014740,0,-1
2021430416070,2021,430416070,2,1,0,18,19,4,7,0,0,1,0,0,0,0,4,1,6,6,1,25,5,-1,-1,-1,-1,4,E01028809,0,-1
2021170S21691,2021,170S21691,2,9,0,18,19,8,4,0,0,1,0,0,0,0,1,1,6,6,1,33,6,-1,-1,-1,-1,-1,-1,0,-1
2021122101345,2021,122101345,2,1,0,18,19,2,6,0,0,0,0,0,0,0,2,1,6,6,1,17,4,-1,-1,-1,-1,6,E01027780,0,-1
2021440507563,2021,440507563,2,3,0,9,9,8,6,0,0,8,0,0,0,0,1,1,6,6,3,-1,-1,-1,-1,-1,-1,-1,-1,0,-1
2021332100151,2021,332100151,3,21,0,18,19,2,6,0,0,1,0,0,0,0,1,1,1,1,1,49,8,-1,-1,-1,-1,6,E01025740,0,-1
2021101038568,2021,101038568,2,1,0,18,19,5,1,0,0,0,0,0,0,0,2,1,5,6,1,57,9,-1,-1,-1,-1,9,E01008863,0,-1
202163D104821,2021,63D104821,2,9,0,3,3,6,2,0,0,0,0,0,0,0,2,1,6,6,1,28,6,-1,-1,-1,-1,-1,-1,0,-1
2021461064070,2021,461064070,1,9,0,4,4,5,1,0,0,1,1,0,0,0,1,1,2,2,1,32,6,-1,-1,-1,-1,8,E01016179,0,-1
2021052100385,2021,052100385,2,1,0,9,9,2,6,0,0,8,0,0,0,0,1,1,1,1,2,27,6,-1,-1,-1,-1,-1,-1,0,-1
2021010331441,2021,010331441,2,1,0,18,19,1,5,0,0,1,5,0,0,0,3,1,6,6,1,41,7,-1,-1,-1,-1,6,E01000576,0,-1
2021010303598,2021,010303598,2,-1,0,18,19,3,7,0,0,1,0,0,0,0,2,1,6,6,1,41,7,-1,-1,-1,-1,2,E01002793,1,-1
2021430089906,2021,430089906,1,22,0,18,19,5,1,0,0,0,0,0,0,0,1,1,6,6,1,38,7,-1,-1,-1,-1,6,E01016332,0,-1
2021010343086,2021,010343086,1,9,0,18,19,1,5,0,0,8,0,0,0,0,1,1,6,6,1,19,4,-1,-1,-1,-1,5,E01021494,0,-1
2021430261740,2021,430261740,1,9,0,18,19,4,8,0,0,4,0,0,0,0,1,1,6,6,2,28,6,-1,-1,-1,-1,10,E01023093,0,-1
2021010293124,2021,010293124,2,19,0,99,99,9,9,99,99,0,9,99,9,99,9,9,6,6,3,-1,-1,-1,-1,-1,-1,-1,-1,0,-1
202160Z133842,2021,60Z133842,1,9,0,18,19,3,7,0,0,4,0,0,3,1,1,1,6,6,1,51,8,-1,-1,-1,-1,-1,-1,0,-1
2021481146139,2021,481146139,1,8,0,18,19,1,5,0,0,0,0,0,0,0,1,1,6,6,3,-1,-1,-1,-1,-1,-1,-1,-1,0,-1
2021430110783,2021,430110783,2,9,0,13,13,4,8,0,0,0,0,0,0,0,0,1,6,6,3,-1,-1,-1,-1,-1,-1,-1,-1,0,-1
2021010306850,2021,010306850,2,19,9,99,99,9,9,0,0,1,9,99,9,0,1,9,6,6,3,-1,-1,-1,-1,-1,-1,-1,-1,0,-1
2021010295731,2021,010295731,2,9,0,99,99,9,9,99,99,9,9,99,9,99,2,9,6,6,3,-1,-1,-1,-1,-1,-1,4,E01001480,0,-1
2021101105298,2021,101105298,1,9,0,18,19,8,4,0,0,8,0,0,0,0,1,1,6,6,3,50,8,-1,-1,-1,-1,-1,-1,0,-1
2021430467602,2021,430467602,2,9,0,18,19,8,4,0,0,4,0,0,0,0,4,1,6,6,2,-1,-1,-1,-1,-1,-1,10,E01016659,0,-1
2021010321818,2021,010321818,1,1,9,99,99,9,9,99,99,9,9,99,9,99,9,1,6,6,1,37,7,-1,-1,-1,-1,2,E01001849,0,-1
2021010316490,2021,010316490,1,1,9,99,99,9,9,99,99,9,9,99,9,99,1,1,2,2,1,33,6,-1,-1,-1,-1,1,E01004272,0,-1
2021010341494,2021,010341494,1,1,9,99,99,9,9,99,99,9,9,99,9,99,2,1,2,2,2,22,5,-1,-1,-1,-1,3,E01004031,0,-1
2021010333495,2021,010333495,1,1,0,9,9,1,7,0,0,2,0,0,0,0,4,1,1,1,1,20,4,-1,-1,-1,-1,4,E01000611,0,-1
2021411108313,2021,411108313,1,9,0,3,3,-1,-1,0,0,0,0,0,0,0,3,1,6,6,1,-1,-1,-1,-1,-1,-1,-1,-1,0,-1
2021061126966,2021,061126966,2,9,0,2,2,1,5,0,0,0,0,0,0,0,2,1,5,6,1,36,7,-1,-1,-1,-1,-1,-1,0,-1
2021201025468,2021,201025468,2,1,0,7,7,-1,-1,0,0,3,0,0,0,0,3,1,1,1,1,44,7,-1,-1,-1,-1,2,E01009266,0,-1
2021622100736,2021,622100736,2,1,0,18,19,4,8,0,0,8,0,0,0,0,3,1,6,6,1,14,3,-1,-1,-1,-1,2,W01000936,0,-1
2021101018554,2021,101018554,2,9,0,4,4,6,6,0,0,4,0,0,0,0,2,1,6,6,1,25,5,-1,-1,-1,-1,10,E01032647,0,-1
2021010289471,2021,010289471,2,9,9,18,19,7,3,0,0,8,9,0,0,0,3,9,6,6,3,-1,-1,-1,-1,-1,-1,-1,-1,0,-1
2021010307845,2021,010307845,3,9,0,4,4,7,3,0,0,1,0,0,0,0,1,1,6,6,1,56,9,-1,-1,-1,-1,4,E01003666,0,-1
2021010295624,2021,010295624,2,1,0,18,19,5,1,0,0,1,0,4,0,0,4,1,6,6,1,67,10,-1,-1,-1,-1,8,E01001891,0,-1
2021070062519,2021,070062519,2,19,0,2,2,0,0,0,0,0,0,0,0,0,2,1,6,6,1,61,9,-1,-1,-1,-1,5,E01018444,0,-1
2021010334548,2021,010334548,2,-1,0,9,9,4,1,0,0,8,0,0,0,0,2,1,6,6,2,18,4,-1,-1,-1,-1,3,E01001668,1,-1
2021131052348,2021,131052348,1,9,0,14,14,5,1,0,0,0,0,0,0,0,-1,1,6,6,3,-1,-1,-1,-1,-1,-1,-1,-1,0,-1
2021549588821,2021,549588821,1,1,0,18,19,4,8,0,0,2,0,0,0,0,1,1,6,6,1,42,7,-1,-1,-1,-1,6,E01015478,0,-1
2021131093548,2021,131093548,2,90,0,18,19,5,5,0,0,4,0,0,0,0,1,1,1,1,1,45,7,-1,-1,-1,-1,1,E01032557,0,-1
2021010289390,2021,010289390,2,1,0,18,19,6,2,0,0,0,0,0,1,0,1,1,6,6,1,18,4,-1,-1,-1,-1,6,E01001678,0,-1
2021440443122,2021,440443122,2,9,0,4,4,8,4,0,0,1,0,0,0,0,1,1,6,6,1,-1,-1,-1,-1,-1,-1,-1,-1,0,-1
2021010291936,2021,010291936,1,1,9,99,99,9,9,99,99,9,9,99,9,99,0,1,6,6,1,33,6,-1,-1,-1,-1,6,E01001268,0,-1
2021010340421,2021,010340421,1,1,9,99,99,9,9,99,99,9,9,99,9,99,1,1,2,2,1,40,7,-1,-1,-1,-1,4,E01004016,0,-1
2021401080401,2021,401080401,2,1,0,9,9,7,3,0,0,0,0,0,0,0,2,1,6,6,1,81,11,-1,-1,-1,-1,3,E01015785,0,-1
2021201114499,2021,201114499,1,9,0,18,19,8,4,0,0,3,0,0,0,0,0,1,6,6,3,30,6,-1,-1,-1,-1,-1,-1,0,-1
2021010327475,2021,010327475,2,3,0,15,15,1,5,0,0,1,0,0,0,0,1,1,6,6,2,35,6,-1,-1,-1,-1,3,E01000638,0,-1
202160Z173562,2021,60Z173562,1,9,0,18,19,4,8,0,0,0,1,0,1,11,4,1,2,2,2,40,7,-1,-1,-1,-1,-1,-1,0,-1
2021010288558,2021,010288558,1,8,0,99,99,9,9,99,99,0,9,99,9,99,9,9,6,6,3,-1,-1,-1,-1,-1,-1,-1,-1,0,-1
2021361078785,2021,361078785,5,9,0,18,19,1,5,0,0,1,0,0,0,0,2,1,5,6,1,27,6,-1,-1,-1,-1,6,E01026534,0,-1
2021161068660,2021,161068660,2,1,0,18,19,5,1,0,0,1,0,0,0,0,3,1,6,6,1,19,4,-1,-1,-1,-1,1,E01033110,0,-1
2021991116733,2021,991116733,1,9,0,18,19,7,3,0,0,8,2,0,7,0,1,2,5,6,1,61,9,-1,-1,-1,-1,-1,-1,0,-1
2021221103810,2021,221103810,5,9,0,18,19,6,2,0,0,1,0,0,0,0,1,1,6,6,1,53,8,-1,-1,-1,-1,-1,-1,0,-1
2021201077608,2021,201077608,2,1,0,18,19,2,6,0,0,0,0,0,0,0,3,1,6,6,1,11,3,-1,-1,-1,-1,1,E01033645,0,-1
202163C017521,2021,63C017521,3,9,0,4,4,2,6,0,0,0,0,0,0,0,0,1,6,6,2,23,5,-1,-1,-1,-1,4,W01000591,0,-1
2021010292728,2021,010292728,2,9,0,6,6,4,4,0,0,2,0,0,0,0,1,1,6,6,3,-1,-1,-1,-1,-1,-1,-1,-1,0,-1
2021010335156,2021,010335156,1,1,9,99,99,9,9,99,99,9,9,99,9,99,1,1,6,6,1,44,7,-1,-1,-1,-1,9,E01002025,0,-1
2021430175674,2021,430175674,1,1,0,18,19,2,6,0,0,0,0,0,0,0,3,1,6,6,1,37,7,-1,-1,-1,-1,9,E01033514,0,-1
2021320460747,2021,320460747,1,9,0,18,19,4,8,0,0,0,0,0,0,0,4,1,6,6,3,40,7,-1,-1,-1,-1,-1,-1,0,-1
2021522105061,2021,522105061,2,1,0,18,19,3,7,5,5,8,0,0,0,0,3,1,6,6,1,16,4,-1,-1,-1,-1,2,E01014810,0,-1
2021010343213,2021,010343213,1,3,0,13,13,5,1,0,0,1,0,0,0,0,3,1,6,6,3,-1,-1,-1,-1,-1,-1,-1,-1,0,-1
2021161094373,2021,161094373,2,1,0,18,19,4,8,4,4,0,0,0,0,0,1,1,5,6,1,38,7,-1,-1,-1,-1,10,E01013043,0,-1
2021141065845,2021,141065845,2,1,0,5,5,5,1,0,0,0,0,0,0,0,2,1,6,6,1,45,7,-1,-1,-1,-1,3,E01032550,0,-1
2021170S11261,2021,170S11261,2,9,0,18,19,4,8,0,0,0,0,0,0,0,1,1,6,6,1,40,7,-1,-1,-1,-1,2,E01020908,0,-1
2021430522880,2021,430522880,2,9,0,2,2,0,0,0,0,0,0,0,0,0,2,1,6,6,3,-1,-1,-1,-1,-1,-1,-1,-1,0,-1
2021461053525,2021,461053525,1,1,0,14,14,2,6,0,0,0,0,0,0,0,1,1,6,6,1,68,10,-1,-1,-1,-1,9,E01024753,0,-1
2021010330613,2021,010330613,2,1,0,18,19,3,7,0,0,2,0,0,0,0,1,1,6,6,1,18,4,-1,-1,-1,-1,5,E01000855,0,-1
2021061095558,2021,061095558,2,9,0,7,7,4,7,0,0,1,0,0,0,0,1,1,6,6,3,30,6,-1,-1,-1,-1,-1,-1,0,-1
2021101061585,2021,101061585,2,1,0,18,19,1,5,0,0,4,0,0,0,0,1,1,5,6,1,60,9,-1,-1,-1,-1,1,E01008389,0,-1
2021522106292,2021,522106292,2,1,0,18,19,8,4,0,0,8,0,0,0,0,4,1,6,6,1,31,6,-1,-1,-1,-1,6,E01014677,0,-1
2021552100906,2021,552100906,2,1,0,18,19,1,5,0,0,0,0,0,1,9,0,1,6,6,1,32,6,-1,-1,-1,-1,7,E01015457,0,-1
2021141105323,2021,141105323,2,1,0,18,19,5,1,0,0,0,0,0,0,0,2,1,6,6,1,18,4,-1,-1,-1,-1,4,E01007513,0,-1
2021522101025,2021,522101025,2,1,0,18,19,2,6,0,0,8,0,0,0,0,1,1,6,6,1,58,9,-1,-1,-1,-1,10,E01014798,0,-1
2021332100970,2021,332100970,2,9,0,18,19,5,1,0,0,0,0,0,0,0,2,1,6,6,1,39,7,-1,-1,-1,-1,1,E01013761,0,-1
2021991055308,2021,991055308,1,1,0,16,19,4,7,0,0,0,0,0,0,0,0,1,6,6,1,52,8,-1,-1,-1,-1,10,-1,0,-1
202160Z006794,2021,60Z006794,1,9,0,18,19,4,8,0,0,8,0,0,0,0,1,1,6,6,2,80,11,-1,-1,-1,-1,-1,-1,0,-1
2021531101770,2021,531101770,1,1,0,18,19,5,1,0,0,2,0,0,0,0,1,1,6,6,1,22,5,-1,-1,-1,-1,2,E01022324,0,-1
2021332100961,2021,332100961,3,9,0,18,19,5,1,0,0,1,0,0,0,0,1,1,6,6,2,24,5,-1,-1,-1,-1,8,E01025775,0,-1
2021070505713,2021,070505713,2,19,0,4,4,5,1,0,0,0,0,0,0,0,0,1,1,1,1,61,9,-1,-1,-1,-1,9,E01007195,0,-1
2021552100395,2021,552100395,2,1,0,18,19,3,6,0,0,8,0,0,0,0,2,1,6,6,2,32,6,-1,-1,-1,-1,4,E01015276,0,-1
2021010346369,2021,010346369,2,21,1,5,5,7,3,0,0,0,0,0,0,0,1,2,1,1,1,51,8,-1,-1,-1,-1,4,E01016013,0,-1
2021010311365,2021,010311365,1,1,9,99,99,9,9,99,99,9,9,99,9,99,9,1,2,2,2,25,5,-1,-1,-1,-1,1,E01004670,0,-1
2021010338296,2021,010338296,7,9,0,4,4,5,1,0,0,0,0,0,0,0,1,1,6,6,3,-1,-1,-1,-1,-1,-1,-1,-1,0,-1
2021010322557,2021,010322557,2,11,0,5,5,5,1,2,2,1,0,0,0,0,1,1,1,1,1,53,8,-1,-1,-1,-1,7,E01002223,0,-1
2021371058929,2021,371058929,1,21,1,12,12,2,6,0,0,0,0,0,0,0,3,1,1,1,1,36,7,-1,-1,-1,-1,-1,-1,0,-1
2021440231092,2021,440231092,1,9,0,3,3,5,1,0,0,1,0,0,0,0,2,1,2,2,2,26,6,-1,-1,-1,-1,5,E01032883,0,-1
2021010310361,2021,010310361,2,9,0,18,19,5,1,0,0,0,0,0,0,0,0,1,6,6,1,-1,-1,-1,-1,-1,-1,-1,-1,0,-1
2021221124500,2021,221124500,2,1,0,18,19,2,6,0,0,8,0,0,0,0,1,1,6,6,2,58,9,-1,-1,-1,-1,4,E01029615,0,-1
2021440338041,2021,440338041,1,-1,0,18,19,3,7,0,0,6,0,0,0,0,3,1,6,6,2,14,3,-1,-1,-1,-1,2,E01017108,1,-1
2021221096816,2021,221096816,3,9,0,18,19,5,1,0,0,0,0,0,0,0,1,1,5,6,2,54,8,-1,-1,-1,-1,5,E01014008,0,-1
2021471029596,2021,471029596,1,9,0,18,19,7,3,0,0,1,0,0,0,0,4,1,1,1,2,40,7,-1,-1,-1,-1,6,E01021046,0,-1
2021201046888,2021,201046888,2,19,0,18,19,5,1,0,0,1,0,0,0,0,1,1,2,2,1,38,7,-1,-1,-1,-1,4,E01009770,0,-1
2021010297408,2021,010297408,2,1,0,18,19,7,3,5,5,1,0,0,0,0,4,1,4,7,1,12,3,-1,-1,-1,-1,4,E01000518,0,-1
2021461115058,2021,461115058,1,9,0,18,19,7,3,0,0,0,0,0,0,0,1,1,5,6,3,-1,-1,-1,-1,-1,-1,-1,-1,0,-1
2021461025808,2021,461025808,3,9,0,18,19,1,5,0,0,0,0,0,0,0,2,1,6,6,1,42,7,-1,-1,-1,-1,8,E01024113,0,-1
20211383F0375,2021,1383F0375,2,1,0,18,19,1,5,0,0,8,0,0,0,0,1,1,6,6,2,47,8,-1,-1,-1,-1,3,E01032606,0,-1
2021041082095,2021,041082095,1,16,0,18,19,1,5,0,0,0,1,7,7,1,1,1,5,6,2,37,7,-1,-1,-1,-1,2,E01025124,0,-1
202163B001121,2021,63B001121,1,9,0,16,19,6,1,0,0,1,0,0,0,0,1,1,6,6,1,51,8,-1,-1,-1,-1,-1,-1,0,-1
2021520106258,2021,520106258,2,1,0,2,2,0,0,0,0,0,0,0,0,0,3,1,6,6,1,54,8,-1,-1,-1,-1,8,E01029204,0,-1
2021501086302,2021,501086302,2,21,1,18,19,1,5,0,0,0,0,0,0,0,2,1,1,1,1,26,6,-1,-1,-1,-1,5,E01020088,0,-1
2021461079729,2021,461079729,1,21,1,9,9,5,1,0,0,0,0,0,0,0,3,1,1,1,1,40,7,-1,-1,-1,-1,-1,-1,0,-1
2021471103855,2021,471103855,2,1,0,18,19,3,7,0,0,1,0,0,0,0,3,1,6,6,2,34,6,-1,-1,-1,-1,9,E01017005,0,-1
2021461032829,2021,461032829,3,9,0,2,2,0,0,0,0,0,0,0,0,0,1,1,6,6,3,-1,-1,-1,-1,-1,-1,-1,-1,0,-1
2021522105059,2021,522105059,1,1,0,18,19,7,3,0,0,1,0,0,0,0,1,1,6,6,1,30,6,-1,-1,-1,-1,-1,-1,0,-1
2021471121773,2021,471121773,2,1,0,18,19,6,2,0,0,1,0,0,0,0,3,1,6,6,1,57,9,-1,-1,-1,-1,8,E01021106,0,-1
2021010335909,2021,010335909,2,98,0,99,99,9,9,99,99,9,9,99,9,99,9,9,6,6,3,-1,-1,-1,-1,-1,-1,-1,-1,0,-1
2021201035512,2021,201035512,2,1,0,18,19,4,8,0,0,0,0,0,0,0,1,1,6,6,1,15,3,-1,-1,-1,-1,1,E01009323,0,-1
2021430082851,2021,430082851,1,1,0,18,19,5,1,0,0,0,0,0,0,0,2,1,6,6,1,17,4,-1,-1,-1,-1,8,E01028630,0,-1
2021010343234,2021,010343234,1,-1,0,18,19,4,8,9,9,0,0,0,0,0,1,1,6,6,1,-1,-1,-1,-1,-1,-1,-1,-1,1,-1
2021471087224,2021,471087224,3,9,0,18,19,4,7,0,0,4,0,0,0,0,-1,1,6,6,3,-1,-1,-1,-1,-1,-1,-1,-1,0,-1
2021070628036,2021,070628036,3,1,0,18,19,3,7,4,4,1,0,0,0,0,4,1,4,7,1,16,4,-1,-1,-1,-1,10,E01018490,0,-1
2021010319983,2021,010319983,2,1,0,18,19,5,1,4,4,8,5,0,0,0,1,1,2,2,2,33,6,-1,-1,-1,-1,5,E01003951,0,-1
2021546687921,2021,546687921,2,1,0,18,19,2,6,0,0,8,0,0,0,0,4,1,6,6,1,53,8,-1,-1,-1,-1,8,E01015536,0,-1
2021320579359,2021,320579359,2,1,0,18,19,1,5,0,0,1,5,0,0,0,3,1,6,6,1,29,6,-1,-1,-1,-1,-1,-1,0,-1
2021010354398,2021,010354398,1,1,9,99,99,9,9,99,99,9,9,99,9,99,1,1,6,6,1,19,4,-1,-1,-1,-1,3,E01000185,0,-1
2021351016130,2021,351016130,1,9,0,17,19,2,6,0,0,0,1,10,1,0,1,1,6,6,1,42,7,-1,-1,-1,-1,4,E01026280,0,-1
2021320154451,2021,320154451,1,21,0,18,19,7,3,0,0,0,0,0,0,0,0,1,6,6,3,40,7,-1,-1,-1,-1,-1,-1,0,-1
2021131105283,2021,131105283,1,9,0,-1,-1,-1,-1,-1,-1,-1,-1,-1,-1,-1,-1,1,6,6,3,-1,-1,-1,-1,-1,-1,-1,-1,0,-1
2021471124368,2021,471124368,1,1,0,18,19,3,7,0,0,2,0,0,0,0,1,1,1,1,1,-1,-1,-1,-1,-1,-1,-1,-1,0,-1
2021351137178,2021,351137178,3,21,1,18,19,5,1,0,0,0,5,1,1,0,1,1,1,1,1,44,7,-1,-1,-1,-1,-1,-1,0,-1
2021010321500,2021,010321500,1,1,9,99,99,9,9,99,99,0,9,99,9,99,9,1,2,2,2,24,5,-1,-1,-1,-1,2,E01002002,0,-1
2021430161494,2021,430161494,2,9,0,18,19,2,6,0,0,1,0,0,0,0,1,1,6,6,1,-1,-1,-1,-1,-1,-1,-1,-1,0,-1
2021440104107,2021,440104107,2,-1,0,18,19,5,1,0,0,0,0,0,0,0,1,1,6,6,2,54,8,-1,-1,-1,-1,9,E01023152,1,-1
2021161065050,2021,161065050,1,9,0,1,1,5,1,9,9,0,0,0,0,0,2,1,6,6,3,-1,-1,-1,-1,-1,-1,-1,-1,0,-1
2021010315054,2021,010315054,2,19,0,99,99,9,9,99,99,9,9,99,9,99,1,9,6,6,3,-1,-1,-1,-1,-1,-1,-1,-1,0,-1
2021461080112,2021,461080112,1,1,0,18,19,6,2,0,0,1,0,0,1,0,0,1,6,6,2,42,7,-1,-1,-1,-1,8,E01033210,0,-1
2021471073851,2021,471073851,2,1,0,18,19,3,7,0,0,1,0,0,0,0,0,1,6,6,2,37,7,-1,-1,-1,-1,7,E01016997,0,-1
2021010294141,2021,010294141,1,1,9,99,99,9,9,99,99,9,9,99,9,99,9,1,6,6,1,27,6,-1,-1,-1,-1,2,E01033707,0,-1
2021520106204,2021,520106204,2,20,0,18,19,5,1,0,0,8,0,0,0,0,3,1,1,1,3,-1,-1,-1,-1,-1,-1,-1,-1,0,-1
202131A024021,2021,31A024021,1,1,0,18,19,5,1,0,0,0,0,0,0,0,1,1,4,7,1,12,3,-1,-1,-1,-1,4,E01027957,0,-1
2021320343352,2021,320343352,2,1,0,2,2,0,0,9,9,1,0,0,0,0,2,1,6,6,2,61,9,-1,-1,-1,-1,9,E01032683,0,-1
2021070867992,2021,070867992,1,9,0,8,8,5,3,0,0,6,0,0,0,0,1,1,6,6,3,-1,-1,-1,-1,-1,-1,-1,-1,0,-1
2021052100483,2021,052100483,2,1,0,18,19,7,3,0,0,2,0,0,0,0,4,1,1,1,1,32,6,-1,-1,-1,-1,3,E01006722,0,-1
2021010293454,2021,010293454,1,1,9,99,99,9,9,99,99,9,9,99,9,99,2,1,2,2,1,17,4,-1,-1,-1,-1,4,E01003344,0,-1
20211383M1193,2021,1383M1193,2,9,0,2,2,0,0,0,0,0,0,0,0,0,3,1,6,6,3,-1,-1,-1,-1,-1,-1,-1,-1,0,-1
2021201071374,2021,201071374,2,1,0,18,19,6,2,0,0,0,0,0,0,0,3,1,6,6,1,44,7,-1,-1,-1,-1,1,E01008882,0,-1
2021471013650,2021,471013650,2,1,0,18,19,4,8,0,0,8,0,0,0,0,1,1,5,6,1,35,6,-1,-1,-1,-1,8,E01016956,0,-1
202131B129821,2021,31B129821,2,1,0,18,19,6,2,0,0,8,0,0,0,0,1,1,6,6,1,48,8,-1,-1,-1,-1,7,E01028323,0,-1
2021010338716,2021,010338716,2,11,0,99,99,9,9,99,99,9,9,99,9,99,9,9,6,6,3,-1,-1,-1,-1,-1,-1,-1,-1,0,-1
2021010342764,2021,010342764,2,1,0,18,19,7,3,0,0,1,0,0,0,0,1,1,6,6,1,18,4,-1,-1,-1,-1,3,E01002532,0,-1
2021332100151,2021,332100151,1,9,0,14,14,6,2,0,0,8,5,0,7,9,1,1,6,6,1,22,5,-1,-1,-1,-1,6,E01025788,0,-1
2021122101101,2021,122101101,1,5,0,4,4,1,5,0,0,0,0,0,0,0,0,1,6,6,1,70,10,-1,-1,-1,-1,9,E01027556,0,-1
2021010348371,2021,010348371,1,9,9,99,99,9,9,99,99,9,9,99,9,99,9,1,6,6,3,-1,-1,-1,-1,-1,-1,-1,-1,0,-1
2021522105167,2021,522105167,2,9,0,18,19,6,1,0,0,7,0,0,0,0,1,1,6,6,3,-1,-1,-1,-1,-1,-1,-1,-1,0,-1
2021201139353,2021,201139353,2,1,0,18,19,6,2,0,0,2,0,0,0,0,2,1,6,6,1,-1,-1,-1,-1,-1,-1,-1,-1,0,-1
2021211153184,2021,211153184,1,9,0,8,8,3,6,0,0,0,0,0,0,0,1,1,6,6,2,-1,-1,-1,-1,-1,-1,-1,-1,0,-1
2021461029281,2021,461029281,1,9,0,18,19,7,3,0,0,1,0,0,0,0,4,1,6,6,2,-1,-1,-1,-1,-1,-1,-1,-1,0,-1
2021070034226,2021,070034226,1,1,0,18,19,8,4,0,0,0,0,0,0,0,1,1,6,6,1,55,8,-1,-1,-1,-1,10,E01018475,0,-1
2021041034924,2021,041034924,3,98,0,18,19,1,5,0,0,1,0,0,0,0,1,1,5,6,1,37,7,-1,-1,-1,-1,4,E01025054,0,-1
2021061116010,2021,061116010,2,1,0,18,19,5,8,0,0,8,0,0,0,0,3,1,5,6,1,53,8,-1,-1,-1,-1,-1,-1,0,-1
2021010350285,2021,010350285,2,9,0,99,99,9,9,99,99,9,9,99,9,99,1,9,6,6,3,-1,-1,-1,-1,-1,-1,-1,-1,0,-1
2021451103180,2021,451103180,4,9,0,18,19,3,7,0,0,0,0,0,0,0,2,1,1,1,1,56,9,-1,-1,-1,-1,9,E01030685,0,-1
2021141106532,2021,141106532,1,97,0,18,19,7,3,0,0,0,1,0,0,0,1,1,6,6,3,18,4,-1,-1,-1,-1,-1,-1,0,-1
2021421107103,2021,421107103,1,1,0,5,5,1,5,0,0,0,0,0,0,0,3,1,6,6,1,45,7,-1,-1,-1,-1,-1,-1,0,-1
2021211032085,2021,211032085,2,1,0,17,19,4,1,0,0,8,0,0,0,0,1,1,1,1,2,27,6,-1,-1,-1,-1,9,E01029690,0,-1
2021401019992,2021,401019992,1,9,0,3,3,-1,-1,0,0,0,0,0,0,0,1,1,6,6,3,-1,-1,-1,-1,-1,-1,-1,-1,0,-1
2021010291507,2021,010291507,2,9,0,99,99,9,9,99,99,9,9,99,9,99,3,9,6,6,3,27,6,-1,-1,-1,-1,2,E01000033,0,-1
2021010321359,2021,010321359,1,9,0,99,99,9,9,99,99,9,9,99,9,99,2,9,6,6,2,45,7,-1,-1,-1,-1,3,E01001468,0,-1
2021221073598,2021,221073598,1,8,0,5,5,4,8,0,0,0,0,0,0,0,1,1,1,1,3,34,6,-1,-1,-1,-1,-1,-1,0,-1
2021552100096,2021,552100096,2,9,0,13,13,8,4,0,0,0,0,0,7,0,3,1,1,1,1,58,9,-1,-1,-1,-1,1,E01020569,0,-1
2021332100778,2021,332100778,1,9,0,3,3,8,4,0,0,0,0,0,0,0,2,1,6,6,2,57,9,-1,-1,-1,-1,3,E01025753,0,-1
2021010287471,2021,010287471,1,-1,9,99,99,9,9,99,99,9,9,99,9,99,9,1,6,6,1,19,4,-1,-1,-1,-1,4,E01001002,1,-1
2021070153728,2021,070153728,2,9,0,18,19,1,5,0,0,1,0,0,0,0,1,1,1,1,1,52,8,-1,-1,-1,-1,5,E01018733,0,-1
20211381F0585,2021,1381F0585,1,9,0,18,19,2,6,0,0,0,1,0,0,0,1,1,6,6,1,-1,-1,-1,-1,-1,-1,-1,-1,0,-1