collision_index,collision_year,collision_ref_no,vehicle_reference,vehicle_type,towing_and_articulation,vehicle_manoeuvre_historic,vehicle_manoeuvre,vehicle_direction_from,vehicle_direction_to,vehicle_location_restricted_lane_historic,vehicle_location_restricted_lane,junction_location,skidding_and_overturning,hit_object_in_carriageway,vehicle_leaving_carriageway,hit_object_off_carriageway,first_point_of_impact,vehicle_left_hand_drive,journey_purpose_of_driver_historic,journey_purpose_of_driver,sex_of_driver,age_of_driver,age_band_of_driver,engine_capacity_cc,propulsion_code,age_of_vehicle,generic_make_model,driver_imd_decile,lsoa_of_driver,escooter_flag,driver_distance_banding
2021501063398,2021,501063398,1,9,0,18,19,1,5,0,0,0,0,0,0,0,1,1,5,6,3,-1,-1,-1,-1,-1,-1,-1,-1,0,-1
202160Z113699,2021,60Z113699,1,5,0,18,19,7,3,0,0,4,0,0,0,0,1,1,6,6,2,57,9,-1,-1,-1,-1,-1,-1,0,-1
2021061128677,2021,061128677,1,98,0,18,19,3,7,0,0,1,0,0,0,0,1,1,6,6,3,30,6,-1,-1,-1,-1,-1,-1,0,-1
2021010333082,2021,010333082,2,1,0,14,14,3,7,0,0,0,0,0,0,0,1,1,6,6,2,26,6,-1,-1,-1,-1,7,E01004510,0,-1
2021041085798,2021,041085798,2,1,0,18,19,3,5,0,0,8,0,0,0,0,4,1,5,6,1,63,9,-1,-1,-1,-1,1,E01025112,0,-1
2021201061080,2021,201061080,1,9,0,18,19,4,8,0,0,1,0,0,0,0,1,1,1,1,3,-1,-1,-1,-1,-1,-1,-1,-1,0,-1
2021991032756,2021,991032756,2,1,0,18,19,2,6,0,0,0,0,0,0,0,1,1,1,1,1,23,5,-1,-1,-1,-1,1,-1,0,-1
2021302102034,2021,302102034,2,9,0,14,14,1,5,0,0,0,0,0,0,0,4,1,6,6,3,-1,-1,-1,-1,-1,-1,5,E01019456,0,-1
2021052100395,2021,052100395,1,9,0,18,19,7,3,0,0,1,0,0,0,0,0,1,6,6,1,-1,-1,-1,-1,-1,-1,-1,-1,0,-1
2021170S41211,2021,170S41211,2,1,0,15,15,8,5,0,0,0,0,0,0,0,1,1,6,6,1,63,9,-1,-1,-1,-1,1,E01012284,0,-1
202131C135721,2021,31C135721,4,9,0,2,2,0,0,0,0,2,0,0,0,0,1,1,6,6,3,-1,-1,-1,-1,-1,-1,-1,-1,0,-1
202160Z086060,2021,60Z086060,2,9,0,18,19,7,3,0,0,8,0,0,0,0,1,1,6,6,1,22,5,-1,-1,-1,-1,-1,-1,0,-1
2021471118269,2021,471118269,2,1,0,18,19,8,4,0,0,8,0,0,0,0,3,1,4,7,1,17,4,-1,-1,-1,-1,4,E01020957,0,-1
202131C005221,2021,31C005221,2,1,0,18,19,5,1,0,0,8,0,0,0,0,4,1,2,2,2,54,8,-1,-1,-1,-1,5,E01013840,0,-1
2021401119149,2021,401119149,2,9,0,3,3,7,3,0,0,1,0,0,0,0,2,1,2,2,2,43,7,-1,-1,-1,-1,4,E01017521,0,-1
2021010334227,2021,010334227,1,9,0,13,13,7,3,0,0,8,0,0,0,0,4,1,6,6,3,-1,-1,-1,-1,-1,-1,-1,-1,0,-1
2021101045045,2021,101045045,1,1,0,18,19,5,1,0,0,8,0,0,0,0,1,1,5,6,1,15,3,-1,-1,-1,-1,-1,-1,0,-1
202160Z117567,2021,60Z117567,3,9,0,2,2,0,0,0,0,0,0,0,0,0,3,1,6,6,3,-1,-1,-1,-1,-1,-1,-1,-1,0,-1
202131P004921,2021,31P004921,1,9,0,18,19,5,1,0,0,0,1,0,4,6,1,1,6,6,1,62,9,-1,-1,-1,-1,2,E01002566,0,-1
2021501021828,2021,501021828,2,9,0,9,9,5,3,0,0,1,0,0,0,0,4,1,6,6,1,31,6,-1,-1,-1,-1,4,E01015258,0,-1
202160Z002561,2021,60Z002561,1,9,0,18,19,1,5,0,0,0,0,4,0,0,1,1,6,6,2,94,11,-1,-1,-1,-1,-1,-1,0,-1
2021141117251,2021,141117251,2,9,0,18,19,6,2,0,0,8,0,0,0,0,1,1,6,6,2,29,6,-1,-1,-1,-1,7,E01007589,0,-1
2021461104275,2021,461104275,1,9,0,9,9,2,6,0,0,4,0,0,0,0,1,1,5,6,1,33,6,-1,-1,-1,-1,2,E01024294,0,-1
2021201135539,2021,201135539,1,9,0,4,4,4,8,0,0,0,0,0,0,0,1,1,6,6,1,26,6,-1,-1,-1,-1,2,E01009981,0,-1
2021361083646,2021,361083646,2,1,0,18,19,5,5,0,0,1,5,0,0,0,0,1,6,6,2,18,4,-1,-1,-1,-1,3,E01026853,0,-1
2021471115634,2021,471115634,1,9,0,18,19,5,1,9,9,1,0,0,1,0,1,1,5,6,2,40,7,-1,-1,-1,-1,4,E01031806,0,-1
2021010328726,2021,010328726,2,9,9,99,99,9,9,99,99,9,9,99,9,99,2,9,6,6,3,-1,-1,-1,-1,-1,-1,-1,-1,0,-1
2021421048796,2021,421048796,1,21,0,15,15,1,5,0,0,0,0,0,0,0,3,1,6,6,3,-1,-1,-1,-1,-1,-1,-1,-1,0,-1
2021411103497,2021,411103497,2,3,0,18,19,2,6,0,0,1,0,0,0,0,4,1,6,6,1,20,4,-1,-1,-1,-1,2,E01015794,0,-1
2021501095739,2021,501095739,1,1,0,18,19,2,6,0,0,0,0,0,1,10,1,1,6,6,1,54,8,-1,-1,-1,-1,3,E01020048,0,-1
2021010318137,2021,010318137,1,1,9,99,99,9,9,99,99,9,9,99,9,99,9,1,2,2,1,24,5,-1,-1,-1,-1,4,E01002970,0,-1
2021501090973,2021,501090973,2,1,0,18,19,2,6,0,0,1,0,0,0,0,1,1,6,6,1,67,10,-1,-1,-1,-1,6,E01015102,0,-1
2021070799965,2021,070799965,1,9,0,13,13,8,4,0,0,0,0,0,0,0,0,1,6,6,3,-1,-1,-1,-1,-1,-1,-1,-1,0,-1
202160Z144584,2021,60Z144584,2,9,0,4,4,8,4,0,0,1,0,0,0,0,2,1,1,1,2,44,7,-1,-1,-1,-1,-1,-1,0,-1
202131D095521,2021,31D095521,1,22,0,18,19,2,6,9,9,0,5,0,0,0,3,1,6,6,1,69,10,-1,-1,-1,-1,10,E01028400,0,-1
2021332100326,2021,332100326,1,9,0,18,19,5,1,0,0,8,0,0,0,0,1,1,6,6,1,20,4,-1,-1,-1,-1,6,E01013759,0,-1
2021052101333,2021,052101333,1,9,0,18,19,8,4,0,0,1,0,0,0,0,1,1,6,6,3,-1,-1,-1,-1,-1,-1,-1,-1,0,-1
2021141079355,2021,141079355,2,1,0,18,19,6,8,0,0,8,0,0,0,0,2,1,6,6,1,46,8,-1,-1,-1,-1,4,E01007693,0,-1
2021451013062,2021,451013062,2,1,0,18,19,6,2,0,0,8,1,0,0,0,1,1,5,6,2,34,6,-1,-1,-1,-1,10,E01030341,0,-1
2021052101442,2021,052101442,2,9,0,9,9,3,7,0,0,8,0,0,0,0,2,1,1,1,1,47,8,-1,-1,-1,-1,3,E01006831,0,-1
2021332100449,2021,332100449,2,9,0,18,19,5,1,0,0,8,0,0,3,0,1,1,6,6,2,74,10,-1,-1,-1,-1,10,E01025902,0,-1
2021052100032,2021,052100032,1,1,0,18,19,2,6,0,0,1,0,0,0,0,1,1,6,6,1,70,10,-1,-1,-1,-1,10,E01007199,0,-1
2021070871139,2021,070871139,2,1,0,18,19,5,1,0,0,0,0,0,0,0,1,1,6,6,1,-1,-1,-1,-1,-1,-1,-1,-1,0,-1
2021411022190,2021,411022190,1,9,0,18,19,7,5,0,0,0,0,0,0,0,1,1,1,1,1,41,7,-1,-1,-1,-1,6,E01023369,0,-1
2021461120649,2021,461120649,1,21,0,17,19,5,2,0,0,0,0,0,0,0,1,1,1,1,1,52,8,-1,-1,-1,-1,-1,-1,0,-1
2021010323183,2021,010323183,2,1,0,18,19,1,5,0,0,0,0,0,0,0,0,1,6,6,1,13,3,-1,-1,-1,-1,5,E01000070,0,-1
2021622100630,2021,622100630,2,1,0,18,19,4,8,0,0,8,0,0,0,0,2,1,6,6,1,66,10,-1,-1,-1,-1,6,W01000918,0,-1
2021161096830,2021,161096830,2,19,0,18,19,7,3,0,0,0,0,7,0,0,2,1,5,6,1,50,8,-1,-1,-1,-1,10,E01012972,0,-1
2021010340510,2021,010340510,2,1,0,9,9,5,3,0,0,1,0,0,0,0,1,1,6,6,1,59,9,-1,-1,-1,-1,4,E01023861,0,-1
2021010300411,2021,010300411,2,1,0,9,9,5,3,0,0,5,0,0,0,0,1,1,6,6,1,27,6,-1,-1,-1,-1,3,E01002721,0,-1
2021141091232,2021,141091232,1,9,0,-1,-1,-1,-1,-1,-1,0,-1,-1,-1,0,-1,1,6,6,1,-1,-1,-1,-1,-1,-1,-1,-1,0,-1
202131C085821,2021,31C085821,2,9,0,10,10,3,7,0,0,1,0,0,0,0,2,1,6,6,1,54,8,-1,-1,-1,-1,1,E01013821,0,-1
2021010308623,2021,010308623,2,1,0,18,19,5,1,0,0,8,0,0,1,0,1,1,2,2,1,18,4,-1,-1,-1,-1,3,E01003631,0,-1
2021351062770,2021,351062770,2,4,0,18,19,3,7,0,0,1,2,0,0,0,1,1,5,6,1,34,6,-1,-1,-1,-1,6,E01015671,0,-1
2021332100078,2021,332100078,1,9,0,9,9,8,6,0,0,6,0,0,0,0,4,1,1,1,1,53,8,-1,-1,-1,-1,2,E01013667,0,-1
2021010320459,2021,010320459,1,1,9,99,99,9,9,99,99,9,9,99,9,99,0,1,2,2,2,39,7,-1,-1,-1,-1,2,E01003197,0,-1
2021991039843,2021,991039843,2,9,0,2,2,0,0,0,0,0,0,0,0,0,3,1,6,6,3,-1,-1,-1,-1,-1,-1,-1,-1,0,-1
2021411073060,2021,411073060,2,9,0,18,19,3,7,0,0,0,0,0,0,0,2,1,6,6,3,-1,-1,-1,-1,-1,-1,-1,-1,0,-1
2021610002821,2021,610002821,4,19,0,17,19,1,6,0,0,1,0,0,0,0,1,1,1,1,1,37,7,-1,-1,-1,-1,-1,-1,0,-1
2021201063561,2021,201063561,1,9,0,7,7,2,4,0,0,6,0,0,0,0,1,1,6,6,1,-1,-1,-1,-1,-1,-1,-1,-1,0,-1
2021411033207,2021,411033207,2,1,0,16,19,5,1,0,0,0,0,0,0,0,4,1,5,6,1,57,9,-1,-1,-1,-1,5,E01023780,0,-1
2021461056218,2021,461056218,1,98,0,18,19,5,1,0,0,0,0,0,0,0,3,1,1,1,1,-1,-1,-1,-1,-1,-1,-1,-1,0,-1
2021061041535,2021,061041535,2,1,0,18,19,7,3,0,0,1,0,0,0,0,4,1,1,1,2,27,6,-1,-1,-1,-1,2,E01005302,0,-1
202154A673521,2021,54A673521,1,9,0,2,2,0,0,0,0,0,0,0,0,0,3,1,6,6,1,22,5,-1,-1,-1,-1,2,E01031896,0,-1
2021430399824,2021,430399824,2,1,0,17,19,4,1,0,0,8,0,0,0,0,4,1,2,2,1,57,9,-1,-1,-1,-1,9,E01016550,0,-1
2021010343987,2021,010343987,1,1,0,18,19,1,5,0,0,0,0,0,0,0,1,1,6,6,1,19,4,-1,-1,-1,-1,9,E01002991,0,-1
2021010344866,2021,010344866,2,9,0,99,99,9,9,99,99,9,9,99,9,99,9,9,6,6,3,-1,-1,-1,-1,-1,-1,-1,-1,0,-1
2021430533020,2021,430533020,1,9,0,18,19,8,4,0,0,6,0,0,0,0,4,1,6,6,1,89,11,-1,-1,-1,-1,-1,-1,0,-1
2021332100772,2021,332100772,1,9,0,14,14,1,5,0,0,0,0,0,1,11,4,1,3,7,2,57,9,-1,-1,-1,-1,5,E01013606,0,-1
2021010305097,2021,010305097,2,1,0,18,19,3,7,5,5,8,0,0,0,0,1,1,6,6,2,54,8,-1,-1,-1,-1,3,E01002070,0,-1
2021010342777,2021,010342777,2,9,0,99,99,9,9,99,99,9,9,99,9,99,2,9,6,6,3,-1,-1,-1,-1,-1,-1,-1,-1,0,-1
2021010324147,2021,010324147,1,1,0,18,19,5,1,0,0,1,5,0,0,0,0,1,2,2,1,56,9,-1,-1,-1,-1,3,E01003264,0,-1
2021351093462,2021,351093462,2,1,0,18,19,3,7,0,0,2,0,0,0,0,1,1,6,6,1,39,7,-1,-1,-1,-1,10,E01017985,0,-1
2021320518975,2021,320518975,2,9,0,18,19,2,6,0,0,0,0,0,0,0,1,2,6,6,2,38,7,-1,-1,-1,-1,-1,-1,0,-1
202163D084821,2021,63D084821,1,9,0,16,19,2,6,0,0,0,1,0,8,4,3,1,6,6,1,18,4,-1,-1,-1,-1,3,W01000480,0,-1
2021101053319,2021,101053319,1,9,0,18,19,7,3,0,0,0,0,0,0,0,1,1,1,1,1,26,6,-1,-1,-1,-1,9,E01027508,0,-1
2021010346194,2021,010346194,2,1,4,18,19,5,1,0,0,3,2,0,0,0,1,1,6,6,1,29,6,-1,-1,-1,-1,2,E01004033,0,-1
2021010307654,2021,010307654,1,9,9,99,99,9,9,99,99,9,9,99,9,99,9,9,6,6,3,-1,-1,-1,-1,-1,-1,-1,-1,0,-1
2021421089492,2021,421089492,1,1,0,18,19,6,2,0,0,0,0,0,0,0,1,1,6,6,1,-1,-1,-1,-1,-1,-1,5,E01021491,0,-1
2021010308129,2021,010308129,2,1,0,18,19,4,8,0,0,0,0,0,0,0,1,1,6,6,2,80,11,-1,-1,-1,-1,9,E01001375,0,-1
2021440080440,2021,440080440,2,1,0,18,19,1,5,0,0,8,0,0,0,0,1,1,1,1,1,42,7,-1,-1,-1,-1,3,E01017080,0,-1
2021010316316,2021,010316316,1,1,9,18,19,5,1,0,0,8,9,0,0,0,2,1,2,2,1,32,6,-1,-1,-1,-1,6,E01004017,0,-1
2021052102284,2021,052102284,2,-1,0,5,5,1,5,0,0,1,0,0,0,0,3,1,6,6,1,37,7,-1,-1,-1,-1,2,E01006497,1,-1
2021501069206,2021,501069206,2,1,0,5,5,7,3,0,0,0,0,0,0,0,1,1,6,6,1,14,3,-1,-1,-1,-1,2,E01019990,0,-1
2021610039421,2021,610039421,1,9,0,17,19,7,5,0,0,3,0,0,0,0,1,1,1,1,2,46,8,-1,-1,-1,-1,-1,-1,0,-1
2021010336298,2021,010336298,1,1,0,7,7,2,5,0,0,2,0,0,0,0,1,1,6,6,1,45,7,-1,-1,-1,-1,9,E01003910,0,-1
2021351096278,2021,351096278,1,9,0,13,13,3,7,0,0,0,0,0,0,0,4,1,6,6,3,-1,-1,-1,-1,-1,-1,-1,-1,0,-1
2021161064488,2021,161064488,1,1,0,18,19,8,4,0,0,8,0,0,0,0,3,1,2,2,1,-1,-1,-1,-1,-1,-1,-1,-1,0,-1
2021131061827,2021,131061827,2,1,0,18,19,6,2,0,0,8,0,0,0,0,0,1,5,6,1,26,6,-1,-1,-1,-1,2,E01011448,0,-1
2021101061585,2021,101061585,1,9,0,5,5,3,7,0,0,4,0,0,0,0,0,1,2,2,1,56,9,-1,-1,-1,-1,-1,-1,0,-1
202134WNC2871,2021,34WNC2871,1,19,0,18,19,5,1,0,0,3,0,0,0,0,1,1,1,1,1,63,9,-1,-1,-1,-1,-1,-1,0,-1
2021052102274,2021,052102274,1,9,0,7,7,1,3,0,0,1,0,0,0,0,4,1,6,6,3,-1,-1,-1,-1,-1,-1,-1,-1,0,-1
2021201113135,2021,201113135,1,9,0,18,19,2,6,0,0,0,0,0,0,0,0,1,6,6,3,-1,-1,-1,-1,-1,-1,-1,-1,0,-1
2021430119377,2021,430119377,3,9,0,18,19,4,8,0,0,0,0,0,0,0,1,1,6,6,1,-1,-1,-1,-1,-1,-1,-1,-1,0,-1
2021201142164,2021,201142164,2,9,0,4,4,-1,-1,0,0,0,0,0,0,0,2,1,1,1,1,42,7,-1,-1,-1,-1,1,-1,0,-1
2021052101731,2021,052101731,2,1,0,18,19,1,5,0,0,8,0,0,0,0,4,1,6,6,1,52,8,-1,-1,-1,-1,1,E01007089,0,-1
202160Z072815,2021,60Z072815,1,9,0,9,9,3,7,0,0,8,0,0,0,0,1,1,6,6,2,57,9,-1,-1,-1,-1,-1,-1,0,-1
2021010335654,2021,010335654,2,5,0,99,99,9,9,99,99,9,9,99,9,99,9,1,6,6,3,-1,-1,-1,-1,-1,-1,-1,-1,0,-1
2021010347384,2021,010347384,1,23,0,18,19,6,2,0,0,0,2,0,0,0,1,1,1,1,1,18,4,-1,-1,-1,-1,7,E01004742,0,-1
2021411068878,2021,411068878,1,-1,0,18,19,6,2,0,0,1,0,0,0,0,1,1,1,1,1,19,4,-1,-1,-1,-1,9,E01023442,1,-1
2021041070279,2021,041070279,2,1,0,18,19,1,5,0,0,3,0,0,0,0,2,1,5,6,1,73,10,-1,-1,-1,-1,7,E01006852,0,-1
2021371054330,2021,371054330,3,9,0,18,19,7,3,0,0,1,0,0,0,0,1,1,6,6,3,-1,-1,-1,-1,-1,-1,-1,-1,0,-1
2021010288078,2021,010288078,2,11,0,99,99,9,9,99,99,9,9,99,9,99,1,9,6,6,3,-1,-1,-1,-1,-1,-1,-1,-1,0,-1
2021430232023,2021,430232023,1,9,0,9,9,4,1,0,0,4,0,0,0,0,3,1,2,2,1,58,9,-1,-1,-1,-1,9,E01033193,0,-1
2021991065299,2021,991065299,1,9,0,2,2,0,0,5,5,0,0,0,0,0,3,1,6,6,1,22,5,-1,-1,-1,-1,1,-1,0,-1
2021411118712,2021,411118712,2,9,0,18,19,3,7,0,0,0,0,0,0,0,0,1,6,6,1,23,5,-1,-1,-1,-1,2,E01015705,0,-1
2021170L21381,2021,170L21381,2,21,1,18,19,8,6,0,0,4,0,0,0,0,1,1,1,1,1,-1,-1,-1,-1,-1,-1,1,E01007914,0,-1
2021070491151,2021,070491151,1,1,0,18,19,1,5,3,2,0,0,10,0,0,0,1,4,7,1,15,3,-1,-1,-1,-1,1,E01012382,0,-1
2021610017121,2021,610017121,2,9,0,5,5,2,5,0,0,4,0,0,0,0,2,1,6,6,2,21,5,-1,-1,-1,-1,-1,-1,0,-1
2021371096309,2021,371096309,1,9,0,9,9,8,5,0,0,6,0,0,0,0,2,1,5,6,1,21,5,-1,-1,-1,-1,5,E01029990,0,-1
2021471119866,2021,471119866,1,-1,0,9,9,6,3,0,0,1,0,0,0,0,4,1,4,7,1,12,3,-1,-1,-1,-1,8,E01016980,1,-1
2021421075286,2021,421075286,1,-1,0,18,19,4,1,9,9,2,0,0,0,0,1,1,6,6,1,18,4,-1,-1,-1,-1,1,E01021288,1,-1
2021501017205,2021,501017205,1,9,0,18,19,1,5,0,0,0,0,0,1,11,1,1,5,6,2,29,6,-1,-1,-1,-1,4,E01018891,0,-1
2021430200804,2021,430200804,1,9,0,18,19,7,3,0,0,0,0,0,0,0,0,1,6,6,3,-1,-1,-1,-1,-1,-1,-1,-1,0,-1
2021131058618,2021,131058618,5,1,0,18,19,1,5,0,0,6,0,0,0,0,1,1,6,6,1,52,8,-1,-1,-1,-1,4,E01011717,0,-1
2021131067193,2021,131067193,1,97,0,18,19,1,5,0,0,3,0,0,7,0,4,1,5,6,1,16,4,-1,-1,-1,-1,6,E01010699,0,-1
2021052101373,2021,052101373,1,1,0,18,19,3,7,0,0,1,0,0,0,0,1,1,2,2,1,41,7,-1,-1,-1,-1,1,E01006735,0,-1
2021401121507,2021,401121507,2,1,0,16,19,7,3,0,0,0,0,0,0,0,1,1,6,6,1,72,10,-1,-1,-1,-1,5,E01023643,0,-1
2021461104407,2021,461104407,1,19,0,18,19,3,7,0,0,1,0,0,0,0,1,1,5,6,3,-1,-1,-1,-1,-1,-1,-1,-1,0,-1
2021061055401,2021,061055401,2,1,0,18,19,4,8,0,0,1,0,0,0,0,1,1,2,2,1,33,6,-1,-1,-1,-1,4,E01005276,0,-1
2021351110544,2021,351110544,2,1,0,18,19,-1,-1,0,0,1,0,0,0,0,2,1,5,6,2,53,8,-1,-1,-1,-1,9,E01032792,0,-1
2021461096950,2021,461096950,1,9,0,18,19,2,6,0,0,0,0,0,0,0,1,1,6,6,3,-1,-1,-1,-1,-1,-1,-1,-1,0,-1
2021010345967,2021,010345967,1,9,0,18,19,1,5,0,0,8,0,0,0,0,1,1,1,1,1,62,9,-1,-1,-1,-1,3,E01004452,0,-1
202131D147421,2021,31D147421,2,1,0,18,19,8,4,0,0,0,0,0,0,0,3,1,6,6,1,44,7,-1,-1,-1,-1,5,E01028114,0,-1
2021201141569,2021,201141569,2,9,0,18,19,8,4,0,0,0,0,0,0,0,2,1,6,6,1,38,7,-1,-1,-1,-1,3,E01010099,0,-1
2021421130743,2021,421130743,1,9,0,1,1,3,4,0,0,1,0,0,0,0,2,1,6,6,3,-1,-1,-1,-1,-1,-1,-1,-1,0,-1
2021010314045,2021,010314045,1,1,9,99,99,9,9,99,99,9,9,99,9,99,9,1,6,6,2,47,8,-1,-1,-1,-1,4,E01004049,0,-1
2021010288144,2021,010288144,1,1,9,99,99,9,9,99,99,9,9,99,9,99,9,1,6,6,1,30,6,-1,-1,-1,-1,6,E01003153,0,-1
2021430254155,2021,430254155,1,9,0,17,19,7,5,0,0,8,0,0,0,0,3,1,6,6,1,45,7,-1,-1,-1,-1,10,E01016632,0,-1
2021451052597,2021,451052597,1,1,0,18,19,6,2,0,0,1,0,0,0,0,0,1,6,6,3,50,8,-1,-1,-1,-1,-1,-1,0,-1
202106Q079536,2021,06Q079536,2,9,0,9,9,4,2,0,0,8,0,0,0,0,2,1,6,6,1,47,8,-1,-1,-1,-1,1,E01005565,0,-1
2021440034176,2021,440034176,2,19,0,9,9,7,6,0,0,8,0,0,0,0,1,1,6,6,2,57,9,-1,-1,-1,-1,8,E01022651,0,-1
2021552200210,2021,552200210,1,9,0,5,5,5,1,0,0,6,0,0,0,0,3,1,6,6,3,-1,-1,-1,-1,-1,-1,-1,-1,0,-1
2021141108544,2021,141108544,1,9,0,18,19,1,2,0,0,0,0,0,1,0,1,1,6,6,3,-1,-1,-1,-1,-1,-1,-1,-1,0,-1
2021201149497,2021,201149497,1,9,0,4,4,7,3,9,9,0,0,10,0,0,4,1,3,7,3,-1,-1,-1,-1,-1,-1,-1,-1,0,-1
2021010303937,2021,010303937,2,9,0,9,9,8,6,0,0,8,0,0,0,0,1,1,6,6,3,31,6,-1,-1,-1,-1,-1,-1,0,-1
2021302101072,2021,302101072,2,9,0,16,19,4,6,0,0,0,0,0,0,0,3,1,6,6,3,-1,-1,-1,-1,-1,-1,5,E01019456,0,-1
2021010312426,2021,010312426,2,1,0,18,19,1,5,0,0,1,0,8,0,0,4,1,6,6,1,23,5,-1,-1,-1,-1,7,E01003369,0,-1
2021138141621,2021,138141621,2,9,0,18,19,8,4,0,0,8,0,0,0,0,1,1,6,6,1,25,5,-1,-1,-1,-1,2,E01033002,0,-1
2021411061685,2021,411061685,2,9,0,18,19,4,8,0,0,0,0,0,0,0,0,1,3,7,1,41,7,-1,-1,-1,-1,9,E01017590,0,-1
202163D058221,2021,63D058221,2,2,0,18,19,2,6,0,0,8,1,0,0,0,1,1,6,6,1,69,10,-1,-1,-1,-1,6,W01000496,0,-1
2021010333881,2021,010333881,1,98,0,2,2,0,0,9,9,0,0,0,0,0,3,1,6,6,3,-1,-1,-1,-1,-1,-1,-1,-1,0,-1
2021111016945,2021,111016945,2,9,0,18,19,1,5,0,0,8,0,0,0,0,1,1,5,6,1,85,11,-1,-1,-1,-1,7,E01020627,0,-1
2021161074085,2021,161074085,2,1,0,18,19,3,7,0,0,1,0,0,0,0,3,1,2,2,1,17,4,-1,-1,-1,-1,2,E01012903,0,-1
2021461072934,2021,461072934,2,1,0,18,19,5,1,0,0,1,0,0,0,0,1,1,5,6,1,49,8,-1,-1,-1,-1,6,E01024276,0,-1
2021302101796,2021,302101796,2,1,0,17,19,6,4,0,0,8,0,0,0,0,1,1,6,6,3,-1,-1,-1,-1,-1,-1,5,E01019456,0,-1
2021161074829,2021,161074829,1,9,4,13,13,4,8,0,0,0,0,0,0,0,0,1,6,6,2,-1,-1,-1,-1,-1,-1,7,E01013032,0,-1
2021061112151,2021,061112151,3,-1,0,4,4,1,5,0,0,8,0,0,0,0,1,1,6,6,3,30,6,-1,-1,-1,-1,-1,-1,0,-1
202134WNC5321,2021,34WNC5321,1,9,0,9,9,5,3,0,0,6,0,0,0,0,1,1,6,6,1,21,5,-1,-1,-1,-1,6,E01016817,0,-1
2021411111585,2021,411111585,1,9,0,18,19,4,8,0,0,0,0,0,0,0,3,1,6,6,3,-1,-1,-1,-1,-1,-1,-1,-1,0,-1
2021481038405,2021,481038405,2,1,0,18,19,1,5,5,5,8,0,0,0,0,4,1,2,2,1,27,6,-1,-1,-1,-1,8,E01000859,0,-1
2021010321799,2021,010321799,1,1,9,99,99,9,9,99,99,9,9,99,9,99,9,1,6,6,1,44,7,-1,-1,-1,-1,9,E01003889,0,-1
2021610041721,2021,610041721,1,9,0,16,19,8,2,0,0,8,0,0,0,2,1,1,6,6,1,20,4,-1,-1,-1,-1,-1,-1,0,-1
202160Z077701,2021,60Z077701,2,9,0,7,7,3,5,0,0,6,0,0,0,0,2,1,6,6,1,25,5,-1,-1,-1,-1,-1,-1,0,-1
2021010337417,2021,010337417,2,1,0,18,19,6,2,0,0,0,0,0,0,0,1,1,6,6,1,47,8,-1,-1,-1,-1,2,E01003112,0,-1
202160Z182613,2021,60Z182613,2,9,0,3,3,1,5,0,0,0,0,0,0,0,2,1,6,6,2,22,5,-1,-1,-1,-1,-1,-1,0,-1
2021440165203,2021,440165203,3,9,0,18,19,2,6,0,0,0,0,0,0,0,1,1,6,6,1,56,9,-1,-1,-1,-1,7,E01022648,0,-1
202160Z144246,2021,60Z144246,1,9,0,10,10,4,2,0,0,6,0,0,0,0,1,1,6,6,2,70,10,-1,-1,-1,-1,-1,-1,0,-1
2021471080841,2021,471080841,2,1,0,18,19,3,7,0,0,8,0,0,0,0,1,1,6,6,2,26,6,-1,-1,-1,-1,1,E01016868,0,-1
2021010292742,2021,010292742,1,1,9,99,99,9,9,99,99,9,9,99,9,99,9,1,6,6,1,66,10,-1,-1,-1,-1,7,E01002060,0,-1
2021302101489,2021,302101489,2,1,0,17,19,2,6,0,0,1,0,0,0,0,1,1,2,2,1,57,9,-1,-1,-1,-1,7,E01019711,0,-1
2021010347596,2021,010347596,2,9,0,9,9,6,5,0,0,6,0,0,0,0,0,1,6,6,3,-1,-1,-1,-1,-1,-1,-1,-1,0,-1
2021411110605,2021,411110605,2,9,0,18,19,1,5,0,0,0,5,0,1,0,4,1,2,2,1,22,5,-1,-1,-1,-1,7,E01002115,0,-1
2021101078759,2021,101078759,1,9,0,18,19,1,5,0,0,1,0,0,0,0,1,1,6,6,1,-1,-1,-1,-1,-1,-1,-1,-1,0,-1
2021061132322,2021,061132322,2,9,0,18,19,7,3,0,0,0,0,0,0,0,1,1,6,6,3,30,6,-1,-1,-1,-1,-1,-1,0,-1
2021522201623,2021,522201623,2,9,5,13,13,2,6,0,0,1,0,0,7,11,1,1,6,6,1,41,7,-1,-1,-1,-1,6,E01014914,0,-1
2021010335801,2021,010335801,1,1,9,99,99,9,9,99,99,9,9,99,9,99,1,1,1,1,1,37,7,-1,-1,-1,-1,7,E01002111,0,-1
2021610010921,2021,610010921,1,9,0,18,19,7,3,0,0,1,0,0,0,0,1,1,6,6,1,26,6,-1,-1,-1,-1,-1,-1,0,-1
2021332100374,2021,332100374,1,9,0,13,13,6,2,0,0,0,0,0,7,2,2,1,6,6,1,24,5,-1,-1,-1,-1,2,E01013659,0,-1
2021302101034,2021,302101034,1,19,0,7,7,6,8,0,0,8,0,0,0,0,1,1,6,6,1,-1,-1,-1,-1,-1,-1,5,E01019525,0,-1
2021070577410,2021,070577410,2,9,0,18,19,4,8,0,0,0,0,0,0,0,0,1,6,6,3,-1,-1,-1,-1,-1,-1,-1,-1,0,-1
2021010316129,2021,010316129,1,9,0,16,19,6,1,0,0,1,0,0,0,0,1,1,6,6,3,-1,-1,-1,-1,-1,-1,-1,-1,0,-1
2021041093229,2021,041093229,2,1,0,18,19,-1,-1,0,0,1,0,0,0,0,-1,1,5,6,1,50,8,-1,-1,-1,-1,1,E01012707,0,-1
2021041093945,2021,041093945,1,9,0,7,7,1,7,0,0,6,0,0,0,0,1,1,1,1,1,59,9,-1,-1,-1,-1,9,E01025595,0,-1
202160Z043224,2021,60Z043224,1,9,0,18,19,2,6,0,0,0,0,0,0,0,1,1,6,6,1,50,8,-1,-1,-1,-1,-1,-1,0,-1
2021122100353,2021,122100353,1,19,0,18,19,7,3,0,0,0,0,0,0,0,0,1,6,6,3,-1,-1,-1,-1,-1,-1,-1,-1,0,-1
2021010349159,2021,010349159,2,9,0,16,19,6,8,0,0,1,0,0,0,0,1,1,6,6,1,35,6,-1,-1,-1,-1,1,E01024621,0,-1
2021010309157,2021,010309157,2,-1,0,18,19,1,5,0,0,4,0,0,0,0,4,1,6,6,1,27,6,-1,-1,-1,-1,3,E01000553,1,-1