collision_index,collision_year,collision_ref_no,vehicle_reference,vehicle_type,towing_and_articulation,vehicle_manoeuvre_historic,vehicle_manoeuvre,vehicle_direction_from,vehicle_direction_to,vehicle_location_restricted_lane_historic,vehicle_location_restricted_lane,junction_location,skidding_and_overturning,hit_object_in_carriageway,vehicle_leaving_carriageway,hit_object_off_carriageway,first_point_of_impact,vehicle_left_hand_drive,journey_purpose_of_driver_historic,journey_purpose_of_driver,sex_of_driver,age_of_driver,age_band_of_driver,engine_capacity_cc,propulsion_code,age_of_vehicle,generic_make_model,driver_imd_decile,lsoa_of_driver,escooter_flag,driver_distance_banding
2021440412758,2021,440412758,1,-1,0,18,19,4,8,0,0,8,0,0,0,0,0,1,6,6,1,46,8,-1,-1,-1,-1,1,E01022905,1,-1
202134NNC0381,2021,34NNC0381,1,9,0,18,19,7,3,0,0,8,0,0,1,4,1,2,6,6,1,43,7,-1,-1,-1,-1,-1,-1,0,-1
2021522105172,2021,522105172,2,19,0,7,7,8,2,0,0,8,0,0,0,0,0,1,6,6,3,30,6,-1,-1,-1,-1,-1,-1,0,-1
2021010298374,2021,010298374,2,19,0,99,99,9,9,99,99,9,9,99,9,99,9,9,6,6,3,-1,-1,-1,-1,-1,-1,-1,-1,0,-1
202160Z077222,2021,60Z077222,1,9,0,18,19,1,5,0,0,0,0,0,0,0,1,1,6,6,1,72,10,-1,-1,-1,-1,-1,-1,0,-1
2021320356177,2021,320356177,2,1,0,18,19,4,6,0,0,6,0,0,0,0,3,1,6,6,2,14,3,-1,-1,-1,-1,3,E01026036,0,-1
2021522102685,2021,522102685,1,9,0,1,1,1,5,0,0,0,0,0,0,0,2,1,6,6,2,28,6,-1,-1,-1,-1,4,E01014445,0,-1
2021010317427,2021,010317427,2,9,9,99,99,9,9,99,99,9,9,99,9,99,9,9,6,6,3,-1,-1,-1,-1,-1,-1,-1,-1,0,-1
2021221055947,2021,221055947,1,1,0,18,19,3,7,0,0,0,0,0,0,0,3,1,5,6,1,28,6,-1,-1,-1,-1,1,E01014163,0,-1
202134WNC3571,2021,34WNC3571,1,1,0,18,19,7,3,9,9,1,0,0,0,0,1,1,6,6,1,45,7,-1,-1,-1,-1,1,E01027153,0,-1
2021161085870,2021,161085870,1,1,0,18,19,3,7,4,4,8,0,0,0,0,1,1,6,6,1,25,5,-1,-1,-1,-1,1,E01012893,0,-1
2021061164718,2021,061164718,2,-1,-1,-1,-1,-1,-1,-1,-1,-1,-1,-1,-1,0,-1,1,5,6,1,17,4,-1,-1,-1,-1,2,E01033675,1,-1
2021010313863,2021,010313863,1,1,9,99,99,9,9,99,99,9,9,99,9,99,9,1,6,6,3,46,8,-1,-1,-1,-1,6,E01004577,0,-1
2021131038582,2021,131038582,1,90,0,18,19,5,1,0,0,6,0,0,0,0,1,1,5,6,1,12,3,-1,-1,-1,-1,1,E01011663,0,-1
2021052100953,2021,052100953,1,9,0,17,19,3,1,0,0,8,0,0,0,0,1,1,6,6,1,66,10,-1,-1,-1,-1,1,E01006877,0,-1
2021010347917,2021,010347917,1,1,0,5,5,3,7,0,0,0,0,0,0,0,4,1,6,6,2,32,6,-1,-1,-1,-1,5,E01033741,0,-1
2021170S11701,2021,170S11701,2,9,0,18,19,5,1,0,0,8,0,0,0,0,1,1,6,6,3,-1,-1,-1,-1,-1,-1,-1,-1,0,-1
2021501022327,2021,501022327,1,1,0,18,19,3,7,0,0,0,0,0,0,0,1,1,6,6,1,13,3,-1,-1,-1,-1,8,E01019944,0,-1
2021522100435,2021,522100435,1,1,0,5,5,7,3,0,0,0,0,0,0,0,1,1,6,6,1,28,6,-1,-1,-1,-1,-1,-1,0,-1
2021991037930,2021,991037930,2,1,0,18,19,1,5,0,0,0,2,0,0,0,4,1,6,6,1,44,7,-1,-1,-1,-1,3,-1,0,-1
2021010333319,2021,010333319,3,9,9,99,99,9,9,99,99,9,9,99,9,99,9,9,6,6,3,-1,-1,-1,-1,-1,-1,8,E01023312,0,-1
202134NNC3111,2021,34NNC3111,3,9,0,4,4,5,1,0,0,0,0,0,0,0,2,1,6,6,3,-1,-1,-1,-1,-1,-1,-1,-1,0,-1
2021010300750,2021,010300750,2,1,0,18,19,5,1,0,0,0,0,0,0,0,4,1,6,6,1,13,3,-1,-1,-1,-1,10,E01003747,0,-1
2021010310088,2021,010310088,1,1,9,99,99,9,9,99,99,9,9,99,9,99,9,1,2,2,1,27,6,-1,-1,-1,-1,5,E01001910,0,-1
2021101088961,2021,101088961,1,9,0,13,13,6,2,0,0,3,0,0,0,0,4,1,6,6,3,-1,-1,-1,-1,-1,-1,-1,-1,0,-1
2021332100723,2021,332100723,1,9,0,17,19,6,7,0,0,8,0,0,0,0,3,1,3,7,2,50,8,-1,-1,-1,-1,7,E01013686,0,-1
202134WNC3721,2021,34WNC3721,1,9,0,18,19,5,1,0,0,1,0,0,0,0,1,1,6,6,1,30,6,-1,-1,-1,-1,9,E01027201,0,-1
2021161129447,2021,161129447,1,9,0,18,19,6,2,0,0,8,0,0,0,0,1,1,6,6,1,-1,-1,-1,-1,-1,-1,-1,-1,0,-1
2021010325059,2021,010325059,1,9,0,18,19,7,3,0,0,2,0,0,0,0,1,1,6,6,1,44,7,-1,-1,-1,-1,9,E01000455,0,-1
2021010293970,2021,010293970,2,19,0,99,99,9,9,99,99,9,9,99,9,99,9,9,6,6,3,-1,-1,-1,-1,-1,-1,-1,-1,0,-1
2021010310272,2021,010310272,1,1,0,12,12,5,1,0,0,1,0,0,0,0,1,1,6,6,1,27,6,-1,-1,-1,-1,7,W01000434,0,-1
2021440391815,2021,440391815,1,9,0,18,19,3,7,0,0,1,0,0,0,0,4,1,6,6,1,-1,-1,-1,-1,-1,-1,-1,-1,0,-1
2021010305614,2021,010305614,2,98,0,99,99,9,9,99,99,9,9,99,9,99,1,9,6,6,3,-1,-1,-1,-1,-1,-1,-1,-1,0,-1
2021430271472,2021,430271472,1,1,0,15,15,6,2,0,0,1,0,0,0,0,3,1,6,6,2,29,6,-1,-1,-1,-1,9,E01016565,0,-1
2021010304762,2021,010304762,1,1,9,99,99,9,9,99,99,9,9,99,9,99,9,1,2,2,1,54,8,-1,-1,-1,-1,9,E01004097,0,-1
2021461095325,2021,461095325,1,9,0,18,19,2,6,0,0,0,5,0,0,0,0,1,6,6,1,39,7,-1,-1,-1,-1,1,E01024612,0,-1
2021010317055,2021,010317055,2,9,9,99,99,9,9,99,99,9,9,99,9,99,9,9,6,6,3,-1,-1,-1,-1,-1,-1,5,E01000211,0,-1
2021332100864,2021,332100864,1,9,0,18,19,4,8,0,0,0,0,0,0,0,1,1,6,6,1,39,7,-1,-1,-1,-1,5,E01025936,0,-1
2021010324121,2021,010324121,2,9,0,99,99,9,9,99,99,9,9,99,9,99,1,9,6,6,3,-1,-1,-1,-1,-1,-1,-1,-1,0,-1
2021122100555,2021,122100555,2,1,0,18,19,6,2,0,0,0,0,0,1,0,3,1,6,6,1,15,3,-1,-1,-1,-1,6,E01013383,0,-1
2021461054743,2021,461054743,1,1,0,18,19,7,3,0,0,0,0,0,0,0,1,1,6,6,1,22,5,-1,-1,-1,-1,4,E01000546,0,-1
2021201075834,2021,201075834,2,1,0,9,9,6,4,0,0,8,0,0,0,0,4,1,6,6,1,63,9,-1,-1,-1,-1,6,E01010174,0,-1
2021010318171,2021,010318171,2,1,0,14,14,7,3,0,0,8,0,0,0,0,1,1,6,6,1,-1,-1,-1,-1,-1,-1,-1,-1,0,-1
2021201065615,2021,201065615,1,1,0,18,19,-1,-1,0,0,8,2,0,0,0,1,1,1,1,1,55,8,-1,-1,-1,-1,1,E01010275,0,-1
2021501049694,2021,501049694,2,9,0,16,19,8,3,0,0,0,0,0,0,0,1,1,6,6,1,50,8,-1,-1,-1,-1,3,E01020073,0,-1
2021061140981,2021,061140981,2,1,0,18,19,2,6,0,0,1,0,0,0,0,4,1,6,6,1,41,7,-1,-1,-1,-1,2,E01005344,0,-1
2021451093818,2021,451093818,2,9,0,18,19,4,5,0,0,8,0,0,0,0,4,1,6,6,1,44,7,-1,-1,-1,-1,3,E01001117,0,-1
2021010302895,2021,010302895,1,1,9,99,99,9,9,99,99,9,9,99,9,99,1,1,6,6,1,34,6,-1,-1,-1,-1,4,E01003117,0,-1
2021101109831,2021,101109831,2,1,0,18,19,7,3,0,0,8,2,0,0,0,4,1,5,6,1,29,6,-1,-1,-1,-1,2,E01008630,0,-1
2021461102872,2021,461102872,2,1,0,18,19,6,2,9,9,0,0,0,0,0,1,1,2,2,1,19,4,-1,-1,-1,-1,6,E01032798,0,-1
2021461129918,2021,461129918,2,1,0,18,19,7,3,0,0,6,0,0,1,0,3,1,5,6,1,17,4,-1,-1,-1,-1,5,E01024495,0,-1
2021138370936,2021,138370936,1,90,0,5,5,8,4,0,0,0,0,0,0,0,0,1,1,1,1,35,6,-1,-1,-1,-1,-1,-1,0,-1
2021010333856,2021,010333856,1,1,9,99,99,9,9,99,99,9,9,99,9,99,1,1,2,2,2,29,6,-1,-1,-1,-1,7,E01001314,0,-1
2021320244749,2021,320244749,2,22,0,18,19,8,4,0,0,8,0,0,0,0,1,1,6,6,2,53,8,-1,-1,-1,-1,1,E01026312,0,-1
2021010302422,2021,010302422,1,3,9,99,99,9,9,99,99,9,9,99,9,99,9,1,6,6,3,-1,-1,-1,-1,-1,-1,-1,-1,0,-1
2021010341504,2021,010341504,2,1,9,99,99,9,9,99,99,9,9,99,9,99,2,1,6,6,1,-1,-1,-1,-1,-1,-1,-1,-1,0,-1
2021010305936,2021,010305936,2,9,0,99,99,9,9,99,99,9,9,99,9,99,9,9,6,6,3,-1,-1,-1,-1,-1,-1,-1,-1,0,-1
2021052101224,2021,052101224,1,1,0,18,19,1,5,0,0,6,0,0,0,0,1,1,1,1,1,19,4,-1,-1,-1,-1,1,E01006770,0,-1
2021010318677,2021,010318677,2,9,9,99,99,9,9,99,99,9,9,99,9,99,9,9,6,6,3,-1,-1,-1,-1,-1,-1,-1,-1,0,-1
2021010316500,2021,010316500,1,1,0,10,10,1,7,99,99,1,0,99,9,99,1,1,6,6,1,55,8,-1,-1,-1,-1,2,E01004055,0,-1
2021010302801,2021,010302801,1,9,0,99,99,9,9,99,99,9,9,99,9,99,2,9,6,6,3,-1,-1,-1,-1,-1,-1,-1,-1,0,-1
2021111017572,2021,111017572,2,9,0,9,9,1,3,0,0,2,0,0,0,0,1,1,2,2,2,25,5,-1,-1,-1,-1,4,E01008211,0,-1
2021522104374,2021,522104374,1,9,0,18,19,4,8,0,0,0,0,0,0,0,3,1,6,6,1,37,7,-1,-1,-1,-1,3,E01014564,0,-1
2021010318754,2021,010318754,2,19,0,99,99,9,9,99,99,0,9,99,9,99,9,9,6,6,3,-1,-1,-1,-1,-1,-1,-1,-1,0,-1
2021540854121,2021,540854121,1,9,0,7,7,8,4,0,0,1,0,0,0,0,4,1,1,1,1,57,9,-1,-1,-1,-1,4,E01032090,0,-1
2021332100866,2021,332100866,2,1,0,18,19,5,1,0,0,6,0,0,0,0,1,1,4,7,1,12,3,-1,-1,-1,-1,6,E01025683,0,-1
2021471061489,2021,471061489,2,1,0,17,19,5,8,0,0,8,0,0,0,0,1,1,5,6,2,56,9,-1,-1,-1,-1,9,E01031532,0,-1
2021161102254,2021,161102254,2,1,0,18,19,1,5,0,0,0,0,0,0,0,1,1,4,7,2,15,3,-1,-1,-1,-1,4,E01013146,0,-1
202134WNC1821,2021,34WNC1821,1,19,0,18,19,1,5,0,0,3,0,0,0,0,4,1,6,6,3,-1,-1,-1,-1,-1,-1,-1,-1,0,-1
2021522105788,2021,522105788,2,9,0,5,5,7,3,0,0,4,0,0,0,0,1,1,6,6,2,40,7,-1,-1,-1,-1,-1,-1,0,-1
2021351055239,2021,351055239,1,9,0,18,19,5,1,0,0,0,0,0,0,0,1,1,6,6,3,40,7,-1,-1,-1,-1,-1,-1,0,-1
2021461014102,2021,461014102,1,1,0,18,19,8,4,0,0,1,0,0,0,0,1,1,6,6,1,-1,-1,-1,-1,-1,-1,-1,-1,0,-1
2021010294896,2021,010294896,1,1,9,99,99,9,9,99,99,9,9,99,9,99,1,1,6,6,2,28,6,-1,-1,-1,-1,5,E01001803,0,-1
2021141116862,2021,141116862,1,9,0,-1,-1,-1,-1,-1,-1,0,-1,-1,-1,0,-1,1,6,6,3,-1,-1,-1,-1,-1,-1,-1,-1,0,-1
2021332100688,2021,332100688,1,9,0,18,19,4,8,0,0,0,0,0,8,11,1,1,6,6,2,70,10,-1,-1,-1,-1,9,E01025687,0,-1
2021201144378,2021,201144378,1,9,0,18,19,4,8,0,0,6,0,0,0,0,1,1,6,6,1,-1,-1,-1,-1,-1,-1,-1,-1,0,-1
2021440219106,2021,440219106,3,1,0,18,19,6,2,0,0,8,0,0,0,0,1,1,6,6,1,18,4,-1,-1,-1,-1,3,E01017051,0,-1
2021010325090,2021,010325090,2,1,0,5,5,2,6,0,0,0,0,0,0,0,1,1,6,6,1,29,6,-1,-1,-1,-1,3,E01004741,0,-1
2021411052865,2021,411052865,3,9,0,18,19,6,2,0,0,1,0,0,0,0,0,1,6,6,3,-1,-1,-1,-1,-1,-1,-1,-1,0,-1
2021010342614,2021,010342614,1,1,9,99,99,9,9,99,99,9,9,99,9,99,9,1,2,2,1,30,6,-1,-1,-1,-1,2,E01000600,0,-1
2021471042923,2021,471042923,2,1,0,18,19,6,2,0,0,1,0,0,0,0,1,1,5,6,1,63,9,-1,-1,-1,-1,6,E01031637,0,-1
2021070169755,2021,070169755,1,9,0,11,11,8,6,0,0,3,0,0,1,0,1,1,6,6,3,-1,-1,-1,-1,-1,-1,-1,-1,0,-1
2021332100932,2021,332100932,1,9,0,18,19,4,8,0,0,4,0,0,0,0,1,1,6,6,1,36,7,-1,-1,-1,-1,3,E01013717,0,-1
2021070419007,2021,070419007,1,9,0,7,7,4,7,0,0,8,0,0,0,0,1,1,6,6,3,-1,-1,-1,-1,-1,-1,-1,-1,0,-1
2021141019692,2021,141019692,2,8,0,18,19,5,5,0,0,8,0,0,0,0,1,1,6,6,3,-1,-1,-1,-1,-1,-1,-1,-1,0,-1
2021451062436,2021,451062436,2,1,0,18,19,1,5,0,0,0,0,0,0,0,3,1,5,6,2,14,3,-1,-1,-1,-1,4,E01002444,0,-1
2021010331386,2021,010331386,1,1,9,99,99,9,9,99,99,0,9,99,9,99,9,1,2,2,1,57,9,-1,-1,-1,-1,2,E01004251,0,-1
2021471074456,2021,471074456,1,-1,0,18,19,1,5,0,0,0,1,0,0,0,1,1,5,6,1,16,4,-1,-1,-1,-1,3,E01031492,1,-1
2021010317460,2021,010317460,1,1,9,99,99,9,9,99,99,9,9,99,9,99,9,1,6,6,1,32,6,-1,-1,-1,-1,8,E01000966,0,-1
2021010335136,2021,010335136,2,1,0,18,19,1,5,0,0,1,0,0,0,0,4,1,6,6,2,47,8,-1,-1,-1,-1,3,E01002721,0,-1
2021332100690,2021,332100690,2,1,0,18,19,5,1,0,0,8,0,0,0,0,1,1,6,6,1,55,8,-1,-1,-1,-1,1,E01013679,0,-1
202160Z177890,2021,60Z177890,1,9,0,18,19,7,3,0,0,4,0,0,0,0,1,1,6,6,1,41,7,-1,-1,-1,-1,-1,-1,0,-1
2021430573279,2021,430573279,1,9,0,9,9,1,5,0,0,0,0,0,0,0,3,1,6,6,1,37,7,-1,-1,-1,-1,4,E01028574,0,-1
2021461033388,2021,461033388,1,9,0,18,19,1,3,0,0,1,0,0,0,0,1,1,6,6,1,-1,-1,-1,-1,-1,-1,4,E01016143,0,-1
2021451021722,2021,451021722,2,9,0,18,19,1,5,0,0,1,0,0,0,0,4,1,6,6,3,45,7,-1,-1,-1,-1,-1,-1,0,-1
2021161113446,2021,161113446,2,1,0,18,19,7,3,0,0,6,0,0,0,0,3,1,5,6,1,17,4,-1,-1,-1,-1,1,E01013139,0,-1
2021332100480,2021,332100480,1,9,0,9,9,5,3,0,0,6,0,0,0,0,1,1,6,6,1,18,4,-1,-1,-1,-1,10,E01025772,0,-1
2021201138888,2021,201138888,1,9,0,18,19,5,1,0,0,0,0,0,0,0,1,1,6,6,3,-1,-1,-1,-1,-1,-1,-1,-1,0,-1
202163A013521,2021,63A013521,2,9,0,18,19,3,7,0,0,0,1,0,0,0,1,1,2,2,1,22,5,-1,-1,-1,-1,4,W01000672,0,-1
2021461022721,2021,461022721,2,21,1,18,19,2,6,0,0,0,0,0,0,0,1,1,6,6,1,45,7,-1,-1,-1,-1,-1,-1,0,-1
2021522106046,2021,522106046,1,90,0,18,19,1,5,0,0,0,0,0,0,0,4,1,6,6,2,18,4,-1,-1,-1,-1,1,E01014654,0,-1
2021010311381,2021,010311381,1,1,0,18,19,7,3,0,0,8,0,0,0,0,2,1,2,2,1,65,9,-1,-1,-1,-1,5,E01000855,0,-1
2021610025521,2021,610025521,1,9,0,18,19,5,8,0,0,1,1,0,7,0,1,1,1,1,1,65,9,-1,-1,-1,-1,-1,-1,0,-1
2021610006821,2021,610006821,2,9,0,9,9,8,6,0,0,5,1,0,0,0,1,1,6,6,2,25,5,-1,-1,-1,-1,-1,-1,0,-1
2021401019017,2021,401019017,2,9,0,3,3,2,6,0,0,4,0,0,0,0,2,1,6,6,1,42,7,-1,-1,-1,-1,1,E01017471,0,-1
2021471017323,2021,471017323,2,1,0,18,19,7,3,0,0,8,2,0,0,0,4,1,2,2,2,40,7,-1,-1,-1,-1,8,E01021069,0,-1
2021610019021,2021,610019021,1,9,0,5,5,5,1,8,6,6,0,0,0,0,1,1,6,6,2,20,4,-1,-1,-1,-1,-1,-1,0,-1
2021010334243,2021,010334243,2,9,0,99,99,9,9,99,99,9,9,99,9,99,1,9,6,6,3,23,5,-1,-1,-1,-1,1,E01001813,0,-1
2021010314087,2021,010314087,1,9,0,9,9,1,6,0,0,8,0,0,0,0,3,1,6,6,3,-1,-1,-1,-1,-1,-1,-1,-1,0,-1
2021520104019,2021,520104019,2,9,0,8,8,1,5,0,0,4,0,0,0,0,2,1,6,6,2,52,8,-1,-1,-1,-1,8,E01029276,0,-1
2021201071773,2021,201071773,2,9,0,18,19,4,8,0,0,0,0,0,0,0,1,1,6,6,3,-1,-1,-1,-1,-1,-1,-1,-1,0,-1
2021361077267,2021,361077267,2,1,0,18,19,1,5,9,9,0,0,0,0,0,2,1,5,6,1,16,4,-1,-1,-1,-1,1,E01026833,0,-1
2021010318082,2021,010318082,1,1,9,99,99,9,9,99,99,9,9,99,9,99,1,1,2,2,1,34,6,-1,-1,-1,-1,6,E01001138,0,-1
2021010327332,2021,010327332,2,9,0,18,19,2,6,0,0,8,0,0,0,0,1,1,6,6,3,-1,-1,-1,-1,-1,-1,-1,-1,0,-1
2021010298453,2021,010298453,2,1,9,99,99,9,9,99,99,9,9,99,9,99,9,1,6,6,1,-1,-1,-1,-1,-1,-1,-1,-1,0,-1
2021610031721,2021,610031721,1,9,0,18,19,1,5,0,0,0,5,0,0,0,0,1,6,6,2,17,4,-1,-1,-1,-1,-1,-1,0,-1
2021542736921,2021,542736921,2,1,0,18,19,5,1,9,9,2,0,0,0,0,1,1,4,7,1,5,1,-1,-1,-1,-1,2,E01015573,0,-1
2021010310664,2021,010310664,2,1,0,18,19,1,5,0,0,8,5,0,0,0,2,1,2,2,1,60,9,-1,-1,-1,-1,3,E01033699,0,-1
2021522104287,2021,522104287,2,1,0,18,19,5,1,0,0,0,0,0,0,0,2,1,6,6,1,53,8,-1,-1,-1,-1,9,E01014965,0,-1
2021401044424,2021,401044424,1,9,0,1,1,1,3,0,0,1,0,0,0,0,2,1,6,6,1,45,7,-1,-1,-1,-1,-1,-1,0,-1
2021201077693,2021,201077693,2,9,4,18,19,6,2,0,0,8,0,0,0,0,1,1,1,1,1,31,6,-1,-1,-1,-1,2,E01010564,0,-1
2021332100780,2021,332100780,2,21,0,18,19,7,3,0,0,8,0,0,0,0,1,1,6,6,3,-1,-1,-1,-1,-1,-1,-1,-1,0,-1
2021010325457,2021,010325457,1,1,0,18,19,3,7,0,0,0,0,0,0,0,3,1,2,2,1,32,6,-1,-1,-1,-1,9,E01000452,0,-1
202163B075121,2021,63B075121,1,11,0,4,4,6,1,0,0,0,0,0,0,0,0,1,3,7,1,81,11,-1,-1,-1,-1,5,W01000536,0,-1
2021010306649,2021,010306649,2,1,0,13,13,1,5,99,99,9,9,0,9,99,4,1,1,1,3,-1,-1,-1,-1,-1,-1,-1,-1,0,-1
2021332100314,2021,332100314,2,3,0,18,19,5,1,9,9,0,0,0,0,0,3,1,6,6,1,15,3,-1,-1,-1,-1,1,E01025934,0,-1
2021010350436,2021,010350436,2,1,9,99,99,9,9,99,99,0,9,99,9,99,2,1,6,6,3,-1,-1,-1,-1,-1,-1,-1,-1,0,-1
2021201147301,2021,201147301,1,9,0,18,19,2,6,0,0,0,0,0,0,0,0,1,6,6,3,-1,-1,-1,-1,-1,-1,-1,-1,0,-1
2021061135334,2021,061135334,2,19,0,18,19,2,6,0,0,0,0,0,0,0,1,1,6,6,3,30,6,-1,-1,-1,-1,-1,-1,0,-1
2021010299273,2021,010299273,1,9,0,99,99,9,9,99,99,9,9,99,9,99,2,9,6,6,2,29,6,-1,-1,-1,-1,2,E01001621,0,-1
2021131045749,2021,131045749,2,9,0,5,5,7,3,0,0,4,0,0,0,0,1,1,6,6,3,-1,-1,-1,-1,-1,-1,-1,-1,0,-1
2021010337423,2021,010337423,2,-1,0,9,9,3,1,0,0,4,0,0,0,0,2,1,2,2,2,25,5,-1,-1,-1,-1,7,E01003283,1,-1
2021010338166,2021,010338166,2,1,0,16,19,3,7,0,0,5,0,0,0,0,4,1,1,1,1,22,5,-1,-1,-1,-1,4,E01000923,0,-1
2021141050054,2021,141050054,1,9,0,-1,-1,-1,-1,-1,-1,0,-1,-1,-1,0,-1,1,6,6,3,-1,-1,-1,-1,-1,-1,-1,-1,0,-1
2021010325541,2021,010325541,2,9,0,18,19,8,4,0,0,2,0,0,0,0,1,1,6,6,3,-1,-1,-1,-1,-1,-1,-1,-1,0,-1
2021401107685,2021,401107685,1,98,0,18,19,5,1,0,0,0,0,4,0,0,1,1,6,6,3,-1,-1,-1,-1,-1,-1,7,E01015694,0,-1
2021991016328,2021,991016328,2,9,0,18,19,3,7,0,0,1,0,0,0,0,1,1,5,6,1,72,10,-1,-1,-1,-1,9,-1,0,-1
2021010304195,2021,010304195,1,1,0,99,99,9,9,99,99,9,9,99,9,99,1,9,2,2,1,25,5,-1,-1,-1,-1,5,E01004442,0,-1
2021451025186,2021,451025186,2,1,0,5,5,3,5,0,0,8,0,0,0,0,2,1,5,6,1,24,5,-1,-1,-1,-1,8,E01030697,0,-1
2021010317221,2021,010317221,2,9,0,18,19,5,1,0,0,1,0,0,0,0,1,1,6,6,3,-1,-1,-1,-1,-1,-1,-1,-1,0,-1
2021610039421,2021,610039421,2,9,0,17,19,2,7,0,0,4,0,0,0,0,3,1,2,2,1,25,5,-1,-1,-1,-1,-1,-1,0,-1
2021351053144,2021,351053144,2,1,0,18,19,4,2,4,4,8,0,0,0,0,1,1,6,6,1,24,5,-1,-1,-1,-1,10,E01017995,0,-1
2021201026536,2021,201026536,2,1,0,18,19,4,8,0,0,8,0,0,0,0,3,1,2,2,1,27,6,-1,-1,-1,-1,1,E01009361,0,-1
2021161143328,2021,161143328,1,1,0,18,19,6,2,0,0,2,0,0,0,0,2,1,6,6,1,48,8,-1,-1,-1,-1,9,E01013077,0,-1
2021440170795,2021,440170795,2,9,0,17,19,2,8,0,0,0,0,0,0,0,0,1,6,6,3,-1,-1,-1,-1,-1,-1,-1,-1,0,-1
2021010351296,2021,010351296,1,1,9,99,99,9,9,99,99,0,9,99,9,99,1,1,6,6,1,40,7,-1,-1,-1,-1,5,E01003663,0,-1
202160Z128474,2021,60Z128474,2,98,0,5,5,7,3,0,0,1,0,0,0,0,3,1,6,6,1,-1,-1,-1,-1,-1,-1,-1,-1,0,-1
2021010330089,2021,010330089,1,1,9,99,99,9,9,99,99,0,9,99,9,99,9,1,2,2,2,27,6,-1,-1,-1,-1,3,E01003439,0,-1
2021201114590,2021,201114590,1,9,0,7,7,6,1,0,0,1,0,0,0,0,1,1,6,6,1,-1,-1,-1,-1,-1,-1,-1,-1,0,-1
2021010317748,2021,010317748,2,9,0,18,19,7,3,0,0,0,0,0,0,0,1,1,6,6,3,-1,-1,-1,-1,-1,-1,-1,-1,0,-1
2021131112929,2021,131112929,1,9,0,17,19,1,5,6,6,8,2,10,7,9,1,1,5,6,1,21,5,-1,-1,-1,-1,5,E01011741,0,-1
2021320265986,2021,320265986,3,1,0,18,19,4,2,0,0,2,5,0,0,0,1,1,6,6,1,12,3,-1,-1,-1,-1,7,E01026319,0,-1
2021430478469,2021,430478469,1,9,0,18,19,3,7,0,0,0,0,0,0,0,3,1,6,6,2,50,8,-1,-1,-1,-1,8,E01016801,0,-1
2021010348598,2021,010348598,1,1,9,99,99,9,9,99,99,9,9,99,9,99,9,1,2,2,1,31,6,-1,-1,-1,-1,3,E01002909,0,-1
2021461047490,2021,461047490,3,21,1,18,19,6,2,0,0,0,0,0,0,0,4,1,1,1,1,-1,-1,-1,-1,-1,-1,-1,-1,0,-1
2021010306674,2021,010306674,2,1,0,18,19,1,5,0,0,1,0,0,0,0,1,1,1,1,1,57,9,-1,-1,-1,-1,2,E01000483,0,-1
2021201073864,2021,201073864,1,-1,0,18,19,6,2,0,0,0,0,0,0,0,3,1,6,6,3,-1,-1,-1,-1,-1,-1,-1,-1,1,-1
2021010301251,2021,010301251,1,1,0,18,19,5,1,0,0,3,0,0,0,0,2,1,2,2,2,35,6,-1,-1,-1,-1,7,E01003369,0,-1
2021201085583,2021,201085583,1,9,0,18,19,4,8,0,0,0,0,0,0,0,1,1,6,6,3,-1,-1,-1,-1,-1,-1,-1,-1,0,-1
2021421015921,2021,421015921,1,21,1,13,13,8,4,0,0,0,0,0,0,0,0,1,6,6,3,-1,-1,-1,-1,-1,-1,-1,-1,0,-1
2021138431043,2021,138431043,2,1,0,18,19,5,1,0,0,0,1,0,0,0,0,1,6,6,1,24,5,-1,-1,-1,-1,1,E01011620,0,-1
2021010312528,2021,010312528,1,1,9,99,99,9,9,99,99,9,9,99,9,99,9,1,6,6,1,30,6,-1,-1,-1,-1,6,E01001665,0,-1
2021010300097,2021,010300097,2,1,0,18,19,3,7,0,0,0,0,0,0,0,1,1,6,6,2,50,8,-1,-1,-1,-1,7,E01004544,0,-1
2021010319377,2021,010319377,2,1,0,4,4,8,4,0,0,2,0,0,0,0,1,1,6,6,1,27,6,-1,-1,-1,-1,3,E01002772,0,-1
2021440398356,2021,440398356,1,9,0,18,19,5,1,0,0,0,0,0,0,0,1,1,1,1,1,63,9,-1,-1,-1,-1,5,E01032726,0,-1
2021111131006,2021,111131006,2,1,0,18,19,1,5,0,0,8,0,0,0,0,4,1,2,2,1,36,7,-1,-1,-1,-1,3,E01020760,0,-1
2021351105157,2021,351105157,1,9,0,18,19,1,5,0,0,0,0,0,0,0,1,1,6,6,3,-1,-1,-1,-1,-1,-1,-1,-1,0,-1
2021440157823,2021,440157823,1,22,0,18,19,6,2,0,0,8,0,0,0,0,1,1,6,6,1,72,10,-1,-1,-1,-1,5,E01022542,0,-1
2021101110955,2021,101110955,2,1,0,18,19,3,8,0,0,0,0,0,0,0,4,1,5,6,1,20,4,-1,-1,-1,-1,3,E01008742,0,-1
2021052101329,2021,052101329,1,9,0,4,4,1,5,0,0,1,0,0,0,0,1,1,6,6,2,43,7,-1,-1,-1,-1,1,E01006861,0,-1
2021522102716,2021,522102716,2,-1,0,17,19,4,3,0,0,8,0,0,0,0,4,1,6,6,2,26,6,-1,-1,-1,-1,2,E01033361,1,-1
2021461063146,2021,461063146,1,9,0,14,14,3,7,0,0,0,0,0,0,0,1,1,6,6,1,54,8,-1,-1,-1,-1,5,E01024033,0,-1
2021010351144,2021,010351144,2,3,0,18,19,3,7,0,0,8,0,0,0,0,3,1,1,1,2,35,6,-1,-1,-1,-1,2,E01002077,0,-1
2021010318011,2021,010318011,1,-1,0,18,19,5,1,0,0,1,0,0,0,0,1,1,6,6,1,36,7,-1,-1,-1,-1,2,E01002686,1,-1
2021052101256,2021,052101256,1,1,0,18,19,4,8,0,0,1,0,0,0,0,2,1,6,6,1,50,8,-1,-1,-1,-1,5,E01007223,0,-1
2021101060153,2021,101060153,2,1,0,4,4,5,1,0,0,3,0,0,0,0,1,1,5,6,1,43,7,-1,-1,-1,-1,-1,-1,0,-1
2021061044246,2021,061044246,1,11,0,18,19,4,8,0,0,1,0,0,0,0,1,1,1,1,3,30,6,-1,-1,-1,-1,-1,-1,0,-1