collision_index,collision_year,collision_ref_no,vehicle_reference,vehicle_type,towing_and_articulation,vehicle_manoeuvre_historic,vehicle_manoeuvre,vehicle_direction_from,vehicle_direction_to,vehicle_location_restricted_lane_historic,vehicle_location_restricted_lane,junction_location,skidding_and_overturning,hit_object_in_carriageway,vehicle_leaving_carriageway,hit_object_off_carriageway,first_point_of_impact,vehicle_left_hand_drive,journey_purpose_of_driver_historic,journey_purpose_of_driver,sex_of_driver,age_of_driver,age_band_of_driver,engine_capacity_cc,propulsion_code,age_of_vehicle,generic_make_model,driver_imd_decile,lsoa_of_driver,escooter_flag,driver_distance_banding
2021461103055,2021,461103055,1,1,0,18,19,1,5,5,5,0,0,0,0,0,0,1,5,6,1,19,4,-1,-1,-1,-1,2,E01016110,0,-1
2021332100285,2021,332100285,1,5,0,18,19,4,8,0,0,8,0,0,0,0,4,1,6,6,1,30,6,-1,-1,-1,-1,8,E01025679,0,-1
2021010342985,2021,010342985,1,9,0,18,19,5,1,0,0,3,0,11,0,0,4,1,6,6,3,-1,-1,-1,-1,-1,-1,-1,-1,0,-1
2021131090193,2021,131090193,2,22,0,18,19,5,1,0,0,0,0,0,0,0,1,1,6,6,3,-1,-1,-1,-1,-1,-1,-1,-1,0,-1
2021010333066,2021,010333066,1,9,0,5,5,0,3,0,0,0,0,0,0,0,1,1,6,6,3,-1,-1,-1,-1,-1,-1,-1,-1,0,-1
2021332100060,2021,332100060,1,9,0,9,9,7,5,0,0,6,0,0,0,0,1,1,2,2,1,44,7,-1,-1,-1,-1,5,E01013606,0,-1
2021052102851,2021,052102851,2,20,0,2,2,0,0,0,0,0,0,0,0,0,1,1,1,1,2,52,8,-1,-1,-1,-1,9,E01006319,0,-1
2021010300963,2021,010300963,1,9,0,9,9,6,3,4,4,5,0,0,0,0,4,1,2,2,1,64,9,-1,-1,-1,-1,2,E01004537,0,-1
2021010289883,2021,010289883,2,98,9,99,99,9,9,99,99,9,9,99,9,99,2,9,6,6,3,-1,-1,-1,-1,-1,-1,-1,-1,0,-1
2021332100676,2021,332100676,2,9,0,18,19,5,1,0,0,6,0,0,7,10,4,1,6,6,3,-1,-1,-1,-1,-1,-1,-1,-1,0,-1
2021122100863,2021,122100863,1,1,0,16,19,1,5,0,0,0,0,0,0,0,1,1,6,6,1,43,7,-1,-1,-1,-1,10,E01027683,0,-1
2021461081035,2021,461081035,1,9,0,18,19,7,3,0,0,0,5,0,0,0,3,1,5,6,1,19,4,-1,-1,-1,-1,4,E01024702,0,-1
2021221107087,2021,221107087,1,9,0,17,19,4,8,0,0,0,0,0,1,0,1,1,6,6,1,51,8,-1,-1,-1,-1,5,E01032430,0,-1
2021010312901,2021,010312901,1,1,9,99,99,9,9,99,99,9,9,99,9,99,9,1,6,6,1,16,4,-1,-1,-1,-1,3,E01000257,0,-1
2021010323229,2021,010323229,1,1,0,18,19,3,7,0,0,1,0,0,0,0,9,1,6,6,2,39,7,-1,-1,-1,-1,3,E01001981,0,-1
2021332100205,2021,332100205,2,1,0,18,19,2,6,0,0,8,0,0,0,0,4,1,6,6,1,35,6,-1,-1,-1,-1,10,E01025708,0,-1
2021440338243,2021,440338243,1,1,0,9,9,5,7,0,0,1,0,0,0,0,3,1,6,6,1,36,7,-1,-1,-1,-1,3,E01017184,0,-1
2021010322278,2021,010322278,1,1,9,99,99,9,9,99,99,9,9,99,9,99,9,1,6,6,1,36,7,-1,-1,-1,-1,2,E01003995,0,-1
2021430076020,2021,430076020,2,9,0,2,2,0,0,0,0,1,0,0,0,0,3,1,6,6,1,-1,-1,-1,-1,-1,-1,-1,-1,0,-1
2021101063564,2021,101063564,2,9,0,5,5,8,2,0,0,3,0,0,0,0,2,1,5,6,1,29,6,-1,-1,-1,-1,-1,-1,0,-1
2021201028778,2021,201028778,2,9,0,18,19,4,8,0,0,8,0,0,0,0,1,1,1,1,3,42,7,-1,-1,-1,-1,3,E01009887,0,-1
2021010333207,2021,010333207,2,1,0,9,9,4,1,0,0,1,5,0,0,0,3,1,1,1,2,45,7,-1,-1,-1,-1,2,E01003299,0,-1
2021332100184,2021,332100184,2,9,0,18,19,6,2,0,0,8,0,0,0,0,1,1,6,6,2,37,7,-1,-1,-1,-1,5,E01025879,0,-1
2021430163803,2021,430163803,1,19,0,18,19,8,4,0,0,0,0,0,0,0,4,1,6,6,3,-1,-1,-1,-1,-1,-1,-1,-1,0,-1
2021010312461,2021,010312461,1,1,0,18,19,5,1,0,0,8,0,0,0,0,3,1,6,6,1,41,7,-1,-1,-1,-1,5,E01004560,0,-1
2021201073457,2021,201073457,2,9,0,18,19,6,2,0,0,0,0,4,0,0,1,1,6,6,2,45,7,-1,-1,-1,-1,1,E01009996,0,-1
2021061103016,2021,061103016,1,9,0,18,19,3,7,0,0,1,0,0,0,0,3,1,6,6,3,30,6,-1,-1,-1,-1,-1,-1,0,-1
2021211080882,2021,211080882,1,9,0,18,19,6,2,0,0,1,0,0,0,0,1,1,5,6,1,42,7,-1,-1,-1,-1,1,E01029845,0,-1
2021411076127,2021,411076127,2,9,0,18,19,7,3,0,0,0,0,0,0,0,1,1,6,6,1,34,6,-1,-1,-1,-1,4,E01023350,0,-1
2021111031036,2021,111031036,1,3,0,18,19,3,7,0,0,6,0,0,0,0,1,1,6,6,1,32,6,-1,-1,-1,-1,4,E01020656,0,-1
202160Z024341,2021,60Z024341,1,9,0,18,19,5,1,0,0,1,1,0,0,0,1,1,6,6,2,21,5,-1,-1,-1,-1,-1,-1,0,-1
2021351014542,2021,351014542,2,1,0,18,19,3,7,0,0,0,0,0,0,0,3,1,6,6,2,48,8,-1,-1,-1,-1,10,E01017959,0,-1
2021061069806,2021,061069806,1,21,4,6,6,3,7,0,0,0,3,0,0,0,3,2,1,1,1,53,8,-1,-1,-1,-1,-1,-1,0,-1
2021501089837,2021,501089837,1,19,0,7,7,1,3,0,0,5,0,0,0,0,4,1,6,6,3,-1,-1,-1,-1,-1,-1,-1,-1,0,-1
2021141102168,2021,141102168,2,1,0,18,19,7,3,0,0,1,0,0,0,0,1,1,6,6,1,72,10,-1,-1,-1,-1,4,E01007584,0,-1
2021052101995,2021,052101995,1,-1,0,18,19,2,6,0,0,8,0,0,0,0,1,1,6,6,1,33,6,-1,-1,-1,-1,1,E01006678,1,-1
2021522200023,2021,522200023,2,1,0,18,19,2,6,0,0,0,0,8,0,0,1,1,6,6,1,31,6,-1,-1,-1,-1,2,E01014640,0,-1
2021041032636,2021,041032636,2,1,0,18,19,1,5,0,0,0,0,0,0,0,1,1,5,6,1,42,7,-1,-1,-1,-1,7,E01025506,0,-1
202163D009621,2021,63D009621,1,9,4,18,19,8,4,0,0,0,0,0,0,0,0,1,2,2,1,46,8,-1,-1,-1,-1,6,W01000433,0,-1
2021501088196,2021,501088196,2,1,0,18,19,6,2,0,0,0,0,0,0,0,3,1,5,6,1,59,9,-1,-1,-1,-1,9,E01015208,0,-1
2021991122152,2021,991122152,1,90,0,18,19,3,7,0,0,1,0,0,0,0,1,1,6,6,1,-1,-1,-1,-1,-1,-1,-1,-1,0,-1
2021522104100,2021,522104100,1,9,0,18,19,1,5,0,0,8,0,0,0,0,1,1,6,6,1,30,6,-1,-1,-1,-1,-1,-1,0,-1
2021440159521,2021,440159521,1,1,0,18,19,8,4,0,0,8,0,0,0,0,3,1,6,6,1,37,7,-1,-1,-1,-1,6,E01017212,0,-1
2021010317661,2021,010317661,2,9,0,99,99,9,9,99,99,9,9,99,9,99,9,9,6,6,3,-1,-1,-1,-1,-1,-1,-1,-1,0,-1
2021411030267,2021,411030267,2,1,0,18,19,-1,-1,0,0,0,0,0,0,0,0,1,5,6,1,32,6,-1,-1,-1,-1,4,E01002792,0,-1
202131C022221,2021,31C022221,1,1,0,18,19,8,4,0,0,8,0,0,0,0,3,1,2,2,1,58,9,-1,-1,-1,-1,3,E01013930,0,-1
2021552100907,2021,552100907,1,11,0,5,5,8,4,0,0,0,0,0,0,0,0,1,1,1,3,33,6,-1,-1,-1,-1,-1,-1,0,-1
2021411066513,2021,411066513,1,-1,0,18,19,1,5,9,9,0,0,0,0,0,1,1,6,6,1,-1,-1,-1,-1,-1,-1,-1,-1,1,-1
2021302101176,2021,302101176,1,1,0,18,19,8,2,0,0,0,0,0,0,0,3,1,6,6,1,61,9,-1,-1,-1,-1,8,E01019867,0,-1
202163C084021,2021,63C084021,1,19,0,18,19,5,8,0,0,4,0,0,0,0,1,1,1,1,1,47,8,-1,-1,-1,-1,7,W01000572,0,-1
2021440383439,2021,440383439,1,9,0,9,9,4,8,0,0,8,0,0,0,0,1,1,6,6,1,-1,-1,-1,-1,-1,-1,-1,-1,0,-1
2021170L30791,2021,170L30791,1,9,0,18,19,8,4,0,0,0,0,0,0,0,0,1,6,6,3,-1,-1,-1,-1,-1,-1,-1,-1,0,-1
2021440207025,2021,440207025,2,9,0,18,19,4,8,0,0,1,0,0,0,0,1,1,6,6,3,-1,-1,-1,-1,-1,-1,-1,-1,0,-1
2021010296718,2021,010296718,2,9,0,18,19,1,5,0,0,2,0,0,0,0,0,1,6,6,3,-1,-1,-1,-1,-1,-1,-1,-1,0,-1
2021161079276,2021,161079276,1,9,0,18,19,7,3,0,0,0,0,0,0,0,1,1,6,6,2,25,5,-1,-1,-1,-1,4,E01012901,0,-1
2021010316535,2021,010316535,1,1,9,99,99,9,9,99,99,9,9,99,9,99,1,1,6,6,3,-1,-1,-1,-1,-1,-1,-1,-1,0,-1
2021547908621,2021,547908621,1,9,0,18,19,5,1,0,0,0,0,0,0,0,0,1,6,6,3,-1,-1,-1,-1,-1,-1,-1,-1,0,-1
2021010342708,2021,010342708,1,97,0,5,5,5,1,0,0,2,0,0,0,0,1,1,6,6,3,-1,-1,-1,-1,-1,-1,-1,-1,0,-1
2021440479437,2021,440479437,2,1,0,18,19,5,1,0,0,0,0,0,0,0,1,1,2,2,1,59,9,-1,-1,-1,-1,8,E01022825,0,-1
2021101014844,2021,101014844,1,9,-1,-1,-1,-1,-1,-1,-1,0,-1,-1,-1,0,-1,1,6,6,3,-1,-1,-1,-1,-1,-1,-1,-1,0,-1
2021332100397,2021,332100397,2,9,0,3,3,6,2,0,0,1,0,0,0,0,2,1,1,1,2,38,7,-1,-1,-1,-1,10,E01025944,0,-1
2021141127609,2021,141127609,2,22,0,5,5,2,6,0,0,0,0,4,0,0,2,1,6,6,2,-1,-1,-1,-1,-1,-1,-1,-1,0,-1
2021430269954,2021,430269954,1,1,0,18,19,3,7,0,0,0,0,0,0,0,1,1,6,6,1,54,8,-1,-1,-1,-1,7,E01017643,0,-1
2021070307147,2021,070307147,1,21,1,5,5,1,7,0,0,6,0,0,0,0,3,2,1,1,1,55,8,-1,-1,-1,-1,-1,-1,0,-1
2021010310058,2021,010310058,1,9,0,99,99,9,9,99,99,9,9,99,9,99,1,9,6,6,3,-1,-1,-1,-1,-1,-1,6,E01002789,0,-1
2021010305129,2021,010305129,2,1,0,18,19,7,3,0,0,8,5,0,0,0,2,1,6,6,1,27,6,-1,-1,-1,-1,2,E01004295,0,-1
2021991070850,2021,991070850,2,1,0,18,19,2,6,0,0,8,5,0,0,0,3,1,5,6,1,59,9,-1,-1,-1,-1,6,-1,0,-1
2021010351752,2021,010351752,2,9,0,7,7,1,4,0,0,6,1,7,1,11,1,1,6,6,2,25,5,-1,-1,-1,-1,1,E01032512,0,-1
202131C115721,2021,31C115721,1,9,0,18,19,7,3,0,0,1,1,4,0,0,3,1,6,6,1,25,5,-1,-1,-1,-1,-1,-1,0,-1
2021010326762,2021,010326762,2,1,0,5,5,2,6,0,0,6,0,0,0,0,4,1,2,2,1,38,7,-1,-1,-1,-1,4,E01001738,0,-1
2021461039234,2021,461039234,1,19,0,1,1,1,3,0,0,0,0,0,0,0,2,1,1,1,1,-1,-1,-1,-1,-1,-1,2,E01024616,0,-1
2021111013916,2021,111013916,1,90,0,1,1,1,5,0,0,0,0,0,0,0,2,1,1,1,3,40,7,-1,-1,-1,-1,-1,-1,0,-1
2021010293251,2021,010293251,1,1,0,18,19,7,3,0,0,1,2,0,0,0,1,1,6,6,1,86,11,-1,-1,-1,-1,2,E01002843,0,-1
2021221041314,2021,221041314,2,5,0,13,13,7,3,0,0,0,0,0,0,0,1,1,6,6,1,66,10,-1,-1,-1,-1,6,E01032166,0,-1
2021161026509,2021,161026509,2,9,0,18,19,2,6,0,0,2,0,4,0,0,4,1,6,6,1,-1,-1,-1,-1,-1,-1,-1,-1,0,-1
2021010312793,2021,010312793,1,9,0,18,19,7,3,0,0,1,0,0,0,0,3,1,6,6,1,23,5,-1,-1,-1,-1,3,E01001488,0,-1
2021520104296,2021,520104296,1,1,0,18,19,2,6,0,0,8,0,0,0,0,4,1,6,6,1,43,7,-1,-1,-1,-1,10,E01014477,0,-1
2021332100276,2021,332100276,2,9,0,18,19,2,6,0,0,8,1,0,1,11,3,1,6,6,1,24,5,-1,-1,-1,-1,-1,-1,0,-1
2021332100976,2021,332100976,2,9,0,5,5,5,8,0,0,0,0,0,0,0,1,1,3,7,2,51,8,-1,-1,-1,-1,9,E01025828,0,-1
2021061103503,2021,061103503,2,9,0,7,7,4,6,0,0,1,0,0,0,0,1,1,6,6,3,30,6,-1,-1,-1,-1,-1,-1,0,-1
2021010309466,2021,010309466,1,1,9,99,99,9,9,0,0,8,0,0,0,0,9,1,6,6,1,29,6,-1,-1,-1,-1,5,E01004461,0,-1
2021161049980,2021,161049980,1,1,0,9,9,4,8,0,0,8,0,0,0,0,4,1,6,6,1,69,10,-1,-1,-1,-1,3,E01013198,0,-1
2021501121700,2021,501121700,1,9,0,4,4,4,8,0,0,1,0,0,1,0,2,1,5,6,1,64,9,-1,-1,-1,-1,4,E01019073,0,-1
2021010325023,2021,010325023,1,9,0,18,19,5,1,0,0,8,0,0,0,0,0,1,6,6,1,-1,-1,-1,-1,-1,-1,-1,-1,0,-1
2021411080233,2021,411080233,3,-1,0,18,19,-1,-1,0,0,0,0,0,0,0,1,1,6,6,3,-1,-1,-1,-1,-1,-1,-1,-1,0,-1
2021371028200,2021,371028200,1,9,0,4,4,3,8,0,0,1,0,0,0,0,1,1,5,6,1,70,10,-1,-1,-1,-1,7,E01029981,0,-1
2021471051421,2021,471051421,1,9,0,7,7,6,7,0,0,1,0,0,0,0,3,1,6,6,2,-1,-1,-1,-1,-1,-1,-1,-1,0,-1
2021010307960,2021,010307960,1,1,9,99,99,9,9,99,99,9,9,99,9,99,9,1,2,2,2,35,6,-1,-1,-1,-1,3,E01000866,0,-1
2021010334239,2021,010334239,2,1,0,18,19,1,5,0,0,2,0,0,0,0,1,1,2,2,1,28,6,-1,-1,-1,-1,4,E01001835,0,-1
2021610031421,2021,610031421,1,9,0,9,9,2,8,0,0,5,0,0,0,2,4,1,6,6,1,25,5,-1,-1,-1,-1,-1,-1,0,-1
2021010291067,2021,010291067,2,1,0,18,19,5,1,0,0,1,0,0,0,0,4,1,6,6,1,40,7,-1,-1,-1,-1,4,E01032788,0,-1
2021061073058,2021,061073058,1,1,0,18,19,1,5,0,0,1,0,0,0,0,0,1,6,6,1,70,10,-1,-1,-1,-1,6,E01005154,0,-1
2021430195090,2021,430195090,2,9,0,18,19,7,3,0,0,2,0,0,0,0,3,1,6,6,1,85,11,-1,-1,-1,-1,7,E01028720,0,-1
2021131125936,2021,131125936,2,1,0,14,14,8,4,0,0,0,0,0,0,0,1,1,5,6,1,54,8,-1,-1,-1,-1,4,E01010791,0,-1
2021010298053,2021,010298053,1,1,0,18,19,7,3,5,5,1,0,0,0,0,1,1,4,7,1,17,4,-1,-1,-1,-1,8,E01002582,0,-1
2021332100741,2021,332100741,1,9,0,18,19,3,7,0,0,8,0,0,0,0,1,1,6,6,1,28,6,-1,-1,-1,-1,10,E01025880,0,-1
2021501067913,2021,501067913,2,1,0,18,19,6,2,0,0,0,0,0,0,0,4,1,6,6,1,13,3,-1,-1,-1,-1,9,E01020257,0,-1
2021010322022,2021,010322022,1,1,9,8,8,1,2,99,99,9,9,99,9,99,1,1,6,6,3,58,9,-1,-1,-1,-1,5,E01004442,0,-1
2021010335518,2021,010335518,2,19,0,99,99,9,9,99,99,0,9,99,9,99,9,9,6,6,1,34,6,-1,-1,-1,-1,10,E01023908,0,-1
2021302101679,2021,302101679,2,9,0,7,7,2,4,0,0,4,0,0,0,0,1,1,2,2,2,58,9,-1,-1,-1,-1,3,E01019858,0,-1
2021332100321,2021,332100321,1,9,0,15,15,6,2,0,0,2,0,0,0,0,4,1,2,2,1,42,7,-1,-1,-1,-1,1,E01009026,0,-1
2021451081714,2021,451081714,1,98,0,18,19,4,8,0,0,0,0,0,0,0,1,2,1,1,1,29,6,-1,-1,-1,-1,-1,-1,0,-1
2021010322082,2021,010322082,1,1,9,99,99,9,9,99,99,9,9,99,9,99,2,1,6,6,1,11,3,-1,-1,-1,-1,2,E01001441,0,-1
2021052101630,2021,052101630,2,1,0,9,9,1,7,0,0,4,0,0,0,0,1,1,2,2,1,55,8,-1,-1,-1,-1,8,E01006992,0,-1
2021052101717,2021,052101717,1,9,0,18,19,7,3,0,0,0,0,0,0,0,1,1,6,6,1,-1,-1,-1,-1,-1,-1,-1,-1,0,-1
202160Z124242,2021,60Z124242,2,9,0,4,4,8,4,0,0,1,0,0,0,0,2,1,6,6,1,53,8,-1,-1,-1,-1,-1,-1,0,-1
2021332100644,2021,332100644,1,9,0,11,11,4,8,2,2,1,0,0,0,0,1,1,2,2,1,62,9,-1,-1,-1,-1,2,E01013687,0,-1
2021351051487,2021,351051487,1,9,0,17,19,8,3,0,0,0,1,0,8,11,1,1,6,6,1,20,4,-1,-1,-1,-1,-1,-1,0,-1
2021302100015,2021,302100015,1,9,0,18,19,4,8,0,0,4,0,0,0,0,1,1,6,6,3,-1,-1,-1,-1,-1,-1,5,E01019456,0,-1
2021440398235,2021,440398235,2,9,0,14,14,5,1,0,0,0,0,0,0,0,4,1,6,6,3,-1,-1,-1,-1,-1,-1,-1,-1,0,-1
2021010312960,2021,010312960,1,1,0,18,19,3,7,2,2,8,0,0,0,0,3,1,2,2,1,26,6,-1,-1,-1,-1,2,E01002045,0,-1
2021451055127,2021,451055127,2,9,0,18,19,1,5,0,0,0,0,0,0,0,0,1,6,6,3,55,8,-1,-1,-1,-1,-1,-1,0,-1
2021010320739,2021,010320739,1,1,9,99,99,9,9,99,99,9,9,99,9,99,1,1,6,6,1,35,6,-1,-1,-1,-1,2,E01004302,0,-1
2021010297205,2021,010297205,2,1,0,11,11,3,7,0,0,3,0,0,0,0,1,1,2,2,1,41,7,-1,-1,-1,-1,7,E01000190,0,-1
2021201144944,2021,201144944,1,9,0,18,19,3,7,0,0,1,0,0,0,0,1,1,6,6,1,-1,-1,-1,-1,-1,-1,-1,-1,0,-1
2021141015342,2021,141015342,2,9,0,18,19,5,1,0,0,0,0,0,0,0,1,1,6,6,3,50,8,-1,-1,-1,-1,-1,-1,0,-1
202131C100521,2021,31C100521,2,1,0,18,19,4,8,9,9,1,0,0,0,0,1,1,6,6,1,23,5,-1,-1,-1,-1,5,E01013840,0,-1
2021061090198,2021,061090198,2,1,0,18,19,6,2,0,0,8,0,0,0,0,1,1,2,2,1,42,7,-1,-1,-1,-1,3,E01005139,0,-1
2021010294379,2021,010294379,2,9,0,7,7,5,7,2,2,1,0,0,0,0,0,1,6,6,3,-1,-1,-1,-1,-1,-1,-1,-1,0,-1
2021010324512,2021,010324512,1,97,0,99,99,9,9,99,99,9,9,99,9,99,1,1,6,6,3,-1,-1,-1,-1,-1,-1,-1,-1,0,-1
2021131112440,2021,131112440,1,9,0,18,19,1,5,0,0,0,0,0,0,0,1,1,6,6,3,-1,-1,-1,-1,-1,-1,-1,-1,0,-1
2021010325160,2021,010325160,1,1,9,99,99,9,9,99,99,1,9,99,9,99,9,1,6,6,2,37,7,-1,-1,-1,-1,4,E01001085,0,-1
202160Z146540,2021,60Z146540,2,9,0,18,19,1,5,0,0,1,0,0,0,0,2,1,6,6,1,43,7,-1,-1,-1,-1,-1,-1,0,-1
2021501064162,2021,501064162,2,1,0,18,19,6,2,0,0,1,0,0,0,0,2,1,5,6,1,70,10,-1,-1,-1,-1,6,E01020315,0,-1
2021411065722,2021,411065722,1,9,0,4,4,4,8,0,0,0,1,0,0,0,1,1,1,1,2,30,6,-1,-1,-1,-1,4,E01002224,0,-1
2021041069670,2021,041069670,2,1,0,18,19,3,6,0,0,0,0,0,0,0,0,1,6,6,1,64,9,-1,-1,-1,-1,7,E01005468,0,-1
2021052100485,2021,052100485,2,1,0,18,19,5,1,0,0,0,0,0,0,0,2,1,6,6,1,64,9,-1,-1,-1,-1,2,E01006782,0,-1
202163A097921,2021,63A097921,1,9,0,17,19,8,5,0,0,0,2,0,2,10,1,1,6,6,2,61,9,-1,-1,-1,-1,8,W01000917,0,-1
2021991024774,2021,991024774,1,9,0,7,7,4,7,0,0,1,0,0,0,0,4,1,1,1,1,51,8,-1,-1,-1,-1,5,-1,0,-1
2021451091725,2021,451091725,1,1,0,16,19,4,8,0,0,0,0,0,0,0,1,1,5,6,1,45,7,-1,-1,-1,-1,10,E01003472,0,-1
2021141033824,2021,141033824,2,9,0,-1,-1,-1,-1,-1,-1,8,-1,-1,-1,0,-1,1,6,6,3,-1,-1,-1,-1,-1,-1,-1,-1,0,-1
202154A731321,2021,54A731321,2,9,0,4,4,2,6,0,0,1,0,0,0,0,2,1,6,6,2,48,8,-1,-1,-1,-1,9,E01032713,0,-1
202163DF01721,2021,63DF01721,3,9,0,4,4,8,4,0,0,0,0,0,0,0,2,1,3,7,1,37,7,-1,-1,-1,-1,7,W01000475,0,-1
2021010336249,2021,010336249,1,3,0,99,99,9,9,99,99,9,9,99,9,99,9,9,6,6,1,20,4,-1,-1,-1,-1,2,E01001144,0,-1
2021421041642,2021,421041642,1,9,0,5,5,7,3,0,0,4,2,0,0,0,1,1,1,1,1,19,4,-1,-1,-1,-1,3,E01021871,0,-1
2021010348444,2021,010348444,1,1,9,99,99,9,9,99,99,9,9,99,9,99,1,1,2,2,1,36,7,-1,-1,-1,-1,6,E01003272,0,-1
2021471055053,2021,471055053,1,9,0,1,1,3,7,0,0,2,0,0,0,0,2,1,6,6,1,43,7,-1,-1,-1,-1,6,E01016862,0,-1
2021461115996,2021,461115996,2,1,0,5,5,3,7,0,0,2,5,0,0,0,1,1,6,6,1,24,5,-1,-1,-1,-1,1,E01024657,0,-1
2021201014046,2021,201014046,1,9,0,18,19,4,8,0,0,0,0,0,0,0,1,1,6,6,2,-1,-1,-1,-1,-1,-1,-1,-1,0,-1
2021440145544,2021,440145544,2,9,0,4,4,4,8,0,0,0,0,0,0,0,1,1,6,6,1,41,7,-1,-1,-1,-1,2,E01017331,0,-1
2021201086946,2021,201086946,1,9,0,18,19,-1,-1,0,0,1,0,10,0,0,1,1,6,6,3,-1,-1,-1,-1,-1,-1,-1,-1,0,-1
2021522200781,2021,522200781,2,9,0,18,19,2,6,0,0,8,0,0,0,0,1,1,6,6,1,18,4,-1,-1,-1,-1,4,E01014675,0,-1
2021061068396,2021,061068396,1,9,0,3,3,3,7,0,0,0,0,0,0,0,2,1,5,6,1,17,4,-1,-1,-1,-1,9,E01005788,0,-1
2021440219106,2021,440219106,2,1,0,18,19,6,2,0,0,8,0,0,0,0,1,1,6,6,1,19,4,-1,-1,-1,-1,4,E01022916,0,-1
202131C116721,2021,31C116721,2,1,0,18,19,2,6,5,5,8,0,0,0,0,1,1,6,6,1,30,6,-1,-1,-1,-1,10,E01028128,0,-1
2021041102391,2021,041102391,2,1,0,9,9,3,1,0,0,6,0,0,0,0,1,1,5,6,1,37,7,-1,-1,-1,-1,3,E01024883,0,-1
2021991059977,2021,991059977,2,9,0,18,19,1,5,0,0,4,0,0,0,0,3,1,5,6,1,70,10,-1,-1,-1,-1,5,-1,0,-1
2021010294401,2021,010294401,1,1,9,99,99,9,9,99,99,0,9,99,9,99,1,1,6,6,1,50,8,-1,-1,-1,-1,5,E01002563,0,-1
2021041114639,2021,041114639,1,9,0,18,19,1,4,0,0,0,0,4,0,0,1,2,6,6,3,-1,-1,-1,-1,-1,-1,-1,-1,0,-1
2021010315346,2021,010315346,2,1,0,15,15,6,2,0,0,1,0,8,0,0,4,1,1,1,1,26,6,-1,-1,-1,-1,2,E01004424,0,-1
2021061043066,2021,061043066,1,9,0,5,5,6,2,8,6,2,0,0,0,0,1,1,6,6,3,30,6,-1,-1,-1,-1,-1,-1,0,-1
2021481070417,2021,481070417,2,1,0,18,19,3,7,0,0,1,0,0,0,0,3,1,2,2,2,40,7,-1,-1,-1,-1,5,E01023924,0,-1
202160Z142339,2021,60Z142339,2,9,0,17,19,1,6,0,0,0,0,0,0,0,1,1,6,6,1,55,8,-1,-1,-1,-1,-1,-1,0,-1
2021461030933,2021,461030933,1,9,0,-1,-1,-1,-1,-1,-1,0,-1,-1,-1,0,-1,1,6,6,3,-1,-1,-1,-1,-1,-1,-1,-1,0,-1
2021430146752,2021,430146752,2,1,0,18,19,5,1,0,0,0,0,0,0,0,3,1,6,6,1,26,6,-1,-1,-1,-1,9,E01028754,0,-1
2021332100669,2021,332100669,2,98,0,18,19,4,8,0,0,0,0,0,0,0,4,1,1,1,1,56,9,-1,-1,-1,-1,2,E01019699,0,-1
2021991023212,2021,991023212,2,1,0,7,7,5,7,0,0,1,0,0,3,0,4,1,6,6,1,49,8,-1,-1,-1,-1,7,-1,0,-1
2021131091137,2021,131091137,2,1,0,5,5,3,7,0,0,0,0,0,0,0,1,1,6,6,2,33,6,-1,-1,-1,-1,10,E01011380,0,-1
2021041038522,2021,041038522,1,1,0,18,19,3,7,0,0,1,0,0,0,0,1,1,6,6,1,76,11,-1,-1,-1,-1,4,E01024919,0,-1
2021010332551,2021,010332551,2,1,0,18,19,5,1,9,9,1,5,0,7,0,4,1,2,2,1,30,6,-1,-1,-1,-1,6,E01003843,0,-1
2021010302957,2021,010302957,1,9,0,18,19,1,5,0,0,1,0,0,0,0,1,1,6,6,1,24,5,-1,-1,-1,-1,2,E01003046,0,-1
2021131121724,2021,131121724,2,1,0,13,13,8,4,0,0,0,0,0,0,0,4,1,5,6,1,22,5,-1,-1,-1,-1,2,E01010815,0,-1
2021201041673,2021,201041673,2,1,0,18,19,8,4,0,0,0,0,10,0,0,4,1,6,6,1,76,11,-1,-1,-1,-1,1,E01009478,0,-1
2021501133774,2021,501133774,2,9,0,18,19,5,1,0,0,8,0,0,0,0,3,1,5,6,2,31,6,-1,-1,-1,-1,4,E01018951,0,-1
2021430151068,2021,430151068,2,11,0,7,7,3,6,0,0,4,0,0,0,0,4,1,1,1,1,-1,-1,-1,-1,-1,-1,-1,-1,0,-1
2021471102381,2021,471102381,3,9,0,4,4,8,4,0,0,0,0,0,0,0,0,1,6,6,3,-1,-1,-1,-1,-1,-1,-1,-1,0,-1
2021421034211,2021,421034211,1,1,0,18,19,3,7,0,0,1,0,0,0,0,3,1,5,6,1,27,6,-1,-1,-1,-1,5,E01021680,0,-1
2021010327642,2021,010327642,1,1,0,9,9,3,1,0,0,6,1,0,0,0,1,1,1,1,1,22,5,-1,-1,-1,-1,3,E01000195,0,-1
2021471030521,2021,471030521,2,9,0,7,7,8,4,0,0,0,0,0,0,0,2,1,5,6,1,55,8,-1,-1,-1,-1,5,E01021100,0,-1
2021520103384,2021,520103384,1,9,0,18,19,6,2,0,0,0,0,0,0,0,1,1,1,1,2,62,9,-1,-1,-1,-1,2,E01029311,0,-1
2021201050985,2021,201050985,2,1,0,18,19,3,7,0,0,0,0,0,0,0,1,1,6,6,1,18,4,-1,-1,-1,-1,3,E01008895,0,-1
2021061103305,2021,061103305,1,1,0,5,5,6,2,0,0,1,0,0,0,0,1,1,2,2,1,38,7,-1,-1,-1,-1,-1,-1,0,-1
2021010306798,2021,010306798,1,1,9,99,99,9,9,99,99,9,9,99,9,99,9,1,6,6,1,59,9,-1,-1,-1,-1,7,E01000296,0,-1
2021101059867,2021,101059867,1,1,0,18,19,8,4,0,0,8,0,0,0,0,1,1,6,6,1,30,6,-1,-1,-1,-1,-1,-1,0,-1
2021361059592,2021,361059592,2,1,0,18,19,1,5,0,0,1,0,0,0,0,1,1,5,6,2,27,6,-1,-1,-1,-1,1,E01026699,0,-1
2021201028189,2021,201028189,1,9,0,5,5,7,3,0,0,6,0,0,0,0,1,1,6,6,1,48,8,-1,-1,-1,-1,6,E01009520,0,-1
2021991113470,2021,991113470,2,1,0,16,19,3,7,5,5,5,0,0,0,0,1,1,5,6,2,58,9,-1,-1,-1,-1,2,-1,0,-1
2021501113984,2021,501113984,2,1,0,18,19,7,3,0,0,8,0,0,0,0,1,1,1,1,1,47,8,-1,-1,-1,-1,7,E01015099,0,-1