collision_index,collision_year,collision_ref_no,vehicle_reference,vehicle_type,towing_and_articulation,vehicle_manoeuvre_historic,vehicle_manoeuvre,vehicle_direction_from,vehicle_direction_to,vehicle_location_restricted_lane_historic,vehicle_location_restricted_lane,junction_location,skidding_and_overturning,hit_object_in_carriageway,vehicle_leaving_carriageway,hit_object_off_carriageway,first_point_of_impact,vehicle_left_hand_drive,journey_purpose_of_driver_historic,journey_purpose_of_driver,sex_of_driver,age_of_driver,age_band_of_driver,engine_capacity_cc,propulsion_code,age_of_vehicle,generic_make_model,driver_imd_decile,lsoa_of_driver,escooter_flag,driver_distance_banding
2021141069347,2021,141069347,2,1,0,5,5,4,8,0,0,2,1,0,0,0,3,1,6,6,1,16,4,-1,-1,-1,-1,2,E01008101,0,-1
2021430432399,2021,430432399,2,9,0,18,19,8,4,0,0,8,0,0,0,0,1,1,6,6,1,-1,-1,-1,-1,-1,-1,-1,-1,0,-1
2021430122812,2021,430122812,1,1,0,18,19,1,5,0,0,0,0,0,0,0,3,1,4,7,1,12,3,-1,-1,-1,-1,8,E01028443,0,-1
2021161129025,2021,161129025,1,1,0,18,19,8,4,4,4,0,0,0,0,0,1,1,6,6,2,41,7,-1,-1,-1,-1,5,E01012800,0,-1
2021411066570,2021,411066570,2,1,0,18,19,8,4,0,0,0,0,0,0,0,4,1,5,6,1,47,8,-1,-1,-1,-1,6,E01000232,0,-1
2021201133242,2021,201133242,2,8,0,18,19,8,4,0,0,8,0,10,1,10,3,1,1,1,1,-1,-1,-1,-1,-1,-1,-1,-1,0,-1
2021061086378,2021,061086378,1,90,0,18,19,6,2,0,0,2,0,0,0,0,1,1,6,6,3,30,6,-1,-1,-1,-1,-1,-1,0,-1
2021231098985,2021,231098985,1,9,0,17,19,2,6,0,0,0,0,0,0,0,3,1,5,6,3,35,6,-1,-1,-1,-1,-1,-1,0,-1
2021010305616,2021,010305616,2,9,9,99,99,9,9,99,99,8,9,99,9,99,9,9,6,6,3,-1,-1,-1,-1,-1,-1,-1,-1,0,-1
2021430524965,2021,430524965,1,9,0,12,12,6,2,0,0,8,0,0,0,0,3,1,6,6,1,-1,-1,-1,-1,-1,-1,-1,-1,0,-1
2021161039711,2021,161039711,1,9,0,18,19,8,4,0,0,0,0,0,0,0,1,1,6,6,1,-1,-1,-1,-1,-1,-1,-1,-1,0,-1
2021430199145,2021,430199145,1,1,0,7,7,6,8,0,0,5,0,0,0,0,1,1,6,6,1,33,6,-1,-1,-1,-1,5,E01016554,0,-1
2021461060818,2021,461060818,2,9,0,9,9,5,3,0,0,1,0,0,0,0,1,1,6,6,1,46,8,-1,-1,-1,-1,2,E01016160,0,-1
202131B044021,2021,31B044021,1,9,0,18,19,6,2,0,0,1,0,0,0,0,1,1,2,2,1,51,8,-1,-1,-1,-1,9,E01026355,0,-1
2021010296725,2021,010296725,1,9,0,18,19,5,1,0,0,0,0,0,0,0,1,1,6,6,3,-1,-1,-1,-1,-1,-1,-1,-1,0,-1
2021430223508,2021,430223508,1,9,0,8,8,3,6,0,0,1,0,0,0,0,2,1,6,6,1,20,4,-1,-1,-1,-1,-1,-1,0,-1
2021122100333,2021,122100333,2,1,0,18,19,1,5,0,0,1,0,0,0,0,1,1,6,6,1,38,7,-1,-1,-1,-1,9,E01011848,0,-1
2021440154001,2021,440154001,1,-1,0,18,19,4,8,0,0,8,0,0,0,0,1,1,6,6,2,42,7,-1,-1,-1,-1,3,E01017075,1,-1
2021332101528,2021,332101528,1,9,0,18,19,8,4,0,0,0,0,0,0,0,0,1,6,6,1,27,6,-1,-1,-1,-1,-1,-1,0,-1
2021010329643,2021,010329643,1,1,0,9,9,3,1,0,0,1,0,0,0,0,2,1,2,2,2,36,7,-1,-1,-1,-1,1,E01004241,0,-1
2021451054791,2021,451054791,1,1,0,18,19,7,3,0,0,8,2,0,0,0,1,1,5,6,1,32,6,-1,-1,-1,-1,9,E01030315,0,-1
2021320623401,2021,320623401,2,1,0,18,19,4,8,0,0,1,0,0,0,0,1,1,2,2,1,53,8,-1,-1,-1,-1,3,E01026246,0,-1
2021332100903,2021,332100903,1,9,0,18,19,6,2,0,0,8,0,0,0,0,3,1,6,6,2,-1,-1,-1,-1,-1,-1,8,E01025791,0,-1
2021451088898,2021,451088898,2,9,0,15,15,2,5,0,0,0,0,0,0,0,4,1,6,6,3,61,9,-1,-1,-1,-1,-1,-1,0,-1
2021101020810,2021,101020810,1,19,0,18,19,1,5,0,0,0,0,4,0,0,1,1,6,6,1,-1,-1,-1,-1,-1,-1,1,E01008201,0,-1
2021010319918,2021,010319918,2,1,0,18,19,5,1,0,0,1,0,0,0,0,1,1,2,2,1,49,8,-1,-1,-1,-1,2,E01001460,0,-1
2021471030970,2021,471030970,1,9,0,9,9,2,8,0,0,8,0,0,0,0,4,1,6,6,1,40,7,-1,-1,-1,-1,7,E01020926,0,-1
2021332100999,2021,332100999,1,19,0,6,6,6,6,0,0,0,0,0,0,0,3,1,1,1,1,46,8,-1,-1,-1,-1,8,E01027181,0,-1
2021010295334,2021,010295334,1,1,9,99,99,9,9,99,99,9,9,99,9,99,1,1,2,2,2,29,6,-1,-1,-1,-1,3,E01002044,0,-1
2021010327610,2021,010327610,1,1,9,99,99,9,9,99,99,0,9,99,9,99,1,1,6,6,1,39,7,-1,-1,-1,-1,3,E01002104,0,-1
2021332101564,2021,332101564,1,9,0,18,19,4,8,0,0,0,0,0,0,0,0,1,6,6,1,-1,-1,-1,-1,-1,-1,-1,-1,0,-1
2021010301665,2021,010301665,1,11,0,18,19,1,5,0,0,2,0,0,0,0,1,1,1,1,2,34,6,-1,-1,-1,-1,3,E01001311,0,-1
2021622100809,2021,622100809,1,1,0,18,19,6,2,0,0,1,0,0,0,0,1,1,6,6,3,-1,-1,-1,-1,-1,-1,-1,-1,0,-1
2021010314408,2021,010314408,1,1,9,99,99,9,9,99,99,9,9,99,9,99,9,1,6,6,1,33,6,-1,-1,-1,-1,2,E01004224,0,-1
202106P079612,2021,06P079612,1,9,0,18,19,2,6,0,0,1,0,0,0,0,1,1,6,6,2,44,7,-1,-1,-1,-1,2,E01005026,0,-1
2021231056119,2021,231056119,2,1,0,18,19,6,2,0,0,8,0,0,0,0,1,1,5,6,1,52,8,-1,-1,-1,-1,9,E01031136,0,-1
2021520101928,2021,520101928,2,22,0,7,7,6,8,0,0,6,0,0,0,0,3,1,6,6,1,75,10,-1,-1,-1,-1,7,E01029262,0,-1
2021211065849,2021,211065849,1,9,0,5,5,8,3,0,0,8,0,0,0,0,4,1,5,6,2,30,6,-1,-1,-1,-1,9,E01005843,0,-1
2021461083112,2021,461083112,1,10,0,4,4,3,7,0,0,0,0,7,0,0,1,1,1,1,1,41,7,-1,-1,-1,-1,2,E01017155,0,-1
2021010350657,2021,010350657,2,1,0,18,19,5,1,0,0,1,0,0,0,0,1,1,1,1,1,28,6,-1,-1,-1,-1,2,E01032805,0,-1
2021010307560,2021,010307560,2,9,0,99,99,9,9,99,99,9,9,99,9,99,9,9,6,6,3,-1,-1,-1,-1,-1,-1,-1,-1,0,-1
2021141057141,2021,141057141,2,1,0,18,19,7,3,0,0,1,1,0,0,0,0,1,6,6,1,36,7,-1,-1,-1,-1,10,E01007955,0,-1
2021332100511,2021,332100511,2,9,0,9,9,1,7,0,0,6,0,0,0,0,3,1,6,6,2,51,8,-1,-1,-1,-1,8,E01025668,0,-1
2021010305652,2021,010305652,2,1,0,9,9,1,6,0,0,6,0,0,0,0,2,1,6,6,1,28,6,-1,-1,-1,-1,3,E01004331,0,-1
2021501022328,2021,501022328,1,9,0,9,9,1,6,0,0,8,0,0,0,0,1,1,5,6,2,43,7,-1,-1,-1,-1,3,E01018974,0,-1
2021461103304,2021,461103304,2,1,0,18,19,6,2,0,0,0,0,0,0,0,1,1,6,6,2,42,7,-1,-1,-1,-1,3,E01024352,0,-1
2021201056492,2021,201056492,2,1,0,18,19,4,8,0,0,2,0,0,0,0,1,1,4,7,1,12,3,-1,-1,-1,-1,6,E01009217,0,-1
2021010303535,2021,010303535,1,1,9,99,99,9,9,99,99,4,9,99,9,99,9,1,6,6,1,28,6,-1,-1,-1,-1,2,E01003619,0,-1
2021461103450,2021,461103450,2,9,0,18,19,5,1,0,0,0,0,0,0,0,4,1,2,2,1,40,7,-1,-1,-1,-1,9,E01024473,0,-1
2021010309223,2021,010309223,1,9,0,9,9,1,7,0,0,8,0,0,7,0,2,1,6,6,1,68,10,-1,-1,-1,-1,2,E01000954,0,-1
2021411082467,2021,411082467,1,9,0,1,1,-1,-1,0,0,0,0,0,0,0,2,1,6,6,3,-1,-1,-1,-1,-1,-1,-1,-1,0,-1
2021061097781,2021,061097781,1,9,0,18,19,1,5,0,0,0,0,0,0,0,1,1,6,6,3,30,6,-1,-1,-1,-1,-1,-1,0,-1
2021041056933,2021,041056933,2,9,0,11,11,5,1,0,0,1,0,4,0,0,4,1,5,6,1,24,5,-1,-1,-1,-1,1,E01025224,0,-1
2021131074803,2021,131074803,1,9,0,-1,-1,-1,-1,-1,-1,-1,-1,-1,-1,-1,-1,1,6,6,3,-1,-1,-1,-1,-1,-1,-1,-1,0,-1
2021471090680,2021,471090680,1,22,0,18,19,8,4,9,9,2,0,0,0,0,1,1,6,6,2,59,9,-1,-1,-1,-1,3,E01031787,0,-1
2021122100876,2021,122100876,2,9,0,18,19,5,1,0,0,1,0,0,0,0,1,1,6,6,2,43,7,-1,-1,-1,-1,8,E01013338,0,-1
2021010311039,2021,010311039,2,19,0,99,99,9,9,99,99,9,9,99,9,99,9,9,6,6,3,-1,-1,-1,-1,-1,-1,-1,-1,0,-1
2021201058817,2021,201058817,2,1,0,18,19,8,4,0,0,8,0,0,0,0,3,1,6,6,2,40,7,-1,-1,-1,-1,3,E01008893,0,-1
2021440118724,2021,440118724,2,1,0,18,19,5,1,0,0,8,0,0,0,0,4,1,6,6,1,15,3,-1,-1,-1,-1,8,E01022829,0,-1
2021543923421,2021,543923421,1,9,0,18,19,3,7,0,0,1,0,0,0,0,3,1,6,6,1,-1,-1,-1,-1,-1,-1,-1,-1,0,-1
2021010312030,2021,010312030,2,9,0,5,5,5,1,0,0,8,0,0,0,0,1,2,1,1,1,26,6,-1,-1,-1,-1,2,E01033327,0,-1
2021471106610,2021,471106610,1,9,0,18,19,8,4,0,0,1,0,0,0,0,1,1,5,6,1,46,8,-1,-1,-1,-1,1,E01021015,0,-1
2021201087188,2021,201087188,2,22,0,18,19,5,1,0,0,1,0,0,0,0,3,1,6,6,1,23,5,-1,-1,-1,-1,1,E01032889,0,-1
2021010295398,2021,010295398,4,1,0,18,19,1,5,0,0,1,5,0,1,0,1,1,6,6,1,36,7,-1,-1,-1,-1,2,E01004007,0,-1
2021161131183,2021,161131183,2,9,0,5,5,2,6,0,0,4,0,0,0,0,3,1,6,6,1,-1,-1,-1,-1,-1,-1,-1,-1,0,-1
2021010311173,2021,010311173,1,1,0,18,19,5,1,0,0,1,0,0,0,0,0,1,6,6,1,46,8,-1,-1,-1,-1,8,E01001302,0,-1
2021010319149,2021,010319149,2,9,0,99,99,9,9,99,99,9,9,99,9,99,4,9,6,6,3,-1,-1,-1,-1,-1,-1,-1,-1,0,-1
2021501162278,2021,501162278,2,1,0,14,14,7,3,0,0,0,0,8,0,0,1,1,6,6,2,60,9,-1,-1,-1,-1,7,E01020176,0,-1
202106P079587,2021,06P079587,1,9,0,18,19,3,7,0,0,8,1,0,3,0,3,1,1,1,1,45,7,-1,-1,-1,-1,-1,-1,0,-1
2021010342735,2021,010342735,1,1,9,99,99,9,9,99,99,9,9,99,9,99,1,1,6,6,2,31,6,-1,-1,-1,-1,4,E01003301,0,-1
2021010322512,2021,010322512,3,9,9,99,99,9,9,99,99,9,9,99,9,99,9,9,6,6,3,-1,-1,-1,-1,-1,-1,-1,-1,0,-1
2021332100424,2021,332100424,2,1,0,18,19,3,7,0,0,8,0,0,0,0,1,1,6,6,1,39,7,-1,-1,-1,-1,6,E01025878,0,-1
2021522103684,2021,522103684,1,90,0,18,19,5,1,0,0,8,0,0,0,0,4,1,6,6,2,20,4,-1,-1,-1,-1,-1,-1,0,-1
2021010331928,2021,010331928,1,1,9,99,99,9,9,99,99,9,9,99,9,99,9,1,2,2,2,53,8,-1,-1,-1,-1,3,E01002028,0,-1
202160Z148371,2021,60Z148371,1,9,0,18,19,4,8,0,0,0,0,0,0,0,1,1,6,6,1,21,5,-1,-1,-1,-1,-1,-1,0,-1
2021211048258,2021,211048258,1,9,0,18,19,7,2,0,0,2,0,0,0,0,0,1,6,6,3,-1,-1,-1,-1,-1,-1,-1,-1,0,-1
2021010324645,2021,010324645,2,1,0,13,13,4,8,0,0,1,0,0,0,0,1,1,6,6,1,36,7,-1,-1,-1,-1,6,E01003958,0,-1
2021138141155,2021,138141155,2,1,0,18,19,1,5,0,0,8,0,0,0,0,1,1,6,6,1,37,7,-1,-1,-1,-1,3,E01011379,0,-1
2021010302802,2021,010302802,1,1,0,99,99,9,9,0,0,1,0,0,0,0,9,1,2,2,1,27,6,-1,-1,-1,-1,3,E01003534,0,-1
2021440435528,2021,440435528,2,9,0,13,13,1,5,0,0,0,0,0,0,0,4,1,1,1,1,25,5,-1,-1,-1,-1,3,E01017266,0,-1
2021610037021,2021,610037021,2,5,0,18,19,7,3,0,0,1,1,0,0,0,1,1,6,6,1,53,8,-1,-1,-1,-1,-1,-1,0,-1
2021371100150,2021,371100150,1,1,0,-1,-1,-1,-1,-1,-1,0,-1,-1,-1,0,-1,1,5,6,1,64,9,-1,-1,-1,-1,9,E01029872,0,-1
2021430337237,2021,430337237,1,1,0,18,19,3,7,9,9,0,0,0,0,0,1,1,6,6,1,-1,-1,-1,-1,-1,-1,-1,-1,0,-1
2021201079114,2021,201079114,2,9,0,18,19,8,4,0,0,4,0,0,0,0,3,1,6,6,3,-1,-1,-1,-1,-1,-1,-1,-1,0,-1
2021440500488,2021,440500488,2,9,0,17,19,1,5,0,0,8,0,0,0,0,4,1,6,6,1,47,8,-1,-1,-1,-1,10,E01016645,0,-1
2021070681464,2021,070681464,1,9,0,9,9,8,6,0,0,6,0,0,0,0,1,1,6,6,3,-1,-1,-1,-1,-1,-1,-1,-1,0,-1
202131C037521,2021,31C037521,2,1,0,18,19,2,6,0,0,8,0,0,0,0,1,1,6,6,1,21,5,-1,-1,-1,-1,4,E01033404,0,-1
2021010323423,2021,010323423,1,1,9,99,99,9,9,99,99,9,9,99,9,99,9,1,6,6,1,49,8,-1,-1,-1,-1,9,E01004276,0,-1
2021332100117,2021,332100117,2,1,0,18,19,5,1,0,0,8,0,0,0,0,1,1,6,6,1,47,8,-1,-1,-1,-1,8,E01025768,0,-1
2021010313255,2021,010313255,1,1,9,99,99,9,9,99,99,9,9,99,9,99,9,1,6,6,1,32,6,-1,-1,-1,-1,1,E01004257,0,-1
2021141064294,2021,141064294,2,1,0,18,19,3,7,0,0,0,5,0,0,0,3,1,6,6,1,47,8,-1,-1,-1,-1,2,E01019567,0,-1
2021361033303,2021,361033303,1,9,0,18,19,-1,-1,0,0,0,0,0,0,0,1,1,3,7,1,45,7,-1,-1,-1,-1,5,E01030241,0,-1
2021010299767,2021,010299767,2,1,0,18,19,5,1,4,4,1,0,0,0,0,1,1,6,6,1,36,7,-1,-1,-1,-1,2,E01003057,0,-1
2021101092055,2021,101092055,2,1,0,18,19,1,5,0,0,4,0,0,0,0,2,1,4,7,1,16,4,-1,-1,-1,-1,7,E01027378,0,-1
2021041115508,2021,041115508,3,9,0,2,2,5,1,0,0,0,0,0,0,0,2,1,2,2,1,60,9,-1,-1,-1,-1,7,E01025384,0,-1
2021010345144,2021,010345144,2,1,0,4,4,7,3,0,0,1,2,0,0,0,1,1,1,1,1,25,5,-1,-1,-1,-1,5,E01004648,0,-1
2021461059490,2021,461059490,1,9,0,7,7,5,3,0,0,1,0,0,0,0,3,1,6,6,1,76,11,-1,-1,-1,-1,4,E01024243,0,-1
2021991079595,2021,991079595,1,1,0,18,19,2,6,0,0,0,0,0,0,0,3,1,5,6,1,29,6,-1,-1,-1,-1,6,E01005519,0,-1
2021061061903,2021,061061903,2,1,0,18,19,8,4,0,0,0,0,0,7,0,1,1,2,2,1,47,8,-1,-1,-1,-1,10,E01004924,0,-1
2021061141397,2021,061141397,1,90,0,7,7,4,2,0,0,5,0,0,0,0,2,1,6,6,3,-1,-1,-1,-1,-1,-1,-1,-1,0,-1
2021070792540,2021,070792540,1,1,0,7,7,3,6,0,0,8,2,0,0,0,1,1,6,6,1,51,8,-1,-1,-1,-1,4,E01018512,0,-1
202160Z135575,2021,60Z135575,1,90,0,16,19,1,4,0,0,0,0,0,0,0,3,1,6,6,3,-1,-1,-1,-1,-1,-1,-1,-1,0,-1
2021332100434,2021,332100434,2,9,0,18,19,1,5,0,0,8,0,0,0,0,1,1,6,6,2,54,8,-1,-1,-1,-1,8,E01025793,0,-1
2021170H10031,2021,170H10031,2,9,0,9,9,2,8,0,0,8,0,0,0,0,4,1,6,6,3,-1,-1,-1,-1,-1,-1,-1,-1,0,-1
2021332100256,2021,332100256,2,1,0,18,19,2,6,0,0,6,0,0,0,0,3,1,6,6,1,54,8,-1,-1,-1,-1,3,E01013777,0,-1
2021122100905,2021,122100905,2,9,4,16,19,5,3,0,0,0,0,0,0,0,3,1,1,1,1,33,6,-1,-1,-1,-1,5,E01027775,0,-1
2021010294836,2021,010294836,1,1,9,99,99,9,9,99,99,0,9,99,9,99,9,1,2,2,1,50,8,-1,-1,-1,-1,3,E01003096,0,-1
2021010328357,2021,010328357,2,1,0,9,9,5,3,0,0,2,5,0,0,0,1,1,6,6,1,28,6,-1,-1,-1,-1,2,E01001695,0,-1
2021061104342,2021,061104342,1,9,0,4,4,5,1,0,0,0,0,0,0,0,1,1,6,6,1,19,4,-1,-1,-1,-1,1,E01005657,0,-1
2021552100484,2021,552100484,2,1,0,18,19,1,5,0,0,8,0,0,0,0,1,1,2,2,1,40,7,-1,-1,-1,-1,8,E01020369,0,-1
2021421031532,2021,421031532,1,9,0,18,19,8,4,0,0,0,0,0,0,0,1,1,6,6,1,64,9,-1,-1,-1,-1,5,E01033459,0,-1
2021061078630,2021,061078630,1,9,0,5,5,4,8,0,0,1,0,0,0,0,1,1,6,6,3,30,6,-1,-1,-1,-1,-1,-1,0,-1
2021010295652,2021,010295652,1,1,0,18,19,3,7,0,0,0,0,0,0,0,4,1,6,6,1,43,7,-1,-1,-1,-1,9,E01004555,0,-1
202163A016421,2021,63A016421,1,19,0,18,19,4,8,0,0,0,0,0,0,0,1,1,1,1,2,47,8,-1,-1,-1,-1,5,W01000698,0,-1
2021070714615,2021,070714615,1,9,0,18,19,7,3,0,0,4,0,0,0,0,4,1,6,6,3,-1,-1,-1,-1,-1,-1,-1,-1,0,-1
2021471069450,2021,471069450,1,-1,0,5,5,1,5,0,0,8,0,0,0,0,1,1,5,6,1,25,5,-1,-1,-1,-1,9,E01021123,1,-1
2021361044422,2021,361044422,1,1,0,11,11,4,8,0,0,0,0,0,0,0,2,1,6,6,2,10,2,-1,-1,-1,-1,1,E01026635,0,-1
2021320208880,2021,320208880,2,9,0,18,19,6,2,0,0,2,0,0,0,0,2,1,6,6,1,36,7,-1,-1,-1,-1,6,E01026213,0,-1
2021010293258,2021,010293258,2,9,9,13,13,3,7,0,0,1,9,4,0,0,9,1,6,6,3,-1,-1,-1,-1,-1,-1,-1,-1,0,-1
2021122100695,2021,122100695,1,1,0,18,19,8,4,0,0,0,0,0,0,0,3,1,6,6,1,50,8,-1,-1,-1,-1,10,E01027697,0,-1
2021010327910,2021,010327910,1,1,0,5,5,7,3,0,0,0,0,0,1,10,1,1,6,6,1,41,7,-1,-1,-1,-1,9,E01004191,0,-1
2021545041621,2021,545041621,1,9,0,18,19,3,7,0,0,0,0,0,2,4,1,1,1,1,1,36,7,-1,-1,-1,-1,9,W01001199,0,-1
2021461015130,2021,461015130,1,9,0,16,19,1,4,0,0,1,0,0,0,0,4,1,6,6,1,33,6,-1,-1,-1,-1,7,E01024637,0,-1
2021461030410,2021,461030410,2,1,0,18,19,5,1,0,0,0,0,0,1,0,0,1,6,6,1,39,7,-1,-1,-1,-1,8,E01023983,0,-1
2021522200784,2021,522200784,1,9,0,18,19,6,2,0,0,0,0,0,1,10,1,1,6,6,1,57,9,-1,-1,-1,-1,4,E01014704,0,-1
2021451127568,2021,451127568,2,98,0,9,9,3,1,0,0,6,0,0,0,0,1,1,1,1,1,41,7,-1,-1,-1,-1,5,E01002237,0,-1
2021010349154,2021,010349154,1,8,0,18,19,1,5,0,0,8,0,0,0,0,4,1,2,2,1,30,6,-1,-1,-1,-1,3,E01000936,0,-1
2021010351615,2021,010351615,1,9,0,99,99,9,9,99,99,9,9,99,9,99,9,9,6,6,3,-1,-1,-1,-1,-1,-1,-1,-1,0,-1
2021361021581,2021,361021581,2,9,0,9,9,2,6,0,0,2,0,0,0,0,1,1,5,6,2,58,9,-1,-1,-1,-1,3,E01026696,0,-1
2021201043613,2021,201043613,4,98,0,18,19,1,5,0,0,0,0,0,0,0,2,1,1,1,1,35,6,-1,-1,-1,-1,5,E01010604,0,-1
2021052100567,2021,052100567,1,19,0,18,19,1,5,0,0,0,0,0,0,0,0,1,6,6,1,53,8,-1,-1,-1,-1,2,E01012466,0,-1
2021361144988,2021,361144988,1,9,0,5,5,5,8,0,0,4,0,0,0,0,3,1,5,6,1,41,7,-1,-1,-1,-1,9,E01026519,0,-1
2021041016172,2021,041016172,2,1,0,18,19,3,7,0,0,8,0,0,0,0,4,1,2,2,1,55,8,-1,-1,-1,-1,9,E01025404,0,-1
2021440446095,2021,440446095,1,9,0,13,13,3,7,0,0,0,0,0,0,0,4,1,6,6,1,88,11,-1,-1,-1,-1,10,E01023229,0,-1
2021471047370,2021,471047370,2,1,0,18,19,1,5,0,0,1,0,0,0,0,0,1,5,6,1,53,8,-1,-1,-1,-1,5,E01016991,0,-1
2021010346000,2021,010346000,2,9,0,99,99,9,9,99,99,9,9,99,9,99,1,9,6,6,3,-1,-1,-1,-1,-1,-1,-1,-1,0,-1
202163A043221,2021,63A043221,2,1,0,4,4,2,6,0,0,0,0,0,0,0,3,1,6,6,2,55,8,-1,-1,-1,-1,3,W01000711,0,-1
2021461045124,2021,461045124,2,1,0,9,9,5,3,0,0,2,0,0,0,0,1,1,6,6,1,-1,-1,-1,-1,-1,-1,1,E01024683,0,-1
2021010314218,2021,010314218,1,1,9,99,99,9,9,99,99,9,9,99,9,99,1,1,6,6,1,37,7,-1,-1,-1,-1,2,E01002832,0,-1
2021471089095,2021,471089095,2,1,0,18,19,5,1,0,0,0,0,0,0,0,4,1,4,7,1,13,3,-1,-1,-1,-1,4,E01031716,0,-1
202160Z184434,2021,60Z184434,1,9,0,4,4,5,1,0,0,1,0,0,0,0,2,1,2,2,1,48,8,-1,-1,-1,-1,-1,-1,0,-1
2021010335363,2021,010335363,2,1,0,3,3,1,5,0,0,1,0,0,0,0,2,1,6,6,1,55,8,-1,-1,-1,-1,2,E01001066,0,-1
2021481153501,2021,481153501,1,9,0,1,1,1,5,0,0,0,0,0,0,0,2,1,6,6,1,40,7,-1,-1,-1,-1,-1,-1,0,-1
2021010322721,2021,010322721,2,1,0,18,19,3,7,0,0,1,0,0,0,0,1,1,1,1,2,29,6,-1,-1,-1,-1,3,E01003915,0,-1
2021451119484,2021,451119484,1,-1,0,18,19,3,7,9,9,0,0,0,0,0,0,1,6,6,3,25,5,-1,-1,-1,-1,-1,-1,1,-1
2021421075762,2021,421075762,1,-1,0,18,19,5,1,0,0,0,0,0,0,0,1,1,6,6,1,17,4,-1,-1,-1,-1,-1,-1,1,-1
2021451119773,2021,451119773,1,-1,0,13,13,8,4,0,0,1,0,0,0,0,1,1,6,6,1,22,5,-1,-1,-1,-1,5,E01030484,1,-1
2021010293543,2021,010293543,2,1,0,18,19,5,1,0,0,8,0,0,0,0,4,1,6,6,1,58,9,-1,-1,-1,-1,8,E01000651,0,-1
2021010319210,2021,010319210,2,-1,0,18,19,5,1,0,0,8,0,0,0,0,1,1,6,6,1,27,6,-1,-1,-1,-1,2,E01003111,1,-1
202163C101721,2021,63C101721,1,1,0,18,19,4,8,0,0,0,0,0,0,0,3,1,6,6,1,14,3,-1,-1,-1,-1,8,W01000580,0,-1
2021201148638,2021,201148638,1,1,0,14,14,6,2,0,0,8,0,0,0,0,4,1,6,6,1,35,6,-1,-1,-1,-1,3,E01009199,0,-1
2021010289872,2021,010289872,1,9,0,18,19,5,1,0,0,1,0,0,0,0,3,1,6,6,1,26,6,-1,-1,-1,-1,3,E01003916,0,-1
202134WNC4051,2021,34WNC4051,2,9,0,17,19,1,5,0,0,0,0,0,1,0,3,1,1,1,1,56,9,-1,-1,-1,-1,9,E01027263,0,-1
2021430529005,2021,430529005,2,9,0,18,19,2,6,0,0,4,0,0,0,0,1,1,6,6,1,-1,-1,-1,-1,-1,-1,-1,-1,0,-1
2021010344650,2021,010344650,2,11,0,2,2,0,0,2,2,0,0,0,0,0,0,1,6,6,3,-1,-1,-1,-1,-1,-1,-1,-1,0,-1
2021531087234,2021,531087234,1,9,0,18,19,1,5,0,0,8,0,0,0,0,-1,1,6,6,3,-1,-1,-1,-1,-1,-1,-1,-1,0,-1
2021070322757,2021,070322757,2,1,0,18,19,6,2,0,0,0,0,0,0,0,4,1,6,6,1,18,4,-1,-1,-1,-1,6,E01018674,0,-1
2021302100200,2021,302100200,2,9,0,16,19,4,8,0,0,0,0,0,0,0,1,1,6,6,3,-1,-1,-1,-1,-1,-1,5,E01019456,0,-1
202131C112821,2021,31C112821,2,1,0,18,19,6,2,0,0,8,0,0,0,0,1,1,6,6,1,42,7,-1,-1,-1,-1,6,E01013978,0,-1
2021622100248,2021,622100248,2,1,0,18,19,8,4,0,0,8,0,0,0,0,1,1,6,6,1,47,8,-1,-1,-1,-1,4,W01001709,0,-1
2021031128540,2021,031128540,2,-1,-1,2,2,0,0,6,6,0,0,0,0,0,2,1,6,6,3,-1,-1,-1,-1,-1,-1,-1,-1,0,-1
2021010337040,2021,010337040,1,1,9,99,99,9,9,99,99,9,9,99,9,99,9,1,6,6,1,40,7,-1,-1,-1,-1,-1,-1,0,-1
2021101044315,2021,101044315,1,9,0,4,4,2,5,0,0,1,0,0,0,0,1,1,1,1,1,31,6,-1,-1,-1,-1,2,E01008300,0,-1
2021052100788,2021,052100788,1,-1,0,18,19,5,1,0,0,8,0,0,0,0,1,1,6,6,1,18,4,-1,-1,-1,-1,10,E01022928,1,-1
2021332100372,2021,332100372,1,9,0,18,19,1,5,0,0,0,0,0,0,0,2,1,1,1,1,28,6,-1,-1,-1,-1,9,E01025998,0,-1
2021061132124,2021,061132124,1,9,0,18,19,3,7,0,0,0,0,0,0,0,3,1,6,6,3,30,6,-1,-1,-1,-1,-1,-1,0,-1
2021610009821,2021,610009821,2,19,0,9,9,5,3,0,0,1,0,0,0,0,3,1,1,1,1,19,4,-1,-1,-1,-1,-1,-1,0,-1
2021010298360,2021,010298360,1,1,9,99,99,9,9,99,99,9,9,99,9,99,9,1,6,6,1,41,7,-1,-1,-1,-1,3,E01003177,0,-1
2021010325273,2021,010325273,2,9,9,99,99,9,9,99,99,9,9,99,9,99,9,9,6,6,3,-1,-1,-1,-1,-1,-1,-1,-1,0,-1
2021610061221,2021,610061221,1,9,0,18,19,8,4,0,0,0,0,4,0,0,1,1,6,6,1,38,7,-1,-1,-1,-1,3,W01001449,0,-1
2021421106692,2021,421106692,2,1,0,18,19,6,2,0,0,1,0,0,0,0,1,1,5,6,2,53,8,-1,-1,-1,-1,9,E01021724,0,-1
202163D054921,2021,63D054921,1,90,4,5,5,1,5,0,0,0,0,0,7,1,3,1,2,2,1,65,9,-1,-1,-1,-1,8,W01000458,0,-1
2021461039955,2021,461039955,1,21,1,18,19,5,1,0,0,4,0,0,0,0,1,1,1,1,1,44,7,-1,-1,-1,-1,-1,-1,0,-1
2021501017943,2021,501017943,1,9,0,12,12,1,5,0,0,8,0,0,0,0,0,1,5,6,3,-1,-1,-1,-1,-1,-1,-1,-1,0,-1
2021320568741,2021,320568741,1,1,0,18,19,5,1,0,0,0,0,0,0,0,4,1,4,7,2,14,3,-1,-1,-1,-1,3,E01026032,0,-1
2021552200202,2021,552200202,1,9,0,18,19,7,3,0,0,0,1,0,0,0,1,1,2,2,1,21,5,-1,-1,-1,-1,7,E01020511,0,-1
2021010344116,2021,010344116,1,1,9,99,99,9,9,99,99,9,9,99,9,99,9,1,6,6,1,30,6,-1,-1,-1,-1,3,E01002781,0,-1
2021010290088,2021,010290088,1,9,0,18,19,1,5,0,0,1,0,0,0,0,1,1,1,1,1,29,6,-1,-1,-1,-1,5,E01003638,0,-1