collision_index,collision_year,collision_ref_no,vehicle_reference,vehicle_type,towing_and_articulation,vehicle_manoeuvre_historic,vehicle_manoeuvre,vehicle_direction_from,vehicle_direction_to,vehicle_location_restricted_lane_historic,vehicle_location_restricted_lane,junction_location,skidding_and_overturning,hit_object_in_carriageway,vehicle_leaving_carriageway,hit_object_off_carriageway,first_point_of_impact,vehicle_left_hand_drive,journey_purpose_of_driver_historic,journey_purpose_of_driver,sex_of_driver,age_of_driver,age_band_of_driver,engine_capacity_cc,propulsion_code,age_of_vehicle,generic_make_model,driver_imd_decile,lsoa_of_driver,escooter_flag,driver_distance_banding
2021170M10501,2021,170M10501,1,1,0,18,19,4,8,4,4,8,0,0,0,0,3,1,6,6,1,37,7,-1,-1,-1,-1,8,E01012010,0,-1
2021010345231,2021,010345231,2,1,9,99,99,9,9,99,99,0,9,99,9,99,9,1,6,6,2,-1,-1,-1,-1,-1,-1,-1,-1,0,-1
2021010293188,2021,010293188,2,9,0,9,9,8,6,0,0,1,0,0,0,0,4,9,6,6,3,-1,-1,-1,-1,-1,-1,-1,-1,0,-1
2021010327572,2021,010327572,1,-1,0,18,19,1,5,0,0,0,0,0,0,0,1,1,2,2,3,21,5,-1,-1,-1,-1,-1,-1,1,-1
2021010350134,2021,010350134,2,1,0,18,19,5,1,2,2,1,0,0,0,0,1,1,6,6,1,45,7,-1,-1,-1,-1,5,E01003415,0,-1
2021430460718,2021,430460718,1,19,0,18,19,3,7,0,0,2,0,0,0,0,1,1,6,6,1,-1,-1,-1,-1,-1,-1,-1,-1,0,-1
2021201096901,2021,201096901,2,1,0,18,19,6,2,0,0,2,0,0,0,0,3,1,6,6,1,62,9,-1,-1,-1,-1,3,E01009768,0,-1
2021302100797,2021,302100797,1,1,0,18,19,2,6,0,0,1,0,0,0,0,2,1,6,6,1,28,6,-1,-1,-1,-1,9,E01019621,0,-1
2021061099054,2021,061099054,2,1,0,18,19,3,8,4,4,1,0,0,0,0,1,1,6,6,2,34,6,-1,-1,-1,-1,8,E01006130,0,-1
2021010341116,2021,010341116,1,3,0,18,19,2,6,0,0,1,0,0,0,0,0,1,6,6,3,-1,-1,-1,-1,-1,-1,-1,-1,0,-1
2021010312851,2021,010312851,2,1,0,18,19,3,7,0,0,0,0,4,0,0,4,1,6,6,2,56,9,-1,-1,-1,-1,6,E01004017,0,-1
2021440310513,2021,440310513,2,9,0,12,12,4,8,0,0,0,0,0,0,0,3,1,1,1,1,38,7,-1,-1,-1,-1,8,E01032598,0,-1
202160Z135575,2021,60Z135575,2,9,0,17,19,4,1,0,0,0,0,0,0,0,3,1,6,6,2,57,9,-1,-1,-1,-1,-1,-1,0,-1
2021010294009,2021,010294009,2,1,0,16,19,1,5,9,9,0,0,0,0,0,1,1,6,6,1,25,5,-1,-1,-1,-1,3,E01000441,0,-1
2021101064315,2021,101064315,1,3,0,18,19,3,8,0,0,8,2,0,0,0,1,1,5,6,1,37,7,-1,-1,-1,-1,2,E01008216,0,-1
2021451098071,2021,451098071,2,98,0,16,19,4,4,0,0,0,0,0,0,0,3,1,6,6,3,50,8,-1,-1,-1,-1,-1,-1,0,-1
2021451071861,2021,451071861,2,9,0,4,4,1,5,0,0,0,0,0,0,0,4,1,6,6,1,53,8,-1,-1,-1,-1,6,E01030557,0,-1
2021430066760,2021,430066760,2,9,0,12,12,2,8,0,0,8,0,0,0,0,4,1,6,6,2,-1,-1,-1,-1,-1,-1,-1,-1,0,-1
2021610028721,2021,610028721,1,9,0,18,19,2,6,0,0,0,0,0,0,0,3,1,2,2,1,32,6,-1,-1,-1,-1,-1,-1,0,-1
2021411067517,2021,411067517,2,9,0,3,3,5,1,0,0,0,0,0,0,0,2,1,6,6,2,68,10,-1,-1,-1,-1,7,E01023344,0,-1
2021371059224,2021,371059224,1,9,0,9,9,0,6,0,0,8,0,0,0,0,4,1,1,1,1,22,5,-1,-1,-1,-1,5,E01026440,0,-1
2021141073508,2021,141073508,1,98,0,18,19,1,5,0,0,0,0,10,0,0,1,1,6,6,1,21,5,-1,-1,-1,-1,1,E01007716,0,-1
2021480313309,2021,480313309,1,1,0,7,7,7,1,0,0,2,0,7,0,0,1,1,6,6,1,51,8,-1,-1,-1,-1,5,E01004307,0,-1
2021522102436,2021,522102436,2,1,0,7,7,1,3,0,0,5,0,0,0,0,1,1,6,6,2,49,8,-1,-1,-1,-1,5,E01014524,0,-1
2021302100792,2021,302100792,3,21,1,18,19,5,1,0,0,0,0,0,0,0,0,2,1,1,1,48,8,-1,-1,-1,-1,-1,-1,0,-1
2021610028921,2021,610028921,2,9,0,18,19,3,7,0,0,0,0,0,0,0,1,1,1,1,1,35,6,-1,-1,-1,-1,-1,-1,0,-1
2021320403344,2021,320403344,2,1,0,18,19,3,7,0,0,1,0,0,0,0,1,1,6,6,1,23,5,-1,-1,-1,-1,3,E01026318,0,-1
202134NNC6501,2021,34NNC6501,1,9,0,18,19,1,5,0,0,1,0,0,0,0,1,1,6,6,3,-1,-1,-1,-1,-1,-1,-1,-1,0,-1
2021461106948,2021,461106948,2,11,1,18,19,7,3,0,0,0,0,0,0,0,2,1,1,1,1,48,8,-1,-1,-1,-1,7,E01028018,0,-1
2021430035743,2021,430035743,2,1,0,18,19,6,2,0,0,8,0,0,0,0,4,1,6,6,1,39,7,-1,-1,-1,-1,4,E01016357,0,-1
2021061135315,2021,061135315,2,9,0,18,19,4,8,1,1,8,0,0,0,0,1,1,6,6,3,30,6,-1,-1,-1,-1,-1,-1,0,-1
2021070276036,2021,070276036,2,1,0,18,19,1,5,0,0,6,0,0,0,0,2,1,6,6,1,20,4,-1,-1,-1,-1,10,E01018652,0,-1
2021501046065,2021,501046065,1,9,0,17,19,2,7,0,0,0,0,0,0,0,1,1,6,6,3,-1,-1,-1,-1,-1,-1,-1,-1,0,-1
2021010309813,2021,010309813,2,21,1,18,19,7,3,0,0,0,0,0,0,0,1,2,1,1,1,47,8,-1,-1,-1,-1,-1,-1,0,-1
2021010315342,2021,010315342,1,1,9,99,99,9,9,99,99,9,9,99,9,99,9,1,6,6,1,21,5,-1,-1,-1,-1,6,E01000244,0,-1
2021610005521,2021,610005521,2,1,0,18,19,7,3,0,0,1,0,0,0,0,1,1,6,6,1,15,3,-1,-1,-1,-1,4,W01001671,0,-1
2021544889321,2021,544889321,1,1,0,14,14,7,3,0,0,1,0,0,0,0,1,1,6,6,1,67,10,-1,-1,-1,-1,5,E01032022,0,-1
2021010352110,2021,010352110,1,9,0,15,15,2,6,2,2,1,0,0,0,0,4,1,6,6,3,-1,-1,-1,-1,-1,-1,-1,-1,0,-1
2021052102513,2021,052102513,2,1,0,18,19,7,3,0,0,8,0,0,0,0,4,1,1,1,1,27,6,-1,-1,-1,-1,-1,-1,0,-1
202160Z005229,2021,60Z005229,1,9,0,13,13,8,4,0,0,1,0,0,0,0,1,1,2,2,1,19,4,-1,-1,-1,-1,-1,-1,0,-1
2021010324529,2021,010324529,2,1,0,18,19,1,5,0,0,1,0,0,0,0,0,1,6,6,1,71,10,-1,-1,-1,-1,6,E01004621,0,-1
2021052101172,2021,052101172,1,9,0,15,15,1,5,0,0,0,0,0,0,0,3,1,6,6,3,-1,-1,-1,-1,-1,-1,-1,-1,0,-1
2021461021875,2021,461021875,1,9,0,18,19,1,5,0,0,0,0,0,0,0,4,1,6,6,3,-1,-1,-1,-1,-1,-1,-1,-1,0,-1
2021010335385,2021,010335385,2,4,0,18,19,1,5,0,0,1,0,0,0,0,1,1,6,6,1,17,4,-1,-1,-1,-1,9,E01003271,0,-1
2021201060352,2021,201060352,1,-1,0,18,19,8,6,0,0,0,0,0,0,0,4,1,6,6,2,14,3,-1,-1,-1,-1,1,E01009612,1,-1
2021430094688,2021,430094688,1,97,0,18,19,8,4,0,0,0,0,0,0,0,4,1,6,6,3,-1,-1,-1,-1,-1,-1,-1,-1,0,-1
2021211065636,2021,211065636,1,1,0,18,19,1,5,0,0,4,5,0,0,0,4,1,6,6,1,28,6,-1,-1,-1,-1,-1,-1,0,-1
2021440368223,2021,440368223,1,9,0,3,3,5,1,9,9,6,0,0,0,0,4,1,6,6,1,57,9,-1,-1,-1,-1,10,E01023172,0,-1
2021622100233,2021,622100233,1,1,0,18,19,4,8,0,0,3,0,0,0,0,3,1,6,6,1,55,8,-1,-1,-1,-1,4,W01001558,0,-1
2021061072406,2021,061072406,2,9,0,10,10,6,8,0,0,0,0,0,0,0,2,1,5,6,1,37,7,-1,-1,-1,-1,4,E01005507,0,-1
2021430356278,2021,430356278,1,9,0,1,1,4,8,0,0,0,0,0,0,0,2,1,6,6,2,-1,-1,-1,-1,-1,-1,-1,-1,0,-1
2021010308854,2021,010308854,1,3,0,5,5,7,3,9,9,0,0,12,0,0,0,1,6,6,1,17,4,-1,-1,-1,-1,1,E01001052,0,-1
202163A047921,2021,63A047921,1,2,0,18,19,4,1,0,0,8,0,0,0,0,4,1,6,6,1,18,4,-1,-1,-1,-1,3,W01000626,0,-1
2021101096718,2021,101096718,2,1,0,18,19,1,5,0,0,1,1,0,0,0,1,1,5,6,1,36,7,-1,-1,-1,-1,8,E01008370,0,-1
2021332100586,2021,332100586,2,-1,0,18,19,5,1,0,0,8,0,0,0,0,1,1,6,6,2,19,4,-1,-1,-1,-1,2,E01013659,1,-1
2021052102925,2021,052102925,2,97,0,18,19,1,5,0,0,1,0,0,0,0,1,1,6,6,1,15,3,-1,-1,-1,-1,2,E01006907,0,-1
2021622100650,2021,622100650,1,3,0,13,13,2,6,0,0,1,0,0,0,0,1,1,6,6,1,20,4,-1,-1,-1,-1,1,W01001871,0,-1
2021201135517,2021,201135517,2,1,0,18,19,4,8,0,0,0,0,0,0,0,1,1,6,6,1,16,4,-1,-1,-1,-1,1,E01010030,0,-1
2021010325713,2021,010325713,1,23,0,13,13,1,5,0,0,0,0,0,2,10,0,1,6,6,1,20,4,-1,-1,-1,-1,-1,-1,0,-1
2021010336320,2021,010336320,2,3,0,18,19,7,3,0,0,8,0,0,0,0,1,1,6,6,1,25,5,-1,-1,-1,-1,3,E01000052,0,-1
2021991094535,2021,991094535,2,1,0,18,19,5,8,0,0,1,1,0,0,0,4,1,6,6,2,18,4,-1,-1,-1,-1,-1,-1,0,-1
2021332100491,2021,332100491,2,9,0,6,6,7,7,0,0,8,0,0,0,0,1,1,6,6,1,22,5,-1,-1,-1,-1,6,E01032603,0,-1
2021440401858,2021,440401858,1,5,0,17,19,5,1,0,0,0,0,0,1,4,4,1,6,6,1,67,10,-1,-1,-1,-1,6,E01023155,0,-1
202160Z103153,2021,60Z103153,1,9,0,18,19,3,7,0,0,0,0,0,0,0,1,1,6,6,2,31,6,-1,-1,-1,-1,-1,-1,0,-1
2021010328292,2021,010328292,2,1,0,5,5,1,5,0,0,2,0,0,0,0,2,1,6,6,1,16,4,-1,-1,-1,-1,2,E01000077,0,-1
202160Z102333,2021,60Z102333,2,1,0,7,7,1,3,0,0,1,0,0,0,0,3,1,6,6,1,18,4,-1,-1,-1,-1,-1,-1,0,-1
2021131057619,2021,131057619,2,1,0,18,19,3,7,0,0,1,0,0,0,0,1,1,6,6,1,52,8,-1,-1,-1,-1,5,E01011921,0,-1
2021332101026,2021,332101026,1,19,0,18,19,7,3,0,0,0,0,0,1,0,1,1,2,2,1,28,6,-1,-1,-1,-1,2,E01026277,0,-1
2021010290568,2021,010290568,1,19,0,11,11,1,5,0,0,6,0,0,0,0,0,1,6,6,3,-1,-1,-1,-1,-1,-1,-1,-1,0,-1
202131C134521,2021,31C134521,1,-1,0,18,19,2,6,0,0,1,0,0,0,0,0,1,6,6,1,56,9,-1,-1,-1,-1,2,E01013847,1,-1
2021401052882,2021,401052882,2,1,0,18,19,-1,-1,0,0,8,0,0,0,0,2,1,6,6,1,45,7,-1,-1,-1,-1,8,E01017467,0,-1
202163D013421,2021,63D013421,2,9,0,4,4,2,6,0,0,8,0,0,0,0,2,1,6,6,2,40,7,-1,-1,-1,-1,9,W01000482,0,-1
202160Z002069,2021,60Z002069,2,21,1,5,5,2,6,0,0,1,0,0,0,0,3,1,1,1,1,63,9,-1,-1,-1,-1,-1,-1,0,-1
2021010336179,2021,010336179,1,1,9,99,99,9,9,99,99,9,9,99,9,99,9,1,3,7,2,39,7,-1,-1,-1,-1,3,E01002554,0,-1
2021010317552,2021,010317552,1,9,0,18,19,5,1,0,0,0,0,0,0,0,1,1,6,6,3,-1,-1,-1,-1,-1,-1,-1,-1,0,-1
2021332100380,2021,332100380,1,9,0,13,13,8,4,0,0,0,1,0,1,0,1,1,1,1,1,25,5,-1,-1,-1,-1,4,E01025749,0,-1
2021351100997,2021,351100997,1,9,0,18,19,1,5,0,0,0,0,0,0,0,0,1,6,6,3,-1,-1,-1,-1,-1,-1,-1,-1,0,-1
2021161072782,2021,161072782,2,9,0,2,2,0,0,0,0,0,0,0,0,0,3,1,5,6,2,67,10,-1,-1,-1,-1,-1,-1,0,-1
2021010336548,2021,010336548,1,9,0,18,19,3,7,0,0,0,1,0,0,0,1,1,6,6,3,-1,-1,-1,-1,-1,-1,-1,-1,0,-1
2021430004947,2021,430004947,1,9,0,7,7,3,6,0,0,6,0,0,0,0,1,1,6,6,1,71,10,-1,-1,-1,-1,10,E01017894,0,-1
202131C167821,2021,31C167821,2,1,0,18,19,8,4,0,0,8,0,0,0,0,1,1,6,6,1,34,6,-1,-1,-1,-1,1,E01013844,0,-1
2021320051822,2021,320051822,1,9,0,18,19,1,5,0,0,0,0,11,0,0,4,1,2,2,1,67,10,-1,-1,-1,-1,8,E01026296,0,-1
2021552100807,2021,552100807,2,1,0,18,19,7,3,0,0,8,0,0,0,0,2,1,1,1,1,54,8,-1,-1,-1,-1,6,E01015440,0,-1
2021430226775,2021,430226775,1,9,0,18,19,6,2,0,0,0,0,0,0,0,4,1,6,6,2,30,6,-1,-1,-1,-1,-1,-1,0,-1
2021522103481,2021,522103481,2,9,0,4,4,1,5,0,0,0,5,0,0,0,2,1,6,6,1,43,7,-1,-1,-1,-1,1,E01014574,0,-1
2021461117691,2021,461117691,1,21,1,18,19,5,1,0,0,0,0,0,0,0,4,1,6,6,3,-1,-1,-1,-1,-1,-1,-1,-1,0,-1
2021131050710,2021,131050710,2,90,0,5,5,7,6,9,9,0,0,0,0,0,1,1,5,6,1,18,4,-1,-1,-1,-1,1,E01010679,0,-1
2021430230255,2021,430230255,1,19,0,9,9,1,7,0,0,8,0,0,0,0,1,1,1,1,1,69,10,-1,-1,-1,-1,7,E01028725,0,-1
2021201025242,2021,201025242,2,1,0,18,19,-1,-1,0,0,8,0,0,0,0,3,1,4,7,1,13,3,-1,-1,-1,-1,2,E01009609,0,-1
2021041122070,2021,041122070,3,9,0,18,19,7,3,0,0,0,0,0,0,0,1,1,6,6,3,-1,-1,-1,-1,-1,-1,-1,-1,0,-1
2021332100431,2021,332100431,2,1,0,5,5,7,3,0,0,8,0,0,0,0,1,1,1,1,1,19,4,-1,-1,-1,-1,7,E01033386,0,-1
2021201097637,2021,201097637,1,9,0,13,13,6,2,0,0,0,0,0,0,0,4,1,6,6,1,-1,-1,-1,-1,-1,-1,-1,-1,0,-1
202163D001221,2021,63D001221,2,9,0,16,19,5,8,0,0,0,0,0,0,0,0,1,6,6,2,52,8,-1,-1,-1,-1,8,W01000472,0,-1
2021041057297,2021,041057297,1,9,0,18,19,1,5,0,0,0,0,0,1,0,1,1,6,6,1,18,4,-1,-1,-1,-1,3,E01012663,0,-1
2021540412221,2021,540412221,1,9,0,17,19,7,3,0,0,0,0,0,0,0,2,1,6,6,1,33,6,-1,-1,-1,-1,8,E01031988,0,-1
2021010304036,2021,010304036,2,1,0,18,19,5,1,0,0,1,0,0,0,0,1,1,6,6,1,21,5,-1,-1,-1,-1,2,E01003162,0,-1
2021320683782,2021,320683782,1,19,0,13,13,6,2,0,0,0,0,0,0,0,0,1,6,6,3,-1,-1,-1,-1,-1,-1,-1,-1,0,-1
2021122100642,2021,122100642,2,1,0,9,9,1,5,0,0,4,0,0,0,0,1,1,6,6,2,26,6,-1,-1,-1,-1,-1,-1,0,-1
202160Z077372,2021,60Z077372,1,9,0,18,19,7,3,0,0,0,0,0,0,0,1,1,6,6,1,28,6,-1,-1,-1,-1,-1,-1,0,-1
202134NNC2751,2021,34NNC2751,1,-1,0,18,19,3,7,0,0,0,0,0,0,0,1,1,6,6,2,23,5,-1,-1,-1,-1,3,E01026959,1,-1
2021010320035,2021,010320035,1,1,9,9,9,5,3,0,0,2,5,0,0,99,2,1,6,6,1,56,9,-1,-1,-1,-1,5,E01001381,0,-1
2021501042355,2021,501042355,2,1,0,18,19,3,7,0,0,1,0,0,0,0,2,1,1,1,1,43,7,-1,-1,-1,-1,4,E01015178,0,-1
2021351014542,2021,351014542,1,9,0,18,19,-1,-1,0,0,0,0,0,0,0,3,1,6,6,3,-1,-1,-1,-1,-1,-1,-1,-1,0,-1
202154B071921,2021,54B071921,2,9,0,7,7,1,2,0,0,1,0,0,0,0,-1,1,6,6,3,-1,-1,-1,-1,-1,-1,-1,-1,0,-1
2021522103425,2021,522103425,2,9,0,2,2,0,0,0,0,0,0,0,0,0,3,1,6,6,1,56,9,-1,-1,-1,-1,6,E01015009,0,-1
2021501069920,2021,501069920,2,19,0,18,19,5,1,0,0,1,0,0,0,0,1,1,1,1,1,27,6,-1,-1,-1,-1,-1,-1,0,-1
2021010316892,2021,010316892,2,1,0,18,19,7,3,0,0,1,0,0,0,0,4,1,6,6,1,47,8,-1,-1,-1,-1,7,E01001580,0,-1
2021430280897,2021,430280897,2,1,0,14,14,5,1,0,0,0,0,0,0,0,1,1,6,6,1,47,8,-1,-1,-1,-1,-1,-1,0,-1
2021010301045,2021,010301045,2,9,0,99,99,9,9,99,99,9,9,99,9,99,9,9,6,6,3,-1,-1,-1,-1,-1,-1,-1,-1,0,-1
2021552100739,2021,552100739,2,-1,0,18,19,2,6,0,0,0,0,0,0,0,3,1,6,6,2,30,6,-1,-1,-1,-1,3,E01015294,1,-1
2021332100175,2021,332100175,1,19,0,18,19,1,5,0,0,2,0,7,7,11,1,1,6,6,1,72,10,-1,-1,-1,-1,9,E01025611,0,-1
2021991072249,2021,991072249,1,90,0,7,7,6,8,0,0,0,0,0,0,0,1,1,6,6,3,30,6,-1,-1,-1,-1,-1,-1,0,-1
2021430392392,2021,430392392,2,1,0,18,19,3,7,4,4,8,0,0,0,0,4,1,6,6,1,33,6,-1,-1,-1,-1,6,E01028548,0,-1
2021332100317,2021,332100317,1,9,0,18,19,8,4,0,0,4,0,0,0,0,1,1,6,6,3,-1,-1,-1,-1,-1,-1,4,E01013648,0,-1
2021010330967,2021,010330967,2,1,0,4,4,1,5,8,6,1,0,4,1,0,1,1,2,2,1,60,9,-1,-1,-1,-1,5,E01000996,0,-1
2021010319760,2021,010319760,1,1,9,99,99,9,9,99,99,9,9,99,9,99,9,1,6,6,1,38,7,-1,-1,-1,-1,3,E01004397,0,-1
2021411102099,2021,411102099,1,9,0,18,19,5,1,0,0,0,0,0,0,0,1,1,6,6,3,-1,-1,-1,-1,-1,-1,-1,-1,0,-1
2021430252359,2021,430252359,2,9,0,7,7,4,6,0,0,3,0,0,0,0,4,1,6,6,3,-1,-1,-1,-1,-1,-1,-1,-1,0,-1
2021061132330,2021,061132330,2,98,0,18,19,6,2,0,0,0,0,0,0,0,1,1,1,1,1,30,6,-1,-1,-1,-1,-1,-1,0,-1
2021201146179,2021,201146179,1,9,0,18,19,5,1,0,0,2,0,0,0,0,4,1,6,6,1,-1,-1,-1,-1,-1,-1,-1,-1,0,-1
2021546185921,2021,546185921,1,9,0,9,9,1,7,0,0,1,0,0,0,0,1,1,6,6,1,55,8,-1,-1,-1,-1,8,E01032050,0,-1
2021061059675,2021,061059675,1,9,0,18,19,4,8,0,0,2,0,0,0,0,4,1,6,6,3,20,4,-1,-1,-1,-1,-1,-1,0,-1
2021138281080,2021,138281080,1,9,0,18,19,6,2,0,0,0,0,0,0,0,4,1,6,6,3,-1,-1,-1,-1,-1,-1,-1,-1,0,-1
2021991111492,2021,991111492,2,1,0,18,19,6,2,9,9,8,0,0,0,0,4,1,6,6,1,33,6,-1,-1,-1,-1,5,-1,0,-1
2021430428319,2021,430428319,2,-1,0,18,19,7,3,0,0,0,0,0,0,0,1,1,6,6,1,15,3,-1,-1,-1,-1,10,E01017664,1,-1
202160Z184590,2021,60Z184590,1,9,0,18,19,1,5,0,0,1,0,0,0,0,4,1,6,6,1,40,7,-1,-1,-1,-1,-1,-1,0,-1
2021161069711,2021,161069711,2,1,0,3,3,8,4,0,0,4,0,0,0,0,2,1,5,6,1,22,5,-1,-1,-1,-1,5,E01012804,0,-1
2021201069343,2021,201069343,2,9,0,18,19,8,4,0,0,2,0,0,0,0,0,1,6,6,3,-1,-1,-1,-1,-1,-1,-1,-1,0,-1
2021131032739,2021,131032739,1,-1,0,18,19,7,3,0,0,2,0,0,0,0,4,1,5,6,1,16,4,-1,-1,-1,-1,5,E01010746,1,-1
2021010343361,2021,010343361,2,9,0,12,12,3,7,0,0,0,0,0,0,0,3,1,6,6,3,-1,-1,-1,-1,-1,-1,-1,-1,0,-1
2021010323950,2021,010323950,2,1,9,99,99,9,9,99,99,9,9,99,9,99,4,1,6,6,1,-1,-1,-1,-1,-1,-1,-1,-1,0,-1
2021010329633,2021,010329633,1,1,0,18,19,1,5,4,4,0,0,0,0,0,1,1,6,6,1,24,5,-1,-1,-1,-1,2,E01004252,0,-1
2021610029221,2021,610029221,1,9,0,18,19,5,1,0,0,0,0,0,0,0,1,1,6,6,2,57,9,-1,-1,-1,-1,-1,-1,0,-1
2021061140373,2021,061140373,2,90,0,18,19,8,2,0,0,0,0,0,0,0,1,1,6,6,3,30,6,-1,-1,-1,-1,-1,-1,0,-1
2021471071000,2021,471071000,1,9,0,18,19,8,4,0,0,1,0,0,0,0,3,1,6,6,3,-1,-1,-1,-1,-1,-1,-1,-1,0,-1
2021451034418,2021,451034418,1,1,0,18,19,6,2,0,0,0,0,0,0,0,0,1,5,6,1,54,8,-1,-1,-1,-1,10,E01030386,0,-1
2021122100242,2021,122100242,1,1,0,18,19,7,3,0,0,0,0,0,0,0,1,1,6,6,1,56,9,-1,-1,-1,-1,9,E01013365,0,-1
2021440224995,2021,440224995,2,19,0,4,4,7,3,6,6,0,0,0,0,0,1,1,6,6,3,-1,-1,-1,-1,-1,-1,-1,-1,0,-1
2021141101682,2021,141101682,2,9,0,1,1,1,5,0,0,0,0,0,0,0,3,2,6,6,3,-1,-1,-1,-1,-1,-1,-1,-1,0,-1
2021101035458,2021,101035458,2,9,0,9,9,5,3,0,0,1,0,0,3,0,0,1,6,6,3,-1,-1,-1,-1,-1,-1,-1,-1,0,-1
2021010305555,2021,010305555,2,1,0,18,19,7,3,0,0,2,0,0,0,0,1,1,2,2,2,34,6,-1,-1,-1,-1,2,E01003049,0,-1
2021052101689,2021,052101689,2,9,0,18,19,3,7,0,0,1,0,0,0,0,1,1,6,6,1,32,6,-1,-1,-1,-1,1,E01006443,0,-1
2021061081493,2021,061081493,1,9,0,9,9,1,1,0,0,1,0,0,0,0,1,1,6,6,3,30,6,-1,-1,-1,-1,-1,-1,0,-1
2021141080477,2021,141080477,2,98,0,18,19,5,1,0,0,0,0,0,0,0,2,1,6,6,3,-1,-1,-1,-1,-1,-1,-1,-1,0,-1
2021031054928,2021,031054928,1,9,0,18,19,4,8,0,0,2,0,0,0,0,1,1,5,6,2,52,8,-1,-1,-1,-1,3,E01019221,0,-1
2021010340015,2021,010340015,2,9,0,99,99,9,9,99,99,9,9,99,9,99,9,9,6,6,3,26,6,-1,-1,-1,-1,-1,-1,0,-1
2021161127676,2021,161127676,1,90,0,18,19,3,7,0,0,2,0,0,0,0,1,1,6,6,2,33,6,-1,-1,-1,-1,1,E01013278,0,-1
2021430522332,2021,430522332,2,1,0,18,19,5,1,0,0,0,0,0,0,0,3,1,2,2,1,26,6,-1,-1,-1,-1,8,E01028742,0,-1
2021991071363,2021,991071363,1,9,0,18,19,1,5,0,0,0,0,0,0,0,1,1,6,6,1,40,7,-1,-1,-1,-1,5,-1,0,-1
2021361054111,2021,361054111,1,90,0,18,19,1,5,0,0,0,0,0,0,0,0,1,6,6,3,-1,-1,-1,-1,-1,-1,-1,-1,0,-1
2021010338889,2021,010338889,1,1,9,99,99,9,9,99,99,9,9,99,9,99,1,1,2,2,2,29,6,-1,-1,-1,-1,6,E01003753,0,-1
2021351110575,2021,351110575,2,9,0,2,2,0,0,0,0,1,0,0,1,11,3,1,6,6,3,-1,-1,-1,-1,-1,-1,-1,-1,0,-1
2021010300860,2021,010300860,2,9,0,99,99,9,9,99,99,9,9,99,9,99,9,9,6,6,3,-1,-1,-1,-1,-1,-1,-1,-1,0,-1
2021332100003,2021,332100003,1,9,0,13,13,1,5,0,0,8,1,0,0,0,1,1,6,6,1,20,4,-1,-1,-1,-1,10,E01025709,0,-1
2021351096947,2021,351096947,2,1,0,5,5,-1,-1,0,0,0,0,0,0,0,1,1,4,7,1,11,3,-1,-1,-1,-1,5,E01017949,0,-1
2021440198620,2021,440198620,1,-1,0,18,19,7,3,9,9,0,0,0,0,0,0,1,6,6,2,13,3,-1,-1,-1,-1,2,E01017119,1,-1
20211383R2201,2021,1383R2201,1,9,0,18,19,3,7,0,0,0,0,0,0,0,4,1,6,6,3,-1,-1,-1,-1,-1,-1,-1,-1,0,-1
2021161016794,2021,161016794,2,9,0,18,19,5,1,0,0,1,0,0,0,0,1,1,6,6,2,-1,-1,-1,-1,-1,-1,-1,-1,0,-1
2021010302025,2021,010302025,1,-1,0,18,19,1,5,9,9,1,0,0,0,0,1,1,2,2,2,24,5,-1,-1,-1,-1,2,E01032720,1,-1
2021451119214,2021,451119214,1,98,0,18,19,1,5,0,0,0,0,0,0,0,4,1,1,1,1,52,8,-1,-1,-1,-1,7,E01030707,0,-1
2021440490987,2021,440490987,1,9,0,18,19,7,3,0,0,8,0,0,0,0,1,1,6,6,3,-1,-1,-1,-1,-1,-1,-1,-1,0,-1
2021461062169,2021,461062169,2,9,0,18,19,5,1,0,0,1,0,0,7,0,4,1,2,2,2,38,7,-1,-1,-1,-1,6,E01000330,0,-1
2021201065569,2021,201065569,2,11,0,18,19,7,3,0,0,8,0,0,0,0,0,1,1,1,3,-1,-1,-1,-1,-1,-1,-1,-1,0,-1
2021320558466,2021,320558466,1,1,0,18,19,7,3,0,0,1,0,0,0,0,1,1,6,6,1,14,3,-1,-1,-1,-1,6,E01026239,0,-1
2021201146078,2021,201146078,2,1,0,18,19,4,8,5,5,8,0,0,0,0,3,1,6,6,3,58,9,-1,-1,-1,-1,6,E01010339,0,-1
2021430091568,2021,430091568,2,1,0,18,19,2,6,0,0,1,0,0,0,0,1,1,2,2,1,58,9,-1,-1,-1,-1,7,E01016331,0,-1
2021430245977,2021,430245977,2,1,0,18,19,2,6,0,0,0,0,0,0,0,1,1,6,6,1,56,9,-1,-1,-1,-1,9,E01016600,0,-1
2021041086780,2021,041086780,2,1,0,17,19,5,1,0,0,0,0,0,0,0,1,1,5,6,1,15,3,-1,-1,-1,-1,9,E01025148,0,-1
2021332100140,2021,332100140,1,9,0,18,19,5,1,0,0,6,1,0,0,0,1,1,6,6,1,28,6,-1,-1,-1,-1,6,E01031051,0,-1
2021010309626,2021,010309626,2,1,0,18,19,3,7,0,0,6,0,0,0,0,3,1,4,7,2,7,2,-1,-1,-1,-1,9,E01002980,0,-1
2021061047853,2021,061047853,1,90,0,18,19,6,2,0,0,0,0,0,0,0,0,1,6,6,1,52,8,-1,-1,-1,-1,-1,-1,0,-1
202131A167121,2021,31A167121,1,3,0,18,19,8,4,0,0,3,0,10,0,0,1,1,6,6,1,28,6,-1,-1,-1,-1,9,E01027992,0,-1
2021101077222,2021,101077222,2,1,0,18,19,5,1,0,0,3,5,0,0,0,4,1,6,6,1,61,9,-1,-1,-1,-1,10,E01033551,0,-1
2021302101645,2021,302101645,1,9,0,18,19,6,2,0,0,0,0,0,0,0,1,1,6,6,3,-1,-1,-1,-1,-1,-1,5,E01019456,0,-1
2021302101473,2021,302101473,1,19,0,4,4,6,2,0,0,2,0,0,0,0,1,1,6,6,1,43,7,-1,-1,-1,-1,1,E01013475,0,-1
2021320660192,2021,320660192,2,16,0,18,19,5,1,0,0,0,0,0,0,0,0,1,6,6,1,18,4,-1,-1,-1,-1,7,E01026098,0,-1
202163A070121,2021,63A070121,2,90,0,18,19,1,5,0,0,0,0,0,0,0,1,1,1,1,1,48,8,-1,-1,-1,-1,5,W01000593,0,-1
2021101110276,2021,101110276,1,1,0,18,19,7,3,0,0,0,0,0,0,0,0,1,5,6,1,75,10,-1,-1,-1,-1,-1,-1,0,-1