collision_index,collision_year,collision_ref_no,vehicle_reference,vehicle_type,towing_and_articulation,vehicle_manoeuvre_historic,vehicle_manoeuvre,vehicle_direction_from,vehicle_direction_to,vehicle_location_restricted_lane_historic,vehicle_location_restricted_lane,junction_location,skidding_and_overturning,hit_object_in_carriageway,vehicle_leaving_carriageway,hit_object_off_carriageway,first_point_of_impact,vehicle_left_hand_drive,journey_purpose_of_driver_historic,journey_purpose_of_driver,sex_of_driver,age_of_driver,age_band_of_driver,engine_capacity_cc,propulsion_code,age_of_vehicle,generic_make_model,driver_imd_decile,lsoa_of_driver,escooter_flag,driver_distance_banding
2021101114684,2021,101114684,1,9,-1,18,19,7,5,0,0,2,0,0,0,0,1,1,6,6,3,-1,-1,-1,-1,-1,-1,-1,-1,0,-1
2021010331746,2021,010331746,2,1,0,18,19,2,6,0,0,1,0,0,0,0,3,1,6,6,1,50,8,-1,-1,-1,-1,6,E01000203,0,-1
2021411100716,2021,411100716,1,90,0,18,19,1,5,0,0,0,0,0,0,0,1,1,6,6,3,-1,-1,-1,-1,-1,-1,-1,-1,0,-1
2021010328905,2021,010328905,1,19,0,7,7,5,7,5,5,1,0,0,3,0,4,2,6,6,1,21,5,-1,-1,-1,-1,-1,-1,0,-1
2021430177848,2021,430177848,1,9,0,18,19,7,3,0,0,1,0,0,0,0,4,1,6,6,3,-1,-1,-1,-1,-1,-1,-1,-1,0,-1
2021201114018,2021,201114018,1,9,0,7,7,8,2,0,0,5,0,0,0,0,4,1,6,6,3,30,6,-1,-1,-1,-1,-1,-1,0,-1
2021201117635,2021,201117635,1,9,0,13,13,8,4,0,0,8,0,0,0,0,4,1,6,6,1,-1,-1,-1,-1,-1,-1,-1,-1,0,-1
2021440303303,2021,440303303,1,1,0,9,9,7,5,0,0,0,0,0,0,0,3,1,6,6,1,22,5,-1,-1,-1,-1,9,E01028241,0,-1
2021451065891,2021,451065891,2,1,0,18,19,1,5,0,0,2,0,0,1,0,3,1,2,2,1,30,6,-1,-1,-1,-1,10,E01030351,0,-1
2021371050913,2021,371050913,1,1,0,18,19,7,3,9,9,0,0,0,0,0,0,1,4,7,1,13,3,-1,-1,-1,-1,8,E01030269,0,-1
2021131077204,2021,131077204,1,9,0,11,11,6,1,0,0,0,0,0,0,0,4,1,2,2,1,54,8,-1,-1,-1,-1,1,E01011658,0,-1
2021991036504,2021,991036504,2,1,0,18,19,6,2,0,0,0,0,0,0,0,1,1,2,2,1,19,4,-1,-1,-1,-1,1,-1,0,-1
2021010340638,2021,010340638,2,9,0,99,99,9,9,99,99,0,9,99,9,99,1,9,6,6,3,-1,-1,-1,-1,-1,-1,-1,-1,0,-1
2021010294051,2021,010294051,2,9,0,18,19,5,1,0,0,1,0,0,0,0,1,1,6,6,1,52,8,-1,-1,-1,-1,5,E01027017,0,-1
2021010316926,2021,010316926,1,1,9,99,99,9,9,99,99,9,9,99,9,99,9,1,6,6,2,24,5,-1,-1,-1,-1,4,E01003123,0,-1
2021010323410,2021,010323410,2,1,0,18,19,1,5,0,0,0,0,0,0,0,1,1,6,6,1,24,5,-1,-1,-1,-1,6,E01004070,0,-1
2021170M10201,2021,170M10201,1,19,0,1,1,6,2,9,9,6,0,0,0,0,2,1,6,6,3,-1,-1,-1,-1,-1,-1,-1,-1,0,-1
2021501030548,2021,501030548,1,9,0,18,19,2,7,0,0,0,0,0,0,0,1,1,5,6,1,32,6,-1,-1,-1,-1,6,E01020207,0,-1
2021010311136,2021,010311136,1,97,0,18,19,5,1,5,5,0,0,0,0,0,1,1,6,6,3,-1,-1,-1,-1,-1,-1,-1,-1,0,-1
2021211057076,2021,211057076,2,1,0,9,9,3,1,0,0,0,5,0,0,0,2,1,1,1,2,25,5,-1,-1,-1,-1,2,E01014359,0,-1
2021211024979,2021,211024979,2,1,0,18,19,8,4,0,0,0,0,0,0,0,2,1,6,6,1,25,5,-1,-1,-1,-1,8,E01029713,0,-1
2021010304589,2021,010304589,2,1,9,99,99,9,9,99,99,9,9,99,9,99,9,1,6,6,1,-1,-1,-1,-1,-1,-1,1,E01020984,0,-1
2021010336908,2021,010336908,1,3,0,18,19,6,2,0,0,1,0,0,0,0,1,1,6,6,1,33,6,-1,-1,-1,-1,3,E01000974,0,-1
2021141056631,2021,141056631,1,9,0,-1,-1,-1,-1,-1,-1,0,1,-1,-1,0,-1,1,6,6,3,-1,-1,-1,-1,-1,-1,-1,-1,0,-1
2021522102541,2021,522102541,2,1,0,18,19,7,3,0,0,0,0,0,0,0,1,1,6,6,1,59,9,-1,-1,-1,-1,4,E01014401,0,-1
2021011022920,2021,011022920,2,1,0,18,19,3,7,0,0,0,0,0,0,0,2,1,5,6,1,49,8,-1,-1,-1,-1,9,E01003478,0,-1
2021010339241,2021,010339241,2,3,9,99,99,9,9,0,0,0,9,99,0,0,9,1,6,6,3,-1,-1,-1,-1,-1,-1,-1,-1,0,-1
2021302101258,2021,302101258,2,1,0,18,19,6,2,0,0,1,0,0,0,0,1,1,6,6,1,32,6,-1,-1,-1,-1,5,E01019744,0,-1
2021430090151,2021,430090151,1,9,0,18,19,1,5,0,0,4,0,0,0,1,1,1,2,2,1,41,7,-1,-1,-1,-1,2,E01028518,0,-1
2021052101169,2021,052101169,2,1,0,13,13,4,8,0,0,8,0,0,0,0,1,1,1,1,1,21,5,-1,-1,-1,-1,1,E01006720,0,-1
2021201103839,2021,201103839,2,9,0,9,9,4,2,0,0,5,0,0,0,0,1,1,6,6,2,45,7,-1,-1,-1,-1,4,E01009868,0,-1
2021161053859,2021,161053859,2,5,0,18,19,1,5,0,0,0,0,0,0,0,3,1,6,6,1,16,4,-1,-1,-1,-1,5,E01013225,0,-1
2021010336293,2021,010336293,2,9,0,18,19,5,1,0,0,1,0,0,0,0,1,1,6,6,1,59,9,-1,-1,-1,-1,4,E01001061,0,-1
202160Z115791,2021,60Z115791,1,9,0,18,19,8,4,0,0,2,0,0,0,0,4,1,6,6,1,64,9,-1,-1,-1,-1,-1,-1,0,-1
2021010313571,2021,010313571,2,9,0,99,99,9,9,99,99,9,9,99,9,99,9,9,6,6,3,-1,-1,-1,-1,-1,-1,-1,-1,0,-1
2021010325550,2021,010325550,1,1,0,18,19,2,6,0,0,1,0,0,0,0,1,1,1,1,1,27,6,-1,-1,-1,-1,9,E01004490,0,-1
2021401034671,2021,401034671,1,19,-1,-1,-1,-1,-1,-1,-1,-1,-1,-1,-1,0,-1,1,6,6,2,20,4,-1,-1,-1,-1,5,E01016762,0,-1
2021010313812,2021,010313812,2,1,0,9,9,7,5,0,0,3,0,0,0,0,4,1,6,6,2,27,6,-1,-1,-1,-1,2,E01004231,0,-1
2021451110067,2021,451110067,8,9,0,18,19,5,1,0,0,0,0,0,0,0,2,1,1,1,1,46,8,-1,-1,-1,-1,6,E01031516,0,-1
2021010336839,2021,010336839,2,8,0,99,99,9,9,99,99,9,9,99,9,99,2,9,6,6,1,25,5,-1,-1,-1,-1,2,E01002046,0,-1
2021111091257,2021,111091257,1,2,0,18,19,5,1,0,0,0,5,0,0,0,1,1,6,6,1,31,6,-1,-1,-1,-1,3,E01020787,0,-1
202131B066721,2021,31B066721,2,3,0,18,19,8,4,0,0,0,1,0,0,0,4,1,2,2,1,21,5,-1,-1,-1,-1,7,E01013892,0,-1
2021302100633,2021,302100633,2,1,0,18,19,1,5,0,0,0,0,0,0,0,3,1,6,6,1,14,3,-1,-1,-1,-1,4,E01013555,0,-1
2021201132014,2021,201132014,1,9,0,18,19,4,8,0,0,8,0,0,0,0,3,1,2,2,2,19,4,-1,-1,-1,-1,2,E01010016,0,-1
2021010343832,2021,010343832,2,1,9,99,99,9,9,99,99,9,9,99,9,99,1,1,6,6,1,-1,-1,-1,-1,-1,-1,-1,-1,0,-1
2021610054321,2021,610054321,2,9,0,2,2,0,0,0,0,0,0,0,0,0,2,1,6,6,1,52,8,-1,-1,-1,-1,7,W01001674,0,-1
2021111094001,2021,111094001,1,1,0,9,9,8,5,0,0,8,1,0,1,0,2,1,5,6,1,13,3,-1,-1,-1,-1,6,E01020665,0,-1
2021411087865,2021,411087865,2,1,0,18,19,4,7,0,0,4,0,0,0,0,1,1,6,6,1,32,6,-1,-1,-1,-1,9,E01023461,0,-1
2021052102258,2021,052102258,1,9,0,18,19,3,7,0,0,0,0,0,0,0,1,9,6,6,3,-1,-1,-1,-1,-1,-1,-1,-1,0,-1
2021440431658,2021,440431658,2,9,0,18,19,5,1,0,0,1,0,0,0,0,1,1,6,6,2,24,5,-1,-1,-1,-1,5,E01016376,0,-1
2021440357397,2021,440357397,2,9,0,18,19,4,8,0,0,3,0,0,0,0,1,1,6,6,2,-1,-1,-1,-1,-1,-1,-1,-1,0,-1
2021430422595,2021,430422595,2,9,0,3,3,8,4,0,0,1,0,0,0,0,2,1,6,6,2,70,10,-1,-1,-1,-1,4,E01016725,0,-1
2021411114144,2021,411114144,1,9,0,18,19,6,2,0,0,0,0,0,0,0,1,1,6,6,2,-1,-1,-1,-1,-1,-1,-1,-1,0,-1
2021161013027,2021,161013027,1,98,0,13,13,4,8,0,0,0,1,0,7,4,4,1,6,6,1,53,8,-1,-1,-1,-1,9,E01013316,0,-1
2021010319220,2021,010319220,1,1,9,99,99,9,9,99,99,9,9,99,9,99,9,1,2,2,3,42,7,-1,-1,-1,-1,-1,-1,0,-1
2021451112416,2021,451112416,1,23,0,18,19,3,7,0,0,0,0,0,0,0,0,1,6,6,1,16,4,-1,-1,-1,-1,7,E01032570,0,-1
2021010351399,2021,010351399,1,1,9,99,99,9,9,99,99,9,9,99,9,99,1,1,2,2,1,39,7,-1,-1,-1,-1,7,E01003815,0,-1
2021201042107,2021,201042107,1,9,0,18,19,-1,-1,0,0,0,0,0,0,0,1,1,6,6,3,-1,-1,-1,-1,-1,-1,-1,-1,0,-1
2021520200472,2021,520200472,2,1,0,12,12,4,8,0,0,8,0,0,0,0,1,1,6,6,2,44,7,-1,-1,-1,-1,4,E01029326,0,-1
2021421054712,2021,421054712,1,9,0,18,19,1,5,0,0,0,0,0,0,0,4,1,6,6,1,-1,-1,-1,-1,-1,-1,-1,-1,0,-1
2021451109650,2021,451109650,2,9,0,18,19,5,1,0,0,1,0,0,0,0,3,1,6,6,3,50,8,-1,-1,-1,-1,-1,-1,0,-1
2021471017437,2021,471017437,2,1,0,18,19,3,7,0,0,3,5,0,0,0,4,1,2,2,2,28,6,-1,-1,-1,-1,3,E01031459,0,-1
2021201040838,2021,201040838,3,9,0,18,19,4,8,0,0,0,0,0,0,0,1,1,2,2,1,40,7,-1,-1,-1,-1,-1,-1,0,-1
2021991079263,2021,991079263,2,9,0,12,12,7,3,0,0,0,0,0,0,0,2,1,5,6,1,33,6,-1,-1,-1,-1,8,-1,0,-1
2021010348822,2021,010348822,1,97,0,99,99,9,9,99,99,9,9,99,9,99,0,9,6,6,3,-1,-1,-1,-1,-1,-1,-1,-1,0,-1
2021430177451,2021,430177451,1,1,0,18,19,8,4,0,0,1,0,0,0,0,3,1,4,7,1,-1,-1,-1,-1,-1,-1,4,E01016512,0,-1
2021010312759,2021,010312759,1,9,9,99,99,9,9,99,99,0,9,99,9,99,9,9,6,6,3,-1,-1,-1,-1,-1,-1,-1,-1,0,-1
202154B193821,2021,54B193821,1,9,0,9,9,2,1,0,0,8,0,0,0,0,9,1,6,6,3,-1,-1,-1,-1,-1,-1,-1,-1,0,-1
2021440039649,2021,440039649,2,1,0,18,19,8,4,0,0,8,0,0,0,0,4,1,6,6,2,52,8,-1,-1,-1,-1,10,E01023209,0,-1
2021211093991,2021,211093991,3,90,-1,-1,-1,-1,-1,-1,-1,0,-1,-1,-1,0,-1,1,6,6,3,-1,-1,-1,-1,-1,-1,-1,-1,0,-1
2021451051971,2021,451051971,2,1,0,18,19,6,2,0,0,1,5,0,0,0,1,1,5,6,1,12,3,-1,-1,-1,-1,8,E01030708,0,-1
2021471024450,2021,471024450,1,1,0,18,19,5,1,0,0,0,0,0,1,0,1,1,5,6,2,40,7,-1,-1,-1,-1,5,E01021195,0,-1
2021332100146,2021,332100146,1,9,0,4,4,8,4,0,0,8,0,0,0,0,2,1,6,6,1,52,8,-1,-1,-1,-1,4,E01025957,0,-1
2021201113222,2021,201113222,1,9,0,4,4,5,1,0,0,1,0,0,0,0,2,1,6,6,3,-1,-1,-1,-1,-1,-1,-1,-1,0,-1
202134WNC5281,2021,34WNC5281,2,1,0,18,19,1,5,0,0,8,0,0,0,0,4,1,2,2,1,47,8,-1,-1,-1,-1,8,E01027181,0,-1
2021010312263,2021,010312263,2,1,0,18,19,1,5,4,4,0,0,0,0,0,1,1,2,2,1,33,6,-1,-1,-1,-1,4,E01002704,0,-1
2021010292675,2021,010292675,3,9,0,18,19,1,5,0,0,8,0,0,0,0,1,1,6,6,3,-1,-1,-1,-1,-1,-1,-1,-1,0,-1
2021332100906,2021,332100906,4,9,0,18,19,1,5,0,0,0,0,0,0,0,2,1,6,6,1,31,6,-1,-1,-1,-1,8,E01026990,0,-1
2021320536189,2021,320536189,1,1,0,18,19,4,8,0,0,0,0,0,0,0,1,1,4,7,1,15,3,-1,-1,-1,-1,7,E01026397,0,-1
2021332100346,2021,332100346,2,9,0,18,19,6,2,0,0,0,0,0,0,0,3,1,6,6,1,31,6,-1,-1,-1,-1,2,E01013774,0,-1
2021361026440,2021,361026440,1,9,0,18,19,-1,-1,0,0,0,0,0,0,0,4,1,6,6,3,-1,-1,-1,-1,-1,-1,-1,-1,0,-1
2021421053935,2021,421053935,1,9,0,4,4,7,3,0,0,4,0,0,0,0,1,1,6,6,3,-1,-1,-1,-1,-1,-1,-1,-1,0,-1
2021211078831,2021,211078831,2,1,0,7,7,3,6,0,0,4,0,0,0,0,3,1,2,2,1,29,6,-1,-1,-1,-1,7,E01029385,0,-1
2021161090811,2021,161090811,2,3,0,18,19,3,3,0,0,1,0,0,0,0,1,1,6,6,1,15,3,-1,-1,-1,-1,1,E01012881,0,-1
2021170S42171,2021,170S42171,3,19,0,2,2,0,0,0,0,2,0,0,0,0,2,1,6,6,2,22,5,-1,-1,-1,-1,1,E01012074,0,-1
202131B200321,2021,31B200321,2,20,0,18,19,8,4,0,0,0,0,0,0,0,0,1,6,6,3,-1,-1,-1,-1,-1,-1,-1,-1,0,-1
2021161044195,2021,161044195,1,1,0,18,19,2,6,0,0,0,0,0,0,0,0,1,2,2,1,39,7,-1,-1,-1,-1,10,E01012926,0,-1
2021471020449,2021,471020449,3,9,0,2,2,0,0,0,0,0,1,0,0,0,2,1,6,6,3,-1,-1,-1,-1,-1,-1,-1,-1,0,-1
2021010307592,2021,010307592,2,1,0,15,15,6,2,0,0,1,0,0,0,0,1,1,6,6,1,43,7,-1,-1,-1,-1,8,E01030860,0,-1
2021421107358,2021,421107358,2,1,0,18,19,1,5,0,0,8,0,0,0,0,1,1,2,2,2,34,6,-1,-1,-1,-1,4,E01022012,0,-1
2021471017087,2021,471017087,3,9,0,18,19,7,3,0,0,1,0,0,0,0,0,1,6,6,3,-1,-1,-1,-1,-1,-1,-1,-1,0,-1
2021031037227,2021,031037227,1,9,0,18,19,5,1,0,0,0,0,0,0,0,1,1,6,6,1,61,9,-1,-1,-1,-1,4,E01019293,0,-1
202160Z188743,2021,60Z188743,2,1,0,9,9,8,6,0,0,5,0,0,0,0,3,1,6,6,1,80,11,-1,-1,-1,-1,-1,-1,0,-1
2021010320381,2021,010320381,2,1,0,7,7,5,6,4,4,5,0,0,0,0,1,1,6,6,1,16,4,-1,-1,-1,-1,10,E01003010,0,-1
2021461097821,2021,461097821,2,9,0,18,19,4,8,0,0,0,0,0,0,0,2,1,5,6,2,41,7,-1,-1,-1,-1,8,E01004144,0,-1
2021201146072,2021,201146072,2,1,0,18,19,3,7,0,0,1,0,0,0,0,4,1,6,6,2,37,7,-1,-1,-1,-1,2,E01009842,0,-1
2021430355006,2021,430355006,3,9,0,5,5,4,8,0,0,0,0,0,0,0,3,1,6,6,3,-1,-1,-1,-1,-1,-1,-1,-1,0,-1
202131C067721,2021,31C067721,2,-1,0,18,19,2,6,0,0,8,0,0,0,0,4,1,6,6,1,12,3,-1,-1,-1,-1,1,E01013841,1,-1
2021401096001,2021,401096001,2,9,0,3,3,1,5,0,0,2,0,0,0,0,2,1,5,6,2,35,6,-1,-1,-1,-1,2,E01017490,0,-1
2021010295067,2021,010295067,2,90,0,99,99,9,9,99,99,0,9,99,9,99,1,9,6,6,3,-1,-1,-1,-1,-1,-1,3,E01003720,0,-1
2021201113031,2021,201113031,1,9,0,18,19,-1,-1,0,0,0,0,0,0,0,1,1,6,6,3,-1,-1,-1,-1,-1,-1,-1,-1,0,-1
2021010299480,2021,010299480,2,1,0,18,19,1,5,4,4,2,0,0,1,0,4,1,6,6,1,29,6,-1,-1,-1,-1,9,E01000899,0,-1
2021531047672,2021,531047672,2,1,0,18,19,-1,-1,4,4,-1,0,0,1,0,3,1,2,2,1,23,5,-1,-1,-1,-1,4,E01022151,0,-1
2021201146326,2021,201146326,3,9,0,18,19,5,1,0,0,1,0,0,0,0,1,1,6,6,3,-1,-1,-1,-1,-1,-1,-1,-1,0,-1
202160Z164363,2021,60Z164363,2,9,0,7,7,8,2,0,0,5,0,0,0,0,1,1,6,6,2,52,8,-1,-1,-1,-1,-1,-1,0,-1
2021010313770,2021,010313770,1,9,0,7,7,1,3,4,4,1,0,0,0,0,3,1,6,6,3,-1,-1,-1,-1,-1,-1,-1,-1,0,-1
2021541022521,2021,541022521,2,9,0,18,19,1,5,0,0,8,0,0,0,0,1,1,2,2,2,34,6,-1,-1,-1,-1,8,E01031946,0,-1
2021361084454,2021,361084454,3,1,0,18,19,7,3,0,0,2,0,0,0,0,4,1,4,7,2,9,2,-1,-1,-1,-1,-1,-1,0,-1
2021052101329,2021,052101329,2,1,0,3,3,5,1,0,0,1,0,0,0,0,1,1,6,6,1,33,6,-1,-1,-1,-1,2,E01006868,0,-1
2021201042091,2021,201042091,1,9,0,5,5,6,2,0,0,1,0,0,0,0,1,1,6,6,1,21,5,-1,-1,-1,-1,7,E01031023,0,-1
2021451035514,2021,451035514,3,98,0,18,19,3,8,0,0,0,0,0,0,0,1,1,6,6,1,32,6,-1,-1,-1,-1,-1,-1,0,-1
202160Z089665,2021,60Z089665,2,9,0,18,19,7,3,0,0,5,0,0,0,0,2,1,6,6,1,70,10,-1,-1,-1,-1,-1,-1,0,-1
2021320404305,2021,320404305,2,1,0,18,19,3,8,0,0,8,0,0,0,0,1,1,6,6,1,47,8,-1,-1,-1,-1,7,E01026137,0,-1
2021070654016,2021,070654016,2,1,0,9,9,2,7,0,0,3,0,0,0,0,2,1,6,6,1,61,9,-1,-1,-1,-1,4,E01018639,0,-1
2021440158872,2021,440158872,2,1,0,18,19,8,2,0,0,6,0,0,0,0,4,1,6,6,1,19,4,-1,-1,-1,-1,3,E01017227,0,-1
2021471065916,2021,471065916,1,9,0,9,9,3,1,0,0,8,0,0,0,0,1,1,6,6,3,-1,-1,-1,-1,-1,-1,-1,-1,0,-1
2021010336934,2021,010336934,2,1,0,18,19,1,5,9,9,0,0,0,1,0,1,1,6,6,1,21,5,-1,-1,-1,-1,-1,-1,0,-1
2021540299921,2021,540299921,1,9,0,18,19,1,5,0,0,6,1,0,0,0,1,1,1,1,1,41,7,-1,-1,-1,-1,3,E01015530,0,-1
2021430073817,2021,430073817,3,1,0,18,19,6,2,0,0,2,0,0,0,0,1,1,6,6,1,51,8,-1,-1,-1,-1,10,E01028491,0,-1
2021201014177,2021,201014177,3,9,0,2,2,0,0,9,9,1,0,0,0,0,3,1,6,6,2,29,6,-1,-1,-1,-1,2,E01010405,0,-1
2021010328097,2021,010328097,2,2,0,99,99,9,9,99,99,9,9,99,9,99,1,1,6,6,3,-1,-1,-1,-1,-1,-1,-1,-1,0,-1
2021501107102,2021,501107102,2,9,0,18,19,5,1,0,0,8,2,11,0,0,4,1,6,6,1,34,6,-1,-1,-1,-1,4,E01018922,0,-1
2021211028071,2021,211028071,1,9,0,7,7,2,5,0,0,1,0,0,0,0,1,1,6,6,1,47,8,-1,-1,-1,-1,-1,-1,0,-1
2021010344271,2021,010344271,2,9,0,99,99,9,9,99,99,9,9,99,9,99,1,9,6,6,3,-1,-1,-1,-1,-1,-1,-1,-1,0,-1
202134NNC5241,2021,34NNC5241,1,1,0,9,9,7,5,0,0,8,0,0,0,0,1,1,6,6,1,51,8,-1,-1,-1,-1,2,E01026966,0,-1
2021610033621,2021,610033621,1,97,0,17,19,1,6,0,0,4,2,0,0,0,4,1,6,6,1,57,9,-1,-1,-1,-1,-1,-1,0,-1
202131A082621,2021,31A082621,3,9,0,2,2,0,0,0,0,0,0,0,0,0,1,1,6,6,3,-1,-1,-1,-1,-1,-1,-1,-1,0,-1
2021061042505,2021,061042505,2,9,0,9,9,3,1,0,0,1,0,0,0,0,1,1,1,1,1,49,8,-1,-1,-1,-1,1,E01005074,0,-1
2021552100762,2021,552100762,1,1,0,18,19,8,4,9,9,8,0,0,0,0,1,1,6,6,1,32,6,-1,-1,-1,-1,6,E01015414,0,-1
2021332100153,2021,332100153,1,9,0,9,9,2,8,0,0,5,1,0,0,0,1,1,6,6,1,23,5,-1,-1,-1,-1,5,E01013606,0,-1
202160Z027186,2021,60Z027186,1,9,0,9,9,8,6,0,0,2,0,0,0,0,4,1,6,6,1,41,7,-1,-1,-1,-1,-1,-1,0,-1
2021421024884,2021,421024884,1,9,-1,18,19,8,4,0,0,2,0,0,0,0,2,1,6,6,1,-1,-1,-1,-1,-1,-1,-1,-1,0,-1
2021010313285,2021,010313285,1,9,0,99,99,9,9,99,99,9,9,99,9,99,2,9,6,6,2,37,7,-1,-1,-1,-1,3,E01001489,0,-1
2021522104764,2021,522104764,2,17,4,18,19,5,2,0,0,0,0,0,0,0,2,1,6,6,3,-1,-1,-1,-1,-1,-1,-1,-1,0,-1
2021101072699,2021,101072699,1,9,0,3,3,7,3,0,0,8,0,0,0,0,2,1,1,1,1,50,8,-1,-1,-1,-1,-1,-1,0,-1
2021010337755,2021,010337755,3,90,0,7,7,3,5,0,0,1,0,0,0,0,1,1,1,1,1,50,8,-1,-1,-1,-1,3,E01004666,0,-1
2021010288389,2021,010288389,2,9,0,9,9,8,7,0,0,8,0,0,0,0,1,1,6,6,1,18,4,-1,-1,-1,-1,9,E01026396,0,-1
2021010341148,2021,010341148,2,-1,0,18,19,2,6,0,0,2,0,0,0,0,1,1,6,6,1,18,4,-1,-1,-1,-1,6,E01003705,1,-1
2021122101359,2021,122101359,2,1,0,18,19,2,6,0,0,0,0,0,0,0,3,1,6,6,1,63,9,-1,-1,-1,-1,4,E01027892,0,-1
2021010304128,2021,010304128,2,9,0,99,99,9,9,99,99,9,9,99,9,99,9,9,6,6,3,-1,-1,-1,-1,-1,-1,-1,-1,0,-1
2021522103394,2021,522103394,1,9,0,7,7,5,1,0,0,1,0,0,1,10,1,1,6,6,1,34,6,-1,-1,-1,-1,9,E01014993,0,-1
2021010310674,2021,010310674,1,1,9,99,99,9,9,99,99,0,9,99,9,99,9,1,6,6,1,30,6,-1,-1,-1,-1,4,E01004628,0,-1
2021451039360,2021,451039360,1,9,0,1,1,0,4,0,0,0,0,0,0,0,2,1,5,6,1,50,8,-1,-1,-1,-1,-1,-1,0,-1
20211381C1450,2021,1381C1450,2,1,0,18,19,4,8,0,0,8,0,0,0,0,3,1,6,6,1,52,8,-1,-1,-1,-1,4,E01011469,0,-1
2021311089315,2021,311089315,1,22,0,4,4,1,5,0,0,1,0,0,0,0,0,1,5,6,2,51,8,-1,-1,-1,-1,4,E01027996,0,-1
2021411125157,2021,411125157,1,1,0,18,19,8,4,0,0,0,0,4,0,0,1,1,5,6,1,18,4,-1,-1,-1,-1,10,E01023898,0,-1
2021332100380,2021,332100380,2,9,0,18,19,4,8,0,0,0,1,0,0,0,1,1,6,6,2,31,6,-1,-1,-1,-1,9,E01025750,0,-1
2021010343157,2021,010343157,2,1,0,3,3,3,7,0,0,8,0,0,0,0,2,1,2,2,1,27,6,-1,-1,-1,-1,3,E01003104,0,-1
2021520105254,2021,520105254,1,11,0,18,19,1,5,0,0,0,0,0,0,0,4,1,6,6,3,-1,-1,-1,-1,-1,-1,-1,-1,0,-1
202163C026021,2021,63C026021,1,9,0,18,19,2,6,0,0,1,0,0,0,0,1,1,1,1,1,65,9,-1,-1,-1,-1,4,W01000603,0,-1
2021041119976,2021,041119976,2,1,0,18,19,1,5,0,0,0,0,0,0,0,1,1,6,6,1,68,10,-1,-1,-1,-1,9,E01012583,0,-1
2021010312798,2021,010312798,2,1,0,18,19,5,1,0,0,1,0,0,0,0,1,1,2,2,1,25,5,-1,-1,-1,-1,8,E01004054,0,-1
2021421033035,2021,421033035,2,1,0,18,19,7,3,0,0,8,0,0,0,0,1,1,5,6,1,52,8,-1,-1,-1,-1,9,E01021479,0,-1
2021010317411,2021,010317411,1,9,0,99,99,9,9,99,99,9,9,99,9,99,1,9,6,6,3,-1,-1,-1,-1,-1,-1,-1,-1,0,-1
2021122100576,2021,122100576,1,1,0,18,19,3,7,0,0,0,0,0,0,0,3,1,6,6,1,53,8,-1,-1,-1,-1,1,E01012238,0,-1
2021471096792,2021,471096792,1,9,0,18,19,1,5,0,0,0,0,0,0,0,1,1,6,6,3,-1,-1,-1,-1,-1,-1,-1,-1,0,-1
2021471067200,2021,471067200,1,9,0,18,19,7,3,0,0,0,0,0,1,4,1,1,5,6,1,55,8,-1,-1,-1,-1,7,E01031536,0,-1
2021461120984,2021,461120984,2,9,0,2,2,0,0,0,0,0,0,0,0,0,1,1,6,6,3,-1,-1,-1,-1,-1,-1,-1,-1,0,-1
2021061055401,2021,061055401,1,9,0,7,7,4,7,0,0,1,0,0,0,0,4,1,5,6,3,30,6,-1,-1,-1,-1,-1,-1,0,-1
2021141122270,2021,141122270,1,9,0,-1,-1,-1,-1,-1,-1,-1,-1,-1,-1,0,-1,1,6,6,3,-1,-1,-1,-1,-1,-1,-1,-1,0,-1
2021991082140,2021,991082140,2,9,0,3,3,7,3,0,0,4,0,0,0,0,2,1,1,1,1,66,10,-1,-1,-1,-1,9,-1,0,-1
2021010309905,2021,010309905,1,1,9,99,99,9,9,99,99,9,9,99,9,99,9,1,2,2,2,33,6,-1,-1,-1,-1,1,E01001790,0,-1
2021430110593,2021,430110593,1,19,0,4,4,8,4,0,0,0,0,0,0,0,0,1,1,1,1,30,6,-1,-1,-1,-1,10,E01003780,0,-1
2021201136693,2021,201136693,1,4,0,5,5,6,2,0,0,0,0,0,0,0,4,1,6,6,1,-1,-1,-1,-1,-1,-1,-1,-1,0,-1
2021010336467,2021,010336467,2,9,0,18,19,1,5,0,0,0,0,0,0,0,1,1,6,6,3,-1,-1,-1,-1,-1,-1,-1,-1,0,-1
2021401110557,2021,401110557,2,1,0,18,19,7,3,0,0,1,0,0,0,0,1,1,3,7,1,12,3,-1,-1,-1,-1,4,E01017579,0,-1
2021201073973,2021,201073973,2,9,0,9,9,2,8,0,0,4,1,0,0,0,2,1,6,6,1,-1,-1,-1,-1,-1,-1,-1,-1,0,-1
2021201017920,2021,201017920,2,9,0,18,19,2,6,0,0,8,0,0,0,0,1,1,6,6,1,63,9,-1,-1,-1,-1,2,E01009412,0,-1
2021052101010,2021,052101010,1,23,0,18,19,3,7,0,0,1,0,0,0,0,1,1,6,6,1,35,6,-1,-1,-1,-1,-1,-1,0,-1
2021991097693,2021,991097693,2,1,0,18,19,1,5,4,4,1,0,0,0,0,4,1,6,6,2,23,5,-1,-1,-1,-1,10,-1,0,-1
2021332100344,2021,332100344,2,9,0,18,19,2,6,0,0,8,0,0,0,0,1,1,6,6,1,34,6,-1,-1,-1,-1,7,E01025654,0,-1
2021141012934,2021,141012934,3,9,0,2,2,4,8,9,9,2,0,0,0,0,3,2,6,6,3,-1,-1,-1,-1,-1,-1,-1,-1,0,-1
2021010339464,2021,010339464,1,9,9,99,99,9,9,99,99,9,9,99,9,99,9,1,6,6,3,-1,-1,-1,-1,-1,-1,-1,-1,0,-1
2021332100090,2021,332100090,2,9,0,4,4,7,3,0,0,1,0,0,0,0,2,1,2,2,1,40,7,-1,-1,-1,-1,-1,-1,0,-1
2021041055296,2021,041055296,1,1,0,15,15,4,8,0,0,2,5,8,0,0,4,1,2,2,1,56,9,-1,-1,-1,-1,6,E01025458,0,-1
2021522104474,2021,522104474,2,9,0,9,9,5,3,0,0,8,0,0,0,0,2,1,6,6,1,45,7,-1,-1,-1,-1,-1,-1,0,-1
2021411027856,2021,411027856,2,1,0,18,19,-1,-1,0,0,8,-1,-1,-1,0,-1,1,6,6,1,39,7,-1,-1,-1,-1,7,E01033314,0,-1
2021501087047,2021,501087047,3,9,0,3,3,3,7,0,0,1,0,0,0,0,0,1,6,6,3,-1,-1,-1,-1,-1,-1,-1,-1,0,-1
2021991074729,2021,991074729,2,9,5,18,19,6,2,0,0,8,0,0,0,0,1,1,6,6,1,25,5,-1,-1,-1,-1,7,-1,0,-1