collision_index,collision_year,collision_ref_no,vehicle_reference,vehicle_type,towing_and_articulation,vehicle_manoeuvre_historic,vehicle_manoeuvre,vehicle_direction_from,vehicle_direction_to,vehicle_location_restricted_lane_historic,vehicle_location_restricted_lane,junction_location,skidding_and_overturning,hit_object_in_carriageway,vehicle_leaving_carriageway,hit_object_off_carriageway,first_point_of_impact,vehicle_left_hand_drive,journey_purpose_of_driver_historic,journey_purpose_of_driver,sex_of_driver,age_of_driver,age_band_of_driver,engine_capacity_cc,propulsion_code,age_of_vehicle,generic_make_model,driver_imd_decile,lsoa_of_driver,escooter_flag,driver_distance_banding
202131B193921,2021,31B193921,2,1,0,18,19,3,7,0,0,0,0,0,0,0,3,1,6,6,1,30,6,-1,-1,-1,-1,-1,-1,0,-1
2021061070216,2021,061070216,2,9,0,18,19,4,8,0,0,0,0,0,0,0,3,1,6,6,3,30,6,-1,-1,-1,-1,-1,-1,0,-1
2021010319479,2021,010319479,2,1,0,5,5,8,4,0,0,8,0,0,0,0,1,1,1,1,1,21,5,-1,-1,-1,-1,2,E01002282,0,-1
2021520104654,2021,520104654,1,9,0,18,19,5,1,0,0,8,0,0,3,10,1,1,6,6,1,19,4,-1,-1,-1,-1,5,E01029259,0,-1
2021430535066,2021,430535066,4,19,0,3,3,1,5,0,0,1,0,0,0,0,1,1,6,6,1,33,6,-1,-1,-1,-1,-1,-1,0,-1
2021471012965,2021,471012965,2,9,0,2,2,0,0,0,0,0,0,0,0,0,2,1,1,1,1,47,8,-1,-1,-1,-1,5,E01000583,0,-1
2021302101346,2021,302101346,1,1,0,4,4,8,4,0,0,0,0,0,0,0,0,1,6,6,1,56,9,-1,-1,-1,-1,10,E01013463,0,-1
2021010320781,2021,010320781,1,9,0,3,3,5,1,0,0,1,0,0,0,0,2,1,6,6,2,40,7,-1,-1,-1,-1,7,E01004138,0,-1
2021332101016,2021,332101016,1,9,0,9,9,5,3,0,0,5,0,0,0,0,1,1,6,6,1,26,6,-1,-1,-1,-1,4,E01013648,0,-1
2021010342850,2021,010342850,2,1,9,99,99,9,9,99,99,9,9,99,9,99,1,1,6,6,2,-1,-1,-1,-1,-1,-1,-1,-1,0,-1
2021122101400,2021,122101400,2,1,0,18,19,5,1,0,0,1,0,0,0,0,1,1,6,6,1,30,6,-1,-1,-1,-1,10,E01008355,0,-1
2021010301601,2021,010301601,2,1,0,18,19,7,3,0,0,8,0,0,0,0,1,1,2,2,1,50,8,-1,-1,-1,-1,2,E01000870,0,-1
2021201095486,2021,201095486,1,9,0,18,19,7,3,0,0,2,0,0,0,0,0,1,6,6,1,-1,-1,-1,-1,-1,-1,-1,-1,0,-1
2021302101797,2021,302101797,1,9,0,18,19,2,6,0,0,0,0,0,0,0,1,1,6,6,1,37,7,-1,-1,-1,-1,3,E01019506,0,-1
2021131088116,2021,131088116,1,90,0,9,9,1,7,0,0,8,0,0,0,0,1,1,6,6,3,-1,-1,-1,-1,-1,-1,-1,-1,0,-1
2021361085906,2021,361085906,1,9,0,18,19,4,8,0,0,0,0,0,0,0,1,1,6,6,3,-1,-1,-1,-1,-1,-1,-1,-1,0,-1
2021501021963,2021,501021963,1,9,0,18,19,2,6,0,0,0,2,0,7,11,3,1,2,2,1,24,5,-1,-1,-1,-1,5,E01020208,0,-1
2021201025278,2021,201025278,1,9,0,18,19,8,4,0,0,0,1,10,0,0,1,1,6,6,3,30,6,-1,-1,-1,-1,-1,-1,0,-1
2021010316782,2021,010316782,1,9,0,99,99,9,9,0,0,1,0,99,9,0,1,1,6,6,3,-1,-1,-1,-1,-1,-1,-1,-1,0,-1
2021010346836,2021,010346836,2,1,9,99,99,9,9,99,99,9,9,99,9,99,2,1,2,2,2,39,7,-1,-1,-1,-1,2,E01001667,0,-1
2021010311786,2021,010311786,1,1,0,14,14,1,5,0,0,0,5,4,7,0,3,1,6,6,2,26,6,-1,-1,-1,-1,3,E01004303,0,-1
2021052100703,2021,052100703,2,1,0,1,1,8,2,0,0,4,0,0,0,0,2,1,6,6,1,15,3,-1,-1,-1,-1,1,E01007090,0,-1
2021221017544,2021,221017544,1,9,0,4,4,6,2,0,0,1,0,0,0,0,2,1,1,1,2,38,7,-1,-1,-1,-1,6,E01032390,0,-1
2021351048855,2021,351048855,1,9,0,18,19,6,2,0,0,0,5,4,2,0,4,1,5,6,2,84,11,-1,-1,-1,-1,8,E01018224,0,-1
2021201133795,2021,201133795,1,9,0,18,19,5,1,0,0,4,0,0,0,0,1,1,6,6,2,-1,-1,-1,-1,-1,-1,-1,-1,0,-1
2021010299083,2021,010299083,1,19,0,4,4,7,3,0,0,1,0,0,0,0,2,1,6,6,3,-1,-1,-1,-1,-1,-1,-1,-1,0,-1
2021411063413,2021,411063413,2,21,1,12,12,1,5,0,0,0,0,0,0,0,1,1,1,1,1,46,8,-1,-1,-1,-1,-1,-1,0,-1
2021111066778,2021,111066778,2,1,0,18,19,1,5,0,0,1,0,0,1,0,3,1,5,6,1,53,8,-1,-1,-1,-1,2,E01020672,0,-1
2021430387874,2021,430387874,1,90,0,5,5,6,2,0,0,6,0,0,0,0,4,1,6,6,1,7,2,-1,-1,-1,-1,5,E01001068,0,-1
2021061152229,2021,061152229,1,19,0,18,19,1,1,0,0,0,0,0,0,0,1,1,6,6,3,30,6,-1,-1,-1,-1,-1,-1,0,-1
2021622100391,2021,622100391,4,9,0,4,4,8,4,0,0,0,0,0,0,0,2,1,6,6,3,-1,-1,-1,-1,-1,-1,-1,-1,0,-1
2021141061256,2021,141061256,2,9,0,-1,-1,-1,-1,-1,-1,0,-1,-1,-1,0,-1,1,6,6,3,-1,-1,-1,-1,-1,-1,-1,-1,0,-1
2021302101929,2021,302101929,1,1,0,18,19,4,8,0,0,2,0,0,0,0,1,1,1,1,1,26,6,-1,-1,-1,-1,2,E01013585,0,-1
2021010318328,2021,010318328,1,1,0,18,19,3,7,0,0,1,0,0,0,0,0,1,6,6,1,49,8,-1,-1,-1,-1,4,E01000923,0,-1
2021451053147,2021,451053147,1,1,0,16,19,7,3,4,4,0,0,0,0,0,2,1,2,2,2,23,5,-1,-1,-1,-1,4,E01002593,0,-1
2021501030652,2021,501030652,1,9,0,18,19,3,7,0,0,0,0,0,0,0,1,1,6,6,3,-1,-1,-1,-1,-1,-1,-1,-1,0,-1
2021161119574,2021,161119574,2,9,0,18,19,7,3,0,0,8,0,0,0,0,0,1,6,6,2,38,7,-1,-1,-1,-1,9,E01013243,0,-1
2021010307494,2021,010307494,2,8,0,99,99,9,9,99,99,9,9,99,9,99,9,9,6,6,3,-1,-1,-1,-1,-1,-1,8,E01024113,0,-1
2021131041744,2021,131041744,1,9,0,18,19,1,1,0,0,0,0,0,0,0,1,1,1,1,1,35,6,-1,-1,-1,-1,8,E01011412,0,-1
2021430463903,2021,430463903,1,2,0,9,9,6,4,0,0,8,1,0,0,0,4,1,6,6,1,16,4,-1,-1,-1,-1,10,E01022553,0,-1
2021332100821,2021,332100821,4,98,0,18,19,4,8,0,0,0,0,0,0,0,1,1,2,2,1,32,6,-1,-1,-1,-1,3,E01001412,0,-1
2021041057724,2021,041057724,2,9,0,18,19,1,5,0,0,1,0,0,0,0,1,1,5,6,2,54,8,-1,-1,-1,-1,4,E01008875,0,-1
2021010336397,2021,010336397,2,1,0,18,19,1,5,0,0,8,0,0,1,1,1,1,2,2,1,26,6,-1,-1,-1,-1,8,E01000177,0,-1
2021610014121,2021,610014121,2,19,0,2,2,3,7,0,0,4,0,0,0,0,1,1,6,6,1,-1,-1,-1,-1,-1,-1,-1,-1,0,-1
2021552200047,2021,552200047,1,97,0,18,19,6,2,0,0,8,0,0,0,0,1,1,6,6,3,-1,-1,-1,-1,-1,-1,-1,-1,0,-1
2021010307613,2021,010307613,2,1,0,18,19,2,6,0,0,8,0,0,0,0,1,1,2,2,1,24,5,-1,-1,-1,-1,2,E01002045,0,-1
2021421042415,2021,421042415,2,1,0,18,19,2,6,0,0,2,0,0,0,0,0,1,2,2,1,-1,-1,-1,-1,-1,-1,2,E01021864,0,-1
2021430355006,2021,430355006,1,1,0,18,19,4,8,0,0,0,0,0,0,0,4,1,6,6,1,16,4,-1,-1,-1,-1,7,E01017910,0,-1
2021351154276,2021,351154276,2,9,0,18,19,1,5,0,0,0,0,0,0,0,1,1,6,6,3,-1,-1,-1,-1,-1,-1,-1,-1,0,-1
2021010303185,2021,010303185,1,97,0,18,19,1,5,0,0,8,0,0,0,0,1,1,6,6,3,-1,-1,-1,-1,-1,-1,-1,-1,0,-1
202160Z118547,2021,60Z118547,1,9,0,9,9,6,4,0,0,5,0,0,0,0,1,1,6,6,2,34,6,-1,-1,-1,-1,-1,-1,0,-1
2021010337851,2021,010337851,1,1,0,18,19,5,1,0,0,2,0,0,0,0,0,1,6,6,1,25,5,-1,-1,-1,-1,4,E01002098,0,-1
2021010287775,2021,010287775,1,1,9,99,99,9,9,99,99,9,9,99,9,99,1,1,2,2,3,32,6,-1,-1,-1,-1,2,E01003059,0,-1
2021610013521,2021,610013521,1,9,0,9,9,5,3,0,0,1,0,0,0,0,2,1,6,6,1,23,5,-1,-1,-1,-1,-1,-1,0,-1
202134NNC1831,2021,34NNC1831,2,1,0,18,19,7,3,0,0,0,0,0,1,0,3,1,2,2,1,48,8,-1,-1,-1,-1,3,E01027082,0,-1
2021320212220,2021,320212220,1,17,0,1,1,4,8,0,0,0,5,0,7,9,1,1,6,6,1,60,9,-1,-1,-1,-1,4,E01026250,0,-1
2021351021953,2021,351021953,4,9,0,2,2,0,0,0,0,0,0,0,0,0,1,1,6,6,3,-1,-1,-1,-1,-1,-1,-1,-1,0,-1
2021320366623,2021,320366623,1,9,0,7,7,4,6,0,0,1,0,0,0,0,1,1,6,6,3,40,7,-1,-1,-1,-1,-1,-1,0,-1
202163D020921,2021,63D020921,1,9,0,18,19,1,5,0,0,0,0,0,0,0,1,1,6,6,1,92,11,-1,-1,-1,-1,9,W01000441,0,-1
2021302101042,2021,302101042,3,9,0,2,2,0,0,0,0,0,0,0,0,0,0,1,6,6,3,-1,-1,-1,-1,-1,-1,-1,-1,0,-1
2021010325088,2021,010325088,2,9,0,99,99,9,9,99,99,9,9,99,9,99,4,9,6,6,3,-1,-1,-1,-1,-1,-1,-1,-1,0,-1
2021332100407,2021,332100407,2,9,0,18,19,8,4,0,0,0,0,0,0,0,0,1,2,2,2,37,7,-1,-1,-1,-1,9,E01025661,0,-1
2021991065543,2021,991065543,1,22,0,18,19,4,8,0,0,0,0,0,1,9,4,1,6,6,1,77,11,-1,-1,-1,-1,8,-1,0,-1
2021010313622,2021,010313622,2,1,0,18,19,2,6,0,0,1,0,0,0,0,2,1,6,6,1,10,2,-1,-1,-1,-1,4,E01002684,0,-1
2021010310105,2021,010310105,2,10,0,3,3,1,5,0,0,8,0,0,0,0,0,1,1,1,1,52,8,-1,-1,-1,-1,3,E01004734,0,-1
2021201049507,2021,201049507,1,9,0,18,19,2,4,0,0,6,0,0,0,0,1,1,6,6,3,59,9,-1,-1,-1,-1,1,E01010453,0,-1
2021501053374,2021,501053374,2,9,0,18,19,3,7,0,0,0,0,0,0,0,2,1,6,6,1,27,6,-1,-1,-1,-1,4,E01018914,0,-1
2021052100806,2021,052100806,1,9,0,9,9,2,6,0,0,2,0,0,0,0,0,1,6,6,3,-1,-1,-1,-1,-1,-1,-1,-1,0,-1
2021052102935,2021,052102935,1,9,0,5,5,5,1,0,0,0,0,0,0,0,3,1,6,6,1,23,5,-1,-1,-1,-1,4,E01018329,0,-1
2021991084496,2021,991084496,2,1,0,18,19,3,7,0,0,1,0,0,0,0,1,1,5,6,1,67,10,-1,-1,-1,-1,8,-1,0,-1
2021052102230,2021,052102230,1,-1,0,18,19,1,5,0,0,8,0,0,0,0,1,1,6,6,3,-1,-1,-1,-1,-1,-1,-1,-1,1,-1
2021501094450,2021,501094450,2,3,0,18,19,3,7,0,0,0,0,0,0,0,1,1,1,1,1,19,4,-1,-1,-1,-1,3,E01019075,0,-1
2021461144760,2021,461144760,2,19,0,11,11,1,5,0,0,0,0,0,1,0,3,1,6,6,2,51,8,-1,-1,-1,-1,7,E01024302,0,-1
2021010317354,2021,010317354,2,1,0,10,10,5,2,0,0,2,0,0,0,0,1,1,1,1,1,32,6,-1,-1,-1,-1,1,E01004199,0,-1
2021421056109,2021,421056109,2,1,0,18,19,1,5,0,0,1,0,0,0,0,0,1,6,6,2,61,9,-1,-1,-1,-1,1,E01015917,0,-1
2021201083274,2021,201083274,2,9,0,18,19,3,7,0,0,8,0,0,0,0,4,1,1,1,2,45,7,-1,-1,-1,-1,1,E01009373,0,-1
2021010303227,2021,010303227,2,1,0,18,19,3,7,0,0,2,0,0,1,0,1,1,4,7,1,13,3,-1,-1,-1,-1,6,E01003386,0,-1
2021010333212,2021,010333212,1,1,0,18,19,7,3,0,0,8,0,0,0,0,1,1,6,6,1,40,7,-1,-1,-1,-1,6,E01030312,0,-1
2021052101405,2021,052101405,2,1,0,18,19,5,1,0,0,8,0,0,0,0,4,1,6,6,1,53,8,-1,-1,-1,-1,1,E01006540,0,-1
2021010332619,2021,010332619,2,1,0,5,5,5,1,0,0,1,0,0,0,0,1,1,1,1,1,28,6,-1,-1,-1,-1,6,E01033738,0,-1
2021138351460,2021,138351460,1,2,0,18,19,3,7,0,0,0,5,11,0,0,1,1,6,6,1,53,8,-1,-1,-1,-1,1,E01011624,0,-1
2021440022209,2021,440022209,2,5,0,13,13,8,4,0,0,8,0,0,0,0,4,1,2,2,1,38,7,-1,-1,-1,-1,3,E01017179,0,-1
2021201131950,2021,201131950,2,1,0,18,19,4,8,9,9,8,0,0,0,0,3,1,6,6,2,44,7,-1,-1,-1,-1,5,E01008994,0,-1
2021440056629,2021,440056629,2,9,0,18,19,3,8,0,0,8,0,0,0,0,4,1,6,6,3,-1,-1,-1,-1,-1,-1,-1,-1,0,-1
2021332100310,2021,332100310,2,1,0,18,19,3,7,0,0,8,1,2,0,0,0,1,6,6,1,69,10,-1,-1,-1,-1,5,E01013649,0,-1
2021440496711,2021,440496711,1,19,0,18,19,8,3,0,0,8,0,0,1,1,4,1,6,6,1,40,7,-1,-1,-1,-1,9,E01030900,0,-1
2021010332938,2021,010332938,2,9,0,99,99,9,9,99,99,9,9,99,9,99,2,9,6,6,3,75,10,-1,-1,-1,-1,9,E01002025,0,-1
2021131040290,2021,131040290,1,9,0,18,19,6,2,0,0,0,0,0,0,0,1,1,6,6,3,25,5,-1,-1,-1,-1,-1,-1,0,-1
2021010320859,2021,010320859,1,1,9,99,99,9,9,99,99,0,9,99,9,99,1,1,6,6,3,-1,-1,-1,-1,-1,-1,-1,-1,0,-1
2021471079422,2021,471079422,2,1,0,9,9,8,6,0,0,8,0,0,0,0,1,1,5,6,2,38,7,-1,-1,-1,-1,9,E01016983,0,-1
2021010321240,2021,010321240,1,9,0,18,19,1,5,0,0,0,0,11,0,0,2,1,2,2,1,64,9,-1,-1,-1,-1,4,E01003714,0,-1
2021471097234,2021,471097234,2,9,0,12,12,7,3,0,0,1,0,0,0,0,3,1,6,6,1,34,6,-1,-1,-1,-1,6,E01023582,0,-1
2021440447359,2021,440447359,1,9,0,18,19,3,7,0,0,2,0,0,0,0,1,1,6,6,3,-1,-1,-1,-1,-1,-1,-1,-1,0,-1
2021461143222,2021,461143222,1,9,0,5,5,7,5,0,0,2,0,0,0,0,3,1,6,6,2,25,5,-1,-1,-1,-1,4,E01016130,0,-1
2021101053699,2021,101053699,1,9,0,14,14,7,3,0,0,1,0,0,0,0,4,1,6,6,3,18,4,-1,-1,-1,-1,-1,-1,0,-1
2021010323296,2021,010323296,2,1,0,16,19,7,8,0,0,8,0,0,0,0,2,1,2,2,2,41,7,-1,-1,-1,-1,5,E01000417,0,-1
2021610003421,2021,610003421,1,9,0,18,19,2,6,0,0,0,0,0,0,0,1,1,6,6,1,24,5,-1,-1,-1,-1,-1,-1,0,-1
2021052101265,2021,052101265,1,9,0,18,19,2,6,0,0,4,0,0,0,0,1,1,6,6,3,-1,-1,-1,-1,-1,-1,-1,-1,0,-1
2021302101157,2021,302101157,2,19,0,4,4,2,6,0,0,1,0,0,0,0,0,1,6,6,3,-1,-1,-1,-1,-1,-1,5,E01019456,0,-1
2021010319190,2021,010319190,1,1,9,99,99,9,9,99,99,9,9,99,9,99,9,1,6,6,1,47,8,-1,-1,-1,-1,3,E01003387,0,-1
2021010302789,2021,010302789,1,1,9,99,99,9,9,99,99,9,9,99,9,99,9,1,2,2,1,31,6,-1,-1,-1,-1,8,E01002963,0,-1
2021052101151,2021,052101151,1,9,0,17,19,1,6,0,0,8,0,0,0,0,4,1,6,6,3,-1,-1,-1,-1,-1,-1,-1,-1,0,-1
2021122100601,2021,122100601,2,1,0,18,19,7,1,4,4,0,0,0,0,0,2,1,6,6,1,12,3,-1,-1,-1,-1,2,E01013443,0,-1
2021522201459,2021,522201459,2,-1,0,7,7,3,5,0,0,8,0,0,0,0,4,1,6,6,1,20,4,-1,-1,-1,-1,4,E01014904,1,-1
2021061023597,2021,061023597,1,9,0,3,3,5,5,0,0,1,0,0,0,0,1,1,6,6,1,31,6,-1,-1,-1,-1,-1,-1,0,-1
2021440294094,2021,440294094,2,1,0,18,19,5,1,0,0,0,0,0,0,0,1,1,6,6,1,20,4,-1,-1,-1,-1,5,E01017023,0,-1
2021041065328,2021,041065328,1,9,0,-1,-1,5,1,0,0,4,0,0,0,0,1,1,6,6,1,40,7,-1,-1,-1,-1,-1,-1,0,-1
2021451088071,2021,451088071,1,98,0,18,19,1,5,0,0,4,0,0,0,0,1,1,1,1,1,50,8,-1,-1,-1,-1,8,E01016508,0,-1
2021610037721,2021,610037721,1,9,0,18,19,8,4,0,0,2,0,0,0,0,1,1,3,7,2,42,7,-1,-1,-1,-1,-1,-1,0,-1
2021430466659,2021,430466659,2,1,0,18,19,5,1,0,0,8,0,0,0,0,3,1,6,6,1,13,3,-1,-1,-1,-1,-1,-1,0,-1
2021010322785,2021,010322785,2,19,0,99,99,9,9,99,99,9,9,99,9,99,3,9,6,6,3,-1,-1,-1,-1,-1,-1,-1,-1,0,-1
2021471081623,2021,471081623,1,9,0,18,19,3,7,0,0,0,0,0,0,0,1,1,6,6,1,59,9,-1,-1,-1,-1,6,E01021105,0,-1
2021552100381,2021,552100381,2,1,0,17,19,8,6,0,0,8,0,0,0,0,1,1,2,2,1,51,8,-1,-1,-1,-1,5,E01020472,0,-1
2021302200001,2021,302200001,2,9,0,2,2,0,0,0,0,0,0,0,0,0,2,1,6,6,3,-1,-1,-1,-1,-1,-1,-1,-1,0,-1
202160Z059504,2021,60Z059504,1,11,0,5,5,4,8,0,0,1,0,0,0,0,1,1,1,1,1,-1,-1,-1,-1,-1,-1,-1,-1,0,-1
2021401071003,2021,401071003,1,98,0,11,11,1,5,0,0,0,0,0,0,0,1,1,1,1,1,47,8,-1,-1,-1,-1,-1,-1,0,-1
2021010308247,2021,010308247,2,9,0,99,99,9,9,99,99,9,9,99,9,99,1,9,6,6,3,-1,-1,-1,-1,-1,-1,-1,-1,0,-1
2021461033951,2021,461033951,2,-1,0,18,19,7,3,0,0,1,0,0,0,0,1,1,6,6,1,-1,-1,-1,-1,-1,-1,10,E01024330,1,-1
2021010334155,2021,010334155,1,1,9,99,99,9,9,99,99,9,9,99,9,99,2,1,6,6,1,16,4,-1,-1,-1,-1,4,E01000557,0,-1
2021991056845,2021,991056845,2,1,0,18,19,7,3,0,0,8,0,0,0,0,1,1,5,6,1,55,8,-1,-1,-1,-1,10,-1,0,-1
2021411056329,2021,411056329,1,9,0,18,19,6,2,0,0,1,0,0,0,0,1,1,1,1,2,22,5,-1,-1,-1,-1,4,E01023538,0,-1
2021201124625,2021,201124625,1,9,0,5,5,6,2,0,0,4,0,0,0,0,1,1,6,6,3,-1,-1,-1,-1,-1,-1,-1,-1,0,-1
2021010289387,2021,010289387,1,1,9,99,99,9,9,99,99,9,9,99,9,99,1,1,2,2,1,30,6,-1,-1,-1,-1,5,E01004363,0,-1
2021231109337,2021,231109337,1,9,0,7,7,1,3,0,0,5,0,0,0,0,1,1,6,6,3,35,6,-1,-1,-1,-1,-1,-1,0,-1
2021991080060,2021,991080060,1,19,0,9,9,2,8,0,0,5,0,0,0,0,4,1,5,6,1,47,8,-1,-1,-1,-1,9,E01025915,0,-1
2021161119196,2021,161119196,1,1,0,18,19,7,3,0,0,0,0,0,0,0,3,1,6,6,1,49,8,-1,-1,-1,-1,3,E01013164,0,-1
2021522105529,2021,522105529,2,1,0,18,19,8,4,0,0,8,0,0,0,0,3,1,6,6,1,25,5,-1,-1,-1,-1,6,E01014528,0,-1
2021070610286,2021,070610286,1,1,0,18,19,7,3,0,0,0,0,0,0,0,1,1,1,1,1,20,4,-1,-1,-1,-1,3,E01012458,0,-1
2021010335360,2021,010335360,1,9,0,18,19,1,5,0,0,0,0,0,0,0,1,1,6,6,3,-1,-1,-1,-1,-1,-1,-1,-1,0,-1
2021332100796,2021,332100796,1,9,0,18,19,2,6,0,0,1,0,0,0,0,1,1,2,2,2,29,6,-1,-1,-1,-1,9,E01025776,0,-1
2021161035926,2021,161035926,1,1,0,18,19,6,2,0,0,8,5,0,0,0,4,1,2,2,1,39,7,-1,-1,-1,-1,6,E01013105,0,-1
2021501111534,2021,501111534,1,19,0,1,1,5,1,0,0,0,0,0,0,0,2,1,6,6,1,80,11,-1,-1,-1,-1,9,E01029793,0,-1
2021041073767,2021,041073767,2,1,0,18,19,3,7,0,0,1,0,0,0,0,1,1,6,6,1,14,3,-1,-1,-1,-1,6,E01025444,0,-1
2021451020698,2021,451020698,2,9,0,18,19,1,1,0,0,0,0,0,0,0,1,1,6,6,1,25,5,-1,-1,-1,-1,10,E01030614,0,-1
2021320099821,2021,320099821,1,9,0,18,19,4,8,0,0,0,0,0,0,0,1,1,6,6,2,50,8,-1,-1,-1,-1,3,E01026246,0,-1
2021622100250,2021,622100250,1,90,0,18,19,2,6,0,0,1,0,0,0,0,1,1,6,6,1,23,5,-1,-1,-1,-1,-1,-1,0,-1
2021122100854,2021,122100854,1,1,0,18,19,4,8,0,0,8,0,0,0,0,3,1,6,6,2,78,11,-1,-1,-1,-1,7,E01013346,0,-1
2021501124506,2021,501124506,2,1,0,18,19,3,7,0,0,0,0,0,0,0,-1,1,5,6,1,69,10,-1,-1,-1,-1,8,E01020102,0,-1
2021101093365,2021,101093365,3,1,0,18,19,1,5,0,0,8,0,0,0,0,2,1,6,6,1,-1,-1,-1,-1,-1,-1,-1,-1,0,-1
2021010350977,2021,010350977,1,9,9,99,99,9,9,99,99,9,9,99,9,99,9,9,6,6,3,-1,-1,-1,-1,-1,-1,-1,-1,0,-1
2021461098980,2021,461098980,1,19,0,9,9,1,3,0,0,0,0,0,0,0,2,1,6,6,3,-1,-1,-1,-1,-1,-1,-1,-1,0,-1
2021010340291,2021,010340291,1,9,0,18,19,1,5,0,0,8,0,0,0,0,1,1,6,6,3,-1,-1,-1,-1,-1,-1,-1,-1,0,-1
2021302101779,2021,302101779,1,9,0,18,19,2,6,0,0,4,1,0,1,0,1,1,2,2,1,26,6,-1,-1,-1,-1,1,E01004241,0,-1
2021302100723,2021,302100723,1,9,0,18,19,8,4,9,9,0,1,0,0,0,1,1,6,6,3,-1,-1,-1,-1,-1,-1,5,E01019456,0,-1
2021320469288,2021,320469288,2,9,0,18,19,5,1,0,0,1,0,0,0,0,4,1,6,6,2,26,6,-1,-1,-1,-1,2,E01026175,0,-1
2021131072212,2021,131072212,2,1,0,18,19,1,5,0,0,0,1,0,2,0,1,1,5,6,1,63,9,-1,-1,-1,-1,10,E01011649,0,-1
2021231086897,2021,231086897,2,1,0,18,19,6,2,9,9,0,0,0,0,0,3,1,5,6,1,12,3,-1,-1,-1,-1,4,E01031086,0,-1
2021010300017,2021,010300017,2,1,0,18,19,3,7,4,4,1,0,0,0,0,3,1,6,6,2,47,8,-1,-1,-1,-1,5,E01004515,0,-1
2021991026107,2021,991026107,2,1,0,14,14,8,3,0,0,0,0,0,0,0,1,1,2,2,1,39,7,-1,-1,-1,-1,10,-1,0,-1
2021332100617,2021,332100617,1,9,0,18,19,8,2,0,0,8,0,7,1,0,1,1,6,6,1,26,6,-1,-1,-1,-1,5,E01013738,0,-1
2021411083572,2021,411083572,1,9,0,4,4,5,1,0,0,0,0,0,0,0,1,1,5,6,1,39,7,-1,-1,-1,-1,8,E01000230,0,-1
2021141122109,2021,141122109,1,9,0,18,19,6,2,0,0,0,2,0,1,2,1,1,6,6,1,23,5,-1,-1,-1,-1,1,E01007534,0,-1
2021401107141,2021,401107141,1,9,-1,-1,-1,-1,-1,-1,-1,0,-1,-1,-1,0,-1,1,6,6,3,-1,-1,-1,-1,-1,-1,-1,-1,0,-1
2021010304673,2021,010304673,1,1,9,99,99,9,9,99,99,9,9,99,9,99,9,1,6,6,1,36,7,-1,-1,-1,-1,2,E01004230,0,-1
2021991049858,2021,991049858,1,97,0,13,13,6,2,0,0,1,2,0,7,0,1,1,5,6,1,30,6,-1,-1,-1,-1,8,-1,0,-1
2021522104882,2021,522104882,2,-1,0,18,19,5,1,5,5,1,0,0,0,0,1,1,6,6,1,18,4,-1,-1,-1,-1,-1,-1,1,-1
2021010304804,2021,010304804,2,1,9,99,99,9,9,99,99,0,9,99,9,99,9,1,6,6,1,-1,-1,-1,-1,-1,-1,-1,-1,0,-1
2021010308188,2021,010308188,2,98,9,99,99,9,9,99,99,9,9,99,9,99,9,9,6,6,3,-1,-1,-1,-1,-1,-1,-1,-1,0,-1
2021010308378,2021,010308378,1,1,9,99,99,9,9,99,99,9,9,99,9,99,1,1,6,6,1,-1,-1,-1,-1,-1,-1,9,E01004604,0,-1
2021010294906,2021,010294906,2,1,0,18,19,3,7,5,5,1,0,0,0,0,1,1,6,6,1,35,6,-1,-1,-1,-1,2,E01032579,0,-1
2021052100401,2021,052100401,2,1,0,9,9,3,1,0,0,3,0,0,0,0,4,1,6,6,1,62,9,-1,-1,-1,-1,7,E01007211,0,-1
2021052100202,2021,052100202,1,19,0,18,19,7,3,0,0,0,0,0,0,0,3,1,6,6,1,36,7,-1,-1,-1,-1,1,E01006659,0,-1
2021430438667,2021,430438667,2,1,0,9,9,5,3,0,0,1,0,0,0,0,1,1,6,6,2,31,6,-1,-1,-1,-1,10,E01028617,0,-1
2021211132864,2021,211132864,2,1,0,18,19,8,4,9,9,0,0,0,0,0,2,1,6,6,1,-1,-1,-1,-1,-1,-1,-1,-1,0,-1
2021010299380,2021,010299380,1,1,9,99,99,9,9,99,99,9,9,99,9,99,9,1,6,6,1,31,6,-1,-1,-1,-1,9,E01002110,0,-1
2021010333366,2021,010333366,2,1,0,18,19,1,5,0,0,0,0,0,1,10,1,1,6,6,1,30,6,-1,-1,-1,-1,2,E01001696,0,-1
2021170S30511,2021,170S30511,2,1,0,18,19,3,7,0,0,8,0,0,0,0,1,1,6,6,1,17,4,-1,-1,-1,-1,1,E01012238,0,-1
2021010305869,2021,010305869,2,1,0,18,19,1,5,0,0,1,0,0,0,0,1,1,6,6,1,38,7,-1,-1,-1,-1,4,E01000802,0,-1
2021111075456,2021,111075456,1,1,0,18,19,7,3,0,0,1,0,0,0,0,1,1,5,6,1,21,5,-1,-1,-1,-1,-1,-1,0,-1
2021070202711,2021,070202711,3,9,0,3,3,4,8,0,0,0,0,0,0,0,2,1,6,6,2,-1,-1,-1,-1,-1,-1,-1,-1,0,-1
2021991056195,2021,991056195,2,9,0,3,3,8,4,0,0,0,0,0,0,0,1,1,6,6,1,64,9,-1,-1,-1,-1,4,-1,0,-1
2021010299577,2021,010299577,2,97,0,99,99,9,9,99,99,0,9,99,9,99,2,1,6,6,3,-1,-1,-1,-1,-1,-1,-1,-1,0,-1
2021170H10241,2021,170H10241,1,9,0,3,3,5,1,0,0,0,0,0,0,0,2,1,6,6,1,25,5,-1,-1,-1,-1,1,E01011999,0,-1
2021610023921,2021,610023921,1,9,0,18,19,8,4,0,0,4,0,0,0,0,1,1,6,6,2,25,5,-1,-1,-1,-1,-1,-1,0,-1
2021332100642,2021,332100642,1,19,0,18,19,1,5,0,0,0,0,0,0,0,1,1,1,1,1,32,6,-1,-1,-1,-1,3,E01013698,0,-1
2021161096924,2021,161096924,2,1,0,18,19,5,1,0,0,1,0,0,0,0,3,1,6,6,1,57,9,-1,-1,-1,-1,6,E01012822,0,-1
2021520201065,2021,520201065,2,21,0,12,12,7,3,0,0,0,0,0,0,0,3,1,6,6,1,40,7,-1,-1,-1,-1,-1,-1,0,-1
2021451079887,2021,451079887,1,-1,0,18,19,5,1,9,9,0,0,0,0,0,1,1,6,6,3,20,4,-1,-1,-1,-1,-1,-1,1,-1