collision_index,collision_year,collision_ref_no,vehicle_reference,vehicle_type,towing_and_articulation,vehicle_manoeuvre_historic,vehicle_manoeuvre,vehicle_direction_from,vehicle_direction_to,vehicle_location_restricted_lane_historic,vehicle_location_restricted_lane,junction_location,skidding_and_overturning,hit_object_in_carriageway,vehicle_leaving_carriageway,hit_object_off_carriageway,first_point_of_impact,vehicle_left_hand_drive,journey_purpose_of_driver_historic,journey_purpose_of_driver,sex_of_driver,age_of_driver,age_band_of_driver,engine_capacity_cc,propulsion_code,age_of_vehicle,generic_make_model,driver_imd_decile,lsoa_of_driver,escooter_flag,driver_distance_banding
2021010297614,2021,010297614,2,1,0,18,19,5,1,0,0,1,0,0,1,0,3,1,6,6,2,42,7,-1,-1,-1,-1,2,E01000998,0,-1
2021101019026,2021,101019026,1,9,0,1,1,7,3,0,0,5,0,0,0,0,2,1,6,6,1,-1,-1,-1,-1,-1,-1,-1,-1,0,-1
2021010323514,2021,010323514,1,1,9,99,99,9,9,99,99,9,9,99,9,99,9,1,1,1,1,22,5,-1,-1,-1,-1,1,E01004324,0,-1
2021371030743,2021,371030743,2,1,0,18,19,3,6,0,0,8,5,0,0,0,3,1,6,6,1,22,5,-1,-1,-1,-1,4,E01030108,0,-1
2021430368523,2021,430368523,2,9,0,18,19,3,7,0,0,8,0,0,0,0,1,1,6,6,3,-1,-1,-1,-1,-1,-1,-1,-1,0,-1
2021010296163,2021,010296163,2,9,0,99,99,9,9,99,99,9,9,99,9,99,1,9,6,6,3,-1,-1,-1,-1,-1,-1,-1,-1,0,-1
2021031014385,2021,031014385,2,98,1,2,2,0,0,6,6,0,0,0,0,0,2,1,1,1,1,55,8,-1,-1,-1,-1,6,E01019084,0,-1
2021411100597,2021,411100597,1,11,0,18,19,1,5,0,0,0,0,0,0,0,4,1,1,1,1,-1,-1,-1,-1,-1,-1,-1,-1,0,-1
2021010331401,2021,010331401,1,1,0,18,19,5,1,9,9,1,0,0,0,0,1,1,2,2,1,19,4,-1,-1,-1,-1,1,E01004244,0,-1
2021440119654,2021,440119654,1,1,0,18,19,5,1,0,0,8,0,0,0,0,1,1,4,7,1,15,3,-1,-1,-1,-1,9,E01022692,0,-1
2021122101488,2021,122101488,1,19,0,18,19,1,5,0,0,0,0,0,0,0,3,1,6,6,3,-1,-1,-1,-1,-1,-1,-1,-1,0,-1
2021131049868,2021,131049868,3,90,0,18,19,1,5,0,0,8,0,0,0,0,0,1,6,6,3,-1,-1,-1,-1,-1,-1,-1,-1,0,-1
2021052100174,2021,052100174,2,1,0,18,19,3,7,0,0,2,0,0,0,0,4,1,1,1,1,48,8,-1,-1,-1,-1,2,E01006656,0,-1
2021430455372,2021,430455372,2,3,0,18,19,8,4,0,0,8,0,0,0,0,1,1,6,6,1,46,8,-1,-1,-1,-1,7,E01016740,0,-1
2021010302421,2021,010302421,2,9,0,99,99,9,9,99,99,9,9,99,9,99,1,9,6,6,3,-1,-1,-1,-1,-1,-1,2,E01001750,0,-1
2021440407011,2021,440407011,1,1,0,18,19,2,6,0,0,0,0,0,0,0,3,1,6,6,1,51,8,-1,-1,-1,-1,9,E01022730,0,-1
202160Z073248,2021,60Z073248,2,9,0,18,19,5,1,0,0,4,0,0,0,0,3,1,6,6,2,31,6,-1,-1,-1,-1,-1,-1,0,-1
2021010336234,2021,010336234,2,1,0,18,19,5,1,0,0,6,0,0,0,0,3,1,1,1,2,37,7,-1,-1,-1,-1,8,E01004072,0,-1
2021401051801,2021,401051801,1,-1,0,-1,-1,-1,-1,-1,-1,0,-1,-1,-1,0,1,1,6,6,1,16,4,-1,-1,-1,-1,4,E01015756,1,-1
202163B092821,2021,63B092821,1,9,0,4,4,3,6,0,0,0,0,0,0,0,0,1,6,6,1,57,9,-1,-1,-1,-1,9,E01029773,0,-1
2021010323983,2021,010323983,2,1,0,18,19,1,5,0,0,6,0,0,0,0,0,1,6,6,1,60,9,-1,-1,-1,-1,3,E01001794,0,-1
2021544613821,2021,544613821,1,1,0,18,19,7,3,5,5,8,0,0,0,0,3,1,6,6,2,36,7,-1,-1,-1,-1,2,E01032023,0,-1
20211381J0394,2021,1381J0394,1,9,0,18,19,2,6,0,0,8,0,0,0,0,1,1,6,6,3,-1,-1,-1,-1,-1,-1,-1,-1,0,-1
2021161114096,2021,161114096,2,19,0,18,19,3,7,0,0,0,0,0,0,0,1,1,6,6,3,-1,-1,-1,-1,-1,-1,-1,-1,0,-1
2021451079076,2021,451079076,1,9,0,18,19,5,1,0,0,0,0,0,0,0,4,1,1,1,1,58,9,-1,-1,-1,-1,4,E01004142,0,-1
2021170M10551,2021,170M10551,2,9,0,18,19,3,7,0,0,8,0,0,0,0,1,1,6,6,1,22,5,-1,-1,-1,-1,1,E01012038,0,-1
2021430268450,2021,430268450,1,1,0,18,19,5,1,0,0,8,0,0,0,0,4,1,6,6,1,25,5,-1,-1,-1,-1,5,E01016367,0,-1
2021461089740,2021,461089740,2,9,0,9,9,1,7,0,0,1,0,0,0,0,2,1,5,6,1,59,9,-1,-1,-1,-1,1,E01016023,0,-1
202163A037821,2021,63A037821,2,1,0,16,19,8,3,0,0,0,0,0,0,0,3,1,2,2,1,46,8,-1,-1,-1,-1,4,W01000931,0,-1
202160Z062124,2021,60Z062124,1,9,0,18,19,1,5,0,0,0,0,0,0,0,1,1,6,6,1,29,6,-1,-1,-1,-1,-1,-1,0,-1
2021010347385,2021,010347385,1,1,9,99,99,9,9,99,99,9,9,99,9,99,1,1,6,6,2,21,5,-1,-1,-1,-1,7,E01032781,0,-1
2021221090533,2021,221090533,1,9,0,18,19,1,5,0,0,1,0,0,0,0,1,1,6,6,3,34,6,-1,-1,-1,-1,-1,-1,0,-1
2021411025451,2021,411025451,2,9,0,5,5,7,3,0,0,1,0,0,0,0,3,1,6,6,1,57,9,-1,-1,-1,-1,5,E01023914,0,-1
2021421038228,2021,421038228,2,21,1,18,19,4,8,0,0,0,1,0,0,0,3,1,1,1,1,51,8,-1,-1,-1,-1,-1,-1,0,-1
2021131105029,2021,131105029,1,9,0,-1,-1,-1,-1,-1,-1,0,-1,-1,-1,-1,-1,1,6,6,3,-1,-1,-1,-1,-1,-1,-1,-1,0,-1
2021041020030,2021,041020030,1,9,0,18,19,5,5,0,0,0,1,0,0,0,1,1,6,6,3,-1,-1,-1,-1,-1,-1,-1,-1,0,-1
2021411093743,2021,411093743,2,97,0,13,13,3,6,0,0,3,1,0,0,0,4,1,1,1,1,28,6,-1,-1,-1,-1,8,E01023629,0,-1
2021010302069,2021,010302069,2,9,0,99,99,9,9,99,99,9,9,99,9,99,9,9,6,6,3,-1,-1,-1,-1,-1,-1,-1,-1,0,-1
2021010303762,2021,010303762,2,1,0,18,19,7,3,0,0,6,0,0,0,0,3,1,2,2,2,33,6,-1,-1,-1,-1,3,E01004019,0,-1
2021061035178,2021,061035178,1,9,0,18,19,6,2,0,0,1,0,0,0,0,1,1,5,6,3,30,6,-1,-1,-1,-1,-1,-1,0,-1
2021522105698,2021,522105698,2,1,0,18,19,3,7,0,0,8,0,0,0,0,1,1,6,6,1,54,8,-1,-1,-1,-1,8,E01014765,0,-1
2021332100198,2021,332100198,3,9,0,18,19,4,8,0,0,1,0,0,0,0,1,1,6,6,1,21,5,-1,-1,-1,-1,10,E01025984,0,-1
2021421052809,2021,421052809,2,1,0,18,19,2,6,0,0,4,0,0,0,0,3,1,2,2,2,21,5,-1,-1,-1,-1,4,E01021698,0,-1
2021131033887,2021,131033887,1,9,0,-1,-1,-1,-1,0,0,2,0,0,-1,0,4,1,6,6,3,-1,-1,-1,-1,-1,-1,-1,-1,0,-1
2021221121955,2021,221121955,1,9,0,17,19,3,8,0,0,8,0,0,0,0,1,1,2,2,1,24,5,-1,-1,-1,-1,7,E01028925,0,-1
2021010291865,2021,010291865,1,9,0,18,19,1,5,0,0,0,0,0,0,0,1,1,6,6,3,-1,-1,-1,-1,-1,-1,-1,-1,0,-1
2021010333084,2021,010333084,2,3,0,18,19,3,7,0,0,1,0,0,0,0,4,1,2,2,1,31,6,-1,-1,-1,-1,5,E01000310,0,-1
2021010342868,2021,010342868,2,9,0,99,99,9,9,99,99,9,9,99,9,99,1,9,6,6,3,-1,-1,-1,-1,-1,-1,-1,-1,0,-1
2021070265521,2021,070265521,2,1,0,7,7,6,2,0,0,6,0,0,0,0,2,1,2,2,1,35,6,-1,-1,-1,-1,-1,-1,0,-1
2021440384007,2021,440384007,2,1,0,18,19,7,3,0,0,8,0,0,0,0,3,1,6,6,2,49,8,-1,-1,-1,-1,8,E01022721,0,-1
2021221114543,2021,221114543,4,9,0,18,19,7,3,0,0,0,0,0,0,0,1,1,6,6,3,34,6,-1,-1,-1,-1,-1,-1,0,-1
2021371077298,2021,371077298,1,98,0,18,19,5,2,0,0,1,0,0,0,0,0,1,6,6,3,-1,-1,-1,-1,-1,-1,-1,-1,0,-1
2021070788041,2021,070788041,1,1,0,18,19,1,5,0,0,3,0,0,0,0,3,1,6,6,1,13,3,-1,-1,-1,-1,9,E01012569,0,-1
2021101110892,2021,101110892,1,9,0,18,19,3,7,0,0,1,0,0,0,0,1,1,6,6,2,-1,-1,-1,-1,-1,-1,-1,-1,0,-1
2021440291182,2021,440291182,1,1,0,18,19,7,3,9,9,8,0,0,0,0,3,1,6,6,1,18,4,-1,-1,-1,-1,7,E01032881,0,-1
2021010317462,2021,010317462,1,1,9,99,99,9,9,99,99,9,9,99,9,99,9,1,6,6,1,27,6,-1,-1,-1,-1,2,E01003330,0,-1
2021451059576,2021,451059576,1,1,0,3,3,2,2,0,0,0,0,0,0,0,2,1,5,6,1,45,7,-1,-1,-1,-1,9,E01003884,0,-1
2021302100883,2021,302100883,2,1,0,18,19,2,6,0,0,1,0,0,0,0,1,1,6,6,1,42,7,-1,-1,-1,-1,4,E01019433,0,-1
2021351063913,2021,351063913,2,1,0,3,3,-1,-1,0,0,1,0,0,0,0,1,1,2,2,2,25,5,-1,-1,-1,-1,3,E01017979,0,-1
2021141043201,2021,141043201,2,9,0,4,4,7,2,0,0,4,0,0,0,0,1,1,6,6,3,-1,-1,-1,-1,-1,-1,-1,-1,0,-1
2021010312560,2021,010312560,2,1,0,18,19,3,7,0,0,1,0,0,0,0,1,1,6,6,1,34,6,-1,-1,-1,-1,3,E01002757,0,-1
2021010344701,2021,010344701,2,1,0,18,19,6,2,0,0,0,5,0,0,0,4,1,1,1,1,25,5,-1,-1,-1,-1,5,E01003663,0,-1
2021010335768,2021,010335768,2,1,0,4,4,7,3,0,0,1,0,0,1,0,1,1,6,6,1,55,8,-1,-1,-1,-1,6,E01000590,0,-1
2021070285825,2021,070285825,1,1,0,18,19,3,7,0,0,6,0,0,7,0,4,1,6,6,1,18,4,-1,-1,-1,-1,8,E01012555,0,-1
20211381C1209,2021,1381C1209,1,9,0,9,9,1,7,0,0,5,0,0,0,0,1,1,6,6,1,48,8,-1,-1,-1,-1,5,E01011058,0,-1
2021501110054,2021,501110054,2,1,0,3,3,1,5,0,0,0,0,0,0,0,3,1,5,6,1,81,11,-1,-1,-1,-1,4,E01018777,0,-1
2021461044676,2021,461044676,1,9,0,18,19,1,5,0,0,0,0,0,0,0,1,1,5,6,3,-1,-1,-1,-1,-1,-1,-1,-1,0,-1
2021520104252,2021,520104252,1,9,0,18,19,2,6,0,0,0,0,0,0,0,1,1,6,6,1,36,7,-1,-1,-1,-1,5,E01029215,0,-1
2021552100781,2021,552100781,1,22,0,18,19,2,6,9,9,0,5,0,0,0,3,1,6,6,2,68,10,-1,-1,-1,-1,7,E01032641,0,-1
2021522104408,2021,522104408,2,9,0,18,19,4,8,0,0,4,0,0,0,0,1,1,6,6,2,30,6,-1,-1,-1,-1,6,E01014451,0,-1
2021052101221,2021,052101221,1,1,0,18,19,7,3,0,0,0,1,0,0,0,0,1,4,7,1,12,3,-1,-1,-1,-1,4,E01007153,0,-1
2021332100216,2021,332100216,2,1,0,18,19,1,5,0,0,0,0,0,0,0,1,1,6,6,1,28,6,-1,-1,-1,-1,1,E01013677,0,-1
2021052101125,2021,052101125,2,1,0,18,19,7,3,0,0,0,0,0,0,0,1,1,6,6,1,31,6,-1,-1,-1,-1,1,E01006760,0,-1
2021421016492,2021,421016492,2,19,0,2,2,0,0,0,0,1,0,0,0,0,0,1,6,6,3,-1,-1,-1,-1,-1,-1,-1,-1,0,-1
2021031110687,2021,031110687,1,9,0,18,19,3,7,0,0,0,0,0,0,0,1,1,5,6,1,81,11,-1,-1,-1,-1,4,E01019094,0,-1
202160Z067400,2021,60Z067400,2,5,0,18,19,1,5,0,0,0,0,0,0,0,3,1,6,6,1,55,8,-1,-1,-1,-1,-1,-1,0,-1
2021201043677,2021,201043677,1,1,0,7,7,8,2,0,0,5,0,0,0,0,4,1,6,6,1,44,7,-1,-1,-1,-1,1,E01009157,0,-1
2021332100955,2021,332100955,2,3,0,13,13,3,7,0,0,0,0,0,0,0,4,1,6,6,1,19,4,-1,-1,-1,-1,6,E01025735,0,-1
2021231080512,2021,231080512,2,9,0,5,5,3,5,0,0,4,0,0,0,0,1,1,6,6,3,34,6,-1,-1,-1,-1,-1,-1,0,-1
2021332100123,2021,332100123,1,9,0,4,4,2,6,0,0,2,0,0,0,0,1,1,6,6,1,27,6,-1,-1,-1,-1,8,E01025938,0,-1
2021052101476,2021,052101476,2,1,0,18,19,5,1,0,0,0,0,0,0,0,3,1,6,6,1,39,7,-1,-1,-1,-1,5,E01006942,0,-1
2021061095890,2021,061095890,1,1,0,18,19,5,1,0,0,1,0,0,0,0,1,1,6,6,1,30,6,-1,-1,-1,-1,1,E01005729,0,-1
202160Z123431,2021,60Z123431,2,9,0,18,19,4,8,0,0,1,0,0,0,0,0,1,1,1,1,32,6,-1,-1,-1,-1,-1,-1,0,-1
2021332100027,2021,332100027,2,9,0,5,5,8,4,0,0,0,0,0,0,0,1,1,1,1,1,27,6,-1,-1,-1,-1,1,E01013755,0,-1
2021010345853,2021,010345853,2,1,0,3,3,3,7,4,4,1,5,0,0,0,2,1,2,2,1,34,6,-1,-1,-1,-1,2,E01003168,0,-1
2021201102686,2021,201102686,2,1,0,18,19,8,4,9,9,8,0,0,0,0,1,1,6,6,1,19,4,-1,-1,-1,-1,2,E01009891,0,-1
2021052101253,2021,052101253,2,1,0,18,19,3,7,0,0,4,0,0,0,0,0,1,4,7,1,15,3,-1,-1,-1,-1,4,E01006425,0,-1
2021531118483,2021,531118483,2,1,0,7,7,1,5,0,0,1,0,0,0,0,1,1,6,6,1,12,3,-1,-1,-1,-1,1,E01022152,0,-1
2021610014621,2021,610014621,3,9,0,4,4,8,4,0,0,1,0,0,0,0,1,1,6,6,1,68,10,-1,-1,-1,-1,-1,-1,0,-1
2021010342035,2021,010342035,2,1,0,18,19,3,7,0,0,1,0,0,0,0,4,1,6,6,1,59,9,-1,-1,-1,-1,1,E01004459,0,-1
2021610002921,2021,610002921,1,9,0,17,19,1,6,0,0,0,1,0,0,7,1,1,6,6,2,-1,-1,-1,-1,-1,-1,-1,-1,0,-1
20211381M1248,2021,1381M1248,1,9,0,18,19,5,1,9,9,0,0,0,0,0,1,1,6,6,1,17,4,-1,-1,-1,-1,3,E01010571,0,-1
202131C039221,2021,31C039221,2,9,0,18,19,2,6,0,0,8,0,0,0,0,1,1,6,6,3,-1,-1,-1,-1,-1,-1,-1,-1,0,-1
2021332100467,2021,332100467,1,19,0,18,19,4,8,9,9,6,0,0,0,0,4,1,6,6,3,-1,-1,-1,-1,-1,-1,-1,-1,0,-1
2021302100270,2021,302100270,1,9,0,1,1,0,0,0,0,0,0,0,0,0,2,1,6,6,1,32,6,-1,-1,-1,-1,6,E01019660,0,-1
2021010319225,2021,010319225,2,1,0,9,9,3,2,0,0,8,5,0,0,0,1,1,2,2,1,54,8,-1,-1,-1,-1,6,E01002246,0,-1
202160Z165729,2021,60Z165729,1,9,0,5,5,2,6,0,0,8,0,0,0,0,1,1,6,6,2,41,7,-1,-1,-1,-1,-1,-1,0,-1
2021361076188,2021,361076188,2,1,0,18,19,7,2,9,9,8,0,0,0,0,0,1,4,7,1,12,3,-1,-1,-1,-1,4,E01026807,0,-1
2021010338463,2021,010338463,1,1,9,99,99,9,9,99,99,9,9,99,9,99,9,1,2,2,2,45,7,-1,-1,-1,-1,2,E01001977,0,-1
2021010294427,2021,010294427,2,1,0,18,19,6,2,0,0,1,0,0,0,0,1,1,6,6,1,57,9,-1,-1,-1,-1,9,E01004558,0,-1
2021161115979,2021,161115979,1,1,0,18,19,7,3,0,0,0,0,0,0,0,2,1,6,6,1,21,5,-1,-1,-1,-1,9,E01013275,0,-1
2021061040545,2021,061040545,2,1,0,18,19,1,5,0,0,8,0,0,0,0,1,1,6,6,1,30,6,-1,-1,-1,-1,-1,-1,0,-1
2021440157719,2021,440157719,2,1,0,18,19,7,3,0,0,8,0,0,0,0,1,1,6,6,1,28,6,-1,-1,-1,-1,-1,-1,0,-1
2021311099458,2021,311099458,1,9,0,8,8,1,5,0,0,4,0,0,0,0,1,1,1,1,1,38,7,-1,-1,-1,-1,2,E01006660,0,-1
2021520103452,2021,520103452,2,19,0,18,19,5,1,0,0,0,0,0,0,0,1,1,6,6,1,27,6,-1,-1,-1,-1,8,E01029225,0,-1
2021440029844,2021,440029844,2,1,0,18,19,4,8,0,0,0,0,0,0,0,3,1,6,6,2,57,9,-1,-1,-1,-1,7,E01017094,0,-1
2021332100565,2021,332100565,1,19,0,18,19,4,8,0,0,0,0,0,0,0,4,1,2,2,1,49,8,-1,-1,-1,-1,2,E01008029,0,-1
202160Z063248,2021,60Z063248,2,9,0,18,19,8,4,0,0,1,0,0,0,0,1,1,6,6,2,22,5,-1,-1,-1,-1,-1,-1,0,-1
2021052101449,2021,052101449,1,-1,0,18,19,5,1,0,0,0,0,0,0,0,1,1,6,6,2,30,6,-1,-1,-1,-1,6,E01006596,1,-1
2021052101792,2021,052101792,2,90,0,18,19,1,5,0,0,8,0,0,0,0,3,1,6,6,1,30,6,-1,-1,-1,-1,1,E01006552,0,-1
2021544465821,2021,544465821,1,9,0,18,19,2,6,0,0,0,0,0,0,0,3,1,6,6,1,30,6,-1,-1,-1,-1,-1,-1,0,-1
2021302101658,2021,302101658,1,9,0,18,19,6,2,0,0,2,0,0,0,0,4,1,1,1,1,67,10,-1,-1,-1,-1,2,E01013588,0,-1
2021010348117,2021,010348117,2,1,0,10,10,6,4,0,0,0,0,0,1,0,3,1,2,2,1,39,7,-1,-1,-1,-1,3,E01032786,0,-1
2021461113190,2021,461113190,1,98,1,18,19,6,2,0,0,0,0,0,0,0,0,1,6,6,3,-1,-1,-1,-1,-1,-1,-1,-1,0,-1
2021211035605,2021,211035605,2,9,0,7,7,7,8,0,0,8,0,0,0,0,1,1,6,6,1,50,8,-1,-1,-1,-1,1,E01029372,0,-1
2021122100565,2021,122100565,1,1,0,18,19,7,3,0,0,8,0,0,0,0,4,1,2,2,2,41,7,-1,-1,-1,-1,9,E01013414,0,-1
202134NNC0201,2021,34NNC0201,1,9,0,18,19,2,6,0,0,8,0,0,0,0,1,1,6,6,1,-1,-1,-1,-1,-1,-1,-1,-1,0,-1
2021111024641,2021,111024641,1,9,0,18,19,1,3,0,0,1,0,0,0,0,1,1,6,6,3,-1,-1,-1,-1,-1,-1,-1,-1,0,-1
2021501120499,2021,501120499,2,1,0,9,9,1,7,0,0,8,0,0,0,0,1,1,6,6,1,29,6,-1,-1,-1,-1,6,E01019030,0,-1
2021221085765,2021,221085765,2,9,0,17,19,5,2,0,0,0,0,0,0,0,1,1,5,6,1,56,9,-1,-1,-1,-1,5,E01028961,0,-1
2021461039540,2021,461039540,3,9,0,18,19,7,3,0,0,0,0,0,0,0,1,1,1,1,1,41,7,-1,-1,-1,-1,10,E01024365,0,-1
2021161034359,2021,161034359,1,1,0,12,12,7,3,0,0,0,0,0,0,0,3,1,5,6,1,8,2,-1,-1,-1,-1,3,E01012774,0,-1
2021010318144,2021,010318144,2,9,0,4,4,5,1,0,0,0,0,0,0,0,2,2,6,6,1,45,7,-1,-1,-1,-1,4,E01000788,0,-1
2021010297827,2021,010297827,1,1,9,18,19,9,9,0,0,0,9,0,0,99,3,1,2,2,3,43,7,-1,-1,-1,-1,5,E01003414,0,-1
2021451037548,2021,451037548,3,19,0,18,19,2,6,0,0,1,0,0,0,0,2,1,6,6,2,41,7,-1,-1,-1,-1,5,E01002948,0,-1
2021138440480,2021,138440480,2,1,0,18,19,5,1,0,0,0,0,0,0,0,1,1,6,6,1,20,4,-1,-1,-1,-1,-1,-1,0,-1
2021991062803,2021,991062803,2,1,0,18,19,2,6,9,9,0,0,0,0,0,3,1,6,6,1,11,3,-1,-1,-1,-1,4,-1,0,-1
2021010314054,2021,010314054,2,9,0,4,4,2,6,0,0,1,0,0,0,0,1,1,6,6,2,-1,-1,-1,-1,-1,-1,2,E01004269,0,-1
2021421069443,2021,421069443,1,1,0,15,15,5,1,0,0,1,0,0,0,0,1,1,6,6,1,-1,-1,-1,-1,-1,-1,-1,-1,0,-1
2021201155083,2021,201155083,1,9,0,18,19,4,8,0,0,0,0,0,0,0,1,1,6,6,1,-1,-1,-1,-1,-1,-1,-1,-1,0,-1
2021131046317,2021,131046317,1,9,0,18,19,1,5,0,0,1,0,0,0,0,1,1,6,6,3,-1,-1,-1,-1,-1,-1,-1,-1,0,-1
2021302102006,2021,302102006,1,9,0,18,19,4,8,0,0,4,0,0,0,0,1,1,6,6,3,-1,-1,-1,-1,-1,-1,5,E01019456,0,-1
2021544971721,2021,544971721,2,1,0,5,5,3,7,0,0,6,0,0,0,0,1,1,6,6,1,13,3,-1,-1,-1,-1,7,E01015493,0,-1
2021010303842,2021,010303842,2,-1,0,7,7,3,6,0,0,2,0,0,0,0,3,1,6,6,2,20,4,-1,-1,-1,-1,2,E01003973,1,-1
2021101103572,2021,101103572,1,9,0,18,19,6,2,0,0,0,0,0,0,0,1,1,6,6,1,-1,-1,-1,-1,-1,-1,-1,-1,0,-1
2021552100115,2021,552100115,2,1,0,18,19,4,8,0,0,3,0,0,0,0,4,1,2,2,1,46,8,-1,-1,-1,-1,4,E01015276,0,-1
2021501027279,2021,501027279,1,9,0,13,13,3,7,0,0,1,0,0,0,0,4,1,6,6,3,-1,-1,-1,-1,-1,-1,-1,-1,0,-1
2021451086590,2021,451086590,2,1,0,18,19,7,3,0,0,0,0,0,0,0,1,1,5,6,1,67,10,-1,-1,-1,-1,7,E01030465,0,-1
2021430583980,2021,430583980,2,9,0,18,19,1,5,0,0,8,0,0,0,0,1,1,6,6,1,63,9,-1,-1,-1,-1,10,E01028684,0,-1
2021401021127,2021,401021127,2,90,0,18,19,3,7,0,0,0,5,0,0,0,3,1,6,6,2,11,3,-1,-1,-1,-1,7,E01017423,0,-1
2021421101262,2021,421101262,2,1,0,18,19,6,2,0,0,8,0,0,0,0,1,1,2,2,1,29,6,-1,-1,-1,-1,4,E01021706,0,-1
2021231086944,2021,231086944,1,9,0,18,19,6,2,0,0,8,0,0,0,0,4,1,5,6,3,46,8,-1,-1,-1,-1,-1,-1,0,-1
2021061098204,2021,061098204,1,1,0,5,5,1,1,0,0,0,0,0,0,0,1,1,6,6,1,38,7,-1,-1,-1,-1,1,E01005615,0,-1
2021501129861,2021,501129861,2,9,0,2,2,0,0,0,0,0,0,0,0,0,2,1,5,6,1,31,6,-1,-1,-1,-1,8,E01020170,0,-1
2021010306012,2021,010306012,2,1,0,18,19,1,5,0,0,1,0,0,0,0,3,1,6,6,1,30,6,-1,-1,-1,-1,2,E01001815,0,-1
2021061102669,2021,061102669,1,-1,0,18,19,8,3,0,0,1,0,0,0,0,1,1,6,6,1,17,4,-1,-1,-1,-1,2,E01004847,1,-1
2021010313726,2021,010313726,2,9,0,99,99,9,9,99,99,9,9,99,9,99,9,9,6,6,3,-1,-1,-1,-1,-1,-1,-1,-1,0,-1
2021161059200,2021,161059200,2,9,0,18,19,1,5,0,0,0,0,0,0,0,4,1,6,6,1,39,7,-1,-1,-1,-1,9,W01001826,0,-1
2021010348417,2021,010348417,1,9,9,99,99,9,9,99,99,9,9,99,9,99,9,9,6,6,3,-1,-1,-1,-1,-1,-1,-1,-1,0,-1
2021430489439,2021,430489439,2,1,0,18,19,2,6,0,0,1,0,0,0,0,1,1,6,6,1,-1,-1,-1,-1,-1,-1,-1,-1,0,-1
2021010339981,2021,010339981,2,9,9,18,19,5,1,0,0,1,0,0,0,0,3,1,6,6,1,-1,-1,-1,-1,-1,-1,-1,-1,0,-1
2021421112187,2021,421112187,5,1,0,18,19,7,3,0,0,0,5,0,1,9,1,1,6,6,1,51,8,-1,-1,-1,-1,10,E01023457,0,-1
2021522200711,2021,522200711,1,9,0,18,19,3,7,0,0,2,0,0,0,0,1,1,6,6,3,30,6,-1,-1,-1,-1,-1,-1,0,-1
2021010293941,2021,010293941,2,1,9,99,99,9,9,99,99,9,9,99,9,99,1,1,2,2,1,46,8,-1,-1,-1,-1,7,E01003848,0,-1
2021221115748,2021,221115748,2,1,0,17,19,5,2,9,9,8,0,0,0,0,3,1,2,2,1,29,6,-1,-1,-1,-1,7,E01014070,0,-1
202160Z022869,2021,60Z022869,2,1,0,18,19,6,2,0,0,0,0,0,0,0,1,1,1,1,1,49,8,-1,-1,-1,-1,-1,-1,0,-1
2021010330186,2021,010330186,2,9,0,99,99,9,9,99,99,9,9,99,9,99,9,9,6,6,3,-1,-1,-1,-1,-1,-1,-1,-1,0,-1
2021111131589,2021,111131589,1,1,0,5,5,5,1,5,5,2,0,0,0,0,1,1,6,6,1,40,7,-1,-1,-1,-1,-1,-1,0,-1
2021052102579,2021,052102579,1,9,0,9,9,3,1,0,0,8,0,0,0,0,0,1,6,6,3,-1,-1,-1,-1,-1,-1,-1,-1,0,-1
2021332101581,2021,332101581,1,9,0,18,19,4,8,0,0,0,0,0,0,0,1,1,6,6,1,65,9,-1,-1,-1,-1,-1,-1,0,-1
2021141019244,2021,141019244,2,9,0,7,7,2,4,0,0,6,0,0,0,0,4,1,1,1,2,28,6,-1,-1,-1,-1,5,E01028036,0,-1
2021010328391,2021,010328391,2,-1,0,18,19,1,5,0,0,1,0,0,0,0,2,2,6,6,1,28,6,-1,-1,-1,-1,3,E01003960,1,-1
2021010306752,2021,010306752,2,90,0,99,99,9,9,99,99,9,9,99,9,99,2,9,6,6,3,-1,-1,-1,-1,-1,-1,7,E01023398,0,-1
2021610016321,2021,610016321,1,9,0,15,15,2,6,0,0,0,1,4,7,0,1,1,6,6,2,77,11,-1,-1,-1,-1,-1,-1,0,-1
2021201138888,2021,201138888,2,90,0,18,19,7,2,0,0,0,0,0,0,0,1,1,6,6,1,21,5,-1,-1,-1,-1,-1,-1,0,-1
2021010319324,2021,010319324,2,1,0,18,19,3,7,0,0,0,0,0,0,0,1,1,3,7,2,41,7,-1,-1,-1,-1,3,E01002057,0,-1
2021010324901,2021,010324901,2,9,9,99,99,9,9,99,99,9,9,99,9,99,9,9,6,6,3,-1,-1,-1,-1,-1,-1,-1,-1,0,-1
2021401067440,2021,401067440,1,9,0,7,7,1,5,0,0,5,0,0,0,0,2,1,1,1,2,50,8,-1,-1,-1,-1,10,E01023607,0,-1
2021501086259,2021,501086259,2,1,0,17,19,4,1,0,0,0,0,0,0,0,3,1,6,6,1,59,9,-1,-1,-1,-1,7,E01019953,0,-1
2021351066237,2021,351066237,2,9,-1,18,19,4,3,0,0,1,0,0,0,0,-1,1,6,6,1,25,5,-1,-1,-1,-1,-1,-1,0,-1
2021122200104,2021,122200104,2,1,0,9,9,4,2,0,0,0,0,0,0,0,4,1,4,7,1,14,3,-1,-1,-1,-1,7,E01013401,0,-1
2021141090276,2021,141090276,2,9,0,7,7,3,5,0,0,1,0,0,0,0,3,1,2,2,1,57,9,-1,-1,-1,-1,6,E01007771,0,-1
2021302101516,2021,302101516,2,1,0,18,19,1,5,0,0,8,0,0,0,0,1,1,2,2,1,29,6,-1,-1,-1,-1,2,E01013477,0,-1
2021101097127,2021,101097127,1,9,0,18,19,4,8,0,0,0,0,0,0,0,1,1,6,6,1,-1,-1,-1,-1,-1,-1,-1,-1,0,-1
2021010336644,2021,010336644,2,9,0,99,99,9,9,99,99,0,9,99,9,99,2,9,6,6,1,42,7,-1,-1,-1,-1,1,E01001813,0,-1
2021010310040,2021,010310040,2,-1,0,18,19,5,1,0,0,8,0,0,0,0,1,1,6,6,2,24,5,-1,-1,-1,-1,2,E01004014,1,-1
2021451036542,2021,451036542,1,1,0,17,19,5,1,0,0,0,0,0,7,0,1,1,6,6,1,49,8,-1,-1,-1,-1,10,E01030623,0,-1
2021430152016,2021,430152016,2,17,0,18,19,8,4,0,0,0,0,0,0,0,2,1,6,6,1,-1,-1,-1,-1,-1,-1,5,E01023772,0,-1