collision_index,collision_year,collision_ref_no,vehicle_reference,vehicle_type,towing_and_articulation,vehicle_manoeuvre_historic,vehicle_manoeuvre,vehicle_direction_from,vehicle_direction_to,vehicle_location_restricted_lane_historic,vehicle_location_restricted_lane,junction_location,skidding_and_overturning,hit_object_in_carriageway,vehicle_leaving_carriageway,hit_object_off_carriageway,first_point_of_impact,vehicle_left_hand_drive,journey_purpose_of_driver_historic,journey_purpose_of_driver,sex_of_driver,age_of_driver,age_band_of_driver,engine_capacity_cc,propulsion_code,age_of_vehicle,generic_make_model,driver_imd_decile,lsoa_of_driver,escooter_flag,driver_distance_banding
2021440344477,2021,440344477,2,9,0,18,19,7,3,0,0,8,0,0,0,0,1,1,6,6,2,18,4,-1,-1,-1,-1,9,E01022989,0,-1
2021010331900,2021,010331900,2,1,0,3,3,7,3,0,0,1,0,0,9,0,3,1,6,6,1,32,6,-1,-1,-1,-1,3,E01003099,0,-1
2021361022747,2021,361022747,1,9,0,18,19,7,3,0,0,0,0,0,0,0,3,1,5,6,2,24,5,-1,-1,-1,-1,1,E01026625,0,-1
2021401058387,2021,401058387,2,1,0,18,19,3,7,0,0,4,0,0,0,0,4,1,5,6,1,50,8,-1,-1,-1,-1,8,E01015706,0,-1
2021101126139,2021,101126139,1,11,0,5,5,5,7,0,0,1,0,0,0,0,1,1,1,1,1,47,8,-1,-1,-1,-1,1,E01020807,0,-1
2021010309779,2021,010309779,1,1,9,99,99,9,9,99,99,9,9,99,9,99,9,1,2,2,1,35,6,-1,-1,-1,-1,3,E01000936,0,-1
2021010303931,2021,010303931,2,9,0,9,9,5,3,0,0,6,0,0,0,0,3,1,6,6,1,-1,-1,-1,-1,-1,-1,-1,-1,0,-1
2021010336689,2021,010336689,1,9,0,9,9,5,2,0,0,1,0,0,0,0,1,1,6,6,3,-1,-1,-1,-1,-1,-1,-1,-1,0,-1
2021430132710,2021,430132710,4,8,0,4,4,1,5,0,0,2,0,0,0,0,0,1,1,1,1,40,7,-1,-1,-1,-1,3,E01028516,0,-1
2021052101647,2021,052101647,2,1,0,12,12,7,3,0,0,0,1,0,7,0,4,1,1,1,1,24,5,-1,-1,-1,-1,1,E01007011,0,-1
2021471088869,2021,471088869,2,1,0,18,19,7,3,0,0,8,0,0,0,0,1,1,6,6,1,56,9,-1,-1,-1,-1,-1,-1,0,-1
2021010347983,2021,010347983,2,9,0,3,3,4,8,0,0,2,0,0,0,0,2,1,6,6,3,-1,-1,-1,-1,-1,-1,-1,-1,0,-1
2021522102321,2021,522102321,1,1,0,18,19,1,5,0,0,1,0,0,0,0,1,1,6,6,1,33,6,-1,-1,-1,-1,1,E01014583,0,-1
2021101117108,2021,101117108,1,9,0,18,19,5,1,0,0,1,0,0,0,0,1,1,6,6,1,-1,-1,-1,-1,-1,-1,-1,-1,0,-1
202160Z159800,2021,60Z159800,1,9,0,18,19,6,2,0,0,1,0,0,0,0,4,1,6,6,2,30,6,-1,-1,-1,-1,-1,-1,0,-1
2021501024702,2021,501024702,1,19,0,18,19,5,1,0,0,1,0,0,0,0,0,1,6,6,1,-1,-1,-1,-1,-1,-1,5,E01015135,0,-1
2021010312641,2021,010312641,2,1,0,5,5,1,5,5,5,0,0,0,0,0,1,1,6,6,1,35,6,-1,-1,-1,-1,-1,-1,0,-1
2021010291458,2021,010291458,3,1,0,18,19,7,3,0,0,0,0,4,0,0,3,1,1,1,1,36,7,-1,-1,-1,-1,4,E01002719,0,-1
2021461071996,2021,461071996,2,1,0,18,19,7,5,0,0,3,0,0,0,0,1,1,6,6,1,17,4,-1,-1,-1,-1,9,E01024056,0,-1
2021141032494,2021,141032494,1,9,0,5,5,2,6,0,0,0,0,0,0,0,1,1,6,6,1,51,8,-1,-1,-1,-1,2,E01008125,0,-1
202160Z152556,2021,60Z152556,1,9,0,18,19,1,5,0,0,0,0,0,1,11,1,1,6,6,1,36,7,-1,-1,-1,-1,-1,-1,0,-1
2021010292738,2021,010292738,1,9,9,99,99,9,9,99,99,9,9,99,9,99,1,1,6,6,3,-1,-1,-1,-1,-1,-1,-1,-1,0,-1
2021471108500,2021,471108500,3,19,0,2,2,0,0,0,0,0,0,0,0,0,3,1,6,6,3,-1,-1,-1,-1,-1,-1,-1,-1,0,-1
2021520102349,2021,520102349,1,9,0,9,9,5,3,0,0,1,0,0,0,0,2,1,6,6,2,43,7,-1,-1,-1,-1,6,E01029305,0,-1
2021201024998,2021,201024998,2,-1,0,18,19,5,1,0,0,8,0,0,0,0,1,1,6,6,1,-1,-1,-1,-1,-1,-1,1,E01010485,1,-1
2021991066316,2021,991066316,1,90,0,7,7,8,3,0,0,0,1,0,7,0,1,1,5,6,1,37,7,-1,-1,-1,-1,4,-1,0,-1
2021201148535,2021,201148535,1,9,0,18,19,-1,-1,0,0,0,0,0,0,0,1,1,6,6,3,-1,-1,-1,-1,-1,-1,-1,-1,0,-1
2021010331441,2021,010331441,1,9,0,18,19,7,3,0,0,2,0,0,0,0,1,1,6,6,3,-1,-1,-1,-1,-1,-1,-1,-1,0,-1
2021131098706,2021,131098706,1,90,0,-1,-1,-1,-1,-1,-1,-1,-1,-1,-1,-1,-1,1,6,6,3,-1,-1,-1,-1,-1,-1,-1,-1,0,-1
2021991015780,2021,991015780,1,9,0,6,6,4,4,0,0,0,0,0,0,0,3,1,5,6,1,29,6,-1,-1,-1,-1,1,-1,0,-1
2021332100122,2021,332100122,2,9,0,18,19,1,5,0,0,4,0,0,0,0,3,1,1,1,1,62,9,-1,-1,-1,-1,9,E01025661,0,-1
2021451062227,2021,451062227,1,1,0,18,19,1,5,0,0,8,5,0,0,0,1,1,5,6,1,62,9,-1,-1,-1,-1,9,E01030394,0,-1
2021361075825,2021,361075825,1,9,0,18,19,8,7,0,0,1,0,0,0,0,1,1,6,6,3,-1,-1,-1,-1,-1,-1,-1,-1,0,-1
2021201069982,2021,201069982,1,9,0,9,9,6,4,0,0,2,0,0,0,0,1,1,1,1,1,-1,-1,-1,-1,-1,-1,-1,-1,0,-1
2021010315589,2021,010315589,1,9,0,2,2,0,0,0,0,8,0,0,0,0,2,1,6,6,3,-1,-1,-1,-1,-1,-1,-1,-1,0,-1
202160Z016631,2021,60Z016631,2,1,0,4,4,1,5,0,0,3,0,0,0,0,1,1,6,6,1,70,10,-1,-1,-1,-1,-1,-1,0,-1
202131C166421,2021,31C166421,1,9,0,6,6,8,8,2,2,8,0,0,0,0,0,1,6,6,3,-1,-1,-1,-1,-1,-1,-1,-1,0,-1
2021052100317,2021,052100317,1,9,0,1,1,2,6,0,0,2,0,0,0,0,2,1,6,6,3,-1,-1,-1,-1,-1,-1,-1,-1,0,-1
2021332100858,2021,332100858,1,9,0,18,19,4,8,0,0,8,0,0,0,0,1,1,6,6,2,-1,-1,-1,-1,-1,-1,-1,-1,0,-1
2021101057260,2021,101057260,1,1,0,18,19,7,3,0,0,8,5,0,0,0,4,1,4,7,1,15,3,-1,-1,-1,-1,2,E01008341,0,-1
2021440134893,2021,440134893,1,1,0,16,19,7,3,0,0,0,0,0,0,0,1,1,6,6,1,53,8,-1,-1,-1,-1,8,E01023001,0,-1
2021122101516,2021,122101516,2,1,0,17,19,2,7,0,0,8,1,0,0,0,4,1,6,6,1,52,8,-1,-1,-1,-1,9,E01027672,0,-1
2021351027456,2021,351027456,2,1,0,9,9,1,6,0,0,0,0,0,0,0,2,1,6,6,1,14,3,-1,-1,-1,-1,5,E01018084,0,-1
2021052101702,2021,052101702,2,1,0,17,19,6,2,0,0,8,0,0,0,0,1,1,1,1,1,46,8,-1,-1,-1,-1,1,E01006630,0,-1
2021131065871,2021,131065871,2,1,0,5,5,0,5,0,0,6,0,0,0,0,3,1,5,6,1,17,4,-1,-1,-1,-1,10,E01011272,0,-1
2021111109598,2021,111109598,1,9,0,18,19,5,8,0,0,0,0,0,0,0,3,1,6,6,3,40,7,-1,-1,-1,-1,-1,-1,0,-1
2021031048756,2021,031048756,3,9,0,18,19,7,3,0,0,8,0,0,0,0,3,1,6,6,1,50,8,-1,-1,-1,-1,4,E01019202,0,-1
2021501072941,2021,501072941,2,9,0,3,3,5,1,0,0,0,0,0,0,0,2,1,5,6,1,66,10,-1,-1,-1,-1,7,E01029288,0,-1
2021161087149,2021,161087149,1,9,0,16,19,5,7,0,0,0,2,0,7,0,3,1,5,6,1,18,4,-1,-1,-1,-1,1,E01012945,0,-1
2021010328463,2021,010328463,2,1,0,18,19,3,7,0,0,3,0,0,0,0,1,1,6,6,2,63,9,-1,-1,-1,-1,3,E01001858,0,-1
2021010293993,2021,010293993,1,97,0,18,19,1,5,0,0,1,0,0,0,0,9,1,6,6,1,-1,-1,-1,-1,-1,-1,-1,-1,0,-1
2021411133304,2021,411133304,1,9,0,7,7,3,7,0,0,5,0,0,0,0,4,1,6,6,1,59,9,-1,-1,-1,-1,9,E01023676,0,-1
2021010300257,2021,010300257,2,9,0,18,19,5,1,0,0,0,0,0,0,0,2,1,6,6,2,-1,-1,-1,-1,-1,-1,-1,-1,0,-1
2021221020587,2021,221020587,1,1,0,3,3,2,6,9,9,8,0,0,0,0,1,1,5,6,1,66,10,-1,-1,-1,-1,3,E01028912,0,-1
2021320132552,2021,320132552,1,9,0,1,1,1,5,0,0,0,0,0,0,0,2,1,6,6,1,40,7,-1,-1,-1,-1,-1,-1,0,-1
2021010333608,2021,010333608,2,19,0,99,99,9,9,99,99,0,9,99,9,99,1,9,6,6,3,-1,-1,-1,-1,-1,-1,-1,-1,0,-1
202131A180821,2021,31A180821,1,9,0,18,19,4,8,0,0,0,0,0,0,0,4,1,6,6,3,-1,-1,-1,-1,-1,-1,-1,-1,0,-1
2021430200768,2021,430200768,1,1,0,18,19,3,7,0,0,1,0,0,0,0,1,1,6,6,1,14,3,-1,-1,-1,-1,-1,-1,0,-1
2021471113106,2021,471113106,2,1,0,18,19,1,5,0,0,1,0,0,0,0,1,1,6,6,1,50,8,-1,-1,-1,-1,2,E01016949,0,-1
2021041027276,2021,041027276,2,1,0,17,19,1,7,0,0,8,0,0,0,0,4,1,6,6,2,59,9,-1,-1,-1,-1,8,E01025163,0,-1
2021061043099,2021,061043099,1,1,0,18,19,6,2,0,0,0,0,0,0,0,1,1,6,6,1,56,9,-1,-1,-1,-1,9,E01006301,0,-1
2021161106526,2021,161106526,1,1,0,18,19,3,7,0,0,4,0,0,0,0,1,1,6,6,2,32,6,-1,-1,-1,-1,1,E01012798,0,-1
2021010329707,2021,010329707,2,-1,9,99,99,9,9,99,99,9,9,0,0,0,9,9,6,6,1,-1,-1,-1,-1,-1,-1,-1,-1,1,-1
2021501116922,2021,501116922,2,1,0,18,19,1,5,0,0,0,-1,0,0,0,2,1,6,6,1,56,9,-1,-1,-1,-1,5,E01015237,0,-1
202131C165821,2021,31C165821,1,9,0,18,19,6,2,0,0,8,0,0,0,0,1,1,6,6,2,52,8,-1,-1,-1,-1,2,E01013858,0,-1
2021440327280,2021,440327280,1,9,0,18,19,1,5,0,0,4,0,0,0,0,1,1,6,6,1,35,6,-1,-1,-1,-1,3,E01017195,0,-1
2021052101480,2021,052101480,2,19,4,18,19,1,5,0,0,1,0,0,0,0,4,1,6,6,3,-1,-1,-1,-1,-1,-1,-1,-1,0,-1
2021401110557,2021,401110557,1,9,0,18,19,1,5,0,0,1,0,0,0,0,3,1,6,6,3,-1,-1,-1,-1,-1,-1,-1,-1,0,-1
2021471019511,2021,471019511,2,1,0,18,19,2,6,0,0,0,0,0,0,0,2,1,1,1,2,36,7,-1,-1,-1,-1,8,E01031679,0,-1
2021061091418,2021,061091418,1,9,0,18,19,1,1,0,0,0,0,0,0,0,1,1,6,6,1,30,6,-1,-1,-1,-1,3,E01006159,0,-1
2021461025904,2021,461025904,1,9,0,9,9,5,1,6,6,0,1,10,7,0,1,1,5,6,1,41,7,-1,-1,-1,-1,6,E01017795,0,-1
2021010287701,2021,010287701,1,9,0,7,7,5,7,0,0,6,1,7,0,0,1,1,6,6,2,36,7,-1,-1,-1,-1,8,E01003420,0,-1
2021421110465,2021,421110465,2,3,0,18,19,5,1,0,0,2,0,0,0,0,1,1,5,6,1,48,8,-1,-1,-1,-1,4,E01002309,0,-1
202163D029521,2021,63D029521,2,1,0,18,19,1,5,0,0,8,0,0,0,0,1,1,6,6,1,10,2,-1,-1,-1,-1,8,W01000467,0,-1
2021411100983,2021,411100983,2,9,0,7,7,7,1,0,0,6,0,0,0,0,0,1,6,6,3,-1,-1,-1,-1,-1,-1,-1,-1,0,-1
2021332101584,2021,332101584,1,9,0,18,19,2,6,0,0,0,0,0,0,0,0,1,6,6,1,48,8,-1,-1,-1,-1,-1,-1,0,-1
2021010340996,2021,010340996,2,1,0,5,5,5,1,0,0,0,0,0,0,0,1,1,6,6,1,18,4,-1,-1,-1,-1,2,E01001761,0,-1
2021010303488,2021,010303488,2,22,0,18,19,3,7,0,0,1,0,0,0,0,3,1,6,6,1,66,10,-1,-1,-1,-1,7,E01002366,0,-1
2021471032524,2021,471032524,1,1,0,18,19,7,3,9,9,0,0,0,0,0,1,1,5,6,1,36,7,-1,-1,-1,-1,6,E01021213,0,-1
2021010331720,2021,010331720,2,9,0,99,99,9,9,99,99,9,9,99,9,99,1,9,6,6,3,-1,-1,-1,-1,-1,-1,-1,-1,0,-1
2021010295742,2021,010295742,1,3,0,6,6,5,5,0,0,8,0,0,0,0,0,1,6,6,3,-1,-1,-1,-1,-1,-1,-1,-1,0,-1
2021421102495,2021,421102495,1,1,0,18,19,5,1,0,0,1,0,0,0,0,1,1,4,7,1,10,2,-1,-1,-1,-1,4,E01015888,0,-1
2021461061551,2021,461061551,1,11,0,18,19,3,7,0,0,0,0,0,0,0,0,1,1,1,1,-1,-1,-1,-1,-1,-1,-1,-1,0,-1
2021041014790,2021,041014790,2,9,0,2,2,0,0,9,9,0,0,4,0,0,3,1,6,6,3,-1,-1,-1,-1,-1,-1,-1,-1,0,-1
2021010315065,2021,010315065,2,9,0,5,5,3,7,0,0,0,0,0,0,0,3,1,1,1,1,23,5,-1,-1,-1,-1,2,E01003305,0,-1
2021201084099,2021,201084099,1,9,0,9,9,5,3,0,0,5,0,0,0,0,3,1,6,6,2,27,6,-1,-1,-1,-1,1,E01033648,0,-1
2021101089023,2021,101089023,1,9,0,18,19,3,8,0,0,4,0,0,0,0,3,1,6,6,3,18,4,-1,-1,-1,-1,-1,-1,0,-1
2021070075571,2021,070075571,1,90,0,18,19,7,3,0,0,0,0,0,0,0,0,1,6,6,2,-1,-1,-1,-1,-1,-1,-1,-1,0,-1
2021430104088,2021,430104088,1,9,0,18,19,0,0,0,0,0,0,0,0,0,0,1,6,6,3,-1,-1,-1,-1,-1,-1,-1,-1,0,-1
2021421070551,2021,421070551,1,9,0,9,9,5,1,0,0,0,0,0,0,0,3,1,6,6,3,-1,-1,-1,-1,-1,-1,-1,-1,0,-1
202134WNC2031,2021,34WNC2031,2,9,0,18,19,7,3,0,0,2,0,0,0,0,1,1,6,6,2,58,9,-1,-1,-1,-1,-1,-1,0,-1
2021332101565,2021,332101565,3,9,0,18,19,5,1,0,0,0,0,0,0,0,0,1,6,6,1,38,7,-1,-1,-1,-1,-1,-1,0,-1
2021052101468,2021,052101468,1,1,0,18,19,6,2,0,0,0,0,0,0,0,1,1,6,6,1,24,5,-1,-1,-1,-1,5,E01006491,0,-1
2021501065545,2021,501065545,2,9,0,18,19,3,7,0,0,8,0,0,0,0,1,1,5,6,1,66,10,-1,-1,-1,-1,5,E01018779,0,-1
2021010316176,2021,010316176,2,19,0,5,5,2,6,0,0,1,0,0,0,0,2,1,6,6,3,-1,-1,-1,-1,-1,-1,-1,-1,0,-1
2021131067316,2021,131067316,2,1,0,9,9,7,1,0,0,8,0,0,0,0,1,1,5,6,1,52,8,-1,-1,-1,-1,10,E01010694,0,-1
2021141080797,2021,141080797,2,1,0,11,11,5,1,0,0,0,5,0,0,0,2,1,6,6,1,33,6,-1,-1,-1,-1,3,E01007322,0,-1
2021552100538,2021,552100538,1,9,0,18,19,3,7,0,0,0,0,4,1,11,4,1,6,6,1,37,7,-1,-1,-1,-1,7,E01016285,0,-1
2021101092243,2021,101092243,2,1,0,18,19,5,1,9,9,1,0,0,0,0,1,1,5,6,2,18,4,-1,-1,-1,-1,-1,-1,0,-1
2021430353099,2021,430353099,1,98,0,12,12,1,5,0,0,8,0,0,0,0,3,1,6,6,3,-1,-1,-1,-1,-1,-1,-1,-1,0,-1
2021010300455,2021,010300455,2,1,0,18,19,8,4,4,4,1,1,0,0,0,1,1,2,2,1,34,6,-1,-1,-1,-1,5,E01004021,0,-1
202131C076321,2021,31C076321,2,1,0,18,19,2,6,0,0,1,0,0,0,0,3,1,6,6,1,24,5,-1,-1,-1,-1,1,E01027930,0,-1
202163C016021,2021,63C016021,2,9,0,4,4,6,4,0,0,8,0,0,0,0,2,1,6,6,2,55,8,-1,-1,-1,-1,8,W01000557,0,-1
2021061047863,2021,061047863,1,90,0,5,5,2,6,0,0,1,0,0,0,0,1,1,6,6,3,30,6,-1,-1,-1,-1,-1,-1,0,-1
2021010288284,2021,010288284,1,1,9,99,99,9,9,99,99,9,9,99,9,99,9,1,6,6,2,47,8,-1,-1,-1,-1,9,E01003837,0,-1
2021010343595,2021,010343595,2,1,9,99,99,9,9,99,99,9,9,99,9,99,9,1,6,6,1,-1,-1,-1,-1,-1,-1,-1,-1,0,-1
2021010294687,2021,010294687,1,1,9,99,99,9,9,99,99,1,9,99,9,99,9,1,2,2,1,35,6,-1,-1,-1,-1,9,E01004504,0,-1
2021010320663,2021,010320663,3,1,0,18,19,7,3,0,0,1,0,0,0,0,0,1,6,6,1,36,7,-1,-1,-1,-1,3,E01003532,0,-1
2021052100875,2021,052100875,2,1,0,18,19,7,3,0,0,8,0,0,0,0,1,1,4,7,1,12,3,-1,-1,-1,-1,4,E01006959,0,-1
2021991040736,2021,991040736,2,1,0,18,19,5,1,0,0,1,1,0,0,0,0,1,5,6,1,63,9,-1,-1,-1,-1,10,-1,0,-1
2021010338046,2021,010338046,2,1,0,9,9,1,7,0,0,1,0,0,0,0,1,1,6,6,1,33,6,-1,-1,-1,-1,4,E01002699,0,-1
2021010300573,2021,010300573,2,1,0,18,19,5,1,0,0,8,0,0,1,0,3,1,2,2,2,30,6,-1,-1,-1,-1,8,E01004292,0,-1
2021010330615,2021,010330615,1,1,9,99,99,9,9,99,99,9,9,99,9,99,2,1,2,2,1,57,9,-1,-1,-1,-1,8,E01004160,0,-1
2021052100593,2021,052100593,1,9,0,18,19,2,6,0,0,8,0,0,0,0,1,1,6,6,1,40,7,-1,-1,-1,-1,6,E01006900,0,-1
2021991101579,2021,991101579,2,1,0,18,19,5,1,0,0,1,0,0,0,0,1,1,1,1,1,25,5,-1,-1,-1,-1,10,-1,0,-1
2021351101454,2021,351101454,1,9,0,18,19,3,7,0,0,4,0,0,0,0,1,1,6,6,1,-1,-1,-1,-1,-1,-1,-1,-1,0,-1
202160Z143143,2021,60Z143143,1,9,0,10,10,2,4,0,0,1,0,0,0,0,2,1,6,6,2,40,7,-1,-1,-1,-1,-1,-1,0,-1
2021010342798,2021,010342798,2,9,0,99,99,9,9,99,99,9,9,99,9,99,9,9,6,6,3,-1,-1,-1,-1,-1,-1,-1,-1,0,-1
2021302101787,2021,302101787,1,1,0,18,19,4,2,4,4,8,0,0,1,0,3,1,6,6,1,45,7,-1,-1,-1,-1,6,E01013528,0,-1
202160Z011345,2021,60Z011345,4,9,0,4,4,1,5,0,0,0,0,0,0,0,3,1,6,6,2,27,6,-1,-1,-1,-1,-1,-1,0,-1
2021201044031,2021,201044031,1,9,0,18,19,5,1,0,0,0,0,0,0,0,1,1,6,6,1,29,6,-1,-1,-1,-1,3,W01000405,0,-1
2021010287353,2021,010287353,1,9,0,18,19,7,3,0,0,2,0,0,0,0,1,1,6,6,3,-1,-1,-1,-1,-1,-1,-1,-1,0,-1
2021201093445,2021,201093445,2,9,0,18,19,8,4,0,0,8,0,0,0,0,1,1,5,6,1,30,6,-1,-1,-1,-1,6,E01009520,0,-1
2021440517005,2021,440517005,1,-1,0,18,19,7,3,0,0,0,0,0,0,0,0,1,6,6,1,22,5,-1,-1,-1,-1,4,E01022953,1,-1
2021141095234,2021,141095234,2,9,0,4,4,1,5,0,0,5,0,0,0,0,1,1,1,1,1,57,9,-1,-1,-1,-1,5,E01007505,0,-1
2021552100797,2021,552100797,2,1,0,18,19,2,6,0,0,0,0,0,0,0,2,1,6,6,2,36,7,-1,-1,-1,-1,7,E01023863,0,-1
2021451075200,2021,451075200,1,9,0,18,19,7,3,0,0,0,1,0,0,0,1,1,1,1,1,28,6,-1,-1,-1,-1,8,E01021129,0,-1
2021041116365,2021,041116365,2,98,0,18,19,4,8,0,0,0,0,0,0,0,2,1,2,2,1,54,8,-1,-1,-1,-1,1,E01025574,0,-1
2021122101317,2021,122101317,1,1,0,14,14,7,3,0,0,1,1,0,0,0,0,1,6,6,2,60,9,-1,-1,-1,-1,9,E01027919,0,-1
2021061120513,2021,061120513,1,-1,0,18,19,4,7,9,9,0,0,0,0,0,-1,1,6,6,1,-1,-1,-1,-1,-1,-1,1,E01005107,1,-1
2021332100050,2021,332100050,1,9,0,18,19,7,3,0,0,1,0,0,0,0,1,1,6,6,1,36,7,-1,-1,-1,-1,4,E01013758,0,-1
2021461021892,2021,461021892,2,19,0,18,19,3,7,0,0,0,0,0,0,0,0,1,6,6,1,-1,-1,-1,-1,-1,-1,-1,-1,0,-1
2021471013018,2021,471013018,2,-1,0,18,19,6,2,0,0,0,0,0,0,0,4,1,6,6,1,15,3,-1,-1,-1,-1,7,E01031567,1,-1
2021531094379,2021,531094379,1,9,0,18,19,7,3,0,0,1,0,0,0,0,1,1,2,2,1,30,6,-1,-1,-1,-1,6,E01022249,0,-1
2021332100558,2021,332100558,1,9,0,18,19,3,7,0,0,6,1,0,0,0,1,1,2,2,1,23,5,-1,-1,-1,-1,7,E01025911,0,-1
202160Z075007,2021,60Z075007,1,9,0,18,19,1,5,0,0,0,1,0,0,0,4,1,6,6,1,18,4,-1,-1,-1,-1,-1,-1,0,-1
2021430201775,2021,430201775,1,19,0,18,19,6,2,0,0,1,0,0,0,0,1,1,2,2,1,-1,-1,-1,-1,-1,-1,-1,-1,0,-1
2021430241795,2021,430241795,2,1,0,18,19,4,8,0,0,0,0,0,0,0,3,1,6,6,1,18,4,-1,-1,-1,-1,8,E01017683,0,-1
2021332100176,2021,332100176,2,19,0,9,9,2,6,0,0,2,0,0,0,0,1,1,1,1,1,33,6,-1,-1,-1,-1,-1,-1,0,-1
2021010296111,2021,010296111,1,9,0,13,13,3,7,0,0,0,1,0,1,0,1,1,6,6,1,31,6,-1,-1,-1,-1,-1,-1,0,-1
2021501031968,2021,501031968,2,1,0,18,19,2,6,0,0,8,0,0,0,0,3,1,5,6,1,40,7,-1,-1,-1,-1,6,E01018852,0,-1
2021451160434,2021,451160434,2,9,0,18,19,3,7,0,0,0,0,0,0,0,1,1,6,6,2,46,8,-1,-1,-1,-1,8,E01030556,0,-1
2021610026121,2021,610026121,2,9,0,9,9,1,8,0,0,1,0,0,0,0,1,1,6,6,1,23,5,-1,-1,-1,-1,-1,-1,0,-1
2021041121900,2021,041121900,2,1,0,18,19,3,7,0,0,1,0,0,0,0,0,1,6,6,2,59,9,-1,-1,-1,-1,7,E01025029,0,-1
2021440270863,2021,440270863,1,1,0,7,7,1,5,0,0,0,1,0,0,0,1,1,6,6,1,62,9,-1,-1,-1,-1,7,E01017114,0,-1
2021010350628,2021,010350628,2,9,0,99,99,9,9,99,99,9,9,99,9,99,1,9,6,6,3,-1,-1,-1,-1,-1,-1,-1,-1,0,-1
2021010304003,2021,010304003,1,1,9,99,99,9,9,99,99,9,9,99,9,99,9,1,2,2,1,27,6,-1,-1,-1,-1,4,E01003452,0,-1
2021010332362,2021,010332362,1,1,0,18,19,1,5,9,9,1,0,11,0,0,1,1,6,6,1,36,7,-1,-1,-1,-1,6,E01000881,0,-1
2021430178653,2021,430178653,1,9,0,18,19,8,4,0,0,0,0,0,7,0,3,1,6,6,1,69,10,-1,-1,-1,-1,10,E01016387,0,-1
2021131061027,2021,131061027,1,1,0,5,5,3,7,0,0,2,0,0,0,0,3,1,5,6,1,21,5,-1,-1,-1,-1,1,E01010666,0,-1
2021451084272,2021,451084272,1,1,0,18,19,7,3,0,0,1,0,0,0,0,1,1,5,6,1,25,5,-1,-1,-1,-1,9,E01003360,0,-1
2021010347942,2021,010347942,1,9,0,9,9,3,8,0,0,0,0,0,0,0,1,1,6,6,3,-1,-1,-1,-1,-1,-1,-1,-1,0,-1
2021351064259,2021,351064259,1,1,0,18,19,3,7,0,0,1,0,0,0,0,1,1,6,6,1,18,4,-1,-1,-1,-1,9,E01018231,0,-1
2021501049935,2021,501049935,2,1,0,18,19,7,3,9,9,0,0,0,0,0,1,1,2,2,1,39,7,-1,-1,-1,-1,8,E01020035,0,-1
2021010295406,2021,010295406,1,1,9,99,99,9,9,99,99,9,9,99,9,99,9,1,6,6,3,-1,-1,-1,-1,-1,-1,-1,-1,0,-1
2021070201708,2021,070201708,1,19,0,18,19,5,1,0,0,0,0,0,0,0,2,1,1,1,1,48,8,-1,-1,-1,-1,1,E01005285,0,-1
2021361117721,2021,361117721,2,1,0,18,19,1,5,0,0,8,0,0,0,0,1,1,6,6,1,16,4,-1,-1,-1,-1,2,E01026829,0,-1
2021991052617,2021,991052617,1,1,0,18,19,6,2,0,0,8,0,0,0,0,1,1,6,6,1,15,3,-1,-1,-1,-1,2,-1,0,-1
2021010329566,2021,010329566,2,1,0,18,19,1,5,0,0,0,0,0,0,0,1,1,6,6,1,21,5,-1,-1,-1,-1,-1,-1,0,-1
2021501105812,2021,501105812,3,9,0,8,8,1,3,0,0,6,0,0,0,0,0,1,6,6,3,-1,-1,-1,-1,-1,-1,-1,-1,0,-1
2021991101632,2021,991101632,2,1,0,18,19,6,2,0,0,1,1,0,0,0,1,1,6,6,1,47,8,-1,-1,-1,-1,10,-1,0,-1
2021010310498,2021,010310498,2,1,0,15,15,3,7,0,0,8,0,0,0,0,1,1,2,2,1,20,4,-1,-1,-1,-1,6,E01003272,0,-1
2021010304592,2021,010304592,2,1,0,16,19,1,5,9,9,6,0,0,0,0,1,1,1,1,1,26,6,-1,-1,-1,-1,2,E01002054,0,-1
2021332100783,2021,332100783,1,9,0,16,19,7,2,0,0,0,2,0,7,10,1,1,6,6,1,33,6,-1,-1,-1,-1,4,E01025907,0,-1
2021501071877,2021,501071877,3,9,0,1,1,0,0,0,0,0,0,0,0,0,0,1,6,6,2,49,8,-1,-1,-1,-1,4,E01000591,0,-1
2021010295382,2021,010295382,2,1,0,5,5,1,5,0,0,6,0,0,1,10,3,1,6,6,2,34,6,-1,-1,-1,-1,6,E01003100,0,-1
2021411102621,2021,411102621,2,1,0,18,19,3,7,0,0,5,0,0,0,0,4,1,2,2,1,57,9,-1,-1,-1,-1,10,E01023668,0,-1
202134WNC0571,2021,34WNC0571,3,19,0,18,19,5,1,0,0,0,0,0,0,0,1,1,1,1,1,44,7,-1,-1,-1,-1,10,E01023454,0,-1
2021052200022,2021,052200022,1,8,0,1,1,9,9,0,0,0,0,0,0,0,2,1,1,1,3,-1,-1,-1,-1,-1,-1,-1,-1,0,-1
2021471083888,2021,471083888,2,1,0,18,19,3,7,0,0,1,0,0,0,0,3,1,5,6,1,60,9,-1,-1,-1,-1,2,E01016975,0,-1
2021052101103,2021,052101103,1,3,0,18,19,7,3,0,0,0,0,0,0,0,1,1,6,6,1,33,6,-1,-1,-1,-1,2,E01007218,0,-1
2021010341028,2021,010341028,1,1,9,99,99,9,9,99,99,9,9,99,9,99,1,1,1,1,1,23,5,-1,-1,-1,-1,2,E01002049,0,-1
2021010297070,2021,010297070,1,1,9,99,99,9,9,99,99,9,9,99,9,99,9,1,6,6,1,25,5,-1,-1,-1,-1,5,E01003955,0,-1
2021010337655,2021,010337655,2,1,0,18,19,1,5,0,0,0,0,0,0,0,4,1,2,2,1,42,7,-1,-1,-1,-1,2,E01002087,0,-1
202160Z061266,2021,60Z061266,1,9,0,18,19,1,5,0,0,1,0,0,0,0,1,1,1,1,1,37,7,-1,-1,-1,-1,-1,-1,0,-1
2021041064596,2021,041064596,2,1,0,18,19,7,3,0,0,4,0,0,0,0,4,1,5,6,1,54,8,-1,-1,-1,-1,2,E01012625,0,-1
2021461126926,2021,461126926,2,22,0,18,19,3,7,0,0,0,0,0,0,0,3,1,6,6,1,79,11,-1,-1,-1,-1,7,E01024813,0,-1
2021201105950,2021,201105950,2,1,0,5,5,6,8,0,0,4,0,0,0,0,3,1,6,6,1,74,10,-1,-1,-1,-1,1,E01009122,0,-1