collision_index,collision_year,collision_ref_no,vehicle_reference,vehicle_type,towing_and_articulation,vehicle_manoeuvre_historic,vehicle_manoeuvre,vehicle_direction_from,vehicle_direction_to,vehicle_location_restricted_lane_historic,vehicle_location_restricted_lane,junction_location,skidding_and_overturning,hit_object_in_carriageway,vehicle_leaving_carriageway,hit_object_off_carriageway,first_point_of_impact,vehicle_left_hand_drive,journey_purpose_of_driver_historic,journey_purpose_of_driver,sex_of_driver,age_of_driver,age_band_of_driver,engine_capacity_cc,propulsion_code,age_of_vehicle,generic_make_model,driver_imd_decile,lsoa_of_driver,escooter_flag,driver_distance_banding
2021351033324,2021,351033324,2,1,0,9,9,-1,-1,0,0,0,1,0,0,0,1,1,6,6,3,-1,-1,-1,-1,-1,-1,-1,-1,0,-1
2021440472025,2021,440472025,1,1,0,9,9,3,1,0,0,8,0,0,0,0,1,1,6,6,2,45,7,-1,-1,-1,-1,5,E01017025,0,-1
2021361077267,2021,361077267,1,9,0,18,19,-1,-1,0,0,0,0,0,0,0,4,1,6,6,1,70,10,-1,-1,-1,-1,-1,-1,0,-1
2021440376933,2021,440376933,1,-1,0,18,19,2,6,0,0,1,0,0,0,0,1,1,6,6,1,22,5,-1,-1,-1,-1,4,E01017022,1,-1
2021111022345,2021,111022345,2,1,0,18,19,1,5,0,0,8,0,0,0,0,1,1,6,6,1,45,7,-1,-1,-1,-1,2,E01020734,0,-1
2021430492553,2021,430492553,2,-1,0,18,19,2,6,5,5,0,0,0,0,0,1,1,1,1,1,19,4,-1,-1,-1,-1,3,E01028516,1,-1
2021522102247,2021,522102247,2,2,0,18,19,4,8,0,0,8,0,0,0,0,1,1,6,6,1,20,4,-1,-1,-1,-1,1,E01014580,0,-1
2021010316999,2021,010316999,1,9,0,5,5,6,2,0,0,2,0,0,0,0,3,1,2,2,2,25,5,-1,-1,-1,-1,5,E01003945,0,-1
202131B071621,2021,31B071621,2,1,0,18,19,7,3,0,0,8,0,0,0,0,4,1,6,6,1,57,9,-1,-1,-1,-1,9,E01028222,0,-1
2021010313072,2021,010313072,1,1,0,18,19,7,3,0,0,8,0,0,0,0,1,1,6,6,1,31,6,-1,-1,-1,-1,4,E01000229,0,-1
2021221038328,2021,221038328,1,1,0,17,19,2,7,0,0,0,0,0,0,0,1,1,5,6,1,30,6,-1,-1,-1,-1,1,E01032245,0,-1
2021421107580,2021,421107580,1,9,0,18,19,4,8,0,0,0,0,0,0,0,4,1,6,6,3,51,8,-1,-1,-1,-1,-1,-1,0,-1
2021991098146,2021,991098146,1,1,0,18,19,5,1,9,9,1,0,0,0,0,1,1,5,6,1,15,3,-1,-1,-1,-1,10,-1,0,-1
2021421063540,2021,421063540,1,9,0,9,9,3,1,0,0,3,0,0,0,0,1,1,6,6,2,-1,-1,-1,-1,-1,-1,-1,-1,0,-1
2021332100833,2021,332100833,1,9,0,9,9,5,3,0,0,6,0,0,0,0,1,1,2,2,2,36,7,-1,-1,-1,-1,4,E01025727,0,-1
2021531055123,2021,531055123,2,1,0,18,19,1,5,0,0,1,0,0,0,0,1,1,5,6,1,49,8,-1,-1,-1,-1,7,E01028776,0,-1
2021041096003,2021,041096003,2,9,0,18,19,5,1,0,0,8,0,0,0,0,3,1,6,6,3,-1,-1,-1,-1,-1,-1,-1,-1,0,-1
2021201076686,2021,201076686,1,9,0,18,19,2,6,0,0,0,0,0,0,0,4,1,6,6,2,-1,-1,-1,-1,-1,-1,-1,-1,0,-1
202106F078742,2021,06F078742,2,9,0,18,19,3,7,0,0,1,0,0,0,0,1,1,6,6,3,30,6,-1,-1,-1,-1,-1,-1,0,-1
2021010341223,2021,010341223,1,1,9,99,99,9,9,99,99,9,9,99,9,99,9,1,6,6,1,22,5,-1,-1,-1,-1,4,E01001618,0,-1
2021010331684,2021,010331684,2,9,0,99,99,9,9,99,99,9,9,99,9,99,9,9,6,6,3,-1,-1,-1,-1,-1,-1,-1,-1,0,-1
2021610025321,2021,610025321,1,19,0,1,1,7,8,0,0,6,0,0,0,0,1,1,6,6,1,33,6,-1,-1,-1,-1,-1,-1,0,-1
2021552100269,2021,552100269,2,1,0,18,19,3,7,0,0,8,0,0,0,0,4,1,6,6,2,43,7,-1,-1,-1,-1,9,E01015463,0,-1
2021332101580,2021,332101580,2,9,0,18,19,5,1,0,0,0,0,0,0,0,0,1,6,6,1,80,11,-1,-1,-1,-1,-1,-1,0,-1
2021170L50831,2021,170L50831,1,9,0,16,19,6,2,0,0,0,0,0,0,0,1,1,6,6,1,48,8,-1,-1,-1,-1,3,E01012137,0,-1
2021010330860,2021,010330860,1,1,9,99,99,9,9,99,99,9,9,99,9,99,9,1,2,2,1,23,5,-1,-1,-1,-1,3,E01004064,0,-1
2021471074662,2021,471074662,2,1,0,18,19,6,2,0,0,1,0,0,0,0,2,1,2,2,1,19,4,-1,-1,-1,-1,8,E01021040,0,-1
2021461020817,2021,461020817,1,9,0,18,19,2,6,0,0,0,1,0,0,0,0,1,2,2,2,27,6,-1,-1,-1,-1,6,E01024250,0,-1
2021610008621,2021,610008621,1,9,0,18,19,4,8,0,0,0,0,4,0,0,1,1,6,6,1,44,7,-1,-1,-1,-1,-1,-1,0,-1
2021361060039,2021,361060039,4,1,0,18,19,4,8,0,0,8,0,0,0,0,3,1,5,6,1,48,8,-1,-1,-1,-1,2,E01018091,0,-1
2021411060239,2021,411060239,2,1,0,18,19,7,3,0,0,8,0,0,0,0,1,1,6,6,1,34,6,-1,-1,-1,-1,7,E01023618,0,-1
2021991044882,2021,991044882,2,9,0,18,19,3,7,0,0,0,0,0,0,0,1,1,1,1,1,45,7,-1,-1,-1,-1,2,-1,0,-1
2021010294595,2021,010294595,2,1,9,99,99,9,9,99,99,9,9,99,9,99,9,1,6,6,1,52,8,-1,-1,-1,-1,-1,-1,0,-1
2021201144747,2021,201144747,2,9,0,18,19,-1,-1,0,0,0,0,0,0,0,1,1,6,6,2,-1,-1,-1,-1,-1,-1,-1,-1,0,-1
202160Z040834,2021,60Z040834,2,9,0,5,5,8,4,0,0,8,0,0,0,0,1,1,6,6,2,21,5,-1,-1,-1,-1,-1,-1,0,-1
2021041072200,2021,041072200,2,1,0,12,12,1,5,4,4,0,0,0,0,0,1,1,5,6,1,30,6,-1,-1,-1,-1,6,E01024921,0,-1
2021332100425,2021,332100425,1,9,0,5,5,1,5,0,0,8,0,0,0,0,1,1,6,6,2,26,6,-1,-1,-1,-1,3,E01025697,0,-1
2021351098949,2021,351098949,1,1,0,18,19,7,3,0,0,1,0,0,0,0,1,1,2,2,2,35,6,-1,-1,-1,-1,9,E01015598,0,-1
202134WNC0421,2021,34WNC0421,1,9,0,18,19,1,5,0,0,4,0,0,0,0,1,1,6,6,1,24,5,-1,-1,-1,-1,8,E01016759,0,-1
2021010351374,2021,010351374,2,1,0,18,19,7,3,0,0,0,0,4,0,0,1,1,6,6,1,64,9,-1,-1,-1,-1,2,E01000935,0,-1
2021161038434,2021,161038434,2,1,0,18,19,7,3,0,0,8,0,0,0,0,4,1,5,6,1,16,4,-1,-1,-1,-1,-1,-1,0,-1
2021991018036,2021,991018036,1,1,0,18,19,5,1,9,9,1,0,0,0,0,3,1,5,6,1,49,8,-1,-1,-1,-1,3,-1,0,-1
2021552200218,2021,552200218,2,1,0,18,19,8,6,0,0,8,0,0,0,0,1,1,2,2,1,30,6,-1,-1,-1,-1,3,E01015289,0,-1
2021610004621,2021,610004621,1,9,0,18,19,7,3,0,0,2,0,0,0,0,1,1,6,6,2,36,7,-1,-1,-1,-1,-1,-1,0,-1
2021031028925,2021,031028925,1,3,0,18,19,8,4,0,0,2,0,0,0,0,1,1,5,6,2,17,4,-1,-1,-1,-1,9,E01019250,0,-1
2021991073546,2021,991073546,1,9,0,9,9,4,1,0,0,8,0,0,0,0,1,1,1,1,1,45,7,-1,-1,-1,-1,3,-1,0,-1
2021101117931,2021,101117931,1,9,0,18,19,3,7,0,0,0,0,0,0,0,3,1,6,6,3,-1,-1,-1,-1,-1,-1,-1,-1,0,-1
2021010319610,2021,010319610,2,9,0,99,99,9,9,99,99,9,9,99,9,99,9,9,6,6,3,-1,-1,-1,-1,-1,-1,-1,-1,0,-1
20211383A0669,2021,1383A0669,1,9,0,18,19,7,3,0,0,0,0,0,0,0,4,1,6,6,3,-1,-1,-1,-1,-1,-1,-1,-1,0,-1
2021461022361,2021,461022361,2,9,0,2,2,0,0,0,0,1,0,0,0,0,2,1,1,1,2,-1,-1,-1,-1,-1,-1,5,E01024673,0,-1
202154A612421,2021,54A612421,2,1,0,9,9,5,3,0,0,1,0,0,0,0,1,1,6,6,1,18,4,-1,-1,-1,-1,2,E01015537,0,-1
2021101086533,2021,101086533,1,9,0,18,19,3,7,0,0,0,0,0,0,0,2,1,6,6,3,18,4,-1,-1,-1,-1,-1,-1,0,-1
2021991026159,2021,991026159,1,5,0,16,19,8,4,0,0,0,5,0,7,0,4,1,5,6,1,27,6,-1,-1,-1,-1,10,-1,0,-1
2021010339380,2021,010339380,2,-1,0,18,19,3,7,1,1,2,0,0,0,0,3,1,6,6,1,17,4,-1,-1,-1,-1,4,E01001167,1,-1
2021430480967,2021,430480967,2,1,0,18,19,8,4,0,0,0,0,0,0,0,2,1,6,6,1,70,10,-1,-1,-1,-1,7,E01028732,0,-1
2021010341647,2021,010341647,2,1,0,4,4,1,5,0,0,0,0,0,0,0,1,1,6,6,2,35,6,-1,-1,-1,-1,4,E01001855,0,-1
2021052102224,2021,052102224,2,1,0,9,9,5,3,0,0,1,0,0,0,0,3,1,1,1,1,15,3,-1,-1,-1,-1,7,E01007104,0,-1
2021010313789,2021,010313789,1,9,0,5,5,0,3,0,0,0,0,0,0,0,1,1,2,2,1,42,7,-1,-1,-1,-1,1,E01002842,0,-1
2021361077856,2021,361077856,2,1,0,18,19,6,2,0,0,1,0,0,0,0,4,1,6,6,1,38,7,-1,-1,-1,-1,10,E01026852,0,-1
2021461066803,2021,461066803,1,98,-1,18,19,7,3,0,0,0,0,0,0,0,1,1,6,6,1,-1,-1,-1,-1,-1,-1,-1,-1,0,-1
2021101082604,2021,101082604,2,9,0,17,19,5,1,0,0,0,0,0,0,0,1,1,5,6,1,73,10,-1,-1,-1,-1,1,E01027540,0,-1
2021201056730,2021,201056730,1,9,0,18,19,-1,-1,0,0,0,0,0,0,0,1,1,6,6,3,-1,-1,-1,-1,-1,-1,-1,-1,0,-1
2021201078254,2021,201078254,2,9,0,5,5,1,5,0,0,1,0,0,0,0,2,1,6,6,1,-1,-1,-1,-1,-1,-1,-1,-1,0,-1
2021461075098,2021,461075098,2,1,-1,18,19,-1,-1,0,0,0,-1,-1,-1,0,-1,1,6,6,1,-1,-1,-1,-1,-1,-1,-1,-1,0,-1
2021122100052,2021,122100052,2,9,0,1,1,7,3,0,0,0,0,4,0,0,4,1,6,6,1,28,6,-1,-1,-1,-1,1,E01012059,0,-1
2021041032137,2021,041032137,3,9,0,2,2,5,1,6,6,0,0,0,0,0,0,1,6,6,3,-1,-1,-1,-1,-1,-1,-1,-1,0,-1
2021010341024,2021,010341024,2,1,0,18,19,5,1,0,0,8,0,0,0,0,1,1,2,2,2,27,6,-1,-1,-1,-1,3,E01004590,0,-1
2021010322233,2021,010322233,3,9,0,3,3,5,1,0,0,1,0,0,0,0,0,1,1,1,2,22,5,-1,-1,-1,-1,3,E01001327,0,-1
2021520106271,2021,520106271,3,21,0,18,19,2,6,0,0,0,0,0,0,0,1,1,6,6,1,49,8,-1,-1,-1,-1,4,E01029281,0,-1
2021010309597,2021,010309597,2,9,0,99,99,9,9,99,99,9,9,99,9,99,1,9,6,6,3,-1,-1,-1,-1,-1,-1,-1,-1,0,-1
2021320042288,2021,320042288,1,9,0,18,19,8,4,0,0,4,0,0,1,1,1,1,2,2,1,37,7,-1,-1,-1,-1,2,E01026006,0,-1
2021501019903,2021,501019903,1,9,0,18,19,5,1,0,0,0,0,0,0,0,1,1,5,6,1,55,8,-1,-1,-1,-1,5,E01018920,0,-1
202163A004221,2021,63A004221,2,19,0,18,19,4,8,0,0,0,0,0,1,10,3,1,6,6,1,64,9,-1,-1,-1,-1,8,W01000892,0,-1
2021522104873,2021,522104873,1,-1,0,18,19,1,5,0,0,8,0,0,0,0,1,1,6,6,1,33,6,-1,-1,-1,-1,2,E01033352,1,-1
2021010291321,2021,010291321,1,1,9,99,99,9,9,99,99,0,9,99,9,99,9,1,6,6,1,18,4,-1,-1,-1,-1,2,E01004306,0,-1
2021052100062,2021,052100062,2,1,0,18,19,8,4,0,0,0,0,4,0,0,3,1,6,6,1,17,4,-1,-1,-1,-1,1,E01007127,0,-1
2021141036466,2021,141036466,1,98,0,18,19,1,5,0,0,0,0,0,0,0,0,1,6,6,3,-1,-1,-1,-1,-1,-1,-1,-1,0,-1
2021552101307,2021,552101307,1,9,0,11,11,2,6,0,0,0,0,0,0,0,4,1,6,6,1,35,6,-1,-1,-1,-1,5,E01020469,0,-1
2021461081075,2021,461081075,2,90,0,18,19,3,7,0,0,1,0,0,0,0,4,1,1,1,1,46,8,-1,-1,-1,-1,4,E01024541,0,-1
2021010348332,2021,010348332,1,1,9,99,99,9,9,99,99,9,9,99,9,99,9,1,6,6,1,53,8,-1,-1,-1,-1,7,E01000295,0,-1
2021052102897,2021,052102897,1,8,0,18,19,3,7,0,0,0,0,0,0,0,1,1,6,6,1,-1,-1,-1,-1,-1,-1,-1,-1,0,-1
2021211067883,2021,211067883,2,22,0,18,19,3,7,0,0,8,1,0,0,0,3,1,5,6,1,20,4,-1,-1,-1,-1,1,E01014269,0,-1
2021170L31131,2021,170L31131,1,1,0,18,19,3,7,0,0,6,0,0,0,0,1,1,6,6,1,11,3,-1,-1,-1,-1,5,E01012144,0,-1
2021501045111,2021,501045111,1,9,3,6,6,5,2,0,0,1,0,0,0,0,1,1,5,6,1,37,7,-1,-1,-1,-1,5,E01031190,0,-1
2021552101341,2021,552101341,2,1,0,18,19,7,4,0,0,0,0,0,0,0,4,1,6,6,1,18,4,-1,-1,-1,-1,3,E01015287,0,-1
2021211146073,2021,211146073,2,1,0,18,19,3,7,0,0,0,0,0,0,0,4,1,4,7,1,14,3,-1,-1,-1,-1,4,E01029783,0,-1
2021131127329,2021,131127329,2,9,0,18,19,7,3,0,0,1,0,0,0,0,1,1,6,6,3,-1,-1,-1,-1,-1,-1,-1,-1,0,-1
2021520105814,2021,520105814,1,9,0,18,19,5,1,0,0,8,0,0,0,0,1,1,6,6,1,50,8,-1,-1,-1,-1,7,E01020539,0,-1
202106Q079423,2021,06Q079423,2,9,0,3,3,1,5,0,0,8,0,0,0,0,2,1,6,6,1,44,7,-1,-1,-1,-1,2,E01005323,0,-1
2021010336173,2021,010336173,4,19,0,18,19,1,5,0,0,0,0,0,0,0,1,1,6,6,1,26,6,-1,-1,-1,-1,4,E01001406,0,-1
2021010330097,2021,010330097,1,1,9,99,99,9,9,99,99,0,9,99,9,99,9,1,2,2,2,40,7,-1,-1,-1,-1,6,E01001160,0,-1
2021010301103,2021,010301103,2,19,0,99,99,9,9,99,99,0,9,99,9,99,1,9,6,6,3,-1,-1,-1,-1,-1,-1,-1,-1,0,-1
2021010315663,2021,010315663,1,19,0,99,99,9,9,99,99,8,0,0,0,0,9,9,6,6,3,-1,-1,-1,-1,-1,-1,-1,-1,0,-1
2021471092686,2021,471092686,1,9,0,18,19,4,8,0,0,1,0,0,0,0,1,1,6,6,2,44,7,-1,-1,-1,-1,10,E01020940,0,-1
2021547459621,2021,547459621,1,19,0,18,19,1,3,0,0,0,0,0,0,0,0,1,6,6,3,-1,-1,-1,-1,-1,-1,-1,-1,0,-1
2021161030386,2021,161030386,2,9,0,18,19,1,5,0,0,1,0,0,-1,0,-1,1,6,6,3,-1,-1,-1,-1,-1,-1,-1,-1,0,-1
2021430115205,2021,430115205,1,1,0,18,19,1,5,0,0,8,0,0,0,0,1,1,2,2,1,26,6,-1,-1,-1,-1,5,E01017913,0,-1
2021451027653,2021,451027653,2,9,0,18,19,7,1,0,0,2,0,0,0,0,0,1,6,6,3,30,6,-1,-1,-1,-1,-1,-1,0,-1
2021991084033,2021,991084033,1,-1,0,18,19,8,4,0,0,1,0,0,0,0,3,1,6,6,1,35,6,-1,-1,-1,-1,2,-1,1,-1
2021010292656,2021,010292656,2,9,0,99,99,9,9,99,99,9,9,99,9,99,9,9,6,6,3,-1,-1,-1,-1,-1,-1,-1,-1,0,-1
2021451110700,2021,451110700,2,1,0,17,19,2,5,0,0,3,0,0,0,0,2,1,6,6,1,50,8,-1,-1,-1,-1,-1,-1,0,-1
2021610014721,2021,610014721,1,9,0,18,19,7,3,0,0,0,0,0,0,0,3,1,6,6,2,17,4,-1,-1,-1,-1,-1,-1,0,-1
202134WNC6241,2021,34WNC6241,2,9,0,18,19,4,8,0,0,0,0,0,0,0,2,1,2,2,1,50,8,-1,-1,-1,-1,7,E01027262,0,-1
2021141109536,2021,141109536,2,90,0,18,19,8,4,0,0,8,0,0,0,0,2,1,6,6,3,-1,-1,-1,-1,-1,-1,-1,-1,0,-1
2021302100048,2021,302100048,2,9,0,5,5,6,2,0,0,0,0,0,0,0,1,1,1,1,1,41,7,-1,-1,-1,-1,4,E01033171,0,-1
2021010330697,2021,010330697,1,1,0,18,19,1,5,99,99,6,0,0,0,0,1,1,2,2,1,36,7,-1,-1,-1,-1,8,E01002321,0,-1
2021010322833,2021,010322833,1,3,0,13,13,3,7,2,2,1,0,0,0,0,1,1,1,1,1,30,6,-1,-1,-1,-1,4,E01000534,0,-1
2021522102478,2021,522102478,2,90,0,3,3,2,6,0,0,8,0,0,0,0,1,1,6,6,1,18,4,-1,-1,-1,-1,1,E01014638,0,-1
2021141018058,2021,141018058,2,1,0,18,19,2,6,0,0,1,0,0,0,0,1,1,6,6,1,49,8,-1,-1,-1,-1,9,E01007624,0,-1
2021052100343,2021,052100343,1,10,0,18,19,2,6,0,0,0,0,0,0,0,1,1,1,1,2,-1,-1,-1,-1,-1,-1,-1,-1,0,-1
20211383I1720,2021,1383I1720,1,9,0,1,1,5,1,0,0,0,0,0,0,0,2,1,6,6,3,-1,-1,-1,-1,-1,-1,-1,-1,0,-1
2021421064718,2021,421064718,2,9,0,18,19,5,1,0,0,8,0,0,0,0,1,1,2,2,1,31,6,-1,-1,-1,-1,4,E01002299,0,-1
2021010335995,2021,010335995,1,97,0,18,19,5,1,0,0,2,0,0,0,0,1,1,6,6,3,-1,-1,-1,-1,-1,-1,-1,-1,0,-1
2021122100695,2021,122100695,2,1,0,18,19,8,4,0,0,0,0,0,0,0,4,1,6,6,1,39,7,-1,-1,-1,-1,9,E01027664,0,-1
2021440377564,2021,440377564,2,-1,0,18,19,4,8,0,0,1,5,0,0,0,1,1,6,6,1,27,6,-1,-1,-1,-1,3,E01017346,1,-1
2021421090274,2021,421090274,1,9,0,7,7,5,7,0,0,3,0,0,0,0,1,1,1,1,1,22,5,-1,-1,-1,-1,-1,-1,0,-1
2021041061895,2021,041061895,1,90,0,18,19,5,2,9,9,0,5,0,0,0,0,1,6,6,3,-1,-1,-1,-1,-1,-1,-1,-1,0,-1
2021401042068,2021,401042068,1,-1,0,18,19,7,2,0,0,0,0,0,0,0,3,1,4,7,1,16,4,-1,-1,-1,-1,1,E01015789,1,-1
202134WNC3431,2021,34WNC3431,2,9,0,18,19,7,3,0,0,1,0,0,0,0,1,1,2,2,1,33,6,-1,-1,-1,-1,2,E01027156,0,-1
2021131088093,2021,131088093,1,9,0,-1,-1,-1,-1,-1,-1,8,-1,-1,-1,0,-1,1,6,6,3,-1,-1,-1,-1,-1,-1,-1,-1,0,-1
2021522100284,2021,522100284,2,1,0,18,19,4,8,0,0,1,0,0,0,0,3,1,6,6,2,56,9,-1,-1,-1,-1,9,E01014619,0,-1
2021461096944,2021,461096944,1,9,-1,-1,-1,-1,-1,-1,-1,-1,-1,-1,-1,0,-1,1,6,6,3,-1,-1,-1,-1,-1,-1,-1,-1,0,-1
2021440366059,2021,440366059,1,1,0,17,19,7,3,0,0,8,0,0,0,0,4,1,6,6,2,60,9,-1,-1,-1,-1,-1,-1,0,-1
2021451119109,2021,451119109,2,1,0,18,19,3,7,0,0,1,0,0,0,0,1,1,4,7,1,16,4,-1,-1,-1,-1,10,E01030380,0,-1
2021332100265,2021,332100265,1,9,0,16,19,4,8,0,0,0,1,0,7,4,1,1,6,6,2,55,8,-1,-1,-1,-1,10,E01025814,0,-1
2021101072229,2021,101072229,2,1,0,18,19,3,7,0,0,3,0,0,0,0,2,1,5,6,1,22,5,-1,-1,-1,-1,3,E01008598,0,-1
2021332100081,2021,332100081,4,9,0,18,19,7,3,0,0,1,0,0,0,0,4,1,6,6,2,49,8,-1,-1,-1,-1,8,E01025792,0,-1
2021010311202,2021,010311202,2,1,0,18,19,1,5,4,4,1,5,0,0,0,4,1,2,2,2,34,6,-1,-1,-1,-1,8,E01002008,0,-1
2021411090645,2021,411090645,1,9,0,16,19,3,8,0,0,0,0,0,7,4,1,1,6,6,1,79,11,-1,-1,-1,-1,-1,-1,0,-1
2021010287777,2021,010287777,1,1,9,99,99,9,9,99,99,9,9,99,9,99,1,1,2,2,1,22,5,-1,-1,-1,-1,5,E01000131,0,-1
2021421057812,2021,421057812,2,1,0,18,19,3,7,0,0,2,0,0,0,0,1,1,5,6,1,50,8,-1,-1,-1,-1,6,E01021907,0,-1
2021010306549,2021,010306549,2,1,0,18,19,1,5,0,0,1,0,0,0,0,3,1,6,6,1,45,7,-1,-1,-1,-1,2,E01003175,0,-1
2021061043411,2021,061043411,1,-1,0,18,19,5,1,0,0,1,0,0,0,0,1,1,5,6,1,24,5,-1,-1,-1,-1,1,E01005681,1,-1
2021401025968,2021,401025968,2,1,0,18,19,2,6,0,0,2,0,0,0,0,4,1,6,6,2,43,7,-1,-1,-1,-1,8,E01017468,0,-1
2021201078068,2021,201078068,1,9,0,5,5,4,6,0,0,6,0,0,0,0,1,1,6,6,1,-1,-1,-1,-1,-1,-1,-1,-1,0,-1
2021471011668,2021,471011668,2,-1,0,18,19,1,5,0,0,8,0,0,0,0,1,1,6,6,1,16,4,-1,-1,-1,-1,1,E01031454,1,-1
2021622100344,2021,622100344,1,98,0,18,19,5,1,0,0,3,0,0,0,0,4,1,6,6,3,-1,-1,-1,-1,-1,-1,-1,-1,0,-1
202134WNC3151,2021,34WNC3151,2,1,0,18,19,7,3,0,0,1,0,0,0,0,1,1,1,1,1,39,7,-1,-1,-1,-1,2,E01027257,0,-1
2021010298215,2021,010298215,2,1,0,18,19,3,7,0,0,8,0,8,1,10,4,1,6,6,1,45,7,-1,-1,-1,-1,4,E01003914,0,-1
2021052100932,2021,052100932,1,9,0,1,1,7,3,0,0,1,0,0,0,0,2,1,6,6,1,24,5,-1,-1,-1,-1,1,E01006967,0,-1
2021552101077,2021,552101077,1,9,0,18,19,6,2,0,0,0,0,0,0,0,4,1,6,6,3,-1,-1,-1,-1,-1,-1,-1,-1,0,-1
2021010343699,2021,010343699,2,1,0,18,19,7,3,0,0,0,0,0,0,0,1,1,1,1,1,24,5,-1,-1,-1,-1,-1,-1,0,-1
2021131073480,2021,131073480,2,1,0,18,19,7,3,0,0,0,0,0,0,0,3,1,6,6,1,42,7,-1,-1,-1,-1,8,E01011279,0,-1
2021010296057,2021,010296057,1,21,0,18,19,1,5,0,0,1,0,0,0,0,1,1,1,1,1,56,9,-1,-1,-1,-1,9,E01028775,0,-1
2021010336088,2021,010336088,1,1,9,99,99,9,9,99,99,9,9,99,9,99,9,1,2,2,1,21,5,-1,-1,-1,-1,4,E01003166,0,-1
2021332100363,2021,332100363,2,9,0,16,19,8,3,0,0,8,0,0,1,0,3,1,6,6,1,40,7,-1,-1,-1,-1,9,E01025669,0,-1
2021332100589,2021,332100589,1,19,0,7,7,1,3,5,5,5,0,0,0,0,4,1,1,1,1,34,6,-1,-1,-1,-1,7,E01013686,0,-1
2021138370697,2021,138370697,1,9,0,18,19,8,4,0,0,0,0,0,0,0,1,1,2,2,1,36,7,-1,-1,-1,-1,2,E01025185,0,-1
202131D174221,2021,31D174221,2,1,0,18,19,3,7,0,0,8,0,0,0,0,1,1,6,6,1,65,9,-1,-1,-1,-1,4,E01028185,0,-1
2021010349213,2021,010349213,1,9,0,18,19,1,5,0,0,9,0,0,0,0,9,1,6,6,3,-1,-1,-1,-1,-1,-1,-1,-1,0,-1
2021101089244,2021,101089244,1,9,0,-1,-1,-1,-1,0,0,2,0,0,0,0,1,1,6,6,2,35,6,-1,-1,-1,-1,-1,-1,0,-1
2021451015102,2021,451015102,1,98,0,4,4,5,1,0,0,0,0,0,0,0,2,2,1,1,1,50,8,-1,-1,-1,-1,-1,-1,0,-1
2021471048509,2021,471048509,1,9,0,-1,-1,-1,-1,0,0,0,0,0,0,0,1,1,6,6,3,-1,-1,-1,-1,-1,-1,-1,-1,0,-1
2021430357894,2021,430357894,2,9,0,9,9,7,5,0,0,5,0,0,0,0,2,1,6,6,1,-1,-1,-1,-1,-1,-1,-1,-1,0,-1
2021041139899,2021,041139899,2,9,0,18,19,1,5,0,0,0,0,0,0,0,4,1,1,1,1,47,8,-1,-1,-1,-1,7,E01024860,0,-1
2021401098235,2021,401098235,2,1,0,18,19,5,3,0,0,3,1,0,5,10,4,1,5,6,1,24,5,-1,-1,-1,-1,4,E01015755,0,-1
202160Z015639,2021,60Z015639,1,9,0,7,7,6,8,0,0,8,0,0,0,0,3,1,6,6,1,59,9,-1,-1,-1,-1,-1,-1,0,-1
2021332100001,2021,332100001,1,9,0,18,19,8,4,0,0,0,0,0,0,0,1,1,6,6,1,71,10,-1,-1,-1,-1,-1,-1,0,-1
2021010315465,2021,010315465,2,1,0,18,19,1,5,9,9,0,0,0,0,0,3,1,4,7,1,13,3,-1,-1,-1,-1,3,E01001547,0,-1
2021010289443,2021,010289443,2,9,0,99,99,9,9,99,99,9,9,99,9,99,1,9,6,6,3,-1,-1,-1,-1,-1,-1,1,E01013811,0,-1
2021610026021,2021,610026021,1,9,0,18,19,0,0,0,0,1,0,0,0,0,0,1,6,6,1,32,6,-1,-1,-1,-1,-1,-1,0,-1
202160Z013460,2021,60Z013460,2,9,0,4,4,5,1,0,0,1,0,0,0,0,4,1,6,6,1,50,8,-1,-1,-1,-1,-1,-1,0,-1
2021522102321,2021,522102321,2,9,0,18,19,3,5,0,0,1,0,0,0,0,1,1,6,6,2,30,6,-1,-1,-1,-1,-1,-1,0,-1
2021010350507,2021,010350507,2,98,1,99,99,9,9,99,99,0,9,99,9,99,1,9,6,6,3,-1,-1,-1,-1,-1,-1,-1,-1,0,-1
2021361036210,2021,361036210,2,1,0,18,19,3,1,0,0,1,0,0,0,0,1,1,2,2,2,28,6,-1,-1,-1,-1,3,E01033439,0,-1
2021201061953,2021,201061953,1,9,0,18,19,3,7,0,0,1,0,0,0,0,1,1,6,6,2,-1,-1,-1,-1,-1,-1,-1,-1,0,-1
2021440371845,2021,440371845,1,9,0,6,6,7,3,0,0,0,0,0,0,0,2,1,2,2,2,38,7,-1,-1,-1,-1,2,E01017116,0,-1
2021552100840,2021,552100840,1,9,0,18,19,2,6,0,0,0,0,0,0,0,0,1,6,6,3,33,6,-1,-1,-1,-1,-1,-1,0,-1
202163A011821,2021,63A011821,2,1,0,18,19,3,7,0,0,0,0,0,0,0,3,1,6,6,1,29,6,-1,-1,-1,-1,2,W01000659,0,-1
2021061076703,2021,061076703,1,1,0,18,19,1,5,0,0,0,0,0,0,0,1,1,6,6,2,27,6,-1,-1,-1,-1,1,E01005427,0,-1
202106L079230,2021,06L079230,2,1,0,18,19,8,4,0,0,1,0,0,0,0,4,1,2,2,1,54,8,-1,-1,-1,-1,7,E01006290,0,-1
2021461025752,2021,461025752,1,9,0,1,1,2,6,9,9,0,0,0,0,0,2,1,5,6,1,64,9,-1,-1,-1,-1,3,E01024548,0,-1
2021101086421,2021,101086421,2,1,0,18,19,7,3,0,0,3,0,0,0,0,3,1,1,1,1,40,7,-1,-1,-1,-1,-1,-1,0,-1
2021141098459,2021,141098459,2,9,4,16,19,8,2,0,0,1,0,0,0,0,1,1,5,6,1,55,8,-1,-1,-1,-1,7,E01019736,0,-1
2021610010721,2021,610010721,3,9,0,3,3,1,5,0,0,4,0,0,0,0,3,1,6,6,1,59,9,-1,-1,-1,-1,-1,-1,0,-1
2021010338919,2021,010338919,2,1,9,99,99,9,9,99,99,9,9,99,9,99,2,1,6,6,1,63,9,-1,-1,-1,-1,1,E01002755,0,-1
2021201142116,2021,201142116,2,98,0,7,7,8,3,0,0,5,0,0,0,0,1,1,6,6,3,-1,-1,-1,-1,-1,-1,-1,-1,0,-1
2021461101134,2021,461101134,3,19,0,18,19,8,4,0,0,0,0,0,0,0,0,1,6,6,3,-1,-1,-1,-1,-1,-1,-1,-1,0,-1