collision_index,collision_year,collision_ref_no,vehicle_reference,vehicle_type,towing_and_articulation,vehicle_manoeuvre_historic,vehicle_manoeuvre,vehicle_direction_from,vehicle_direction_to,vehicle_location_restricted_lane_historic,vehicle_location_restricted_lane,junction_location,skidding_and_overturning,hit_object_in_carriageway,vehicle_leaving_carriageway,hit_object_off_carriageway,first_point_of_impact,vehicle_left_hand_drive,journey_purpose_of_driver_historic,journey_purpose_of_driver,sex_of_driver,age_of_driver,age_band_of_driver,engine_capacity_cc,propulsion_code,age_of_vehicle,generic_make_model,driver_imd_decile,lsoa_of_driver,escooter_flag,driver_distance_banding
2021421081647,2021,421081647,2,1,0,18,19,4,8,0,0,0,0,0,0,0,4,1,5,6,1,73,10,-1,-1,-1,-1,1,E01013909,0,-1
2021141059347,2021,141059347,2,1,0,-1,-1,-1,-1,-1,-1,-1,-1,-1,-1,0,-1,1,6,6,1,-1,-1,-1,-1,-1,-1,-1,-1,0,-1
2021231090088,2021,231090088,2,1,0,18,19,4,8,0,0,0,0,0,0,0,2,1,1,1,1,19,4,-1,-1,-1,-1,1,E01010131,0,-1
202160Z030211,2021,60Z030211,2,9,0,9,9,5,3,0,0,5,0,0,0,0,4,1,6,6,1,32,6,-1,-1,-1,-1,-1,-1,0,-1
2021440290484,2021,440290484,1,1,0,18,19,6,3,0,0,8,0,0,0,0,1,1,6,6,1,58,9,-1,-1,-1,-1,10,E01022776,0,-1
2021101022867,2021,101022867,1,9,0,-1,-1,4,8,-1,-1,-1,-1,-1,-1,0,1,1,6,6,3,-1,-1,-1,-1,-1,-1,-1,-1,0,-1
2021430233197,2021,430233197,1,1,0,16,19,5,7,0,0,8,0,0,0,0,1,1,6,6,1,56,9,-1,-1,-1,-1,8,E01028610,0,-1
2021610037321,2021,610037321,2,9,0,18,19,3,7,0,0,0,0,0,0,0,2,1,6,6,2,49,8,-1,-1,-1,-1,-1,-1,0,-1
2021010341005,2021,010341005,1,9,9,99,99,9,9,99,99,9,9,99,9,99,9,9,6,6,3,-1,-1,-1,-1,-1,-1,-1,-1,0,-1
202154A494721,2021,54A494721,2,1,0,18,19,4,8,0,0,1,0,0,0,0,1,1,6,6,1,13,3,-1,-1,-1,-1,2,E01031981,0,-1
2021552100935,2021,552100935,2,90,0,18,19,6,2,9,9,8,0,0,0,0,3,1,6,6,1,18,4,-1,-1,-1,-1,3,E01033285,0,-1
2021430209325,2021,430209325,2,1,0,18,19,4,8,0,0,0,0,0,0,0,3,1,6,6,1,20,4,-1,-1,-1,-1,-1,-1,0,-1
202160Z078629,2021,60Z078629,1,22,0,18,19,5,1,9,9,1,2,0,0,0,0,1,6,6,2,81,11,-1,-1,-1,-1,-1,-1,0,-1
202160Z141701,2021,60Z141701,2,9,0,17,19,4,8,0,0,0,0,0,1,11,3,1,6,6,1,30,6,-1,-1,-1,-1,-1,-1,0,-1
2021010305811,2021,010305811,3,9,0,18,19,1,5,0,0,1,0,0,0,0,0,1,1,1,1,32,6,-1,-1,-1,-1,-1,-1,0,-1
2021010316914,2021,010316914,2,-1,0,18,19,1,5,0,0,1,0,0,0,0,1,1,6,6,2,26,6,-1,-1,-1,-1,2,E01003768,1,-1
2021010314269,2021,010314269,1,1,0,18,19,7,3,0,0,1,0,0,0,0,1,1,6,6,1,21,5,-1,-1,-1,-1,-1,-1,0,-1
2021161075656,2021,161075656,2,1,0,18,19,3,7,0,0,1,0,0,0,0,4,1,5,6,1,11,3,-1,-1,-1,-1,1,E01012805,0,-1
2021411084308,2021,411084308,1,1,0,18,19,2,6,0,0,0,0,0,0,0,3,1,5,6,1,42,7,-1,-1,-1,-1,10,E01023745,0,-1
2021201066365,2021,201066365,1,97,0,15,15,6,2,0,0,0,0,0,0,0,1,1,6,6,1,22,5,-1,-1,-1,-1,1,E01009581,0,-1
2021010335214,2021,010335214,1,1,9,99,99,9,9,99,99,9,9,99,9,99,1,1,2,2,1,39,7,-1,-1,-1,-1,-1,-1,0,-1
2021070226530,2021,070226530,1,9,0,18,19,4,8,0,0,0,0,0,0,0,0,1,6,6,3,-1,-1,-1,-1,-1,-1,-1,-1,0,-1
2021361064082,2021,361064082,1,1,0,7,7,8,6,0,0,8,5,0,0,0,3,1,2,2,1,24,5,-1,-1,-1,-1,3,E01026861,0,-1
2021010343802,2021,010343802,2,1,0,18,19,5,1,0,0,8,0,0,0,0,1,1,6,6,1,21,5,-1,-1,-1,-1,-1,-1,0,-1
2021522200178,2021,522200178,1,9,0,18,19,5,1,0,0,0,0,0,0,0,1,1,6,6,2,32,6,-1,-1,-1,-1,4,E01014521,0,-1
2021546625421,2021,546625421,1,22,0,18,19,5,1,0,0,1,0,0,0,0,3,1,6,6,2,91,11,-1,-1,-1,-1,9,E01015471,0,-1
2021010307302,2021,010307302,1,1,9,99,99,9,9,99,99,9,9,99,9,99,9,1,6,6,1,16,4,-1,-1,-1,-1,7,E01000384,0,-1
2021610062221,2021,610062221,1,9,0,5,5,1,3,0,0,6,0,0,0,0,1,1,1,1,1,-1,-1,-1,-1,-1,-1,-1,-1,0,-1
2021332100220,2021,332100220,2,9,0,7,7,3,5,0,0,6,0,0,0,0,3,1,6,6,2,29,6,-1,-1,-1,-1,1,E01013684,0,-1
2021461049323,2021,461049323,2,5,0,18,19,1,5,0,0,0,0,0,0,0,1,1,6,6,1,31,6,-1,-1,-1,-1,8,E01032620,0,-1
2021361062796,2021,361062796,2,1,0,11,11,4,8,0,0,0,0,0,0,0,2,1,2,2,1,43,7,-1,-1,-1,-1,8,E01026881,0,-1
2021052101792,2021,052101792,1,9,0,7,7,1,3,0,0,8,0,0,0,0,4,1,6,6,3,-1,-1,-1,-1,-1,-1,-1,-1,0,-1
2021061135342,2021,061135342,2,90,0,7,7,8,2,0,0,6,0,0,0,0,1,1,6,6,3,30,6,-1,-1,-1,-1,-1,-1,0,-1
2021221025476,2021,221025476,1,1,0,18,19,8,5,0,0,3,0,0,0,0,2,1,5,6,1,50,8,-1,-1,-1,-1,8,E01032233,0,-1
2021221131672,2021,221131672,2,9,0,13,13,7,3,0,0,0,0,0,0,0,4,1,6,6,2,34,6,-1,-1,-1,-1,-1,-1,0,-1
2021010312968,2021,010312968,2,1,0,18,19,7,3,0,0,1,0,0,0,0,2,1,1,1,2,24,5,-1,-1,-1,-1,5,E01001837,0,-1
2021320330637,2021,320330637,1,1,0,18,19,7,3,9,9,1,0,0,0,0,1,1,6,6,2,40,7,-1,-1,-1,-1,3,E01026174,0,-1
2021991052596,2021,991052596,2,9,4,7,7,7,4,0,0,0,0,0,0,0,1,1,1,1,1,62,9,-1,-1,-1,-1,5,-1,0,-1
2021010336125,2021,010336125,1,1,9,99,99,9,9,99,99,9,9,99,9,99,2,1,2,2,1,37,7,-1,-1,-1,-1,3,E01003926,0,-1
2021332100520,2021,332100520,1,90,0,16,19,6,1,0,0,8,0,0,0,0,4,1,1,1,2,31,6,-1,-1,-1,-1,8,E01025960,0,-1
2021010333126,2021,010333126,2,1,0,3,3,2,6,0,0,0,0,0,0,0,2,1,6,6,1,33,6,-1,-1,-1,-1,1,E01000528,0,-1
2021461080112,2021,461080112,3,9,0,18,19,6,2,0,0,1,0,0,0,0,0,1,6,6,3,-1,-1,-1,-1,-1,-1,-1,-1,0,-1
202160Z077137,2021,60Z077137,1,9,0,17,19,4,8,0,0,0,0,0,1,11,1,1,6,6,1,26,6,-1,-1,-1,-1,-1,-1,0,-1
2021061135315,2021,061135315,1,1,0,18,19,4,8,1,1,8,0,0,0,0,2,1,6,6,1,50,8,-1,-1,-1,-1,6,E01010885,0,-1
2021122100802,2021,122100802,2,1,0,7,7,5,3,0,0,3,0,0,0,0,1,1,6,6,1,44,7,-1,-1,-1,-1,7,E01027584,0,-1
2021371071409,2021,371071409,2,1,0,-1,-1,-1,-1,0,0,0,-1,-1,-1,0,-1,1,6,6,1,23,5,-1,-1,-1,-1,-1,-1,0,-1
202163D090121,2021,63D090121,2,17,0,18,19,1,5,0,0,0,0,0,0,0,2,1,1,1,1,38,7,-1,-1,-1,-1,6,W01000500,0,-1
2021201126701,2021,201126701,2,1,0,18,19,1,5,0,0,8,0,0,0,0,1,1,2,2,1,59,9,-1,-1,-1,-1,1,E01009611,0,-1
2021221042550,2021,221042550,2,1,0,13,13,6,2,0,0,8,1,0,0,0,1,1,5,6,1,50,8,-1,-1,-1,-1,6,E01028851,0,-1
2021131072372,2021,131072372,3,97,0,13,13,6,2,0,0,8,0,-1,-1,-1,-1,1,6,6,3,-1,-1,-1,-1,-1,-1,-1,-1,0,-1
2021010334186,2021,010334186,1,1,0,18,19,7,3,4,4,1,0,0,7,2,1,1,2,2,1,30,6,-1,-1,-1,-1,2,E01001700,0,-1
2021471101196,2021,471101196,2,1,0,18,19,3,7,0,0,8,0,0,0,0,1,1,4,7,1,15,3,-1,-1,-1,-1,5,E01031584,0,-1
2021201097963,2021,201097963,2,1,0,4,4,8,4,0,0,8,0,0,0,0,0,1,6,6,1,36,7,-1,-1,-1,-1,3,E01009950,0,-1
2021461100024,2021,461100024,2,9,0,7,7,8,3,0,0,0,0,0,0,0,4,1,1,1,1,47,8,-1,-1,-1,-1,5,E01023992,0,-1
2021451067179,2021,451067179,3,9,0,18,19,1,5,0,0,0,0,0,0,0,0,1,6,6,3,40,7,-1,-1,-1,-1,-1,-1,0,-1
2021010302646,2021,010302646,2,9,0,99,99,9,9,99,99,9,9,99,9,99,1,9,6,6,3,-1,-1,-1,-1,-1,-1,-1,-1,0,-1
2021010331619,2021,010331619,1,9,0,18,19,5,1,0,0,1,0,0,0,0,1,1,2,2,2,-1,-1,-1,-1,-1,-1,-1,-1,0,-1
2021010320345,2021,010320345,2,-1,0,18,19,7,3,0,0,0,0,0,0,0,1,1,4,7,1,15,3,-1,-1,-1,-1,2,E01004410,1,-1
2021430041951,2021,430041951,2,20,0,9,9,2,8,0,0,0,0,0,7,3,3,1,6,6,1,49,8,-1,-1,-1,-1,10,E01022557,0,-1
2021141072096,2021,141072096,1,9,0,18,19,1,5,0,0,0,0,4,0,0,1,2,6,6,1,36,7,-1,-1,-1,-1,1,E01007403,0,-1
2021201078071,2021,201078071,2,9,0,7,7,3,7,0,0,0,0,0,0,0,3,1,6,6,1,74,10,-1,-1,-1,-1,3,E01010018,0,-1
2021430404451,2021,430404451,2,2,0,18,19,2,6,0,0,0,0,0,0,0,4,1,6,6,1,32,6,-1,-1,-1,-1,3,E01016520,0,-1
2021332100933,2021,332100933,1,9,0,9,9,1,7,0,0,5,0,0,0,0,1,1,6,6,1,43,7,-1,-1,-1,-1,8,E01013788,0,-1
2021010324028,2021,010324028,1,20,0,9,9,8,7,0,0,6,0,0,0,0,1,1,1,1,1,51,8,-1,-1,-1,-1,5,E01030106,0,-1
2021552100865,2021,552100865,1,9,0,18,19,7,3,0,0,8,0,0,0,0,1,1,6,6,3,-1,-1,-1,-1,-1,-1,-1,-1,0,-1
2021451070207,2021,451070207,2,9,0,18,19,1,4,0,0,8,0,0,7,11,4,1,5,6,1,55,8,-1,-1,-1,-1,9,E01030904,0,-1
2021332100489,2021,332100489,1,9,0,18,19,3,7,0,0,6,0,0,0,0,4,1,6,6,2,21,5,-1,-1,-1,-1,4,E01013662,0,-1
2021010316766,2021,010316766,3,98,0,18,19,7,3,0,0,0,0,0,0,0,0,2,6,6,3,-1,-1,-1,-1,-1,-1,-1,-1,0,-1
202160Z124348,2021,60Z124348,2,3,0,18,19,4,8,0,0,8,0,0,0,0,1,1,6,6,1,51,8,-1,-1,-1,-1,-1,-1,0,-1
2021302100797,2021,302100797,2,9,0,18,19,2,6,0,0,1,0,0,0,0,1,1,6,6,3,-1,-1,-1,-1,-1,-1,5,E01019456,0,-1
2021010331200,2021,010331200,1,1,9,99,99,9,9,99,99,0,9,99,9,99,1,1,2,2,1,28,6,-1,-1,-1,-1,3,E01003042,0,-1
2021201134519,2021,201134519,1,9,0,18,19,1,5,0,0,4,0,0,0,0,1,1,6,6,3,-1,-1,-1,-1,-1,-1,-1,-1,0,-1
2021552101081,2021,552101081,2,1,0,10,10,7,5,0,0,1,0,0,0,0,2,1,6,6,1,71,10,-1,-1,-1,-1,10,E01020559,0,-1
2021010290314,2021,010290314,1,1,9,99,99,9,9,99,99,9,9,99,9,99,1,1,2,2,2,39,7,-1,-1,-1,-1,5,E01003173,0,-1
2021010316606,2021,010316606,2,1,0,18,19,1,5,0,0,2,0,0,0,0,3,1,6,6,2,19,4,-1,-1,-1,-1,4,E01000504,0,-1
2021161097513,2021,161097513,2,1,0,18,19,4,8,0,0,8,0,0,0,0,4,1,4,7,1,14,3,-1,-1,-1,-1,5,E01033414,0,-1
2021010335186,2021,010335186,2,9,0,99,99,9,9,99,99,9,9,99,9,99,1,1,6,6,3,-1,-1,-1,-1,-1,-1,-1,-1,0,-1
2021010290811,2021,010290811,2,9,0,99,99,9,9,99,99,9,9,99,9,99,1,9,6,6,1,37,7,-1,-1,-1,-1,5,W01001477,0,-1
2021010315093,2021,010315093,1,1,0,18,19,3,7,99,99,0,9,0,9,0,0,1,6,6,1,-1,-1,-1,-1,-1,-1,-1,-1,0,-1
2021401057906,2021,401057906,2,-1,0,18,19,2,6,0,0,1,0,0,0,0,2,1,6,6,1,34,6,-1,-1,-1,-1,4,E01015782,1,-1
2021421079357,2021,421079357,1,1,0,18,19,7,7,0,0,0,0,0,0,0,1,1,5,6,1,32,6,-1,-1,-1,-1,2,E01003619,0,-1
2021010318819,2021,010318819,1,1,9,99,99,9,9,99,99,9,9,99,9,99,9,1,6,6,1,15,3,-1,-1,-1,-1,4,E01003074,0,-1
2021101104705,2021,101104705,2,1,0,18,19,7,3,0,0,0,5,0,0,0,3,1,6,6,1,44,7,-1,-1,-1,-1,2,E01008254,0,-1
2021010290989,2021,010290989,2,9,0,18,19,1,5,0,0,0,0,0,0,0,1,1,6,6,3,-1,-1,-1,-1,-1,-1,-1,-1,0,-1
2021501051654,2021,501051654,2,1,0,17,19,5,3,0,0,0,0,0,0,0,1,1,5,6,1,64,9,-1,-1,-1,-1,6,E01018985,0,-1
2021461053836,2021,461053836,1,9,0,-1,-1,-1,-1,0,0,0,0,0,0,0,0,1,6,6,3,-1,-1,-1,-1,-1,-1,-1,-1,0,-1
2021201145897,2021,201145897,2,1,0,18,19,1,5,0,0,8,0,0,0,0,3,1,6,6,2,52,8,-1,-1,-1,-1,3,E01009584,0,-1
2021522102499,2021,522102499,2,9,0,18,19,7,3,0,0,8,0,0,0,0,1,1,6,6,1,40,7,-1,-1,-1,-1,-1,-1,0,-1
2021010340509,2021,010340509,1,19,9,99,99,9,9,99,99,9,9,99,9,99,9,9,6,6,3,-1,-1,-1,-1,-1,-1,-1,-1,0,-1
2021201088185,2021,201088185,2,1,0,18,19,2,6,0,0,4,0,0,0,0,2,1,6,6,1,-1,-1,-1,-1,-1,-1,1,E01033644,0,-1
2021070610039,2021,070610039,1,21,0,9,9,8,2,0,0,1,0,0,0,0,4,2,1,1,1,37,7,-1,-1,-1,-1,-1,-1,0,-1
2021991104832,2021,991104832,2,1,0,18,19,6,3,0,0,8,0,0,0,0,4,1,5,6,1,56,9,-1,-1,-1,-1,-1,-1,0,-1
2021332101068,2021,332101068,2,2,0,15,15,4,8,0,0,8,0,0,0,0,1,1,1,1,1,-1,-1,-1,-1,-1,-1,1,E01013746,0,-1
2021440135428,2021,440135428,2,9,0,18,19,3,7,0,0,2,0,0,0,0,1,1,6,6,3,-1,-1,-1,-1,-1,-1,-1,-1,0,-1
2021010292883,2021,010292883,1,1,9,99,99,9,9,99,99,9,9,99,9,99,9,1,6,6,1,38,7,-1,-1,-1,-1,4,E01004150,0,-1
2021332101537,2021,332101537,2,98,0,18,19,5,1,0,0,8,0,0,0,0,1,1,6,6,1,25,5,-1,-1,-1,-1,-1,-1,0,-1
2021520200320,2021,520200320,2,1,0,18,19,2,6,0,0,1,0,0,0,0,1,1,6,6,1,59,9,-1,-1,-1,-1,7,E01029317,0,-1
2021010313855,2021,010313855,1,1,9,99,99,9,9,99,99,9,9,99,9,99,1,1,2,2,1,35,6,-1,-1,-1,-1,6,E01003394,0,-1
2021440499378,2021,440499378,2,9,0,18,19,1,4,0,0,7,0,0,0,0,1,1,6,6,2,44,7,-1,-1,-1,-1,7,E01023196,0,-1
2021141098673,2021,141098673,1,9,0,18,19,4,8,0,0,0,0,0,0,0,1,1,6,6,3,-1,-1,-1,-1,-1,-1,-1,-1,0,-1
2021332100513,2021,332100513,1,9,0,18,19,2,6,0,0,0,0,0,0,0,1,1,6,6,3,-1,-1,-1,-1,-1,-1,-1,-1,0,-1
2021010319356,2021,010319356,2,9,0,99,99,9,9,99,99,9,9,99,9,99,1,9,6,6,3,-1,-1,-1,-1,-1,-1,-1,-1,0,-1
2021010287531,2021,010287531,1,9,0,99,99,9,9,99,99,9,9,99,9,99,9,9,6,6,3,-1,-1,-1,-1,-1,-1,-1,-1,0,-1
2021010299083,2021,010299083,2,1,0,18,19,7,3,0,0,8,0,0,0,0,1,1,6,6,1,29,6,-1,-1,-1,-1,9,E01003158,0,-1
2021332100434,2021,332100434,1,9,0,9,9,3,1,0,0,6,0,0,0,0,3,1,6,6,1,28,6,-1,-1,-1,-1,8,E01025645,0,-1
2021161115301,2021,161115301,1,1,0,18,19,3,7,0,0,1,1,0,0,0,1,1,1,1,1,60,9,-1,-1,-1,-1,1,E01013203,0,-1
2021411103512,2021,411103512,2,1,0,9,9,5,7,0,0,4,0,0,0,0,1,1,6,6,1,-1,-1,-1,-1,-1,-1,5,E01023677,0,-1
2021010298543,2021,010298543,2,1,0,18,19,3,7,0,0,1,5,0,0,0,4,1,6,6,1,32,6,-1,-1,-1,-1,2,E01003059,0,-1
2021061140183,2021,061140183,2,1,0,10,10,1,1,0,0,0,0,0,0,0,1,1,2,2,1,27,6,-1,-1,-1,-1,9,E01005864,0,-1
202131D147421,2021,31D147421,1,19,0,13,13,8,4,0,0,0,0,0,0,0,4,1,6,6,3,-1,-1,-1,-1,-1,-1,-1,-1,0,-1
2021010315917,2021,010315917,1,9,4,18,19,3,7,0,0,1,0,0,0,0,1,1,6,6,1,-1,-1,-1,-1,-1,-1,-1,-1,0,-1
2021010290860,2021,010290860,2,9,9,18,19,7,3,0,0,0,9,99,9,99,1,9,6,6,3,-1,-1,-1,-1,-1,-1,-1,-1,0,-1
2021211080877,2021,211080877,1,9,0,3,3,5,5,0,0,1,0,0,0,0,3,1,1,1,2,29,6,-1,-1,-1,-1,-1,-1,0,-1
2021440093747,2021,440093747,1,1,0,18,19,7,3,0,0,0,0,0,0,0,3,1,6,6,1,27,6,-1,-1,-1,-1,4,E01017172,0,-1
2021101071291,2021,101071291,1,1,-1,-1,-1,-1,-1,-1,-1,-1,-1,-1,-1,0,-1,1,6,6,1,16,4,-1,-1,-1,-1,-1,-1,0,-1
2021161049686,2021,161049686,1,11,0,5,5,7,3,0,0,0,0,0,0,0,0,1,1,1,1,39,7,-1,-1,-1,-1,1,E01012855,0,-1
202160Z099727,2021,60Z099727,3,9,0,18,19,5,1,0,0,0,0,0,0,0,0,1,4,7,1,-1,-1,-1,-1,-1,-1,-1,-1,0,-1
2021061106346,2021,061106346,2,1,0,18,19,8,4,0,0,0,0,0,0,0,3,1,6,6,1,36,7,-1,-1,-1,-1,4,E01005629,0,-1
2021111056580,2021,111056580,2,11,0,18,19,3,7,0,0,8,0,0,0,0,1,1,1,1,1,70,10,-1,-1,-1,-1,4,E01020746,0,-1
2021201085669,2021,201085669,2,1,0,18,19,5,1,0,0,2,0,0,0,0,3,1,2,2,1,62,9,-1,-1,-1,-1,5,E01010558,0,-1
2021522200154,2021,522200154,2,1,0,18,19,4,8,0,0,0,0,0,0,0,1,1,6,6,2,28,6,-1,-1,-1,-1,6,E01014648,0,-1
202160Z071260,2021,60Z071260,2,9,0,9,9,4,2,0,0,5,0,0,0,0,3,1,6,6,1,50,8,-1,-1,-1,-1,-1,-1,0,-1
2021471111549,2021,471111549,2,1,0,18,19,4,8,0,0,1,0,0,0,0,4,1,4,7,2,16,4,-1,-1,-1,-1,8,E01016992,0,-1
2021010314314,2021,010314314,2,1,0,7,7,7,1,0,0,1,2,0,0,0,1,1,1,1,1,23,5,-1,-1,-1,-1,3,E01003491,0,-1
2021010333913,2021,010333913,1,-1,0,18,19,5,1,0,0,0,0,4,0,0,1,1,2,2,1,38,7,-1,-1,-1,-1,2,E01004090,1,-1
2021010298175,2021,010298175,1,19,0,9,9,4,1,0,0,1,0,0,0,0,1,1,1,1,2,30,6,-1,-1,-1,-1,2,E01000729,0,-1
2021010312555,2021,010312555,1,9,0,18,19,2,6,0,0,1,0,0,0,0,1,1,1,1,1,53,8,-1,-1,-1,-1,2,E01003980,0,-1
202160Z076370,2021,60Z076370,2,9,0,17,19,6,3,0,0,0,0,0,0,0,3,1,1,1,2,25,5,-1,-1,-1,-1,-1,-1,0,-1
2021552100436,2021,552100436,2,1,0,18,19,3,7,0,0,8,0,0,0,0,1,1,6,6,2,16,4,-1,-1,-1,-1,3,E01015293,0,-1
2021131073642,2021,131073642,1,98,0,5,5,1,5,0,0,2,1,0,0,0,3,1,1,1,1,57,9,-1,-1,-1,-1,-1,-1,0,-1
2021010343207,2021,010343207,2,9,0,99,99,9,9,99,99,9,9,99,9,99,9,9,6,6,3,-1,-1,-1,-1,-1,-1,-1,-1,0,-1
2021320043791,2021,320043791,1,9,0,7,7,6,1,0,0,1,0,0,0,0,0,1,6,6,2,21,5,-1,-1,-1,-1,10,E01026189,0,-1
202160Z119823,2021,60Z119823,3,9,0,2,2,0,0,0,0,0,0,0,0,0,0,1,6,6,1,41,7,-1,-1,-1,-1,-1,-1,0,-1
2021010287923,2021,010287923,2,9,0,18,19,7,3,0,0,1,0,0,0,0,2,1,6,6,3,-1,-1,-1,-1,-1,-1,-1,-1,0,-1
2021351080392,2021,351080392,2,1,0,2,2,0,0,9,9,0,0,0,0,0,1,1,5,6,1,19,4,-1,-1,-1,-1,6,E01017967,0,-1
2021430060912,2021,430060912,2,1,0,18,19,8,4,0,0,8,0,0,0,0,3,1,1,1,1,40,7,-1,-1,-1,-1,3,E01016375,0,-1
2021522104913,2021,522104913,3,9,0,2,2,0,0,0,0,2,0,0,0,0,1,1,6,6,1,35,6,-1,-1,-1,-1,5,E01014751,0,-1
2021451045071,2021,451045071,2,98,0,1,1,1,5,0,0,1,0,0,0,0,2,1,6,6,3,35,6,-1,-1,-1,-1,-1,-1,0,-1
202131B029421,2021,31B029421,2,9,0,9,9,3,8,0,0,1,0,0,0,0,1,1,6,6,3,-1,-1,-1,-1,-1,-1,-1,-1,0,-1
202160Z102150,2021,60Z102150,2,3,0,8,8,5,7,0,0,1,0,0,0,0,2,1,6,6,1,52,8,-1,-1,-1,-1,-1,-1,0,-1
2021461097447,2021,461097447,2,9,0,4,4,7,3,0,0,0,0,0,0,0,2,1,6,6,2,43,7,-1,-1,-1,-1,-1,-1,0,-1
2021440451129,2021,440451129,2,1,0,18,19,5,1,0,0,8,0,0,0,0,1,1,6,6,1,18,4,-1,-1,-1,-1,2,E01017106,0,-1
2021522101062,2021,522101062,2,9,0,9,9,3,1,0,0,1,0,0,0,0,3,1,6,6,1,30,6,-1,-1,-1,-1,-1,-1,0,-1
2021101069752,2021,101069752,2,1,0,18,19,8,4,0,0,2,0,0,0,0,0,1,6,6,1,25,5,-1,-1,-1,-1,9,E01008501,0,-1
2021161089579,2021,161089579,2,9,0,9,9,5,3,0,0,5,0,0,0,0,4,1,6,6,2,26,6,-1,-1,-1,-1,7,E01033108,0,-1
2021101055485,2021,101055485,2,1,0,18,19,7,3,0,0,6,0,0,0,0,4,1,5,6,1,18,4,-1,-1,-1,-1,7,E01008677,0,-1
2021131080461,2021,131080461,2,1,0,18,19,8,4,0,0,3,0,0,0,0,0,1,2,2,1,57,9,-1,-1,-1,-1,3,E01011123,0,-1
2021010340155,2021,010340155,1,3,0,99,99,9,9,99,99,9,9,99,9,99,1,1,2,2,1,31,6,-1,-1,-1,-1,3,E01001489,0,-1
2021010305804,2021,010305804,2,9,0,99,99,9,9,99,99,0,9,99,9,99,2,9,6,6,3,-1,-1,-1,-1,-1,-1,-1,-1,0,-1
2021052102262,2021,052102262,2,90,0,99,99,9,9,0,0,0,0,0,0,0,9,1,6,6,1,68,10,-1,-1,-1,-1,1,E01007085,0,-1
2021401159980,2021,401159980,2,1,0,9,9,2,7,1,1,8,0,0,0,0,1,1,5,6,1,14,3,-1,-1,-1,-1,9,E01017551,0,-1
2021411099651,2021,411099651,1,3,0,18,19,-1,-1,0,0,1,0,0,0,0,1,1,6,6,3,-1,-1,-1,-1,-1,-1,-1,-1,0,-1
2021430565617,2021,430565617,2,9,0,16,19,8,2,0,0,8,1,0,0,0,0,1,6,6,3,-1,-1,-1,-1,-1,-1,-1,-1,0,-1
2021552100901,2021,552100901,2,98,0,18,19,7,3,0,0,8,2,10,0,0,4,1,1,1,2,54,8,-1,-1,-1,-1,6,E01023022,0,-1
2021010343950,2021,010343950,2,1,0,18,19,8,4,0,0,8,0,0,1,0,2,1,2,2,2,27,6,-1,-1,-1,-1,-1,-1,0,-1
2021332100949,2021,332100949,1,9,0,18,19,4,8,0,0,8,0,0,0,0,1,1,2,2,1,30,6,-1,-1,-1,-1,1,E01013653,0,-1
2021411068836,2021,411068836,5,19,0,18,19,2,6,0,0,1,0,0,0,0,0,1,6,6,3,-1,-1,-1,-1,-1,-1,-1,-1,0,-1
2021052101854,2021,052101854,1,1,0,16,19,1,5,0,0,3,0,0,0,0,2,1,2,2,1,21,5,-1,-1,-1,-1,4,E01006466,0,-1
2021351113308,2021,351113308,2,1,0,18,19,-1,-1,4,4,1,0,0,0,0,3,1,5,6,1,54,8,-1,-1,-1,-1,4,E01033174,0,-1
2021131041014,2021,131041014,2,1,0,18,19,3,5,0,0,6,0,0,0,0,1,1,1,1,1,38,7,-1,-1,-1,-1,5,E01033016,0,-1
2021546883921,2021,546883921,2,1,0,18,19,1,5,0,0,0,0,0,0,0,3,1,6,6,1,36,7,-1,-1,-1,-1,8,E01031939,0,-1
2021010310425,2021,010310425,1,1,9,99,99,9,9,99,99,9,9,99,9,99,9,1,6,6,1,17,4,-1,-1,-1,-1,7,E01000562,0,-1
2021010323726,2021,010323726,2,9,0,99,99,9,9,99,99,9,9,99,9,99,1,9,6,6,3,-1,-1,-1,-1,-1,-1,-1,-1,0,-1
2021061074229,2021,061074229,2,9,0,18,19,5,1,0,0,0,0,0,0,0,1,1,6,6,2,49,8,-1,-1,-1,-1,3,E01005589,0,-1
2021010306964,2021,010306964,2,-1,0,18,19,1,5,5,5,1,0,0,0,0,1,1,2,2,2,39,7,-1,-1,-1,-1,3,E01003972,1,-1
2021320359867,2021,320359867,1,22,0,18,19,8,4,0,0,8,5,0,0,0,0,1,6,6,2,83,11,-1,-1,-1,-1,1,E01026109,0,-1
2021430525417,2021,430525417,2,1,0,18,19,3,7,0,0,8,0,0,0,0,1,1,6,6,1,36,7,-1,-1,-1,-1,8,E01004582,0,-1
2021411102973,2021,411102973,1,1,0,18,19,4,8,0,0,0,0,0,0,0,1,1,6,6,1,29,6,-1,-1,-1,-1,4,E01003123,0,-1
2021552100956,2021,552100956,3,1,0,18,19,6,2,0,0,0,0,0,0,0,3,1,6,6,2,15,3,-1,-1,-1,-1,9,E01020404,0,-1
2021411096398,2021,411096398,1,9,0,3,3,3,7,0,0,0,0,0,0,0,1,1,1,1,1,24,5,-1,-1,-1,-1,6,E01026494,0,-1
2021010295417,2021,010295417,1,1,9,99,99,9,9,99,99,9,9,99,9,99,9,1,6,6,1,56,9,-1,-1,-1,-1,4,E01004234,0,-1
2021041020684,2021,041020684,5,9,0,2,2,0,0,6,6,0,0,0,0,0,3,1,6,6,3,-1,-1,-1,-1,-1,-1,-1,-1,0,-1
2021451101333,2021,451101333,1,1,0,14,14,4,8,0,0,0,2,0,0,0,1,1,4,7,1,11,3,-1,-1,-1,-1,3,E01030711,0,-1
2021010325961,2021,010325961,2,1,0,18,19,3,7,0,0,0,2,0,0,0,1,1,6,6,1,50,8,-1,-1,-1,-1,6,E01000324,0,-1
2021531051507,2021,531051507,2,1,0,18,19,5,1,0,0,8,0,0,0,0,1,1,6,6,2,53,8,-1,-1,-1,-1,10,E01022281,0,-1
202131B065621,2021,31B065621,4,21,1,18,19,8,4,0,0,1,1,0,0,0,1,2,1,1,1,22,5,-1,-1,-1,-1,-1,-1,0,-1
2021010321442,2021,010321442,1,1,9,99,99,9,9,99,99,9,9,99,9,99,1,1,2,2,1,39,7,-1,-1,-1,-1,2,E01004755,0,-1