collision_index,collision_year,collision_ref_no,vehicle_reference,vehicle_type,towing_and_articulation,vehicle_manoeuvre_historic,vehicle_manoeuvre,vehicle_direction_from,vehicle_direction_to,vehicle_location_restricted_lane_historic,vehicle_location_restricted_lane,junction_location,skidding_and_overturning,hit_object_in_carriageway,vehicle_leaving_carriageway,hit_object_off_carriageway,first_point_of_impact,vehicle_left_hand_drive,journey_purpose_of_driver_historic,journey_purpose_of_driver,sex_of_driver,age_of_driver,age_band_of_driver,engine_capacity_cc,propulsion_code,age_of_vehicle,generic_make_model,driver_imd_decile,lsoa_of_driver,escooter_flag,driver_distance_banding
2021161105290,2021,161105290,2,1,0,18,19,7,3,4,4,3,1,0,0,0,1,1,2,2,2,45,7,-1,-1,-1,-1,-1,-1,0,-1
2021161126704,2021,161126704,1,1,0,5,5,5,1,0,0,0,0,0,0,0,3,1,4,7,2,13,3,-1,-1,-1,-1,9,E01026063,0,-1
2021332101030,2021,332101030,1,98,0,18,19,3,7,0,0,1,0,0,0,0,1,1,1,1,1,59,9,-1,-1,-1,-1,2,E01011246,0,-1
2021010318508,2021,010318508,2,3,0,99,99,9,9,99,99,0,9,99,9,99,2,1,6,6,3,-1,-1,-1,-1,-1,-1,3,E01004028,0,-1
2021041022800,2021,041022800,2,97,0,18,19,1,5,0,0,1,0,0,0,0,1,1,5,6,1,34,6,-1,-1,-1,-1,1,E01025575,0,-1
2021010312095,2021,010312095,2,1,0,18,19,5,1,0,0,1,0,0,0,0,1,1,6,6,1,44,7,-1,-1,-1,-1,3,E01003567,0,-1
2021440462297,2021,440462297,2,1,0,18,19,7,3,0,0,0,0,0,0,0,1,1,6,6,1,49,8,-1,-1,-1,-1,3,E01023157,0,-1
2021471028672,2021,471028672,2,1,0,3,3,8,4,0,0,1,0,0,0,0,1,1,6,6,1,25,5,-1,-1,-1,-1,2,E01016993,0,-1
2021471094126,2021,471094126,1,9,0,6,6,7,7,0,0,2,0,0,0,0,0,1,6,6,2,-1,-1,-1,-1,-1,-1,-1,-1,0,-1
2021011066741,2021,011066741,1,1,0,18,19,1,5,0,0,1,0,0,0,0,1,1,2,2,2,48,8,-1,-1,-1,-1,6,E01002789,0,-1
2021010307149,2021,010307149,1,1,9,99,99,9,9,99,99,9,9,99,9,99,2,1,6,6,1,28,6,-1,-1,-1,-1,3,E01000535,0,-1
2021010312373,2021,010312373,2,9,9,99,99,9,9,99,99,0,9,99,9,99,9,9,6,6,3,-1,-1,-1,-1,-1,-1,-1,-1,0,-1
202134WNC2121,2021,34WNC2121,2,1,0,18,19,7,3,0,0,0,0,0,0,0,3,1,4,7,1,15,3,-1,-1,-1,-1,7,E01027172,0,-1
2021061055100,2021,061055100,1,10,0,18,19,3,7,0,0,1,0,0,0,0,3,1,6,6,1,43,7,-1,-1,-1,-1,8,E01004984,0,-1
2021320224887,2021,320224887,2,5,0,18,19,5,1,0,0,0,0,0,0,0,0,1,6,6,1,37,7,-1,-1,-1,-1,9,E01017641,0,-1
2021010330953,2021,010330953,1,1,9,99,99,9,9,99,99,9,9,99,9,99,9,1,6,6,1,30,6,-1,-1,-1,-1,2,E01002766,0,-1
2021131060529,2021,131060529,2,1,0,16,19,3,7,0,0,0,0,0,0,0,4,1,5,6,1,12,3,-1,-1,-1,-1,3,E01011100,0,-1
2021010297865,2021,010297865,1,1,9,99,99,9,9,99,99,9,9,99,9,99,2,1,6,6,1,31,6,-1,-1,-1,-1,4,E01003090,0,-1
2021010317584,2021,010317584,2,1,0,15,15,5,1,0,0,1,1,0,0,0,1,1,2,2,1,33,6,-1,-1,-1,-1,7,E01004505,0,-1
2021610000521,2021,610000521,1,8,0,14,14,6,2,0,0,0,1,0,0,0,1,1,1,1,1,35,6,-1,-1,-1,-1,-1,-1,0,-1
2021547767421,2021,547767421,1,1,0,18,19,7,3,0,0,1,0,0,0,0,1,1,6,6,2,12,3,-1,-1,-1,-1,-1,-1,0,-1
2021061072984,2021,061072984,2,98,0,18,19,3,7,0,0,0,0,0,0,0,1,1,5,6,3,30,6,-1,-1,-1,-1,-1,-1,0,-1
2021010304520,2021,010304520,2,1,0,18,19,5,1,0,0,8,0,0,0,0,1,1,6,6,1,41,7,-1,-1,-1,-1,5,E01021905,0,-1
2021610051821,2021,610051821,1,9,0,18,19,7,3,0,0,0,0,0,0,0,1,1,6,6,1,38,7,-1,-1,-1,-1,3,W01001760,0,-1
2021010336092,2021,010336092,2,1,0,18,19,5,1,0,0,0,0,0,0,0,1,1,6,6,1,14,3,-1,-1,-1,-1,7,E01000459,0,-1
2021421026318,2021,421026318,1,9,0,9,9,7,5,0,0,4,0,0,0,0,3,1,6,6,1,-1,-1,-1,-1,-1,-1,-1,-1,0,-1
2021371041728,2021,371041728,2,9,0,18,19,6,2,0,0,0,0,0,0,0,1,1,6,6,1,32,6,-1,-1,-1,-1,2,E01030079,0,-1
2021481047516,2021,481047516,2,1,0,18,19,1,5,5,5,1,0,0,0,0,3,1,2,2,1,33,6,-1,-1,-1,-1,4,E01002762,0,-1
2021141077913,2021,141077913,1,9,0,18,19,1,5,0,0,2,0,0,0,0,4,1,5,6,2,56,9,-1,-1,-1,-1,7,E01007683,0,-1
2021010319035,2021,010319035,2,90,0,18,19,7,3,0,0,8,1,0,0,0,1,1,1,1,2,24,5,-1,-1,-1,-1,10,E01000353,0,-1
2021010317632,2021,010317632,1,1,9,18,19,5,1,0,0,8,9,0,0,0,9,1,2,2,1,44,7,-1,-1,-1,-1,10,E01004122,0,-1
2021070402969,2021,070402969,2,1,0,18,19,3,7,0,0,8,0,0,0,0,3,1,6,6,1,46,8,-1,-1,-1,-1,3,E01018447,0,-1
2021302101165,2021,302101165,1,9,0,18,19,2,6,0,0,0,1,0,0,0,1,1,2,2,1,26,6,-1,-1,-1,-1,7,E01019443,0,-1
2021332100006,2021,332100006,4,9,0,18,19,7,3,0,0,0,0,0,0,0,1,1,2,2,1,40,7,-1,-1,-1,-1,7,E01025755,0,-1
2021522103543,2021,522103543,2,9,0,18,19,3,7,0,0,0,0,0,0,0,1,1,6,6,3,40,7,-1,-1,-1,-1,-1,-1,0,-1
2021061054446,2021,061054446,2,1,0,18,19,6,2,0,0,8,0,0,0,0,3,1,6,6,1,25,5,-1,-1,-1,-1,3,E01005271,0,-1
202106L079767,2021,06L079767,1,3,0,18,19,1,3,0,0,8,0,0,0,0,4,1,6,6,3,30,6,-1,-1,-1,-1,-1,-1,0,-1
2021010314738,2021,010314738,2,1,0,18,19,3,7,2,2,0,0,0,0,0,2,1,6,6,1,52,8,-1,-1,-1,-1,-1,-1,0,-1
2021010346007,2021,010346007,1,9,0,6,6,7,7,0,0,0,0,0,0,0,1,1,1,1,1,55,8,-1,-1,-1,-1,2,E01003546,0,-1
2021522104274,2021,522104274,2,9,0,2,2,0,0,0,0,0,0,0,0,0,2,1,6,6,3,50,8,-1,-1,-1,-1,-1,-1,0,-1
2021141031754,2021,141031754,1,1,0,18,19,1,1,0,0,2,0,0,0,0,3,1,6,6,1,25,5,-1,-1,-1,-1,5,E01008113,0,-1
2021471063249,2021,471063249,3,11,-1,18,19,3,7,0,0,1,0,0,0,0,0,1,6,6,1,-1,-1,-1,-1,-1,-1,-1,-1,0,-1
2021548306921,2021,548306921,2,1,0,17,19,1,7,0,0,0,0,0,0,0,3,1,6,6,1,60,9,-1,-1,-1,-1,4,W01001314,0,-1
2021351051391,2021,351051391,1,5,0,7,7,6,8,0,0,5,0,0,0,0,2,1,5,6,1,42,7,-1,-1,-1,-1,10,E01033175,0,-1
2021141074201,2021,141074201,2,9,0,3,3,7,5,0,0,1,0,0,0,0,-1,1,6,6,3,-1,-1,-1,-1,-1,-1,-1,-1,0,-1
2021010315908,2021,010315908,2,1,0,18,19,6,2,4,4,1,0,0,0,0,1,1,1,1,1,23,5,-1,-1,-1,-1,3,E01003572,0,-1
2021552101194,2021,552101194,1,1,0,18,19,2,6,0,0,1,0,0,0,0,1,1,6,6,1,19,4,-1,-1,-1,-1,9,E01020385,0,-1
2021041098462,2021,041098462,1,9,0,18,19,3,1,0,0,2,0,0,0,0,1,1,6,6,3,-1,-1,-1,-1,-1,-1,-1,-1,0,-1
2021302101179,2021,302101179,2,9,0,13,13,4,8,0,0,1,0,0,0,0,4,1,6,6,3,-1,-1,-1,-1,-1,-1,5,E01019456,0,-1
2021161031317,2021,161031317,2,1,0,18,19,3,7,0,0,0,0,0,0,0,1,1,6,6,1,16,4,-1,-1,-1,-1,3,E01012839,0,-1
202160Z043224,2021,60Z043224,2,9,0,4,4,2,6,0,0,0,0,0,0,0,2,1,6,6,2,42,7,-1,-1,-1,-1,-1,-1,0,-1
2021161116170,2021,161116170,1,1,0,5,5,4,1,0,0,1,0,0,0,0,3,1,6,6,1,54,8,-1,-1,-1,-1,10,E01013066,0,-1
2021461105479,2021,461105479,2,1,0,18,19,6,2,0,0,0,5,0,0,0,2,1,6,6,1,55,8,-1,-1,-1,-1,-1,-1,0,-1
2021501036769,2021,501036769,1,9,0,18,19,5,1,0,0,0,0,0,0,0,4,1,6,6,3,-1,-1,-1,-1,-1,-1,-1,-1,0,-1
2021061105117,2021,061105117,2,9,0,3,3,7,3,0,0,1,0,0,0,0,0,1,6,6,3,-1,-1,-1,-1,-1,-1,-1,-1,0,-1
2021010347810,2021,010347810,2,9,0,10,10,5,3,0,0,1,0,0,0,0,0,1,6,6,3,-1,-1,-1,-1,-1,-1,-1,-1,0,-1
2021010343198,2021,010343198,1,1,9,99,99,9,9,99,99,9,9,99,9,99,9,1,2,2,1,23,5,-1,-1,-1,-1,4,E01033424,0,-1
2021332100752,2021,332100752,3,9,0,18,19,8,4,0,0,0,0,0,0,0,2,1,6,6,1,52,8,-1,-1,-1,-1,1,E01013692,0,-1
2021010314765,2021,010314765,1,1,9,99,99,9,9,99,99,9,9,99,9,99,1,1,6,6,2,40,7,-1,-1,-1,-1,4,E01004419,0,-1
202160Z132158,2021,60Z132158,2,9,0,17,19,1,5,0,0,0,0,0,0,0,4,1,6,6,2,48,8,-1,-1,-1,-1,-1,-1,0,-1
2021052100483,2021,052100483,1,9,0,9,9,3,1,0,0,2,0,0,0,0,1,1,6,6,3,-1,-1,-1,-1,-1,-1,-1,-1,0,-1
2021052100425,2021,052100425,1,9,0,1,1,1,5,0,0,0,0,0,0,0,2,1,6,6,3,-1,-1,-1,-1,-1,-1,-1,-1,0,-1
2021010301492,2021,010301492,2,1,9,99,99,9,9,99,99,9,9,99,9,99,9,1,6,6,1,-1,-1,-1,-1,-1,-1,3,E01002771,0,-1
2021010311405,2021,010311405,1,1,9,99,99,9,9,99,99,1,9,99,9,10,9,1,6,6,1,75,10,-1,-1,-1,-1,10,E01030308,0,-1
2021041062800,2021,041062800,1,-1,0,18,19,3,7,4,4,0,0,0,0,0,1,1,5,6,1,55,8,-1,-1,-1,-1,1,E01025287,1,-1
2021351017642,2021,351017642,1,1,0,18,19,7,3,0,0,8,5,0,0,0,1,1,6,6,1,42,7,-1,-1,-1,-1,2,E01015654,0,-1
2021052102770,2021,052102770,2,1,0,18,19,1,5,0,0,1,0,0,0,0,3,1,2,2,1,40,7,-1,-1,-1,-1,1,E01006556,0,-1
2021138181436,2021,138181436,2,9,0,18,19,6,2,0,0,0,0,0,0,0,2,1,6,6,1,47,8,-1,-1,-1,-1,8,E01007420,0,-1
2021041037622,2021,041037622,2,1,0,18,19,3,7,0,0,8,5,0,0,0,4,1,6,6,1,19,4,-1,-1,-1,-1,7,E01025169,0,-1
2021332100961,2021,332100961,2,9,0,4,4,5,1,0,0,1,0,0,0,0,2,1,2,2,1,57,9,-1,-1,-1,-1,9,E01025617,0,-1
2021440123154,2021,440123154,2,1,0,18,19,3,7,0,0,8,0,0,0,0,1,1,1,1,1,34,6,-1,-1,-1,-1,-1,-1,0,-1
2021471012733,2021,471012733,1,9,0,18,19,1,5,0,0,1,0,0,7,2,1,1,6,6,2,-1,-1,-1,-1,-1,-1,-1,-1,0,-1
2021131101944,2021,131101944,2,1,0,18,19,3,7,4,4,0,0,0,0,0,4,1,6,6,1,21,5,-1,-1,-1,-1,2,E01010621,0,-1
2021522103919,2021,522103919,2,5,0,18,19,3,7,0,0,0,0,0,0,0,0,1,6,6,1,46,8,-1,-1,-1,-1,1,E01014486,0,-1
2021501134748,2021,501134748,2,1,0,7,7,3,8,0,0,8,0,0,0,0,1,1,5,6,1,53,8,-1,-1,-1,-1,6,E01019959,0,-1
2021471043669,2021,471043669,1,9,0,9,9,7,5,0,0,8,0,0,0,0,1,1,6,6,1,-1,-1,-1,-1,-1,-1,-1,-1,0,-1
2021010297214,2021,010297214,2,-1,0,5,5,3,7,0,0,1,0,0,0,0,3,1,6,6,1,42,7,-1,-1,-1,-1,7,E01000218,1,-1
2021010297395,2021,010297395,2,9,0,5,5,5,1,0,0,6,0,0,1,10,1,1,2,2,1,52,8,-1,-1,-1,-1,1,E01001458,0,-1
2021141115733,2021,141115733,1,9,0,18,19,2,6,0,0,1,0,0,0,0,1,1,6,6,3,-1,-1,-1,-1,-1,-1,-1,-1,0,-1
2021041019340,2021,041019340,3,98,0,4,4,1,5,0,0,0,0,0,0,0,2,1,1,1,1,45,7,-1,-1,-1,-1,7,E01025029,0,-1
2021351014412,2021,351014412,2,98,1,7,7,5,7,0,0,3,0,0,0,0,1,1,1,1,1,47,8,-1,-1,-1,-1,9,E01018032,0,-1
2021052101146,2021,052101146,1,9,0,18,19,1,5,0,0,0,0,0,0,0,4,1,6,6,1,72,10,-1,-1,-1,-1,10,E01007145,0,-1
2021411139461,2021,411139461,2,19,0,18,19,7,3,0,0,2,0,0,0,0,4,1,6,6,3,-1,-1,-1,-1,-1,-1,-1,-1,0,-1
2021430384403,2021,430384403,1,9,0,7,7,5,7,0,0,8,0,0,0,0,1,1,6,6,2,32,6,-1,-1,-1,-1,-1,-1,0,-1
2021010293531,2021,010293531,2,1,0,18,19,7,3,0,0,1,0,0,0,0,1,1,6,6,1,36,7,-1,-1,-1,-1,7,E01002438,0,-1
2021411088328,2021,411088328,3,90,0,18,19,2,4,0,0,0,0,0,0,0,1,1,6,6,3,-1,-1,-1,-1,-1,-1,-1,-1,0,-1
2021041036027,2021,041036027,2,1,0,17,19,7,3,0,0,0,0,0,0,0,3,1,2,2,2,37,7,-1,-1,-1,-1,4,E01033281,0,-1
2021010350533,2021,010350533,2,9,0,99,99,9,9,99,99,9,9,99,9,99,2,9,6,6,3,-1,-1,-1,-1,-1,-1,-1,-1,0,-1
2021010327497,2021,010327497,2,1,0,18,19,1,5,0,0,1,5,4,0,0,1,1,6,6,1,20,4,-1,-1,-1,-1,1,E01002857,0,-1
2021201096977,2021,201096977,2,9,0,18,19,1,6,0,0,8,0,0,0,0,1,1,6,6,3,-1,-1,-1,-1,-1,-1,-1,-1,0,-1
2021471091171,2021,471091171,2,9,0,18,19,7,3,0,0,1,0,0,0,0,1,2,2,2,2,35,6,-1,-1,-1,-1,7,E01031471,0,-1
2021221017127,2021,221017127,1,19,0,18,19,1,5,0,0,0,0,0,0,0,4,1,6,6,3,34,6,-1,-1,-1,-1,-1,-1,0,-1
2021461127282,2021,461127282,1,21,1,5,5,7,3,0,0,0,0,0,0,0,1,1,5,6,1,-1,-1,-1,-1,-1,-1,-1,-1,0,-1
2021010304927,2021,010304927,2,19,0,18,19,5,1,0,0,2,0,0,0,0,1,1,6,6,1,50,8,-1,-1,-1,-1,8,E01004171,0,-1
2021010315995,2021,010315995,2,1,0,14,14,5,1,0,0,1,0,0,0,0,4,1,6,6,2,31,6,-1,-1,-1,-1,4,E01004538,0,-1
2021161088570,2021,161088570,2,1,0,18,19,3,7,0,0,0,0,0,0,0,1,1,2,2,1,22,5,-1,-1,-1,-1,8,E01013098,0,-1
2021010314009,2021,010314009,2,1,0,18,19,3,7,0,0,1,0,10,1,0,1,1,6,6,1,47,8,-1,-1,-1,-1,4,E01033424,0,-1
2021041025454,2021,041025454,1,9,0,18,19,4,8,0,0,0,0,0,0,0,1,1,6,6,3,-1,-1,-1,-1,-1,-1,-1,-1,0,-1
202163D021621,2021,63D021621,1,19,0,17,19,8,5,0,0,0,0,0,0,0,0,1,6,6,3,-1,-1,-1,-1,-1,-1,-1,-1,0,-1
2021351027047,2021,351027047,2,1,0,7,7,7,5,0,0,8,5,0,0,0,4,1,6,6,2,39,7,-1,-1,-1,-1,8,E01017987,0,-1
2021010324740,2021,010324740,2,9,0,99,99,9,9,0,0,0,0,0,0,0,9,9,6,6,3,-1,-1,-1,-1,-1,-1,-1,-1,0,-1
2021430557039,2021,430557039,1,1,0,18,19,1,5,0,0,0,0,0,0,0,3,1,4,7,1,13,3,-1,-1,-1,-1,1,E01016441,0,-1
2021031060327,2021,031060327,2,9,0,18,19,5,1,0,0,0,0,0,0,0,1,1,6,6,3,-1,-1,-1,-1,-1,-1,-1,-1,0,-1
2021332101550,2021,332101550,1,9,0,18,19,1,5,0,0,0,0,0,0,0,1,1,6,6,3,-1,-1,-1,-1,-1,-1,-1,-1,0,-1
2021010307202,2021,010307202,1,1,0,17,19,1,7,0,0,7,0,0,0,0,4,1,6,6,1,18,4,-1,-1,-1,-1,1,E01002748,0,-1
2021451076825,2021,451076825,1,97,0,18,19,5,1,0,0,4,2,9,0,0,3,1,5,6,1,51,8,-1,-1,-1,-1,5,E01002948,0,-1
2021351044919,2021,351044919,1,9,0,18,19,1,3,0,0,0,0,0,0,0,4,1,6,6,3,-1,-1,-1,-1,-1,-1,-1,-1,0,-1
2021122100781,2021,122100781,1,1,0,18,19,5,1,0,0,0,0,0,0,0,1,1,6,6,1,57,9,-1,-1,-1,-1,9,E01013362,0,-1
2021501048891,2021,501048891,1,9,0,18,19,6,2,0,0,2,0,0,0,0,1,1,5,6,1,58,9,-1,-1,-1,-1,-1,-1,0,-1
2021221121859,2021,221121859,1,9,0,17,19,4,1,0,0,0,0,0,0,0,4,1,6,6,3,34,6,-1,-1,-1,-1,-1,-1,0,-1
202160Z131389,2021,60Z131389,2,9,0,10,10,7,3,0,0,5,0,0,0,0,2,1,6,6,1,52,8,-1,-1,-1,-1,-1,-1,0,-1
2021552100420,2021,552100420,2,1,0,18,19,7,4,0,0,8,0,0,0,0,4,1,6,6,1,33,6,-1,-1,-1,-1,5,E01015374,0,-1
202131C059621,2021,31C059621,2,1,0,18,19,5,1,0,0,8,0,0,0,0,1,1,1,1,1,38,7,-1,-1,-1,-1,1,E01013879,0,-1
2021010343866,2021,010343866,1,1,9,99,99,9,9,99,99,9,9,99,9,99,9,1,6,6,3,-1,-1,-1,-1,-1,-1,-1,-1,0,-1
2021010295442,2021,010295442,1,3,0,13,13,3,7,0,0,1,1,0,0,0,4,1,6,6,1,19,4,-1,-1,-1,-1,2,E01004197,0,-1
2021131083809,2021,131083809,1,9,0,-1,-1,-1,-1,-1,-1,0,-1,-1,-1,-1,-1,1,6,6,3,-1,-1,-1,-1,-1,-1,-1,-1,0,-1
2021010301834,2021,010301834,1,3,0,18,19,5,1,0,0,1,0,0,0,0,1,1,1,1,1,34,6,-1,-1,-1,-1,-1,-1,0,-1
2021201081515,2021,201081515,1,1,0,18,19,2,6,9,9,8,0,0,0,0,1,1,6,6,1,-1,-1,-1,-1,-1,-1,-1,-1,0,-1
2021501108764,2021,501108764,1,9,0,18,19,5,1,0,0,1,0,0,0,0,1,1,5,6,1,43,7,-1,-1,-1,-1,9,E01020532,0,-1
2021201074221,2021,201074221,1,19,4,18,19,6,2,0,0,8,0,0,0,0,2,1,6,6,1,44,7,-1,-1,-1,-1,-1,-1,0,-1
2021421096336,2021,421096336,3,19,0,18,19,7,3,0,0,8,0,0,0,0,3,1,1,1,1,53,8,-1,-1,-1,-1,9,E01021945,0,-1
2021481146373,2021,481146373,2,1,0,18,19,7,3,5,5,8,0,0,0,0,1,1,2,2,1,22,5,-1,-1,-1,-1,4,E01000005,0,-1
2021351111139,2021,351111139,2,1,0,18,19,3,7,0,0,8,0,0,0,0,3,1,2,2,1,40,7,-1,-1,-1,-1,7,E01018011,0,-1
2021320737268,2021,320737268,2,9,0,18,19,7,6,0,0,8,0,0,0,0,1,1,6,6,2,-1,-1,-1,-1,-1,-1,10,E01026395,0,-1
2021161018349,2021,161018349,2,1,0,7,7,4,7,0,0,5,0,0,0,0,3,1,6,6,2,45,7,-1,-1,-1,-1,1,E01012876,0,-1
2021201113688,2021,201113688,1,9,0,1,1,2,6,0,0,0,0,0,0,0,2,1,6,6,3,-1,-1,-1,-1,-1,-1,-1,-1,0,-1
2021401057838,2021,401057838,1,9,0,1,1,0,0,0,0,0,0,0,0,0,0,1,6,6,3,-1,-1,-1,-1,-1,-1,-1,-1,0,-1
2021131055136,2021,131055136,1,90,0,18,19,7,3,0,0,1,0,0,0,0,4,1,5,6,1,12,3,-1,-1,-1,-1,-1,-1,0,-1
2021552101407,2021,552101407,1,16,0,18,19,4,8,0,0,0,0,0,0,0,1,1,6,6,2,58,9,-1,-1,-1,-1,5,E01020512,0,-1
202134WNC3281,2021,34WNC3281,1,9,0,9,9,7,3,0,0,3,0,0,0,0,1,1,6,6,2,31,6,-1,-1,-1,-1,-1,-1,0,-1
202131B059021,2021,31B059021,2,19,0,9,9,5,3,0,0,6,0,0,0,0,0,1,6,6,1,-1,-1,-1,-1,-1,-1,-1,-1,0,-1
2021010324646,2021,010324646,1,1,0,4,4,5,1,0,0,1,0,7,0,0,1,1,6,6,1,50,8,-1,-1,-1,-1,5,E01001852,0,-1
2021332101514,2021,332101514,1,9,0,18,19,3,7,0,0,0,0,0,0,0,0,1,6,6,1,32,6,-1,-1,-1,-1,-1,-1,0,-1
2021430409660,2021,430409660,2,1,0,18,19,8,4,0,0,0,0,0,0,0,3,1,2,2,1,52,8,-1,-1,-1,-1,2,E01028567,0,-1
2021141093192,2021,141093192,2,9,0,18,19,5,1,0,0,1,0,0,0,0,1,1,6,6,2,24,5,-1,-1,-1,-1,2,E01007726,0,-1
2021041151021,2021,041151021,1,9,0,-1,-1,-1,-1,-1,-1,0,-1,-1,-1,-1,-1,1,6,6,3,-1,-1,-1,-1,-1,-1,-1,-1,0,-1
2021201105056,2021,201105056,1,9,0,18,19,5,1,0,0,0,0,4,0,0,1,1,6,6,1,-1,-1,-1,-1,-1,-1,-1,-1,0,-1
2021161112262,2021,161112262,1,9,0,18,19,7,3,0,0,0,0,0,0,0,1,1,6,6,3,-1,-1,-1,-1,-1,-1,-1,-1,0,-1
2021461129164,2021,461129164,1,-1,0,18,19,3,7,0,0,1,0,0,0,0,1,1,6,6,1,44,7,-1,-1,-1,-1,1,E01024663,1,-1
2021141120064,2021,141120064,1,1,0,18,19,5,8,0,0,1,0,0,0,0,1,1,2,2,1,15,3,-1,-1,-1,-1,8,E01007502,0,-1
2021041124122,2021,041124122,1,9,0,9,9,3,1,0,0,4,0,0,0,0,-1,1,6,6,3,-1,-1,-1,-1,-1,-1,-1,-1,0,-1
2021131058611,2021,131058611,1,9,0,14,14,2,6,0,0,0,0,0,0,0,4,1,6,6,3,-1,-1,-1,-1,-1,-1,-1,-1,0,-1
2021111021078,2021,111021078,3,9,0,2,2,0,0,0,0,0,0,0,0,0,1,1,6,6,3,-1,-1,-1,-1,-1,-1,-1,-1,0,-1
2021440337643,2021,440337643,3,9,0,18,19,1,5,0,0,0,0,0,0,0,2,1,6,6,1,60,9,-1,-1,-1,-1,5,E01027215,0,-1
2021201095831,2021,201095831,1,9,0,4,4,5,1,0,0,1,0,0,0,0,1,1,6,6,1,-1,-1,-1,-1,-1,-1,-1,-1,0,-1
2021411107627,2021,411107627,1,1,0,18,19,-1,-1,0,0,5,0,0,0,0,3,1,5,6,1,31,6,-1,-1,-1,-1,6,E01023320,0,-1
2021141118036,2021,141118036,2,9,0,17,19,6,2,0,0,0,0,0,1,0,3,1,1,1,1,63,9,-1,-1,-1,-1,9,E01011189,0,-1
2021371105241,2021,371105241,2,1,0,18,19,8,5,0,0,8,0,0,0,0,4,1,5,6,1,39,7,-1,-1,-1,-1,1,E01029994,0,-1
2021332100473,2021,332100473,2,5,0,18,19,4,8,0,0,8,0,0,0,0,1,1,6,6,1,42,7,-1,-1,-1,-1,7,E01033386,0,-1
2021332100229,2021,332100229,1,5,0,17,19,8,4,0,0,0,0,0,1,10,1,1,6,6,1,52,8,-1,-1,-1,-1,6,E01025815,0,-1
2021430552211,2021,430552211,1,1,0,4,4,8,4,0,0,1,0,0,0,0,0,1,6,6,1,56,9,-1,-1,-1,-1,9,E01028463,0,-1
202160Z125562,2021,60Z125562,1,9,0,18,19,4,8,0,0,0,0,0,0,0,1,1,6,6,2,35,6,-1,-1,-1,-1,-1,-1,0,-1
2021430353775,2021,430353775,2,1,0,18,19,1,5,0,0,2,0,0,0,0,3,1,6,6,1,17,4,-1,-1,-1,-1,10,E01028475,0,-1
2021401075784,2021,401075784,1,9,0,4,4,1,5,0,0,0,0,0,0,0,0,1,6,6,3,-1,-1,-1,-1,-1,-1,-1,-1,0,-1
2021991149003,2021,991149003,2,1,0,15,15,4,8,0,0,0,0,0,0,0,2,1,6,6,1,35,6,-1,-1,-1,-1,7,-1,0,-1
2021010299581,2021,010299581,2,-1,0,18,19,5,1,0,0,1,0,0,0,0,0,1,6,6,2,15,3,-1,-1,-1,-1,2,E01003498,1,-1
2021332100403,2021,332100403,1,9,0,18,19,6,2,0,0,0,0,0,0,0,1,1,6,6,1,22,5,-1,-1,-1,-1,-1,-1,0,-1
2021201110411,2021,201110411,1,-1,0,9,9,2,8,0,0,6,0,0,0,0,1,1,6,6,1,18,4,-1,-1,-1,-1,4,E01010330,1,-1
2021041012057,2021,041012057,1,9,0,18,19,1,6,0,0,0,1,0,0,0,1,1,5,6,1,20,4,-1,-1,-1,-1,9,E01025074,0,-1
2021031037307,2021,031037307,1,97,0,18,19,1,5,0,0,4,1,11,0,0,4,1,6,6,1,58,9,-1,-1,-1,-1,1,E01019301,0,-1
2021461053375,2021,461053375,2,1,0,18,19,-1,-1,5,5,1,0,0,0,0,1,1,6,6,1,41,7,-1,-1,-1,-1,3,E01016037,0,-1
2021161033441,2021,161033441,2,1,0,18,19,5,1,0,0,2,5,0,0,0,2,1,5,6,1,20,4,-1,-1,-1,-1,1,E01033109,0,-1
2021101055634,2021,101055634,1,9,0,15,15,7,3,0,0,1,0,0,0,0,4,1,6,6,3,60,9,-1,-1,-1,-1,-1,-1,0,-1
2021201138690,2021,201138690,1,9,0,18,19,5,1,0,0,1,0,0,0,0,1,1,6,6,3,-1,-1,-1,-1,-1,-1,-1,-1,0,-1
2021430497987,2021,430497987,1,9,0,18,19,3,7,0,0,1,0,0,0,0,4,1,6,6,3,-1,-1,-1,-1,-1,-1,-1,-1,0,-1
2021122200060,2021,122200060,2,1,0,9,9,4,8,0,0,0,0,0,0,0,3,1,6,6,1,13,3,-1,-1,-1,-1,5,E01027649,0,-1
202160Z158151,2021,60Z158151,2,4,0,18,19,4,8,0,0,0,0,0,0,0,1,1,2,2,1,19,4,-1,-1,-1,-1,-1,-1,0,-1
2021010301249,2021,010301249,1,21,1,12,12,7,3,0,0,0,0,0,0,0,2,2,1,1,1,54,8,-1,-1,-1,-1,-1,-1,0,-1
2021411023790,2021,411023790,2,1,0,18,19,1,5,0,0,8,0,0,0,0,1,1,6,6,1,67,10,-1,-1,-1,-1,5,E01000264,0,-1
2021371028856,2021,371028856,1,9,0,18,19,1,5,0,0,1,0,0,0,0,4,1,6,6,3,-1,-1,-1,-1,-1,-1,-1,-1,0,-1
2021061110354,2021,061110354,2,-1,0,18,19,3,7,0,0,0,0,0,0,0,0,1,6,6,2,22,5,-1,-1,-1,-1,3,E01004868,1,-1
2021221085222,2021,221085222,2,1,0,18,19,3,7,0,0,2,0,0,0,0,3,1,5,6,1,41,7,-1,-1,-1,-1,1,E01032368,0,-1
2021302100660,2021,302100660,2,1,0,9,9,4,2,0,0,1,0,0,0,0,2,1,6,6,1,54,8,-1,-1,-1,-1,7,E01019539,0,-1
202163D015321,2021,63D015321,2,9,0,4,4,8,4,0,0,0,0,0,0,0,2,1,6,6,1,61,9,-1,-1,-1,-1,5,W01001373,0,-1
2021552100285,2021,552100285,2,1,0,14,14,4,8,0,0,8,0,0,0,0,1,1,6,6,1,66,10,-1,-1,-1,-1,5,E01015346,0,-1
2021201148645,2021,201148645,1,9,0,12,12,5,2,0,0,1,0,0,0,0,3,1,6,6,3,-1,-1,-1,-1,-1,-1,-1,-1,0,-1
2021430422325,2021,430422325,3,1,0,16,19,6,1,0,0,1,0,0,0,0,0,1,6,6,3,-1,-1,-1,-1,-1,-1,-1,-1,0,-1
2021430511426,2021,430511426,2,97,0,5,5,2,6,0,0,1,0,0,0,0,3,1,6,6,1,-1,-1,-1,-1,-1,-1,-1,-1,0,-1
2021010291508,2021,010291508,2,1,0,10,10,5,3,0,0,4,0,0,0,0,1,1,6,6,1,50,8,-1,-1,-1,-1,4,E01002684,0,-1