collision_index,collision_year,collision_ref_no,vehicle_reference,vehicle_type,towing_and_articulation,vehicle_manoeuvre_historic,vehicle_manoeuvre,vehicle_direction_from,vehicle_direction_to,vehicle_location_restricted_lane_historic,vehicle_location_restricted_lane,junction_location,skidding_and_overturning,hit_object_in_carriageway,vehicle_leaving_carriageway,hit_object_off_carriageway,first_point_of_impact,vehicle_left_hand_drive,journey_purpose_of_driver_historic,journey_purpose_of_driver,sex_of_driver,age_of_driver,age_band_of_driver,engine_capacity_cc,propulsion_code,age_of_vehicle,generic_make_model,driver_imd_decile,lsoa_of_driver,escooter_flag,driver_distance_banding
2021332100821,2021,332100821,7,98,0,18,19,4,8,0,0,0,0,0,0,0,1,1,2,2,1,32,6,-1,-1,-1,-1,10,E01019640,0,-1
2021320517243,2021,320517243,1,9,0,18,19,1,5,0,0,1,0,0,0,0,1,1,6,6,2,40,7,-1,-1,-1,-1,-1,-1,0,-1
202154A035921,2021,54A035921,2,1,0,18,19,5,1,0,0,4,0,0,0,0,1,1,6,6,1,63,9,-1,-1,-1,-1,6,E01032114,0,-1
2021010342219,2021,010342219,1,1,0,18,19,1,5,0,0,1,0,0,0,0,2,1,6,6,1,26,6,-1,-1,-1,-1,3,E01003548,0,-1
2021211156617,2021,211156617,2,9,0,12,12,1,5,0,0,0,0,0,0,0,4,1,6,6,3,56,9,-1,-1,-1,-1,2,E01014311,0,-1
2021351106099,2021,351106099,1,9,0,18,19,3,7,0,0,0,0,0,0,0,1,1,6,6,1,30,6,-1,-1,-1,-1,9,E01018298,0,-1
202134NNC9011,2021,34NNC9011,1,9,0,18,19,2,6,0,0,4,0,0,3,0,0,1,6,6,1,75,10,-1,-1,-1,-1,-1,-1,0,-1
2021141094065,2021,141094065,1,9,0,18,19,2,7,0,0,0,0,0,0,0,1,1,6,6,3,-1,-1,-1,-1,-1,-1,-1,-1,0,-1
2021138370936,2021,138370936,2,1,0,5,5,8,4,0,0,0,0,0,0,0,0,1,6,6,2,49,8,-1,-1,-1,-1,6,E01005396,0,-1
2021421047228,2021,421047228,2,1,0,18,19,5,1,0,0,8,5,0,0,0,4,1,6,6,1,35,6,-1,-1,-1,-1,8,E01003744,0,-1
2021440017513,2021,440017513,1,9,0,18,19,3,5,0,0,4,0,0,0,0,1,1,6,6,1,50,8,-1,-1,-1,-1,2,E01022900,0,-1
2021141114325,2021,141114325,1,9,0,16,19,1,3,0,0,1,0,0,0,0,1,2,6,6,1,36,7,-1,-1,-1,-1,7,E01007384,0,-1
2021061091349,2021,061091349,2,23,0,18,19,5,1,0,0,1,0,0,0,0,3,1,6,6,1,60,9,-1,-1,-1,-1,1,E01005287,0,-1
2021461061656,2021,461061656,1,1,0,18,19,5,1,0,0,0,0,11,0,0,0,1,6,6,1,54,8,-1,-1,-1,-1,2,E01024294,0,-1
2021211150484,2021,211150484,1,8,0,17,19,8,5,0,0,1,0,0,0,0,1,1,6,6,1,-1,-1,-1,-1,-1,-1,-1,-1,0,-1
202134NNC1671,2021,34NNC1671,2,1,0,18,19,5,1,0,0,8,0,0,0,0,1,1,6,6,1,45,7,-1,-1,-1,-1,1,E01026960,0,-1
202160Z173050,2021,60Z173050,1,9,0,18,19,5,1,0,0,0,0,0,1,0,0,1,1,1,1,19,4,-1,-1,-1,-1,-1,-1,0,-1
2021991045700,2021,991045700,3,9,0,18,19,4,8,0,0,0,0,0,0,0,0,1,6,6,3,30,6,-1,-1,-1,-1,-1,-1,0,-1
2021231041806,2021,231041806,3,1,0,18,19,2,6,0,0,0,0,0,1,11,4,1,5,6,1,54,8,-1,-1,-1,-1,9,E01031151,0,-1
202163C048821,2021,63C048821,5,9,0,18,19,4,8,0,0,0,1,0,0,0,1,1,6,6,2,26,6,-1,-1,-1,-1,7,W01000573,0,-1
2021010371942,2021,010371942,1,1,9,99,99,9,9,99,99,9,9,0,0,0,9,1,6,6,1,47,8,-1,-1,-1,-1,3,E01004184,0,-1
2021101094774,2021,101094774,2,1,0,5,5,1,5,0,0,6,0,0,0,0,4,1,6,6,1,16,4,-1,-1,-1,-1,-1,-1,0,-1
2021010317922,2021,010317922,2,1,0,7,7,7,8,0,0,1,0,0,0,0,1,1,1,1,1,19,4,-1,-1,-1,-1,3,E01004012,0,-1
2021031075972,2021,031075972,2,9,0,18,19,2,5,0,0,0,0,0,0,0,1,1,6,6,2,43,7,-1,-1,-1,-1,7,E01025164,0,-1
2021451117356,2021,451117356,1,98,0,18,19,6,2,0,0,1,0,0,0,0,4,1,1,1,1,22,5,-1,-1,-1,-1,-1,-1,0,-1
2021471127706,2021,471127706,2,1,-1,18,19,3,7,0,0,1,0,0,0,0,4,1,6,6,1,30,6,-1,-1,-1,-1,1,E01016947,0,-1
2021131044593,2021,131044593,1,9,0,9,9,1,5,0,0,6,0,0,0,0,1,1,6,6,3,30,6,-1,-1,-1,-1,-1,-1,0,-1
2021010327489,2021,010327489,1,9,0,18,19,3,7,0,0,0,0,0,0,0,1,1,6,6,3,21,5,-1,-1,-1,-1,-1,-1,0,-1
2021010314107,2021,010314107,2,1,0,18,19,6,2,0,0,8,5,0,0,0,4,1,6,6,1,31,6,-1,-1,-1,-1,2,E01003092,0,-1
2021430540983,2021,430540983,2,9,0,4,4,3,5,0,0,3,0,0,0,0,1,1,6,6,1,-1,-1,-1,-1,-1,-1,-1,-1,0,-1
2021101062649,2021,101062649,2,1,0,18,19,7,3,0,0,5,0,0,0,0,1,1,6,6,1,46,8,-1,-1,-1,-1,7,E01008505,0,-1
202131A138421,2021,31A138421,2,1,0,18,19,8,4,0,0,1,0,0,0,0,4,1,6,6,1,20,4,-1,-1,-1,-1,4,E01028252,0,-1
2021332100231,2021,332100231,1,9,0,3,3,3,7,0,0,1,0,0,0,0,2,1,6,6,2,41,7,-1,-1,-1,-1,9,E01025611,0,-1
2021101040451,2021,101040451,1,9,0,18,19,8,3,0,0,8,0,0,0,0,1,1,6,6,3,-1,-1,-1,-1,-1,-1,-1,-1,0,-1
2021010292558,2021,010292558,2,1,0,18,19,1,5,0,0,1,0,0,0,0,1,1,6,6,1,35,6,-1,-1,-1,-1,3,E01003025,0,-1
2021411101064,2021,411101064,2,9,0,4,4,0,0,0,0,1,0,0,0,0,2,1,2,2,2,30,6,-1,-1,-1,-1,7,E01023590,0,-1
2021430004947,2021,430004947,3,9,0,18,19,6,2,0,0,1,0,0,0,0,3,1,6,6,2,41,7,-1,-1,-1,-1,8,E01028610,0,-1
2021141090234,2021,141090234,1,9,0,14,14,3,7,0,0,0,0,0,0,0,1,1,6,6,3,-1,-1,-1,-1,-1,-1,-1,-1,0,-1
2021430388877,2021,430388877,2,1,0,18,19,7,8,0,0,8,0,0,0,0,3,1,2,2,2,55,8,-1,-1,-1,-1,7,E01028515,0,-1
2021201118851,2021,201118851,3,9,0,18,19,-1,-1,0,0,4,0,0,0,0,1,1,6,6,3,-1,-1,-1,-1,-1,-1,-1,-1,0,-1
2021010330762,2021,010330762,1,1,9,99,99,9,9,99,99,9,9,99,9,99,9,1,6,6,1,47,8,-1,-1,-1,-1,10,E01002462,0,-1
2021451103719,2021,451103719,1,1,0,18,19,1,3,0,0,8,0,0,0,0,1,1,2,2,1,45,7,-1,-1,-1,-1,9,E01030334,0,-1
2021101114684,2021,101114684,2,1,0,18,19,3,7,0,0,2,0,0,0,0,2,1,5,6,1,9,2,-1,-1,-1,-1,1,E01027424,0,-1
2021010345262,2021,010345262,2,1,0,18,19,7,3,0,0,0,0,0,0,0,2,1,6,6,1,34,6,-1,-1,-1,-1,-1,-1,0,-1
2021061104246,2021,061104246,2,9,0,18,19,4,8,0,0,8,0,0,0,0,0,1,6,6,3,30,6,-1,-1,-1,-1,-1,-1,0,-1
2021161119279,2021,161119279,1,1,0,18,19,5,1,0,0,0,0,0,0,0,1,1,6,6,1,35,6,-1,-1,-1,-1,1,E01013138,0,-1
2021221085088,2021,221085088,2,1,0,9,9,8,6,0,0,8,0,0,0,0,1,1,5,6,1,18,4,-1,-1,-1,-1,7,E01028954,0,-1
2021141044555,2021,141044555,1,9,0,4,4,3,7,0,0,1,0,0,0,0,2,1,1,1,1,46,8,-1,-1,-1,-1,1,E01007851,0,-1
2021332100982,2021,332100982,2,9,0,18,19,1,5,0,0,0,0,0,0,0,1,1,6,6,1,54,8,-1,-1,-1,-1,10,E01025813,0,-1
2021010291495,2021,010291495,2,19,0,7,7,6,7,0,0,8,0,0,0,0,3,1,6,6,1,41,7,-1,-1,-1,-1,10,E01020704,0,-1
2021332100228,2021,332100228,1,9,0,18,19,1,5,0,0,4,0,0,0,0,4,1,2,2,2,44,7,-1,-1,-1,-1,8,E01032598,0,-1
2021141116098,2021,141116098,1,1,0,18,19,1,5,0,0,1,5,0,0,0,1,1,6,6,1,46,8,-1,-1,-1,-1,1,E01008065,0,-1
2021320387322,2021,320387322,3,1,0,18,19,6,2,0,0,0,5,0,0,0,0,1,6,6,1,37,7,-1,-1,-1,-1,7,E01026372,0,-1
2021471096698,2021,471096698,2,9,0,18,19,3,7,0,0,1,0,0,0,0,1,1,2,2,1,63,9,-1,-1,-1,-1,9,E01031384,0,-1
2021332101062,2021,332101062,1,9,0,18,19,1,5,0,0,0,0,0,0,0,3,1,2,2,1,21,5,-1,-1,-1,-1,8,E01025671,0,-1
2021451106849,2021,451106849,2,1,0,18,19,6,2,0,0,1,2,0,0,0,1,1,6,6,1,24,5,-1,-1,-1,-1,10,E01030374,0,-1
2021052102689,2021,052102689,2,1,0,3,3,6,2,0,0,1,0,0,0,0,3,1,2,2,1,21,5,-1,-1,-1,-1,5,E01006934,0,-1
2021061111293,2021,061111293,2,1,0,18,19,5,1,0,0,1,0,0,0,0,1,1,5,6,1,24,5,-1,-1,-1,-1,1,E01005183,0,-1
2021010332033,2021,010332033,2,1,9,99,99,9,9,99,99,9,9,99,9,99,9,1,6,6,3,-1,-1,-1,-1,-1,-1,-1,-1,0,-1
2021010290714,2021,010290714,2,1,0,18,19,7,3,0,0,1,0,0,0,0,1,1,6,6,1,22,5,-1,-1,-1,-1,-1,-1,0,-1
2021991071692,2021,991071692,2,1,0,18,19,1,5,0,0,8,0,0,0,0,2,1,6,6,1,34,6,-1,-1,-1,-1,1,-1,0,-1
2021440159998,2021,440159998,1,9,0,9,9,3,1,0,0,8,0,0,0,0,4,1,1,1,1,26,6,-1,-1,-1,-1,-1,-1,0,-1
2021461014404,2021,461014404,2,9,0,18,19,7,3,0,0,1,0,0,1,0,1,1,2,2,1,25,5,-1,-1,-1,-1,1,E01024663,0,-1
2021440405715,2021,440405715,1,1,0,18,19,7,3,0,0,8,0,0,0,0,1,1,6,6,1,44,7,-1,-1,-1,-1,3,E01017052,0,-1
2021010331399,2021,010331399,1,1,9,99,99,9,9,99,99,9,9,99,9,99,0,1,6,6,2,34,6,-1,-1,-1,-1,6,E01002742,0,-1
2021141069072,2021,141069072,2,9,0,18,19,6,2,0,0,0,0,0,0,0,1,1,6,6,3,-1,-1,-1,-1,-1,-1,-1,-1,0,-1
2021332101584,2021,332101584,2,9,0,18,19,2,6,0,0,0,0,0,0,0,0,1,6,6,1,19,4,-1,-1,-1,-1,-1,-1,0,-1
202134NNC0341,2021,34NNC0341,2,9,0,10,10,5,1,0,0,8,0,0,0,0,1,1,6,6,2,25,5,-1,-1,-1,-1,-1,-1,0,-1
2021010322445,2021,010322445,2,1,0,5,5,5,1,0,0,2,0,0,0,0,1,1,1,1,1,26,6,-1,-1,-1,-1,3,E01003565,0,-1
2021440368699,2021,440368699,2,9,4,18,19,1,5,0,0,0,0,0,0,0,1,1,6,6,1,-1,-1,-1,-1,-1,-1,-1,-1,0,-1
2021461063314,2021,461063314,1,4,0,15,15,8,3,0,0,6,1,0,0,0,4,1,6,6,1,16,4,-1,-1,-1,-1,2,E01000374,0,-1
2021070891176,2021,070891176,1,1,0,18,19,7,3,0,0,8,0,0,0,0,2,1,2,2,1,19,4,-1,-1,-1,-1,6,E01018713,0,-1
2021010344010,2021,010344010,1,9,9,18,19,5,1,99,99,6,9,99,9,99,9,9,6,6,3,-1,-1,-1,-1,-1,-1,-1,-1,0,-1
2021201099668,2021,201099668,1,9,0,9,9,-1,-1,0,0,0,0,0,0,0,0,1,6,6,3,-1,-1,-1,-1,-1,-1,-1,-1,0,-1
2021332100726,2021,332100726,2,9,0,2,2,0,0,9,9,2,0,0,0,0,3,1,6,6,1,61,9,-1,-1,-1,-1,1,E01013652,0,-1
2021010316032,2021,010316032,2,9,0,5,5,3,7,0,0,0,0,0,0,0,1,1,6,6,3,-1,-1,-1,-1,-1,-1,-1,-1,0,-1
2021332100604,2021,332100604,4,19,0,18,19,5,1,0,0,0,0,0,6,6,1,1,1,1,1,43,7,-1,-1,-1,-1,4,E01008000,0,-1
2021361065336,2021,361065336,1,9,0,18,19,2,6,0,0,0,0,0,0,0,1,1,2,2,1,49,8,-1,-1,-1,-1,7,E01025882,0,-1
2021320404073,2021,320404073,1,9,0,7,7,5,7,0,0,1,0,0,0,0,2,1,6,6,2,26,6,-1,-1,-1,-1,1,E01026112,0,-1
2021061098236,2021,061098236,1,19,0,5,5,1,1,0,0,0,0,0,0,0,1,1,6,6,3,30,6,-1,-1,-1,-1,-1,-1,0,-1
2021201053307,2021,201053307,2,90,0,18,19,2,6,0,0,2,0,0,0,0,2,1,6,6,2,-1,-1,-1,-1,-1,-1,-1,-1,0,-1
2021010324081,2021,010324081,2,21,0,2,2,0,0,0,0,8,0,0,0,0,1,1,6,6,3,-1,-1,-1,-1,-1,-1,-1,-1,0,-1
2021010321070,2021,010321070,1,1,9,99,99,9,9,99,99,9,9,99,9,99,1,1,6,6,1,39,7,-1,-1,-1,-1,3,E01003096,0,-1
2021451072818,2021,451072818,1,1,0,18,19,1,1,0,0,0,0,0,0,0,1,1,5,6,1,34,6,-1,-1,-1,-1,2,E01003330,0,-1
2021411052129,2021,411052129,1,98,4,1,1,3,7,0,0,0,0,0,0,0,2,1,1,1,1,30,6,-1,-1,-1,-1,-1,-1,0,-1
2021332100403,2021,332100403,2,9,0,2,2,0,0,0,0,0,0,0,0,0,4,1,6,6,1,-1,-1,-1,-1,-1,-1,-1,-1,0,-1
2021052102645,2021,052102645,1,9,0,4,4,5,1,0,0,0,0,0,0,0,1,1,6,6,2,32,6,-1,-1,-1,-1,1,E01006603,0,-1
2021622100783,2021,622100783,2,1,0,18,19,8,4,0,0,1,0,0,0,0,2,1,4,7,1,12,3,-1,-1,-1,-1,1,W01000835,0,-1
2021131111213,2021,131111213,2,1,0,18,19,8,4,4,4,1,0,0,0,0,0,1,6,6,2,38,7,-1,-1,-1,-1,3,E01011028,0,-1
2021440469728,2021,440469728,1,3,0,18,19,3,7,0,0,0,1,12,0,0,1,1,6,6,1,24,5,-1,-1,-1,-1,7,E01023168,0,-1
2021231051825,2021,231051825,2,1,0,9,9,3,1,0,0,4,0,0,0,0,4,1,2,2,2,50,8,-1,-1,-1,-1,10,E01031305,0,-1
2021070881569,2021,070881569,3,9,0,2,2,0,0,0,0,0,0,0,0,0,1,1,2,2,2,48,8,-1,-1,-1,-1,5,E01018480,0,-1
2021010333577,2021,010333577,1,9,9,18,19,1,5,0,0,1,0,0,0,0,1,1,6,6,1,-1,-1,-1,-1,-1,-1,-1,-1,0,-1
2021161084504,2021,161084504,2,90,0,5,5,3,7,0,0,0,0,0,0,0,1,1,5,6,1,17,4,-1,-1,-1,-1,-1,-1,0,-1
2021141011400,2021,141011400,3,9,0,2,2,0,0,0,0,0,0,0,0,0,2,1,6,6,3,-1,-1,-1,-1,-1,-1,-1,-1,0,-1
2021010308612,2021,010308612,2,98,0,99,99,9,9,99,99,0,9,99,9,99,4,9,6,6,3,-1,-1,-1,-1,-1,-1,-1,-1,0,-1
2021052102496,2021,052102496,1,9,0,1,1,1,5,0,0,0,0,0,0,0,2,1,6,6,3,-1,-1,-1,-1,-1,-1,-1,-1,0,-1
2021545487221,2021,545487221,2,1,0,18,19,1,5,0,0,8,0,0,0,0,2,1,6,6,1,33,6,-1,-1,-1,-1,-1,-1,0,-1
2021010310425,2021,010310425,2,9,0,99,99,9,9,99,99,9,9,99,9,99,9,9,6,6,3,-1,-1,-1,-1,-1,-1,-1,-1,0,-1
2021522200631,2021,522200631,2,1,0,13,13,8,4,0,0,8,0,0,0,0,1,1,6,6,1,21,5,-1,-1,-1,-1,8,E01014484,0,-1
2021421082308,2021,421082308,1,9,-1,-1,-1,-1,-1,-1,-1,-1,-1,-1,-1,0,-1,1,6,6,3,-1,-1,-1,-1,-1,-1,-1,-1,0,-1
2021010318037,2021,010318037,2,9,0,99,99,9,9,99,99,9,9,99,9,99,9,9,6,6,3,26,6,-1,-1,-1,-1,4,E01004345,0,-1
2021201114150,2021,201114150,2,9,0,18,19,7,3,0,0,0,0,0,0,0,1,1,6,6,3,30,6,-1,-1,-1,-1,-1,-1,0,-1
2021411021621,2021,411021621,2,1,0,18,19,5,1,0,0,0,0,0,0,0,4,1,5,6,1,58,9,-1,-1,-1,-1,10,E01023966,0,-1
2021461023501,2021,461023501,2,11,0,18,19,5,1,0,0,1,0,0,0,0,0,1,1,1,1,50,8,-1,-1,-1,-1,4,E01024339,0,-1
2021010296934,2021,010296934,1,9,0,18,19,1,5,0,0,9,0,0,0,0,4,1,6,6,3,-1,-1,-1,-1,-1,-1,-1,-1,0,-1
2021010319260,2021,010319260,1,-1,0,18,19,3,7,0,0,2,0,0,0,0,1,1,2,2,1,53,8,-1,-1,-1,-1,8,E01016190,1,-1
2021430567446,2021,430567446,2,1,0,18,19,3,7,0,0,8,0,0,0,0,3,1,6,6,1,37,7,-1,-1,-1,-1,8,E01028578,0,-1
2021991029277,2021,991029277,1,19,0,7,7,4,7,0,0,2,0,0,0,0,0,1,6,6,3,32,6,-1,-1,-1,-1,-1,-1,0,-1
202160Z153572,2021,60Z153572,2,9,0,18,19,1,5,0,0,1,0,0,0,0,1,1,6,6,1,54,8,-1,-1,-1,-1,-1,-1,0,-1
2021522102471,2021,522102471,2,1,0,18,19,6,2,0,0,8,0,0,0,0,1,1,6,6,2,29,6,-1,-1,-1,-1,2,E01014691,0,-1
2021010308584,2021,010308584,1,1,0,99,99,9,9,0,0,0,0,99,9,99,9,1,6,6,1,38,7,-1,-1,-1,-1,3,E01003923,0,-1
202160Z148483,2021,60Z148483,2,3,0,5,5,6,2,0,0,8,0,0,0,0,0,1,6,6,1,19,4,-1,-1,-1,-1,-1,-1,0,-1
2021552100768,2021,552100768,1,17,0,18,19,7,3,0,0,0,0,0,0,0,4,1,6,6,3,-1,-1,-1,-1,-1,-1,-1,-1,0,-1
2021010311792,2021,010311792,1,1,0,18,19,7,3,0,0,1,5,0,0,0,0,1,6,6,1,66,10,-1,-1,-1,-1,3,E01004575,0,-1
2021010325806,2021,010325806,2,90,9,99,99,9,9,99,99,0,9,99,9,99,9,9,6,6,1,37,7,-1,-1,-1,-1,7,E01002377,0,-1
2021332100760,2021,332100760,1,9,0,18,19,4,8,0,0,0,0,0,0,0,1,1,6,6,2,71,10,-1,-1,-1,-1,1,E01013728,0,-1
2021010290420,2021,010290420,2,19,0,99,99,9,9,99,99,9,9,99,9,99,9,9,6,6,3,-1,-1,-1,-1,-1,-1,-1,-1,0,-1
2021141038730,2021,141038730,1,1,0,18,19,7,3,0,0,0,0,0,0,0,3,1,6,6,1,14,3,-1,-1,-1,-1,2,E01007556,0,-1
2021070896001,2021,070896001,2,1,0,18,19,5,1,0,0,0,5,0,1,4,2,1,6,6,1,16,4,-1,-1,-1,-1,7,E01018597,0,-1
2021041114297,2021,041114297,1,9,0,18,19,5,1,0,0,1,0,0,0,0,1,1,6,6,3,-1,-1,-1,-1,-1,-1,-1,-1,0,-1
2021302101940,2021,302101940,2,22,0,18,19,6,2,0,0,8,5,0,0,0,1,1,6,6,1,79,11,-1,-1,-1,-1,3,E01019692,0,-1
2021332100800,2021,332100800,1,1,0,18,19,1,5,0,0,6,0,0,0,0,1,1,2,2,1,35,6,-1,-1,-1,-1,10,E01025641,0,-1
2021201071042,2021,201071042,2,1,0,18,19,6,2,0,0,1,0,0,0,0,3,1,6,6,1,55,8,-1,-1,-1,-1,6,E01009036,0,-1
2021991125954,2021,991125954,2,9,0,17,19,8,4,0,0,0,0,0,0,0,1,1,6,6,3,16,4,-1,-1,-1,-1,-1,-1,0,-1
2021010335388,2021,010335388,1,9,0,99,99,9,9,99,99,9,9,99,9,99,1,9,6,6,3,-1,-1,-1,-1,-1,-1,-1,-1,0,-1
2021070493346,2021,070493346,3,1,0,5,5,3,7,0,0,0,0,0,0,0,3,1,6,6,1,11,3,-1,-1,-1,-1,1,E01012441,0,-1
2021201146905,2021,201146905,1,8,0,18,19,-1,-1,0,0,0,0,0,0,0,1,1,1,1,1,-1,-1,-1,-1,-1,-1,-1,-1,0,-1
2021320713981,2021,320713981,1,9,0,18,19,3,7,0,0,0,0,0,0,0,4,1,6,6,2,52,8,-1,-1,-1,-1,1,E01026115,0,-1
202160Z049328,2021,60Z049328,1,9,0,18,19,5,1,0,0,0,1,0,0,0,1,1,6,6,2,63,9,-1,-1,-1,-1,-1,-1,0,-1
2021101108462,2021,101108462,1,9,0,7,7,8,4,0,0,0,0,0,0,0,1,1,6,6,2,34,6,-1,-1,-1,-1,3,E01027430,0,-1
2021421022571,2021,421022571,1,1,0,18,19,5,1,0,0,0,0,0,0,0,2,1,5,6,1,15,3,-1,-1,-1,-1,6,E01021430,0,-1
2021332100364,2021,332100364,3,9,0,2,2,4,8,0,0,2,0,0,0,0,3,1,6,6,2,29,6,-1,-1,-1,-1,5,E01033180,0,-1
2021371058005,2021,371058005,2,1,0,18,19,4,8,0,0,2,2,0,0,0,2,1,1,1,1,39,7,-1,-1,-1,-1,1,E01030258,0,-1
2021451063963,2021,451063963,2,9,0,9,9,7,5,0,0,1,0,0,0,0,1,1,6,6,1,40,7,-1,-1,-1,-1,-1,-1,0,-1
2021501020910,2021,501020910,1,9,0,18,19,8,4,0,0,1,0,0,0,0,2,1,6,6,3,-1,-1,-1,-1,-1,-1,-1,-1,0,-1
2021010350617,2021,010350617,1,97,0,18,19,6,2,0,0,0,1,0,0,0,1,1,6,6,3,-1,-1,-1,-1,-1,-1,-1,-1,0,-1
2021552100731,2021,552100731,2,1,0,18,19,7,3,0,0,1,0,0,0,0,4,1,6,6,1,33,6,-1,-1,-1,-1,5,E01019886,0,-1
2021501066369,2021,501066369,1,19,0,18,19,1,5,0,0,0,0,0,0,0,3,1,5,6,3,-1,-1,-1,-1,-1,-1,-1,-1,0,-1
2021070307414,2021,070307414,1,-1,0,18,19,6,2,0,0,0,0,0,0,0,3,1,2,2,2,-1,-1,-1,-1,-1,-1,-1,-1,1,-1
2021010335199,2021,010335199,1,1,9,99,99,9,9,99,99,9,9,99,9,99,9,1,2,2,2,31,6,-1,-1,-1,-1,4,E01003448,0,-1
2021061104055,2021,061104055,1,17,1,18,19,1,5,0,0,0,0,0,0,0,0,1,6,6,3,-1,-1,-1,-1,-1,-1,-1,-1,0,-1
2021421093167,2021,421093167,1,19,0,18,19,7,3,0,0,0,0,0,1,0,4,1,6,6,3,-1,-1,-1,-1,-1,-1,-1,-1,0,-1
2021010328924,2021,010328924,1,9,0,99,99,9,9,99,99,9,9,99,9,99,2,9,6,6,3,-1,-1,-1,-1,-1,-1,-1,-1,0,-1
2021332100102,2021,332100102,1,98,0,18,19,3,7,0,0,8,0,0,0,0,4,1,1,1,1,31,6,-1,-1,-1,-1,3,E01025852,0,-1
2021520200112,2021,520200112,2,9,0,18,19,2,6,0,0,0,0,0,0,0,2,1,6,6,1,30,6,-1,-1,-1,-1,7,E01032116,0,-1
2021421022595,2021,421022595,2,1,0,18,19,5,1,0,0,1,0,0,0,0,4,1,2,2,1,16,4,-1,-1,-1,-1,9,E01015909,0,-1
2021332100988,2021,332100988,3,19,0,18,19,7,3,0,0,1,0,0,0,0,3,1,6,6,1,47,8,-1,-1,-1,-1,5,E01025763,0,-1
2021440400736,2021,440400736,1,1,0,18,19,7,3,4,4,8,0,0,0,0,0,1,2,2,1,26,6,-1,-1,-1,-1,-1,-1,0,-1
2021531068850,2021,531068850,2,1,0,18,19,-1,-1,0,0,0,0,0,0,0,3,1,2,2,2,-1,-1,-1,-1,-1,-1,-1,-1,0,-1
2021421087770,2021,421087770,2,1,0,18,19,3,7,0,0,4,0,0,0,0,1,1,5,6,2,24,5,-1,-1,-1,-1,9,E01033614,0,-1
2021522104350,2021,522104350,2,5,0,18,19,7,3,0,0,1,0,0,0,0,3,1,6,6,1,56,9,-1,-1,-1,-1,3,E01014807,0,-1
2021161119279,2021,161119279,2,9,0,18,19,1,5,0,0,0,0,0,0,0,1,1,6,6,3,-1,-1,-1,-1,-1,-1,-1,-1,0,-1
2021332100869,2021,332100869,1,8,0,9,9,8,6,0,0,5,0,0,0,0,0,1,6,6,1,37,7,-1,-1,-1,-1,1,E01013728,0,-1
202160Z134795,2021,60Z134795,1,9,0,16,19,8,4,0,0,0,0,0,1,11,1,1,6,6,1,76,11,-1,-1,-1,-1,-1,-1,0,-1
202163B019321,2021,63B019321,2,9,0,18,19,2,6,0,0,0,0,0,1,10,1,1,6,6,1,70,10,-1,-1,-1,-1,5,E01014135,0,-1
2021471086255,2021,471086255,1,1,0,6,6,2,2,0,0,1,0,0,0,0,3,1,6,6,1,15,3,-1,-1,-1,-1,6,E01031817,0,-1
2021010314862,2021,010314862,2,1,0,18,19,3,7,0,0,5,0,0,0,0,4,1,6,6,2,34,6,-1,-1,-1,-1,2,E01004044,0,-1
202160Z108687,2021,60Z108687,1,19,0,7,7,8,4,0,0,1,0,0,0,0,3,1,1,1,1,31,6,-1,-1,-1,-1,-1,-1,0,-1
2021501075357,2021,501075357,1,5,0,18,19,7,3,0,0,0,0,0,0,0,1,1,2,2,1,40,7,-1,-1,-1,-1,3,E01019028,0,-1
2021332100139,2021,332100139,1,9,0,18,19,3,7,0,0,8,0,0,0,0,1,1,6,6,1,19,4,-1,-1,-1,-1,5,E01001310,0,-1
202131C055521,2021,31C055521,2,1,0,18,19,2,6,5,5,1,0,0,0,0,1,1,6,6,1,30,6,-1,-1,-1,-1,9,E01028099,0,-1
2021041045770,2021,041045770,1,9,0,9,9,5,1,0,0,1,0,0,0,0,1,1,6,6,3,-1,-1,-1,-1,-1,-1,-1,-1,0,-1
202163B077921,2021,63B077921,2,1,0,18,19,2,6,0,0,8,0,0,0,0,1,1,6,6,1,22,5,-1,-1,-1,-1,9,W01001934,0,-1
2021010336973,2021,010336973,1,9,9,18,19,1,5,0,0,9,0,0,0,0,9,9,6,6,1,-1,-1,-1,-1,-1,-1,1,E01001206,0,-1
2021440025280,2021,440025280,1,1,0,18,19,8,4,0,0,8,0,0,0,0,1,1,6,6,1,66,10,-1,-1,-1,-1,9,E01032753,0,-1
2021211114933,2021,211114933,1,9,-1,7,7,1,3,0,0,2,0,0,0,0,0,1,6,6,3,-1,-1,-1,-1,-1,-1,-1,-1,0,-1
2021430459949,2021,430459949,1,19,0,9,9,8,3,0,0,6,0,0,0,0,1,1,1,1,1,26,6,-1,-1,-1,-1,2,E01017707,0,-1
2021991019658,2021,991019658,1,1,0,18,19,6,2,0,0,1,0,0,0,0,0,1,5,6,1,40,7,-1,-1,-1,-1,10,-1,0,-1
2021010334870,2021,010334870,2,1,0,14,14,5,1,0,0,1,0,0,0,0,1,1,1,1,1,21,5,-1,-1,-1,-1,7,E01032775,0,-1
2021010289603,2021,010289603,1,9,0,5,5,0,1,0,0,1,0,0,0,0,1,1,6,6,3,-1,-1,-1,-1,-1,-1,-1,-1,0,-1
2021052100127,2021,052100127,1,1,0,18,19,4,8,0,0,8,0,0,0,0,4,1,1,1,1,34,6,-1,-1,-1,-1,1,E01007089,0,-1
2021440430106,2021,440430106,1,1,0,18,19,5,1,0,0,0,0,0,0,0,1,1,6,6,1,19,4,-1,-1,-1,-1,5,E01017100,0,-1
2021461110742,2021,461110742,1,19,0,18,19,4,1,0,0,0,0,0,0,0,1,1,6,6,2,31,6,-1,-1,-1,-1,3,E01024529,0,-1
2021501018587,2021,501018587,1,9,0,18,19,4,6,0,0,6,0,0,0,0,1,1,6,6,3,-1,-1,-1,-1,-1,-1,-1,-1,0,-1
2021522200562,2021,522200562,1,1,0,18,19,5,1,0,0,8,0,0,0,0,1,1,6,6,1,34,6,-1,-1,-1,-1,4,E01030161,0,-1
2021231117839,2021,231117839,1,9,0,17,19,6,2,0,0,0,5,10,7,10,1,1,6,6,1,29,6,-1,-1,-1,-1,6,E01031051,0,-1
2021010293919,2021,010293919,1,9,0,99,99,9,9,99,99,0,9,99,9,99,2,9,6,6,2,39,7,-1,-1,-1,-1,8,E01000426,0,-1
2021332100481,2021,332100481,2,11,0,18,19,3,7,0,0,8,0,0,0,0,1,1,1,1,3,-1,-1,-1,-1,-1,-1,-1,-1,0,-1