collision_index,collision_year,collision_ref_no,vehicle_reference,vehicle_type,towing_and_articulation,vehicle_manoeuvre_historic,vehicle_manoeuvre,vehicle_direction_from,vehicle_direction_to,vehicle_location_restricted_lane_historic,vehicle_location_restricted_lane,junction_location,skidding_and_overturning,hit_object_in_carriageway,vehicle_leaving_carriageway,hit_object_off_carriageway,first_point_of_impact,vehicle_left_hand_drive,journey_purpose_of_driver_historic,journey_purpose_of_driver,sex_of_driver,age_of_driver,age_band_of_driver,engine_capacity_cc,propulsion_code,age_of_vehicle,generic_make_model,driver_imd_decile,lsoa_of_driver,escooter_flag,driver_distance_banding
2021430044725,2021,430044725,2,9,0,2,2,0,0,0,0,2,0,0,0,0,2,1,3,7,1,-1,-1,-1,-1,-1,-1,-1,-1,0,-1
2021320511492,2021,320511492,2,1,0,18,19,7,3,0,0,8,0,0,0,0,3,1,6,6,2,59,9,-1,-1,-1,-1,5,E01026100,0,-1
2021052101440,2021,052101440,1,9,0,18,19,6,2,0,0,0,0,0,0,0,4,1,6,6,1,-1,-1,-1,-1,-1,-1,-1,-1,0,-1
2021010311224,2021,010311224,1,1,0,18,19,5,1,5,5,0,0,0,0,0,3,1,6,6,1,24,5,-1,-1,-1,-1,3,E01002850,0,-1
2021451066907,2021,451066907,1,9,0,18,19,7,1,0,0,0,0,0,0,0,1,1,5,6,1,20,4,-1,-1,-1,-1,8,E01030994,0,-1
2021122101183,2021,122101183,1,1,0,18,19,3,7,0,0,0,0,0,0,0,1,1,6,6,1,50,8,-1,-1,-1,-1,10,E01010646,0,-1
2021201076106,2021,201076106,1,9,0,18,19,-1,-1,0,0,0,0,0,0,0,1,1,6,6,3,-1,-1,-1,-1,-1,-1,-1,-1,0,-1
2021351090350,2021,351090350,3,-1,1,5,5,5,1,0,0,0,0,0,0,0,0,1,1,1,3,-1,-1,-1,-1,-1,-1,-1,-1,0,-1
2021440255164,2021,440255164,1,1,0,18,19,8,4,0,0,0,0,0,0,0,1,1,6,6,2,16,4,-1,-1,-1,-1,6,E01022679,0,-1
2021010294588,2021,010294588,1,9,0,10,10,1,8,0,0,1,0,0,0,0,1,1,2,2,2,51,8,-1,-1,-1,-1,2,E01001976,0,-1
2021351111139,2021,351111139,1,-1,0,18,19,5,1,0,0,8,0,0,0,0,1,1,6,6,1,-1,-1,-1,-1,-1,-1,-1,-1,1,-1
2021010290730,2021,010290730,1,1,9,99,99,9,9,99,99,9,9,99,9,99,9,1,6,6,1,33,6,-1,-1,-1,-1,5,E01003345,0,-1
2021010316840,2021,010316840,2,19,0,99,99,9,9,99,99,9,9,99,9,99,2,9,6,6,3,-1,-1,-1,-1,-1,-1,-1,-1,0,-1
2021131069393,2021,131069393,1,1,0,18,19,6,2,0,0,8,0,0,0,0,1,1,6,6,1,27,6,-1,-1,-1,-1,1,E01011626,0,-1
2021141080435,2021,141080435,2,1,0,18,19,8,4,0,0,8,0,0,0,0,1,1,2,2,1,48,8,-1,-1,-1,-1,8,E01007427,0,-1
2021111070952,2021,111070952,1,9,0,4,4,7,6,0,0,1,0,0,0,0,1,1,6,6,2,30,6,-1,-1,-1,-1,-1,-1,0,-1
2021111028117,2021,111028117,1,2,0,5,5,7,3,9,9,0,0,0,0,0,1,1,6,6,1,15,3,-1,-1,-1,-1,8,E01020731,0,-1
2021131072370,2021,131072370,2,1,0,18,19,7,3,0,0,0,0,0,0,0,3,1,5,6,2,9,2,-1,-1,-1,-1,1,E01010613,0,-1
2021440507239,2021,440507239,2,9,0,9,9,1,7,9,9,5,0,0,0,0,1,1,6,6,1,-1,-1,-1,-1,-1,-1,-1,-1,0,-1
2021351115489,2021,351115489,2,22,0,5,5,5,1,0,0,6,5,0,0,0,3,1,5,6,1,59,9,-1,-1,-1,-1,2,E01015633,0,-1
2021522106289,2021,522106289,2,1,0,18,19,4,2,0,0,8,0,0,0,0,1,1,6,6,2,34,6,-1,-1,-1,-1,9,E01022381,0,-1
2021332100233,2021,332100233,1,9,0,4,4,8,4,0,0,8,0,0,0,0,1,1,6,6,2,60,9,-1,-1,-1,-1,4,E01013662,0,-1
2021201043461,2021,201043461,2,98,0,7,7,6,1,0,0,6,0,0,0,0,3,1,6,6,3,-1,-1,-1,-1,-1,-1,-1,-1,0,-1
2021201146050,2021,201146050,2,1,0,18,19,-1,-1,0,0,0,0,0,0,0,1,1,6,6,2,23,5,-1,-1,-1,-1,9,E01008990,0,-1
2021010344141,2021,010344141,2,1,9,99,99,9,9,99,99,9,9,99,9,99,9,1,2,2,1,47,8,-1,-1,-1,-1,8,E01033724,0,-1
2021010329926,2021,010329926,2,9,0,18,19,5,1,0,0,0,0,0,0,0,2,1,6,6,2,48,8,-1,-1,-1,-1,7,E01002127,0,-1
2021122101275,2021,122101275,1,1,0,18,19,8,4,0,0,0,0,0,0,0,2,1,6,6,1,54,8,-1,-1,-1,-1,7,E01027658,0,-1
2021010320650,2021,010320650,2,1,0,5,5,7,3,0,0,1,0,8,0,0,1,1,6,6,1,29,6,-1,-1,-1,-1,5,E01001935,0,-1
2021430464736,2021,430464736,2,1,0,18,19,7,3,4,4,8,0,0,0,0,4,1,6,6,1,21,5,-1,-1,-1,-1,6,E01028703,0,-1
2021451087898,2021,451087898,1,1,0,18,19,7,3,0,0,4,0,0,0,0,2,1,5,6,1,68,10,-1,-1,-1,-1,8,E01030528,0,-1
2021010351242,2021,010351242,1,9,0,18,19,3,7,0,0,0,0,0,0,0,0,1,6,6,3,-1,-1,-1,-1,-1,-1,-1,-1,0,-1
2021610023121,2021,610023121,2,9,0,5,5,8,6,0,0,1,0,0,0,0,1,1,2,2,1,43,7,-1,-1,-1,-1,-1,-1,0,-1
2021501097885,2021,501097885,3,1,0,18,19,3,7,0,0,0,0,0,0,0,2,1,6,6,1,52,8,-1,-1,-1,-1,3,E01015095,0,-1
2021010316026,2021,010316026,1,1,0,18,19,1,5,9,9,1,0,0,0,0,1,1,6,6,1,40,7,-1,-1,-1,-1,9,E01003872,0,-1
2021161022132,2021,161022132,1,9,0,7,7,7,1,0,0,5,0,0,0,0,4,1,6,6,3,-1,-1,-1,-1,-1,-1,-1,-1,0,-1
2021451078876,2021,451078876,2,1,0,18,19,3,7,0,0,1,0,0,0,0,2,1,5,6,1,37,7,-1,-1,-1,-1,7,E01030707,0,-1
2021991113289,2021,991113289,2,9,0,18,19,8,3,0,0,4,0,0,0,0,2,1,1,1,1,69,10,-1,-1,-1,-1,8,-1,0,-1
2021010317418,2021,010317418,2,9,0,18,19,4,8,0,0,1,0,0,0,0,1,1,6,6,1,60,9,-1,-1,-1,-1,1,E01002091,0,-1
2021101085372,2021,101085372,1,1,-1,7,7,5,7,0,0,5,1,0,0,0,1,1,1,1,1,25,5,-1,-1,-1,-1,-1,-1,0,-1
2021010343494,2021,010343494,2,1,0,18,19,5,1,0,0,0,0,0,0,0,4,1,6,6,2,38,7,-1,-1,-1,-1,2,E01001947,0,-1
202134WNC2231,2021,34WNC2231,1,19,0,11,11,1,5,0,0,0,0,0,0,0,4,1,1,1,1,39,7,-1,-1,-1,-1,4,E01027316,0,-1
2021010312835,2021,010312835,1,1,0,18,19,5,1,0,0,1,0,0,0,0,1,1,2,2,1,36,7,-1,-1,-1,-1,1,E01004286,0,-1
2021332100551,2021,332100551,1,9,0,18,19,4,8,0,0,0,1,0,1,2,1,1,6,6,1,17,4,-1,-1,-1,-1,5,E01025818,0,-1
2021010305674,2021,010305674,2,1,0,18,19,3,7,0,0,1,5,0,0,0,1,1,2,2,1,49,8,-1,-1,-1,-1,7,E01002683,0,-1
2021131034343,2021,131034343,1,1,0,9,9,1,5,0,0,1,0,0,0,0,3,1,5,6,1,42,7,-1,-1,-1,-1,2,E01011686,0,-1
2021361063390,2021,361063390,2,1,0,18,19,3,7,0,0,8,0,0,0,0,3,1,5,6,1,32,6,-1,-1,-1,-1,4,E01026807,0,-1
2021440136638,2021,440136638,1,1,0,17,19,7,4,0,0,8,0,0,0,0,2,1,1,1,1,37,7,-1,-1,-1,-1,1,E01017103,0,-1
2021010319825,2021,010319825,2,9,0,18,19,5,1,0,0,8,0,0,0,0,1,1,6,6,1,22,5,-1,-1,-1,-1,2,E01003151,0,-1
202163C067321,2021,63C067321,1,9,0,18,19,6,2,0,0,2,1,0,0,0,1,1,1,1,2,47,8,-1,-1,-1,-1,5,W01000593,0,-1
202131A141521,2021,31A141521,1,9,0,5,5,6,2,0,0,0,0,0,1,11,1,1,6,6,2,53,8,-1,-1,-1,-1,4,E01028225,0,-1
2021010332518,2021,010332518,1,-1,9,99,99,9,9,99,99,9,9,99,9,99,2,1,2,2,1,37,7,-1,-1,-1,-1,3,E01000742,1,-1
2021010325474,2021,010325474,1,1,9,99,99,9,9,99,99,0,9,99,9,99,1,1,2,2,3,26,6,-1,-1,-1,-1,8,E01003138,0,-1
2021161100172,2021,161100172,1,19,0,9,9,2,8,0,0,6,0,0,0,0,1,1,1,1,1,34,6,-1,-1,-1,-1,8,E01013305,0,-1
2021170S21691,2021,170S21691,1,9,0,3,3,8,4,0,0,1,0,0,0,0,2,1,6,6,1,57,9,-1,-1,-1,-1,-1,-1,0,-1
2021010314355,2021,010314355,2,11,0,99,99,9,9,99,99,9,9,99,9,99,9,9,6,6,3,-1,-1,-1,-1,-1,-1,-1,-1,0,-1
2021461100060,2021,461100060,2,1,0,18,19,7,3,0,0,0,0,0,0,0,2,1,6,6,1,59,9,-1,-1,-1,-1,5,E01024427,0,-1
2021010292148,2021,010292148,2,1,0,15,15,1,5,0,0,0,0,0,0,0,1,1,6,6,1,-1,-1,-1,-1,-1,-1,-1,-1,0,-1
2021440184093,2021,440184093,2,1,0,18,19,4,8,0,0,0,0,0,0,0,3,1,4,7,1,11,3,-1,-1,-1,-1,5,E01017304,0,-1
2021010332580,2021,010332580,2,9,0,99,99,9,9,99,99,9,9,99,9,99,2,9,6,6,3,-1,-1,-1,-1,-1,-1,-1,-1,0,-1
2021461035769,2021,461035769,1,9,0,18,19,5,1,0,0,1,0,0,0,0,1,1,6,6,1,21,5,-1,-1,-1,-1,4,E01024027,0,-1
2021010324797,2021,010324797,1,1,9,99,99,9,9,99,99,9,9,99,9,99,1,1,2,2,2,28,6,-1,-1,-1,-1,2,E01004224,0,-1
2021041088133,2021,041088133,1,1,0,18,19,1,5,0,0,1,0,0,0,0,1,1,6,6,1,11,3,-1,-1,-1,-1,4,E01012713,0,-1
202131A010721,2021,31A010721,2,9,0,18,19,6,2,0,0,1,0,0,0,0,2,1,6,6,2,41,7,-1,-1,-1,-1,1,E01028268,0,-1
2021041112392,2021,041112392,3,1,0,18,19,7,3,0,0,0,0,0,0,0,1,1,5,6,1,55,8,-1,-1,-1,-1,6,E01025458,0,-1
2021101063842,2021,101063842,1,1,0,18,19,3,7,0,0,8,0,0,0,0,3,1,5,6,1,30,6,-1,-1,-1,-1,3,E01008163,0,-1
2021522105393,2021,522105393,1,9,0,7,7,6,2,0,0,3,0,0,0,0,1,1,6,6,1,35,6,-1,-1,-1,-1,-1,-1,0,-1
2021221042233,2021,221042233,2,9,0,18,19,8,4,0,0,8,0,0,0,0,1,1,5,6,2,36,7,-1,-1,-1,-1,3,E01014104,0,-1
2021421046417,2021,421046417,2,1,0,9,9,4,8,0,0,0,0,0,0,0,2,1,1,1,1,65,9,-1,-1,-1,-1,9,E01015858,0,-1
2021430341141,2021,430341141,2,1,0,18,19,4,8,0,0,1,0,0,0,0,1,1,6,6,1,44,7,-1,-1,-1,-1,3,E01016353,0,-1
2021010336063,2021,010336063,2,5,0,15,15,5,1,0,0,1,0,0,0,0,3,1,6,6,1,25,5,-1,-1,-1,-1,2,E01003066,0,-1
2021461106316,2021,461106316,1,1,0,5,5,7,3,5,5,0,0,0,0,0,1,1,1,1,1,37,7,-1,-1,-1,-1,5,E01024356,0,-1
2021131056806,2021,131056806,1,90,0,18,19,7,3,0,0,8,0,0,0,0,-1,1,6,6,3,-1,-1,-1,-1,-1,-1,-1,-1,0,-1
2021440291187,2021,440291187,1,1,0,18,19,5,1,4,4,1,0,0,0,0,3,1,2,2,1,55,8,-1,-1,-1,-1,7,E01022823,0,-1
2021430457583,2021,430457583,1,1,0,12,12,7,5,0,0,8,0,0,0,0,4,1,6,6,1,65,9,-1,-1,-1,-1,4,E01016447,0,-1
2021302101347,2021,302101347,2,1,0,4,4,4,8,0,0,0,0,0,0,0,2,1,6,6,1,45,7,-1,-1,-1,-1,7,E01023203,0,-1
202160Z147230,2021,60Z147230,3,9,0,3,3,5,1,0,0,1,0,0,0,0,2,1,1,1,1,23,5,-1,-1,-1,-1,-1,-1,0,-1
2021010345276,2021,010345276,2,9,0,99,99,9,9,99,99,9,9,99,9,99,9,9,6,6,3,-1,-1,-1,-1,-1,-1,-1,-1,0,-1
2021010337209,2021,010337209,2,9,9,99,99,9,9,99,99,9,9,99,9,99,2,9,6,6,3,-1,-1,-1,-1,-1,-1,-1,-1,0,-1
2021010301528,2021,010301528,1,1,9,99,99,9,9,99,99,9,9,99,9,99,9,1,2,2,1,47,8,-1,-1,-1,-1,4,E01000561,0,-1
2021221078763,2021,221078763,4,20,0,16,19,8,4,0,0,0,0,0,0,0,0,1,6,6,1,34,6,-1,-1,-1,-1,-1,-1,0,-1
2021201138388,2021,201138388,2,1,0,18,19,8,4,0,0,0,5,0,0,0,3,1,4,7,1,12,3,-1,-1,-1,-1,1,E01010274,0,-1
2021501124631,2021,501124631,3,16,0,18,19,5,1,0,0,0,0,0,0,0,0,1,5,6,2,27,6,-1,-1,-1,-1,7,E01020047,0,-1
2021351149271,2021,351149271,1,19,0,9,9,6,3,0,0,8,0,0,0,0,1,1,5,6,2,24,5,-1,-1,-1,-1,9,E01018199,0,-1
2021552100294,2021,552100294,2,1,0,18,19,6,2,0,0,8,1,0,0,0,1,1,6,6,1,38,7,-1,-1,-1,-1,8,E01015394,0,-1
2021332100969,2021,332100969,1,9,0,9,9,4,1,0,0,5,0,0,0,0,2,1,6,6,1,45,7,-1,-1,-1,-1,3,E01013744,0,-1
2021052200140,2021,052200140,2,1,0,18,19,1,5,0,0,1,0,0,0,0,1,1,2,2,1,20,4,-1,-1,-1,-1,1,E01006967,0,-1
2021010339560,2021,010339560,2,9,9,99,99,9,9,99,99,9,9,99,9,99,9,9,6,6,3,-1,-1,-1,-1,-1,-1,-1,-1,0,-1
2021221093528,2021,221093528,2,1,0,4,4,8,4,0,0,0,0,0,0,0,3,1,5,6,2,42,7,-1,-1,-1,-1,8,E01014147,0,-1
2021131082992,2021,131082992,2,1,0,18,19,1,5,0,0,0,0,0,0,0,3,1,5,6,1,18,4,-1,-1,-1,-1,1,E01011667,0,-1
2021201103382,2021,201103382,1,9,0,4,4,2,6,0,0,0,0,0,0,0,1,1,6,6,1,-1,-1,-1,-1,-1,-1,-1,-1,0,-1
2021010325635,2021,010325635,2,1,0,18,19,8,4,0,0,1,0,0,3,0,0,1,6,6,1,57,9,-1,-1,-1,-1,4,E01000805,0,-1
20211381T0277,2021,1381T0277,1,9,0,13,13,3,7,0,0,0,0,0,0,0,4,1,6,6,3,-1,-1,-1,-1,-1,-1,-1,-1,0,-1
2021201084141,2021,201084141,2,1,0,18,19,4,8,4,4,0,0,4,0,0,2,1,6,6,1,50,8,-1,-1,-1,-1,2,E01010004,0,-1
2021010322743,2021,010322743,2,1,0,7,7,3,6,0,0,1,5,0,0,0,4,1,2,2,1,27,6,-1,-1,-1,-1,-1,-1,0,-1
2021010331623,2021,010331623,2,1,0,18,19,5,1,0,0,1,0,0,0,0,2,1,6,6,1,23,5,-1,-1,-1,-1,2,E01004185,0,-1
2021332100531,2021,332100531,1,9,0,5,5,5,1,0,0,0,1,0,1,4,1,1,6,6,2,24,5,-1,-1,-1,-1,5,E01010746,0,-1
202160Z052376,2021,60Z052376,2,97,0,18,19,3,7,0,0,0,0,0,0,0,4,1,6,6,1,56,9,-1,-1,-1,-1,-1,-1,0,-1
2021010337456,2021,010337456,1,9,0,18,19,1,5,0,0,1,0,0,0,0,1,1,6,6,1,-1,-1,-1,-1,-1,-1,-1,-1,0,-1
2021991077700,2021,991077700,1,9,0,18,19,6,2,0,0,0,0,0,0,0,1,1,1,1,1,26,6,-1,-1,-1,-1,8,-1,0,-1
2021061042440,2021,061042440,1,9,0,18,19,3,7,0,0,1,0,0,0,0,2,1,5,6,3,30,6,-1,-1,-1,-1,-1,-1,0,-1
2021421102119,2021,421102119,1,19,0,18,19,5,1,0,0,0,0,0,0,0,1,1,6,6,3,-1,-1,-1,-1,-1,-1,-1,-1,0,-1
2021010332139,2021,010332139,2,1,0,18,19,5,1,0,0,8,0,0,0,0,1,1,6,6,1,31,6,-1,-1,-1,-1,5,E01004610,0,-1
2021131076911,2021,131076911,1,9,0,-1,-1,-1,-1,-1,-1,0,-1,-1,-1,-1,-1,1,6,6,3,-1,-1,-1,-1,-1,-1,-1,-1,0,-1
2021010347388,2021,010347388,1,1,0,99,99,9,9,0,0,8,0,0,0,0,1,1,1,1,1,35,6,-1,-1,-1,-1,8,E01030537,0,-1
2021052102001,2021,052102001,1,1,0,18,19,1,5,0,0,6,0,0,0,0,1,1,6,6,1,33,6,-1,-1,-1,-1,1,E01006711,0,-1
2021122101472,2021,122101472,2,22,0,18,19,1,2,0,0,0,0,0,0,0,4,1,6,6,2,75,10,-1,-1,-1,-1,4,E01027810,0,-1
2021430206080,2021,430206080,1,21,1,18,19,8,4,0,0,0,0,0,0,0,3,2,6,6,1,58,9,-1,-1,-1,-1,-1,-1,0,-1
2021141030305,2021,141030305,1,9,0,18,19,1,5,0,0,0,0,0,0,0,-1,1,6,6,3,-1,-1,-1,-1,-1,-1,-1,-1,0,-1
2021461012661,2021,461012661,1,9,0,17,19,1,3,0,0,0,0,0,0,0,1,1,5,6,1,55,8,-1,-1,-1,-1,8,E01024575,0,-1
2021010305337,2021,010305337,2,9,0,15,15,5,1,0,0,0,0,0,0,0,3,9,6,6,3,-1,-1,-1,-1,-1,-1,-1,-1,0,-1
2021411116543,2021,411116543,2,1,0,18,19,5,1,0,0,8,0,0,0,0,1,1,6,6,1,41,7,-1,-1,-1,-1,4,E01001421,0,-1
2021010312037,2021,010312037,2,9,9,99,99,9,9,99,99,9,9,99,9,99,9,9,6,6,3,-1,-1,-1,-1,-1,-1,-1,-1,0,-1
2021440328043,2021,440328043,1,19,0,18,19,1,5,0,0,0,1,0,0,0,2,1,2,2,1,27,6,-1,-1,-1,-1,9,E01022755,0,-1
2021461110984,2021,461110984,2,9,0,18,19,8,4,0,0,0,0,0,0,0,1,1,6,6,1,49,8,-1,-1,-1,-1,6,E01024428,0,-1
2021010338158,2021,010338158,2,19,9,99,99,9,9,99,99,9,9,99,9,99,9,1,6,6,3,-1,-1,-1,-1,-1,-1,-1,-1,0,-1
2021101031990,2021,101031990,2,9,0,18,19,3,7,0,0,0,0,0,0,0,1,1,6,6,3,18,4,-1,-1,-1,-1,-1,-1,0,-1
2021122101132,2021,122101132,2,1,0,4,4,8,4,0,0,8,0,0,0,0,1,1,6,6,1,57,9,-1,-1,-1,-1,10,E01027598,0,-1
2021041057541,2021,041057541,1,1,0,18,19,5,1,0,0,1,0,0,0,0,0,1,6,6,2,13,3,-1,-1,-1,-1,2,E01025075,0,-1
2021010328559,2021,010328559,1,19,9,1,1,1,5,99,99,9,9,99,9,99,9,9,6,6,3,-1,-1,-1,-1,-1,-1,-1,-1,0,-1
2021010347658,2021,010347658,2,9,0,99,99,9,9,99,99,9,9,99,9,99,1,9,6,6,3,-1,-1,-1,-1,-1,-1,-1,-1,0,-1
2021010340599,2021,010340599,1,1,0,18,19,7,3,4,4,8,0,0,0,0,1,1,6,6,2,15,3,-1,-1,-1,-1,3,E01002645,0,-1
2021010304487,2021,010304487,2,-1,0,18,19,1,5,0,0,1,0,0,0,0,3,1,6,6,2,42,7,-1,-1,-1,-1,3,E01002015,1,-1
2021010330532,2021,010330532,2,1,0,18,19,5,1,0,0,1,0,0,0,0,4,1,6,6,2,51,8,-1,-1,-1,-1,3,E01001794,0,-1
2021010336519,2021,010336519,2,1,9,99,99,9,9,99,99,9,9,99,9,99,1,1,6,6,2,37,7,-1,-1,-1,-1,5,E01001837,0,-1
2021522103170,2021,522103170,3,1,0,18,19,5,1,4,4,8,0,0,0,0,1,1,6,6,1,35,6,-1,-1,-1,-1,3,E01014540,0,-1
2021501032199,2021,501032199,2,1,0,18,19,3,7,0,0,1,0,0,0,0,1,1,6,6,1,60,9,-1,-1,-1,-1,8,E01019913,0,-1
2021010328813,2021,010328813,2,9,0,99,99,9,9,99,99,0,9,99,9,99,9,9,6,6,3,-1,-1,-1,-1,-1,-1,-1,-1,0,-1
2021010294872,2021,010294872,2,1,0,18,19,1,5,0,0,1,0,0,0,0,3,1,1,1,1,48,8,-1,-1,-1,-1,8,E01003446,0,-1
2021010298700,2021,010298700,1,1,0,4,4,6,2,0,0,0,0,0,0,0,2,1,6,6,1,49,8,-1,-1,-1,-1,3,E01004630,0,-1
2021070317702,2021,070317702,1,1,0,7,7,4,8,0,0,2,0,0,0,0,1,1,6,6,1,17,4,-1,-1,-1,-1,6,E01018496,0,-1
2021991050557,2021,991050557,2,1,0,18,19,5,1,0,0,0,0,0,0,0,3,1,5,6,1,56,9,-1,-1,-1,-1,-1,-1,0,-1
202160Z103085,2021,60Z103085,2,1,0,18,19,5,1,0,0,1,0,0,0,0,1,1,6,6,1,40,7,-1,-1,-1,-1,-1,-1,0,-1
2021010333503,2021,010333503,1,1,9,99,99,9,9,99,99,9,9,99,9,99,1,1,2,2,2,31,6,-1,-1,-1,-1,5,E01001644,0,-1
2021320697017,2021,320697017,1,1,0,18,19,8,4,9,9,0,0,0,0,0,1,1,6,6,2,43,7,-1,-1,-1,-1,9,E01026273,0,-1
2021201108863,2021,201108863,2,1,0,18,19,4,8,0,0,8,0,0,0,0,1,1,6,6,1,20,4,-1,-1,-1,-1,4,E01009284,0,-1
2021070693182,2021,070693182,1,1,0,18,19,3,7,0,0,8,0,0,0,0,0,1,6,6,1,50,8,-1,-1,-1,-1,8,E01018510,0,-1
2021010295839,2021,010295839,1,1,9,99,99,9,9,99,99,0,9,99,9,99,9,1,6,6,2,36,7,-1,-1,-1,-1,6,E01001648,0,-1
2021131088031,2021,131088031,2,9,0,18,19,1,5,0,0,0,0,0,0,0,4,1,1,1,1,51,8,-1,-1,-1,-1,5,E01010934,0,-1
2021991029992,2021,991029992,2,1,0,18,19,1,6,0,0,1,0,0,0,0,1,1,5,6,2,65,9,-1,-1,-1,-1,7,-1,0,-1
20211382Q0490,2021,1382Q0490,2,1,0,18,19,7,3,0,0,6,5,0,0,0,1,1,6,6,1,18,4,-1,-1,-1,-1,9,E01011887,0,-1
2021101106936,2021,101106936,1,97,0,18,19,5,1,0,0,0,0,0,0,0,1,1,6,6,1,17,4,-1,-1,-1,-1,-1,-1,0,-1
2021411116228,2021,411116228,1,9,0,18,19,6,2,0,0,4,0,0,0,0,3,1,6,6,3,-1,-1,-1,-1,-1,-1,-1,-1,0,-1
2021070199928,2021,070199928,1,9,0,9,9,6,2,0,0,1,0,0,0,0,3,1,6,6,2,75,10,-1,-1,-1,-1,10,E01018578,0,-1
2021061109242,2021,061109242,1,9,0,9,9,1,2,0,0,1,0,0,0,0,1,1,6,6,1,28,6,-1,-1,-1,-1,3,E01033100,0,-1
2021332100986,2021,332100986,1,9,0,5,5,2,6,0,0,4,0,0,0,0,4,1,6,6,1,39,7,-1,-1,-1,-1,7,E01025848,0,-1
2021041116940,2021,041116940,2,1,0,18,19,7,3,0,0,0,0,0,0,0,1,1,6,6,1,47,8,-1,-1,-1,-1,6,E01024991,0,-1
2021161076326,2021,161076326,2,1,0,18,19,7,3,0,0,8,0,0,0,0,4,1,6,6,1,65,9,-1,-1,-1,-1,10,E01013093,0,-1
2021451102031,2021,451102031,2,1,0,18,19,7,3,0,0,1,1,0,0,0,4,1,5,6,1,55,8,-1,-1,-1,-1,9,E01002571,0,-1
2021131078809,2021,131078809,1,9,0,-1,-1,-1,-1,-1,-1,-1,-1,-1,-1,-1,-1,1,6,6,3,-1,-1,-1,-1,-1,-1,-1,-1,0,-1
2021451074715,2021,451074715,2,1,0,18,19,6,2,0,0,0,0,0,0,0,1,1,5,6,1,11,3,-1,-1,-1,-1,9,E01030705,0,-1
2021201071395,2021,201071395,1,1,0,18,19,7,3,9,9,0,0,0,0,0,1,1,4,7,1,-1,-1,-1,-1,-1,-1,4,E01009683,0,-1
202160Z116325,2021,60Z116325,1,9,0,7,7,1,5,5,5,6,0,0,0,0,1,1,6,6,2,76,11,-1,-1,-1,-1,-1,-1,0,-1
2021201146156,2021,201146156,1,9,0,18,19,6,2,0,0,1,0,0,0,0,1,1,6,6,1,-1,-1,-1,-1,-1,-1,-1,-1,0,-1
2021010316269,2021,010316269,1,1,9,99,99,9,9,99,99,9,9,99,9,99,9,1,2,2,1,58,9,-1,-1,-1,-1,4,E01024384,0,-1
2021201073535,2021,201073535,1,1,0,14,14,-1,-1,0,0,0,0,0,0,0,1,1,6,6,1,26,6,-1,-1,-1,-1,3,E01033615,0,-1
2021351099252,2021,351099252,2,9,-1,-1,-1,-1,-1,-1,-1,0,-1,-1,-1,0,-1,1,6,6,3,-1,-1,-1,-1,-1,-1,-1,-1,0,-1
2021010291674,2021,010291674,2,1,0,18,19,7,3,0,0,0,0,0,0,0,1,1,1,1,1,21,5,-1,-1,-1,-1,7,E01000983,0,-1
2021550080934,2021,550080934,3,9,0,18,19,8,4,0,0,1,0,0,0,0,1,1,6,6,2,36,7,-1,-1,-1,-1,9,E01020419,0,-1
2021211020394,2021,211020394,1,9,0,4,4,8,4,0,0,0,0,0,0,0,2,1,6,6,1,-1,-1,-1,-1,-1,-1,-1,-1,0,-1
2021161119251,2021,161119251,1,-1,0,5,5,1,5,0,0,8,0,0,0,0,3,1,6,6,1,16,4,-1,-1,-1,-1,3,E01013282,1,-1
202131D070121,2021,31D070121,1,9,0,18,19,5,1,0,0,0,0,0,0,0,1,1,2,2,1,44,7,-1,-1,-1,-1,5,E01019456,0,-1
2021010337028,2021,010337028,2,9,0,99,99,9,9,99,99,9,9,99,9,99,0,9,6,6,3,-1,-1,-1,-1,-1,-1,-1,-1,0,-1
2021010349611,2021,010349611,2,1,0,18,19,7,3,0,0,6,0,0,0,0,1,1,1,1,1,38,7,-1,-1,-1,-1,2,E01033712,0,-1
2021361038363,2021,361038363,1,23,0,18,19,7,3,0,0,0,0,0,0,0,-1,1,6,6,3,-1,-1,-1,-1,-1,-1,-1,-1,0,-1
2021141126428,2021,141126428,1,9,0,-1,-1,-1,-1,-1,-1,0,-1,-1,-1,0,-1,1,6,6,3,-1,-1,-1,-1,-1,-1,-1,-1,0,-1
2021070041536,2021,070041536,2,1,0,4,4,3,7,0,0,0,0,0,0,0,3,1,6,6,2,46,8,-1,-1,-1,-1,7,E01018353,0,-1
2021061029762,2021,061029762,1,20,1,18,19,1,1,0,0,0,0,0,0,0,2,1,6,6,3,30,6,-1,-1,-1,-1,-1,-1,0,-1
2021010290318,2021,010290318,2,9,0,99,99,9,9,99,99,9,9,99,9,99,3,9,6,6,3,-1,-1,-1,-1,-1,-1,-1,-1,0,-1
2021552100702,2021,552100702,2,1,0,9,9,2,8,0,0,6,0,0,0,0,3,1,6,6,2,35,6,-1,-1,-1,-1,8,E01020458,0,-1
2021461030540,2021,461030540,1,-1,0,18,19,5,1,9,9,0,0,0,0,0,1,1,6,6,1,-1,-1,-1,-1,-1,-1,-1,-1,1,-1
2021461051704,2021,461051704,1,97,0,18,19,7,3,9,9,0,0,0,0,0,1,1,6,6,3,-1,-1,-1,-1,-1,-1,-1,-1,0,-1
2021131073724,2021,131073724,2,1,0,14,14,3,7,0,0,0,0,0,0,0,4,1,6,6,1,27,6,-1,-1,-1,-1,3,E01011478,0,-1
2021461077988,2021,461077988,1,9,0,18,19,7,3,0,0,8,0,0,0,0,4,1,6,6,3,-1,-1,-1,-1,-1,-1,-1,-1,0,-1
2021010293760,2021,010293760,2,1,0,18,19,5,1,0,0,1,0,0,0,0,3,1,1,1,2,37,7,-1,-1,-1,-1,3,E01004397,0,-1
2021052101698,2021,052101698,1,3,0,5,5,4,8,0,0,0,0,0,0,0,1,1,1,1,1,28,6,-1,-1,-1,-1,1,E01006414,0,-1
2021101124439,2021,101124439,1,9,0,18,19,8,4,0,0,0,0,0,0,0,1,1,6,6,1,40,7,-1,-1,-1,-1,-1,-1,0,-1
2021451122119,2021,451122119,1,1,0,18,19,5,1,0,0,3,0,0,0,0,3,1,5,6,1,42,7,-1,-1,-1,-1,10,E01030959,0,-1
2021622100251,2021,622100251,2,-1,0,18,19,4,8,0,0,0,0,0,0,0,4,1,6,6,1,10,2,-1,-1,-1,-1,3,W01001695,1,-1