collision_index,collision_year,collision_ref_no,vehicle_reference,vehicle_type,towing_and_articulation,vehicle_manoeuvre_historic,vehicle_manoeuvre,vehicle_direction_from,vehicle_direction_to,vehicle_location_restricted_lane_historic,vehicle_location_restricted_lane,junction_location,skidding_and_overturning,hit_object_in_carriageway,vehicle_leaving_carriageway,hit_object_off_carriageway,first_point_of_impact,vehicle_left_hand_drive,journey_purpose_of_driver_historic,journey_purpose_of_driver,sex_of_driver,age_of_driver,age_band_of_driver,engine_capacity_cc,propulsion_code,age_of_vehicle,generic_make_model,driver_imd_decile,lsoa_of_driver,escooter_flag,driver_distance_banding
2021052102199,2021,052102199,1,1,0,18,19,7,3,0,0,1,0,0,0,0,0,1,6,6,1,53,8,-1,-1,-1,-1,1,E01006632,0,-1
2021471059026,2021,471059026,1,-1,0,18,19,7,3,9,9,0,0,0,0,0,1,1,6,6,2,35,6,-1,-1,-1,-1,-1,-1,1,-1
2021471063978,2021,471063978,1,9,0,16,19,4,8,0,0,0,0,0,7,4,3,1,6,6,1,37,7,-1,-1,-1,-1,5,E01021216,0,-1
2021052101200,2021,052101200,1,23,0,18,19,2,6,0,0,8,0,0,0,0,4,1,6,6,1,21,5,-1,-1,-1,-1,1,E01006720,0,-1
2021411115425,2021,411115425,2,9,0,18,19,3,7,0,0,0,0,0,0,0,1,1,6,6,3,-1,-1,-1,-1,-1,-1,-1,-1,0,-1
2021201079911,2021,201079911,1,19,0,18,19,6,2,0,0,1,0,0,0,0,1,1,2,2,1,29,6,-1,-1,-1,-1,5,E01008888,0,-1
2021061097376,2021,061097376,2,1,0,18,19,4,8,2,2,1,1,0,0,0,3,1,5,6,1,40,7,-1,-1,-1,-1,9,E01004989,0,-1
2021522102194,2021,522102194,1,1,0,18,19,1,5,0,0,0,0,4,0,0,1,1,6,6,1,66,10,-1,-1,-1,-1,6,E01014487,0,-1
2021461044041,2021,461044041,3,9,0,4,4,1,5,0,0,0,0,0,0,0,1,1,1,1,1,36,7,-1,-1,-1,-1,2,E01023975,0,-1
2021010327638,2021,010327638,1,97,0,99,99,9,9,99,99,9,9,99,9,99,9,9,6,6,3,-1,-1,-1,-1,-1,-1,-1,-1,0,-1
202160Z069447,2021,60Z069447,3,1,0,18,19,1,5,0,0,1,0,0,0,0,1,1,6,6,1,36,7,-1,-1,-1,-1,-1,-1,0,-1
2021991077336,2021,991077336,2,1,0,18,19,3,7,0,0,8,0,0,0,0,3,1,5,6,1,33,6,-1,-1,-1,-1,8,-1,0,-1
2021122100587,2021,122100587,1,1,0,18,19,5,1,9,9,0,0,11,0,0,1,1,6,6,1,84,11,-1,-1,-1,-1,3,E01013394,0,-1
2021522201515,2021,522201515,2,9,0,18,19,8,4,0,0,0,0,0,0,0,1,1,6,6,3,35,6,-1,-1,-1,-1,-1,-1,0,-1
2021221018919,2021,221018919,2,9,0,5,5,6,2,0,0,4,0,0,0,0,1,1,2,2,2,35,6,-1,-1,-1,-1,2,E01032333,0,-1
2021052102756,2021,052102756,2,1,0,18,19,3,7,0,0,8,0,0,0,0,2,1,2,2,2,18,4,-1,-1,-1,-1,7,E01007265,0,-1
2021544211921,2021,544211921,1,1,0,18,19,2,6,0,0,0,0,0,0,0,1,1,6,6,1,20,4,-1,-1,-1,-1,2,E01031896,0,-1
2021221054268,2021,221054268,2,1,0,9,9,7,4,0,0,6,0,0,0,0,1,1,5,6,1,54,8,-1,-1,-1,-1,8,E01009908,0,-1
2021332100727,2021,332100727,1,9,0,13,13,4,8,0,0,2,5,10,2,10,1,1,2,2,1,21,5,-1,-1,-1,-1,5,E01013931,0,-1
2021122100931,2021,122100931,2,1,0,18,19,1,5,0,0,0,0,0,1,0,2,1,2,2,1,24,5,-1,-1,-1,-1,10,E01027704,0,-1
2021052101113,2021,052101113,2,22,0,18,19,3,7,0,0,0,0,0,0,0,1,1,6,6,1,49,8,-1,-1,-1,-1,1,E01006699,0,-1
2021991083383,2021,991083383,2,1,0,18,19,5,1,0,0,0,1,0,0,0,1,1,6,6,1,41,7,-1,-1,-1,-1,10,-1,0,-1
2021471119406,2021,471119406,2,19,0,17,19,3,8,0,0,0,0,0,0,0,0,1,6,6,3,-1,-1,-1,-1,-1,-1,-1,-1,0,-1
2021010317594,2021,010317594,1,1,0,99,99,9,9,0,0,1,0,99,0,0,2,1,6,6,1,38,7,-1,-1,-1,-1,8,E01003856,0,-1
2021302101268,2021,302101268,1,19,0,18,19,2,6,0,0,3,0,0,5,6,1,1,6,6,3,-1,-1,-1,-1,-1,-1,5,E01019456,0,-1
2021201138844,2021,201138844,2,1,0,10,10,7,6,0,0,1,0,0,0,0,1,1,6,6,1,40,7,-1,-1,-1,-1,4,E01009766,0,-1
202131C178521,2021,31C178521,1,18,0,2,2,0,0,1,1,0,0,0,0,0,0,1,6,6,3,-1,-1,-1,-1,-1,-1,-1,-1,0,-1
2021201136824,2021,201136824,1,9,0,5,5,8,4,0,0,4,0,0,0,0,1,1,6,6,2,22,5,-1,-1,-1,-1,1,E01009479,0,-1
2021010318119,2021,010318119,2,9,0,2,2,0,0,0,0,0,0,4,0,0,2,1,6,6,3,-1,-1,-1,-1,-1,-1,-1,-1,0,-1
2021471018116,2021,471018116,2,1,0,18,19,3,7,0,0,8,0,0,0,0,4,1,6,6,1,27,6,-1,-1,-1,-1,6,E01016996,0,-1
202131C144421,2021,31C144421,1,9,0,9,9,5,3,0,0,5,0,0,0,0,4,1,3,7,2,35,6,-1,-1,-1,-1,2,E01013834,0,-1
2021421094881,2021,421094881,3,9,0,18,19,6,2,0,0,0,0,0,0,0,0,1,6,6,1,58,9,-1,-1,-1,-1,9,E01000667,0,-1
2021411110161,2021,411110161,1,21,5,18,19,1,4,0,0,0,0,0,0,0,4,1,1,1,3,-1,-1,-1,-1,-1,-1,-1,-1,0,-1
2021101032556,2021,101032556,2,1,-1,18,19,7,3,0,0,8,0,0,0,0,1,1,6,6,1,28,6,-1,-1,-1,-1,-1,-1,0,-1
2021101015730,2021,101015730,1,9,0,18,19,3,7,0,0,1,0,0,0,0,1,1,1,1,1,36,7,-1,-1,-1,-1,4,E01008413,0,-1
2021010330193,2021,010330193,2,9,9,99,99,9,9,99,99,0,9,99,9,99,9,9,6,6,3,-1,-1,-1,-1,-1,-1,-1,-1,0,-1
2021401098235,2021,401098235,1,9,0,18,19,2,5,0,0,4,0,0,0,0,1,1,6,6,2,45,7,-1,-1,-1,-1,-1,-1,0,-1
2021991092456,2021,991092456,1,9,0,4,4,4,8,0,0,1,1,0,0,0,1,1,5,6,1,33,6,-1,-1,-1,-1,3,E01005547,0,-1
2021411017994,2021,411017994,1,9,0,17,19,7,3,0,0,2,1,0,0,0,3,1,1,1,1,29,6,-1,-1,-1,-1,9,E01017641,0,-1
2021411086299,2021,411086299,2,98,0,18,19,6,2,0,0,0,0,4,0,0,1,1,1,1,1,53,8,-1,-1,-1,-1,-1,-1,0,-1
2021010346523,2021,010346523,1,9,0,18,19,3,7,0,0,2,5,0,0,0,1,1,6,6,3,-1,-1,-1,-1,-1,-1,-1,-1,0,-1
2021440486763,2021,440486763,1,1,0,18,19,8,4,4,4,8,0,0,0,0,1,1,6,6,1,71,10,-1,-1,-1,-1,4,E01017135,0,-1
2021141030695,2021,141030695,2,98,0,18,19,3,7,0,0,0,0,0,0,0,0,1,6,6,3,-1,-1,-1,-1,-1,-1,-1,-1,0,-1
2021421046624,2021,421046624,1,9,0,18,19,2,6,0,0,0,0,0,0,0,1,1,6,6,3,-1,-1,-1,-1,-1,-1,-1,-1,0,-1
2021201045306,2021,201045306,1,9,0,18,19,6,2,0,0,8,1,10,1,0,1,1,6,6,1,33,6,-1,-1,-1,-1,3,E01009219,0,-1
2021201070738,2021,201070738,1,9,0,18,19,5,1,0,0,2,0,0,0,0,1,1,6,6,1,35,6,-1,-1,-1,-1,1,E01010063,0,-1
202160Z030993,2021,60Z030993,1,9,0,18,19,3,7,0,0,0,0,0,1,2,1,1,6,6,2,57,9,-1,-1,-1,-1,-1,-1,0,-1
2021010292928,2021,010292928,1,9,0,18,19,1,5,0,0,1,0,0,0,0,1,1,6,6,3,-1,-1,-1,-1,-1,-1,-1,-1,0,-1
2021010315928,2021,010315928,1,3,0,7,7,5,7,0,0,5,0,0,0,0,4,1,6,6,3,-1,-1,-1,-1,-1,-1,-1,-1,0,-1
2021302100889,2021,302100889,2,1,0,18,19,4,8,0,0,1,0,0,0,0,3,1,6,6,1,14,3,-1,-1,-1,-1,8,E01019691,0,-1
2021320417647,2021,320417647,1,18,0,18,19,3,7,0,0,2,0,0,0,0,3,1,6,6,3,-1,-1,-1,-1,-1,-1,-1,-1,0,-1
2021010295391,2021,010295391,2,9,0,99,99,9,9,99,99,0,9,99,9,99,9,9,6,6,3,-1,-1,-1,-1,-1,-1,10,E01031635,0,-1
2021141063976,2021,141063976,2,9,0,2,2,0,0,9,9,0,0,0,0,0,1,1,6,6,3,-1,-1,-1,-1,-1,-1,-1,-1,0,-1
2021622100671,2021,622100671,2,1,0,18,19,2,6,0,0,4,0,0,0,0,1,1,6,6,1,58,9,-1,-1,-1,-1,10,W01001156,0,-1
2021041049404,2021,041049404,2,1,0,18,19,3,7,0,0,1,0,0,0,0,3,1,5,6,1,13,3,-1,-1,-1,-1,-1,-1,0,-1
2021221016739,2021,221016739,1,19,0,3,3,4,8,0,0,1,0,0,0,0,0,1,1,1,1,28,6,-1,-1,-1,-1,3,E01014010,0,-1
2021010328032,2021,010328032,2,97,0,99,99,9,9,99,99,9,9,99,9,99,1,9,6,6,3,-1,-1,-1,-1,-1,-1,-1,-1,0,-1
2021010317332,2021,010317332,2,9,0,2,2,0,0,0,0,0,0,0,0,0,1,1,6,6,3,-1,-1,-1,-1,-1,-1,-1,-1,0,-1
2021010300661,2021,010300661,1,1,0,17,19,5,2,9,9,0,0,0,0,0,0,1,6,6,1,56,9,-1,-1,-1,-1,1,E01000917,0,-1
2021991077450,2021,991077450,2,1,0,14,14,3,7,0,0,0,0,0,0,0,1,1,6,6,2,35,6,-1,-1,-1,-1,10,-1,0,-1
2021010312564,2021,010312564,2,1,5,15,15,6,2,0,0,1,0,0,0,0,1,1,2,2,1,51,8,-1,-1,-1,-1,4,E01021779,0,-1
2021351095471,2021,351095471,3,1,0,18,19,2,6,0,0,8,0,0,0,0,3,1,4,7,1,9,2,-1,-1,-1,-1,7,E01018002,0,-1
2021061087588,2021,061087588,1,1,0,18,19,2,6,0,0,8,0,0,0,0,1,1,6,6,1,46,8,-1,-1,-1,-1,1,E01004979,0,-1
2021430001533,2021,430001533,2,9,0,7,7,7,1,0,0,8,0,0,0,0,4,1,6,6,1,18,4,-1,-1,-1,-1,1,E01010103,0,-1
2021522103938,2021,522103938,2,1,0,18,19,2,6,0,0,8,0,0,0,0,1,1,6,6,1,19,4,-1,-1,-1,-1,3,E01033355,0,-1
2021010316814,2021,010316814,2,9,0,99,99,9,9,99,99,9,9,99,9,99,9,9,6,6,3,-1,-1,-1,-1,-1,-1,-1,-1,0,-1
2021010342354,2021,010342354,2,9,0,99,99,9,9,99,99,9,9,99,9,99,1,9,6,6,3,28,6,-1,-1,-1,-1,-1,-1,0,-1
202160Z063248,2021,60Z063248,1,9,0,18,19,2,6,0,0,1,0,0,0,0,1,1,6,6,1,24,5,-1,-1,-1,-1,-1,-1,0,-1
2021501135734,2021,501135734,2,9,0,17,19,8,4,0,0,0,0,0,0,0,1,1,1,1,1,21,5,-1,-1,-1,-1,6,E01019897,0,-1
2021440382284,2021,440382284,3,1,0,18,19,7,3,4,4,1,0,0,0,0,4,1,6,6,1,33,6,-1,-1,-1,-1,1,E01017120,0,-1
2021430396340,2021,430396340,1,98,0,1,1,5,1,0,0,0,0,0,0,0,2,1,1,1,1,51,8,-1,-1,-1,-1,-1,-1,0,-1
2021010319587,2021,010319587,2,-1,0,99,99,9,9,99,99,9,9,99,9,99,1,9,6,6,3,-1,-1,-1,-1,-1,-1,-1,-1,1,-1
2021138361079,2021,138361079,3,1,0,2,2,2,6,0,0,2,0,0,0,0,3,1,6,6,2,44,7,-1,-1,-1,-1,8,E01011796,0,-1
2021031038594,2021,031038594,1,9,0,18,19,1,5,0,0,0,0,0,1,0,1,1,6,6,1,40,7,-1,-1,-1,-1,-1,-1,0,-1
2021201051151,2021,201051151,2,1,0,18,19,4,8,0,0,8,0,0,0,0,1,1,6,6,1,13,3,-1,-1,-1,-1,5,E01010267,0,-1
2021522201350,2021,522201350,1,1,0,9,9,3,1,0,0,8,0,0,0,0,3,1,6,6,1,58,9,-1,-1,-1,-1,8,E01014475,0,-1
2021231069985,2021,231069985,2,1,0,18,19,3,7,0,0,8,0,0,0,0,3,1,5,6,1,51,8,-1,-1,-1,-1,9,E01031120,0,-1
2021070806530,2021,070806530,1,1,0,16,19,1,5,0,0,0,1,0,0,0,3,1,6,6,1,67,10,-1,-1,-1,-1,10,E01018576,0,-1
2021201114619,2021,201114619,2,1,0,18,19,6,2,0,0,8,0,0,0,0,4,1,6,6,1,63,9,-1,-1,-1,-1,1,E01009399,0,-1
2021332100503,2021,332100503,1,98,4,5,5,5,1,0,0,6,0,0,0,0,3,1,1,1,1,47,8,-1,-1,-1,-1,3,E01009003,0,-1
2021010344973,2021,010344973,1,1,0,18,19,7,3,9,9,1,5,0,7,0,1,1,6,6,1,31,6,-1,-1,-1,-1,-1,-1,0,-1
202160Z102413,2021,60Z102413,2,1,0,18,19,1,5,0,0,8,0,0,0,0,1,1,6,6,1,46,8,-1,-1,-1,-1,-1,-1,0,-1
2021471098321,2021,471098321,2,1,0,18,19,4,8,4,4,8,0,0,0,0,1,1,6,6,2,29,6,-1,-1,-1,-1,8,E01017003,0,-1
2021451106540,2021,451106540,1,9,0,5,5,3,5,0,0,2,0,0,0,0,0,1,6,6,3,30,6,-1,-1,-1,-1,-1,-1,0,-1
2021332100556,2021,332100556,2,9,0,9,9,4,2,0,0,6,0,0,0,0,3,1,2,2,1,27,6,-1,-1,-1,-1,3,E01013665,0,-1
2021991058681,2021,991058681,1,1,0,18,19,4,8,9,9,0,0,0,0,0,1,1,6,6,1,30,6,-1,-1,-1,-1,-1,-1,0,-1
2021041077456,2021,041077456,1,9,0,9,9,3,5,0,0,8,0,0,0,0,2,1,6,6,1,45,7,-1,-1,-1,-1,4,E01003739,0,-1
2021052101957,2021,052101957,3,1,0,18,19,7,3,0,0,0,0,0,0,0,3,1,6,6,1,46,8,-1,-1,-1,-1,-1,-1,0,-1
2021461038002,2021,461038002,1,1,0,18,19,8,4,0,0,0,0,0,0,0,3,1,6,6,2,12,3,-1,-1,-1,-1,6,E01023988,0,-1
2021010328707,2021,010328707,1,9,0,18,19,5,1,0,0,8,0,0,0,0,1,1,6,6,1,21,5,-1,-1,-1,-1,2,E01001758,0,-1
2021461106097,2021,461106097,1,19,0,1,1,1,5,0,0,0,0,0,0,0,2,1,1,1,1,-1,-1,-1,-1,-1,-1,-1,-1,0,-1
2021461108373,2021,461108373,2,1,0,18,19,5,1,0,0,3,0,0,0,0,1,1,5,6,1,38,7,-1,-1,-1,-1,7,E01024073,0,-1
2021421063540,2021,421063540,2,1,0,18,19,1,5,0,0,3,0,0,0,0,3,1,6,6,1,55,8,-1,-1,-1,-1,8,E01021916,0,-1
2021052101918,2021,052101918,2,1,0,4,4,5,1,0,0,8,0,0,0,0,3,1,6,6,1,28,6,-1,-1,-1,-1,1,E01006552,0,-1
2021010309101,2021,010309101,1,-1,9,99,99,9,9,99,99,9,9,99,9,99,9,1,6,6,1,35,6,-1,-1,-1,-1,4,E01000618,1,-1
2021010319931,2021,010319931,2,1,0,18,19,5,1,0,0,8,0,0,0,0,1,1,6,6,2,24,5,-1,-1,-1,-1,6,E01002670,0,-1
2021320295052,2021,320295052,1,9,0,18,19,4,1,0,0,0,0,0,0,0,0,1,6,6,1,40,7,-1,-1,-1,-1,-1,-1,0,-1
2021061047836,2021,061047836,2,-1,0,18,19,4,8,0,0,1,0,0,0,0,1,1,6,6,1,30,6,-1,-1,-1,-1,1,E01005653,1,-1
2021041052930,2021,041052930,2,-1,0,18,19,3,7,0,0,0,0,0,0,0,1,1,6,6,1,11,3,-1,-1,-1,-1,9,E01025512,1,-1
2021010311943,2021,010311943,1,-1,0,18,19,5,1,9,9,0,5,0,0,0,1,1,6,6,3,-1,-1,-1,-1,-1,-1,-1,-1,1,-1
2021991052104,2021,991052104,2,1,0,18,19,1,5,0,0,5,0,0,0,0,2,1,5,6,1,14,3,-1,-1,-1,-1,-1,-1,0,-1
2021201014177,2021,201014177,1,9,0,18,19,8,4,0,0,2,0,4,0,0,1,1,6,6,1,37,7,-1,-1,-1,-1,2,E01010264,0,-1
2021201116395,2021,201116395,1,9,0,7,7,8,2,0,0,6,0,0,0,0,1,1,1,1,1,-1,-1,-1,-1,-1,-1,-1,-1,0,-1
2021371058052,2021,371058052,1,9,0,18,19,1,5,0,0,0,0,0,0,0,4,1,6,6,3,-1,-1,-1,-1,-1,-1,-1,-1,0,-1
2021010343570,2021,010343570,1,9,0,18,19,3,7,0,0,0,0,0,0,0,1,1,6,6,1,-1,-1,-1,-1,-1,-1,-1,-1,0,-1
2021061109540,2021,061109540,2,90,0,6,6,1,1,0,0,0,0,0,0,0,1,1,6,6,3,30,6,-1,-1,-1,-1,-1,-1,0,-1
2021991017790,2021,991017790,2,9,0,18,19,3,7,0,0,1,1,0,1,11,1,1,1,1,1,46,8,-1,-1,-1,-1,5,-1,0,-1
2021221090708,2021,221090708,2,1,0,9,9,7,5,0,0,5,0,0,0,0,2,1,4,7,1,11,3,-1,-1,-1,-1,8,E01014203,0,-1
202106G079321,2021,06G079321,1,9,0,9,9,1,7,0,0,8,0,0,0,0,4,1,6,6,2,62,9,-1,-1,-1,-1,8,E01006053,0,-1
2021351121397,2021,351121397,2,1,0,18,19,3,7,0,0,0,0,0,1,0,3,1,5,6,1,23,5,-1,-1,-1,-1,9,E01017968,0,-1
2021201128155,2021,201128155,2,1,0,5,5,8,4,0,0,8,0,0,0,0,1,1,6,6,1,16,4,-1,-1,-1,-1,1,E01009275,0,-1
2021010293686,2021,010293686,1,9,0,99,99,9,9,99,99,9,9,99,9,99,9,9,6,6,3,-1,-1,-1,-1,-1,-1,-1,-1,0,-1
2021610029621,2021,610029621,1,3,0,18,19,8,6,0,0,1,0,11,0,0,0,1,6,6,1,51,8,-1,-1,-1,-1,-1,-1,0,-1
2021010317342,2021,010317342,2,9,0,99,99,9,9,99,99,9,9,99,9,99,2,9,6,6,3,-1,-1,-1,-1,-1,-1,5,E01002214,0,-1
2021610020421,2021,610020421,2,9,0,18,19,1,5,0,0,1,0,0,0,0,4,1,2,2,2,42,7,-1,-1,-1,-1,-1,-1,0,-1
2021010295875,2021,010295875,2,1,0,18,19,1,5,0,0,1,0,0,0,0,1,1,1,1,1,52,8,-1,-1,-1,-1,7,E01000895,0,-1
2021010317717,2021,010317717,2,1,0,5,5,6,2,0,0,8,0,0,0,0,4,1,1,1,1,32,6,-1,-1,-1,-1,3,E01000092,0,-1
202160Z136140,2021,60Z136140,3,9,0,2,2,0,0,0,0,0,0,0,0,0,3,1,6,6,2,27,6,-1,-1,-1,-1,-1,-1,0,-1
2021430410558,2021,430410558,2,9,0,18,19,1,5,0,0,0,0,0,0,0,0,1,6,6,3,-1,-1,-1,-1,-1,-1,-1,-1,0,-1
2021010345092,2021,010345092,2,1,0,15,15,5,1,2,2,1,0,0,0,0,1,1,2,2,1,45,7,-1,-1,-1,-1,2,E01003175,0,-1
2021010288537,2021,010288537,1,9,0,18,19,1,5,0,0,1,0,10,0,0,1,1,2,2,1,25,5,-1,-1,-1,-1,3,E01002185,0,-1
2021332100658,2021,332100658,2,9,0,18,19,6,2,0,0,4,0,0,0,0,3,1,6,6,1,51,8,-1,-1,-1,-1,10,E01013803,0,-1
2021201042264,2021,201042264,3,20,1,3,3,6,2,0,0,1,0,0,0,0,2,1,1,1,1,28,6,-1,-1,-1,-1,-1,-1,0,-1
2021010315785,2021,010315785,2,1,0,18,19,7,3,0,0,1,0,0,0,0,1,1,6,6,1,22,5,-1,-1,-1,-1,3,E01003215,0,-1
2021052100101,2021,052100101,2,1,0,18,19,6,2,0,0,8,0,0,0,0,1,1,2,2,1,36,7,-1,-1,-1,-1,-1,-1,0,-1
2021371016969,2021,371016969,1,9,0,18,19,3,1,0,0,1,0,0,0,0,4,1,5,6,1,28,6,-1,-1,-1,-1,1,E01029982,0,-1
2021101059984,2021,101059984,1,2,0,18,19,5,1,0,0,0,0,0,0,0,1,1,6,6,1,21,5,-1,-1,-1,-1,-1,-1,0,-1
2021991081370,2021,991081370,2,1,0,18,19,4,8,0,0,1,5,0,0,0,1,1,6,6,1,59,9,-1,-1,-1,-1,5,-1,0,-1
2021201073927,2021,201073927,1,9,0,17,19,4,1,0,0,0,1,7,8,11,1,1,6,6,1,24,5,-1,-1,-1,-1,1,E01014113,0,-1
2021101064135,2021,101064135,1,9,0,18,19,1,5,0,0,1,0,0,0,0,4,1,6,6,3,-1,-1,-1,-1,-1,-1,-1,-1,0,-1
2021430253846,2021,430253846,1,9,0,9,9,3,5,0,0,8,0,0,0,0,2,1,6,6,1,-1,-1,-1,-1,-1,-1,-1,-1,0,-1
2021122100776,2021,122100776,1,1,0,17,19,2,6,0,0,0,1,0,0,0,0,1,6,6,1,40,7,-1,-1,-1,-1,3,E01011582,0,-1
2021421025580,2021,421025580,2,1,0,18,19,5,1,0,0,0,0,0,0,0,3,1,5,6,1,7,2,-1,-1,-1,-1,4,E01021287,0,-1
2021010321633,2021,010321633,2,1,0,5,5,7,3,0,0,8,0,0,0,0,1,1,1,1,1,34,6,-1,-1,-1,-1,9,E01004604,0,-1
2021552100825,2021,552100825,1,1,0,9,9,7,5,9,9,8,0,0,0,0,1,1,4,7,1,12,3,-1,-1,-1,-1,2,E01032662,0,-1
2021430262742,2021,430262742,1,9,0,18,19,8,4,0,0,1,2,4,0,0,3,1,6,6,2,20,4,-1,-1,-1,-1,7,E01028640,0,-1
2021421051077,2021,421051077,2,1,0,18,19,2,6,0,0,0,0,0,0,0,1,1,5,6,1,54,8,-1,-1,-1,-1,4,E01022011,0,-1
202160Z042673,2021,60Z042673,2,8,0,18,19,6,2,0,0,0,0,0,0,0,4,1,1,1,1,47,8,-1,-1,-1,-1,-1,-1,0,-1
202163C005221,2021,63C005221,1,9,0,9,9,4,2,0,0,8,0,0,0,0,1,1,1,1,1,31,6,-1,-1,-1,-1,10,W01001100,0,-1
2021010298268,2021,010298268,2,1,0,18,19,1,5,0,0,0,0,0,0,0,1,1,6,6,1,19,4,-1,-1,-1,-1,3,E01004489,0,-1
2021610052421,2021,610052421,1,9,0,18,19,2,6,0,0,2,0,0,0,0,2,1,6,6,2,47,8,-1,-1,-1,-1,-1,-1,0,-1
2021332101508,2021,332101508,1,9,0,18,19,7,3,0,0,0,0,0,0,0,0,1,6,6,1,68,10,-1,-1,-1,-1,-1,-1,0,-1
2021401104555,2021,401104555,2,1,0,3,3,4,8,0,0,0,0,0,0,0,4,1,6,6,1,17,4,-1,-1,-1,-1,6,E01017481,0,-1
2021501038396,2021,501038396,1,9,0,18,19,1,5,0,0,1,0,0,0,0,1,1,5,6,1,58,9,-1,-1,-1,-1,3,E01015085,0,-1
2021221018796,2021,221018796,3,19,0,9,9,8,6,0,0,5,0,0,0,0,0,1,6,6,3,34,6,-1,-1,-1,-1,-1,-1,0,-1
2021010291665,2021,010291665,1,9,0,5,5,0,7,0,0,6,0,0,0,0,1,1,1,1,1,53,8,-1,-1,-1,-1,6,E01003952,0,-1
2021201112728,2021,201112728,1,9,0,18,19,6,2,0,0,0,0,0,0,0,1,1,6,6,3,-1,-1,-1,-1,-1,-1,-1,-1,0,-1
2021101071473,2021,101071473,2,22,0,18,19,7,3,0,0,0,5,0,0,0,1,1,6,6,1,67,10,-1,-1,-1,-1,1,E01008399,0,-1
2021010311362,2021,010311362,2,90,0,6,6,7,7,0,0,2,0,0,0,0,0,1,6,6,1,40,7,-1,-1,-1,-1,4,E01002444,0,-1
2021131118025,2021,131118025,2,1,0,18,19,3,7,0,0,0,1,0,0,0,2,1,5,6,1,19,4,-1,-1,-1,-1,1,E01011148,0,-1
2021010334312,2021,010334312,2,1,0,9,9,4,2,4,4,6,0,0,0,0,1,1,1,1,1,26,6,-1,-1,-1,-1,-1,-1,0,-1
2021440250523,2021,440250523,1,9,0,18,19,6,2,0,0,0,0,0,5,6,1,1,6,6,1,28,6,-1,-1,-1,-1,3,E01017051,0,-1
2021061116794,2021,061116794,1,9,0,3,3,5,1,0,0,1,0,0,0,0,1,1,6,6,1,39,7,-1,-1,-1,-1,9,E01005339,0,-1
2021302100271,2021,302100271,1,9,0,18,19,2,6,0,0,0,0,0,1,10,1,1,6,6,2,38,7,-1,-1,-1,-1,7,E01019435,0,-1
2021010330365,2021,010330365,1,90,9,99,99,9,9,99,99,9,9,99,9,99,9,9,6,6,3,-1,-1,-1,-1,-1,-1,-1,-1,0,-1
2021010335828,2021,010335828,2,9,0,99,99,9,9,99,99,9,9,99,9,99,9,9,6,6,3,-1,-1,-1,-1,-1,-1,-1,-1,0,-1
2021201138966,2021,201138966,1,9,0,18,19,4,8,0,0,1,0,0,0,0,1,1,6,6,1,-1,-1,-1,-1,-1,-1,-1,-1,0,-1
2021010316618,2021,010316618,1,1,9,99,99,9,9,99,99,9,9,99,9,99,9,1,6,6,1,12,3,-1,-1,-1,-1,7,E01003903,0,-1
2021161051885,2021,161051885,2,9,0,16,19,6,2,0,0,4,0,0,0,0,1,1,6,6,1,-1,-1,-1,-1,-1,-1,-1,-1,0,-1
2021041128862,2021,041128862,1,9,0,18,19,5,1,0,0,1,0,0,0,0,1,1,6,6,3,-1,-1,-1,-1,-1,-1,-1,-1,0,-1
2021522104579,2021,522104579,2,1,0,18,19,7,3,0,0,4,0,0,0,0,2,1,6,6,1,30,6,-1,-1,-1,-1,-1,-1,0,-1
2021430304015,2021,430304015,2,1,0,18,19,5,1,0,0,8,0,0,0,0,1,1,6,6,1,42,7,-1,-1,-1,-1,-1,-1,0,-1
2021010349378,2021,010349378,2,90,5,18,19,5,1,0,0,8,9,99,0,0,9,1,6,6,1,55,8,-1,-1,-1,-1,7,E01002538,0,-1
2021411129474,2021,411129474,3,9,0,14,14,7,3,0,0,2,0,0,0,0,0,1,6,6,3,-1,-1,-1,-1,-1,-1,-1,-1,0,-1
2021010318511,2021,010318511,1,1,9,99,99,9,9,99,99,9,9,99,9,99,9,1,6,6,1,29,6,-1,-1,-1,-1,2,E01001042,0,-1
202106X079535,2021,06X079535,2,8,0,18,19,7,3,0,0,0,0,0,0,0,2,1,6,6,2,52,8,-1,-1,-1,-1,9,W01000399,0,-1
2021010288219,2021,010288219,2,1,0,16,19,5,1,0,0,1,0,0,0,0,4,1,6,6,2,46,8,-1,-1,-1,-1,7,E01001304,0,-1
2021332100008,2021,332100008,2,9,0,4,4,5,1,0,0,1,0,0,0,0,2,1,6,6,2,60,9,-1,-1,-1,-1,4,E01025789,0,-1
2021461101252,2021,461101252,1,9,0,5,5,1,5,0,0,4,0,0,0,0,1,1,6,6,2,-1,-1,-1,-1,-1,-1,-1,-1,0,-1
2021170S20361,2021,170S20361,2,19,0,2,2,0,0,0,0,1,0,0,0,0,3,1,6,6,1,35,6,-1,-1,-1,-1,-1,-1,0,-1
2021161112841,2021,161112841,1,9,0,9,9,1,5,0,0,8,0,0,0,0,3,1,2,2,2,56,9,-1,-1,-1,-1,4,E01013246,0,-1
202160Z138844,2021,60Z138844,1,9,0,18,19,2,6,0,0,2,0,0,0,0,1,1,6,6,1,60,9,-1,-1,-1,-1,-1,-1,0,-1
2021041127300,2021,041127300,1,1,0,18,19,3,7,0,0,1,0,0,0,0,4,1,6,6,1,30,6,-1,-1,-1,-1,6,E01025025,0,-1
2021010341213,2021,010341213,1,1,0,18,19,8,4,5,5,0,0,0,0,0,3,1,1,1,1,27,6,-1,-1,-1,-1,4,E01004396,0,-1
2021531035313,2021,531035313,2,1,0,18,19,3,7,0,0,0,0,0,0,0,3,1,6,6,1,35,6,-1,-1,-1,-1,9,E01022282,0,-1
2021221066232,2021,221066232,1,1,0,16,19,7,2,0,0,8,0,0,0,0,1,1,5,6,1,54,8,-1,-1,-1,-1,2,E01032161,0,-1
2021430257471,2021,430257471,1,5,0,7,7,8,2,0,0,2,0,0,0,0,1,1,6,6,2,27,6,-1,-1,-1,-1,7,E01017705,0,-1
2021070660175,2021,070660175,2,1,0,18,19,1,5,0,0,1,0,0,0,0,1,1,6,6,1,54,8,-1,-1,-1,-1,3,E01018464,0,-1
2021552200064,2021,552200064,2,1,0,18,19,8,4,0,0,0,0,0,0,0,3,1,6,6,1,10,2,-1,-1,-1,-1,5,E01015329,0,-1