collision_index,collision_year,collision_ref_no,vehicle_reference,vehicle_type,towing_and_articulation,vehicle_manoeuvre_historic,vehicle_manoeuvre,vehicle_direction_from,vehicle_direction_to,vehicle_location_restricted_lane_historic,vehicle_location_restricted_lane,junction_location,skidding_and_overturning,hit_object_in_carriageway,vehicle_leaving_carriageway,hit_object_off_carriageway,first_point_of_impact,vehicle_left_hand_drive,journey_purpose_of_driver_historic,journey_purpose_of_driver,sex_of_driver,age_of_driver,age_band_of_driver,engine_capacity_cc,propulsion_code,age_of_vehicle,generic_make_model,driver_imd_decile,lsoa_of_driver,escooter_flag,driver_distance_banding
2021170L40231,2021,170L40231,2,1,0,18,19,7,3,0,0,0,0,0,0,0,0,1,6,6,2,56,9,-1,-1,-1,-1,9,E01012139,0,-1
2021010288487,2021,010288487,2,9,9,99,99,9,9,99,99,9,9,99,9,99,9,9,6,6,1,-1,-1,-1,-1,-1,-1,6,E01004359,0,-1
2021201071381,2021,201071381,1,9,0,18,19,2,6,0,0,8,0,0,0,0,0,1,6,6,2,-1,-1,-1,-1,-1,-1,-1,-1,0,-1
2021440174873,2021,440174873,2,1,0,18,19,2,6,0,0,8,0,0,0,0,1,1,6,6,2,26,6,-1,-1,-1,-1,8,E01017196,0,-1
2021131107316,2021,131107316,1,9,0,-1,-1,-1,-1,-1,-1,8,-1,-1,-1,0,-1,1,6,6,3,-1,-1,-1,-1,-1,-1,-1,-1,0,-1
2021461146817,2021,461146817,2,9,0,18,19,5,1,0,0,0,0,0,0,0,4,1,6,6,1,-1,-1,-1,-1,-1,-1,5,E01024281,0,-1
2021010296725,2021,010296725,2,-1,0,18,19,1,5,0,0,0,0,0,0,0,1,1,6,6,1,20,4,-1,-1,-1,-1,1,E01001013,1,-1
2021131121597,2021,131121597,2,9,0,18,19,1,5,0,0,1,0,0,0,0,1,1,5,6,1,87,11,-1,-1,-1,-1,9,E01011353,0,-1
2021101099273,2021,101099273,2,1,0,3,3,4,2,0,0,8,0,0,0,0,3,1,5,6,1,41,7,-1,-1,-1,-1,3,E01008240,0,-1
2021010291343,2021,010291343,3,3,0,5,5,3,7,0,0,1,0,0,0,0,1,1,6,6,1,32,6,-1,-1,-1,-1,3,E01000044,0,-1
2021138251460,2021,138251460,1,9,0,18,19,7,3,0,0,8,0,0,0,0,1,1,6,6,3,-1,-1,-1,-1,-1,-1,-1,-1,0,-1
2021451036989,2021,451036989,1,1,0,14,14,1,5,0,0,0,0,0,0,0,3,1,5,6,2,60,9,-1,-1,-1,-1,10,E01030792,0,-1
2021010321830,2021,010321830,1,19,9,1,1,7,3,99,99,8,9,0,0,0,0,9,6,6,3,-1,-1,-1,-1,-1,-1,-1,-1,0,-1
2021201077231,2021,201077231,2,1,0,9,9,2,8,0,0,8,0,0,0,0,4,1,2,2,1,45,7,-1,-1,-1,-1,3,E01009629,0,-1
2021201146847,2021,201146847,2,1,0,18,19,4,8,0,0,0,0,0,0,0,4,1,6,6,1,31,6,-1,-1,-1,-1,2,E01009935,0,-1
2021010339975,2021,010339975,1,1,9,99,99,9,9,99,99,9,9,99,9,99,1,1,2,2,2,24,5,-1,-1,-1,-1,10,E01003461,0,-1
2021361084219,2021,361084219,2,1,0,18,19,4,8,0,0,2,2,0,0,0,1,1,5,6,1,57,9,-1,-1,-1,-1,6,E01026947,0,-1
2021531086755,2021,531086755,2,1,0,18,19,3,7,0,0,0,0,0,0,0,1,1,6,6,1,50,8,-1,-1,-1,-1,5,E01022435,0,-1
202134WNC1541,2021,34WNC1541,3,9,0,18,19,7,3,0,0,0,0,0,0,0,2,1,1,1,1,28,6,-1,-1,-1,-1,3,E01025822,0,-1
2021430564825,2021,430564825,2,1,0,18,19,5,1,0,0,8,0,0,0,0,4,1,6,6,1,29,6,-1,-1,-1,-1,-1,-1,0,-1
2021610019821,2021,610019821,2,9,0,16,19,4,7,0,0,0,0,0,0,0,1,1,6,6,2,82,11,-1,-1,-1,-1,-1,-1,0,-1
2021991076854,2021,991076854,1,1,0,18,19,2,6,0,0,0,0,4,0,0,1,1,5,6,1,39,7,-1,-1,-1,-1,-1,-1,0,-1
2021461046614,2021,461046614,1,9,0,18,19,7,3,0,0,0,0,0,0,0,3,1,5,6,3,-1,-1,-1,-1,-1,-1,-1,-1,0,-1
202160Z161209,2021,60Z161209,1,9,0,18,19,8,4,0,0,0,0,0,0,0,3,1,6,6,2,36,7,-1,-1,-1,-1,-1,-1,0,-1
2021231075109,2021,231075109,2,1,0,18,19,4,8,0,0,0,0,0,0,0,3,1,5,6,1,41,7,-1,-1,-1,-1,10,E01031318,0,-1
2021461116524,2021,461116524,2,90,0,18,19,2,2,0,0,0,0,0,0,0,1,1,6,6,1,30,6,-1,-1,-1,-1,3,E01024119,0,-1
2021610038521,2021,610038521,1,9,0,18,19,5,1,0,0,1,0,0,0,0,2,1,1,1,1,37,7,-1,-1,-1,-1,-1,-1,0,-1
2021501027697,2021,501027697,2,1,0,5,5,7,2,0,0,1,1,0,0,0,1,1,4,7,1,9,2,-1,-1,-1,-1,1,E01018767,0,-1
202131A043121,2021,31A043121,2,1,0,9,9,5,3,0,0,6,0,0,0,0,4,1,6,6,1,16,4,-1,-1,-1,-1,2,E01028279,0,-1
2021501062010,2021,501062010,2,1,0,18,19,1,5,0,0,0,0,0,0,0,1,1,5,6,1,54,8,-1,-1,-1,-1,6,E01020021,0,-1
2021522104718,2021,522104718,2,9,0,2,2,0,0,0,0,2,0,0,0,0,1,1,6,6,3,50,8,-1,-1,-1,-1,-1,-1,0,-1
2021010296023,2021,010296023,2,9,0,99,99,9,9,99,99,9,9,99,9,99,1,9,6,6,3,-1,-1,-1,-1,-1,-1,-1,-1,0,-1
2021122101538,2021,122101538,2,9,0,18,19,7,3,0,0,0,0,0,0,0,1,1,6,6,1,59,9,-1,-1,-1,-1,10,E01027607,0,-1
2021332100691,2021,332100691,2,9,0,18,19,6,2,0,0,8,0,0,0,0,3,1,1,1,1,30,6,-1,-1,-1,-1,10,E01029854,0,-1
2021351073502,2021,351073502,1,9,0,16,19,5,1,0,0,1,0,0,7,0,1,1,5,6,1,40,7,-1,-1,-1,-1,3,E01029954,0,-1
2021471031501,2021,471031501,2,1,0,18,19,3,7,0,0,1,0,0,0,0,1,1,2,2,2,50,8,-1,-1,-1,-1,4,E01020952,0,-1
2021031088828,2021,031088828,2,17,4,9,9,1,6,0,0,5,0,0,0,0,4,1,1,1,1,48,8,-1,-1,-1,-1,7,E01019329,0,-1
2021332100677,2021,332100677,2,9,0,18,19,5,1,0,0,0,1,0,0,0,3,1,6,6,2,54,8,-1,-1,-1,-1,6,E01025796,0,-1
2021411161699,2021,411161699,1,19,0,18,19,-1,-1,0,0,0,0,0,0,0,0,1,6,6,3,-1,-1,-1,-1,-1,-1,-1,-1,0,-1
2021010341075,2021,010341075,1,1,9,99,99,9,9,99,99,9,9,99,9,99,1,1,6,6,3,25,5,-1,-1,-1,-1,1,E01003060,0,-1
2021010308390,2021,010308390,2,1,0,5,5,4,8,0,0,8,0,0,0,0,1,1,6,6,1,32,6,-1,-1,-1,-1,3,E01001089,0,-1
2021131084042,2021,131084042,1,9,0,18,19,-1,-1,0,0,4,-1,-1,-1,-1,-1,1,6,6,3,-1,-1,-1,-1,-1,-1,-1,-1,0,-1
2021141117197,2021,141117197,2,9,0,-1,-1,-1,-1,-1,-1,0,-1,-1,-1,0,-1,1,6,6,3,-1,-1,-1,-1,-1,-1,-1,-1,0,-1
2021421091740,2021,421091740,1,-1,0,18,19,1,5,0,0,1,0,0,0,0,3,1,5,6,1,15,3,-1,-1,-1,-1,4,E01021956,1,-1
2021131098581,2021,131098581,1,1,0,11,11,5,1,0,0,0,5,0,1,0,4,1,5,6,1,20,4,-1,-1,-1,-1,1,E01011321,0,-1
2021201074204,2021,201074204,2,9,0,5,5,6,5,0,0,6,0,0,0,0,0,1,6,6,2,-1,-1,-1,-1,-1,-1,-1,-1,0,-1
2021471053385,2021,471053385,2,1,0,18,19,3,7,0,0,1,0,0,0,0,1,1,6,6,2,28,6,-1,-1,-1,-1,2,E01016944,0,-1
2021010298019,2021,010298019,1,9,0,12,12,1,5,0,0,0,0,0,0,0,4,1,6,6,1,76,11,-1,-1,-1,-1,5,E01015753,0,-1
2021041085988,2021,041085988,1,9,0,1,1,7,3,0,0,0,0,0,0,0,2,1,6,6,3,-1,-1,-1,-1,-1,-1,-1,-1,0,-1
2021052100117,2021,052100117,2,1,0,18,19,5,1,0,0,8,0,0,0,0,4,1,2,2,2,59,9,-1,-1,-1,-1,7,E01007198,0,-1
2021522104980,2021,522104980,1,-1,0,18,19,5,1,0,0,1,0,0,0,0,4,1,6,6,1,48,8,-1,-1,-1,-1,3,E01014622,1,-1
2021531019489,2021,531019489,2,1,0,18,19,5,1,0,0,1,0,0,0,0,1,1,5,6,1,72,10,-1,-1,-1,-1,10,E01022128,0,-1
2021031133407,2021,031133407,2,1,0,18,19,-1,-1,0,0,0,0,0,0,0,4,1,5,6,1,73,10,-1,-1,-1,-1,4,E01019340,0,-1
2021061106059,2021,061106059,1,9,0,4,4,3,3,0,0,2,0,0,0,0,1,1,6,6,1,16,4,-1,-1,-1,-1,3,E01018631,0,-1
2021332101524,2021,332101524,2,9,0,2,2,0,0,0,0,0,0,0,0,0,0,1,6,6,1,-1,-1,-1,-1,-1,-1,-1,-1,0,-1
2021302102061,2021,302102061,3,9,0,2,2,0,0,0,0,0,0,0,0,0,3,1,6,6,3,-1,-1,-1,-1,-1,-1,-1,-1,0,-1
2021010364827,2021,010364827,1,2,0,99,99,9,9,99,99,9,9,99,9,99,9,1,6,6,3,-1,-1,-1,-1,-1,-1,-1,-1,0,-1
2021522105642,2021,522105642,3,19,0,18,19,5,1,0,0,8,0,0,0,0,1,1,6,6,1,99,11,-1,-1,-1,-1,-1,-1,0,-1
2021041021055,2021,041021055,1,9,0,9,9,7,5,0,0,3,0,0,0,0,1,1,6,6,3,-1,-1,-1,-1,-1,-1,-1,-1,0,-1
2021122101115,2021,122101115,1,1,0,17,19,6,4,0,0,0,0,0,0,0,1,1,6,6,1,56,9,-1,-1,-1,-1,10,E01027598,0,-1
202163D050321,2021,63D050321,2,1,0,18,19,8,4,0,0,0,0,0,1,10,3,1,6,6,1,66,10,-1,-1,-1,-1,7,E01022098,0,-1
2021010335928,2021,010335928,1,1,9,99,99,9,9,99,99,0,9,99,9,99,9,1,6,6,1,24,5,-1,-1,-1,-1,4,E01002346,0,-1
2021201134027,2021,201134027,2,1,0,18,19,-1,-1,0,0,0,0,0,0,0,2,1,2,2,1,50,8,-1,-1,-1,-1,10,E01010186,0,-1
2021610016621,2021,610016621,2,19,0,14,14,0,0,9,9,0,0,4,0,0,4,1,1,1,1,37,7,-1,-1,-1,-1,-1,-1,0,-1
2021430557039,2021,430557039,2,9,0,18,19,7,3,0,0,0,0,0,0,0,1,1,6,6,2,-1,-1,-1,-1,-1,-1,-1,-1,0,-1
2021131055147,2021,131055147,1,1,0,18,19,1,5,0,0,1,1,0,0,0,4,1,5,6,1,9,2,-1,-1,-1,-1,3,E01010950,0,-1
2021361121491,2021,361121491,2,1,0,18,19,7,3,0,0,8,5,0,0,0,1,1,5,6,1,41,7,-1,-1,-1,-1,9,E01026836,0,-1
2021161122393,2021,161122393,2,17,0,18,19,4,8,0,0,0,0,0,0,0,1,1,1,1,1,63,9,-1,-1,-1,-1,7,E01013346,0,-1
2021421059134,2021,421059134,2,9,0,18,19,3,7,0,0,0,1,7,1,0,3,1,2,2,1,39,7,-1,-1,-1,-1,4,E01022028,0,-1
2021061076480,2021,061076480,2,9,0,18,19,3,7,0,0,1,0,0,0,0,1,1,5,6,3,30,6,-1,-1,-1,-1,-1,-1,0,-1
2021052102399,2021,052102399,1,9,0,18,19,1,5,0,0,8,0,0,0,0,1,1,6,6,3,-1,-1,-1,-1,-1,-1,-1,-1,0,-1
2021430250100,2021,430250100,4,9,0,18,19,8,4,0,0,0,0,0,0,0,1,1,6,6,1,35,6,-1,-1,-1,-1,7,E01028496,0,-1
2021430038787,2021,430038787,1,9,0,7,7,7,1,0,0,6,0,0,0,0,1,1,6,6,1,-1,-1,-1,-1,-1,-1,-1,-1,0,-1
2021461057927,2021,461057927,1,9,0,4,4,7,3,0,0,0,0,0,0,0,1,1,2,2,1,44,7,-1,-1,-1,-1,5,E01024478,0,-1
2021101022854,2021,101022854,1,9,0,18,19,8,4,0,0,4,0,-1,-1,0,-1,1,6,6,2,-1,-1,-1,-1,-1,-1,-1,-1,0,-1
2021041109260,2021,041109260,2,90,0,18,19,7,3,0,0,0,0,0,0,0,0,1,6,6,1,13,3,-1,-1,-1,-1,1,E01024899,0,-1
2021201086168,2021,201086168,1,9,0,5,5,6,3,0,0,6,0,0,0,0,1,1,6,6,3,-1,-1,-1,-1,-1,-1,-1,-1,0,-1
2021451086434,2021,451086434,1,1,0,3,3,8,4,0,0,1,0,0,0,0,4,1,5,6,1,65,9,-1,-1,-1,-1,9,E01030706,0,-1
2021461060123,2021,461060123,1,9,0,18,19,3,7,0,0,0,2,0,1,0,1,1,5,6,1,35,6,-1,-1,-1,-1,8,E01030838,0,-1
2021622100627,2021,622100627,1,21,0,11,11,8,3,0,0,0,0,0,0,0,1,2,6,6,3,-1,-1,-1,-1,-1,-1,-1,-1,0,-1
2021332100067,2021,332100067,1,9,0,18,19,8,4,0,0,1,0,0,0,0,1,1,6,6,1,20,4,-1,-1,-1,-1,8,E01025793,0,-1
2021010312295,2021,010312295,1,9,9,99,99,9,9,99,99,9,9,99,9,99,9,9,6,6,3,-1,-1,-1,-1,-1,-1,-1,-1,0,-1
2021430187435,2021,430187435,2,1,0,18,19,2,6,0,0,8,0,0,0,0,2,1,6,6,1,48,8,-1,-1,-1,-1,10,E01016637,0,-1
2021440189229,2021,440189229,2,1,0,18,19,3,7,0,0,1,0,0,0,0,1,1,6,6,1,37,7,-1,-1,-1,-1,6,E01022940,0,-1
2021052102445,2021,052102445,1,-1,0,9,9,3,7,0,0,0,0,0,0,0,3,1,3,7,2,18,4,-1,-1,-1,-1,1,E01006673,1,-1
2021531049859,2021,531049859,2,1,0,18,19,1,5,0,0,0,5,0,0,0,3,1,5,6,1,61,9,-1,-1,-1,-1,3,E01022375,0,-1
2021061039617,2021,061039617,1,9,0,18,19,2,6,0,0,0,0,0,0,0,1,1,6,6,3,30,6,-1,-1,-1,-1,-1,-1,0,-1
2021010294620,2021,010294620,2,9,0,13,13,4,8,0,0,2,0,0,0,0,4,1,6,6,3,-1,-1,-1,-1,-1,-1,-1,-1,0,-1
2021201102690,2021,201102690,1,97,0,18,19,6,2,0,0,8,0,0,0,0,0,1,6,6,1,-1,-1,-1,-1,-1,-1,-1,-1,0,-1
2021610033421,2021,610033421,1,9,0,18,19,8,4,0,0,0,0,0,0,0,2,1,6,6,2,48,8,-1,-1,-1,-1,-1,-1,0,-1
2021430322833,2021,430322833,3,9,0,18,19,4,8,0,0,0,0,0,0,0,1,1,6,6,1,18,4,-1,-1,-1,-1,10,E01016425,0,-1
2021010330049,2021,010330049,2,1,0,8,8,1,3,0,0,6,5,0,0,0,1,1,2,2,1,67,10,-1,-1,-1,-1,2,E01004044,0,-1
2021010297497,2021,010297497,1,9,0,18,19,1,5,0,0,1,0,0,0,0,1,1,6,6,3,-1,-1,-1,-1,-1,-1,-1,-1,0,-1
2021461023782,2021,461023782,4,9,0,5,5,8,4,0,0,4,0,0,0,0,1,1,6,6,3,-1,-1,-1,-1,-1,-1,-1,-1,0,-1
2021610012321,2021,610012321,2,9,0,18,19,7,3,0,0,1,0,0,0,0,3,1,6,6,1,18,4,-1,-1,-1,-1,-1,-1,0,-1
2021010311305,2021,010311305,2,1,0,18,19,3,7,2,2,0,1,0,0,0,2,1,6,6,1,28,6,-1,-1,-1,-1,-1,-1,0,-1
2021320499802,2021,320499802,1,1,0,18,19,6,2,0,0,0,0,0,0,0,1,1,6,6,1,38,7,-1,-1,-1,-1,8,E01026262,0,-1
2021332100272,2021,332100272,2,1,0,18,19,1,5,0,0,8,0,0,0,0,4,1,6,6,2,43,7,-1,-1,-1,-1,5,E01013767,0,-1
2021332100100,2021,332100100,2,-1,0,18,19,7,3,0,0,0,0,0,0,0,1,1,6,6,1,22,5,-1,-1,-1,-1,1,E01013760,1,-1
2021010304808,2021,010304808,1,1,9,99,99,9,9,99,99,9,9,99,9,99,9,1,6,6,1,20,4,-1,-1,-1,-1,2,E01003980,0,-1
2021122100272,2021,122100272,1,1,0,18,19,5,1,0,0,0,0,0,0,0,1,1,6,6,1,40,7,-1,-1,-1,-1,9,E01027856,0,-1
2021430322771,2021,430322771,1,1,0,18,19,1,5,0,0,1,0,0,0,0,4,1,6,6,1,-1,-1,-1,-1,-1,-1,-1,-1,0,-1
2021211153014,2021,211153014,2,9,0,18,19,-1,-1,0,0,1,0,0,0,0,0,1,1,1,1,35,6,-1,-1,-1,-1,7,E01029732,0,-1
202160Z046391,2021,60Z046391,2,1,0,18,19,6,2,0,0,2,0,0,0,0,3,1,6,6,2,64,9,-1,-1,-1,-1,-1,-1,0,-1
2021070160911,2021,070160911,1,19,0,7,7,6,8,0,0,0,0,0,0,0,1,1,6,6,3,100,11,-1,-1,-1,-1,-1,-1,0,-1
2021061028164,2021,061028164,1,3,0,18,19,5,1,0,0,1,1,0,0,0,1,1,6,6,1,22,5,-1,-1,-1,-1,-1,-1,0,-1
2021041115461,2021,041115461,1,1,0,5,5,5,1,0,0,1,0,4,0,0,1,1,4,7,1,12,3,-1,-1,-1,-1,1,E01024940,0,-1
2021440366213,2021,440366213,1,9,0,1,1,7,3,0,0,1,0,0,0,0,2,1,6,6,1,51,8,-1,-1,-1,-1,10,E01022619,0,-1
2021010347541,2021,010347541,2,1,0,18,19,8,4,0,0,1,0,0,0,0,3,1,6,6,1,53,8,-1,-1,-1,-1,2,E01001947,0,-1
2021141065448,2021,141065448,2,1,0,18,19,3,7,0,0,8,0,0,0,0,2,1,6,6,1,26,6,-1,-1,-1,-1,10,E01008132,0,-1
2021201131954,2021,201131954,1,9,0,18,19,2,6,0,0,8,0,0,0,0,1,1,6,6,1,-1,-1,-1,-1,-1,-1,-1,-1,0,-1
2021201052084,2021,201052084,2,8,0,7,7,3,7,0,0,6,0,0,0,0,1,1,1,1,3,-1,-1,-1,-1,-1,-1,-1,-1,0,-1
2021010318492,2021,010318492,1,9,0,18,19,7,3,0,0,4,0,0,0,0,1,1,6,6,1,19,4,-1,-1,-1,-1,4,E01001261,0,-1
2021430425433,2021,430425433,1,9,0,18,19,4,8,0,0,2,0,0,0,0,1,1,6,6,3,-1,-1,-1,-1,-1,-1,-1,-1,0,-1
2021010331821,2021,010331821,1,1,0,18,19,5,1,0,0,1,0,10,0,0,1,1,1,1,1,43,7,-1,-1,-1,-1,2,E01003523,0,-1
2021010312375,2021,010312375,2,1,0,18,19,3,7,5,5,0,0,0,0,0,2,1,6,6,1,-1,-1,-1,-1,-1,-1,-1,-1,0,-1
2021070893920,2021,070893920,2,1,0,18,19,1,5,0,0,0,0,0,0,0,4,1,6,6,1,14,3,-1,-1,-1,-1,4,E01018452,0,-1
2021522104559,2021,522104559,1,9,0,18,19,6,2,0,0,3,0,0,0,0,4,1,6,6,1,21,5,-1,-1,-1,-1,6,E01032519,0,-1
2021061136897,2021,061136897,2,1,0,18,19,5,1,4,4,8,0,0,0,0,3,1,6,6,1,19,4,-1,-1,-1,-1,4,E01005184,0,-1
2021471115590,2021,471115590,2,1,0,18,19,5,1,9,9,0,0,0,0,0,4,1,5,6,2,63,9,-1,-1,-1,-1,9,E01031489,0,-1
2021010318911,2021,010318911,3,9,0,99,99,9,9,99,99,9,9,99,9,99,1,9,6,6,3,-1,-1,-1,-1,-1,-1,-1,-1,0,-1
2021010301447,2021,010301447,2,9,0,99,99,9,9,99,99,9,9,99,9,99,1,9,6,6,3,-1,-1,-1,-1,-1,-1,-1,-1,0,-1
2021061081274,2021,061081274,1,1,0,18,19,4,8,0,0,0,0,0,0,0,3,1,5,6,1,12,3,-1,-1,-1,-1,5,E01005990,0,-1
2021552100064,2021,552100064,2,1,0,18,19,2,6,0,0,0,0,0,0,0,4,1,6,6,2,11,3,-1,-1,-1,-1,5,E01020353,0,-1
2021461118579,2021,461118579,2,21,0,18,19,4,8,0,0,0,0,0,0,0,3,1,1,1,2,22,5,-1,-1,-1,-1,-1,-1,0,-1
2021461092812,2021,461092812,1,9,0,18,19,1,5,0,0,1,0,0,0,0,1,1,6,6,3,-1,-1,-1,-1,-1,-1,-1,-1,0,-1
2021440389183,2021,440389183,2,1,0,18,19,2,6,9,9,6,0,0,0,0,1,1,6,6,2,59,9,-1,-1,-1,-1,6,E01023008,0,-1
2021302100457,2021,302100457,2,9,0,9,9,8,6,0,0,1,0,0,0,0,1,1,3,7,1,54,8,-1,-1,-1,-1,10,E01013578,0,-1
2021010332207,2021,010332207,2,9,0,6,6,1,1,0,0,0,0,0,0,0,1,1,6,6,1,55,8,-1,-1,-1,-1,4,E01004447,0,-1
2021010322605,2021,010322605,2,9,9,99,99,9,9,99,99,9,9,99,9,99,1,9,6,6,3,-1,-1,-1,-1,-1,-1,-1,-1,0,-1
2021141034279,2021,141034279,1,1,0,12,12,6,3,0,0,8,0,0,0,0,1,1,6,6,1,26,6,-1,-1,-1,-1,8,E01007864,0,-1
2021430164859,2021,430164859,1,9,0,18,19,5,1,0,0,0,0,0,0,0,1,1,6,6,1,83,11,-1,-1,-1,-1,10,E01017862,0,-1
2021411078200,2021,411078200,1,1,0,18,19,2,6,0,0,2,0,4,0,0,1,1,6,6,1,34,6,-1,-1,-1,-1,10,E01023441,0,-1
2021481146155,2021,481146155,2,-1,0,18,19,2,6,0,0,8,0,0,0,0,1,1,2,2,1,42,7,-1,-1,-1,-1,5,E01021420,1,-1
2021010308468,2021,010308468,2,9,0,99,99,9,9,99,99,9,9,99,9,99,2,9,6,6,3,-1,-1,-1,-1,-1,-1,-1,-1,0,-1
2021010300337,2021,010300337,2,9,0,99,99,9,9,99,99,9,9,99,9,99,1,9,6,6,3,-1,-1,-1,-1,-1,-1,2,E01000129,0,-1
202154A494721,2021,54A494721,3,1,0,18,19,4,8,0,0,1,0,0,0,0,1,1,6,6,1,14,3,-1,-1,-1,-1,8,E01032021,0,-1
202160Z119026,2021,60Z119026,1,9,0,18,19,8,4,0,0,0,0,0,0,0,1,1,2,2,1,18,4,-1,-1,-1,-1,-1,-1,0,-1
202163D066821,2021,63D066821,1,19,0,13,13,8,4,0,0,8,1,0,0,0,1,1,6,6,1,41,7,-1,-1,-1,-1,6,E01030748,0,-1
2021351046041,2021,351046041,2,90,0,17,19,8,4,0,0,8,0,0,0,0,1,1,6,6,3,-1,-1,-1,-1,-1,-1,-1,-1,0,-1
202131C114721,2021,31C114721,1,-1,0,16,19,2,6,0,0,4,0,0,0,0,1,1,6,6,1,24,5,-1,-1,-1,-1,3,E01013930,1,-1
2021440423424,2021,440423424,2,1,0,18,19,1,5,0,0,8,0,0,0,0,3,1,2,2,1,47,8,-1,-1,-1,-1,3,E01017364,0,-1
2021052101227,2021,052101227,1,19,0,18,19,5,1,0,0,1,0,0,0,0,4,2,1,1,1,37,7,-1,-1,-1,-1,-1,-1,0,-1
2021440144849,2021,440144849,2,11,0,18,19,1,5,0,0,8,0,0,0,0,1,1,1,1,3,-1,-1,-1,-1,-1,-1,-1,-1,0,-1
2021010344797,2021,010344797,2,98,9,99,99,9,9,0,0,0,9,99,9,99,9,1,6,6,3,-1,-1,-1,-1,-1,-1,-1,-1,0,-1
2021061095801,2021,061095801,1,9,0,18,19,5,1,0,0,1,0,0,0,0,4,1,6,6,3,30,6,-1,-1,-1,-1,-1,-1,0,-1
2021531062451,2021,531062451,2,-1,0,9,9,3,7,0,0,8,0,0,0,0,3,1,5,6,1,15,3,-1,-1,-1,-1,7,E01022287,1,-1
2021351114160,2021,351114160,1,1,0,18,19,5,1,9,9,0,0,0,0,0,1,1,6,6,3,-1,-1,-1,-1,-1,-1,-1,-1,0,-1
2021161049790,2021,161049790,2,1,0,18,19,5,1,0,0,8,0,0,0,0,1,1,5,6,1,32,6,-1,-1,-1,-1,4,E01012870,0,-1
2021480322986,2021,480322986,1,1,9,99,99,9,9,99,99,9,9,99,9,99,9,1,2,2,2,46,8,-1,-1,-1,-1,1,E01003921,0,-1
2021010322847,2021,010322847,2,9,0,99,99,9,9,99,99,0,9,99,9,99,2,9,6,6,3,-1,-1,-1,-1,-1,-1,-1,-1,0,-1
2021461111414,2021,461111414,1,9,0,18,19,7,7,0,0,1,1,0,1,0,1,1,5,6,3,-1,-1,-1,-1,-1,-1,-1,-1,0,-1
2021141126631,2021,141126631,3,90,0,-1,-1,-1,-1,-1,-1,0,-1,-1,-1,0,-1,1,6,6,3,-1,-1,-1,-1,-1,-1,-1,-1,0,-1
2021610036221,2021,610036221,1,9,0,10,10,2,6,0,0,1,0,0,0,0,4,1,6,6,1,51,8,-1,-1,-1,-1,-1,-1,0,-1
2021610007021,2021,610007021,2,9,0,18,19,6,2,0,0,0,0,0,0,0,2,1,1,1,1,41,7,-1,-1,-1,-1,-1,-1,0,-1
2021010349255,2021,010349255,1,90,0,99,99,9,9,99,99,9,9,99,9,99,9,9,1,1,1,40,7,-1,-1,-1,-1,6,E01000160,0,-1
2021411144430,2021,411144430,2,9,0,16,19,1,5,0,0,0,1,0,0,0,1,1,5,6,2,53,8,-1,-1,-1,-1,7,E01023798,0,-1
2021010295743,2021,010295743,2,3,0,13,13,7,3,0,0,2,0,0,0,0,2,1,6,6,3,-1,-1,-1,-1,-1,-1,-1,-1,0,-1
2021131117344,2021,131117344,1,9,0,9,9,3,4,0,0,1,0,0,0,0,1,1,6,6,3,-1,-1,-1,-1,-1,-1,-1,-1,0,-1
2021471028568,2021,471028568,2,22,0,18,19,1,5,0,0,2,0,0,0,0,3,1,6,6,1,69,10,-1,-1,-1,-1,5,E01031470,0,-1
2021531116283,2021,531116283,1,1,0,18,19,7,3,0,0,1,0,0,0,0,1,1,4,7,1,15,3,-1,-1,-1,-1,1,E01022147,0,-1
2021622100545,2021,622100545,1,1,0,15,15,6,2,0,0,1,0,0,0,0,1,1,6,6,1,17,4,-1,-1,-1,-1,-1,-1,0,-1
2021052101265,2021,052101265,2,1,0,18,19,8,4,0,0,8,0,0,0,0,4,1,6,6,2,57,9,-1,-1,-1,-1,8,E01007103,0,-1
2021461040738,2021,461040738,2,1,0,18,19,3,7,0,0,0,0,0,0,0,1,1,6,6,1,59,9,-1,-1,-1,-1,6,E01024303,0,-1
2021332100267,2021,332100267,1,9,0,18,19,1,5,0,0,8,2,0,0,0,1,1,6,6,1,69,10,-1,-1,-1,-1,3,E01025697,0,-1
2021552100183,2021,552100183,2,1,0,18,19,8,4,9,9,8,0,0,0,0,1,1,6,6,1,23,5,-1,-1,-1,-1,6,E01015462,0,-1
2021401091489,2021,401091489,1,90,0,18,19,2,8,9,9,0,0,0,0,0,1,1,6,6,1,20,4,-1,-1,-1,-1,-1,-1,0,-1
2021201117825,2021,201117825,1,9,0,1,1,5,1,9,9,2,0,0,0,0,2,1,6,6,3,-1,-1,-1,-1,-1,-1,-1,-1,0,-1
2021501043862,2021,501043862,2,19,0,18,19,6,2,0,0,0,0,0,0,0,4,1,6,6,3,-1,-1,-1,-1,-1,-1,-1,-1,0,-1
2021302100345,2021,302100345,2,1,0,18,19,4,2,0,0,6,0,0,0,0,1,1,4,7,1,13,3,-1,-1,-1,-1,1,E01013475,0,-1
202160Z100668,2021,60Z100668,1,9,0,1,1,3,7,0,0,1,0,0,0,0,2,1,6,6,3,-1,-1,-1,-1,-1,-1,-1,-1,0,-1
2021010344615,2021,010344615,2,1,0,5,5,1,5,0,0,8,0,0,0,0,3,1,6,6,2,30,6,-1,-1,-1,-1,3,E01000553,0,-1
2021161124780,2021,161124780,2,1,0,18,19,6,2,0,0,1,0,0,0,0,4,1,6,6,2,21,5,-1,-1,-1,-1,9,E01013052,0,-1
2021201148279,2021,201148279,2,1,0,18,19,2,5,0,0,1,0,0,0,0,3,1,6,6,1,36,7,-1,-1,-1,-1,2,E01010300,0,-1
2021411105659,2021,411105659,2,1,0,18,19,8,4,0,0,1,0,0,0,0,3,1,6,6,1,38,7,-1,-1,-1,-1,8,E01023672,0,-1
2021010338596,2021,010338596,2,1,0,12,12,8,4,0,0,4,0,0,0,0,2,1,1,1,1,30,6,-1,-1,-1,-1,2,E01000550,0,-1
2021010317922,2021,010317922,1,9,0,18,19,8,4,0,0,2,0,0,0,0,1,1,6,6,3,-1,-1,-1,-1,-1,-1,-1,-1,0,-1