collision_index,collision_year,collision_ref_no,vehicle_reference,vehicle_type,towing_and_articulation,vehicle_manoeuvre_historic,vehicle_manoeuvre,vehicle_direction_from,vehicle_direction_to,vehicle_location_restricted_lane_historic,vehicle_location_restricted_lane,junction_location,skidding_and_overturning,hit_object_in_carriageway,vehicle_leaving_carriageway,hit_object_off_carriageway,first_point_of_impact,vehicle_left_hand_drive,journey_purpose_of_driver_historic,journey_purpose_of_driver,sex_of_driver,age_of_driver,age_band_of_driver,engine_capacity_cc,propulsion_code,age_of_vehicle,generic_make_model,driver_imd_decile,lsoa_of_driver,escooter_flag,driver_distance_banding
2021010293689,2021,010293689,2,1,0,5,5,5,1,0,0,1,0,0,0,0,1,1,1,1,1,22,5,-1,-1,-1,-1,2,E01001112,0,-1
2021010338786,2021,010338786,1,1,9,99,99,9,9,99,99,9,9,99,9,99,9,1,2,2,1,29,6,-1,-1,-1,-1,8,E01004069,0,-1
202131B025221,2021,31B025221,1,9,0,18,19,6,2,0,0,8,0,0,0,0,1,1,6,6,1,61,9,-1,-1,-1,-1,5,E01028003,0,-1
2021501100490,2021,501100490,1,19,0,18,19,7,3,0,0,1,0,0,0,0,1,1,6,6,1,86,11,-1,-1,-1,-1,7,E01018883,0,-1
2021010308067,2021,010308067,2,1,0,3,3,2,6,0,0,1,0,0,0,0,3,1,2,2,1,51,8,-1,-1,-1,-1,3,E01001394,0,-1
2021010297689,2021,010297689,2,1,9,99,99,9,9,99,99,9,9,99,9,99,1,1,6,6,1,-1,-1,-1,-1,-1,-1,-1,-1,0,-1
2021421090966,2021,421090966,1,90,0,18,19,5,1,0,0,4,0,0,0,0,1,1,6,6,3,-1,-1,-1,-1,-1,-1,-1,-1,0,-1
2021201065665,2021,201065665,1,9,0,11,11,8,4,0,0,4,0,0,0,0,1,1,6,6,3,-1,-1,-1,-1,-1,-1,-1,-1,0,-1
2021361107620,2021,361107620,1,1,0,18,19,5,1,9,9,1,0,0,0,0,-1,1,6,6,1,-1,-1,-1,-1,-1,-1,-1,-1,0,-1
2021141106740,2021,141106740,2,22,0,18,19,6,2,9,9,0,0,0,0,0,3,1,5,6,1,33,6,-1,-1,-1,-1,1,E01007904,0,-1
2021061109592,2021,061109592,2,1,0,18,19,2,6,0,0,8,0,0,0,0,1,1,6,6,1,38,7,-1,-1,-1,-1,-1,-1,0,-1
2021122101221,2021,122101221,2,16,5,18,19,7,3,0,0,0,0,0,7,11,1,1,6,6,2,63,9,-1,-1,-1,-1,7,E01027751,0,-1
202163B059821,2021,63B059821,2,19,0,9,9,1,5,0,0,5,0,0,0,0,3,1,6,6,3,-1,-1,-1,-1,-1,-1,-1,-1,0,-1
202154A967021,2021,54A967021,1,1,0,18,19,8,4,0,0,2,0,0,0,0,4,1,6,6,1,18,4,-1,-1,-1,-1,2,E01015540,0,-1
202134NNC3141,2021,34NNC3141,2,9,0,18,19,7,3,0,0,8,0,0,0,0,1,1,6,6,1,40,7,-1,-1,-1,-1,8,E01027101,0,-1
2021991083620,2021,991083620,1,1,0,18,19,3,7,0,0,8,0,0,0,0,1,1,6,6,1,41,7,-1,-1,-1,-1,1,-1,0,-1
2021332101526,2021,332101526,2,1,0,18,19,4,8,0,0,0,0,0,0,0,0,1,6,6,1,34,6,-1,-1,-1,-1,-1,-1,0,-1
2021061106260,2021,061106260,2,9,0,18,19,3,7,0,0,1,0,0,0,0,2,1,6,6,1,39,7,-1,-1,-1,-1,4,E01005531,0,-1
2021471035644,2021,471035644,1,9,0,18,19,6,1,0,0,1,0,0,0,0,1,1,6,6,1,-1,-1,-1,-1,-1,-1,-1,-1,0,-1
202160Z051741,2021,60Z051741,1,9,0,18,19,6,2,0,0,2,0,0,3,11,1,1,6,6,2,84,11,-1,-1,-1,-1,-1,-1,0,-1
2021320218947,2021,320218947,1,19,0,13,13,8,4,0,0,0,0,0,0,0,0,1,6,6,1,40,7,-1,-1,-1,-1,-1,-1,0,-1
2021332100787,2021,332100787,1,9,0,18,19,8,4,0,0,0,0,0,0,0,1,1,6,6,1,21,5,-1,-1,-1,-1,3,E01004458,0,-1
2021010346356,2021,010346356,1,9,0,17,19,7,3,0,0,0,1,10,1,2,1,1,1,1,1,24,5,-1,-1,-1,-1,8,E01000370,0,-1
202131B099221,2021,31B099221,1,9,0,9,9,5,3,0,0,5,0,0,0,0,1,1,6,6,1,25,5,-1,-1,-1,-1,4,E01026230,0,-1
2021010319138,2021,010319138,1,1,0,18,19,3,7,4,4,1,5,10,0,0,1,1,2,2,1,34,6,-1,-1,-1,-1,5,E01002061,0,-1
2021461068883,2021,461068883,1,9,0,18,19,3,7,0,0,0,0,0,0,0,1,1,6,6,1,-1,-1,-1,-1,-1,-1,6,E01024052,0,-1
2021440281283,2021,440281283,2,1,0,18,19,3,7,0,0,0,0,0,0,0,1,1,6,6,1,16,4,-1,-1,-1,-1,10,E01022926,0,-1
2021201056057,2021,201056057,1,1,0,14,14,6,2,0,0,0,0,0,0,0,1,1,2,2,1,25,5,-1,-1,-1,-1,5,E01009939,0,-1
2021531111295,2021,531111295,2,9,0,5,5,4,8,8,6,6,0,0,0,0,1,1,5,6,1,71,10,-1,-1,-1,-1,5,E01022242,0,-1
2021010336641,2021,010336641,1,1,9,99,99,9,9,99,99,0,9,99,9,99,9,1,6,6,1,28,6,-1,-1,-1,-1,4,E01001939,0,-1
2021430195414,2021,430195414,1,1,0,18,19,4,8,0,0,0,0,0,0,0,3,1,6,6,1,29,6,-1,-1,-1,-1,10,E01016206,0,-1
2021411074957,2021,411074957,2,1,0,18,19,8,4,0,0,1,0,0,0,0,3,1,2,2,2,53,8,-1,-1,-1,-1,8,E01023879,0,-1
202131C059821,2021,31C059821,2,1,0,16,19,1,5,0,0,8,0,0,0,0,2,1,6,6,1,21,5,-1,-1,-1,-1,1,E01013819,0,-1
2021522104584,2021,522104584,1,1,0,99,99,9,9,0,0,0,0,0,0,0,0,1,6,6,1,53,8,-1,-1,-1,-1,6,E01014591,0,-1
2021010340249,2021,010340249,1,1,9,99,99,9,9,99,99,9,9,99,9,99,9,1,6,6,1,34,6,-1,-1,-1,-1,4,E01000676,0,-1
2021461075279,2021,461075279,2,1,0,18,19,1,7,0,0,0,0,0,0,0,1,1,6,6,1,55,8,-1,-1,-1,-1,10,E01024329,0,-1
2021122100308,2021,122100308,1,1,0,18,19,6,2,0,0,0,0,0,0,0,3,1,2,2,1,21,5,-1,-1,-1,-1,6,E01013398,0,-1
2021430325549,2021,430325549,1,1,0,5,5,1,5,0,0,4,0,0,0,0,3,1,6,6,1,32,6,-1,-1,-1,-1,6,E01028555,0,-1
202160Z140411,2021,60Z140411,1,9,0,16,19,6,2,0,0,0,5,11,7,11,1,1,6,6,1,31,6,-1,-1,-1,-1,-1,-1,0,-1
2021052100731,2021,052100731,1,9,0,18,19,5,1,0,0,0,0,0,0,0,1,1,6,6,3,-1,-1,-1,-1,-1,-1,-1,-1,0,-1
2021010311195,2021,010311195,1,11,9,18,19,3,7,0,0,9,9,0,0,0,0,1,6,6,3,-1,-1,-1,-1,-1,-1,-1,-1,0,-1
2021991022772,2021,991022772,1,9,0,10,10,7,4,0,0,8,0,0,0,0,3,1,6,6,1,26,6,-1,-1,-1,-1,3,-1,0,-1
2021010306755,2021,010306755,2,1,0,18,19,7,3,0,0,8,0,0,0,0,1,1,6,6,1,27,6,-1,-1,-1,-1,3,E01000644,0,-1
2021010345970,2021,010345970,2,1,0,5,5,6,2,0,0,8,0,0,0,0,1,1,2,2,2,23,5,-1,-1,-1,-1,4,E01004617,0,-1
2021010344318,2021,010344318,1,1,0,18,19,2,6,0,0,8,5,0,0,0,3,1,6,6,1,25,5,-1,-1,-1,-1,3,E01002923,0,-1
2021332100844,2021,332100844,5,98,0,3,3,5,1,0,0,0,0,0,0,0,2,1,1,1,1,34,6,-1,-1,-1,-1,3,E01019404,0,-1
2021540176221,2021,540176221,1,9,0,15,15,7,3,0,0,0,1,0,0,0,0,1,6,6,1,19,4,-1,-1,-1,-1,7,E01031961,0,-1
2021101064706,2021,101064706,1,9,0,18,19,7,3,0,0,8,0,0,0,0,0,1,6,6,3,-1,-1,-1,-1,-1,-1,-1,-1,0,-1
2021451101265,2021,451101265,1,1,0,7,7,5,7,0,0,3,0,0,0,0,4,1,6,6,2,57,9,-1,-1,-1,-1,8,E01030730,0,-1
2021010347599,2021,010347599,2,1,9,99,99,9,9,99,99,9,9,99,9,99,2,1,6,6,3,-1,-1,-1,-1,-1,-1,-1,-1,0,-1
2021010321138,2021,010321138,1,9,9,99,99,9,9,99,99,9,9,99,9,99,9,1,6,6,1,-1,-1,-1,-1,-1,-1,-1,-1,0,-1
2021201074399,2021,201074399,1,9,0,18,19,5,1,0,0,0,0,0,0,0,2,1,6,6,3,-1,-1,-1,-1,-1,-1,-1,-1,0,-1
2021430428332,2021,430428332,2,9,0,18,19,5,1,0,0,1,0,0,0,0,1,1,6,6,3,-1,-1,-1,-1,-1,-1,-1,-1,0,-1
2021471118111,2021,471118111,1,98,0,18,19,6,2,0,0,0,0,0,0,0,1,1,6,6,1,-1,-1,-1,-1,-1,-1,-1,-1,0,-1
2021010333397,2021,010333397,1,9,0,18,19,5,1,0,0,1,0,0,0,0,1,1,6,6,1,-1,-1,-1,-1,-1,-1,-1,-1,0,-1
2021101055741,2021,101055741,1,1,0,11,11,1,4,0,0,0,5,0,0,0,1,1,6,6,1,18,4,-1,-1,-1,-1,1,E01008827,0,-1
2021010345157,2021,010345157,1,1,9,99,99,9,9,99,99,0,9,99,9,99,1,1,2,2,1,51,8,-1,-1,-1,-1,4,E01004396,0,-1
2021411118332,2021,411118332,1,9,0,18,19,-1,-1,0,0,1,0,4,0,0,4,1,6,6,3,-1,-1,-1,-1,-1,-1,-1,-1,0,-1
202134WNC2311,2021,34WNC2311,2,9,0,18,19,7,3,0,0,8,0,0,0,0,1,1,6,6,1,57,9,-1,-1,-1,-1,2,E01027228,0,-1
2021451090793,2021,451090793,2,9,0,4,4,1,5,0,0,0,0,0,0,0,0,1,6,6,3,45,7,-1,-1,-1,-1,-1,-1,0,-1
2021052100481,2021,052100481,2,1,0,18,19,7,3,0,0,2,0,0,0,0,4,1,1,1,1,36,7,-1,-1,-1,-1,1,E01033763,0,-1
2021010317638,2021,010317638,2,1,0,18,19,4,8,0,0,8,0,0,0,0,1,1,1,1,1,42,7,-1,-1,-1,-1,3,E01002738,0,-1
2021430179308,2021,430179308,2,9,0,18,19,4,8,0,0,8,0,0,0,0,1,1,2,2,1,47,8,-1,-1,-1,-1,5,E01016390,0,-1
2021522102340,2021,522102340,2,9,0,2,2,0,0,0,0,1,0,0,0,0,3,1,6,6,1,56,9,-1,-1,-1,-1,7,E01014698,0,-1
2021411097062,2021,411097062,2,1,0,9,9,3,1,0,0,4,0,0,0,0,2,1,6,6,1,70,10,-1,-1,-1,-1,9,E01033313,0,-1
2021451022890,2021,451022890,2,1,0,18,19,6,2,0,0,8,0,0,0,0,1,1,5,6,2,49,8,-1,-1,-1,-1,6,E01030336,0,-1
2021010345967,2021,010345967,2,1,0,18,19,7,3,0,0,8,5,0,0,0,4,1,2,2,2,53,8,-1,-1,-1,-1,3,E01001493,0,-1
2021302101002,2021,302101002,1,19,0,18,19,8,4,0,0,0,5,0,1,11,1,1,6,6,1,26,6,-1,-1,-1,-1,7,E01019634,0,-1
2021471065844,2021,471065844,1,-1,0,18,19,4,8,0,0,2,0,0,0,0,1,1,6,6,3,-1,-1,-1,-1,-1,-1,-1,-1,1,-1
2021461020116,2021,461020116,1,9,0,14,14,5,1,0,0,1,0,0,0,0,1,1,5,6,2,49,8,-1,-1,-1,-1,7,E01024746,0,-1
2021052100616,2021,052100616,1,9,0,18,19,1,5,0,0,0,0,0,0,0,1,1,6,6,3,-1,-1,-1,-1,-1,-1,-1,-1,0,-1
2021440001831,2021,440001831,1,9,0,18,19,7,3,0,0,0,5,0,1,10,0,1,2,2,1,23,5,-1,-1,-1,-1,9,E01031489,0,-1
2021440404192,2021,440404192,2,20,0,2,2,0,0,0,0,0,0,0,0,0,2,1,6,6,1,27,6,-1,-1,-1,-1,-1,-1,0,-1
2021332100300,2021,332100300,1,8,0,18,19,4,8,0,0,8,0,0,0,0,1,1,6,6,1,82,11,-1,-1,-1,-1,8,E01013702,0,-1
2021610004721,2021,610004721,2,9,0,5,5,7,3,0,0,1,0,0,0,0,3,1,1,1,1,58,9,-1,-1,-1,-1,-1,-1,0,-1
2021070800317,2021,070800317,2,1,0,4,4,7,2,0,0,8,0,0,0,0,3,1,3,7,1,31,6,-1,-1,-1,-1,5,E01018480,0,-1
2021010345332,2021,010345332,1,9,9,99,99,9,9,99,99,9,9,99,9,99,9,9,6,6,3,-1,-1,-1,-1,-1,-1,-1,-1,0,-1
2021111017572,2021,111017572,1,9,0,18,19,7,3,0,0,1,0,0,0,0,1,1,6,6,1,38,7,-1,-1,-1,-1,2,E01020648,0,-1
2021332100872,2021,332100872,2,1,0,16,19,7,2,0,0,8,0,0,0,0,1,1,6,6,1,47,8,-1,-1,-1,-1,5,E01019456,0,-1
2021070229247,2021,070229247,1,9,0,5,5,8,4,0,0,1,0,0,0,0,3,1,1,1,1,62,9,-1,-1,-1,-1,10,E01012558,0,-1
2021010349169,2021,010349169,2,1,0,14,14,1,5,0,0,0,0,4,0,0,3,1,2,2,2,37,7,-1,-1,-1,-1,1,E01001839,0,-1
2021471092780,2021,471092780,1,1,0,18,19,1,5,0,0,0,0,0,0,0,2,1,5,6,2,44,7,-1,-1,-1,-1,3,E01031444,0,-1
2021010349919,2021,010349919,2,1,0,18,19,7,3,0,0,0,0,0,0,0,1,1,4,7,1,13,3,-1,-1,-1,-1,2,E01001112,0,-1
2021041154059,2021,041154059,1,9,0,18,19,1,5,0,0,0,0,0,0,0,3,1,6,6,3,-1,-1,-1,-1,-1,-1,-1,-1,0,-1
2021061115598,2021,061115598,1,-1,0,18,19,1,5,0,0,0,0,0,0,0,1,1,6,6,3,-1,-1,-1,-1,-1,-1,-1,-1,0,-1
2021471073147,2021,471073147,1,9,0,18,19,3,7,0,0,8,0,0,0,0,3,1,6,6,3,-1,-1,-1,-1,-1,-1,-1,-1,0,-1
2021010341613,2021,010341613,2,1,0,18,19,8,4,0,0,0,0,0,0,0,3,1,1,1,1,33,6,-1,-1,-1,-1,2,E01004310,0,-1
2021421072814,2021,421072814,2,1,0,18,19,1,5,0,0,8,0,0,0,0,4,1,5,6,1,78,11,-1,-1,-1,-1,3,E01021303,0,-1
2021440480848,2021,440480848,2,9,0,7,7,8,2,0,0,8,0,0,0,0,4,1,6,6,3,-1,-1,-1,-1,-1,-1,-1,-1,0,-1
2021221060437,2021,221060437,2,1,0,18,19,5,1,0,0,0,0,0,0,0,1,1,5,6,1,8,2,-1,-1,-1,-1,1,E01028957,0,-1
2021010320575,2021,010320575,2,9,0,99,99,9,9,99,99,9,9,99,9,99,0,9,6,6,3,-1,-1,-1,-1,-1,-1,-1,-1,0,-1
202160Z171208,2021,60Z171208,1,9,0,5,5,5,1,0,0,1,0,0,0,0,3,1,6,6,1,50,8,-1,-1,-1,-1,-1,-1,0,-1
2021170S10781,2021,170S10781,1,1,0,18,19,5,1,0,0,8,0,0,0,0,1,1,6,6,1,15,3,-1,-1,-1,-1,1,E01012195,0,-1
2021101085736,2021,101085736,1,9,0,18,19,2,2,0,0,0,0,0,0,0,4,1,6,6,3,-1,-1,-1,-1,-1,-1,-1,-1,0,-1
2021138320938,2021,138320938,2,1,0,18,19,1,5,4,4,1,0,0,0,0,3,1,6,6,1,34,6,-1,-1,-1,-1,6,E01011273,0,-1
202163C052121,2021,63C052121,1,9,0,18,19,8,4,0,0,1,0,0,0,0,1,1,6,6,1,22,5,-1,-1,-1,-1,7,W01000623,0,-1
2021421019652,2021,421019652,1,9,0,18,19,5,1,0,0,0,0,4,0,0,1,1,2,2,1,31,6,-1,-1,-1,-1,6,E01021678,0,-1
2021010329945,2021,010329945,1,9,0,9,9,1,7,0,0,8,0,0,0,0,1,1,2,2,1,41,7,-1,-1,-1,-1,7,E01004639,0,-1
2021131083827,2021,131083827,1,9,0,-1,-1,-1,-1,-1,-1,8,-1,-1,-1,0,-1,1,6,6,3,-1,-1,-1,-1,-1,-1,-1,-1,0,-1
2021010303267,2021,010303267,1,1,9,99,99,9,9,99,99,0,9,99,9,99,9,1,3,7,1,42,7,-1,-1,-1,-1,2,E01003162,0,-1
2021401084313,2021,401084313,5,9,0,18,19,1,5,0,0,0,0,0,0,0,2,1,1,1,1,54,8,-1,-1,-1,-1,1,E01011620,0,-1
2021141112775,2021,141112775,2,1,0,18,19,4,1,0,0,0,5,0,1,0,2,1,6,6,1,19,4,-1,-1,-1,-1,5,E01007978,0,-1
2021221044465,2021,221044465,2,1,0,17,19,4,8,0,0,0,0,0,0,0,3,1,5,6,1,42,7,-1,-1,-1,-1,-1,-1,0,-1
2021430088160,2021,430088160,2,1,0,18,19,3,7,0,0,0,0,0,1,0,2,1,6,6,1,34,6,-1,-1,-1,-1,8,E01028767,0,-1
2021471111217,2021,471111217,1,9,0,18,19,8,4,0,0,0,0,0,0,0,1,1,6,6,3,-1,-1,-1,-1,-1,-1,-1,-1,0,-1
2021471113357,2021,471113357,1,9,0,4,4,4,8,0,0,0,0,0,0,0,3,1,1,1,2,36,7,-1,-1,-1,-1,6,E01021068,0,-1
2021421124498,2021,421124498,1,9,0,18,19,2,6,0,0,0,0,0,0,0,3,1,6,6,3,-1,-1,-1,-1,-1,-1,-1,-1,0,-1
2021302101221,2021,302101221,1,1,0,18,19,4,2,0,0,1,1,0,0,0,4,1,6,6,1,38,7,-1,-1,-1,-1,6,E01033121,0,-1
2021552101258,2021,552101258,2,1,0,18,19,5,1,0,0,0,0,0,0,0,1,1,6,6,1,21,5,-1,-1,-1,-1,7,E01022735,0,-1
2021061074580,2021,061074580,1,1,0,18,19,7,3,0,0,8,0,0,0,0,4,1,2,2,2,51,8,-1,-1,-1,-1,6,E01005154,0,-1
2021010342151,2021,010342151,1,1,9,99,99,9,9,99,99,9,9,99,9,99,1,1,6,6,1,60,9,-1,-1,-1,-1,10,E01003891,0,-1
2021302100846,2021,302100846,2,9,0,14,14,2,6,0,0,0,0,0,0,0,4,1,6,6,3,-1,-1,-1,-1,-1,-1,5,E01019456,0,-1
2021010318912,2021,010318912,2,1,0,15,15,7,3,0,0,1,0,0,0,0,1,1,6,6,1,29,6,-1,-1,-1,-1,3,E01001941,0,-1
2021302100464,2021,302100464,2,9,0,11,11,2,6,0,0,0,0,0,0,0,2,1,6,6,3,-1,-1,-1,-1,-1,-1,5,E01019456,0,-1
2021010308049,2021,010308049,2,9,0,18,19,3,7,0,0,4,0,0,0,0,0,1,6,6,3,-1,-1,-1,-1,-1,-1,-1,-1,0,-1
2021332100489,2021,332100489,2,9,0,18,19,5,1,0,0,8,0,0,0,0,1,1,1,1,1,27,6,-1,-1,-1,-1,3,E01013777,0,-1
2021010350017,2021,010350017,2,1,0,18,19,2,6,4,4,1,0,0,0,0,1,1,6,6,1,25,5,-1,-1,-1,-1,4,E01003781,0,-1
2021010337305,2021,010337305,1,9,0,2,2,0,0,0,0,0,0,0,0,0,1,1,6,6,3,-1,-1,-1,-1,-1,-1,-1,-1,0,-1
2021010332903,2021,010332903,2,9,0,99,99,9,9,99,99,9,9,99,9,99,0,9,6,6,3,-1,-1,-1,-1,-1,-1,-1,-1,0,-1
2021010309761,2021,010309761,2,1,0,18,19,7,3,0,0,1,5,0,0,0,1,1,1,1,1,17,4,-1,-1,-1,-1,3,E01004568,0,-1
2021440270478,2021,440270478,2,9,0,4,4,7,3,0,0,1,0,0,0,0,2,1,6,6,1,49,8,-1,-1,-1,-1,8,E01017180,0,-1
2021041182528,2021,041182528,1,9,0,18,19,-1,-1,0,0,0,0,0,0,0,-1,1,6,6,3,-1,-1,-1,-1,-1,-1,-1,-1,0,-1
2021010304585,2021,010304585,1,9,0,99,99,9,9,0,0,8,0,0,0,0,4,1,6,6,3,-1,-1,-1,-1,-1,-1,-1,-1,0,-1
2021052102319,2021,052102319,2,1,0,18,19,3,7,0,0,3,0,0,0,0,4,1,6,6,1,34,6,-1,-1,-1,-1,7,E01007080,0,-1
2021010310977,2021,010310977,2,1,9,99,99,9,9,99,99,9,9,99,9,99,9,1,2,2,2,32,6,-1,-1,-1,-1,1,E01033585,0,-1
2021010340512,2021,010340512,1,9,0,15,15,7,3,0,0,1,0,0,0,0,1,1,6,6,1,19,4,-1,-1,-1,-1,7,E01001851,0,-1
2021010342679,2021,010342679,2,9,0,99,99,9,9,99,99,9,9,99,9,99,1,9,6,6,3,-1,-1,-1,-1,-1,-1,-1,-1,0,-1
2021101086588,2021,101086588,1,11,0,2,2,0,0,3,2,0,0,0,0,0,0,1,1,1,1,55,8,-1,-1,-1,-1,3,E01008476,0,-1
2021161092762,2021,161092762,2,1,0,18,19,1,5,0,0,8,0,0,0,0,3,1,5,6,1,49,8,-1,-1,-1,-1,1,E01012873,0,-1
2021010298843,2021,010298843,2,-1,0,18,19,1,5,9,9,1,1,0,0,0,1,1,6,6,1,29,6,-1,-1,-1,-1,3,E01000545,1,-1
2021131041419,2021,131041419,2,1,0,18,19,7,3,0,0,0,0,0,0,0,3,1,2,2,1,37,7,-1,-1,-1,-1,2,E01011925,0,-1
2021332100774,2021,332100774,1,9,0,18,19,1,5,0,0,1,0,0,0,0,1,1,6,6,3,-1,-1,-1,-1,-1,-1,-1,-1,0,-1
2021552100863,2021,552100863,2,1,0,18,19,6,2,0,0,1,1,0,0,0,1,1,6,6,2,50,8,-1,-1,-1,-1,10,E01015455,0,-1
2021010313987,2021,010313987,1,1,0,5,5,3,7,0,0,2,0,0,0,0,3,1,6,6,2,30,6,-1,-1,-1,-1,4,E01002802,0,-1
2021201023986,2021,201023986,2,9,0,2,2,0,0,0,0,0,0,0,0,0,2,1,1,1,1,62,9,-1,-1,-1,-1,2,E01009455,0,-1
2021041101622,2021,041101622,1,9,0,9,9,3,1,0,0,6,0,0,0,0,3,1,1,1,1,31,6,-1,-1,-1,-1,2,E01025268,0,-1
2021332100703,2021,332100703,3,19,0,18,19,6,2,0,0,0,1,0,0,0,1,1,1,1,1,48,8,-1,-1,-1,-1,10,E01025741,0,-1
2021440190203,2021,440190203,2,98,0,18,19,4,8,0,0,1,0,0,0,0,0,1,6,6,3,-1,-1,-1,-1,-1,-1,-1,-1,0,-1
2021471044990,2021,471044990,1,21,0,7,7,4,7,0,0,8,0,0,0,0,-1,1,6,6,3,-1,-1,-1,-1,-1,-1,-1,-1,0,-1
2021991028663,2021,991028663,2,9,0,14,14,1,5,0,0,1,0,0,0,0,1,1,5,6,2,36,7,-1,-1,-1,-1,6,-1,0,-1
2021010308965,2021,010308965,1,1,9,99,99,9,9,99,99,9,9,99,9,99,1,1,2,2,1,35,6,-1,-1,-1,-1,3,E01004408,0,-1
2021320335780,2021,320335780,2,21,0,18,19,4,8,0,0,1,0,0,0,0,2,2,1,1,1,59,9,-1,-1,-1,-1,-1,-1,0,-1
2021122100490,2021,122100490,1,9,0,18,19,3,7,0,0,0,0,0,0,0,1,9,6,6,3,-1,-1,-1,-1,-1,-1,-1,-1,0,-1
2021471051957,2021,471051957,1,1,0,18,19,8,4,0,0,0,0,4,0,0,4,1,6,6,1,66,10,-1,-1,-1,-1,6,E01016938,0,-1
202160Z172518,2021,60Z172518,1,1,0,9,9,6,2,0,0,1,0,0,0,0,4,1,6,6,1,38,7,-1,-1,-1,-1,-1,-1,0,-1
2021061071864,2021,061071864,1,9,0,18,19,4,8,0,0,0,0,0,0,0,1,1,6,6,2,30,6,-1,-1,-1,-1,-1,-1,0,-1
2021010321136,2021,010321136,2,9,0,99,99,9,9,99,99,9,9,99,9,99,1,9,6,6,3,-1,-1,-1,-1,-1,-1,-1,-1,0,-1
2021138311388,2021,138311388,2,1,0,18,19,3,7,0,0,8,0,0,0,0,4,1,6,6,1,28,6,-1,-1,-1,-1,3,E01011478,0,-1
2021440400736,2021,440400736,2,9,0,15,15,7,3,4,4,8,0,0,0,0,0,1,6,6,1,38,7,-1,-1,-1,-1,6,E01017092,0,-1
2021041046406,2021,041046406,2,98,0,4,4,2,4,0,0,8,0,0,0,0,2,1,5,6,1,73,10,-1,-1,-1,-1,6,E01025568,0,-1
2021440369719,2021,440369719,2,19,0,13,13,3,7,0,0,0,0,0,0,0,4,1,1,1,1,29,6,-1,-1,-1,-1,8,E01017293,0,-1
2021101108513,2021,101108513,1,9,0,18,19,3,7,0,0,1,0,0,0,0,1,1,6,6,1,50,8,-1,-1,-1,-1,-1,-1,0,-1
2021010347905,2021,010347905,1,9,0,18,19,6,2,0,0,1,0,0,0,0,0,1,6,6,3,-1,-1,-1,-1,-1,-1,-1,-1,0,-1
2021440495636,2021,440495636,2,9,0,18,19,5,1,0,0,8,0,0,0,0,1,1,6,6,1,-1,-1,-1,-1,-1,-1,-1,-1,0,-1
2021351054114,2021,351054114,1,1,0,4,4,6,2,0,0,1,0,0,0,0,4,1,2,2,1,28,6,-1,-1,-1,-1,3,E01015668,0,-1
2021531049642,2021,531049642,1,9,0,5,5,-1,-1,5,5,0,0,0,0,0,4,1,6,6,1,-1,-1,-1,-1,-1,-1,1,E01022329,0,-1
2021010317807,2021,010317807,2,9,0,5,5,7,3,0,0,2,0,0,0,0,1,1,6,6,3,-1,-1,-1,-1,-1,-1,-1,-1,0,-1
2021010300126,2021,010300126,1,9,0,99,99,9,9,99,99,9,9,99,9,99,1,9,2,2,1,70,10,-1,-1,-1,-1,10,E01017399,0,-1
2021421119053,2021,421119053,2,98,0,1,1,1,5,0,0,0,0,0,0,0,1,1,1,1,1,26,6,-1,-1,-1,-1,-1,-1,0,-1
2021610016121,2021,610016121,2,9,0,1,1,2,8,0,0,6,0,0,0,0,2,1,1,1,1,38,7,-1,-1,-1,-1,-1,-1,0,-1
2021010314358,2021,010314358,1,1,9,99,99,9,9,99,99,9,9,99,9,99,1,1,2,2,2,50,8,-1,-1,-1,-1,4,E01004487,0,-1
2021161114049,2021,161114049,1,1,0,18,19,7,3,0,0,0,0,0,0,0,3,1,6,6,1,16,4,-1,-1,-1,-1,3,E01013282,0,-1
2021501092008,2021,501092008,1,1,0,16,19,1,5,0,0,2,1,0,0,0,3,1,5,6,1,38,7,-1,-1,-1,-1,10,E01030992,0,-1
2021361044918,2021,361044918,2,1,0,18,19,7,3,0,0,8,0,0,0,0,4,1,1,1,2,35,6,-1,-1,-1,-1,9,E01026560,0,-1
2021451038731,2021,451038731,1,9,0,18,19,1,5,0,0,0,0,0,0,0,0,1,6,6,3,40,7,-1,-1,-1,-1,-1,-1,0,-1
2021161084424,2021,161084424,1,9,0,9,9,6,4,0,0,8,0,0,0,0,1,1,6,6,2,-1,-1,-1,-1,-1,-1,-1,-1,0,-1
2021440443464,2021,440443464,1,1,0,18,19,2,6,0,0,0,0,0,0,0,3,1,6,6,1,41,7,-1,-1,-1,-1,8,E01022918,0,-1
2021010317977,2021,010317977,2,-1,9,99,99,9,9,99,99,1,9,0,0,0,3,9,6,6,1,15,3,-1,-1,-1,-1,4,E01003268,1,-1
2021010318138,2021,010318138,1,1,9,99,99,9,9,99,99,9,9,99,9,99,1,1,2,2,1,27,6,-1,-1,-1,-1,9,E01004546,0,-1
2021052100545,2021,052100545,1,97,0,18,19,5,1,0,0,0,0,0,0,0,4,1,6,6,3,-1,-1,-1,-1,-1,-1,-1,-1,0,-1
2021070869320,2021,070869320,2,1,0,18,19,7,3,9,9,0,0,0,0,0,1,1,6,6,2,20,4,-1,-1,-1,-1,-1,-1,0,-1
2021010347416,2021,010347416,2,1,0,18,19,8,4,4,4,8,0,0,0,0,1,1,6,6,2,31,6,-1,-1,-1,-1,3,E01004489,0,-1
2021010322969,2021,010322969,1,1,9,99,99,9,9,99,99,9,9,99,9,99,2,1,2,2,2,30,6,-1,-1,-1,-1,3,E01001768,0,-1
202160Z178025,2021,60Z178025,1,9,0,18,19,3,7,0,0,0,0,0,0,0,1,1,6,6,1,53,8,-1,-1,-1,-1,-1,-1,0,-1
2021421090429,2021,421090429,1,-1,0,18,19,7,3,9,9,0,0,0,0,0,-1,1,6,6,3,-1,-1,-1,-1,-1,-1,-1,-1,1,-1
2021010310267,2021,010310267,2,1,0,18,19,1,5,9,9,7,0,0,3,0,3,1,6,6,1,9,2,-1,-1,-1,-1,5,E01000468,0,-1
2021010316666,2021,010316666,2,-1,0,18,19,5,1,0,0,0,0,0,0,0,1,1,6,6,1,37,7,-1,-1,-1,-1,2,E01001748,1,-1