collision_index,collision_year,collision_ref_no,vehicle_reference,vehicle_type,towing_and_articulation,vehicle_manoeuvre_historic,vehicle_manoeuvre,vehicle_direction_from,vehicle_direction_to,vehicle_location_restricted_lane_historic,vehicle_location_restricted_lane,junction_location,skidding_and_overturning,hit_object_in_carriageway,vehicle_leaving_carriageway,hit_object_off_carriageway,first_point_of_impact,vehicle_left_hand_drive,journey_purpose_of_driver_historic,journey_purpose_of_driver,sex_of_driver,age_of_driver,age_band_of_driver,engine_capacity_cc,propulsion_code,age_of_vehicle,generic_make_model,driver_imd_decile,lsoa_of_driver,escooter_flag,driver_distance_banding
2021461128352,2021,461128352,2,9,0,18,19,1,5,0,0,1,0,0,0,0,1,1,6,6,1,22,5,-1,-1,-1,-1,7,E01024347,0,-1
2021461055776,2021,461055776,1,90,0,17,19,1,5,0,0,0,0,0,0,0,1,1,6,6,1,20,4,-1,-1,-1,-1,4,E01024593,0,-1
2021201023525,2021,201023525,2,1,0,18,19,8,4,0,0,8,0,0,0,0,3,1,6,6,1,43,7,-1,-1,-1,-1,2,E01009348,0,-1
2021411058377,2021,411058377,2,1,0,18,19,-1,-1,0,0,2,2,0,0,0,1,1,6,6,2,56,9,-1,-1,-1,-1,6,E01023720,0,-1
2021522105112,2021,522105112,1,9,0,2,2,1,5,0,0,1,0,0,0,0,2,1,6,6,1,33,6,-1,-1,-1,-1,9,E01031930,0,-1
2021010328371,2021,010328371,2,1,0,18,19,5,1,0,0,1,2,0,0,0,3,1,1,1,1,19,4,-1,-1,-1,-1,2,E01002737,0,-1
2021010291642,2021,010291642,2,9,0,99,99,9,9,99,99,9,9,99,9,99,9,9,6,6,3,-1,-1,-1,-1,-1,-1,-1,-1,0,-1
2021010322764,2021,010322764,1,1,9,99,99,9,9,99,99,9,9,99,9,99,9,1,6,6,1,38,7,-1,-1,-1,-1,1,E01002081,0,-1
2021332100361,2021,332100361,3,19,0,18,19,5,1,0,0,0,0,0,0,0,1,1,1,1,1,26,6,-1,-1,-1,-1,-1,-1,0,-1
2021010352259,2021,010352259,1,9,9,6,6,1,1,99,99,0,9,99,9,99,9,9,6,6,3,-1,-1,-1,-1,-1,-1,-1,-1,0,-1
2021061045519,2021,061045519,2,1,0,17,19,3,7,0,0,8,0,0,0,0,1,1,6,6,1,15,3,-1,-1,-1,-1,1,E01006239,0,-1
2021052100650,2021,052100650,2,8,0,18,19,5,1,0,0,0,0,0,0,0,0,1,1,1,1,47,8,-1,-1,-1,-1,2,E01006657,0,-1
2021010331814,2021,010331814,1,9,0,18,19,7,3,0,0,0,0,0,0,0,1,1,6,6,1,-1,-1,-1,-1,-1,-1,-1,-1,0,-1
2021610010121,2021,610010121,1,9,0,3,3,1,0,0,0,1,0,0,0,0,2,1,6,6,2,24,5,-1,-1,-1,-1,-1,-1,0,-1
2021122100846,2021,122100846,2,1,0,9,9,7,5,4,4,6,0,0,0,0,2,1,6,6,2,48,8,-1,-1,-1,-1,3,E01013394,0,-1
2021201122123,2021,201122123,1,9,0,18,19,6,2,0,0,0,0,0,0,0,1,1,1,1,1,25,5,-1,-1,-1,-1,3,E01027537,0,-1
2021440446095,2021,440446095,2,1,0,18,19,3,7,0,0,0,0,0,0,0,3,1,6,6,1,42,7,-1,-1,-1,-1,10,E01022662,0,-1
2021010341102,2021,010341102,2,19,0,18,19,7,3,0,0,2,0,0,0,0,1,2,1,1,1,49,8,-1,-1,-1,-1,-1,-1,0,-1
2021430537282,2021,430537282,2,9,0,11,11,8,4,0,0,0,0,0,0,0,4,1,1,1,1,53,8,-1,-1,-1,-1,3,E01022294,0,-1
2021052100732,2021,052100732,1,9,0,18,19,7,3,0,0,1,0,0,0,0,1,1,6,6,3,-1,-1,-1,-1,-1,-1,-1,-1,0,-1
2021010348735,2021,010348735,2,1,0,13,13,8,4,2,2,6,0,10,1,0,1,1,2,2,1,43,7,-1,-1,-1,-1,2,E01003137,0,-1
2021451071307,2021,451071307,2,19,0,18,19,1,5,0,0,1,0,0,0,0,1,1,6,6,1,30,6,-1,-1,-1,-1,-1,-1,0,-1
202131C040521,2021,31C040521,1,1,0,18,19,3,7,0,0,2,0,0,0,0,4,1,6,6,2,35,6,-1,-1,-1,-1,1,E01013909,0,-1
2021461024457,2021,461024457,2,1,0,16,19,7,2,0,0,4,0,0,0,0,0,1,2,2,1,57,9,-1,-1,-1,-1,8,E01024045,0,-1
2021010326440,2021,010326440,1,1,9,99,99,9,9,99,99,9,9,99,9,99,9,1,2,2,2,36,7,-1,-1,-1,-1,1,E01014486,0,-1
2021332100978,2021,332100978,1,19,0,17,19,3,1,0,0,0,0,0,0,0,1,1,6,6,2,39,7,-1,-1,-1,-1,10,E01029711,0,-1
2021471029647,2021,471029647,1,9,0,18,19,1,5,0,0,2,0,0,0,0,1,1,6,6,3,-1,-1,-1,-1,-1,-1,-1,-1,0,-1
2021111059271,2021,111059271,2,1,0,18,19,3,7,0,0,1,0,0,0,0,1,1,5,6,1,17,4,-1,-1,-1,-1,7,E01020594,0,-1
2021041118489,2021,041118489,1,9,0,18,19,2,4,8,6,0,0,0,0,0,1,1,6,6,3,-1,-1,-1,-1,-1,-1,-1,-1,0,-1
2021471096187,2021,471096187,2,1,0,17,19,8,5,0,0,8,0,0,0,0,1,1,2,2,1,61,9,-1,-1,-1,-1,7,E01020970,0,-1
2021522200263,2021,522200263,1,9,0,1,1,1,5,0,0,8,0,0,0,0,2,1,6,6,2,55,8,-1,-1,-1,-1,7,E01014848,0,-1
2021010302212,2021,010302212,1,1,9,99,99,9,9,99,99,0,9,99,9,99,2,1,6,6,1,56,9,-1,-1,-1,-1,3,E01033607,0,-1
2021471023877,2021,471023877,1,9,0,15,15,1,4,0,0,0,0,0,0,0,4,1,6,6,3,-1,-1,-1,-1,-1,-1,-1,-1,0,-1
2021302101744,2021,302101744,1,9,0,18,19,8,4,0,0,5,0,0,0,0,1,1,6,6,3,-1,-1,-1,-1,-1,-1,5,E01019456,0,-1
2021440235048,2021,440235048,1,1,0,18,19,2,6,0,0,0,0,0,0,0,2,1,2,2,2,56,9,-1,-1,-1,-1,5,E01023061,0,-1
2021320322384,2021,320322384,1,19,0,18,19,5,1,0,0,2,0,0,0,0,3,1,6,6,1,40,7,-1,-1,-1,-1,-1,-1,0,-1
2021052100278,2021,052100278,2,1,0,9,9,7,5,0,0,1,0,0,0,0,3,1,6,6,1,27,6,-1,-1,-1,-1,5,E01006665,0,-1
2021430469861,2021,430469861,2,9,0,18,19,1,5,0,0,8,0,0,0,0,0,1,1,1,2,70,10,-1,-1,-1,-1,10,E01017380,0,-1
2021010343728,2021,010343728,2,9,0,18,19,5,1,0,0,0,0,0,0,0,1,1,6,6,3,-1,-1,-1,-1,-1,-1,-1,-1,0,-1
2021010296369,2021,010296369,1,1,0,4,4,5,1,0,0,8,0,0,0,0,1,1,1,1,1,46,8,-1,-1,-1,-1,6,E01001527,0,-1
2021332100878,2021,332100878,1,9,0,18,19,2,6,0,0,0,5,0,7,6,1,1,6,6,1,21,5,-1,-1,-1,-1,2,E01008892,0,-1
2021461083262,2021,461083262,2,1,0,18,19,3,7,0,0,1,0,0,0,0,1,1,6,6,2,13,3,-1,-1,-1,-1,4,E01016143,0,-1
2021070062619,2021,070062619,1,9,0,5,5,3,1,9,9,2,0,0,0,0,0,1,6,6,3,-1,-1,-1,-1,-1,-1,-1,-1,0,-1
2021610048921,2021,610048921,1,19,0,18,19,7,3,0,0,1,0,0,0,0,1,1,6,6,1,23,5,-1,-1,-1,-1,-1,-1,0,-1
2021201134597,2021,201134597,1,9,0,18,19,-1,-1,0,0,8,0,0,0,0,1,1,6,6,1,-1,-1,-1,-1,-1,-1,3,E01032242,0,-1
2021302100668,2021,302100668,2,1,0,5,5,6,2,0,0,1,0,0,0,0,3,1,6,6,2,65,9,-1,-1,-1,-1,1,E01013484,0,-1
2021010311491,2021,010311491,1,8,0,99,99,9,9,99,99,9,9,99,9,99,2,9,6,6,3,-1,-1,-1,-1,-1,-1,-1,-1,0,-1
2021520201482,2021,520201482,3,20,0,18,19,8,4,0,0,8,0,0,0,0,4,1,6,6,3,40,7,-1,-1,-1,-1,-1,-1,0,-1
2021552100544,2021,552100544,2,1,0,3,3,8,4,0,0,4,0,0,0,0,2,1,6,6,1,43,7,-1,-1,-1,-1,6,E01015337,0,-1
2021320417876,2021,320417876,1,9,0,18,19,3,7,0,0,8,0,0,0,0,1,2,6,6,2,20,4,-1,-1,-1,-1,1,E01028268,0,-1
2021610041521,2021,610041521,1,9,0,18,19,7,3,0,0,0,0,0,0,0,1,1,6,6,1,37,7,-1,-1,-1,-1,-1,-1,0,-1
202134WNC2961,2021,34WNC2961,1,9,0,18,19,3,7,0,0,1,0,0,0,0,1,1,6,6,1,21,5,-1,-1,-1,-1,1,E01027239,0,-1
2021430434138,2021,430434138,1,90,0,7,7,6,8,4,4,8,0,0,0,0,4,1,1,1,1,63,9,-1,-1,-1,-1,-1,-1,0,-1
2021332100865,2021,332100865,1,9,0,1,1,4,1,9,9,0,0,0,0,0,2,1,2,2,1,29,6,-1,-1,-1,-1,1,E01013675,0,-1
2021010335821,2021,010335821,1,1,0,99,99,9,9,0,0,8,0,0,0,0,1,1,6,6,1,32,6,-1,-1,-1,-1,4,E01001090,0,-1
2021141109827,2021,141109827,2,9,0,12,12,1,5,0,0,0,0,0,0,0,0,1,6,6,3,-1,-1,-1,-1,-1,-1,-1,-1,0,-1
2021010329563,2021,010329563,1,-1,0,18,19,6,2,0,0,2,0,0,0,0,1,1,6,6,1,25,5,-1,-1,-1,-1,5,E01004466,1,-1
2021411153880,2021,411153880,2,9,0,18,19,5,1,0,0,4,0,0,0,0,1,1,6,6,3,-1,-1,-1,-1,-1,-1,-1,-1,0,-1
2021201122209,2021,201122209,1,9,0,18,19,7,3,0,0,8,0,0,0,0,1,1,1,1,2,23,5,-1,-1,-1,-1,7,E01029644,0,-1
2021421095227,2021,421095227,1,1,0,18,19,2,2,0,0,0,0,0,0,0,3,1,6,6,1,15,3,-1,-1,-1,-1,9,E01021428,0,-1
2021421097488,2021,421097488,1,1,0,18,19,8,4,2,2,2,0,0,0,0,3,1,2,2,1,38,7,-1,-1,-1,-1,10,E01033055,0,-1
2021221061767,2021,221061767,2,9,0,17,19,8,4,0,0,0,0,0,0,0,1,1,5,6,1,61,9,-1,-1,-1,-1,-1,-1,0,-1
2021141022895,2021,141022895,2,97,0,7,7,1,7,0,0,0,0,0,0,0,1,1,6,6,1,30,6,-1,-1,-1,-1,5,E01011788,0,-1
2021010302726,2021,010302726,2,-1,0,7,7,7,1,0,0,8,0,0,0,0,1,2,6,6,1,55,8,-1,-1,-1,-1,3,E01003537,1,-1
2021010334767,2021,010334767,1,1,0,99,99,9,9,0,0,2,0,0,0,0,9,1,6,6,2,28,6,-1,-1,-1,-1,6,E01033575,0,-1
2021411055517,2021,411055517,1,9,0,5,5,3,7,0,0,1,0,0,0,0,1,1,6,6,1,32,6,-1,-1,-1,-1,4,E01023957,0,-1
2021010331178,2021,010331178,2,1,0,18,19,1,5,0,0,8,0,0,0,0,0,1,6,6,1,32,6,-1,-1,-1,-1,2,E01001849,0,-1
2021440065757,2021,440065757,2,9,0,9,9,7,5,0,0,8,0,0,0,0,1,1,6,6,3,-1,-1,-1,-1,-1,-1,-1,-1,0,-1
2021010314239,2021,010314239,1,9,0,99,99,9,9,99,99,9,9,99,9,99,1,1,6,6,1,-1,-1,-1,-1,-1,-1,-1,-1,0,-1
2021351078524,2021,351078524,1,98,0,18,19,3,7,0,0,0,0,0,0,0,4,1,1,1,1,54,8,-1,-1,-1,-1,3,E01025844,0,-1
2021451024710,2021,451024710,1,1,0,3,3,1,1,0,0,0,0,0,0,0,2,1,5,6,1,48,8,-1,-1,-1,-1,3,E01003042,0,-1
2021061084938,2021,061084938,1,1,0,18,19,8,4,0,0,0,0,0,0,0,1,1,5,6,1,31,6,-1,-1,-1,-1,3,E01004772,0,-1
2021501089887,2021,501089887,1,9,0,17,19,5,1,0,0,0,2,0,1,0,1,1,6,6,1,33,6,-1,-1,-1,-1,8,E01019962,0,-1
2021122100524,2021,122100524,1,9,0,13,13,1,5,0,0,1,0,0,7,0,1,1,2,2,1,56,9,-1,-1,-1,-1,5,E01027841,0,-1
2021471092100,2021,471092100,1,9,0,5,5,1,5,0,0,0,0,0,0,0,1,1,6,6,1,-1,-1,-1,-1,-1,-1,-1,-1,0,-1
2021061071742,2021,061071742,2,1,0,18,19,2,6,0,0,8,0,0,0,0,3,1,6,6,1,44,7,-1,-1,-1,-1,6,E01005083,0,-1
2021461093675,2021,461093675,2,9,0,18,19,5,1,0,0,0,0,6,0,0,2,1,2,2,1,56,9,-1,-1,-1,-1,6,E01024220,0,-1
2021010328070,2021,010328070,2,1,0,18,19,5,1,0,0,0,1,0,7,0,2,1,2,2,1,31,6,-1,-1,-1,-1,4,E01002507,0,-1
2021332100506,2021,332100506,2,9,0,2,2,0,0,9,9,2,0,0,0,0,3,1,6,6,1,49,8,-1,-1,-1,-1,5,E01025629,0,-1
2021421018859,2021,421018859,2,1,0,7,7,6,8,0,0,0,0,0,0,0,3,1,2,2,1,28,6,-1,-1,-1,-1,4,E01021844,0,-1
202160Z041672,2021,60Z041672,1,9,0,9,9,8,6,0,0,8,0,0,0,0,1,1,6,6,1,25,5,-1,-1,-1,-1,-1,-1,0,-1
2021061154653,2021,061154653,2,1,0,18,19,1,1,0,0,0,0,0,0,0,1,1,6,6,1,22,5,-1,-1,-1,-1,4,E01005309,0,-1
2021991102652,2021,991102652,2,1,0,18,19,2,6,0,0,1,0,0,0,0,1,1,6,6,1,19,4,-1,-1,-1,-1,9,-1,0,-1
202160Z115127,2021,60Z115127,2,9,0,9,9,2,8,0,0,6,0,4,0,0,3,1,6,6,1,20,4,-1,-1,-1,-1,-1,-1,0,-1
2021010288454,2021,010288454,2,1,9,99,99,9,9,99,99,0,9,99,9,99,2,1,6,6,1,29,6,-1,-1,-1,-1,9,E01030358,0,-1
2021141116098,2021,141116098,2,9,0,18,19,6,4,0,0,4,0,0,0,0,1,1,6,6,3,-1,-1,-1,-1,-1,-1,-1,-1,0,-1
2021622100473,2021,622100473,1,11,0,18,19,8,4,0,0,0,0,0,0,0,1,1,6,6,3,-1,-1,-1,-1,-1,-1,-1,-1,0,-1
2021332100713,2021,332100713,1,9,0,13,13,7,3,0,0,0,0,0,0,0,4,1,6,6,2,53,8,-1,-1,-1,-1,2,E01013688,0,-1
2021440004870,2021,440004870,1,19,0,18,19,2,6,0,0,0,0,0,0,0,4,1,6,6,3,-1,-1,-1,-1,-1,-1,-1,-1,0,-1
2021320173046,2021,320173046,1,9,0,18,19,6,8,0,0,4,0,0,0,0,1,1,6,6,3,40,7,-1,-1,-1,-1,-1,-1,0,-1
2021201072995,2021,201072995,1,9,0,18,19,-1,-1,0,0,8,0,0,0,0,0,1,6,6,1,-1,-1,-1,-1,-1,-1,-1,-1,0,-1
2021991029986,2021,991029986,2,1,0,18,19,8,5,0,0,1,0,0,0,0,2,1,5,6,2,32,6,-1,-1,-1,-1,10,-1,0,-1
2021552100358,2021,552100358,2,1,0,18,19,8,4,4,4,8,0,0,0,0,1,1,6,6,1,11,3,-1,-1,-1,-1,7,E01015418,0,-1
2021161136124,2021,161136124,2,9,0,18,19,3,7,0,0,0,0,0,0,0,0,1,6,6,3,-1,-1,-1,-1,-1,-1,-1,-1,0,-1
2021332100325,2021,332100325,2,9,0,14,14,8,4,0,0,0,0,0,0,0,1,1,6,6,1,24,5,-1,-1,-1,-1,10,E01025616,0,-1
2021430211360,2021,430211360,1,1,0,18,19,2,6,0,0,8,0,0,0,0,1,1,6,6,1,33,6,-1,-1,-1,-1,3,E01016465,0,-1
2021041111684,2021,041111684,2,1,0,18,19,1,4,0,0,1,0,0,0,0,-1,1,6,6,1,40,7,-1,-1,-1,-1,1,E01025389,0,-1
202131B076021,2021,31B076021,3,1,0,4,4,1,5,0,0,2,0,0,0,0,2,1,6,6,3,-1,-1,-1,-1,-1,-1,-1,-1,0,-1
2021010311808,2021,010311808,2,1,0,3,3,1,5,0,0,0,0,0,0,0,2,1,1,1,1,27,6,-1,-1,-1,-1,3,E01001805,0,-1
2021131059957,2021,131059957,1,9,0,18,19,5,1,0,0,1,0,0,0,0,-1,1,6,6,3,-1,-1,-1,-1,-1,-1,-1,-1,0,-1
2021010331885,2021,010331885,2,1,0,18,19,1,5,2,2,8,0,0,0,0,1,1,6,6,1,33,6,-1,-1,-1,-1,2,E01003174,0,-1
2021520106136,2021,520106136,3,9,0,10,10,2,6,0,0,0,0,0,0,0,2,1,6,6,1,50,8,-1,-1,-1,-1,9,E01029260,0,-1
2021141031038,2021,141031038,2,1,0,18,19,8,4,9,9,0,0,0,0,0,1,1,5,6,1,55,8,-1,-1,-1,-1,3,E01007964,0,-1
2021111019226,2021,111019226,1,9,0,9,9,3,1,0,0,2,0,0,0,0,3,1,6,6,2,30,6,-1,-1,-1,-1,-1,-1,0,-1
2021010302083,2021,010302083,1,11,0,5,5,7,3,2,2,1,0,0,0,0,0,1,1,1,1,38,7,-1,-1,-1,-1,-1,-1,0,-1
2021302101191,2021,302101191,3,9,0,18,19,8,4,0,0,0,0,0,0,0,1,1,6,6,1,44,7,-1,-1,-1,-1,10,E01013527,0,-1
2021141038588,2021,141038588,2,9,0,18,19,1,5,0,0,1,0,0,0,0,4,1,6,6,3,-1,-1,-1,-1,-1,-1,-1,-1,0,-1
202160Z056609,2021,60Z056609,2,19,0,18,19,8,4,0,0,0,0,0,7,0,1,1,6,6,1,39,7,-1,-1,-1,-1,-1,-1,0,-1
2021430459101,2021,430459101,1,9,0,18,19,3,7,0,0,1,0,0,0,0,4,1,2,2,1,42,7,-1,-1,-1,-1,4,E01032942,0,-1
2021010296323,2021,010296323,2,98,0,17,19,2,6,0,0,1,0,0,0,0,1,1,6,6,3,-1,-1,-1,-1,-1,-1,-1,-1,0,-1
2021440463885,2021,440463885,2,10,0,18,19,5,1,0,0,0,0,0,0,0,1,1,1,1,1,31,6,-1,-1,-1,-1,5,E01022678,0,-1
2021031080805,2021,031080805,1,-1,0,18,19,5,1,0,0,1,0,0,0,0,0,1,5,6,2,14,3,-1,-1,-1,-1,2,E01019230,1,-1
2021041016432,2021,041016432,3,9,0,2,2,0,0,0,0,2,0,0,0,0,3,1,6,6,3,-1,-1,-1,-1,-1,-1,-1,-1,0,-1
2021421118150,2021,421118150,1,98,1,18,19,5,1,0,0,0,0,0,0,0,1,1,1,1,1,65,9,-1,-1,-1,-1,-1,-1,0,-1
2021052100697,2021,052100697,1,8,0,5,5,3,7,0,0,0,0,0,0,0,4,1,1,1,3,-1,-1,-1,-1,-1,-1,-1,-1,0,-1
2021332100065,2021,332100065,1,9,0,5,5,6,2,0,0,1,0,0,0,0,1,1,6,6,3,-1,-1,-1,-1,-1,-1,-1,-1,0,-1
2021211034071,2021,211034071,2,9,0,3,3,1,5,0,0,-1,0,0,0,0,2,1,6,6,1,32,6,-1,-1,-1,-1,4,E01029681,0,-1
2021010293061,2021,010293061,1,9,0,18,19,5,1,0,0,1,0,0,0,0,1,1,6,6,1,55,8,-1,-1,-1,-1,2,E01004062,0,-1
2021201065102,2021,201065102,1,9,0,1,1,8,4,0,0,2,0,0,0,0,2,1,6,6,1,-1,-1,-1,-1,-1,-1,-1,-1,0,-1
2021141103913,2021,141103913,1,9,0,4,4,7,3,0,0,0,0,0,0,0,2,1,1,1,1,28,6,-1,-1,-1,-1,3,E01012587,0,-1
2021522103753,2021,522103753,1,1,0,18,19,3,7,0,0,4,0,0,0,0,1,1,6,6,1,43,7,-1,-1,-1,-1,-1,-1,0,-1
2021471080080,2021,471080080,5,9,0,3,3,8,4,0,0,0,0,0,0,0,2,1,1,1,1,-1,-1,-1,-1,-1,-1,5,E01031501,0,-1
2021010295439,2021,010295439,1,1,9,99,99,9,9,99,99,9,9,99,9,99,9,1,2,2,1,22,5,-1,-1,-1,-1,2,E01004263,0,-1
2021122100477,2021,122100477,1,19,0,18,19,1,5,0,0,0,0,0,0,0,1,1,6,6,3,-1,-1,-1,-1,-1,-1,-1,-1,0,-1
2021440469659,2021,440469659,2,9,0,9,9,8,2,0,0,8,0,0,0,0,3,1,6,6,1,50,8,-1,-1,-1,-1,9,E01017061,0,-1
2021052200023,2021,052200023,2,1,0,18,19,3,7,0,0,1,0,0,0,0,1,1,6,6,2,62,9,-1,-1,-1,-1,7,E01007203,0,-1
2021440122652,2021,440122652,1,9,0,17,19,3,1,0,0,8,0,0,0,0,1,1,6,6,2,43,7,-1,-1,-1,-1,4,E01022804,0,-1
2021461049015,2021,461049015,1,9,0,9,9,1,7,0,0,8,0,0,0,0,1,1,1,1,2,28,6,-1,-1,-1,-1,8,E01024209,0,-1
2021440188046,2021,440188046,1,9,0,3,3,5,1,0,0,1,0,0,0,0,2,1,6,6,2,37,7,-1,-1,-1,-1,10,E01022954,0,-1
2021010310321,2021,010310321,1,4,0,18,19,6,2,0,0,1,1,0,0,0,1,1,6,6,3,-1,-1,-1,-1,-1,-1,-1,-1,0,-1
202134NNC7031,2021,34NNC7031,2,1,0,18,19,8,4,0,0,4,0,0,0,0,3,1,6,6,1,55,8,-1,-1,-1,-1,10,E01027116,0,-1
2021351118730,2021,351118730,2,1,0,18,19,6,2,0,0,0,0,0,1,0,2,1,6,6,1,22,5,-1,-1,-1,-1,6,E01018016,0,-1
2021061114855,2021,061114855,1,-1,0,18,19,4,1,0,0,8,0,0,0,0,1,1,6,6,3,30,6,-1,-1,-1,-1,-1,-1,0,-1
2021610022421,2021,610022421,2,9,0,18,19,1,5,0,0,1,0,0,0,0,3,1,1,1,1,41,7,-1,-1,-1,-1,-1,-1,0,-1
2021440273231,2021,440273231,1,19,0,4,4,1,5,0,0,0,0,0,0,0,1,1,6,6,1,57,9,-1,-1,-1,-1,5,W01001101,0,-1
202131C019821,2021,31C019821,1,9,0,4,4,3,7,0,0,0,0,0,0,0,2,1,6,6,3,-1,-1,-1,-1,-1,-1,-1,-1,0,-1
202160Z056071,2021,60Z056071,1,9,0,4,4,4,8,0,0,1,0,0,0,0,1,1,6,6,1,33,6,-1,-1,-1,-1,-1,-1,0,-1
2021991091760,2021,991091760,2,1,0,18,19,5,1,0,0,8,0,0,0,0,1,1,5,6,1,16,4,-1,-1,-1,-1,2,-1,0,-1
2021461110926,2021,461110926,2,19,1,2,2,0,0,0,0,0,0,0,0,0,2,1,6,6,1,60,9,-1,-1,-1,-1,-1,-1,0,-1
2021440080717,2021,440080717,2,9,0,18,19,8,4,0,0,8,0,0,0,0,1,1,6,6,3,-1,-1,-1,-1,-1,-1,-1,-1,0,-1
202163D023221,2021,63D023221,1,90,0,16,19,1,4,0,0,1,0,0,0,0,0,1,6,6,3,-1,-1,-1,-1,-1,-1,-1,-1,0,-1
2021522201336,2021,522201336,2,-1,0,18,19,2,6,2,2,1,0,0,0,0,1,1,6,6,1,38,7,-1,-1,-1,-1,6,E01014677,1,-1
202106F079781,2021,06F079781,1,9,0,1,1,3,7,0,0,1,0,0,0,0,2,1,6,6,2,52,8,-1,-1,-1,-1,-1,-1,0,-1
2021430436539,2021,430436539,2,1,0,18,19,1,0,0,0,8,0,0,0,0,4,1,6,6,1,54,8,-1,-1,-1,-1,10,E01028741,0,-1
2021471017812,2021,471017812,5,9,0,2,2,0,0,0,0,0,0,0,0,0,2,1,6,6,3,-1,-1,-1,-1,-1,-1,-1,-1,0,-1
2021070505713,2021,070505713,1,5,0,4,4,5,1,0,0,0,0,0,0,0,0,1,6,6,1,60,9,-1,-1,-1,-1,9,W01000158,0,-1
2021610013721,2021,610013721,2,9,0,18,19,1,5,0,0,8,0,0,0,0,4,1,6,6,2,38,7,-1,-1,-1,-1,-1,-1,0,-1
2021332101529,2021,332101529,2,9,0,18,19,5,1,0,0,0,0,0,0,0,0,1,6,6,1,57,9,-1,-1,-1,-1,-1,-1,0,-1
2021430500547,2021,430500547,2,21,1,11,11,2,6,0,0,0,0,0,0,0,4,1,6,6,3,-1,-1,-1,-1,-1,-1,-1,-1,0,-1
2021131083862,2021,131083862,1,9,0,-1,-1,-1,-1,-1,-1,-1,-1,-1,-1,-1,-1,1,6,6,3,-1,-1,-1,-1,-1,-1,-1,-1,0,-1
2021161059379,2021,161059379,2,1,0,18,19,7,3,0,0,1,0,0,0,0,1,1,5,6,1,25,5,-1,-1,-1,-1,3,E01012872,0,-1
202106Q079536,2021,06Q079536,3,9,0,18,19,2,6,0,0,8,0,0,0,0,0,1,6,6,3,30,6,-1,-1,-1,-1,-1,-1,0,-1
2021070667295,2021,070667295,2,1,0,17,19,7,4,0,0,0,0,0,0,0,0,1,6,6,1,51,8,-1,-1,-1,-1,8,E01018458,0,-1
2021361090962,2021,361090962,3,9,-1,18,19,3,7,0,0,2,0,0,0,0,-1,1,6,6,3,-1,-1,-1,-1,-1,-1,-1,-1,0,-1
202134WNC7421,2021,34WNC7421,1,9,0,18,19,7,3,0,0,0,0,0,0,0,1,1,6,6,3,-1,-1,-1,-1,-1,-1,-1,-1,0,-1
2021610026921,2021,610026921,2,19,0,16,19,5,8,0,0,0,0,0,0,0,1,1,6,6,1,44,7,-1,-1,-1,-1,-1,-1,0,-1
202160Z075661,2021,60Z075661,1,9,0,18,19,3,7,0,0,1,0,0,0,0,1,1,6,6,1,48,8,-1,-1,-1,-1,-1,-1,0,-1
2021361078052,2021,361078052,7,5,0,18,19,5,1,0,0,0,0,0,0,0,1,1,6,6,1,31,6,-1,-1,-1,-1,4,E01029929,0,-1
2021122100636,2021,122100636,1,19,0,4,4,6,2,0,0,2,0,0,0,0,4,1,6,6,3,-1,-1,-1,-1,-1,-1,-1,-1,0,-1
2021461016117,2021,461016117,1,9,0,18,19,4,8,0,0,1,1,0,5,6,1,1,5,6,2,61,9,-1,-1,-1,-1,1,E01033215,0,-1
2021010312177,2021,010312177,2,19,0,99,99,9,9,99,99,9,9,99,9,99,9,9,6,6,3,-1,-1,-1,-1,-1,-1,-1,-1,0,-1
2021061113448,2021,061113448,2,2,0,18,19,7,3,0,0,4,0,0,0,0,1,1,2,2,1,20,4,-1,-1,-1,-1,2,E01025390,0,-1
2021010328994,2021,010328994,2,1,9,99,99,9,9,99,99,9,9,99,9,99,2,1,1,1,2,39,7,-1,-1,-1,-1,7,E01002816,0,-1
2021010329036,2021,010329036,1,1,0,18,19,1,5,5,5,8,0,0,0,0,1,1,6,6,1,22,5,-1,-1,-1,-1,2,E01003966,0,-1
2021522105087,2021,522105087,1,90,0,18,19,5,1,0,0,8,0,0,0,0,1,1,6,6,2,24,5,-1,-1,-1,-1,3,E01014609,0,-1
202131A092621,2021,31A092621,1,11,0,9,9,8,6,0,0,6,0,0,0,0,0,1,1,1,1,43,7,-1,-1,-1,-1,4,E01019773,0,-1
2021101088738,2021,101088738,1,8,0,5,5,3,7,0,0,0,0,0,0,0,0,1,1,1,3,40,7,-1,-1,-1,-1,-1,-1,0,-1
2021010315305,2021,010315305,2,1,0,18,19,5,1,0,0,1,0,0,0,0,1,1,6,6,1,38,7,-1,-1,-1,-1,4,E01004048,0,-1
2021141027817,2021,141027817,1,1,0,18,19,7,3,0,0,1,0,0,0,0,1,1,5,6,1,24,5,-1,-1,-1,-1,4,E01008115,0,-1
2021332101504,2021,332101504,1,9,0,18,19,1,5,0,0,0,0,0,0,0,0,1,6,6,2,61,9,-1,-1,-1,-1,-1,-1,0,-1
202160Z184016,2021,60Z184016,1,9,0,18,19,5,1,0,0,0,0,0,0,0,4,1,6,6,1,39,7,-1,-1,-1,-1,-1,-1,0,-1
2021501037921,2021,501037921,1,19,0,1,1,5,8,0,0,0,0,0,0,0,2,1,6,6,1,52,8,-1,-1,-1,-1,6,E01020056,0,-1
2021131076259,2021,131076259,2,1,0,18,19,1,1,0,0,0,0,0,0,0,2,1,6,6,1,17,4,-1,-1,-1,-1,2,E01032492,0,-1
2021010330396,2021,010330396,2,19,0,99,99,9,9,99,99,9,9,99,9,99,9,9,6,6,3,-1,-1,-1,-1,-1,-1,-1,-1,0,-1
2021522104448,2021,522104448,2,9,0,18,19,7,3,0,0,8,0,0,0,0,2,1,6,6,1,30,6,-1,-1,-1,-1,-1,-1,0,-1
2021061139297,2021,061139297,2,1,0,18,19,5,2,0,0,1,0,0,0,0,2,1,6,6,1,33,6,-1,-1,-1,-1,2,E01005221,0,-1
2021010315167,2021,010315167,1,1,9,99,99,9,9,99,99,9,9,99,9,99,9,1,6,6,1,43,7,-1,-1,-1,-1,7,E01004609,0,-1
2021170L51411,2021,170L51411,1,9,0,18,19,7,3,0,0,2,0,0,0,0,4,1,6,6,3,-1,-1,-1,-1,-1,-1,-1,-1,0,-1
202163A099121,2021,63A099121,2,9,0,4,4,5,2,0,0,8,0,0,0,0,2,1,6,6,1,32,6,-1,-1,-1,-1,5,W01000662,0,-1