collision_index,collision_year,collision_ref_no,vehicle_reference,vehicle_type,towing_and_articulation,vehicle_manoeuvre_historic,vehicle_manoeuvre,vehicle_direction_from,vehicle_direction_to,vehicle_location_restricted_lane_historic,vehicle_location_restricted_lane,junction_location,skidding_and_overturning,hit_object_in_carriageway,vehicle_leaving_carriageway,hit_object_off_carriageway,first_point_of_impact,vehicle_left_hand_drive,journey_purpose_of_driver_historic,journey_purpose_of_driver,sex_of_driver,age_of_driver,age_band_of_driver,engine_capacity_cc,propulsion_code,age_of_vehicle,generic_make_model,driver_imd_decile,lsoa_of_driver,escooter_flag,driver_distance_banding
2021010306890,2021,010306890,2,1,0,18,19,5,1,0,0,1,0,10,1,0,0,1,6,6,1,47,8,-1,-1,-1,-1,6,E01001599,0,-1
2021072100837,2021,072100837,1,9,0,4,4,7,3,0,0,0,0,0,0,0,1,1,6,6,1,30,6,-1,-1,-1,-1,1,E01032508,0,-1
2021122100934,2021,122100934,1,22,0,3,3,5,1,9,9,0,5,0,0,0,4,1,6,6,2,77,11,-1,-1,-1,-1,9,E01027583,0,-1
2021351112556,2021,351112556,2,1,0,18,19,7,3,0,0,0,0,0,0,0,2,1,1,1,1,19,4,-1,-1,-1,-1,8,E01018206,0,-1
2021332101562,2021,332101562,2,9,0,18,19,1,5,0,0,8,0,0,0,0,4,1,6,6,2,73,10,-1,-1,-1,-1,-1,-1,0,-1
2021430441973,2021,430441973,1,9,0,18,19,2,6,0,0,0,1,0,2,11,1,1,6,6,2,22,5,-1,-1,-1,-1,8,E01028796,0,-1
2021010337040,2021,010337040,2,8,0,99,99,9,9,99,99,9,9,99,9,99,1,9,6,6,3,-1,-1,-1,-1,-1,-1,2,E01000126,0,-1
2021010316464,2021,010316464,1,1,0,18,19,3,7,0,0,1,0,0,0,0,1,1,6,6,1,22,5,-1,-1,-1,-1,3,E01002610,0,-1
2021501104575,2021,501104575,2,98,1,4,4,3,7,0,0,0,0,0,0,0,1,1,1,1,1,37,7,-1,-1,-1,-1,4,E01015169,0,-1
2021421022443,2021,421022443,1,9,0,18,19,6,2,0,0,3,0,0,0,0,4,1,6,6,2,50,8,-1,-1,-1,-1,-1,-1,0,-1
2021052102615,2021,052102615,1,9,0,7,7,1,4,0,0,8,0,0,0,0,1,1,6,6,3,-1,-1,-1,-1,-1,-1,-1,-1,0,-1
2021010305248,2021,010305248,2,1,0,18,19,7,3,0,0,0,0,0,0,0,2,1,6,6,1,17,4,-1,-1,-1,-1,8,E01003744,0,-1
2021041034801,2021,041034801,1,9,0,18,19,5,1,0,0,0,0,0,0,0,0,1,6,6,3,-1,-1,-1,-1,-1,-1,-1,-1,0,-1
2021430263561,2021,430263561,2,9,0,18,19,3,7,0,0,0,0,0,0,0,3,1,6,6,3,-1,-1,-1,-1,-1,-1,-1,-1,0,-1
2021122100761,2021,122100761,2,9,0,18,19,1,5,0,0,1,0,0,0,0,1,1,1,1,1,22,5,-1,-1,-1,-1,10,E01013357,0,-1
2021070385677,2021,070385677,1,9,0,18,19,5,1,0,0,1,0,0,0,0,1,1,6,6,1,-1,-1,-1,-1,-1,-1,-1,-1,0,-1
2021430449919,2021,430449919,2,1,0,18,19,4,8,0,0,8,0,0,0,0,3,1,1,1,2,39,7,-1,-1,-1,-1,5,E01016461,0,-1
2021401026845,2021,401026845,2,1,0,4,4,2,7,0,0,4,1,0,0,0,3,1,2,2,1,36,7,-1,-1,-1,-1,5,E01023358,0,-1
2021520201330,2021,520201330,2,9,0,18,19,2,6,0,0,0,0,11,0,0,1,1,6,6,1,30,6,-1,-1,-1,-1,-1,-1,0,-1
2021010299057,2021,010299057,2,1,0,18,19,3,7,0,0,1,0,0,0,0,3,1,6,6,2,47,8,-1,-1,-1,-1,3,E01004006,0,-1
2021061033346,2021,061033346,3,9,0,2,2,0,0,0,0,0,0,0,0,0,3,1,6,6,3,-1,-1,-1,-1,-1,-1,-1,-1,0,-1
2021411072706,2021,411072706,1,9,0,18,19,3,7,0,0,0,0,0,0,0,4,1,6,6,3,-1,-1,-1,-1,-1,-1,-1,-1,0,-1
2021501084097,2021,501084097,2,19,0,18,19,5,1,0,0,0,1,0,0,0,1,1,5,6,1,23,5,-1,-1,-1,-1,8,E01025672,0,-1
2021332100821,2021,332100821,6,98,0,18,19,4,8,0,0,0,0,0,0,0,1,1,6,6,1,29,6,-1,-1,-1,-1,8,E01025748,0,-1
2021430394743,2021,430394743,2,1,0,9,9,3,1,0,0,8,0,0,0,0,1,1,6,6,1,44,7,-1,-1,-1,-1,8,E01016711,0,-1
2021010310892,2021,010310892,3,1,0,3,3,6,2,0,0,2,0,0,0,0,2,1,2,2,2,29,6,-1,-1,-1,-1,7,E01004639,0,-1
2021531025044,2021,531025044,2,1,0,18,19,-1,-1,0,0,0,0,0,0,0,1,1,6,6,1,-1,-1,-1,-1,-1,-1,-1,-1,0,-1
2021522105966,2021,522105966,1,1,0,18,19,6,2,5,5,0,0,11,0,10,1,1,6,6,1,28,6,-1,-1,-1,-1,-1,-1,0,-1
202134WNC5421,2021,34WNC5421,3,9,0,18,19,5,1,0,0,0,0,0,0,0,0,1,1,1,1,54,8,-1,-1,-1,-1,5,E01027176,0,-1
2021610034421,2021,610034421,1,9,0,18,19,8,4,0,0,2,0,0,0,0,1,1,6,6,2,27,6,-1,-1,-1,-1,-1,-1,0,-1
2021332101520,2021,332101520,2,9,0,18,19,4,8,0,0,8,0,0,0,0,0,1,6,6,1,24,5,-1,-1,-1,-1,-1,-1,0,-1
2021610003321,2021,610003321,2,9,0,10,10,1,8,0,0,1,0,0,1,0,2,1,6,6,1,55,8,-1,-1,-1,-1,-1,-1,0,-1
202134WNC0471,2021,34WNC0471,1,21,0,18,19,5,1,0,0,0,0,0,1,4,1,1,1,1,1,55,8,-1,-1,-1,-1,-1,-1,0,-1
2021421116501,2021,421116501,1,9,0,9,9,7,5,0,0,1,0,0,0,0,1,1,6,6,3,-1,-1,-1,-1,-1,-1,-1,-1,0,-1
2021010318416,2021,010318416,1,9,9,99,99,9,9,99,99,9,9,99,9,99,9,9,6,6,3,-1,-1,-1,-1,-1,-1,-1,-1,0,-1
2021070202765,2021,070202765,1,9,0,18,19,5,1,0,0,0,0,0,0,0,0,1,6,6,3,-1,-1,-1,-1,-1,-1,-1,-1,0,-1
2021010348761,2021,010348761,1,9,0,18,19,7,3,0,0,1,0,0,0,0,1,1,1,1,1,62,9,-1,-1,-1,-1,5,E01002219,0,-1
2021061037713,2021,061037713,1,97,0,18,19,1,5,0,0,1,0,0,0,0,1,1,6,6,3,30,6,-1,-1,-1,-1,-1,-1,0,-1
2021141066417,2021,141066417,2,1,0,18,19,3,7,0,0,0,0,0,0,0,2,1,6,6,1,31,6,-1,-1,-1,-1,4,E01008019,0,-1
2021010321210,2021,010321210,1,19,9,99,99,9,9,99,99,9,9,99,9,99,9,9,1,1,1,23,5,-1,-1,-1,-1,9,E01021883,0,-1
2021411078512,2021,411078512,1,9,0,7,7,7,1,0,0,6,0,0,0,0,1,1,6,6,1,-1,-1,-1,-1,-1,-1,-1,-1,0,-1
2021471033651,2021,471033651,1,19,0,18,19,3,6,0,0,4,0,0,0,0,4,2,1,1,1,52,8,-1,-1,-1,-1,-1,-1,0,-1
2021031109815,2021,031109815,1,1,0,18,19,7,8,0,0,0,5,0,0,0,1,1,6,6,1,15,3,-1,-1,-1,-1,5,E01019325,0,-1
2021010302118,2021,010302118,2,-1,0,18,19,6,2,0,0,1,0,0,0,0,1,1,6,6,1,23,5,-1,-1,-1,-1,6,E01003398,1,-1
2021052100354,2021,052100354,1,9,0,7,7,5,7,0,0,5,0,0,0,0,0,1,6,6,3,-1,-1,-1,-1,-1,-1,-1,-1,0,-1
2021101037056,2021,101037056,1,9,0,18,19,6,2,0,0,0,0,0,0,0,1,1,1,1,1,34,6,-1,-1,-1,-1,2,E01008339,0,-1
2021010302781,2021,010302781,1,9,9,18,19,7,3,99,99,9,9,99,9,99,9,1,6,6,1,28,6,-1,-1,-1,-1,4,E01003541,0,-1
2021211054321,2021,211054321,2,9,0,18,19,2,6,0,0,0,0,0,0,0,1,1,1,1,1,25,5,-1,-1,-1,-1,1,E01029840,0,-1
2021010321167,2021,010321167,1,1,9,99,99,9,9,99,99,9,9,99,9,99,9,1,6,6,1,30,6,-1,-1,-1,-1,6,E01004513,0,-1
2021122101390,2021,122101390,1,90,0,18,19,1,5,0,0,0,0,0,0,0,0,1,6,6,1,60,9,-1,-1,-1,-1,7,E01027584,0,-1
2021052102064,2021,052102064,2,1,0,4,4,1,5,0,0,1,0,0,0,0,4,1,6,6,2,37,7,-1,-1,-1,-1,4,E01033762,0,-1
2021201111855,2021,201111855,2,1,0,18,19,2,6,0,0,1,0,0,0,0,1,1,6,6,1,11,3,-1,-1,-1,-1,4,E01010426,0,-1
2021440501628,2021,440501628,1,-1,0,18,19,7,3,0,0,8,0,0,0,0,4,1,6,6,1,27,6,-1,-1,-1,-1,3,E01017360,1,-1
2021332100819,2021,332100819,2,3,0,18,19,5,1,0,0,8,0,0,0,0,1,1,2,2,1,36,7,-1,-1,-1,-1,3,E01013611,0,-1
2021061066285,2021,061066285,2,1,0,18,19,2,8,0,0,8,0,0,0,0,2,1,6,6,1,71,10,-1,-1,-1,-1,1,E01005638,0,-1
2021332100524,2021,332100524,1,9,0,18,19,4,8,0,0,0,0,0,0,0,3,1,6,6,1,49,8,-1,-1,-1,-1,1,E01013727,0,-1
2021010330448,2021,010330448,2,1,0,14,14,5,1,0,0,0,0,0,0,0,1,1,6,6,1,20,4,-1,-1,-1,-1,4,E01003527,0,-1
2021332100044,2021,332100044,1,9,0,5,5,8,4,0,0,0,1,0,1,4,1,1,6,6,1,28,6,-1,-1,-1,-1,4,E01013758,0,-1
2021991112352,2021,991112352,2,1,0,9,9,7,5,0,0,8,1,0,0,0,2,1,2,2,1,21,5,-1,-1,-1,-1,6,-1,0,-1
2021201141290,2021,201141290,2,1,0,18,19,8,4,0,0,8,0,0,0,0,4,1,6,6,1,73,10,-1,-1,-1,-1,2,E01009684,0,-1
2021411044947,2021,411044947,3,9,0,18,19,8,4,0,0,0,0,0,0,0,1,1,2,2,1,64,9,-1,-1,-1,-1,5,E01015975,0,-1
2021010288271,2021,010288271,1,9,0,99,99,9,9,99,99,9,9,99,9,99,1,9,6,6,2,70,10,-1,-1,-1,-1,5,E01001473,0,-1
2021010312685,2021,010312685,2,9,0,18,19,2,6,0,0,1,0,0,0,0,1,1,6,6,1,30,6,-1,-1,-1,-1,8,E01016121,0,-1
202160Z081099,2021,60Z081099,1,9,0,18,19,1,5,0,0,1,0,0,1,11,1,1,6,6,1,28,6,-1,-1,-1,-1,-1,-1,0,-1
2021161029019,2021,161029019,2,1,0,18,19,3,7,0,0,1,0,0,0,0,2,1,5,6,1,15,3,-1,-1,-1,-1,2,E01012775,0,-1
2021170L40801,2021,170L40801,1,9,0,18,19,6,2,0,0,0,0,0,0,0,1,1,6,6,3,-1,-1,-1,-1,-1,-1,-1,-1,0,-1
2021332101580,2021,332101580,3,9,0,18,19,5,1,0,0,0,0,0,0,0,0,1,6,6,1,35,6,-1,-1,-1,-1,-1,-1,0,-1
2021541925621,2021,541925621,1,9,0,18,19,6,3,0,0,0,0,10,1,4,1,1,2,2,2,56,9,-1,-1,-1,-1,6,E01017138,0,-1
2021010335448,2021,010335448,2,97,0,99,99,9,9,99,99,9,9,99,9,99,9,1,6,6,3,-1,-1,-1,-1,-1,-1,-1,-1,0,-1
2021610039221,2021,610039221,1,19,0,7,7,3,5,0,0,8,0,0,0,0,1,1,1,1,1,33,6,-1,-1,-1,-1,-1,-1,0,-1
2021440455289,2021,440455289,1,1,0,10,10,5,1,0,0,6,0,0,0,0,3,1,2,2,1,51,8,-1,-1,-1,-1,5,E01022656,0,-1
2021010303131,2021,010303131,2,9,0,99,99,9,9,99,99,9,9,99,9,99,2,9,6,6,3,-1,-1,-1,-1,-1,-1,4,E01001476,0,-1
2021430269453,2021,430269453,2,9,0,18,19,8,4,0,0,8,0,0,0,0,1,1,1,1,1,60,9,-1,-1,-1,-1,10,E01017831,0,-1
2021332100672,2021,332100672,1,5,0,18,19,8,4,0,0,2,1,0,1,2,1,1,6,6,1,20,4,-1,-1,-1,-1,1,E01013720,0,-1
2021010300525,2021,010300525,2,1,0,18,19,1,5,0,0,2,0,0,0,0,3,1,6,6,1,33,6,-1,-1,-1,-1,1,E01000744,0,-1
2021351108146,2021,351108146,2,1,0,15,15,8,4,4,4,8,0,0,0,0,3,1,6,6,2,30,6,-1,-1,-1,-1,8,E01017956,0,-1
2021161129110,2021,161129110,2,1,0,18,19,7,3,0,0,1,0,0,0,0,1,1,6,6,1,21,5,-1,-1,-1,-1,1,E01013162,0,-1
2021221030679,2021,221030679,1,9,0,18,19,4,8,0,0,8,0,0,0,0,1,1,6,6,3,34,6,-1,-1,-1,-1,-1,-1,0,-1
2021471056581,2021,471056581,1,9,0,18,19,3,7,0,0,0,0,0,0,0,1,1,6,6,3,-1,-1,-1,-1,-1,-1,-1,-1,0,-1
2021010333042,2021,010333042,1,1,0,99,99,9,9,0,0,8,0,0,0,0,1,1,1,1,1,22,5,-1,-1,-1,-1,6,E01001952,0,-1
2021421049306,2021,421049306,1,9,0,18,19,4,2,0,0,8,0,0,0,0,1,1,6,6,3,30,6,-1,-1,-1,-1,-1,-1,0,-1
2021111109589,2021,111109589,1,9,0,18,19,2,5,0,0,1,0,0,0,0,0,1,6,6,3,40,7,-1,-1,-1,-1,-1,-1,0,-1
202160Z142591,2021,60Z142591,1,9,0,18,19,1,5,0,0,1,1,0,0,0,1,1,6,6,1,35,6,-1,-1,-1,-1,-1,-1,0,-1
2021041163413,2021,041163413,1,9,0,-1,-1,-1,-1,0,0,8,-1,-1,-1,-1,3,1,6,6,3,-1,-1,-1,-1,-1,-1,-1,-1,0,-1
202131B029721,2021,31B029721,1,9,0,16,19,8,4,0,0,0,0,0,0,0,3,1,6,6,3,-1,-1,-1,-1,-1,-1,-1,-1,0,-1
2021411085252,2021,411085252,1,9,0,4,4,5,1,0,0,0,1,0,0,0,1,1,1,1,1,59,9,-1,-1,-1,-1,6,E01010326,0,-1
2021010348996,2021,010348996,1,1,9,99,99,9,9,99,99,9,5,99,9,99,9,1,6,6,2,28,6,-1,-1,-1,-1,3,E01033699,0,-1
2021101012128,2021,101012128,2,1,0,18,19,1,5,9,9,0,0,0,0,0,2,1,5,6,1,57,9,-1,-1,-1,-1,5,E01008407,0,-1
2021421079487,2021,421079487,2,1,0,18,19,1,5,0,0,0,0,0,1,0,2,1,5,6,1,49,8,-1,-1,-1,-1,5,E01021906,0,-1
2021471031811,2021,471031811,2,9,0,7,7,3,5,0,0,8,0,0,0,0,0,1,6,6,3,-1,-1,-1,-1,-1,-1,-1,-1,0,-1
2021010324907,2021,010324907,2,-1,0,18,19,3,7,0,0,0,0,4,0,0,1,1,6,6,1,22,5,-1,-1,-1,-1,3,E01002559,1,-1
2021010312497,2021,010312497,1,1,9,99,99,9,9,99,99,9,9,99,9,99,9,1,6,6,1,50,8,-1,-1,-1,-1,9,E01003804,0,-1
2021361103091,2021,361103091,2,1,0,17,19,7,5,0,0,0,0,0,1,0,3,1,5,6,1,65,9,-1,-1,-1,-1,9,E01026938,0,-1
2021052101144,2021,052101144,1,9,0,18,19,6,2,0,0,0,0,0,0,0,0,1,6,6,3,-1,-1,-1,-1,-1,-1,-1,-1,0,-1
2021010305650,2021,010305650,2,1,0,18,19,5,1,4,4,1,0,0,0,0,1,1,2,2,1,59,9,-1,-1,-1,-1,5,E01003071,0,-1
2021461093644,2021,461093644,2,1,0,18,19,4,8,0,0,0,0,0,0,0,2,1,6,6,1,59,9,-1,-1,-1,-1,8,E01024721,0,-1
2021461043160,2021,461043160,2,1,0,18,19,8,4,0,0,1,0,0,0,0,4,1,2,2,2,46,8,-1,-1,-1,-1,2,E01016040,0,-1
2021161045634,2021,161045634,2,1,0,18,19,5,1,0,0,8,0,0,0,0,4,1,2,2,1,24,5,-1,-1,-1,-1,5,E01012937,0,-1
2021401030559,2021,401030559,2,19,0,18,19,5,1,0,0,0,0,0,0,0,1,1,1,1,1,36,7,-1,-1,-1,-1,8,E01007247,0,-1
2021411050914,2021,411050914,2,1,0,18,19,5,1,0,0,1,0,0,0,0,1,1,5,6,1,32,6,-1,-1,-1,-1,5,E01017586,0,-1
2021141054844,2021,141054844,2,9,0,18,19,3,5,0,0,6,0,0,0,0,1,1,6,6,1,20,4,-1,-1,-1,-1,4,E01007445,0,-1
2021010339846,2021,010339846,1,1,9,99,99,9,9,99,99,0,9,99,9,99,9,1,2,2,1,45,7,-1,-1,-1,-1,3,E01002527,0,-1
2021351086326,2021,351086326,1,1,0,18,19,1,5,0,0,0,0,0,0,0,1,1,6,6,1,15,3,-1,-1,-1,-1,8,E01017992,0,-1
2021041197240,2021,041197240,2,1,0,18,19,3,7,0,0,1,0,0,0,0,1,1,6,6,1,15,3,-1,-1,-1,-1,1,E01012672,0,-1
2021332101587,2021,332101587,2,9,0,18,19,5,1,0,0,0,0,0,0,0,0,1,6,6,1,47,8,-1,-1,-1,-1,-1,-1,0,-1
2021161059590,2021,161059590,2,1,0,18,19,2,6,0,0,6,0,0,0,0,4,1,5,6,1,8,2,-1,-1,-1,-1,8,E01013277,0,-1
2021041105649,2021,041105649,4,9,0,18,19,8,4,0,0,1,0,0,0,0,1,1,1,1,1,65,9,-1,-1,-1,-1,8,E01025018,0,-1
2021552100751,2021,552100751,1,-1,0,18,19,8,4,0,0,0,0,0,7,0,3,1,6,6,1,13,3,-1,-1,-1,-1,7,E01029166,1,-1
2021010318333,2021,010318333,2,9,9,99,99,9,9,99,99,0,9,99,9,99,9,9,6,6,3,-1,-1,-1,-1,-1,-1,-1,-1,0,-1
202160Z138604,2021,60Z138604,1,5,0,18,19,2,6,0,0,1,0,0,0,0,1,1,6,6,1,32,6,-1,-1,-1,-1,-1,-1,0,-1
202131D096621,2021,31D096621,2,1,0,18,19,6,2,0,0,8,0,0,0,0,3,1,6,6,1,27,6,-1,-1,-1,-1,9,E01028149,0,-1
2021991078828,2021,991078828,1,9,0,7,7,7,1,4,4,1,0,0,0,0,1,1,6,6,1,24,5,-1,-1,-1,-1,2,-1,0,-1
2021010339450,2021,010339450,1,3,9,99,99,9,9,99,99,9,9,99,9,99,9,1,1,1,1,26,6,-1,-1,-1,-1,5,E01004519,0,-1
2021610008421,2021,610008421,1,19,0,5,5,2,6,0,0,6,0,0,0,0,1,1,2,2,1,35,6,-1,-1,-1,-1,-1,-1,0,-1
2021430128902,2021,430128902,1,9,0,16,19,6,1,0,0,0,2,0,0,0,1,1,2,2,1,23,5,-1,-1,-1,-1,6,E01017911,0,-1
2021161018006,2021,161018006,2,9,0,18,19,7,3,0,0,0,0,0,0,0,0,1,2,2,2,-1,-1,-1,-1,-1,-1,-1,-1,0,-1
202131C192221,2021,31C192221,2,-1,0,18,19,2,6,0,0,2,0,0,1,0,4,1,6,6,1,18,4,-1,-1,-1,-1,2,E01013933,1,-1
2021411022459,2021,411022459,2,9,0,9,9,1,2,0,0,1,0,0,0,0,3,1,1,1,1,41,7,-1,-1,-1,-1,6,E01025535,0,-1
2021010334422,2021,010334422,1,1,9,99,99,9,9,99,99,9,9,99,9,99,1,1,6,6,1,29,6,-1,-1,-1,-1,5,E01002801,0,-1
2021070341563,2021,070341563,2,22,0,18,19,8,4,9,9,0,5,0,0,0,1,1,6,6,2,82,11,-1,-1,-1,-1,2,E01018327,0,-1
2021010333870,2021,010333870,3,9,9,99,99,9,9,99,99,9,9,99,9,99,9,9,6,6,3,-1,-1,-1,-1,-1,-1,-1,-1,0,-1
2021440393539,2021,440393539,2,1,0,18,19,7,3,0,0,1,0,0,0,0,1,1,6,6,1,60,9,-1,-1,-1,-1,1,E01017038,0,-1
2021161069291,2021,161069291,1,1,0,2,2,0,0,6,6,1,0,0,0,0,3,1,6,6,1,46,8,-1,-1,-1,-1,2,E01032595,0,-1
2021451080923,2021,451080923,1,9,0,16,19,5,1,0,0,0,2,0,8,4,3,1,5,6,1,26,6,-1,-1,-1,-1,8,E01030575,0,-1
2021141014732,2021,141014732,1,9,0,18,19,7,3,0,0,0,0,0,0,0,2,1,2,2,1,51,8,-1,-1,-1,-1,2,E01007804,0,-1
2021471029077,2021,471029077,2,1,0,18,19,7,3,4,4,8,0,0,0,0,1,1,2,2,2,29,6,-1,-1,-1,-1,3,E01031350,0,-1
2021351056016,2021,351056016,1,1,0,18,19,8,4,0,0,8,0,0,0,0,1,1,5,6,2,24,5,-1,-1,-1,-1,9,E01017958,0,-1
2021010295235,2021,010295235,1,19,0,1,1,3,7,0,0,0,0,0,0,0,2,1,6,6,3,-1,-1,-1,-1,-1,-1,-1,-1,0,-1
2021991029413,2021,991029413,2,1,0,18,19,3,7,0,0,3,0,0,0,0,1,1,2,2,1,30,6,-1,-1,-1,-1,-1,-1,0,-1
2021052200121,2021,052200121,1,9,0,16,19,1,4,0,0,0,0,0,0,0,3,1,6,6,3,-1,-1,-1,-1,-1,-1,-1,-1,0,-1
2021041058150,2021,041058150,1,1,0,18,19,1,5,0,0,6,0,11,0,0,1,1,5,6,1,19,4,-1,-1,-1,-1,4,E01024919,0,-1
2021991089003,2021,991089003,2,1,0,18,19,6,2,4,4,0,0,0,0,0,1,1,5,6,2,35,6,-1,-1,-1,-1,8,-1,0,-1
2021010325131,2021,010325131,2,1,0,5,5,7,3,0,0,6,0,0,0,0,3,1,6,6,2,71,10,-1,-1,-1,-1,4,E01001050,0,-1
2021332101583,2021,332101583,1,9,0,18,19,1,5,0,0,6,0,0,0,0,1,1,6,6,1,25,5,-1,-1,-1,-1,-1,-1,0,-1
2021010307494,2021,010307494,1,1,9,99,99,9,9,99,99,9,9,99,9,99,9,1,6,6,1,37,7,-1,-1,-1,-1,1,E01002778,0,-1
2021010330089,2021,010330089,2,3,0,99,99,9,9,99,99,0,9,99,9,99,4,9,6,6,3,-1,-1,-1,-1,-1,-1,-1,-1,0,-1
202131C070621,2021,31C070621,2,1,0,18,19,2,6,0,0,8,0,0,0,0,3,1,6,6,1,17,4,-1,-1,-1,-1,1,E01013855,0,-1
202134WNC0241,2021,34WNC0241,1,9,0,18,19,8,4,0,0,0,0,0,0,0,1,1,6,6,3,-1,-1,-1,-1,-1,-1,-1,-1,0,-1
2021522105058,2021,522105058,2,1,0,18,19,6,2,0,0,1,0,0,0,0,1,1,6,6,2,71,10,-1,-1,-1,-1,10,E01014793,0,-1
2021161054413,2021,161054413,1,9,0,18,19,4,8,0,0,0,0,0,0,0,1,1,6,6,1,-1,-1,-1,-1,-1,-1,-1,-1,0,-1
2021302100726,2021,302100726,2,1,0,18,19,8,4,0,0,1,0,0,0,0,3,1,6,6,1,16,4,-1,-1,-1,-1,3,E01019657,0,-1
2021111015936,2021,111015936,1,19,0,9,9,4,8,0,0,0,0,0,0,0,1,1,1,1,1,24,5,-1,-1,-1,-1,5,E01006201,0,-1
2021010351447,2021,010351447,2,9,0,18,19,7,3,0,0,1,0,4,0,0,1,1,6,6,3,-1,-1,-1,-1,-1,-1,-1,-1,0,-1
2021131118358,2021,131118358,2,1,0,18,19,3,7,0,0,0,0,0,0,0,4,1,5,6,1,48,8,-1,-1,-1,-1,1,E01011429,0,-1
2021010293177,2021,010293177,3,9,0,4,4,4,8,0,0,1,0,0,0,0,0,1,6,6,3,22,5,-1,-1,-1,-1,-1,-1,0,-1
202131B060221,2021,31B060221,1,1,0,15,15,2,6,0,0,8,0,0,0,0,1,1,6,6,1,48,8,-1,-1,-1,-1,10,E01032990,0,-1
2021101057465,2021,101057465,2,1,0,18,19,1,5,0,0,0,0,0,1,10,3,1,5,6,1,68,10,-1,-1,-1,-1,2,E01027551,0,-1
2021332100734,2021,332100734,1,98,0,18,19,5,1,0,0,6,0,0,7,9,4,1,1,1,1,45,7,-1,-1,-1,-1,7,E01019612,0,-1
2021371085640,2021,371085640,1,1,0,18,19,8,4,0,0,8,0,0,0,0,1,1,5,6,1,59,9,-1,-1,-1,-1,4,E01030113,0,-1
2021332100121,2021,332100121,3,9,0,18,19,5,1,0,0,0,0,0,0,0,1,1,6,6,1,31,6,-1,-1,-1,-1,9,E01027619,0,-1
2021161063364,2021,161063364,2,4,0,18,19,6,2,2,2,0,0,0,0,0,1,1,5,6,1,21,5,-1,-1,-1,-1,8,E01013094,0,-1
2021141067346,2021,141067346,2,9,0,-1,-1,-1,-1,-1,-1,0,-1,-1,-1,0,-1,1,6,6,3,-1,-1,-1,-1,-1,-1,-1,-1,0,-1
202163A065421,2021,63A065421,1,9,0,18,19,3,6,0,0,3,0,0,0,0,3,1,6,6,1,71,10,-1,-1,-1,-1,8,E01011829,0,-1
2021010291654,2021,010291654,2,1,0,5,5,3,7,0,0,2,0,0,0,0,4,1,6,6,2,23,5,-1,-1,-1,-1,5,E01016379,0,-1
2021351030767,2021,351030767,2,1,0,18,19,3,1,0,0,8,0,0,0,0,1,1,6,6,1,35,6,-1,-1,-1,-1,-1,-1,0,-1
2021332100915,2021,332100915,1,9,0,7,7,1,3,0,0,6,0,0,0,0,3,1,6,6,1,65,9,-1,-1,-1,-1,1,E01032602,0,-1
2021070475335,2021,070475335,1,9,0,18,19,5,1,0,0,2,0,0,0,0,1,1,6,6,1,33,6,-1,-1,-1,-1,6,E01018749,0,-1
2021991098393,2021,991098393,2,1,0,18,19,5,1,0,0,2,0,0,0,0,3,1,5,6,1,57,9,-1,-1,-1,-1,1,-1,0,-1
2021010340045,2021,010340045,2,1,0,18,19,3,7,0,0,1,0,0,0,0,1,1,6,6,3,20,4,-1,-1,-1,-1,-1,-1,0,-1
2021010313389,2021,010313389,1,1,9,99,99,9,9,99,99,9,9,99,9,99,9,1,6,6,2,25,5,-1,-1,-1,-1,9,E01003801,0,-1
2021522101511,2021,522101511,2,1,0,18,19,5,1,0,0,0,0,0,0,0,2,1,6,6,1,36,7,-1,-1,-1,-1,8,E01014509,0,-1
2021481026765,2021,481026765,2,1,0,18,19,5,1,0,0,2,0,0,0,0,3,1,1,1,1,28,6,-1,-1,-1,-1,2,E01004246,0,-1
2021010350459,2021,010350459,2,9,0,99,99,9,9,99,99,9,9,99,9,99,1,9,6,6,3,-1,-1,-1,-1,-1,-1,-1,-1,0,-1
20211383F1362,2021,1383F1362,1,1,0,18,19,6,2,0,0,1,0,0,0,0,2,1,6,6,1,27,6,-1,-1,-1,-1,1,E01011906,0,-1
2021522201110,2021,522201110,2,22,0,18,19,4,8,0,0,6,0,0,0,0,1,1,6,6,1,83,11,-1,-1,-1,-1,4,E01014571,0,-1
2021061033620,2021,061033620,2,9,0,18,19,1,5,0,0,1,0,0,0,0,1,1,5,6,1,25,5,-1,-1,-1,-1,3,E01005761,0,-1
2021471114280,2021,471114280,1,9,0,18,19,8,4,0,0,0,0,0,0,0,1,1,2,2,1,25,5,-1,-1,-1,-1,2,E01031437,0,-1
2021052102083,2021,052102083,1,11,0,18,19,5,1,0,0,0,0,0,0,0,1,1,1,1,3,-1,-1,-1,-1,-1,-1,-1,-1,0,-1
2021421017902,2021,421017902,1,19,0,3,3,3,7,0,0,2,0,0,0,0,3,1,6,6,3,-1,-1,-1,-1,-1,-1,-1,-1,0,-1
2021501097582,2021,501097582,1,9,0,18,19,3,7,0,0,0,0,12,0,0,1,1,6,6,1,65,9,-1,-1,-1,-1,5,E01019886,0,-1
2021332100892,2021,332100892,1,9,0,2,2,0,0,6,6,0,0,0,0,0,1,1,6,6,1,-1,-1,-1,-1,-1,-1,3,E01013660,0,-1
2021440497585,2021,440497585,1,1,0,18,19,5,1,0,0,8,0,0,0,0,1,1,6,6,2,15,3,-1,-1,-1,-1,10,E01022898,0,-1
2021010294768,2021,010294768,2,1,0,18,19,5,1,0,0,8,0,0,0,0,1,1,1,1,1,-1,-1,-1,-1,-1,-1,2,E01003092,0,-1
2021451073433,2021,451073433,1,1,0,3,3,1,6,0,0,1,0,0,0,0,2,1,5,6,2,29,6,-1,-1,-1,-1,7,E01033093,0,-1
2021010307866,2021,010307866,1,19,0,18,19,5,1,0,0,8,0,0,0,0,1,1,6,6,1,-1,-1,-1,-1,-1,-1,-1,-1,0,-1
2021361128631,2021,361128631,2,9,0,18,19,7,3,0,0,0,0,0,0,0,1,1,1,1,1,37,7,-1,-1,-1,-1,4,E01026743,0,-1
2021041039144,2021,041039144,1,1,0,18,19,3,7,0,0,0,0,0,0,0,1,1,2,2,2,55,8,-1,-1,-1,-1,8,E01025012,0,-1