collision_index,collision_year,collision_ref_no,vehicle_reference,vehicle_type,towing_and_articulation,vehicle_manoeuvre_historic,vehicle_manoeuvre,vehicle_direction_from,vehicle_direction_to,vehicle_location_restricted_lane_historic,vehicle_location_restricted_lane,junction_location,skidding_and_overturning,hit_object_in_carriageway,vehicle_leaving_carriageway,hit_object_off_carriageway,first_point_of_impact,vehicle_left_hand_drive,journey_purpose_of_driver_historic,journey_purpose_of_driver,sex_of_driver,age_of_driver,age_band_of_driver,engine_capacity_cc,propulsion_code,age_of_vehicle,generic_make_model,driver_imd_decile,lsoa_of_driver,escooter_flag,driver_distance_banding
2021061047900,2021,061047900,2,1,0,18,19,1,5,0,0,0,0,8,0,0,1,1,6,6,1,42,7,-1,-1,-1,-1,8,E01006018,0,-1
2021041091847,2021,041091847,1,9,0,16,19,1,5,0,0,3,0,0,0,0,1,1,6,6,3,-1,-1,-1,-1,-1,-1,-1,-1,0,-1
202160Z142605,2021,60Z142605,1,3,0,9,9,7,3,0,0,3,1,0,0,0,1,1,1,1,1,27,6,-1,-1,-1,-1,-1,-1,0,-1
2021010329738,2021,010329738,2,9,0,18,19,8,4,0,0,0,0,0,0,0,1,1,6,6,3,-1,-1,-1,-1,-1,-1,-1,-1,0,-1
2021041069182,2021,041069182,2,9,0,18,19,1,5,0,0,0,0,0,0,0,1,1,6,6,3,-1,-1,-1,-1,-1,-1,-1,-1,0,-1
2021010350144,2021,010350144,2,90,9,99,99,9,9,99,99,9,9,99,9,99,9,9,6,6,3,-1,-1,-1,-1,-1,-1,-1,-1,0,-1
2021010320252,2021,010320252,1,9,9,99,99,9,9,99,99,9,9,99,9,99,9,9,6,6,3,-1,-1,-1,-1,-1,-1,-1,-1,0,-1
2021010309116,2021,010309116,2,1,0,18,19,2,6,0,0,1,0,0,0,0,1,1,1,1,1,26,6,-1,-1,-1,-1,3,E01003574,0,-1
2021201082449,2021,201082449,2,1,0,18,19,7,3,0,0,6,0,0,0,0,1,1,1,1,2,65,9,-1,-1,-1,-1,4,E01009166,0,-1
2021451113389,2021,451113389,2,9,0,9,9,7,5,0,0,6,0,0,0,0,1,1,6,6,3,30,6,-1,-1,-1,-1,-1,-1,0,-1
2021010290997,2021,010290997,2,1,0,4,4,5,1,0,0,1,0,0,0,0,1,1,6,6,1,22,5,-1,-1,-1,-1,7,E01003395,0,-1
2021302100549,2021,302100549,1,1,0,18,19,2,6,0,0,0,0,4,0,0,1,1,6,6,1,10,2,-1,-1,-1,-1,5,E01019436,0,-1
2021101101881,2021,101101881,3,9,0,2,2,1,5,0,0,0,0,0,0,0,0,1,6,6,1,42,7,-1,-1,-1,-1,7,E01020714,0,-1
2021440197345,2021,440197345,1,9,0,5,5,8,4,0,0,8,0,0,0,0,4,1,6,6,2,-1,-1,-1,-1,-1,-1,4,E01017159,0,-1
2021201141692,2021,201141692,2,98,0,18,19,8,4,0,0,8,0,0,0,0,1,1,1,1,1,34,6,-1,-1,-1,-1,4,E01008920,0,-1
2021610040921,2021,610040921,2,9,0,4,4,7,3,0,0,4,0,0,0,0,2,1,6,6,1,-1,-1,-1,-1,-1,-1,-1,-1,0,-1
2021471120031,2021,471120031,2,1,0,15,15,6,2,0,0,8,0,0,0,0,1,1,5,6,1,60,9,-1,-1,-1,-1,1,E01020912,0,-1
2021361066048,2021,361066048,2,97,0,18,19,2,5,0,0,1,0,0,0,0,1,1,6,6,3,-1,-1,-1,-1,-1,-1,-1,-1,0,-1
2021991077906,2021,991077906,2,1,0,17,19,7,4,0,0,8,0,0,0,0,2,1,6,6,1,55,8,-1,-1,-1,-1,4,-1,0,-1
2021351087440,2021,351087440,2,1,0,18,19,4,1,4,4,1,0,0,0,0,2,1,5,6,1,57,9,-1,-1,-1,-1,6,E01018005,0,-1
2021320060950,2021,320060950,1,17,0,18,19,4,2,4,4,0,0,0,0,0,0,1,6,6,1,55,8,-1,-1,-1,-1,6,E01026205,0,-1
2021010321302,2021,010321302,1,1,9,99,99,9,9,99,99,0,9,99,9,99,1,1,2,2,1,24,5,-1,-1,-1,-1,5,E01004275,0,-1
2021010347295,2021,010347295,2,1,0,9,9,2,8,0,0,6,0,0,0,0,4,1,6,6,1,24,5,-1,-1,-1,-1,6,E01002912,0,-1
2021440126516,2021,440126516,1,1,0,18,19,5,1,5,5,1,1,0,0,0,1,1,1,1,1,44,7,-1,-1,-1,-1,4,E01032847,0,-1
2021461139919,2021,461139919,2,9,0,18,19,3,7,0,0,1,0,0,0,0,1,1,6,6,1,29,6,-1,-1,-1,-1,1,E01024590,0,-1
2021440289209,2021,440289209,1,3,0,18,19,1,5,1,1,2,0,0,0,0,4,1,6,6,3,-1,-1,-1,-1,-1,-1,-1,-1,0,-1
2021131048044,2021,131048044,1,1,0,18,19,2,6,0,0,8,0,0,0,0,-1,1,6,6,3,-1,-1,-1,-1,-1,-1,-1,-1,0,-1
2021010312549,2021,010312549,2,1,0,9,9,4,1,0,0,5,5,0,0,0,0,1,6,6,1,62,9,-1,-1,-1,-1,2,E01004010,0,-1
2021430486770,2021,430486770,2,19,0,18,19,4,8,0,0,8,0,0,1,9,1,1,6,6,1,28,6,-1,-1,-1,-1,10,E01028820,0,-1
2021320456742,2021,320456742,2,1,0,18,19,2,6,0,0,1,0,0,0,0,1,1,6,6,1,57,9,-1,-1,-1,-1,9,E01026402,0,-1
2021451080474,2021,451080474,2,1,0,18,19,2,4,0,0,1,0,0,0,0,1,1,6,6,1,62,9,-1,-1,-1,-1,7,E01030865,0,-1
2021010341881,2021,010341881,2,9,9,99,99,9,9,99,99,9,9,99,9,99,9,9,6,6,3,-1,-1,-1,-1,-1,-1,-1,-1,0,-1
2021332100581,2021,332100581,2,9,0,4,4,2,6,0,0,2,0,0,0,0,1,1,6,6,1,36,7,-1,-1,-1,-1,2,E01013625,0,-1
2021471109436,2021,471109436,4,9,0,4,4,1,6,0,0,2,0,0,0,0,2,1,2,2,1,49,8,-1,-1,-1,-1,6,E01031390,0,-1
2021111019290,2021,111019290,1,9,0,18,19,2,4,0,0,0,0,0,0,0,1,1,2,2,1,44,7,-1,-1,-1,-1,2,E01008834,0,-1
2021610012921,2021,610012921,2,9,0,18,19,3,7,0,0,0,0,0,0,0,2,1,1,1,2,38,7,-1,-1,-1,-1,-1,-1,0,-1
2021201095995,2021,201095995,2,98,0,9,9,1,8,0,0,6,0,0,0,0,0,1,1,1,3,-1,-1,-1,-1,-1,-1,-1,-1,0,-1
2021070120326,2021,070120326,2,1,0,18,19,7,3,0,0,1,0,0,0,0,3,1,6,6,1,58,9,-1,-1,-1,-1,8,E01018440,0,-1
2021010350939,2021,010350939,2,1,0,18,19,3,7,0,0,0,0,0,0,0,1,1,1,1,1,18,4,-1,-1,-1,-1,4,E01004538,0,-1
2021170H10631,2021,170H10631,1,9,0,18,19,7,3,0,0,0,0,0,0,0,1,1,6,6,1,63,9,-1,-1,-1,-1,1,E01012000,0,-1
2021010299250,2021,010299250,1,1,9,99,99,9,9,99,99,0,9,99,9,99,1,1,6,6,1,25,5,-1,-1,-1,-1,3,E01003182,0,-1
2021610020321,2021,610020321,1,9,0,18,19,1,4,0,0,1,0,0,0,0,2,1,6,6,1,63,9,-1,-1,-1,-1,-1,-1,0,-1
2021010322385,2021,010322385,1,1,9,99,99,9,9,99,99,9,9,99,9,99,9,1,6,6,1,35,6,-1,-1,-1,-1,2,E01004242,0,-1
2021332100454,2021,332100454,1,9,0,18,19,2,6,0,0,0,1,10,7,4,1,1,6,6,1,18,4,-1,-1,-1,-1,9,E01029619,0,-1
2021332100409,2021,332100409,2,5,0,11,11,1,5,0,0,0,0,0,8,10,4,1,2,2,1,62,9,-1,-1,-1,-1,9,E01025731,0,-1
202160Z160553,2021,60Z160553,2,98,0,18,19,8,4,0,0,2,0,0,0,0,1,1,6,6,1,29,6,-1,-1,-1,-1,-1,-1,0,-1
202160Z159209,2021,60Z159209,1,9,0,4,4,8,4,0,0,5,0,0,8,7,1,1,6,6,1,54,8,-1,-1,-1,-1,-1,-1,0,-1
202131C068321,2021,31C068321,1,9,0,17,19,8,6,0,0,0,0,0,0,0,1,1,6,6,3,-1,-1,-1,-1,-1,-1,-1,-1,0,-1
2021070391586,2021,070391586,1,9,0,18,19,3,7,0,0,4,0,9,0,0,1,1,6,6,2,-1,-1,-1,-1,-1,-1,5,E01018622,0,-1
2021421030781,2021,421030781,2,1,0,18,19,5,2,9,9,0,0,0,0,0,4,1,5,6,1,11,3,-1,-1,-1,-1,1,E01022031,0,-1
2021010304198,2021,010304198,1,19,0,5,5,0,5,0,0,2,0,0,0,0,4,1,1,1,1,33,6,-1,-1,-1,-1,4,E01000565,0,-1
2021461125708,2021,461125708,1,9,0,7,7,3,5,0,0,1,1,0,0,0,4,1,6,6,3,-1,-1,-1,-1,-1,-1,-1,-1,0,-1
2021622100488,2021,622100488,1,-1,0,18,19,8,4,9,9,0,0,0,0,0,1,1,6,6,3,-1,-1,-1,-1,-1,-1,-1,-1,1,-1
2021501023090,2021,501023090,1,19,0,18,19,5,1,0,0,4,1,0,0,0,1,1,1,1,1,32,6,-1,-1,-1,-1,6,E01029320,0,-1
2021522105100,2021,522105100,1,1,0,18,19,7,3,0,0,1,0,0,0,0,1,1,6,6,1,25,5,-1,-1,-1,-1,7,E01014696,0,-1
2021201063673,2021,201063673,1,9,0,7,7,1,3,0,0,5,0,4,0,0,1,1,6,6,1,-1,-1,-1,-1,-1,-1,-1,-1,0,-1
202106F079007,2021,06F079007,1,9,0,8,8,3,1,0,0,5,0,0,0,0,4,1,6,6,1,24,5,-1,-1,-1,-1,6,E01005623,0,-1
2021351063147,2021,351063147,1,22,0,18,19,-1,-1,9,9,1,0,0,0,0,1,1,6,6,3,-1,-1,-1,-1,-1,-1,-1,-1,0,-1
2021211095232,2021,211095232,1,9,0,5,5,4,7,0,0,2,0,0,0,0,1,1,6,6,1,59,9,-1,-1,-1,-1,3,E01029599,0,-1
2021010298733,2021,010298733,1,1,9,99,99,9,9,99,99,9,9,99,9,99,9,1,6,6,2,28,6,-1,-1,-1,-1,3,E01002752,0,-1
2021421023744,2021,421023744,1,1,0,9,9,5,3,0,0,4,0,0,0,0,4,1,5,6,1,16,4,-1,-1,-1,-1,6,E01021659,0,-1
2021610015921,2021,610015921,1,9,0,8,8,5,7,0,0,1,0,0,0,0,0,1,2,2,1,48,8,-1,-1,-1,-1,-1,-1,0,-1
2021421081803,2021,421081803,2,9,0,18,19,2,6,0,0,8,0,0,0,0,4,1,1,1,1,58,9,-1,-1,-1,-1,2,E01021322,0,-1
2021351104776,2021,351104776,2,1,0,18,19,3,8,0,0,8,0,0,0,0,4,1,2,2,2,30,6,-1,-1,-1,-1,-1,-1,0,-1
202131C155921,2021,31C155921,2,1,0,18,19,4,8,0,0,8,0,0,0,0,2,1,6,6,1,19,4,-1,-1,-1,-1,4,E01033404,0,-1
2021010339817,2021,010339817,2,9,9,99,99,9,9,99,99,9,9,99,9,99,9,9,6,6,3,-1,-1,-1,-1,-1,-1,-1,-1,0,-1
202160Z119608,2021,60Z119608,1,9,0,17,19,8,5,0,0,0,5,0,1,10,1,1,6,6,2,20,4,-1,-1,-1,-1,-1,-1,0,-1
2021010296619,2021,010296619,2,97,0,99,99,9,9,99,99,9,9,99,9,99,1,1,6,6,3,-1,-1,-1,-1,-1,-1,-1,-1,0,-1
2021061109542,2021,061109542,2,1,0,18,19,2,6,0,0,8,0,0,0,0,1,1,6,6,1,42,7,-1,-1,-1,-1,4,E01005304,0,-1
2021061132320,2021,061132320,1,9,0,18,19,6,2,0,0,0,0,0,0,0,4,1,6,6,3,30,6,-1,-1,-1,-1,-1,-1,0,-1
2021991024358,2021,991024358,2,19,0,17,19,6,3,0,0,1,0,0,0,0,3,1,5,6,1,41,7,-1,-1,-1,-1,5,-1,0,-1
2021461104678,2021,461104678,2,1,0,18,19,6,2,0,0,8,0,0,0,0,4,1,1,1,1,28,6,-1,-1,-1,-1,2,E01024091,0,-1
2021131042670,2021,131042670,1,9,0,1,1,1,5,0,0,1,0,0,0,0,3,1,1,1,1,39,7,-1,-1,-1,-1,1,E01007734,0,-1
2021052101138,2021,052101138,2,1,0,9,9,2,8,0,0,8,0,0,0,0,3,1,6,6,1,58,9,-1,-1,-1,-1,4,E01006619,0,-1
2021421029538,2021,421029538,1,9,-1,5,5,1,3,0,0,4,0,0,0,0,1,1,6,6,1,28,6,-1,-1,-1,-1,6,E01021373,0,-1
2021440508324,2021,440508324,2,9,0,18,19,2,6,0,0,0,0,0,0,0,1,1,6,6,1,66,10,-1,-1,-1,-1,4,E01017217,0,-1
2021010333975,2021,010333975,1,1,0,5,5,3,7,9,9,6,0,0,0,0,4,1,1,1,1,29,6,-1,-1,-1,-1,4,E01003626,0,-1
2021010296768,2021,010296768,1,9,0,99,99,9,9,99,99,9,9,99,9,99,2,9,6,6,1,22,5,-1,-1,-1,-1,2,E01004036,0,-1
2021332100891,2021,332100891,1,9,0,9,9,5,3,0,0,5,0,0,0,0,1,1,6,6,2,42,7,-1,-1,-1,-1,7,E01025854,0,-1
2021547413521,2021,547413521,1,19,0,18,19,3,7,0,0,1,0,10,1,11,1,1,1,1,1,45,7,-1,-1,-1,-1,10,E01031906,0,-1
2021430345022,2021,430345022,1,9,0,18,19,4,8,0,0,0,0,0,0,0,1,1,6,6,1,-1,-1,-1,-1,-1,-1,-1,-1,0,-1
2021201108158,2021,201108158,2,1,0,18,19,4,8,0,0,8,0,0,0,0,3,1,6,6,1,20,4,-1,-1,-1,-1,2,E01009981,0,-1
2021471088470,2021,471088470,1,90,0,18,19,7,3,0,0,0,0,0,0,0,4,1,6,6,3,-1,-1,-1,-1,-1,-1,-1,-1,0,-1
2021010342633,2021,010342633,2,9,0,99,99,9,9,99,99,9,9,99,9,99,1,9,6,6,3,-1,-1,-1,-1,-1,-1,-1,-1,0,-1
2021302100846,2021,302100846,4,9,0,18,19,2,6,0,0,0,0,0,0,0,0,1,6,6,3,-1,-1,-1,-1,-1,-1,5,E01019456,0,-1
2021161033796,2021,161033796,2,1,0,18,19,7,3,9,9,1,0,0,0,0,1,1,6,6,1,31,6,-1,-1,-1,-1,1,E01012888,0,-1
2021010295590,2021,010295590,2,1,0,18,19,1,5,0,0,1,0,0,0,0,1,1,6,6,1,-1,-1,-1,-1,-1,-1,-1,-1,0,-1
2021010344478,2021,010344478,1,1,9,99,99,9,9,99,99,9,9,99,9,99,9,1,2,2,1,26,6,-1,-1,-1,-1,3,E01004408,0,-1
2021201128628,2021,201128628,1,-1,0,18,19,-1,-1,0,0,0,0,0,0,0,1,1,6,6,1,-1,-1,-1,-1,-1,-1,-1,-1,1,-1
2021201138871,2021,201138871,2,1,0,18,19,8,4,0,0,4,0,0,0,0,1,1,6,6,1,65,9,-1,-1,-1,-1,5,E01008954,0,-1
202160Z144723,2021,60Z144723,2,9,3,18,19,7,3,0,0,0,0,0,0,0,1,1,6,6,1,67,10,-1,-1,-1,-1,-1,-1,0,-1
2021201064231,2021,201064231,3,9,0,18,19,1,5,0,0,0,0,0,0,0,0,1,6,6,3,-1,-1,-1,-1,-1,-1,-1,-1,0,-1
2021061135095,2021,061135095,2,-1,0,7,7,8,3,0,0,0,0,0,0,0,1,1,6,6,3,30,6,-1,-1,-1,-1,-1,-1,0,-1
2021545574521,2021,545574521,1,1,0,5,5,2,5,0,0,1,0,0,0,0,1,1,1,1,1,42,7,-1,-1,-1,-1,9,E01031999,0,-1
2021010333692,2021,010333692,1,1,0,18,19,8,4,0,0,0,0,0,7,0,2,1,6,6,1,43,7,-1,-1,-1,-1,7,E01002538,0,-1
2021052102225,2021,052102225,2,1,0,18,19,4,8,0,0,1,0,0,0,0,3,1,1,1,1,64,9,-1,-1,-1,-1,9,E01006594,0,-1
2021991078965,2021,991078965,1,1,0,18,19,5,1,0,0,0,0,0,0,0,1,1,5,6,1,71,10,-1,-1,-1,-1,2,-1,0,-1
2021461110661,2021,461110661,1,9,-1,-1,-1,-1,-1,-1,-1,0,-1,-1,-1,0,-1,1,6,6,3,-1,-1,-1,-1,-1,-1,-1,-1,0,-1
2021070541053,2021,070541053,1,1,0,18,19,2,6,0,0,8,0,0,0,0,3,1,6,6,1,16,4,-1,-1,-1,-1,9,E01018442,0,-1
202160Z142954,2021,60Z142954,1,9,0,18,19,1,5,0,0,0,0,0,0,0,1,1,6,6,1,29,6,-1,-1,-1,-1,-1,-1,0,-1
2021010331431,2021,010331431,1,1,0,14,14,3,7,0,0,2,0,0,0,0,0,1,1,1,1,26,6,-1,-1,-1,-1,6,E01004530,0,-1
2021010289678,2021,010289678,2,19,0,18,19,3,7,0,0,0,0,0,0,0,2,1,6,6,1,26,6,-1,-1,-1,-1,-1,-1,0,-1
2021471082047,2021,471082047,1,98,0,18,19,3,7,0,0,0,0,0,0,0,3,1,6,6,3,-1,-1,-1,-1,-1,-1,-1,-1,0,-1
2021451076906,2021,451076906,2,1,0,3,3,7,7,0,0,0,0,0,0,0,1,1,6,6,1,25,5,-1,-1,-1,-1,-1,-1,0,-1
2021141124698,2021,141124698,1,97,0,18,19,7,3,0,0,1,1,0,0,0,1,1,5,6,1,21,5,-1,-1,-1,-1,2,E01007392,0,-1
2021201061103,2021,201061103,2,1,0,18,19,6,2,0,0,8,0,0,0,0,4,1,6,6,1,52,8,-1,-1,-1,-1,2,E01009610,0,-1
2021010350888,2021,010350888,1,1,0,18,19,5,1,99,99,1,0,0,9,0,1,1,6,6,1,64,9,-1,-1,-1,-1,6,E01003311,0,-1
2021471125770,2021,471125770,1,9,0,7,7,7,1,0,0,1,0,0,0,0,1,1,6,6,2,35,6,-1,-1,-1,-1,-1,-1,0,-1
2021010325177,2021,010325177,2,1,9,99,99,9,9,99,99,9,9,99,9,99,1,1,6,6,3,-1,-1,-1,-1,-1,-1,-1,-1,0,-1
2021201092066,2021,201092066,1,9,0,18,19,6,2,0,0,4,0,0,0,0,1,1,6,6,3,-1,-1,-1,-1,-1,-1,-1,-1,0,-1
2021010305699,2021,010305699,2,9,0,2,2,0,0,0,0,1,0,0,0,0,2,1,6,6,3,-1,-1,-1,-1,-1,-1,-1,-1,0,-1
2021332100630,2021,332100630,1,9,0,18,19,4,8,0,0,0,0,0,0,0,1,1,6,6,2,52,8,-1,-1,-1,-1,9,E01025758,0,-1
2021544996321,2021,544996321,1,9,0,13,13,6,2,0,0,1,0,0,0,0,4,1,6,6,2,25,5,-1,-1,-1,-1,-1,-1,0,-1
2021430123140,2021,430123140,2,9,0,18,19,1,5,0,0,1,0,0,0,0,1,1,6,6,3,-1,-1,-1,-1,-1,-1,-1,-1,0,-1
2021010320670,2021,010320670,2,1,0,15,15,8,4,0,0,1,0,8,0,0,1,1,6,6,2,48,8,-1,-1,-1,-1,4,E01033320,0,-1
2021161043319,2021,161043319,2,1,0,18,19,4,7,0,0,1,5,0,0,0,1,1,2,2,1,35,6,-1,-1,-1,-1,4,E01013258,0,-1
2021010317359,2021,010317359,1,1,9,99,99,9,9,99,99,9,9,99,9,99,1,1,6,6,3,21,5,-1,-1,-1,-1,2,E01004251,0,-1
202160Z006020,2021,60Z006020,2,1,0,18,19,1,5,0,0,3,0,0,7,0,1,1,1,1,1,19,4,-1,-1,-1,-1,-1,-1,0,-1
2021361037385,2021,361037385,2,9,0,18,19,3,7,0,0,0,0,0,0,0,3,1,1,1,1,33,6,-1,-1,-1,-1,3,E01018093,0,-1
2021991069695,2021,991069695,4,9,0,2,2,0,0,0,0,0,0,0,0,0,1,1,6,6,3,-1,-1,-1,-1,-1,-1,-1,-1,0,-1
2021061044022,2021,061044022,1,4,0,18,19,6,2,0,0,1,0,0,0,0,1,1,6,6,3,30,6,-1,-1,-1,-1,-1,-1,0,-1
2021430164854,2021,430164854,2,4,0,7,7,1,3,0,0,3,0,0,0,0,4,1,6,6,2,26,6,-1,-1,-1,-1,10,E01028461,0,-1
2021320294358,2021,320294358,1,9,0,18,19,5,1,0,0,2,0,0,0,0,2,1,6,6,1,40,7,-1,-1,-1,-1,-1,-1,0,-1
2021440029844,2021,440029844,1,19,0,18,19,8,4,0,0,0,0,0,0,0,3,1,6,6,3,-1,-1,-1,-1,-1,-1,-1,-1,0,-1
2021131054942,2021,131054942,1,98,0,7,7,5,7,0,0,1,0,0,0,0,-1,1,6,6,3,-1,-1,-1,-1,-1,-1,-1,-1,0,-1
2021010309276,2021,010309276,2,1,0,18,19,5,1,0,0,1,0,10,1,0,3,1,2,2,1,43,7,-1,-1,-1,-1,6,E01002204,0,-1
2021522101551,2021,522101551,1,1,0,18,19,7,3,0,0,1,0,0,0,0,3,1,6,6,1,38,7,-1,-1,-1,-1,7,E01014783,0,-1
2021010343975,2021,010343975,1,1,9,99,99,9,9,99,99,9,9,99,9,99,1,1,2,2,1,29,6,-1,-1,-1,-1,4,E01002794,0,-1
2021010299830,2021,010299830,2,9,0,99,99,9,9,99,99,9,9,99,9,99,9,9,6,6,3,-1,-1,-1,-1,-1,-1,-1,-1,0,-1
2021544222721,2021,544222721,1,1,0,7,7,7,2,0,0,5,0,0,0,0,1,1,6,6,1,17,4,-1,-1,-1,-1,5,E01032054,0,-1
202131C037021,2021,31C037021,2,1,0,18,19,7,3,0,0,8,0,0,0,0,2,1,2,2,2,26,6,-1,-1,-1,-1,8,E01028079,0,-1
2021201023372,2021,201023372,2,9,0,3,3,-1,-1,0,0,0,0,0,0,0,1,1,1,1,1,25,5,-1,-1,-1,-1,3,E01009199,0,-1
2021010313327,2021,010313327,2,8,9,99,99,9,9,99,99,0,9,99,9,99,9,9,6,6,3,-1,-1,-1,-1,-1,-1,-1,-1,0,-1
2021122101188,2021,122101188,1,9,0,18,19,3,7,0,0,0,0,0,0,0,1,1,1,1,1,35,6,-1,-1,-1,-1,1,E01007645,0,-1
2021451018060,2021,451018060,1,98,0,12,12,3,1,0,0,0,0,0,0,0,3,1,6,6,1,38,7,-1,-1,-1,-1,-1,-1,0,-1
2021010351208,2021,010351208,2,9,0,4,4,3,7,0,0,1,0,0,0,0,1,1,6,6,1,21,5,-1,-1,-1,-1,-1,-1,0,-1
2021461034884,2021,461034884,2,1,0,18,19,6,2,0,0,0,0,0,0,0,1,1,5,6,1,52,8,-1,-1,-1,-1,8,E01032620,0,-1
202160Z136140,2021,60Z136140,2,9,0,2,2,0,0,0,0,0,0,0,0,0,4,1,6,6,2,35,6,-1,-1,-1,-1,-1,-1,0,-1
2021010301092,2021,010301092,2,1,0,18,19,3,7,4,4,1,0,0,0,0,1,1,6,6,1,35,6,-1,-1,-1,-1,2,E01004207,0,-1
2021991056949,2021,991056949,1,9,0,18,19,6,2,0,0,0,0,0,0,0,1,1,6,6,1,38,7,-1,-1,-1,-1,6,-1,0,-1
2021010291153,2021,010291153,2,98,9,99,99,9,9,99,99,9,9,99,9,99,9,9,6,6,3,-1,-1,-1,-1,-1,-1,-1,-1,0,-1
2021161038527,2021,161038527,2,9,0,18,19,6,2,0,0,0,0,0,0,0,0,1,6,6,3,-1,-1,-1,-1,-1,-1,-1,-1,0,-1
2021061062323,2021,061062323,1,1,0,18,19,7,3,0,0,0,0,0,0,0,4,1,2,2,1,49,8,-1,-1,-1,-1,3,E01006291,0,-1
2021010337372,2021,010337372,2,98,0,99,99,9,9,99,99,9,9,99,9,99,9,9,6,6,3,-1,-1,-1,-1,-1,-1,-1,-1,0,-1
2021010293350,2021,010293350,2,1,0,8,8,5,8,0,0,1,0,0,0,0,4,1,6,6,1,12,3,-1,-1,-1,-1,6,E01001937,0,-1
2021461069923,2021,461069923,1,1,0,18,19,4,8,0,0,1,0,0,0,0,1,1,6,6,3,-1,-1,-1,-1,-1,-1,-1,-1,0,-1
2021430259608,2021,430259608,1,9,0,13,13,7,3,0,0,1,0,0,0,0,4,1,6,6,1,-1,-1,-1,-1,-1,-1,-1,-1,0,-1
2021610006121,2021,610006121,1,9,0,18,19,4,8,0,0,0,1,0,1,1,1,1,6,6,1,22,5,-1,-1,-1,-1,-1,-1,0,-1
2021401049198,2021,401049198,1,9,0,18,19,5,1,0,0,0,0,0,0,0,1,1,5,6,1,-1,-1,-1,-1,-1,-1,9,E01017387,0,-1
2021501046675,2021,501046675,2,1,0,4,4,7,3,4,4,2,0,0,0,0,0,1,5,6,1,40,7,-1,-1,-1,-1,3,E01015249,0,-1
2021122101023,2021,122101023,1,1,0,18,19,5,1,0,0,8,0,0,9,99,1,1,6,6,1,-1,-1,-1,-1,-1,-1,-1,-1,0,-1
2021201115799,2021,201115799,1,9,0,18,19,4,8,0,0,1,0,0,0,0,1,1,6,6,2,-1,-1,-1,-1,-1,-1,-1,-1,0,-1
2021302100933,2021,302100933,2,1,0,18,19,4,8,0,0,1,0,0,0,0,1,1,6,6,1,50,8,-1,-1,-1,-1,5,E01013506,0,-1
2021361113624,2021,361113624,4,1,0,18,19,5,1,0,0,0,0,0,0,0,3,1,6,6,1,14,3,-1,-1,-1,-1,6,E01026545,0,-1
2021461023316,2021,461023316,1,9,0,9,9,1,5,0,0,1,0,0,0,0,3,1,6,6,3,-1,-1,-1,-1,-1,-1,-1,-1,0,-1
2021010338117,2021,010338117,1,3,0,18,19,1,5,0,0,8,0,0,0,0,1,1,1,1,1,18,4,-1,-1,-1,-1,4,E01001097,0,-1
2021522103144,2021,522103144,2,1,0,18,19,7,3,0,0,0,0,0,0,0,1,1,6,6,1,55,8,-1,-1,-1,-1,-1,-1,0,-1
2021010343356,2021,010343356,1,1,9,99,99,9,9,99,99,9,9,99,9,99,9,1,6,6,1,28,6,-1,-1,-1,-1,2,E01000550,0,-1
2021141101675,2021,141101675,1,9,0,18,19,1,5,9,9,0,1,0,7,0,1,1,5,6,1,18,4,-1,-1,-1,-1,5,E01007350,0,-1
2021101051882,2021,101051882,1,19,-1,18,19,4,1,0,0,0,0,0,0,0,1,1,6,6,3,-1,-1,-1,-1,-1,-1,-1,-1,0,-1
2021010331049,2021,010331049,2,1,0,9,9,7,5,0,0,8,0,0,0,0,3,1,6,6,1,15,3,-1,-1,-1,-1,2,E01004284,0,-1
2021610020121,2021,610020121,1,9,0,18,19,8,4,0,0,8,0,0,0,0,1,1,6,6,1,75,10,-1,-1,-1,-1,-1,-1,0,-1
2021991024461,2021,991024461,2,1,0,18,19,5,1,0,0,8,0,0,0,0,4,1,5,6,1,33,6,-1,-1,-1,-1,7,-1,0,-1
2021461121040,2021,461121040,1,9,0,17,19,5,1,0,0,0,0,11,0,0,1,1,6,6,2,40,7,-1,-1,-1,-1,7,E01032619,0,-1
2021010304021,2021,010304021,3,1,0,16,19,1,5,4,4,0,0,0,0,0,1,1,1,1,1,47,8,-1,-1,-1,-1,7,E01002060,0,-1
2021061125771,2021,061125771,2,1,0,18,19,1,1,0,0,0,0,0,0,0,2,1,2,2,2,24,5,-1,-1,-1,-1,3,E01005282,0,-1
2021041029654,2021,041029654,3,98,0,2,2,5,1,0,0,1,0,0,0,0,3,2,6,6,3,-1,-1,-1,-1,-1,-1,-1,-1,0,-1
2021610063321,2021,610063321,1,8,0,18,19,4,8,0,0,0,0,0,0,0,1,1,1,1,1,62,9,-1,-1,-1,-1,3,W01001430,0,-1
202106G080139,2021,06G080139,2,9,0,11,11,3,7,0,0,7,0,0,0,0,4,1,6,6,1,30,6,-1,-1,-1,-1,-1,-1,0,-1
2021010309744,2021,010309744,1,9,0,18,19,6,2,1,1,0,0,0,0,0,1,1,2,2,1,26,6,-1,-1,-1,-1,3,E01004427,0,-1
2021351134382,2021,351134382,1,1,0,18,19,4,8,3,2,0,5,0,0,0,3,1,2,2,1,16,4,-1,-1,-1,-1,3,E01017975,0,-1
2021010325123,2021,010325123,2,1,0,9,9,1,6,0,0,3,0,0,0,0,2,1,6,6,2,67,10,-1,-1,-1,-1,5,E01000354,0,-1
2021052102483,2021,052102483,2,1,0,18,19,2,6,0,0,0,0,0,0,0,2,1,6,6,1,54,8,-1,-1,-1,-1,6,E01007248,0,-1
2021411090603,2021,411090603,1,22,0,12,12,3,5,0,0,0,0,0,0,0,1,1,5,6,1,89,11,-1,-1,-1,-1,5,E01023727,0,-1
2021010350645,2021,010350645,1,9,0,99,99,9,9,99,99,9,9,99,9,99,1,9,6,6,3,-1,-1,-1,-1,-1,-1,-1,-1,0,-1
2021430311398,2021,430311398,2,19,0,12,12,3,7,0,0,0,0,0,0,0,3,1,6,6,1,-1,-1,-1,-1,-1,-1,-1,-1,0,-1
2021332100372,2021,332100372,2,19,0,18,19,1,5,0,0,0,0,0,0,0,1,1,6,6,1,41,7,-1,-1,-1,-1,3,E01013744,0,-1
202131A051021,2021,31A051021,2,1,0,9,9,1,6,0,0,5,0,0,0,0,3,1,2,2,1,33,6,-1,-1,-1,-1,8,E01027959,0,-1
2021531016865,2021,531016865,1,9,0,17,19,1,5,0,0,2,1,10,2,0,4,1,6,6,1,54,8,-1,-1,-1,-1,4,E01022450,0,-1