collision_index,collision_year,collision_ref_no,vehicle_reference,vehicle_type,towing_and_articulation,vehicle_manoeuvre_historic,vehicle_manoeuvre,vehicle_direction_from,vehicle_direction_to,vehicle_location_restricted_lane_historic,vehicle_location_restricted_lane,junction_location,skidding_and_overturning,hit_object_in_carriageway,vehicle_leaving_carriageway,hit_object_off_carriageway,first_point_of_impact,vehicle_left_hand_drive,journey_purpose_of_driver_historic,journey_purpose_of_driver,sex_of_driver,age_of_driver,age_band_of_driver,engine_capacity_cc,propulsion_code,age_of_vehicle,generic_make_model,driver_imd_decile,lsoa_of_driver,escooter_flag,driver_distance_banding
2021010331066,2021,010331066,1,1,9,99,99,9,9,99,99,9,9,99,9,99,9,1,2,2,1,46,8,-1,-1,-1,-1,6,E01004626,0,-1
2021010288420,2021,010288420,2,1,0,5,5,1,5,0,0,8,0,0,0,0,3,1,2,2,1,53,8,-1,-1,-1,-1,3,E01002044,0,-1
202154A733521,2021,54A733521,1,1,0,18,19,5,1,0,0,6,0,0,0,0,4,1,6,6,1,15,3,-1,-1,-1,-1,5,E01032068,0,-1
2021461085545,2021,461085545,1,9,0,1,1,8,4,0,0,1,0,0,0,0,2,1,1,1,1,-1,-1,-1,-1,-1,-1,-1,-1,0,-1
2021201117740,2021,201117740,1,19,0,18,19,2,6,0,0,6,0,0,0,0,1,1,1,1,1,21,5,-1,-1,-1,-1,4,E01009276,0,-1
2021201067830,2021,201067830,1,9,0,18,19,8,4,0,0,1,0,0,0,0,1,1,6,6,1,-1,-1,-1,-1,-1,-1,-1,-1,0,-1
2021302101433,2021,302101433,1,1,0,18,19,8,4,0,0,1,0,0,0,0,1,1,6,6,1,51,8,-1,-1,-1,-1,10,E01013461,0,-1
202160Z151168,2021,60Z151168,1,9,0,17,19,6,4,0,0,1,5,0,2,4,4,1,6,6,1,17,4,-1,-1,-1,-1,-1,-1,0,-1
2021010322294,2021,010322294,2,90,0,99,99,9,9,99,99,9,9,99,9,99,1,9,6,6,3,-1,-1,-1,-1,-1,-1,-1,-1,0,-1
2021141112091,2021,141112091,1,23,0,18,19,1,5,0,0,1,0,0,0,0,1,1,6,6,1,17,4,-1,-1,-1,-1,3,E01008004,0,-1
2021451018540,2021,451018540,1,9,0,17,19,6,2,0,0,0,0,0,1,10,1,1,6,6,1,32,6,-1,-1,-1,-1,7,E01030738,0,-1
2021010348457,2021,010348457,1,1,9,99,99,9,9,99,99,9,9,99,9,99,1,1,6,6,1,32,6,-1,-1,-1,-1,7,E01002895,0,-1
2021070629760,2021,070629760,2,9,0,18,19,1,5,0,0,8,0,0,0,0,1,1,3,7,1,32,6,-1,-1,-1,-1,5,E01018654,0,-1
2021161032127,2021,161032127,1,10,0,18,19,7,3,0,0,2,0,0,0,0,1,1,5,6,1,60,9,-1,-1,-1,-1,10,E01013088,0,-1
2021010305976,2021,010305976,1,1,9,99,99,9,9,99,99,0,9,99,9,99,0,1,6,6,1,67,10,-1,-1,-1,-1,9,E01002903,0,-1
2021141029533,2021,141029533,2,9,0,1,1,7,7,0,0,2,0,0,0,0,-1,1,6,6,3,-1,-1,-1,-1,-1,-1,-1,-1,0,-1
2021332100251,2021,332100251,2,1,0,18,19,6,2,0,0,0,0,0,0,0,1,1,6,6,1,11,3,-1,-1,-1,-1,3,E01013719,0,-1
2021010344421,2021,010344421,2,9,0,99,99,9,9,99,99,0,9,99,9,99,9,9,6,6,3,22,5,-1,-1,-1,-1,5,E01002481,0,-1
2021401107657,2021,401107657,2,9,0,18,19,2,6,0,0,4,0,0,0,0,3,1,1,1,1,21,5,-1,-1,-1,-1,1,E01015771,0,-1
2021501125558,2021,501125558,1,11,0,12,12,3,7,0,0,1,0,0,0,0,0,1,1,1,1,60,9,-1,-1,-1,-1,8,E01033294,0,-1
2021451021385,2021,451021385,2,1,0,18,19,1,1,0,0,0,0,0,0,0,3,1,6,6,1,12,3,-1,-1,-1,-1,10,E01030863,0,-1
2021041103377,2021,041103377,2,9,0,2,2,5,1,0,0,0,0,0,0,0,3,1,6,6,3,-1,-1,-1,-1,-1,-1,-1,-1,0,-1
2021131033895,2021,131033895,2,16,0,18,19,6,2,0,0,0,0,0,0,0,2,1,5,6,2,18,4,-1,-1,-1,-1,10,E01011271,0,-1
2021991018475,2021,991018475,1,9,0,18,19,1,5,0,0,0,0,0,1,0,3,1,2,2,1,29,6,-1,-1,-1,-1,-1,-1,0,-1
2021170M10991,2021,170M10991,2,1,0,18,19,6,2,4,4,8,0,0,0,0,1,1,6,6,1,68,10,-1,-1,-1,-1,7,E01012055,0,-1
2021131092376,2021,131092376,2,1,0,18,19,7,3,5,5,8,0,0,0,0,3,1,5,6,1,39,7,-1,-1,-1,-1,6,E01010690,0,-1
2021010344806,2021,010344806,1,1,9,99,99,9,9,99,99,9,9,99,9,99,1,1,6,6,3,-1,-1,-1,-1,-1,-1,-1,-1,0,-1
2021161089498,2021,161089498,2,90,0,18,19,6,3,0,0,0,0,0,0,0,1,1,6,6,3,-1,-1,-1,-1,-1,-1,-1,-1,0,-1
2021010321287,2021,010321287,2,9,9,99,99,9,9,0,0,1,9,99,8,99,9,2,6,6,3,-1,-1,-1,-1,-1,-1,-1,-1,0,-1
2021451099925,2021,451099925,1,9,0,4,4,1,5,0,0,0,0,0,0,0,2,1,6,6,1,22,5,-1,-1,-1,-1,3,E01003209,0,-1
2021991026107,2021,991026107,1,9,0,6,6,8,8,0,0,0,0,0,0,0,3,1,5,6,1,54,8,-1,-1,-1,-1,10,-1,0,-1
2021010314519,2021,010314519,2,-1,0,18,19,1,5,0,0,9,0,0,0,0,9,1,6,6,1,17,4,-1,-1,-1,-1,10,E01003474,1,-1
2021010311278,2021,010311278,1,1,9,99,99,9,9,99,99,0,9,99,9,99,9,1,6,6,1,43,7,-1,-1,-1,-1,3,E01003127,0,-1
2021161075073,2021,161075073,1,9,0,9,9,7,5,0,0,0,0,0,0,0,1,1,5,6,1,66,10,-1,-1,-1,-1,4,E01012947,0,-1
2021010344247,2021,010344247,1,9,0,18,19,3,7,0,0,2,0,0,0,0,4,1,6,6,3,-1,-1,-1,-1,-1,-1,-1,-1,0,-1
2021221094650,2021,221094650,2,1,0,18,19,7,3,0,0,8,0,0,0,0,4,1,5,6,1,51,8,-1,-1,-1,-1,5,E01032309,0,-1
2021471057157,2021,471057157,3,1,0,5,5,5,1,0,0,0,0,0,0,0,4,1,5,6,1,11,3,-1,-1,-1,-1,6,E01021213,0,-1
2021141013654,2021,141013654,1,9,0,9,9,8,5,0,0,6,0,0,0,0,4,1,6,6,3,-1,-1,-1,-1,-1,-1,-1,-1,0,-1
2021010346572,2021,010346572,1,1,9,99,99,9,9,99,99,9,9,99,9,99,9,1,6,6,1,56,9,-1,-1,-1,-1,8,E01004386,0,-1
2021522102692,2021,522102692,1,9,0,18,19,1,5,0,0,8,0,0,0,0,1,1,6,6,1,55,8,-1,-1,-1,-1,2,E01014626,0,-1
2021161029159,2021,161029159,1,9,0,2,2,0,0,0,0,0,0,0,1,0,0,1,6,6,3,-1,-1,-1,-1,-1,-1,-1,-1,0,-1
2021010287841,2021,010287841,1,21,1,17,19,3,7,0,0,8,0,0,0,0,3,2,1,1,1,25,5,-1,-1,-1,-1,-1,-1,0,-1
2021010316150,2021,010316150,1,1,0,18,19,5,1,0,0,2,0,0,0,0,1,1,2,2,1,52,8,-1,-1,-1,-1,6,E01001138,0,-1
2021610020021,2021,610020021,1,9,0,18,19,1,5,0,0,0,0,0,0,0,1,1,6,6,1,22,5,-1,-1,-1,-1,-1,-1,0,-1
2021351070496,2021,351070496,1,9,0,9,9,5,1,0,0,8,0,0,0,0,3,1,6,6,2,85,11,-1,-1,-1,-1,6,E01018246,0,-1
2021440031876,2021,440031876,1,9,0,9,9,1,7,0,0,8,0,0,0,0,1,1,6,6,3,-1,-1,-1,-1,-1,-1,-1,-1,0,-1
2021041041075,2021,041041075,1,98,0,-1,-1,-1,-1,-1,-1,0,-1,-1,-1,0,-1,1,6,6,3,-1,-1,-1,-1,-1,-1,-1,-1,0,-1
2021531073403,2021,531073403,1,98,0,18,19,4,8,0,0,1,0,0,0,0,1,1,1,1,1,54,8,-1,-1,-1,-1,6,E01014984,0,-1
202160Z021977,2021,60Z021977,1,9,0,17,19,1,5,0,0,0,0,0,0,0,3,1,6,6,1,26,6,-1,-1,-1,-1,-1,-1,0,-1
202160Z140620,2021,60Z140620,2,9,0,17,19,3,8,0,0,0,0,0,0,0,1,1,6,6,2,65,9,-1,-1,-1,-1,-1,-1,0,-1
2021010296682,2021,010296682,2,1,9,99,99,9,9,99,99,9,9,99,9,99,9,1,6,6,1,-1,-1,-1,-1,-1,-1,-1,-1,0,-1
2021201116997,2021,201116997,2,-1,0,18,19,-1,-1,0,0,1,0,0,0,0,2,1,6,6,1,16,4,-1,-1,-1,-1,3,E01009834,1,-1
2021122100462,2021,122100462,2,1,0,10,10,1,7,0,0,1,0,0,0,0,1,1,6,6,1,22,5,-1,-1,-1,-1,-1,-1,0,-1
2021161040857,2021,161040857,1,1,0,18,19,8,4,0,0,0,0,0,0,0,1,1,6,6,1,10,2,-1,-1,-1,-1,4,E01012801,0,-1
202163B024521,2021,63B024521,2,9,0,2,2,0,0,0,0,8,0,0,0,0,2,1,6,6,1,62,9,-1,-1,-1,-1,5,W01000544,0,-1
2021010329632,2021,010329632,2,9,0,99,99,9,9,99,99,0,9,99,9,99,4,9,6,6,3,-1,-1,-1,-1,-1,-1,-1,-1,0,-1
2021061071430,2021,061071430,2,9,0,4,4,1,3,0,0,1,0,0,0,0,1,1,1,1,1,30,6,-1,-1,-1,-1,2,E01005100,0,-1
2021320002207,2021,320002207,1,19,0,17,19,4,2,0,0,0,0,0,0,0,0,1,6,6,1,41,7,-1,-1,-1,-1,-1,-1,0,-1
2021161018356,2021,161018356,1,9,0,18,19,5,1,0,0,0,0,0,0,0,1,1,6,6,2,-1,-1,-1,-1,-1,-1,-1,-1,0,-1
2021221054671,2021,221054671,1,1,0,18,19,4,8,0,0,8,0,0,0,0,1,1,5,6,1,15,3,-1,-1,-1,-1,7,E01028941,0,-1
2021461064068,2021,461064068,2,1,0,14,14,7,3,0,0,0,0,0,0,0,4,1,6,6,2,39,7,-1,-1,-1,-1,2,E01003137,0,-1
202131D186221,2021,31D186221,1,9,0,18,19,7,3,0,0,1,0,0,0,0,1,1,6,6,3,-1,-1,-1,-1,-1,-1,-1,-1,0,-1
2021201058365,2021,201058365,2,1,0,18,19,8,4,0,0,0,0,0,0,0,3,1,6,6,1,16,4,-1,-1,-1,-1,2,E01010312,0,-1
2021302101621,2021,302101621,2,1,0,18,19,6,2,0,0,1,0,0,0,0,0,1,6,6,1,23,5,-1,-1,-1,-1,4,E01013524,0,-1
2021161105680,2021,161105680,2,1,0,18,19,3,7,0,0,1,0,0,0,0,2,1,6,6,1,38,7,-1,-1,-1,-1,8,E01013262,0,-1
2021010334762,2021,010334762,1,1,0,18,19,3,7,9,9,0,0,0,0,0,1,1,6,6,1,18,4,-1,-1,-1,-1,4,E01001174,0,-1
2021610006021,2021,610006021,2,1,0,18,19,8,4,0,0,4,0,0,0,0,1,1,2,2,1,46,8,-1,-1,-1,-1,-1,-1,0,-1
2021351075468,2021,351075468,1,98,0,18,19,7,3,0,0,0,0,0,0,0,1,1,6,6,3,-1,-1,-1,-1,-1,-1,-1,-1,0,-1
2021010295329,2021,010295329,1,1,9,99,99,9,9,99,99,9,9,99,9,99,9,1,2,2,2,53,8,-1,-1,-1,-1,-1,-1,0,-1
2021610022921,2021,610022921,1,9,0,18,19,5,1,0,0,0,0,0,7,0,4,1,6,6,1,19,4,-1,-1,-1,-1,-1,-1,0,-1
2021061029765,2021,061029765,2,9,0,9,9,5,5,0,0,8,0,0,0,0,1,1,6,6,1,32,6,-1,-1,-1,-1,3,E01005215,0,-1
2021501040387,2021,501040387,3,9,0,8,8,7,1,0,0,1,0,0,0,0,0,1,6,6,1,-1,-1,-1,-1,-1,-1,4,E01018820,0,-1
2021332100088,2021,332100088,2,9,0,18,19,7,3,0,0,0,0,0,0,0,2,1,2,2,1,43,7,-1,-1,-1,-1,1,E01013748,0,-1
2021440002137,2021,440002137,1,9,0,18,19,2,6,0,0,0,2,0,1,4,1,1,6,6,1,58,9,-1,-1,-1,-1,3,E01015273,0,-1
202160Z080945,2021,60Z080945,2,9,0,18,19,1,5,0,0,0,0,0,0,0,1,1,6,6,2,56,9,-1,-1,-1,-1,-1,-1,0,-1
2021010296032,2021,010296032,2,1,0,18,19,7,3,4,4,1,0,0,0,0,0,1,1,1,2,25,5,-1,-1,-1,-1,4,E01001855,0,-1
2021991030517,2021,991030517,2,1,0,18,19,4,1,0,0,2,0,0,0,0,4,1,2,2,1,37,7,-1,-1,-1,-1,2,-1,0,-1
2021361091001,2021,361091001,1,98,1,18,19,3,7,0,0,2,0,0,0,0,3,1,1,1,3,-1,-1,-1,-1,-1,-1,-1,-1,0,-1
2021061045206,2021,061045206,2,1,0,18,19,7,3,0,0,8,0,0,0,0,1,1,6,6,1,57,9,-1,-1,-1,-1,8,E01005050,0,-1
202134NNC3581,2021,34NNC3581,1,9,4,13,13,3,7,0,0,0,0,0,0,0,0,1,1,1,1,54,8,-1,-1,-1,-1,8,E01027070,0,-1
2021010316444,2021,010316444,2,1,0,18,19,3,7,0,0,0,1,10,1,0,0,1,1,1,1,39,7,-1,-1,-1,-1,5,E01001354,0,-1
2021231096362,2021,231096362,1,98,1,18,19,8,4,0,0,0,0,0,0,0,3,1,1,1,1,37,7,-1,-1,-1,-1,-1,-1,0,-1
2021061062022,2021,061062022,2,1,0,18,19,6,2,0,0,8,0,0,0,0,4,1,6,6,1,39,7,-1,-1,-1,-1,5,E01004954,0,-1
2021201097547,2021,201097547,1,1,0,18,19,2,6,9,9,8,0,0,0,0,1,1,6,6,3,-1,-1,-1,-1,-1,-1,-1,-1,0,-1
2021311104009,2021,311104009,1,9,0,13,13,1,5,0,0,1,0,0,0,0,4,1,6,6,1,17,4,-1,-1,-1,-1,-1,-1,0,-1
2021010318765,2021,010318765,2,1,0,18,19,1,5,0,0,0,0,0,3,0,2,1,6,6,1,17,4,-1,-1,-1,-1,3,E01000111,0,-1
2021231039169,2021,231039169,2,21,1,18,19,7,3,0,0,0,0,0,0,0,3,1,1,1,1,29,6,-1,-1,-1,-1,-1,-1,0,-1
2021430415670,2021,430415670,1,9,0,18,19,3,7,9,9,0,0,0,0,0,1,1,6,6,1,-1,-1,-1,-1,-1,-1,-1,-1,0,-1
2021010300129,2021,010300129,2,9,0,99,99,9,9,99,99,9,9,99,9,99,1,9,6,6,3,-1,-1,-1,-1,-1,-1,-1,-1,0,-1
2021101047582,2021,101047582,1,1,0,18,19,3,7,0,0,0,0,0,0,0,3,1,3,7,1,9,2,-1,-1,-1,-1,4,E01008471,0,-1
202163D071521,2021,63D071521,2,9,0,13,13,6,2,0,0,0,0,0,0,0,3,1,6,6,2,74,10,-1,-1,-1,-1,5,E01014096,0,-1
2021061078683,2021,061078683,1,9,0,18,19,1,1,0,0,0,0,0,0,0,1,1,6,6,3,30,6,-1,-1,-1,-1,-1,-1,0,-1
2021361039474,2021,361039474,2,1,-1,18,19,-1,-1,0,0,1,0,0,0,0,1,1,6,6,1,51,8,-1,-1,-1,-1,7,E01030054,0,-1
2021010309444,2021,010309444,1,90,9,99,99,9,9,4,4,8,9,99,0,0,1,9,6,6,1,66,10,-1,-1,-1,-1,3,E01002407,0,-1
2021061053984,2021,061053984,1,9,0,18,19,3,7,0,0,0,0,0,0,0,1,1,6,6,3,30,6,-1,-1,-1,-1,-1,-1,0,-1
2021552101296,2021,552101296,2,1,0,18,19,5,1,4,4,8,0,0,0,0,4,1,2,2,2,42,7,-1,-1,-1,-1,10,E01015455,0,-1
2021411093477,2021,411093477,2,98,0,18,19,-1,-1,0,0,0,0,0,0,0,1,1,6,6,3,-1,-1,-1,-1,-1,-1,-1,-1,0,-1
2021061039509,2021,061039509,1,3,0,18,19,1,1,6,6,5,0,0,0,0,4,1,6,6,1,18,4,-1,-1,-1,-1,2,E01004980,0,-1
2021471051858,2021,471051858,1,1,0,18,19,3,1,0,0,1,0,0,0,0,1,1,5,6,1,11,3,-1,-1,-1,-1,7,E01031407,0,-1
202160Z113282,2021,60Z113282,1,9,0,18,19,2,6,0,0,0,2,0,2,0,1,1,6,6,2,26,6,-1,-1,-1,-1,-1,-1,0,-1
2021201125162,2021,201125162,2,1,0,18,19,6,2,9,9,8,0,0,0,0,3,1,1,1,2,38,7,-1,-1,-1,-1,7,E01009453,0,-1
202131C125121,2021,31C125121,2,1,0,18,19,2,8,0,0,8,0,0,0,0,1,1,6,6,1,25,5,-1,-1,-1,-1,1,E01013820,0,-1
2021131076442,2021,131076442,2,1,0,18,19,5,1,0,0,1,0,0,0,0,1,1,5,6,1,25,5,-1,-1,-1,-1,4,E01010984,0,-1
202160Z012120,2021,60Z012120,1,9,0,18,19,6,2,0,0,0,0,0,0,0,4,1,1,1,1,55,8,-1,-1,-1,-1,-1,-1,0,-1
2021520103674,2021,520103674,2,1,0,18,19,8,4,0,0,8,0,0,0,0,1,1,6,6,2,48,8,-1,-1,-1,-1,1,E01029292,0,-1
2021522104635,2021,522104635,1,9,0,18,19,8,4,0,0,2,0,0,0,0,4,1,6,6,1,33,6,-1,-1,-1,-1,9,E01014898,0,-1
202160Z147154,2021,60Z147154,1,9,0,17,19,1,5,0,0,0,0,0,0,0,1,1,6,6,1,67,10,-1,-1,-1,-1,-1,-1,0,-1
2021430008782,2021,430008782,2,9,0,18,19,6,2,0,0,0,0,0,0,1,1,1,1,1,2,39,7,-1,-1,-1,-1,10,E01028487,0,-1
2021471026259,2021,471026259,2,9,0,18,19,5,3,0,0,0,0,0,0,0,0,1,1,1,1,37,7,-1,-1,-1,-1,9,E01024823,0,-1
2021010343249,2021,010343249,2,97,0,99,99,9,9,99,99,9,9,99,9,99,9,1,6,6,3,-1,-1,-1,-1,-1,-1,-1,-1,0,-1
202134NNC3081,2021,34NNC3081,1,9,0,18,19,7,3,0,0,1,0,0,0,0,1,1,1,1,1,23,5,-1,-1,-1,-1,4,E01000068,0,-1
2021010309223,2021,010309223,2,1,0,18,19,3,7,0,0,5,0,10,0,0,1,1,2,2,1,35,6,-1,-1,-1,-1,3,E01000948,0,-1
2021031053806,2021,031053806,1,9,0,9,9,3,1,0,0,1,0,0,0,0,1,1,6,6,2,58,9,-1,-1,-1,-1,8,E01019262,0,-1
2021471119716,2021,471119716,2,1,0,18,19,7,3,0,0,0,0,0,0,0,4,1,4,7,1,12,3,-1,-1,-1,-1,5,E01031467,0,-1
2021010294727,2021,010294727,1,1,9,99,99,9,9,99,99,9,9,99,9,99,1,1,6,6,2,15,3,-1,-1,-1,-1,2,E01004000,0,-1
2021471102752,2021,471102752,2,1,0,18,19,5,1,0,0,1,0,0,0,0,1,1,6,6,1,35,6,-1,-1,-1,-1,3,E01020975,0,-1
2021302101953,2021,302101953,1,9,0,18,19,2,6,0,0,0,0,0,0,0,4,1,6,6,3,-1,-1,-1,-1,-1,-1,5,E01019456,0,-1
2021430352023,2021,430352023,1,9,5,18,19,2,6,0,0,0,0,0,0,0,4,1,6,6,1,-1,-1,-1,-1,-1,-1,-1,-1,0,-1
2021302100888,2021,302100888,1,1,0,7,7,8,2,0,0,6,0,0,0,0,3,1,6,6,1,78,11,-1,-1,-1,-1,5,E01013587,0,-1
2021461116427,2021,461116427,2,1,0,18,19,3,1,0,0,0,0,0,0,0,1,1,6,6,2,40,7,-1,-1,-1,-1,6,E01024729,0,-1
2021010295988,2021,010295988,2,1,0,18,19,7,3,0,0,1,0,0,0,0,3,1,2,2,2,25,5,-1,-1,-1,-1,3,E01001942,0,-1
2021010335519,2021,010335519,2,1,9,99,99,9,9,99,99,9,9,99,9,99,0,1,6,6,3,-1,-1,-1,-1,-1,-1,-1,-1,0,-1
2021540543021,2021,540543021,1,9,0,18,19,2,6,0,0,0,0,0,4,6,3,1,1,1,1,53,8,-1,-1,-1,-1,8,E01014766,0,-1
2021302101071,2021,302101071,1,1,0,16,19,6,2,0,0,0,1,0,0,0,1,1,6,6,2,29,6,-1,-1,-1,-1,8,E01019630,0,-1
2021440091308,2021,440091308,2,9,0,8,8,2,4,0,0,8,0,0,0,0,1,1,6,6,1,32,6,-1,-1,-1,-1,-1,-1,0,-1
2021211118779,2021,211118779,1,9,0,9,9,3,1,0,0,5,0,0,1,11,2,1,6,6,1,80,11,-1,-1,-1,-1,8,E01029706,0,-1
2021041066646,2021,041066646,1,11,0,18,19,1,5,0,0,1,0,0,0,0,0,1,1,1,3,-1,-1,-1,-1,-1,-1,-1,-1,0,-1
2021041030804,2021,041030804,2,9,0,10,10,5,3,0,0,4,0,0,0,0,2,1,5,6,2,29,6,-1,-1,-1,-1,2,E01025285,0,-1
2021332100832,2021,332100832,1,9,0,18,19,3,7,0,0,1,5,0,3,0,1,1,6,6,1,18,4,-1,-1,-1,-1,4,E01026288,0,-1
202160Z158399,2021,60Z158399,1,9,0,18,19,3,7,0,0,0,0,0,0,0,1,1,6,6,2,20,4,-1,-1,-1,-1,-1,-1,0,-1
2021052102147,2021,052102147,2,1,0,18,19,7,3,0,0,8,0,0,0,0,3,1,6,6,1,-1,-1,-1,-1,-1,-1,-1,-1,0,-1
2021141034940,2021,141034940,1,1,0,18,19,1,1,4,4,8,0,0,0,0,1,1,2,2,1,29,6,-1,-1,-1,-1,2,E01007871,0,-1
2021991107937,2021,991107937,2,1,0,18,19,2,6,0,0,0,0,0,0,0,3,1,5,6,1,59,9,-1,-1,-1,-1,10,-1,0,-1
2021131101571,2021,131101571,1,11,0,-1,-1,-1,-1,-1,-1,-1,-1,-1,-1,-1,-1,1,6,6,3,-1,-1,-1,-1,-1,-1,-1,-1,0,-1
2021161031486,2021,161031486,1,9,0,18,19,1,5,0,0,0,0,10,1,0,1,1,6,6,1,-1,-1,-1,-1,-1,-1,-1,-1,0,-1
2021101091933,2021,101091933,1,11,0,4,4,1,5,2,2,1,0,0,0,0,0,1,1,1,1,45,7,-1,-1,-1,-1,3,E01008169,0,-1
2021201134882,2021,201134882,1,9,0,18,19,2,6,0,0,0,0,0,0,0,1,1,6,6,2,-1,-1,-1,-1,-1,-1,-1,-1,0,-1
2021440483673,2021,440483673,2,1,0,9,9,3,1,0,0,8,0,0,0,0,3,1,6,6,2,78,11,-1,-1,-1,-1,9,E01022799,0,-1
2021451021265,2021,451021265,1,9,0,18,19,5,1,0,0,0,0,0,0,0,1,1,1,1,1,45,7,-1,-1,-1,-1,4,E01031795,0,-1
2021440270456,2021,440270456,2,9,0,13,13,3,7,0,0,1,0,0,0,0,0,1,6,6,3,-1,-1,-1,-1,-1,-1,-1,-1,0,-1
2021440333492,2021,440333492,1,1,0,18,19,3,7,5,5,1,0,0,0,0,0,1,6,6,2,30,6,-1,-1,-1,-1,10,E01023239,0,-1
2021041096583,2021,041096583,3,9,0,18,19,1,5,0,0,2,0,0,0,0,0,1,1,1,1,46,8,-1,-1,-1,-1,8,E01025406,0,-1
2021451096501,2021,451096501,2,9,0,4,4,5,1,0,0,0,0,0,0,0,1,2,5,6,1,35,6,-1,-1,-1,-1,10,E01030558,0,-1
2021332100080,2021,332100080,1,9,0,16,19,3,7,0,0,3,1,7,1,3,4,1,6,6,2,46,8,-1,-1,-1,-1,1,E01013600,0,-1
2021010334000,2021,010334000,2,1,0,99,99,9,9,0,0,9,0,0,0,0,1,1,6,6,1,-1,-1,-1,-1,-1,-1,-1,-1,0,-1
2021471126127,2021,471126127,3,9,0,18,19,7,3,0,0,0,0,0,0,0,0,1,6,6,3,-1,-1,-1,-1,-1,-1,-1,-1,0,-1
2021401042564,2021,401042564,1,21,1,18,19,6,2,0,0,0,0,0,0,0,1,1,6,6,1,-1,-1,-1,-1,-1,-1,-1,-1,0,-1
2021010305242,2021,010305242,2,19,0,99,99,9,9,99,99,9,9,99,9,99,0,9,6,6,3,-1,-1,-1,-1,-1,-1,-1,-1,0,-1
2021061048488,2021,061048488,2,9,0,18,19,6,2,0,0,1,0,0,0,0,1,1,1,1,1,23,5,-1,-1,-1,-1,3,E01005893,0,-1
2021552100688,2021,552100688,2,11,0,18,19,8,4,0,0,8,0,0,0,0,0,1,6,6,1,54,8,-1,-1,-1,-1,7,E01015391,0,-1
2021332100748,2021,332100748,1,8,0,13,13,3,8,0,0,0,0,0,0,0,1,1,1,1,1,51,8,-1,-1,-1,-1,9,E01029414,0,-1
2021461039830,2021,461039830,1,98,1,18,19,1,5,0,0,0,0,0,0,0,1,1,5,6,1,43,7,-1,-1,-1,-1,-1,-1,0,-1
2021201078236,2021,201078236,2,1,0,3,3,8,4,9,9,0,0,0,0,0,0,1,6,6,1,16,4,-1,-1,-1,-1,1,E01010236,0,-1
2021122101194,2021,122101194,2,9,0,18,19,7,3,0,0,1,1,0,0,0,1,1,6,6,2,35,6,-1,-1,-1,-1,9,E01028398,0,-1
2021421068425,2021,421068425,1,9,-1,11,11,7,4,0,0,3,0,0,0,0,3,1,6,6,3,-1,-1,-1,-1,-1,-1,-1,-1,0,-1
2021430466670,2021,430466670,2,1,0,14,14,3,7,0,0,0,0,8,0,0,1,1,6,6,1,17,4,-1,-1,-1,-1,10,E01028710,0,-1
202163D083821,2021,63D083821,1,9,0,9,9,6,2,0,0,6,0,0,0,0,3,1,6,6,2,55,8,-1,-1,-1,-1,8,E01022110,0,-1
2021501083217,2021,501083217,2,1,0,18,19,3,7,0,0,2,5,0,0,0,0,1,5,6,1,57,9,-1,-1,-1,-1,9,E01020236,0,-1
202134WNC5141,2021,34WNC5141,1,1,0,18,19,1,5,0,0,0,0,0,0,0,1,1,6,6,1,48,8,-1,-1,-1,-1,-1,-1,0,-1
2021332100797,2021,332100797,1,9,0,9,9,2,8,9,9,5,0,0,0,0,1,1,6,6,1,27,6,-1,-1,-1,-1,8,E01025672,0,-1
2021161036572,2021,161036572,1,22,0,5,5,1,5,9,9,2,0,0,0,0,1,1,5,6,2,46,8,-1,-1,-1,-1,1,E01013080,0,-1
2021010325797,2021,010325797,2,9,0,99,99,9,9,99,99,9,9,99,9,99,1,9,6,6,3,-1,-1,-1,-1,-1,-1,-1,-1,0,-1
2021302101819,2021,302101819,2,9,0,14,14,8,4,0,0,1,0,0,0,0,4,1,6,6,3,-1,-1,-1,-1,-1,-1,5,E01019456,0,-1
2021010298230,2021,010298230,1,1,9,99,99,9,9,99,99,9,9,99,9,99,1,1,6,6,1,27,6,-1,-1,-1,-1,1,E01033701,0,-1
2021010334945,2021,010334945,1,1,9,99,99,9,9,99,99,9,9,99,9,99,9,1,6,6,1,25,5,-1,-1,-1,-1,3,E01000929,0,-1
2021131096096,2021,131096096,1,9,0,4,4,1,5,0,0,0,0,0,0,0,-1,1,6,6,3,-1,-1,-1,-1,-1,-1,-1,-1,0,-1
2021010325273,2021,010325273,1,9,0,99,99,9,9,99,99,9,9,99,9,99,9,9,6,6,3,45,7,-1,-1,-1,-1,-1,-1,0,-1
2021010291800,2021,010291800,3,9,0,8,8,1,4,0,0,6,0,0,0,0,1,1,6,6,1,33,6,-1,-1,-1,-1,2,E01000025,0,-1
2021138411623,2021,138411623,2,1,0,18,19,1,5,0,0,8,0,0,0,0,1,1,6,6,1,15,3,-1,-1,-1,-1,-1,-1,0,-1
2021010323056,2021,010323056,2,3,0,99,99,9,9,0,0,8,0,0,0,0,4,1,6,6,3,-1,-1,-1,-1,-1,-1,-1,-1,0,-1
2021501064675,2021,501064675,2,9,4,18,19,7,3,0,0,0,0,0,0,0,2,1,6,6,1,33,6,-1,-1,-1,-1,2,E01005371,0,-1
2021411022448,2021,411022448,2,9,0,12,12,1,5,0,0,0,0,0,0,0,1,1,1,1,1,48,8,-1,-1,-1,-1,10,E01026364,0,-1
2021440242192,2021,440242192,2,9,0,18,19,4,8,0,0,1,0,0,0,0,1,1,6,6,3,-1,-1,-1,-1,-1,-1,-1,-1,0,-1
2021501044538,2021,501044538,1,1,0,18,19,8,4,0,0,0,0,0,0,0,4,1,6,6,2,44,7,-1,-1,-1,-1,8,E01033232,0,-1
2021430255510,2021,430255510,1,3,0,4,4,6,2,0,0,0,0,0,0,0,2,1,6,6,1,32,6,-1,-1,-1,-1,10,E01016672,0,-1
2021201025247,2021,201025247,5,9,0,2,2,0,0,0,0,0,0,0,0,0,1,1,6,6,3,-1,-1,-1,-1,-1,-1,-1,-1,0,-1
2021041107454,2021,041107454,1,23,0,18,19,5,1,0,0,1,0,0,0,0,1,1,6,6,1,21,5,-1,-1,-1,-1,2,E01025059,0,-1
2021401101449,2021,401101449,1,90,-1,-1,-1,5,1,-1,-1,0,-1,-1,-1,0,-1,1,6,6,3,-1,-1,-1,-1,-1,-1,-1,-1,0,-1