collision_index,collision_year,collision_ref_no,vehicle_reference,vehicle_type,towing_and_articulation,vehicle_manoeuvre_historic,vehicle_manoeuvre,vehicle_direction_from,vehicle_direction_to,vehicle_location_restricted_lane_historic,vehicle_location_restricted_lane,junction_location,skidding_and_overturning,hit_object_in_carriageway,vehicle_leaving_carriageway,hit_object_off_carriageway,first_point_of_impact,vehicle_left_hand_drive,journey_purpose_of_driver_historic,journey_purpose_of_driver,sex_of_driver,age_of_driver,age_band_of_driver,engine_capacity_cc,propulsion_code,age_of_vehicle,generic_make_model,driver_imd_decile,lsoa_of_driver,escooter_flag,driver_distance_banding
2021010295567,2021,010295567,2,1,0,18,19,1,5,0,0,1,0,0,0,0,0,1,6,6,1,27,6,-1,-1,-1,-1,2,E01002053,0,-1
2021161110069,2021,161110069,1,1,0,18,19,6,2,9,9,0,0,0,0,0,1,1,6,6,1,49,8,-1,-1,-1,-1,1,E01013208,0,-1
2021052102064,2021,052102064,1,1,0,7,7,3,5,0,0,6,0,0,0,0,1,1,1,1,3,-1,-1,-1,-1,-1,-1,-1,-1,0,-1
202131C196621,2021,31C196621,1,9,0,18,19,6,2,0,0,8,0,0,0,0,1,1,6,6,3,-1,-1,-1,-1,-1,-1,-1,-1,0,-1
2021430144963,2021,430144963,1,9,0,18,19,2,6,0,0,0,0,0,0,0,1,1,6,6,3,-1,-1,-1,-1,-1,-1,-1,-1,0,-1
202160Z005780,2021,60Z005780,2,9,0,18,19,4,8,0,0,1,0,10,0,0,1,1,6,6,1,44,7,-1,-1,-1,-1,-1,-1,0,-1
2021010350645,2021,010350645,2,1,9,99,99,9,9,99,99,9,9,99,9,99,2,1,2,2,1,37,7,-1,-1,-1,-1,1,E01001655,0,-1
2021430506970,2021,430506970,2,9,0,18,19,8,4,0,0,0,0,0,0,0,4,1,6,6,3,-1,-1,-1,-1,-1,-1,-1,-1,0,-1
2021430412184,2021,430412184,2,9,0,18,19,5,1,0,0,8,0,0,0,0,1,1,6,6,3,-1,-1,-1,-1,-1,-1,-1,-1,0,-1
2021522104683,2021,522104683,2,1,0,18,19,7,3,0,0,0,0,0,0,0,2,1,6,6,1,43,7,-1,-1,-1,-1,-1,-1,0,-1
2021010319310,2021,010319310,2,-1,0,99,99,9,9,99,99,9,9,99,9,99,1,9,6,6,3,-1,-1,-1,-1,-1,-1,-1,-1,1,-1
2021201149036,2021,201149036,2,1,0,4,4,8,4,0,0,1,0,0,0,0,2,1,6,6,1,51,8,-1,-1,-1,-1,3,E01009216,0,-1
202134WNC2361,2021,34WNC2361,1,9,0,11,11,7,3,0,0,1,0,0,0,0,0,1,6,6,3,-1,-1,-1,-1,-1,-1,-1,-1,0,-1
2021531078671,2021,531078671,2,1,0,18,19,-1,-1,0,0,8,0,0,0,0,2,1,6,6,2,-1,-1,-1,-1,-1,-1,10,E01022196,0,-1
2021471125686,2021,471125686,2,1,0,5,5,8,4,0,0,1,0,0,0,0,2,1,5,6,1,21,5,-1,-1,-1,-1,5,E01021079,0,-1
2021451102317,2021,451102317,1,98,0,12,12,4,2,0,0,0,0,0,0,0,0,2,1,1,1,49,8,-1,-1,-1,-1,-1,-1,0,-1
2021522101624,2021,522101624,2,90,0,18,19,5,1,0,0,8,0,0,0,0,1,1,6,6,1,30,6,-1,-1,-1,-1,-1,-1,0,-1
2021010332564,2021,010332564,2,-1,9,15,15,3,7,99,99,9,9,0,0,0,3,9,6,6,1,18,4,-1,-1,-1,-1,1,E01001876,1,-1
2021430413411,2021,430413411,1,9,0,9,9,6,4,0,0,6,0,0,0,0,1,1,3,7,1,40,7,-1,-1,-1,-1,3,E01017906,0,-1
2021131093909,2021,131093909,1,90,0,18,19,5,1,9,9,0,0,0,0,0,1,1,5,6,1,13,3,-1,-1,-1,-1,3,E01011100,0,-1
2021010346309,2021,010346309,2,1,0,15,15,8,4,0,0,0,0,0,0,0,1,1,2,2,1,43,7,-1,-1,-1,-1,7,E01000702,0,-1
2021451030080,2021,451030080,2,1,0,18,19,3,7,0,0,0,0,0,0,0,3,1,5,6,1,32,6,-1,-1,-1,-1,6,E01030455,0,-1
2021411064054,2021,411064054,1,19,-1,18,19,7,3,0,0,1,0,0,0,0,4,1,6,6,3,-1,-1,-1,-1,-1,-1,-1,-1,0,-1
2021421058107,2021,421058107,2,9,0,4,4,5,1,0,0,1,0,0,0,0,1,1,6,6,1,23,5,-1,-1,-1,-1,3,E01024154,0,-1
2021010333021,2021,010333021,2,21,4,3,3,1,5,0,0,3,0,0,0,0,3,2,1,1,1,53,8,-1,-1,-1,-1,-1,-1,0,-1
2021211132881,2021,211132881,1,9,0,9,9,5,3,0,0,1,0,0,0,0,1,1,6,6,2,43,7,-1,-1,-1,-1,3,E01014291,0,-1
2021061110229,2021,061110229,1,4,0,18,19,2,6,0,0,8,0,0,0,0,1,1,6,6,1,21,5,-1,-1,-1,-1,1,E01005235,0,-1
2021461053999,2021,461053999,2,21,0,18,19,2,7,0,0,0,0,0,0,0,4,1,6,6,1,48,8,-1,-1,-1,-1,-1,-1,0,-1
2021501031576,2021,501031576,2,1,0,18,19,7,3,0,0,1,0,0,-1,0,1,1,6,6,2,31,6,-1,-1,-1,-1,7,E01020298,0,-1
2021010330645,2021,010330645,2,9,0,16,19,7,2,0,0,9,0,99,0,0,9,1,6,6,3,-1,-1,-1,-1,-1,-1,-1,-1,0,-1
2021501100153,2021,501100153,2,9,0,18,19,3,7,0,0,0,0,0,0,0,1,1,1,1,2,37,7,-1,-1,-1,-1,1,E01015045,0,-1
2021010309374,2021,010309374,1,1,9,99,99,9,9,99,99,9,9,99,9,99,1,1,2,2,1,48,8,-1,-1,-1,-1,9,E01004607,0,-1
2021451032425,2021,451032425,1,9,0,18,19,4,8,0,0,0,0,0,0,0,1,1,1,1,1,56,9,-1,-1,-1,-1,6,E01002240,0,-1
2021111081540,2021,111081540,1,9,0,18,19,6,2,0,0,0,0,0,0,0,1,1,6,6,2,30,6,-1,-1,-1,-1,-1,-1,0,-1
202160Z109065,2021,60Z109065,1,9,0,18,19,8,4,0,0,0,0,0,0,0,0,1,6,6,1,30,6,-1,-1,-1,-1,-1,-1,0,-1
2021010312491,2021,010312491,2,8,0,99,99,9,9,99,99,9,9,99,9,99,1,9,6,6,3,-1,-1,-1,-1,-1,-1,-1,-1,0,-1
2021010323249,2021,010323249,1,1,0,18,19,5,1,0,0,2,0,0,0,0,1,1,1,1,1,40,7,-1,-1,-1,-1,5,E01000131,0,-1
2021010322884,2021,010322884,2,9,9,99,99,9,9,99,99,9,9,99,9,99,9,9,6,6,3,-1,-1,-1,-1,-1,-1,-1,-1,0,-1
2021010316079,2021,010316079,2,9,0,2,2,0,0,0,0,1,0,0,0,0,1,1,6,6,3,-1,-1,-1,-1,-1,-1,-1,-1,0,-1
2021010318689,2021,010318689,1,1,0,18,19,1,5,0,0,1,0,0,0,0,1,1,1,1,1,23,5,-1,-1,-1,-1,5,E01002261,0,-1
2021451120073,2021,451120073,4,9,0,18,19,3,7,0,0,0,0,0,0,0,3,1,5,6,1,47,8,-1,-1,-1,-1,10,E01028695,0,-1
2021332100180,2021,332100180,3,9,0,18,19,4,8,0,0,2,0,0,0,0,3,1,6,6,2,33,6,-1,-1,-1,-1,-1,-1,0,-1
2021010325051,2021,010325051,2,1,0,12,12,1,5,0,0,0,0,0,0,0,2,1,6,6,2,23,5,-1,-1,-1,-1,2,E01003991,0,-1
2021161129407,2021,161129407,2,9,0,5,5,3,5,0,0,8,0,0,0,0,1,1,6,6,1,-1,-1,-1,-1,-1,-1,-1,-1,0,-1
2021010310000,2021,010310000,2,1,0,18,19,2,6,4,4,1,0,0,0,0,1,1,6,6,1,27,6,-1,-1,-1,-1,8,E01004058,0,-1
2021332100060,2021,332100060,2,5,0,18,19,5,1,0,0,8,0,0,0,0,1,1,2,2,1,54,8,-1,-1,-1,-1,1,E01013725,0,-1
2021010321533,2021,010321533,1,9,0,99,99,9,9,99,99,0,9,99,9,99,1,9,6,6,3,-1,-1,-1,-1,-1,-1,-1,-1,0,-1
2021010337005,2021,010337005,2,1,0,18,19,1,5,0,0,0,0,0,0,0,1,1,6,6,1,47,8,-1,-1,-1,-1,3,E01000586,0,-1
2021332100107,2021,332100107,1,9,0,18,19,8,4,0,0,1,0,0,0,0,1,1,6,6,3,-1,-1,-1,-1,-1,-1,-1,-1,0,-1
2021610052221,2021,610052221,1,9,0,17,19,5,3,0,0,0,0,0,0,0,3,1,6,6,2,27,6,-1,-1,-1,-1,-1,-1,0,-1
2021041117160,2021,041117160,1,9,0,18,19,1,3,0,0,1,0,0,0,0,1,1,6,6,3,-1,-1,-1,-1,-1,-1,-1,-1,0,-1
2021010294931,2021,010294931,1,1,9,99,99,9,9,99,99,9,9,99,9,99,2,1,6,6,2,26,6,-1,-1,-1,-1,3,E01001749,0,-1
2021351100997,2021,351100997,3,9,-1,18,19,1,5,0,0,0,0,0,0,0,0,1,6,6,3,-1,-1,-1,-1,-1,-1,-1,-1,0,-1
2021421042706,2021,421042706,2,1,0,18,19,7,2,0,0,8,0,0,0,0,3,1,5,6,1,22,5,-1,-1,-1,-1,2,E01021771,0,-1
2021411105658,2021,411105658,2,1,0,18,19,1,5,0,0,0,1,0,0,0,3,1,5,6,1,47,8,-1,-1,-1,-1,6,E01023539,0,-1
2021461020937,2021,461020937,1,9,0,5,5,3,1,0,0,1,1,0,0,0,0,1,5,6,1,40,7,-1,-1,-1,-1,-1,-1,0,-1
2021320253014,2021,320253014,1,9,0,13,13,4,8,0,0,1,0,0,0,0,4,1,6,6,1,40,7,-1,-1,-1,-1,-1,-1,0,-1
2021522200285,2021,522200285,1,1,0,18,19,6,2,0,0,8,0,0,0,0,1,1,6,6,1,23,5,-1,-1,-1,-1,10,E01032676,0,-1
2021332100115,2021,332100115,1,9,0,5,5,6,2,0,0,4,0,0,0,0,2,1,3,7,2,33,6,-1,-1,-1,-1,8,E01025644,0,-1
202160Z123665,2021,60Z123665,1,9,0,18,19,5,8,0,0,4,0,0,0,0,1,1,6,6,2,65,9,-1,-1,-1,-1,-1,-1,0,-1
2021010300281,2021,010300281,2,9,0,99,99,9,9,99,99,0,9,99,9,99,2,9,6,6,3,-1,-1,-1,-1,-1,-1,4,E01001724,0,-1
2021351036207,2021,351036207,2,1,0,5,5,3,7,0,0,8,0,0,0,0,2,1,6,6,2,47,8,-1,-1,-1,-1,7,E01032797,0,-1
202160Z072606,2021,60Z072606,2,9,0,17,19,3,7,0,0,0,0,0,0,0,1,1,2,2,2,39,7,-1,-1,-1,-1,-1,-1,0,-1
2021411081589,2021,411081589,2,1,0,18,19,8,5,0,0,8,0,0,0,0,1,1,6,6,1,50,8,-1,-1,-1,-1,9,E01023950,0,-1
2021061097588,2021,061097588,1,9,0,7,7,7,5,0,0,2,0,0,0,0,1,1,6,6,1,30,6,-1,-1,-1,-1,-1,-1,0,-1
202160Z144900,2021,60Z144900,2,1,0,18,19,8,4,9,9,8,0,0,0,0,1,1,6,6,1,14,3,-1,-1,-1,-1,-1,-1,0,-1
2021061062432,2021,061062432,1,1,0,18,19,6,2,0,0,6,0,0,0,0,3,1,6,6,1,22,5,-1,-1,-1,-1,1,E01006109,0,-1
2021411074972,2021,411074972,1,9,0,16,19,1,2,0,0,0,0,0,0,0,1,1,1,1,2,30,6,-1,-1,-1,-1,10,E01023464,0,-1
2021052102622,2021,052102622,1,11,0,4,4,3,7,0,0,1,0,0,0,0,0,1,1,1,3,-1,-1,-1,-1,-1,-1,-1,-1,0,-1
2021010324816,2021,010324816,2,11,9,99,99,9,9,99,99,9,9,99,9,99,9,9,6,6,3,-1,-1,-1,-1,-1,-1,-1,-1,0,-1
2021610023121,2021,610023121,1,9,0,9,9,4,1,0,0,1,0,0,0,0,1,1,6,6,2,57,9,-1,-1,-1,-1,-1,-1,0,-1
2021041160442,2021,041160442,2,9,0,2,2,7,3,0,0,0,0,0,0,0,2,1,6,6,1,30,6,-1,-1,-1,-1,4,E01025216,0,-1
2021522105653,2021,522105653,2,4,0,18,19,6,2,0,0,1,0,0,0,0,1,1,6,6,3,-1,-1,-1,-1,-1,-1,-1,-1,0,-1
2021332101003,2021,332101003,1,9,0,18,19,8,4,0,0,1,0,0,0,0,1,1,6,6,2,-1,-1,-1,-1,-1,-1,-1,-1,0,-1
2021211086026,2021,211086026,1,1,0,5,5,1,5,0,0,0,0,0,0,0,1,1,5,6,1,26,6,-1,-1,-1,-1,2,E01014298,0,-1
2021430003181,2021,430003181,2,1,0,17,19,1,7,0,0,8,0,0,0,0,4,1,6,6,1,14,3,-1,-1,-1,-1,10,E01028711,0,-1
2021371046772,2021,371046772,1,9,0,9,9,3,1,0,0,0,0,0,3,10,1,1,6,6,1,25,5,-1,-1,-1,-1,6,E01033453,0,-1
2021010325418,2021,010325418,1,1,0,18,19,3,7,0,0,1,0,0,0,0,9,1,2,2,1,54,8,-1,-1,-1,-1,7,E01002338,0,-1
2021430516243,2021,430516243,2,98,0,11,11,2,6,0,0,0,0,0,0,0,4,1,6,6,3,-1,-1,-1,-1,-1,-1,-1,-1,0,-1
2021501039635,2021,501039635,2,1,0,18,19,3,7,0,0,1,5,0,0,0,2,1,6,6,1,10,2,-1,-1,-1,-1,2,E01015081,0,-1
2021201073390,2021,201073390,2,1,0,18,19,2,6,0,0,1,0,0,0,0,1,1,6,6,1,17,4,-1,-1,-1,-1,1,E01010456,0,-1
2021010351009,2021,010351009,1,9,9,99,99,9,9,99,99,0,9,99,9,99,9,1,6,6,3,-1,-1,-1,-1,-1,-1,-1,-1,0,-1
2021332100960,2021,332100960,3,9,0,18,19,3,7,0,0,2,0,0,0,0,4,1,2,2,1,43,7,-1,-1,-1,-1,1,E01013632,0,-1
2021010306352,2021,010306352,1,19,0,7,7,1,3,0,0,8,0,0,0,0,1,1,6,6,3,-1,-1,-1,-1,-1,-1,-1,-1,0,-1
2021061042062,2021,061042062,2,1,0,18,19,3,7,0,0,8,0,0,0,0,1,1,6,6,1,35,6,-1,-1,-1,-1,4,E01006242,0,-1
2021320353190,2021,320353190,1,19,0,4,4,6,2,0,0,0,0,0,0,0,1,1,1,1,1,40,7,-1,-1,-1,-1,-1,-1,0,-1
2021471021751,2021,471021751,2,1,0,9,9,7,5,0,0,1,0,0,0,0,1,1,6,6,1,60,9,-1,-1,-1,-1,4,E01020976,0,-1
2021320614960,2021,320614960,1,22,0,5,5,2,6,0,0,1,0,0,0,0,1,1,6,6,1,-1,-1,-1,-1,-1,-1,-1,-1,0,-1
2021101031859,2021,101031859,2,1,0,18,19,1,5,0,0,1,5,0,0,0,4,1,1,1,1,48,8,-1,-1,-1,-1,1,E01008220,0,-1
2021332101571,2021,332101571,2,9,0,18,19,5,1,0,0,0,0,0,0,0,0,1,6,6,1,24,5,-1,-1,-1,-1,-1,-1,0,-1
2021430355018,2021,430355018,1,1,0,18,19,6,2,0,0,8,0,0,0,0,4,1,1,1,1,35,6,-1,-1,-1,-1,6,E01016385,0,-1
2021041119958,2021,041119958,1,11,0,18,19,1,5,0,0,1,0,0,0,0,0,1,1,1,1,55,8,-1,-1,-1,-1,1,E01012737,0,-1
2021221087484,2021,221087484,1,9,0,3,3,1,5,0,0,0,0,0,0,0,1,1,5,6,2,34,6,-1,-1,-1,-1,-1,-1,0,-1
2021440440350,2021,440440350,1,9,0,5,5,1,5,0,0,1,0,0,0,0,1,1,6,6,3,-1,-1,-1,-1,-1,-1,-1,-1,0,-1
2021131065372,2021,131065372,1,9,0,-1,-1,-1,-1,-1,-1,-1,-1,-1,-1,-1,-1,1,6,6,3,-1,-1,-1,-1,-1,-1,-1,-1,0,-1
2021221050842,2021,221050842,4,9,4,2,2,0,0,6,6,0,0,0,0,0,2,1,5,6,1,58,9,-1,-1,-1,-1,4,E01023646,0,-1
2021371180271,2021,371180271,2,9,0,18,19,5,1,0,0,0,0,0,0,0,4,1,6,6,3,-1,-1,-1,-1,-1,-1,-1,-1,0,-1
2021991066260,2021,991066260,5,1,0,18,19,2,6,0,0,1,0,0,0,0,1,1,5,6,1,41,7,-1,-1,-1,-1,8,-1,0,-1
2021010293074,2021,010293074,1,9,9,99,99,9,9,99,99,9,9,99,9,99,9,9,6,6,3,-1,-1,-1,-1,-1,-1,-1,-1,0,-1
202160Z076509,2021,60Z076509,1,9,0,9,9,3,7,0,0,6,0,0,0,0,1,1,6,6,1,-1,-1,-1,-1,-1,-1,-1,-1,0,-1
2021041097738,2021,041097738,2,1,0,18,19,-1,-1,0,0,1,0,0,0,0,1,1,6,6,1,21,5,-1,-1,-1,-1,7,E01025003,0,-1
202160Z026998,2021,60Z026998,1,9,0,18,19,1,5,0,0,4,0,0,0,0,1,1,6,6,2,57,9,-1,-1,-1,-1,-1,-1,0,-1
202154C286621,2021,54C286621,2,1,0,18,19,4,8,0,0,1,0,0,0,0,4,1,6,6,1,14,3,-1,-1,-1,-1,1,E01015572,0,-1
2021332100155,2021,332100155,1,9,0,1,1,3,7,0,0,5,0,0,0,0,2,1,6,6,1,53,8,-1,-1,-1,-1,7,E01025784,0,-1
2021544378821,2021,544378821,2,1,0,18,19,3,7,0,0,0,0,0,0,0,1,1,6,6,1,44,7,-1,-1,-1,-1,5,E01032048,0,-1
2021552100397,2021,552100397,1,1,0,17,19,2,7,0,0,0,0,4,0,0,1,1,6,6,1,43,7,-1,-1,-1,-1,4,E01020574,0,-1
2021201029176,2021,201029176,3,9,0,9,9,5,3,0,0,3,0,0,0,0,0,1,6,6,3,-1,-1,-1,-1,-1,-1,-1,-1,0,-1
2021440275812,2021,440275812,1,19,0,18,19,3,7,0,0,1,0,0,0,0,3,1,6,6,3,-1,-1,-1,-1,-1,-1,-1,-1,0,-1
2021361042885,2021,361042885,1,1,0,18,19,7,3,0,0,2,0,0,0,0,1,1,5,6,1,58,9,-1,-1,-1,-1,3,E01033439,0,-1
2021522102283,2021,522102283,2,1,0,18,19,3,7,0,0,8,0,0,0,0,2,1,6,6,1,31,6,-1,-1,-1,-1,9,E01014738,0,-1
2021010317647,2021,010317647,2,1,0,18,19,7,3,0,0,0,0,4,0,0,4,1,2,2,1,34,6,-1,-1,-1,-1,6,E01004146,0,-1
2021320512708,2021,320512708,2,1,0,18,19,4,8,4,4,2,5,0,0,0,1,1,6,6,2,49,8,-1,-1,-1,-1,9,E01026160,0,-1
2021332100156,2021,332100156,2,-1,0,18,19,7,3,0,0,1,0,0,0,0,3,1,6,6,2,16,4,-1,-1,-1,-1,7,E01025983,1,-1
2021010315422,2021,010315422,2,1,0,18,19,3,7,0,0,1,0,0,0,0,1,1,6,6,1,19,4,-1,-1,-1,-1,6,E01004693,0,-1
2021061069545,2021,061069545,2,1,0,18,19,3,7,0,0,1,0,0,0,0,1,1,5,6,1,34,6,-1,-1,-1,-1,6,E01004998,0,-1
2021111104909,2021,111104909,1,9,0,18,19,1,5,0,0,0,0,0,0,0,1,1,6,6,1,62,9,-1,-1,-1,-1,-1,-1,0,-1
2021010310626,2021,010310626,1,1,9,99,99,9,9,99,99,9,9,99,9,99,1,1,6,6,3,-1,-1,-1,-1,-1,-1,6,E01000259,0,-1
2021522105492,2021,522105492,1,90,0,3,3,7,2,0,0,1,0,0,0,0,2,1,6,6,1,23,5,-1,-1,-1,-1,-1,-1,0,-1
2021010323152,2021,010323152,1,1,0,18,19,5,1,4,4,1,0,0,0,0,1,1,6,6,1,50,8,-1,-1,-1,-1,9,E01003458,0,-1
2021430247282,2021,430247282,1,9,0,7,7,6,1,0,0,8,0,0,0,0,1,1,1,1,1,25,5,-1,-1,-1,-1,7,E01016582,0,-1
2021052102613,2021,052102613,1,1,0,18,19,6,2,0,0,0,0,0,0,0,1,1,1,1,1,-1,-1,-1,-1,-1,-1,-1,-1,0,-1
2021991029009,2021,991029009,2,1,0,5,5,3,7,0,0,1,0,0,0,0,0,1,1,1,1,33,6,-1,-1,-1,-1,4,-1,0,-1
2021010341635,2021,010341635,2,1,0,9,9,5,3,0,0,2,0,0,0,0,1,1,2,2,1,34,6,-1,-1,-1,-1,5,E01001914,0,-1
2021161036685,2021,161036685,2,1,0,18,19,3,7,0,0,0,0,0,0,0,3,1,6,6,1,55,8,-1,-1,-1,-1,1,E01012851,0,-1
2021540854121,2021,540854121,2,1,0,18,19,4,8,9,9,1,0,0,0,0,4,1,1,1,1,38,7,-1,-1,-1,-1,2,E01032086,0,-1
2021351088281,2021,351088281,2,1,0,18,19,3,7,0,0,1,0,0,0,0,1,1,2,2,1,16,4,-1,-1,-1,-1,10,E01018256,0,-1
2021371114529,2021,371114529,1,1,0,18,19,3,1,0,0,0,0,0,0,0,1,1,6,6,1,18,4,-1,-1,-1,-1,7,E01030007,0,-1
2021041050548,2021,041050548,2,1,-1,18,19,3,7,5,5,0,0,0,0,0,1,1,6,6,1,7,2,-1,-1,-1,-1,2,E01012625,0,-1
2021201097173,2021,201097173,1,9,0,4,4,8,4,9,9,1,0,10,0,0,4,1,6,6,1,-1,-1,-1,-1,-1,-1,-1,-1,0,-1
2021010349005,2021,010349005,1,19,0,18,19,3,7,7,6,8,0,0,0,0,3,1,1,1,1,45,7,-1,-1,-1,-1,6,E01023868,0,-1
2021010304320,2021,010304320,2,9,0,99,99,9,9,99,99,9,9,99,9,99,1,9,6,6,3,-1,-1,-1,-1,-1,-1,6,E01032011,0,-1
2021610050221,2021,610050221,2,9,0,4,4,2,6,0,0,0,0,0,0,0,1,1,6,6,2,25,5,-1,-1,-1,-1,-1,-1,0,-1
2021010307509,2021,010307509,1,2,9,18,19,4,8,99,99,9,9,99,9,99,9,1,6,6,3,-1,-1,-1,-1,-1,-1,-1,-1,0,-1
2021141065885,2021,141065885,2,1,0,18,19,5,8,0,0,1,0,0,0,0,2,1,6,6,1,40,7,-1,-1,-1,-1,2,E01007849,0,-1
2021010343213,2021,010343213,2,1,0,10,10,5,2,0,0,1,1,0,0,0,4,1,6,6,1,82,11,-1,-1,-1,-1,5,E01004057,0,-1
2021461030977,2021,461030977,2,1,0,18,19,1,5,0,0,8,5,0,0,0,1,1,6,6,1,52,8,-1,-1,-1,-1,7,E01003078,0,-1
2021451109875,2021,451109875,1,1,0,18,19,3,7,0,0,3,0,0,0,0,2,1,5,6,1,26,6,-1,-1,-1,-1,8,E01030800,0,-1
2021201087056,2021,201087056,2,1,0,18,19,-1,-1,0,0,0,0,0,0,0,1,1,6,6,1,28,6,-1,-1,-1,-1,1,E01008966,0,-1
2021010343049,2021,010343049,2,9,0,99,99,9,9,99,99,9,9,99,9,99,9,9,6,6,3,-1,-1,-1,-1,-1,-1,-1,-1,0,-1
2021451074108,2021,451074108,1,1,0,18,19,1,5,0,0,0,0,0,0,0,2,1,2,2,2,31,6,-1,-1,-1,-1,8,E01016609,0,-1
2021221057981,2021,221057981,2,1,0,16,19,1,4,0,0,0,0,0,0,0,1,1,5,6,1,39,7,-1,-1,-1,-1,5,E01014438,0,-1
2021010330946,2021,010330946,1,9,0,99,99,9,9,99,99,9,9,99,9,99,2,9,6,6,2,27,6,-1,-1,-1,-1,3,E01027041,0,-1
2021421058642,2021,421058642,2,1,0,17,19,3,7,0,0,0,1,0,0,0,0,1,6,6,1,53,8,-1,-1,-1,-1,8,E01033142,0,-1
2021302101822,2021,302101822,2,1,0,18,19,6,2,0,0,3,0,0,0,0,1,1,1,1,1,49,8,-1,-1,-1,-1,9,E01019853,0,-1
202131C005421,2021,31C005421,2,1,0,18,19,5,1,0,0,8,0,0,0,0,3,1,6,6,1,26,6,-1,-1,-1,-1,6,E01013837,0,-1
2021010336708,2021,010336708,2,1,0,18,19,5,1,0,0,1,0,0,0,0,1,1,6,6,1,25,5,-1,-1,-1,-1,7,E01000971,0,-1
2021332100728,2021,332100728,1,22,0,18,19,4,8,0,0,0,0,0,0,0,1,1,6,6,1,-1,-1,-1,-1,-1,-1,-1,-1,0,-1
2021332100844,2021,332100844,4,9,0,3,3,3,1,0,0,0,0,0,0,0,2,1,6,6,1,37,7,-1,-1,-1,-1,4,E01019864,0,-1
2021010318286,2021,010318286,2,1,9,99,99,9,9,99,99,9,9,99,9,99,1,1,6,6,3,-1,-1,-1,-1,-1,-1,-1,-1,0,-1
2021161106923,2021,161106923,2,98,0,5,5,6,2,0,0,2,0,0,1,0,4,1,6,6,1,29,6,-1,-1,-1,-1,-1,-1,0,-1
2021070075571,2021,070075571,2,16,0,18,19,6,2,0,0,0,0,0,0,0,0,1,6,6,2,36,7,-1,-1,-1,-1,5,E01018654,0,-1
2021332100081,2021,332100081,1,9,0,10,10,3,1,0,0,8,0,0,0,0,2,1,6,6,2,41,7,-1,-1,-1,-1,5,E01025662,0,-1
2021351038403,2021,351038403,2,9,0,18,19,3,7,0,0,0,0,0,0,0,2,1,2,2,1,42,7,-1,-1,-1,-1,8,E01013421,0,-1
202134WNC4201,2021,34WNC4201,1,9,0,5,5,0,5,0,0,2,0,0,0,0,1,1,6,6,3,-1,-1,-1,-1,-1,-1,-1,-1,0,-1
2021010299624,2021,010299624,2,1,0,18,19,7,3,0,0,0,0,0,0,0,3,1,2,2,1,18,4,-1,-1,-1,-1,2,E01000087,0,-1
2021010302446,2021,010302446,1,9,9,99,99,9,9,99,99,0,9,0,0,0,0,9,6,6,3,-1,-1,-1,-1,-1,-1,-1,-1,0,-1
2021302101462,2021,302101462,2,1,0,18,19,4,8,0,0,0,0,0,7,4,1,1,6,6,1,34,6,-1,-1,-1,-1,10,E01028361,0,-1
2021522201623,2021,522201623,1,9,0,9,9,2,8,0,0,8,0,0,0,0,3,1,6,6,1,28,6,-1,-1,-1,-1,4,E01014928,0,-1
2021010287514,2021,010287514,1,9,0,6,6,6,6,1,1,0,0,0,0,0,4,1,6,6,1,31,6,-1,-1,-1,-1,7,E01002175,0,-1
2021440204766,2021,440204766,2,1,0,18,19,6,2,0,0,8,0,10,0,0,0,1,4,7,1,14,3,-1,-1,-1,-1,6,E01017214,0,-1
202131C053521,2021,31C053521,2,1,0,18,19,2,6,0,0,1,0,0,0,0,1,1,6,6,1,52,8,-1,-1,-1,-1,10,E01028388,0,-1
2021161127313,2021,161127313,2,98,1,4,4,3,7,0,0,0,0,0,0,0,4,1,6,6,3,-1,-1,-1,-1,-1,-1,-1,-1,0,-1
2021991097290,2021,991097290,1,1,0,18,19,2,6,0,0,8,0,0,0,0,1,1,6,6,1,24,5,-1,-1,-1,-1,1,-1,0,-1
2021401015545,2021,401015545,1,9,0,18,19,8,4,0,0,1,0,0,0,0,1,1,5,6,1,62,9,-1,-1,-1,-1,8,E01017598,0,-1
202163D056821,2021,63D056821,1,9,0,17,19,3,8,0,0,0,2,0,8,10,1,1,6,6,1,34,6,-1,-1,-1,-1,2,E01014125,0,-1
202160Z150290,2021,60Z150290,1,9,0,16,19,3,6,0,0,0,0,0,7,11,3,1,6,6,2,19,4,-1,-1,-1,-1,-1,-1,0,-1
2021610022221,2021,610022221,1,9,0,18,19,7,3,6,6,0,1,0,0,0,1,1,6,6,1,48,8,-1,-1,-1,-1,-1,-1,0,-1
2021221100910,2021,221100910,1,19,0,18,19,2,6,0,0,0,0,0,0,0,1,1,6,6,1,40,7,-1,-1,-1,-1,-1,-1,0,-1
202134NNC0201,2021,34NNC0201,2,9,0,7,7,2,6,0,0,8,1,0,0,0,2,1,2,2,2,22,5,-1,-1,-1,-1,-1,-1,0,-1
2021610022521,2021,610022521,1,21,1,18,19,8,4,0,0,0,0,0,0,0,1,1,1,1,1,33,6,-1,-1,-1,-1,-1,-1,0,-1
2021070234619,2021,070234619,2,19,0,18,19,1,5,0,0,0,0,0,1,0,1,1,1,1,2,48,8,-1,-1,-1,-1,6,E01004999,0,-1
2021332100880,2021,332100880,2,9,0,5,5,7,3,0,0,1,0,0,0,0,3,1,6,6,1,78,11,-1,-1,-1,-1,10,E01025906,0,-1
2021010311651,2021,010311651,2,1,0,18,19,1,5,0,0,8,0,0,0,0,4,1,6,6,1,34,6,-1,-1,-1,-1,-1,-1,0,-1
2021201031937,2021,201031937,1,98,0,2,2,0,0,0,0,0,0,0,0,0,0,1,1,1,3,-1,-1,-1,-1,-1,-1,-1,-1,0,-1
2021451119118,2021,451119118,2,1,0,18,19,6,2,0,0,1,0,0,0,0,2,1,5,6,1,49,8,-1,-1,-1,-1,9,E01030301,0,-1
2021451065366,2021,451065366,1,1,0,9,9,5,7,0,0,3,0,0,0,0,3,1,6,6,1,40,7,-1,-1,-1,-1,10,E01030998,0,-1
2021522101470,2021,522101470,2,1,0,17,19,4,2,0,0,8,0,0,0,0,4,1,6,6,1,24,5,-1,-1,-1,-1,6,E01014531,0,-1
2021622100475,2021,622100475,1,10,0,18,19,4,8,0,0,1,5,10,0,0,4,1,6,6,1,29,6,-1,-1,-1,-1,10,W01001894,0,-1
2021010338271,2021,010338271,1,1,9,99,99,9,9,99,99,9,9,99,9,99,1,1,6,6,1,28,6,-1,-1,-1,-1,10,E01003401,0,-1