collision_index,collision_year,collision_ref_no,vehicle_reference,vehicle_type,towing_and_articulation,vehicle_manoeuvre_historic,vehicle_manoeuvre,vehicle_direction_from,vehicle_direction_to,vehicle_location_restricted_lane_historic,vehicle_location_restricted_lane,junction_location,skidding_and_overturning,hit_object_in_carriageway,vehicle_leaving_carriageway,hit_object_off_carriageway,first_point_of_impact,vehicle_left_hand_drive,journey_purpose_of_driver_historic,journey_purpose_of_driver,sex_of_driver,age_of_driver,age_band_of_driver,engine_capacity_cc,propulsion_code,age_of_vehicle,generic_make_model,driver_imd_decile,lsoa_of_driver,escooter_flag,driver_distance_banding
202160Z119121,2021,60Z119121,1,9,3,18,19,8,2,0,0,0,0,0,0,0,4,1,6,6,3,-1,-1,-1,-1,-1,-1,-1,-1,0,-1
202160Z102333,2021,60Z102333,1,9,0,18,19,5,1,0,0,1,0,0,0,0,1,1,1,1,2,30,6,-1,-1,-1,-1,-1,-1,0,-1
202160Z178620,2021,60Z178620,1,98,0,18,19,6,2,0,0,0,0,0,0,0,1,1,1,1,1,38,7,-1,-1,-1,-1,-1,-1,0,-1
2021201063419,2021,201063419,2,1,0,18,19,-1,-1,0,0,1,0,0,0,0,1,1,4,7,1,9,2,-1,-1,-1,-1,2,E01009809,0,-1
2021451128270,2021,451128270,1,1,0,18,19,1,7,0,0,1,0,0,0,0,1,1,5,6,1,58,9,-1,-1,-1,-1,9,E01030492,0,-1
2021430566467,2021,430566467,2,10,0,17,19,5,2,0,0,8,0,0,0,0,4,1,1,1,1,52,8,-1,-1,-1,-1,-1,-1,0,-1
2021010343422,2021,010343422,2,1,0,18,19,2,6,0,0,1,0,0,0,0,3,1,6,6,1,16,4,-1,-1,-1,-1,4,E01000235,0,-1
2021451043381,2021,451043381,2,9,0,4,4,1,5,0,0,0,0,0,0,0,2,1,6,6,2,30,6,-1,-1,-1,-1,-1,-1,0,-1
2021221077365,2021,221077365,1,9,0,18,19,2,6,9,9,0,0,10,0,0,4,1,6,6,1,35,6,-1,-1,-1,-1,-1,-1,0,-1
2021010328502,2021,010328502,2,3,0,18,19,1,5,0,0,1,5,0,0,0,3,1,2,2,1,24,5,-1,-1,-1,-1,1,E01001507,0,-1
2021201041745,2021,201041745,1,9,0,5,5,2,6,9,9,6,0,0,0,0,1,1,6,6,2,-1,-1,-1,-1,-1,-1,-1,-1,0,-1
2021531079175,2021,531079175,1,9,0,7,7,5,5,0,0,6,0,0,0,0,1,1,1,1,1,64,9,-1,-1,-1,-1,9,E01022370,0,-1
2021010350750,2021,010350750,2,1,0,5,5,1,5,0,0,1,0,0,0,0,1,1,2,2,1,30,6,-1,-1,-1,-1,5,E01004354,0,-1
2021201033645,2021,201033645,2,1,0,18,19,8,4,0,0,1,0,0,0,0,1,1,6,6,1,29,6,-1,-1,-1,-1,1,E01009762,0,-1
2021061043075,2021,061043075,1,9,0,18,19,1,5,0,0,8,0,0,0,0,-1,1,6,6,3,30,6,-1,-1,-1,-1,-1,-1,0,-1
2021010294631,2021,010294631,2,9,0,99,99,9,9,99,99,9,9,99,9,99,1,9,6,6,3,61,9,-1,-1,-1,-1,3,E01001409,0,-1
2021545338221,2021,545338221,1,19,0,18,19,5,1,0,0,0,0,0,0,0,3,1,6,6,3,-1,-1,-1,-1,-1,-1,-1,-1,0,-1
2021351082946,2021,351082946,1,22,0,13,13,6,2,9,9,0,0,0,0,0,1,1,6,6,1,50,8,-1,-1,-1,-1,-1,-1,0,-1
2021610063121,2021,610063121,1,9,0,18,19,2,6,0,0,0,0,0,0,0,1,1,6,6,1,77,11,-1,-1,-1,-1,-1,-1,0,-1
2021371100270,2021,371100270,1,9,4,12,12,3,7,0,0,0,0,0,0,0,4,1,1,1,1,54,8,-1,-1,-1,-1,6,E01027032,0,-1
2021610043321,2021,610043321,2,9,0,17,19,1,6,0,0,0,0,0,0,0,1,1,2,2,1,45,7,-1,-1,-1,-1,-1,-1,0,-1
2021041184894,2021,041184894,2,1,0,18,19,3,7,0,0,2,0,0,0,0,1,1,6,6,1,19,4,-1,-1,-1,-1,1,E01012687,0,-1
2021010325332,2021,010325332,1,1,9,99,99,9,9,99,99,9,9,99,9,99,9,1,6,6,1,68,10,-1,-1,-1,-1,8,E01001617,0,-1
2021041057650,2021,041057650,1,1,0,18,19,7,3,0,0,0,0,0,0,0,1,1,6,6,1,10,2,-1,-1,-1,-1,-1,-1,0,-1
2021010291799,2021,010291799,2,-1,0,18,19,3,7,9,9,0,0,0,0,0,1,1,1,1,1,24,5,-1,-1,-1,-1,6,E01004174,1,-1
2021010333332,2021,010333332,2,1,0,18,19,7,3,0,0,2,0,0,0,0,0,1,6,6,1,25,5,-1,-1,-1,-1,2,E01002633,0,-1
202134NNC7061,2021,34NNC7061,2,19,0,18,19,7,3,0,0,0,0,0,0,0,2,1,1,1,1,31,6,-1,-1,-1,-1,5,E01031168,0,-1
2021440170431,2021,440170431,3,9,0,4,4,7,3,0,0,0,0,0,0,0,2,1,6,6,2,43,7,-1,-1,-1,-1,7,E01017259,0,-1
2021010302197,2021,010302197,2,9,0,99,99,9,9,99,99,9,9,99,9,99,1,1,6,6,3,41,7,-1,-1,-1,-1,7,E01021657,0,-1
2021471108503,2021,471108503,2,1,0,18,19,8,4,9,9,0,0,0,0,0,1,1,5,6,2,20,4,-1,-1,-1,-1,1,E01020983,0,-1
2021332100920,2021,332100920,2,9,0,9,9,1,7,0,0,4,0,0,0,0,1,1,6,6,2,54,8,-1,-1,-1,-1,10,E01025678,0,-1
2021052100231,2021,052100231,2,1,0,18,19,7,3,0,0,1,0,0,0,0,4,1,1,1,1,26,6,-1,-1,-1,-1,1,E01033747,0,-1
2021461065637,2021,461065637,1,9,0,18,19,5,1,0,0,0,0,0,4,0,1,1,2,2,1,30,6,-1,-1,-1,-1,4,E01030601,0,-1
2021201141728,2021,201141728,2,23,0,18,19,4,2,0,0,0,0,0,0,0,3,1,1,1,1,26,6,-1,-1,-1,-1,2,E01010048,0,-1
2021991084222,2021,991084222,1,1,0,16,19,7,3,0,0,8,0,0,0,0,2,1,2,2,1,44,7,-1,-1,-1,-1,6,-1,0,-1
2021221094786,2021,221094786,2,9,5,14,14,1,5,0,0,0,0,4,0,0,4,1,6,6,3,34,6,-1,-1,-1,-1,-1,-1,0,-1
2021041064715,2021,041064715,2,1,0,18,19,1,5,0,0,0,0,0,0,0,1,1,6,6,1,48,8,-1,-1,-1,-1,4,E01025525,0,-1
2021201149774,2021,201149774,2,9,0,4,4,6,2,0,0,0,1,0,0,0,0,1,6,6,3,30,6,-1,-1,-1,-1,-1,-1,0,-1
2021991024780,2021,991024780,2,1,0,17,19,3,8,0,0,8,0,0,0,0,4,1,6,6,2,33,6,-1,-1,-1,-1,7,-1,0,-1
202160Z148467,2021,60Z148467,1,9,0,4,4,6,2,0,0,1,0,0,0,0,1,1,6,6,1,27,6,-1,-1,-1,-1,-1,-1,0,-1
2021320718870,2021,320718870,2,1,0,3,3,2,8,0,0,1,0,0,0,0,2,1,6,6,1,57,9,-1,-1,-1,-1,1,E01026168,0,-1
202106F079572,2021,06F079572,1,9,0,17,19,5,2,0,0,8,0,0,0,0,4,1,6,6,3,30,6,-1,-1,-1,-1,-1,-1,0,-1
2021061140363,2021,061140363,2,9,0,6,6,6,6,0,0,8,0,0,0,0,2,1,6,6,2,30,6,-1,-1,-1,-1,-1,-1,0,-1
2021332100268,2021,332100268,2,9,0,18,19,6,2,0,0,1,0,0,0,0,1,2,6,6,1,33,6,-1,-1,-1,-1,1,E01013664,0,-1
202160Z090141,2021,60Z090141,1,9,0,4,4,3,1,0,0,0,0,0,0,0,2,1,6,6,2,41,7,-1,-1,-1,-1,-1,-1,0,-1
2021411057982,2021,411057982,1,19,-1,-1,-1,-1,-1,-1,-1,0,-1,-1,-1,0,-1,1,6,6,2,33,6,-1,-1,-1,-1,9,E01023882,0,-1
2021211111306,2021,211111306,2,17,-1,-1,-1,-1,-1,-1,-1,0,-1,-1,-1,0,-1,1,6,6,3,-1,-1,-1,-1,-1,-1,-1,-1,0,-1
2021461108593,2021,461108593,1,9,0,18,19,5,1,0,0,0,0,0,0,0,0,1,6,6,3,-1,-1,-1,-1,-1,-1,-1,-1,0,-1
2021010345295,2021,010345295,1,9,0,18,19,7,3,0,0,0,0,0,0,0,0,1,1,1,1,-1,-1,-1,-1,-1,-1,3,E01015922,0,-1
2021010321071,2021,010321071,2,11,9,99,99,9,9,99,99,9,9,99,9,99,9,9,6,6,3,-1,-1,-1,-1,-1,-1,-1,-1,0,-1
2021101058261,2021,101058261,2,1,0,5,5,7,3,0,0,1,0,0,0,0,1,1,6,6,2,27,6,-1,-1,-1,-1,2,E01008575,0,-1
2021421106055,2021,421106055,2,1,0,18,19,4,8,0,0,1,0,0,0,0,4,1,5,6,1,70,10,-1,-1,-1,-1,9,E01021259,0,-1
202131C118921,2021,31C118921,1,9,0,7,7,5,7,0,0,6,0,0,0,0,1,1,6,6,1,-1,-1,-1,-1,-1,-1,-1,-1,0,-1
2021610010521,2021,610010521,2,1,0,18,19,6,8,0,0,3,0,0,0,0,4,1,6,6,1,51,8,-1,-1,-1,-1,-1,-1,0,-1
2021010343109,2021,010343109,2,1,0,9,9,3,8,0,0,3,0,0,0,0,4,1,6,6,1,43,7,-1,-1,-1,-1,6,E01002138,0,-1
2021541487121,2021,541487121,1,9,0,18,19,3,7,0,0,8,0,0,0,0,1,1,6,6,1,42,7,-1,-1,-1,-1,4,E01031925,0,-1
2021010329692,2021,010329692,2,1,9,99,99,9,9,99,99,9,9,99,9,99,1,1,6,6,1,27,6,-1,-1,-1,-1,3,E01002085,0,-1
2021010331811,2021,010331811,1,1,9,99,99,9,9,99,99,9,9,99,9,99,9,1,6,6,3,51,8,-1,-1,-1,-1,6,E01000887,0,-1
2021010321667,2021,010321667,2,1,0,18,19,8,4,2,2,1,0,0,0,0,1,1,2,2,1,21,5,-1,-1,-1,-1,2,E01002056,0,-1
2021131070612,2021,131070612,1,9,0,7,7,7,1,0,0,4,0,0,0,0,4,1,6,6,3,-1,-1,-1,-1,-1,-1,-1,-1,0,-1
2021010293367,2021,010293367,1,9,0,99,99,9,9,99,99,9,9,99,9,99,9,1,6,6,3,-1,-1,-1,-1,-1,-1,-1,-1,0,-1
2021010327056,2021,010327056,2,1,0,18,19,2,6,4,4,1,0,0,0,0,1,1,6,6,2,25,5,-1,-1,-1,-1,8,E01004511,0,-1
2021010312869,2021,010312869,2,9,0,99,99,9,9,99,99,9,9,99,9,99,1,9,6,6,3,-1,-1,-1,-1,-1,-1,-1,-1,0,-1
2021070410398,2021,070410398,1,1,0,14,14,8,4,0,0,0,0,0,0,0,1,1,6,6,1,54,8,-1,-1,-1,-1,10,E01018588,0,-1
2021522104613,2021,522104613,1,4,0,3,3,3,7,0,0,8,0,0,0,0,2,1,6,6,1,26,6,-1,-1,-1,-1,10,E01014869,0,-1
2021501129659,2021,501129659,2,1,0,18,19,4,1,0,0,8,0,0,0,0,1,1,1,1,1,56,9,-1,-1,-1,-1,4,E01020134,0,-1
2021610046821,2021,610046821,2,9,0,5,5,5,1,0,0,1,0,0,0,0,1,1,1,1,2,36,7,-1,-1,-1,-1,-1,-1,0,-1
2021061100567,2021,061100567,1,9,0,18,19,5,1,0,0,1,0,0,0,0,0,1,6,6,3,40,7,-1,-1,-1,-1,-1,-1,0,-1
2021161071648,2021,161071648,3,9,0,13,13,6,2,0,0,0,0,0,0,0,3,1,6,6,3,-1,-1,-1,-1,-1,-1,-1,-1,0,-1
2021010327691,2021,010327691,1,1,9,99,99,9,9,99,99,9,9,99,9,99,1,1,2,2,1,35,6,-1,-1,-1,-1,-1,-1,0,-1
2021471034339,2021,471034339,2,1,0,18,19,5,1,9,9,1,0,0,0,0,1,1,6,6,1,14,3,-1,-1,-1,-1,6,E01031513,0,-1
2021440261424,2021,440261424,1,1,0,18,19,1,5,4,4,8,0,0,0,0,1,1,6,6,1,17,4,-1,-1,-1,-1,5,E01017023,0,-1
2021552100642,2021,552100642,2,1,0,18,19,1,5,0,0,8,0,0,0,0,3,1,4,7,1,13,3,-1,-1,-1,-1,5,E01020565,0,-1
2021221124746,2021,221124746,2,1,0,18,19,3,8,0,0,8,0,0,0,0,1,1,5,6,2,41,7,-1,-1,-1,-1,5,E01009907,0,-1
2021161064278,2021,161064278,1,9,0,18,19,5,1,0,0,8,0,0,0,0,3,1,6,6,2,36,7,-1,-1,-1,-1,7,E01033296,0,-1
2021010320724,2021,010320724,1,9,0,17,19,1,5,0,0,0,0,0,1,4,3,1,6,6,1,47,8,-1,-1,-1,-1,2,E01004584,0,-1
202134WNC3081,2021,34WNC3081,2,9,0,9,9,7,3,0,0,6,0,0,0,0,3,1,6,6,1,62,9,-1,-1,-1,-1,2,E01000076,0,-1
2021161028258,2021,161028258,2,1,0,18,19,4,8,0,0,0,0,0,0,0,1,1,6,6,1,25,5,-1,-1,-1,-1,1,E01012782,0,-1
2021052102503,2021,052102503,2,1,0,17,19,5,1,0,0,4,0,0,0,0,1,1,6,6,1,59,9,-1,-1,-1,-1,1,E01006693,0,-1
2021161019961,2021,161019961,2,9,0,3,3,7,3,0,0,0,0,0,0,0,2,1,6,6,2,22,5,-1,-1,-1,-1,2,E01012763,0,-1
202160Z010031,2021,60Z010031,1,9,0,18,19,4,8,0,0,0,1,0,7,9,1,1,6,6,2,19,4,-1,-1,-1,-1,-1,-1,0,-1
2021010298835,2021,010298835,1,4,0,17,19,3,7,0,0,8,0,0,0,0,1,1,6,6,3,-1,-1,-1,-1,-1,-1,-1,-1,0,-1
2021010294492,2021,010294492,2,9,0,99,99,9,9,99,99,9,9,99,9,99,1,9,6,6,3,-1,-1,-1,-1,-1,-1,-1,-1,0,-1
202131C096021,2021,31C096021,1,90,0,18,19,8,4,0,0,2,2,0,7,0,1,1,6,6,1,32,6,-1,-1,-1,-1,3,E01025894,0,-1
2021010317569,2021,010317569,1,1,9,18,19,9,9,4,4,1,5,0,0,99,1,1,6,6,1,29,6,-1,-1,-1,-1,3,E01001360,0,-1
2021041012605,2021,041012605,1,9,0,9,9,6,4,0,0,5,0,0,7,0,4,1,5,6,1,36,7,-1,-1,-1,-1,2,E01025116,0,-1
2021430505539,2021,430505539,1,9,0,5,5,2,8,0,0,1,0,0,0,0,1,1,6,6,1,-1,-1,-1,-1,-1,-1,-1,-1,0,-1
2021010318443,2021,010318443,1,-1,0,18,19,5,1,0,0,0,0,0,0,0,1,1,6,6,1,18,4,-1,-1,-1,-1,-1,-1,1,-1
2021170H10901,2021,170H10901,2,1,0,18,19,1,5,0,0,0,0,0,0,0,1,1,6,6,1,14,3,-1,-1,-1,-1,1,E01012001,0,-1
2021332101564,2021,332101564,3,9,0,18,19,4,8,0,0,0,0,0,0,0,0,1,6,6,1,49,8,-1,-1,-1,-1,-1,-1,0,-1
2021461090516,2021,461090516,1,98,0,4,4,3,7,0,0,0,0,0,0,0,1,1,5,6,1,32,6,-1,-1,-1,-1,9,E01031004,0,-1
2021332100014,2021,332100014,3,9,0,2,2,0,0,0,0,0,0,0,0,0,2,1,1,1,1,57,9,-1,-1,-1,-1,9,E01017450,0,-1
2021522105509,2021,522105509,2,1,0,7,7,1,3,0,0,6,0,0,0,0,1,1,6,6,1,48,8,-1,-1,-1,-1,1,E01014800,0,-1
202163D009521,2021,63D009521,1,19,0,18,19,4,8,0,0,0,0,0,0,0,3,1,6,6,3,-1,-1,-1,-1,-1,-1,-1,-1,0,-1
2021010318561,2021,010318561,2,1,0,18,19,8,4,0,0,1,0,0,0,0,1,1,6,6,1,21,5,-1,-1,-1,-1,2,E01004263,0,-1
2021471066398,2021,471066398,2,1,0,5,5,7,3,0,0,6,0,0,0,0,4,1,1,1,1,14,3,-1,-1,-1,-1,5,E01031467,0,-1
2021070410652,2021,070410652,1,1,0,18,19,1,5,0,0,0,0,0,0,0,3,1,6,6,1,51,8,-1,-1,-1,-1,8,E01018593,0,-1
2021101060066,2021,101060066,1,9,0,4,4,3,7,0,0,1,0,0,0,0,1,1,6,6,3,18,4,-1,-1,-1,-1,-1,-1,0,-1
2021211153012,2021,211153012,1,9,0,9,9,4,2,0,0,6,0,0,0,0,0,1,6,6,3,-1,-1,-1,-1,-1,-1,-1,-1,0,-1
2021991095051,2021,991095051,2,9,0,18,19,3,7,0,0,1,0,0,0,0,1,1,1,1,1,49,8,-1,-1,-1,-1,10,-1,0,-1
2021430226690,2021,430226690,1,9,0,18,19,1,5,0,0,0,0,0,0,0,2,1,6,6,1,-1,-1,-1,-1,-1,-1,-1,-1,0,-1
2021170M11131,2021,170M11131,2,1,0,18,19,3,7,0,0,0,0,0,0,0,3,1,6,6,1,12,3,-1,-1,-1,-1,1,E01012078,0,-1
202160Z101751,2021,60Z101751,1,3,0,4,4,3,7,0,0,1,0,0,0,0,1,1,6,6,1,21,5,-1,-1,-1,-1,-1,-1,0,-1
2021061036449,2021,061036449,2,9,0,7,7,3,5,0,0,5,0,0,0,0,1,1,6,6,1,44,7,-1,-1,-1,-1,1,E01006016,0,-1
20211383R0413,2021,1383R0413,2,1,0,9,9,5,3,0,0,6,0,0,0,0,1,1,6,6,1,35,6,-1,-1,-1,-1,2,E01011720,0,-1
2021111131088,2021,111131088,2,1,0,18,19,5,1,0,0,4,0,0,0,0,1,1,6,6,1,55,8,-1,-1,-1,-1,2,E01033074,0,-1
2021010317492,2021,010317492,1,1,9,99,99,9,9,99,99,9,9,99,9,99,9,1,6,6,1,27,6,-1,-1,-1,-1,2,E01002776,0,-1
202134WNC2831,2021,34WNC2831,1,19,0,9,9,1,8,0,0,3,0,0,0,0,3,1,1,1,1,28,6,-1,-1,-1,-1,-1,-1,0,-1
2021061100729,2021,061100729,1,9,0,16,19,5,1,0,0,1,0,0,0,0,4,1,6,6,3,-1,-1,-1,-1,-1,-1,-1,-1,0,-1
2021332100845,2021,332100845,1,9,0,11,11,5,1,0,0,0,0,0,1,4,1,1,1,1,1,51,8,-1,-1,-1,-1,10,E01028137,0,-1
2021520104467,2021,520104467,2,1,0,9,9,4,2,0,0,8,0,0,0,0,1,1,6,6,1,42,7,-1,-1,-1,-1,6,E01029027,0,-1
202134NNC7291,2021,34NNC7291,4,9,0,2,2,0,0,0,0,8,0,0,0,0,1,1,6,6,3,-1,-1,-1,-1,-1,-1,-1,-1,0,-1
2021320519951,2021,320519951,1,1,0,5,5,6,2,0,0,0,0,0,0,0,4,1,4,7,1,13,3,-1,-1,-1,-1,4,E01026041,0,-1
2021010303719,2021,010303719,2,9,0,99,99,9,9,99,99,9,9,99,9,99,1,9,6,6,3,-1,-1,-1,-1,-1,-1,-1,-1,0,-1
2021010324107,2021,010324107,1,1,9,99,99,9,9,99,99,9,9,99,9,99,9,1,6,6,1,-1,-1,-1,-1,-1,-1,4,E01001704,0,-1
2021010297308,2021,010297308,2,9,0,9,9,5,2,0,0,1,0,0,0,0,1,2,6,6,1,35,6,-1,-1,-1,-1,3,E01003719,0,-1
2021141065753,2021,141065753,2,9,0,4,4,1,1,0,0,2,0,0,0,0,4,1,6,6,3,-1,-1,-1,-1,-1,-1,-1,-1,0,-1
202134NNC1941,2021,34NNC1941,1,19,0,12,12,2,6,0,0,0,0,0,0,0,3,1,6,6,2,40,7,-1,-1,-1,-1,6,E01013795,0,-1
2021440224907,2021,440224907,1,9,0,9,9,1,7,0,0,1,0,0,0,0,3,1,6,6,1,80,11,-1,-1,-1,-1,5,E01023015,0,-1
2021471124381,2021,471124381,2,1,0,18,19,8,4,0,0,0,0,0,0,0,3,1,4,7,1,15,3,-1,-1,-1,-1,3,E01021185,0,-1
2021211151338,2021,211151338,2,1,-1,18,19,1,4,0,0,4,0,0,0,0,1,1,6,6,1,-1,-1,-1,-1,-1,-1,-1,-1,0,-1
2021451022431,2021,451022431,1,1,0,18,19,5,1,0,0,8,0,0,0,0,4,1,5,6,1,50,8,-1,-1,-1,-1,9,E01002951,0,-1
2021010349801,2021,010349801,2,1,0,5,5,5,1,0,0,1,0,0,0,0,3,1,6,6,1,26,6,-1,-1,-1,-1,5,E01000071,0,-1
2021010328751,2021,010328751,2,1,0,18,19,1,5,0,0,1,0,0,0,0,4,1,6,6,1,46,8,-1,-1,-1,-1,4,E01004631,0,-1
2021991114194,2021,991114194,2,1,0,18,19,8,4,0,0,8,0,0,1,0,2,1,5,6,1,60,9,-1,-1,-1,-1,7,-1,0,-1
2021010339272,2021,010339272,2,8,0,99,99,9,9,99,99,9,9,99,9,99,9,9,6,6,3,-1,-1,-1,-1,-1,-1,-1,-1,0,-1
2021522104545,2021,522104545,2,9,0,18,19,2,7,0,0,8,0,0,0,0,1,1,6,6,1,35,6,-1,-1,-1,-1,-1,-1,0,-1
2021010299525,2021,010299525,2,3,0,18,19,3,7,0,0,8,0,0,8,10,3,1,1,1,1,39,7,-1,-1,-1,-1,3,E01002568,0,-1
2021010340768,2021,010340768,2,9,0,18,19,5,1,0,0,8,5,0,0,0,1,1,6,6,3,-1,-1,-1,-1,-1,-1,-1,-1,0,-1
2021610065021,2021,610065021,3,9,0,18,19,7,3,0,0,0,0,0,0,0,0,1,6,6,3,-1,-1,-1,-1,-1,-1,-1,-1,0,-1
2021461062373,2021,461062373,1,9,0,18,19,7,2,0,0,0,0,0,0,0,2,1,5,6,1,22,5,-1,-1,-1,-1,6,E01023978,0,-1
2021010312821,2021,010312821,2,1,0,12,12,2,6,2,2,2,0,0,0,0,3,1,1,1,1,49,8,-1,-1,-1,-1,3,E01003630,0,-1
2021610012021,2021,610012021,1,9,0,18,19,1,3,0,0,1,0,0,0,0,2,1,1,1,1,31,6,-1,-1,-1,-1,-1,-1,0,-1
2021430288433,2021,430288433,1,1,0,18,19,4,8,0,0,8,0,0,0,0,4,1,4,7,1,16,4,-1,-1,-1,-1,-1,-1,0,-1
2021520101767,2021,520101767,1,1,0,18,19,6,2,0,0,0,0,0,0,0,2,1,6,6,1,46,8,-1,-1,-1,-1,2,E01029107,0,-1
2021141051036,2021,141051036,1,1,0,18,19,6,2,0,0,0,0,0,0,0,2,1,6,6,1,21,5,-1,-1,-1,-1,2,E01007708,0,-1
2021991043653,2021,991043653,3,11,0,3,3,8,4,0,0,2,0,0,0,0,2,1,1,1,3,40,7,-1,-1,-1,-1,-1,-1,0,-1
2021010339497,2021,010339497,1,9,0,12,12,3,7,0,0,1,0,0,0,0,1,1,6,6,1,23,5,-1,-1,-1,-1,2,E01000076,0,-1
2021991089295,2021,991089295,1,9,0,18,19,1,5,0,0,0,0,0,0,0,1,1,6,6,3,30,6,-1,-1,-1,-1,-1,-1,0,-1
2021010303258,2021,010303258,1,1,9,10,10,5,3,0,0,0,9,99,9,99,3,1,2,2,1,31,6,-1,-1,-1,-1,9,E01003775,0,-1
2021201110125,2021,201110125,1,19,0,18,19,4,8,0,0,1,0,0,0,0,1,1,6,6,1,-1,-1,-1,-1,-1,-1,-1,-1,0,-1
2021401161672,2021,401161672,2,22,0,18,19,4,8,0,0,8,0,0,0,0,3,1,5,6,1,46,8,-1,-1,-1,-1,3,E01017568,0,-1
2021061033102,2021,061033102,1,97,0,15,15,3,7,0,0,1,0,0,0,0,1,1,6,6,1,19,4,-1,-1,-1,-1,3,E01005160,0,-1
2021440008555,2021,440008555,2,9,0,1,1,1,5,0,0,8,0,0,0,0,2,1,6,6,1,-1,-1,-1,-1,-1,-1,9,E01022930,0,-1
2021440167633,2021,440167633,1,9,0,18,19,2,6,0,0,3,0,0,0,0,1,1,6,6,1,-1,-1,-1,-1,-1,-1,-1,-1,0,-1
2021010324815,2021,010324815,2,19,0,99,99,9,9,99,99,9,9,99,9,99,1,9,6,6,3,-1,-1,-1,-1,-1,-1,4,E01000588,0,-1
2021991054060,2021,991054060,1,2,0,18,19,4,8,0,0,0,0,0,0,0,1,1,6,6,1,23,5,-1,-1,-1,-1,5,-1,0,-1
202163D050021,2021,63D050021,2,1,0,16,19,2,6,0,0,0,1,0,1,10,3,1,6,6,1,44,7,-1,-1,-1,-1,7,E01032926,0,-1
2021371024103,2021,371024103,1,9,0,18,19,3,7,0,0,0,0,0,0,0,-1,1,6,6,3,-1,-1,-1,-1,-1,-1,-1,-1,0,-1
2021401022160,2021,401022160,2,19,1,18,19,5,1,0,0,0,0,0,0,0,1,1,2,2,2,61,9,-1,-1,-1,-1,3,E01025943,0,-1
2021131124290,2021,131124290,1,4,0,18,19,2,6,0,0,4,0,0,0,0,1,1,5,6,1,24,5,-1,-1,-1,-1,1,E01011622,0,-1
2021471045085,2021,471045085,1,9,0,18,19,1,5,0,0,1,0,0,0,0,1,1,6,6,1,-1,-1,-1,-1,-1,-1,-1,-1,0,-1
2021122100741,2021,122100741,1,1,0,18,19,5,1,0,0,8,0,0,0,0,1,1,6,6,1,33,6,-1,-1,-1,-1,10,E01013339,0,-1
2021451068264,2021,451068264,1,1,0,18,19,5,1,0,0,0,0,0,0,0,0,1,5,6,2,22,5,-1,-1,-1,-1,10,E01030839,0,-1
2021320387322,2021,320387322,2,1,0,18,19,6,2,0,0,0,5,0,0,0,0,1,6,6,1,25,5,-1,-1,-1,-1,3,E01026178,0,-1
202131B111121,2021,31B111121,1,9,0,18,19,6,2,0,0,8,0,0,0,0,1,1,6,6,3,-1,-1,-1,-1,-1,-1,-1,-1,0,-1
2021070800779,2021,070800779,2,1,0,18,19,8,4,5,5,0,0,0,0,0,1,1,6,6,1,17,4,-1,-1,-1,-1,9,E01018362,0,-1
2021070864627,2021,070864627,1,1,0,18,19,7,3,0,0,1,0,0,0,0,4,1,6,6,1,41,7,-1,-1,-1,-1,-1,-1,0,-1
202134NNC2611,2021,34NNC2611,1,-1,0,9,9,7,5,0,0,0,0,0,0,0,1,1,2,2,1,30,6,-1,-1,-1,-1,2,E01027342,1,-1
2021351015657,2021,351015657,2,1,0,18,19,2,6,0,0,0,1,0,0,0,1,1,2,2,1,57,9,-1,-1,-1,-1,5,E01015651,0,-1
2021131061009,2021,131061009,1,98,0,1,1,-1,-1,0,0,0,0,-1,0,0,2,1,6,6,3,-1,-1,-1,-1,-1,-1,-1,-1,0,-1
2021332100211,2021,332100211,2,1,0,18,19,6,2,0,0,1,0,0,0,0,1,1,6,6,1,8,2,-1,-1,-1,-1,8,E01025754,0,-1
2021221068125,2021,221068125,1,9,0,13,13,2,6,0,0,0,0,0,7,0,4,1,1,1,1,28,6,-1,-1,-1,-1,-1,-1,0,-1
2021430428425,2021,430428425,2,97,0,18,19,2,6,0,0,8,0,0,0,0,1,1,6,6,1,-1,-1,-1,-1,-1,-1,-1,-1,0,-1
2021520200013,2021,520200013,1,9,0,18,19,2,6,0,0,1,0,0,0,0,1,1,6,6,1,32,6,-1,-1,-1,-1,5,E01029152,0,-1
2021061097666,2021,061097666,1,9,0,3,3,7,3,0,0,1,0,0,0,0,1,1,6,6,1,21,5,-1,-1,-1,-1,8,E01005411,0,-1
2021522103998,2021,522103998,1,22,0,18,19,3,7,9,9,0,0,0,0,0,1,1,6,6,3,-1,-1,-1,-1,-1,-1,-1,-1,0,-1
2021010337659,2021,010337659,1,1,9,99,99,9,9,99,99,9,9,99,9,99,1,1,3,7,1,33,6,-1,-1,-1,-1,4,E01000171,0,-1
2021501087333,2021,501087333,2,9,0,18,19,5,1,0,0,0,1,0,0,0,2,1,1,1,1,20,4,-1,-1,-1,-1,3,E01020078,0,-1
2021010325050,2021,010325050,2,9,0,4,4,5,1,0,0,1,0,0,0,0,2,1,6,6,3,-1,-1,-1,-1,-1,-1,-1,-1,0,-1
2021070859245,2021,070859245,1,9,0,1,1,3,7,0,0,1,0,0,0,0,2,1,6,6,2,-1,-1,-1,-1,-1,-1,-1,-1,0,-1
2021501165222,2021,501165222,1,1,0,18,19,3,7,0,0,1,1,4,0,0,3,1,6,6,1,40,7,-1,-1,-1,-1,2,E01020280,0,-1
2021141013766,2021,141013766,2,1,0,18,19,2,6,0,0,8,0,0,0,0,4,1,6,6,1,-1,-1,-1,-1,-1,-1,9,E01007475,0,-1
2021070113298,2021,070113298,1,9,0,18,19,5,4,0,0,8,0,0,0,0,1,1,6,6,2,-1,-1,-1,-1,-1,-1,-1,-1,0,-1
2021522102068,2021,522102068,1,9,0,18,19,1,5,0,0,0,0,0,0,0,1,1,6,6,1,40,7,-1,-1,-1,-1,-1,-1,0,-1
2021461078897,2021,461078897,2,1,0,18,19,7,3,0,0,1,0,0,0,0,4,1,6,6,1,10,2,-1,-1,-1,-1,4,E01024002,0,-1
2021010333870,2021,010333870,2,9,0,99,99,9,9,99,99,9,9,99,9,99,0,9,6,6,3,-1,-1,-1,-1,-1,-1,-1,-1,0,-1
2021010311396,2021,010311396,2,1,9,99,99,9,9,99,99,9,9,99,9,99,9,1,6,6,1,32,6,-1,-1,-1,-1,2,E01002087,0,-1
2021421120309,2021,421120309,2,1,-1,-1,-1,-1,-1,-1,-1,-1,-1,-1,-1,0,-1,1,5,6,1,59,9,-1,-1,-1,-1,-1,-1,0,-1