collision_index,collision_year,collision_ref_no,vehicle_reference,vehicle_type,towing_and_articulation,vehicle_manoeuvre_historic,vehicle_manoeuvre,vehicle_direction_from,vehicle_direction_to,vehicle_location_restricted_lane_historic,vehicle_location_restricted_lane,junction_location,skidding_and_overturning,hit_object_in_carriageway,vehicle_leaving_carriageway,hit_object_off_carriageway,first_point_of_impact,vehicle_left_hand_drive,journey_purpose_of_driver_historic,journey_purpose_of_driver,sex_of_driver,age_of_driver,age_band_of_driver,engine_capacity_cc,propulsion_code,age_of_vehicle,generic_make_model,driver_imd_decile,lsoa_of_driver,escooter_flag,driver_distance_banding
2021131056795,2021,131056795,2,1,0,5,5,1,1,0,0,6,0,0,0,0,3,1,6,6,2,38,7,-1,-1,-1,-1,1,E01010782,0,-1
2021010340829,2021,010340829,2,9,0,99,99,9,9,99,99,9,9,99,9,99,1,9,6,6,3,-1,-1,-1,-1,-1,-1,-1,-1,0,-1
2021070806026,2021,070806026,2,1,0,18,19,3,7,0,0,5,0,0,0,0,1,1,6,6,1,47,8,-1,-1,-1,-1,10,E01018693,0,-1
2021010317485,2021,010317485,1,1,9,99,99,9,9,99,99,0,9,99,9,99,9,1,6,6,1,21,5,-1,-1,-1,-1,7,E01003800,0,-1
2021010329627,2021,010329627,2,9,0,99,99,9,9,99,99,9,9,99,9,99,9,9,6,6,3,-1,-1,-1,-1,-1,-1,-1,-1,0,-1
2021061042021,2021,061042021,3,1,0,18,19,2,6,0,0,1,0,0,0,0,1,1,6,6,1,31,6,-1,-1,-1,-1,5,E01005648,0,-1
2021520103487,2021,520103487,1,9,0,18,19,8,4,0,0,0,0,0,0,0,1,1,6,6,2,50,8,-1,-1,-1,-1,-1,-1,0,-1
2021411121899,2021,411121899,1,9,0,17,19,1,5,0,0,8,0,0,0,0,1,1,6,6,3,-1,-1,-1,-1,-1,-1,-1,-1,0,-1
2021351089562,2021,351089562,1,9,0,18,19,3,7,0,0,0,0,0,0,0,1,1,1,1,1,39,7,-1,-1,-1,-1,5,E01026720,0,-1
2021221083912,2021,221083912,1,9,0,5,5,7,3,0,0,6,5,0,1,0,3,1,5,6,1,31,6,-1,-1,-1,-1,6,E01014100,0,-1
2021440408789,2021,440408789,1,1,0,18,19,3,7,0,0,8,0,0,0,0,4,1,6,6,1,43,7,-1,-1,-1,-1,4,E01022817,0,-1
2021501111448,2021,501111448,2,9,0,3,3,7,3,0,0,4,0,0,0,0,2,1,5,6,1,35,6,-1,-1,-1,-1,1,E01015040,0,-1
2021010340948,2021,010340948,2,1,0,18,19,4,8,0,0,8,0,0,0,0,1,1,2,2,1,47,8,-1,-1,-1,-1,-1,-1,0,-1
2021991014760,2021,991014760,1,90,0,16,19,6,2,0,0,0,1,0,1,0,1,1,1,1,2,51,8,-1,-1,-1,-1,3,-1,0,-1
2021520103368,2021,520103368,2,9,0,18,19,6,2,0,0,8,0,0,0,0,1,1,6,6,2,52,8,-1,-1,-1,-1,9,E01029142,0,-1
2021430082075,2021,430082075,1,9,0,18,19,3,6,0,0,0,0,0,0,0,0,1,6,6,1,45,7,-1,-1,-1,-1,10,E01016430,0,-1
202131C024421,2021,31C024421,2,1,0,9,9,3,1,0,0,6,0,0,0,0,1,1,6,6,1,17,4,-1,-1,-1,-1,2,E01032621,0,-1
2021401120648,2021,401120648,1,19,0,18,19,2,6,0,0,8,0,0,0,0,4,1,1,1,3,-1,-1,-1,-1,-1,-1,-1,-1,0,-1
2021471022562,2021,471022562,2,9,4,18,19,6,2,0,0,8,0,0,0,0,1,1,2,2,1,59,9,-1,-1,-1,-1,5,E01031501,0,-1
202131D124821,2021,31D124821,1,1,0,18,19,2,6,0,0,2,0,0,0,0,1,1,6,6,1,30,6,-1,-1,-1,-1,8,E01028367,0,-1
2021201155097,2021,201155097,1,98,0,18,19,1,5,0,0,1,0,0,0,0,3,1,6,6,3,-1,-1,-1,-1,-1,-1,-1,-1,0,-1
2021070030252,2021,070030252,1,9,4,7,7,3,6,0,0,8,0,0,0,0,4,2,6,6,3,-1,-1,-1,-1,-1,-1,-1,-1,0,-1
2021421051868,2021,421051868,1,9,0,18,19,5,1,0,0,0,0,0,0,0,1,1,6,6,3,-1,-1,-1,-1,-1,-1,-1,-1,0,-1
2021010318898,2021,010318898,2,1,0,18,19,7,3,0,0,1,0,0,0,0,1,1,2,2,2,34,6,-1,-1,-1,-1,2,E01003112,0,-1
2021231021095,2021,231021095,1,9,0,18,19,7,3,0,0,1,0,0,0,0,1,1,5,6,3,38,7,-1,-1,-1,-1,-1,-1,0,-1
20211382O0529,2021,1382O0529,2,1,0,18,19,3,7,0,0,1,0,0,0,0,3,1,2,2,1,55,8,-1,-1,-1,-1,3,E01011343,0,-1
2021201056301,2021,201056301,2,1,0,18,19,3,7,0,0,8,0,0,0,0,1,1,6,6,2,27,6,-1,-1,-1,-1,4,E01009715,0,-1
2021430486908,2021,430486908,2,98,0,18,19,7,3,0,0,0,0,0,1,9,1,2,1,1,1,-1,-1,-1,-1,-1,-1,-1,-1,0,-1
2021411082344,2021,411082344,1,9,0,18,19,-1,-1,0,0,8,0,0,0,0,1,1,6,6,3,-1,-1,-1,-1,-1,-1,-1,-1,0,-1
2021061051239,2021,061051239,2,9,0,18,19,3,7,0,0,1,0,0,0,0,1,1,6,6,1,30,6,-1,-1,-1,-1,-1,-1,0,-1
202160Z093531,2021,60Z093531,1,19,0,9,9,1,5,0,0,6,0,0,0,0,3,1,1,1,1,24,5,-1,-1,-1,-1,-1,-1,0,-1
2021170S22181,2021,170S22181,1,9,0,18,19,8,4,0,0,0,0,0,0,0,4,1,6,6,3,-1,-1,-1,-1,-1,-1,-1,-1,0,-1
2021041140309,2021,041140309,2,1,0,18,19,6,2,0,0,8,0,0,0,0,3,1,5,6,2,51,8,-1,-1,-1,-1,1,E01025575,0,-1
2021610024021,2021,610024021,2,9,0,17,19,7,4,0,0,0,0,0,0,0,1,1,6,6,2,38,7,-1,-1,-1,-1,-1,-1,0,-1
2021161044382,2021,161044382,2,1,0,18,19,5,1,0,0,8,0,0,0,0,1,1,6,6,1,12,3,-1,-1,-1,-1,2,E01012775,0,-1
2021461022025,2021,461022025,3,21,1,18,19,6,2,0,0,0,0,0,0,0,3,2,1,1,1,42,7,-1,-1,-1,-1,-1,-1,0,-1
2021010318964,2021,010318964,2,1,0,18,19,5,1,0,0,2,1,0,0,0,3,1,2,2,1,49,8,-1,-1,-1,-1,4,E01003301,0,-1
2021991027510,2021,991027510,2,1,0,18,19,8,4,0,0,6,0,0,0,0,3,1,6,6,1,12,3,-1,-1,-1,-1,2,-1,0,-1
2021010323556,2021,010323556,2,1,0,18,19,7,3,0,0,1,0,0,0,0,1,1,2,2,2,28,6,-1,-1,-1,-1,4,E01003301,0,-1
2021010345096,2021,010345096,3,1,0,4,4,5,1,9,9,0,0,0,0,0,0,1,1,1,1,22,5,-1,-1,-1,-1,2,E01002784,0,-1
20211382I0895,2021,1382I0895,1,9,0,18,19,3,7,0,0,8,0,0,0,0,1,1,1,1,1,76,11,-1,-1,-1,-1,7,E01011827,0,-1
2021430056639,2021,430056639,2,1,0,18,19,7,3,0,0,3,0,0,0,0,3,1,6,6,1,32,6,-1,-1,-1,-1,-1,-1,0,-1
2021041016327,2021,041016327,2,22,0,18,19,1,5,0,0,0,0,0,0,0,3,1,5,6,2,60,9,-1,-1,-1,-1,2,E01012591,0,-1
2021440490244,2021,440490244,2,9,0,7,7,4,6,0,0,8,0,0,0,0,1,1,6,6,2,-1,-1,-1,-1,-1,-1,-1,-1,0,-1
2021544996321,2021,544996321,2,1,0,18,19,6,2,0,0,1,0,0,0,0,3,1,2,2,1,39,7,-1,-1,-1,-1,8,E01031932,0,-1
2021461025224,2021,461025224,1,9,0,18,19,7,3,0,0,1,0,10,1,0,4,1,6,6,3,-1,-1,-1,-1,-1,-1,-1,-1,0,-1
2021010299212,2021,010299212,1,1,9,99,99,9,9,99,99,9,9,99,9,99,9,1,2,2,1,54,8,-1,-1,-1,-1,2,E01002505,0,-1
2021501082396,2021,501082396,2,1,0,13,13,1,5,0,0,8,0,10,0,0,1,1,5,6,1,56,9,-1,-1,-1,-1,4,E01018829,0,-1
2021361116615,2021,361116615,2,1,0,4,4,8,4,0,0,1,0,0,0,0,2,1,2,2,1,49,8,-1,-1,-1,-1,3,E01026799,0,-1
2021610045121,2021,610045121,2,9,0,18,19,5,1,0,0,0,0,0,0,0,2,1,2,2,1,60,9,-1,-1,-1,-1,-1,-1,0,-1
202160Z082949,2021,60Z082949,1,9,0,18,19,3,7,0,0,0,0,0,0,0,1,1,6,6,1,24,5,-1,-1,-1,-1,-1,-1,0,-1
202131C036521,2021,31C036521,1,-1,0,17,19,1,6,9,9,1,0,0,0,0,1,1,6,6,3,-1,-1,-1,-1,-1,-1,-1,-1,1,-1
2021010330429,2021,010330429,2,90,0,18,19,3,7,0,0,1,0,0,0,0,1,1,6,6,3,-1,-1,-1,-1,-1,-1,-1,-1,0,-1
2021101014275,2021,101014275,1,19,0,18,19,5,1,0,0,0,0,0,0,0,4,1,6,6,3,-1,-1,-1,-1,-1,-1,-1,-1,0,-1
2021131072234,2021,131072234,1,9,0,9,9,-1,-1,-1,-1,1,0,0,0,0,1,1,6,6,3,-1,-1,-1,-1,-1,-1,-1,-1,0,-1
2021131036313,2021,131036313,1,21,0,12,12,7,3,0,0,0,0,0,0,0,1,1,1,1,1,52,8,-1,-1,-1,-1,2,E01005288,0,-1
2021430382973,2021,430382973,2,1,0,18,19,5,1,0,0,1,0,0,0,0,3,1,1,1,2,21,5,-1,-1,-1,-1,7,E01016197,0,-1
2021111061995,2021,111061995,1,97,0,4,4,2,4,0,0,1,0,0,0,0,1,1,5,6,1,14,3,-1,-1,-1,-1,6,E01020640,0,-1
2021461050004,2021,461050004,1,9,0,18,19,1,5,0,0,0,0,0,0,0,1,1,6,6,3,-1,-1,-1,-1,-1,-1,-1,-1,0,-1
2021421039396,2021,421039396,2,9,0,18,19,7,3,0,0,0,0,0,0,0,1,1,1,1,1,36,7,-1,-1,-1,-1,9,E01021456,0,-1
2021471030398,2021,471030398,1,9,0,18,19,7,3,0,0,0,0,0,0,0,1,1,6,6,3,-1,-1,-1,-1,-1,-1,-1,-1,0,-1
2021010299858,2021,010299858,2,9,0,18,19,3,7,0,0,8,0,0,0,0,1,1,6,6,3,-1,-1,-1,-1,-1,-1,-1,-1,0,-1
2021501056645,2021,501056645,2,1,0,18,19,2,6,0,0,8,0,0,0,0,4,1,6,6,1,22,5,-1,-1,-1,-1,1,E01015266,0,-1
2021101050353,2021,101050353,3,9,0,7,7,8,2,0,0,8,0,0,0,0,0,1,6,6,3,-1,-1,-1,-1,-1,-1,-1,-1,0,-1
2021010336329,2021,010336329,2,1,0,18,19,3,7,0,0,1,5,0,0,0,3,1,6,6,1,19,4,-1,-1,-1,-1,6,E01001853,0,-1
2021010313017,2021,010313017,2,1,0,18,19,1,5,9,9,1,5,0,1,0,0,1,6,6,1,35,6,-1,-1,-1,-1,3,E01000957,0,-1
2021361055888,2021,361055888,2,1,0,18,19,7,3,0,0,8,5,0,7,0,3,1,5,6,1,59,9,-1,-1,-1,-1,5,E01026438,0,-1
2021332100523,2021,332100523,1,9,0,18,19,3,7,0,0,8,0,0,1,11,1,1,6,6,1,84,11,-1,-1,-1,-1,4,E01025933,0,-1
2021544404321,2021,544404321,1,1,0,18,19,1,5,0,0,0,0,4,0,0,1,1,6,6,1,10,2,-1,-1,-1,-1,9,E01031841,0,-1
2021010325197,2021,010325197,2,9,0,99,99,9,9,0,0,8,0,0,0,0,1,1,6,6,3,-1,-1,-1,-1,-1,-1,-1,-1,0,-1
202131B196921,2021,31B196921,1,10,0,7,7,6,8,0,0,3,5,10,0,0,1,1,6,6,1,34,6,-1,-1,-1,-1,2,E01028311,0,-1
2021161102254,2021,161102254,1,9,0,18,19,1,5,0,0,0,0,0,0,0,1,1,6,6,2,49,8,-1,-1,-1,-1,7,E01013248,0,-1
2021430566365,2021,430566365,2,9,0,13,13,8,4,0,0,0,0,0,0,0,4,1,6,6,3,-1,-1,-1,-1,-1,-1,-1,-1,0,-1
2021440010995,2021,440010995,1,22,0,18,19,3,7,0,0,8,0,0,0,0,1,1,6,6,2,51,8,-1,-1,-1,-1,4,E01017034,0,-1
2021531128064,2021,531128064,1,9,0,18,19,-1,-1,0,0,0,0,0,1,0,4,1,6,6,3,-1,-1,-1,-1,-1,-1,-1,-1,0,-1
2021421076320,2021,421076320,1,5,0,18,19,7,2,0,0,0,1,11,4,0,1,1,2,2,1,19,4,-1,-1,-1,-1,9,E01021961,0,-1
2021010303918,2021,010303918,2,1,0,18,19,1,5,9,9,6,0,0,0,0,0,1,6,6,2,22,5,-1,-1,-1,-1,2,E01003093,0,-1
2021411073562,2021,411073562,1,9,0,5,5,5,5,0,0,0,0,0,0,0,1,1,5,6,1,26,6,-1,-1,-1,-1,4,E01023794,0,-1
2021531049642,2021,531049642,2,1,0,18,19,-1,-1,5,5,0,-1,-1,0,0,-1,1,4,7,1,15,3,-1,-1,-1,-1,6,E01022348,0,-1
2021101087748,2021,101087748,5,9,0,9,9,1,5,0,0,0,0,0,0,0,0,1,5,6,1,35,6,-1,-1,-1,-1,5,E01008224,0,-1
2021991114621,2021,991114621,2,1,0,18,19,4,8,0,0,1,1,0,0,0,1,1,6,6,1,27,6,-1,-1,-1,-1,7,-1,0,-1
2021501120437,2021,501120437,2,9,0,3,3,2,6,0,0,1,0,0,0,0,1,1,6,6,3,-1,-1,-1,-1,-1,-1,-1,-1,0,-1
2021430027109,2021,430027109,2,9,0,9,9,8,6,0,0,8,0,0,0,0,2,1,1,1,1,30,6,-1,-1,-1,-1,5,E01009714,0,-1
2021041050472,2021,041050472,1,1,0,18,19,1,5,0,0,3,0,0,0,0,1,1,6,6,2,12,3,-1,-1,-1,-1,6,E01025421,0,-1
2021201073409,2021,201073409,1,9,0,14,14,6,2,0,0,1,0,0,0,0,1,1,6,6,2,-1,-1,-1,-1,-1,-1,-1,-1,0,-1
202160Z076082,2021,60Z076082,1,9,0,18,19,6,2,0,0,0,5,0,7,11,1,1,6,6,2,19,4,-1,-1,-1,-1,-1,-1,0,-1
202163C071821,2021,63C071821,2,-1,0,18,19,2,6,0,0,8,0,0,0,0,4,1,6,6,1,33,6,-1,-1,-1,-1,3,W01000588,1,-1
2021170H11001,2021,170H11001,1,2,0,18,19,6,2,9,9,0,0,0,0,0,1,1,6,6,3,-1,-1,-1,-1,-1,-1,-1,-1,0,-1
2021231060132,2021,231060132,1,97,0,18,19,5,1,0,0,8,0,0,0,0,1,1,5,6,3,26,6,-1,-1,-1,-1,-1,-1,0,-1
2021052100165,2021,052100165,1,8,0,16,19,1,3,0,0,2,0,0,0,0,1,1,6,6,3,-1,-1,-1,-1,-1,-1,-1,-1,0,-1
2021552100246,2021,552100246,2,1,0,18,19,4,8,0,0,0,0,0,0,0,1,1,6,6,1,62,9,-1,-1,-1,-1,5,E01020500,0,-1
2021552101119,2021,552101119,1,1,0,18,19,1,5,0,0,0,0,0,0,0,1,1,6,6,1,71,10,-1,-1,-1,-1,6,E01020531,0,-1
2021461047265,2021,461047265,1,9,0,4,4,3,7,0,0,0,0,0,0,0,0,1,6,6,3,-1,-1,-1,-1,-1,-1,-1,-1,0,-1
2021010316031,2021,010316031,3,9,0,18,19,4,8,0,0,0,0,4,0,0,1,1,6,6,3,-1,-1,-1,-1,-1,-1,-1,-1,0,-1
2021201137219,2021,201137219,2,1,0,18,19,8,4,0,0,0,0,10,1,10,1,1,6,6,1,18,4,-1,-1,-1,-1,3,E01009552,0,-1
2021430315673,2021,430315673,1,5,0,18,19,5,1,0,0,0,0,0,0,0,1,1,6,6,1,50,8,-1,-1,-1,-1,7,E01023347,0,-1
202163A018721,2021,63A018721,1,9,0,18,19,6,2,0,0,8,0,0,0,0,1,1,1,1,2,44,7,-1,-1,-1,-1,7,W01000573,0,-1
2021131087685,2021,131087685,1,9,0,-1,-1,-1,-1,-1,-1,-1,-1,-1,-1,-1,-1,1,6,6,3,-1,-1,-1,-1,-1,-1,-1,-1,0,-1
2021461126703,2021,461126703,1,9,4,18,19,1,5,0,0,0,1,11,0,0,1,1,1,1,1,62,9,-1,-1,-1,-1,4,E01014704,0,-1
2021010296788,2021,010296788,2,1,0,18,19,3,7,0,0,8,0,0,0,0,1,1,1,1,1,48,8,-1,-1,-1,-1,5,E01004370,0,-1
2021101029467,2021,101029467,1,1,0,18,19,7,3,0,0,1,0,0,0,0,4,1,4,7,1,12,3,-1,-1,-1,-1,1,E01008846,0,-1
2021221036877,2021,221036877,2,9,0,7,7,3,7,0,0,5,0,0,0,0,0,1,5,6,1,54,8,-1,-1,-1,-1,6,E01022222,0,-1
2021440281884,2021,440281884,2,1,0,13,13,1,5,0,0,8,0,0,0,0,1,1,6,6,1,23,5,-1,-1,-1,-1,-1,-1,0,-1
2021201141394,2021,201141394,2,1,0,9,9,6,4,0,0,6,0,0,0,0,1,1,6,6,1,17,4,-1,-1,-1,-1,10,E01029531,0,-1
2021421092636,2021,421092636,2,1,0,18,19,8,7,9,9,0,0,0,0,0,2,1,6,6,1,78,11,-1,-1,-1,-1,5,E01015989,0,-1
2021041094015,2021,041094015,2,1,0,18,19,3,7,0,0,1,0,0,0,0,1,1,6,6,1,19,4,-1,-1,-1,-1,-1,-1,0,-1
202154A227721,2021,54A227721,1,9,0,1,1,1,5,0,0,0,0,4,0,0,2,1,6,6,3,-1,-1,-1,-1,-1,-1,-1,-1,0,-1
2021010342480,2021,010342480,1,1,9,99,99,9,9,99,99,9,9,99,9,99,9,1,6,6,1,32,6,-1,-1,-1,-1,6,E01001565,0,-1
2021138211216,2021,138211216,2,9,0,9,9,8,6,0,0,6,0,0,0,0,1,1,6,6,3,-1,-1,-1,-1,-1,-1,-1,-1,0,-1
2021451080474,2021,451080474,1,98,0,11,11,5,1,0,0,1,0,0,0,0,1,1,6,6,3,50,8,-1,-1,-1,-1,-1,-1,0,-1
2021231056350,2021,231056350,1,23,0,18,19,3,7,0,0,1,0,0,0,0,1,1,5,6,1,22,5,-1,-1,-1,-1,9,E01031151,0,-1
2021052100654,2021,052100654,2,1,0,18,19,6,2,0,0,2,0,0,0,0,1,1,6,6,1,36,7,-1,-1,-1,-1,1,E01006599,0,-1
2021201116646,2021,201116646,1,9,0,9,9,7,5,0,0,6,0,0,0,0,4,1,6,6,1,-1,-1,-1,-1,-1,-1,-1,-1,0,-1
2021430102766,2021,430102766,1,9,0,18,19,1,5,0,0,0,0,0,0,0,4,1,6,6,3,-1,-1,-1,-1,-1,-1,-1,-1,0,-1
2021010323980,2021,010323980,1,1,0,18,19,7,3,4,4,1,0,0,0,0,1,1,2,2,1,64,9,-1,-1,-1,-1,4,E01004401,0,-1
2021010288186,2021,010288186,1,9,0,99,99,9,9,99,99,0,9,99,9,99,1,9,6,6,3,-1,-1,-1,-1,-1,-1,-1,-1,0,-1
2021010346225,2021,010346225,2,98,0,99,99,9,9,99,99,9,9,99,9,99,1,9,6,6,3,-1,-1,-1,-1,-1,-1,-1,-1,0,-1
202131C034621,2021,31C034621,2,-1,0,18,19,7,3,0,0,6,0,0,0,0,1,1,6,6,1,17,4,-1,-1,-1,-1,1,E01013962,1,-1
2021010347296,2021,010347296,1,9,0,18,19,5,1,0,0,2,0,4,0,0,1,1,6,6,1,37,7,-1,-1,-1,-1,2,E01003097,0,-1
2021010338958,2021,010338958,2,9,0,99,99,9,9,99,99,5,9,99,9,99,9,9,6,6,3,-1,-1,-1,-1,-1,-1,8,E01001924,0,-1
2021010325900,2021,010325900,2,1,0,5,5,7,3,0,0,1,0,0,0,0,2,1,1,1,1,18,4,-1,-1,-1,-1,-1,-1,0,-1
2021522103192,2021,522103192,2,1,0,16,19,1,5,0,0,2,0,0,8,-1,0,1,6,6,1,21,5,-1,-1,-1,-1,-1,-1,0,-1
2021131071690,2021,131071690,1,1,0,5,5,5,1,0,0,8,0,0,0,0,4,1,5,6,2,8,2,-1,-1,-1,-1,3,E01010747,0,-1
2021302101438,2021,302101438,2,9,0,18,19,8,4,0,0,0,0,4,0,0,1,1,1,1,3,-1,-1,-1,-1,-1,-1,5,E01019456,0,-1
2021471048081,2021,471048081,1,1,0,18,19,8,4,0,0,0,0,0,0,0,0,1,5,6,1,44,7,-1,-1,-1,-1,6,E01020950,0,-1
2021991110818,2021,991110818,1,9,0,18,19,4,8,0,0,1,0,0,0,0,1,1,6,6,2,40,7,-1,-1,-1,-1,-1,-1,0,-1
2021141029974,2021,141029974,1,9,0,13,13,1,5,0,0,0,0,0,0,0,1,1,6,6,3,-1,-1,-1,-1,-1,-1,-1,-1,0,-1
2021170M11271,2021,170M11271,2,1,0,18,19,2,6,0,0,8,0,0,0,0,1,1,6,6,1,24,5,-1,-1,-1,-1,1,E01012252,0,-1
2021401035232,2021,401035232,2,1,0,18,19,7,3,0,0,8,0,0,0,0,1,1,5,6,1,53,8,-1,-1,-1,-1,10,E01023700,0,-1
202131C178421,2021,31C178421,2,-1,0,18,19,8,4,0,0,2,1,0,4,6,4,1,6,6,1,19,4,-1,-1,-1,-1,2,E01028110,1,-1
2021351130955,2021,351130955,2,1,0,18,19,3,7,0,0,8,0,0,0,0,1,1,6,6,2,38,7,-1,-1,-1,-1,9,E01018032,0,-1
2021361017064,2021,361017064,2,9,0,9,9,1,7,0,0,8,0,0,0,0,4,1,5,6,1,63,9,-1,-1,-1,-1,6,E01029926,0,-1
2021332100075,2021,332100075,1,9,0,18,19,4,8,0,0,1,0,0,7,11,1,1,6,6,1,43,7,-1,-1,-1,-1,2,E01010718,0,-1
2021361060039,2021,361060039,3,1,0,18,19,4,8,0,0,8,0,0,0,0,3,1,5,6,1,48,8,-1,-1,-1,-1,4,E01018077,0,-1
2021430157364,2021,430157364,2,1,0,18,19,7,3,4,4,1,0,0,0,0,1,1,6,6,1,30,6,-1,-1,-1,-1,7,E01028708,0,-1
2021010322785,2021,010322785,1,1,9,99,99,9,9,99,99,9,9,99,9,99,9,1,2,2,2,37,7,-1,-1,-1,-1,6,E01001387,0,-1
2021061097870,2021,061097870,1,90,0,18,19,1,5,0,0,1,0,0,0,0,1,1,6,6,3,30,6,-1,-1,-1,-1,-1,-1,0,-1
2021332100055,2021,332100055,1,98,0,10,10,8,7,0,0,8,0,0,0,0,2,1,1,1,1,28,6,-1,-1,-1,-1,10,E01028382,0,-1
2021131074557,2021,131074557,2,1,0,18,19,3,7,0,0,8,0,0,0,0,3,1,6,6,1,53,8,-1,-1,-1,-1,3,E01011014,0,-1
2021141047715,2021,141047715,1,9,0,9,9,8,7,0,0,8,0,0,0,0,1,1,6,6,1,45,7,-1,-1,-1,-1,2,E01007871,0,-1
2021361105409,2021,361105409,1,9,0,10,10,5,1,0,0,0,0,0,0,0,0,1,6,6,3,-1,-1,-1,-1,-1,-1,-1,-1,0,-1
2021010342504,2021,010342504,2,1,0,9,9,4,2,0,0,8,0,0,0,0,4,1,6,6,1,14,3,-1,-1,-1,-1,2,E01032565,0,-1
2021061107162,2021,061107162,3,98,0,18,19,1,5,0,0,1,0,0,0,0,1,1,5,6,3,30,6,-1,-1,-1,-1,-1,-1,0,-1
2021010341974,2021,010341974,1,9,0,18,19,8,4,0,0,1,0,0,0,0,0,1,6,6,3,-1,-1,-1,-1,-1,-1,-1,-1,0,-1
2021061030445,2021,061030445,1,9,0,18,19,1,1,0,0,1,0,0,0,0,1,1,6,6,3,-1,-1,-1,-1,-1,-1,-1,-1,0,-1
2021010315979,2021,010315979,2,9,0,99,99,9,9,99,99,9,9,99,9,99,1,9,6,6,3,-1,-1,-1,-1,-1,-1,-1,-1,0,-1
2021332100971,2021,332100971,2,9,0,2,2,0,0,0,0,0,0,0,0,0,3,1,6,6,2,28,6,-1,-1,-1,-1,10,E01013793,0,-1
2021131109752,2021,131109752,2,1,0,18,19,7,3,0,0,0,0,0,0,0,4,1,5,6,1,12,3,-1,-1,-1,-1,2,E01011914,0,-1
2021991080890,2021,991080890,3,9,0,3,3,4,2,0,0,1,0,0,0,0,2,1,5,6,2,74,10,-1,-1,-1,-1,2,-1,0,-1
2021010332936,2021,010332936,2,1,0,5,5,3,7,4,4,1,1,0,0,0,1,1,6,6,1,58,9,-1,-1,-1,-1,4,E01003608,0,-1
2021332100497,2021,332100497,2,3,0,18,19,1,5,0,0,6,1,10,0,0,1,1,6,6,1,17,4,-1,-1,-1,-1,4,E01013614,0,-1
2021170L11271,2021,170L11271,1,9,0,18,19,5,1,0,0,0,0,0,0,0,1,1,6,6,1,-1,-1,-1,-1,-1,-1,-1,-1,0,-1
2021461073800,2021,461073800,2,1,0,17,19,7,4,0,0,0,0,0,0,0,3,1,6,6,2,16,4,-1,-1,-1,-1,8,E01024085,0,-1
202163D025521,2021,63D025521,2,9,0,17,19,1,6,0,0,1,1,0,0,0,1,1,6,6,3,-1,-1,-1,-1,-1,-1,-1,-1,0,-1
2021052101978,2021,052101978,2,1,0,18,19,5,1,0,0,3,0,0,0,0,3,1,6,6,1,31,6,-1,-1,-1,-1,5,E01007173,0,-1
2021201102502,2021,201102502,1,9,0,18,19,8,4,0,0,8,0,0,1,0,2,1,6,6,1,42,7,-1,-1,-1,-1,2,E01009641,0,-1
2021421086740,2021,421086740,1,9,0,18,19,7,3,0,0,0,0,0,7,0,3,1,6,6,1,29,6,-1,-1,-1,-1,8,E01021444,0,-1
2021010300052,2021,010300052,1,1,9,99,99,9,9,99,99,9,9,99,9,99,1,1,6,6,1,18,4,-1,-1,-1,-1,1,E01004322,0,-1
2021010302525,2021,010302525,2,9,0,99,99,9,9,99,99,9,9,99,9,99,9,9,6,6,3,-1,-1,-1,-1,-1,-1,-1,-1,0,-1
2021461027278,2021,461027278,1,5,0,18,19,5,3,0,0,0,1,0,0,0,0,1,5,6,1,58,9,-1,-1,-1,-1,8,E01024354,0,-1
2021332100250,2021,332100250,1,9,0,18,19,2,6,0,0,0,0,0,0,0,1,1,6,6,2,75,10,-1,-1,-1,-1,1,E01013727,0,-1
2021302101448,2021,302101448,3,9,0,18,19,8,4,0,0,1,0,0,0,0,0,1,6,6,3,-1,-1,-1,-1,-1,-1,5,E01019456,0,-1
2021430449862,2021,430449862,2,9,0,18,19,7,3,0,0,6,0,0,0,0,1,1,6,6,3,-1,-1,-1,-1,-1,-1,-1,-1,0,-1
2021440013554,2021,440013554,1,19,0,9,9,6,4,0,0,8,0,0,0,0,3,1,1,1,1,58,9,-1,-1,-1,-1,3,E01017335,0,-1
2021440377979,2021,440377979,1,1,0,18,19,1,5,9,9,0,0,0,0,0,0,1,6,6,1,27,6,-1,-1,-1,-1,3,E01017051,0,-1
2021302101080,2021,302101080,2,1,0,18,19,6,2,0,0,0,0,0,0,0,1,1,6,6,1,46,8,-1,-1,-1,-1,8,E01019747,0,-1
2021201078660,2021,201078660,1,9,0,18,19,8,4,0,0,6,0,0,0,0,1,1,6,6,3,-1,-1,-1,-1,-1,-1,-1,-1,0,-1
2021471087687,2021,471087687,1,9,0,18,19,1,5,0,0,0,0,0,0,0,1,1,5,6,1,70,10,-1,-1,-1,-1,7,E01021088,0,-1
2021991192626,2021,991192626,2,1,0,5,5,4,1,0,0,0,0,0,7,0,1,1,6,6,1,13,3,-1,-1,-1,-1,-1,-1,0,-1
2021461119101,2021,461119101,1,21,1,18,19,7,3,0,0,1,0,0,0,0,2,1,6,6,1,49,8,-1,-1,-1,-1,-1,-1,0,-1
2021061127917,2021,061127917,2,1,0,18,19,7,3,0,0,0,0,4,0,0,1,1,6,6,1,59,9,-1,-1,-1,-1,9,E01004989,0,-1
2021552101325,2021,552101325,2,1,0,18,19,4,8,0,0,8,0,0,0,0,1,1,6,6,1,50,8,-1,-1,-1,-1,6,E01020398,0,-1
2021010327936,2021,010327936,2,1,0,18,19,3,7,0,0,8,5,0,0,0,3,1,6,6,1,30,6,-1,-1,-1,-1,3,E01001836,0,-1
2021302101116,2021,302101116,1,1,0,18,19,4,8,0,0,8,0,0,0,0,1,1,2,2,1,38,7,-1,-1,-1,-1,5,E01019532,0,-1
2021471029265,2021,471029265,2,9,0,17,19,4,1,0,0,0,0,0,0,0,-1,1,6,6,3,-1,-1,-1,-1,-1,-1,-1,-1,0,-1
2021041128985,2021,041128985,1,9,0,-1,-1,-1,-1,-1,-1,0,-1,-1,-1,0,-1,1,6,6,3,-1,-1,-1,-1,-1,-1,-1,-1,0,-1
2021471061855,2021,471061855,1,1,0,18,19,6,2,0,0,8,2,0,0,0,1,1,6,6,1,-1,-1,-1,-1,-1,-1,-1,-1,0,-1
2021041031839,2021,041031839,2,9,0,18,19,5,1,0,0,0,0,0,0,0,1,1,6,6,3,-1,-1,-1,-1,-1,-1,-1,-1,0,-1