collision_index,collision_year,collision_ref_no,vehicle_reference,vehicle_type,towing_and_articulation,vehicle_manoeuvre_historic,vehicle_manoeuvre,vehicle_direction_from,vehicle_direction_to,vehicle_location_restricted_lane_historic,vehicle_location_restricted_lane,junction_location,skidding_and_overturning,hit_object_in_carriageway,vehicle_leaving_carriageway,hit_object_off_carriageway,first_point_of_impact,vehicle_left_hand_drive,journey_purpose_of_driver_historic,journey_purpose_of_driver,sex_of_driver,age_of_driver,age_band_of_driver,engine_capacity_cc,propulsion_code,age_of_vehicle,generic_make_model,driver_imd_decile,lsoa_of_driver,escooter_flag,driver_distance_banding
202106J079133,2021,06J079133,1,9,0,18,19,5,1,0,0,0,2,0,7,0,1,1,6,6,1,28,6,-1,-1,-1,-1,1,E01005766,0,-1
2021351033933,2021,351033933,1,1,0,9,9,2,6,0,0,8,0,0,0,0,3,1,6,6,1,58,9,-1,-1,-1,-1,8,E01017966,0,-1
202154A335921,2021,54A335921,2,9,0,14,14,8,4,0,0,1,0,0,0,0,1,1,6,6,1,27,6,-1,-1,-1,-1,2,E01015537,0,-1
2021461045855,2021,461045855,1,11,0,18,19,1,5,0,0,0,0,0,0,0,1,1,6,6,1,-1,-1,-1,-1,-1,-1,-1,-1,0,-1
2021991030513,2021,991030513,2,1,0,18,19,8,4,0,0,3,0,0,0,0,4,1,2,2,2,28,6,-1,-1,-1,-1,4,-1,0,-1
2021010305757,2021,010305757,1,9,0,16,19,2,6,0,0,1,0,0,0,0,1,1,1,1,1,50,8,-1,-1,-1,-1,8,E01002322,0,-1
202160Z127907,2021,60Z127907,2,3,0,18,19,1,5,0,0,2,0,0,0,0,1,1,6,6,1,21,5,-1,-1,-1,-1,-1,-1,0,-1
202131C059821,2021,31C059821,1,9,0,18,19,3,7,0,0,8,0,0,0,0,1,1,6,6,3,-1,-1,-1,-1,-1,-1,-1,-1,0,-1
2021010323472,2021,010323472,1,1,0,18,19,5,1,4,4,8,0,0,7,0,1,1,6,6,1,18,4,-1,-1,-1,-1,8,E01023297,0,-1
2021332101526,2021,332101526,1,9,0,18,19,4,8,0,0,0,0,0,0,0,0,1,6,6,1,73,10,-1,-1,-1,-1,-1,-1,0,-1
2021070146245,2021,070146245,2,1,0,3,3,8,4,0,0,0,0,0,0,0,3,1,6,6,1,17,4,-1,-1,-1,-1,2,E01012383,0,-1
202131C056221,2021,31C056221,1,9,0,16,19,1,5,0,0,8,0,0,0,0,4,1,6,6,2,41,7,-1,-1,-1,-1,2,E01013836,0,-1
2021401109212,2021,401109212,1,9,0,18,19,5,1,0,0,0,0,0,0,0,1,1,6,6,3,-1,-1,-1,-1,-1,-1,-1,-1,0,-1
2021201061289,2021,201061289,1,9,0,18,19,2,6,0,0,0,0,0,0,0,1,1,6,6,1,-1,-1,-1,-1,-1,-1,-1,-1,0,-1
2021461023782,2021,461023782,3,19,0,5,5,8,4,0,0,4,0,0,0,0,2,1,6,6,3,-1,-1,-1,-1,-1,-1,-1,-1,0,-1
2021061043420,2021,061043420,2,-1,0,18,19,8,4,0,0,1,0,0,0,0,1,1,6,6,2,15,3,-1,-1,-1,-1,1,E01005256,1,-1
2021501111045,2021,501111045,1,1,0,18,19,7,3,0,0,0,5,4,0,0,1,1,6,6,1,49,8,-1,-1,-1,-1,5,E01020283,0,-1
202163A076821,2021,63A076821,2,1,0,18,19,4,8,0,0,1,0,0,0,0,3,1,6,6,1,35,6,-1,-1,-1,-1,6,W01000630,0,-1
2021138220232,2021,138220232,1,9,0,18,19,7,3,0,0,0,1,0,1,11,1,1,6,6,1,54,8,-1,-1,-1,-1,1,E01010680,0,-1
2021421014003,2021,421014003,2,9,0,3,3,4,8,0,0,1,0,0,0,0,2,1,1,1,1,70,10,-1,-1,-1,-1,3,E01015922,0,-1
2021010287269,2021,010287269,1,9,0,18,19,7,3,9,9,0,0,0,7,2,1,1,6,6,1,74,10,-1,-1,-1,-1,9,E01003382,0,-1
2021991042230,2021,991042230,2,9,0,18,19,8,4,0,0,1,0,0,0,0,2,1,1,1,1,30,6,-1,-1,-1,-1,1,-1,0,-1
202131C008821,2021,31C008821,2,1,0,18,19,5,1,0,0,8,0,0,0,0,1,1,6,6,1,42,7,-1,-1,-1,-1,3,E01013944,0,-1
2021010287993,2021,010287993,1,9,0,18,19,4,8,0,0,1,0,0,1,11,1,1,6,6,1,21,5,-1,-1,-1,-1,3,E01003563,0,-1
2021201117662,2021,201117662,1,9,0,18,19,8,4,0,0,4,0,0,0,0,1,1,6,6,3,-1,-1,-1,-1,-1,-1,-1,-1,0,-1
2021010299233,2021,010299233,2,1,0,18,19,3,7,0,0,8,0,0,0,0,4,1,1,1,1,30,6,-1,-1,-1,-1,2,E01003290,0,-1
202131D136521,2021,31D136521,1,9,0,18,19,1,5,0,0,0,2,0,1,4,1,1,6,6,1,49,8,-1,-1,-1,-1,8,E01028420,0,-1
2021552100428,2021,552100428,1,9,0,5,5,1,5,9,9,6,0,0,0,0,3,1,6,6,3,-1,-1,-1,-1,-1,-1,-1,-1,0,-1
2021622100143,2021,622100143,2,1,0,18,19,2,6,0,0,0,0,0,0,0,2,1,6,6,1,63,9,-1,-1,-1,-1,9,W01000807,0,-1
2021552100557,2021,552100557,2,19,0,18,19,1,5,0,0,8,0,0,0,0,1,1,6,6,1,50,8,-1,-1,-1,-1,7,E01020540,0,-1
202160Z060639,2021,60Z060639,1,1,0,18,19,8,4,0,0,1,0,0,0,0,3,1,6,6,2,40,7,-1,-1,-1,-1,-1,-1,0,-1
2021010305088,2021,010305088,1,-1,9,99,99,9,9,99,99,9,9,99,9,99,9,9,6,6,3,-1,-1,-1,-1,-1,-1,-1,-1,1,-1
2021302100586,2021,302100586,2,9,0,18,19,6,2,0,0,0,0,0,0,0,3,1,6,6,3,-1,-1,-1,-1,-1,-1,5,E01019456,0,-1
2021010313233,2021,010313233,2,1,0,18,19,8,4,0,0,0,0,0,0,0,1,1,1,1,1,38,7,-1,-1,-1,-1,4,E01002065,0,-1
2021161115410,2021,161115410,1,98,0,18,19,3,7,0,0,0,0,0,0,0,3,1,1,1,1,-1,-1,-1,-1,-1,-1,-1,-1,0,-1
202163D005521,2021,63D005521,1,9,0,17,19,1,6,0,0,0,2,0,7,10,3,1,2,2,2,35,6,-1,-1,-1,-1,7,W01000488,0,-1
2021440407634,2021,440407634,2,1,0,18,19,6,2,0,0,0,0,0,0,0,2,1,6,6,1,24,5,-1,-1,-1,-1,7,E01023012,0,-1
2021010346000,2021,010346000,1,1,9,99,99,9,9,99,99,9,9,99,9,99,1,1,2,2,1,32,6,-1,-1,-1,-1,2,E01033491,0,-1
2021010307981,2021,010307981,2,1,0,9,9,1,6,0,0,8,0,0,0,0,1,1,2,2,1,33,6,-1,-1,-1,-1,2,E01001745,0,-1
2021622100945,2021,622100945,2,1,0,18,19,1,5,0,0,8,1,0,0,0,1,1,2,2,1,42,7,-1,-1,-1,-1,1,W01001696,0,-1
202163A076821,2021,63A076821,1,9,0,13,13,4,8,0,0,1,0,0,0,0,4,1,6,6,1,72,10,-1,-1,-1,-1,1,W01000733,0,-1
2021522102840,2021,522102840,2,1,0,18,19,1,5,0,0,8,0,0,0,0,1,1,6,6,1,34,6,-1,-1,-1,-1,1,E01032515,0,-1
2021041090752,2021,041090752,2,1,0,18,19,5,1,0,0,0,0,0,0,0,2,1,6,6,1,23,5,-1,-1,-1,-1,1,E01025286,0,-1
2021010339744,2021,010339744,2,97,0,18,19,1,5,0,0,1,0,0,0,0,1,1,6,6,3,-1,-1,-1,-1,-1,-1,-1,-1,0,-1
20211381M0363,2021,1381M0363,1,9,0,18,19,8,4,0,0,0,0,0,0,0,1,1,6,6,3,-1,-1,-1,-1,-1,-1,-1,-1,0,-1
2021010350826,2021,010350826,1,9,0,18,19,2,6,0,0,0,0,0,0,0,1,1,6,6,3,-1,-1,-1,-1,-1,-1,-1,-1,0,-1
2021010311437,2021,010311437,3,9,0,4,4,3,7,0,0,2,0,0,0,0,0,1,1,1,1,43,7,-1,-1,-1,-1,2,E01003988,0,-1
2021010308503,2021,010308503,1,1,9,99,99,9,9,99,99,9,9,99,9,99,9,1,2,2,1,45,7,-1,-1,-1,-1,10,E01023670,0,-1
2021131048863,2021,131048863,1,8,0,4,4,1,5,0,0,1,0,0,0,0,-1,1,6,6,3,-1,-1,-1,-1,-1,-1,-1,-1,0,-1
202160Z155698,2021,60Z155698,1,9,0,18,19,7,3,0,0,4,0,0,0,0,1,1,6,6,1,45,7,-1,-1,-1,-1,-1,-1,0,-1
2021131124335,2021,131124335,2,17,0,4,4,5,1,0,0,8,0,0,0,0,3,1,1,1,1,49,8,-1,-1,-1,-1,-1,-1,0,-1
2021061110177,2021,061110177,1,19,0,18,19,2,6,0,0,1,0,0,0,0,1,1,6,6,3,30,6,-1,-1,-1,-1,-1,-1,0,-1
2021520102486,2021,520102486,2,1,0,18,19,8,4,0,0,8,0,0,0,0,1,1,4,7,1,15,3,-1,-1,-1,-1,3,E01029096,0,-1
202160Z155740,2021,60Z155740,1,9,0,18,19,8,4,0,0,1,0,0,0,0,1,1,6,6,2,27,6,-1,-1,-1,-1,-1,-1,0,-1
2021440343356,2021,440343356,2,1,0,18,19,1,5,0,0,8,0,0,0,0,3,1,6,6,1,32,6,-1,-1,-1,-1,1,E01017103,0,-1
2021991076985,2021,991076985,2,1,0,18,19,5,1,0,0,8,0,0,0,0,1,1,5,6,2,39,7,-1,-1,-1,-1,9,-1,0,-1
2021552100370,2021,552100370,2,1,0,18,19,2,6,0,0,8,0,0,0,0,1,1,6,6,1,46,8,-1,-1,-1,-1,10,E01015315,0,-1
2021041064715,2021,041064715,1,98,0,18,19,1,5,0,0,0,0,0,0,0,0,1,6,6,3,-1,-1,-1,-1,-1,-1,-1,-1,0,-1
2021451116738,2021,451116738,1,1,0,18,19,2,4,0,0,1,0,0,0,0,1,1,6,6,1,53,8,-1,-1,-1,-1,-1,-1,0,-1
2021052101142,2021,052101142,1,9,0,1,1,2,6,0,0,0,0,0,0,0,2,1,1,1,1,37,7,-1,-1,-1,-1,3,E01006747,0,-1
2021522101656,2021,522101656,2,9,0,7,7,5,7,0,0,8,0,0,0,0,1,1,6,6,3,-1,-1,-1,-1,-1,-1,-1,-1,0,-1
202160Z119823,2021,60Z119823,2,9,0,1,1,1,3,0,0,0,0,0,0,0,2,1,6,6,2,51,8,-1,-1,-1,-1,-1,-1,0,-1
2021201114083,2021,201114083,1,9,0,18,19,-1,-1,0,0,8,0,0,0,0,1,1,6,6,1,61,9,-1,-1,-1,-1,9,E01009433,0,-1
2021430517822,2021,430517822,2,9,0,2,2,0,0,9,9,0,0,0,7,11,2,1,6,6,3,22,5,-1,-1,-1,-1,10,E01016666,0,-1
2021501096833,2021,501096833,1,9,0,16,19,3,7,0,0,0,1,0,1,0,1,1,5,6,1,39,7,-1,-1,-1,-1,7,E01014514,0,-1
2021041011467,2021,041011467,4,9,0,2,2,0,0,0,0,0,0,0,0,0,2,1,6,6,3,-1,-1,-1,-1,-1,-1,-1,-1,0,-1
2021041096003,2021,041096003,1,1,0,18,19,4,6,4,4,1,0,0,0,0,1,1,2,2,1,22,5,-1,-1,-1,-1,7,E01025108,0,-1
2021070435567,2021,070435567,2,19,0,2,2,0,0,0,0,0,0,0,0,0,3,1,1,1,1,24,5,-1,-1,-1,-1,2,E01011262,0,-1
2021010288942,2021,010288942,1,9,0,99,99,9,9,99,99,9,9,99,9,99,1,9,6,6,1,66,10,-1,-1,-1,-1,2,E01000151,0,-1
202134WNC0241,2021,34WNC0241,2,1,0,18,19,8,4,0,0,0,0,0,0,0,2,1,6,6,1,17,4,-1,-1,-1,-1,-1,-1,0,-1
2021332100406,2021,332100406,1,9,0,18,19,1,5,0,0,0,0,0,0,0,1,1,6,6,1,30,6,-1,-1,-1,-1,1,E01013664,0,-1
2021421049315,2021,421049315,1,9,0,18,19,5,1,0,0,0,0,0,0,0,1,1,6,6,1,-1,-1,-1,-1,-1,-1,-1,-1,0,-1
2021461030423,2021,461030423,2,1,0,18,19,3,7,0,0,0,0,0,0,0,1,1,2,2,2,51,8,-1,-1,-1,-1,3,E01024599,0,-1
2021430250959,2021,430250959,1,97,0,18,19,6,2,0,0,8,0,0,1,0,1,1,6,6,1,-1,-1,-1,-1,-1,-1,-1,-1,0,-1
2021991086654,2021,991086654,2,9,0,16,19,3,7,0,0,0,0,0,0,0,1,1,6,6,2,27,6,-1,-1,-1,-1,8,E01012062,0,-1
2021010307180,2021,010307180,2,1,0,18,19,1,5,0,0,1,0,0,0,0,1,1,6,6,1,26,6,-1,-1,-1,-1,7,E01033093,0,-1
2021520200735,2021,520200735,2,9,0,9,9,5,2,0,0,6,0,0,0,0,2,1,6,6,1,48,8,-1,-1,-1,-1,-1,-1,0,-1
2021010347716,2021,010347716,2,90,9,99,99,9,9,99,99,9,9,99,9,99,9,9,6,6,2,49,8,-1,-1,-1,-1,3,E01000432,0,-1
2021430201881,2021,430201881,2,9,0,18,19,6,2,0,0,8,0,0,0,0,0,1,6,6,2,30,6,-1,-1,-1,-1,9,E01032950,0,-1
2021010350600,2021,010350600,2,1,0,18,19,7,3,0,0,1,0,0,0,0,1,1,6,6,2,49,8,-1,-1,-1,-1,7,E01004500,0,-1
2021332100066,2021,332100066,1,9,0,18,19,6,2,0,0,8,0,0,0,0,1,1,6,6,2,42,7,-1,-1,-1,-1,3,E01013626,0,-1
2021531034991,2021,531034991,3,1,0,18,19,-1,-1,0,0,0,0,0,0,0,0,1,5,6,1,47,8,-1,-1,-1,-1,2,E01031914,0,-1
2021430516902,2021,430516902,2,9,0,18,19,8,4,0,0,0,0,0,0,0,1,1,6,6,2,-1,-1,-1,-1,-1,-1,-1,-1,0,-1
202131A121321,2021,31A121321,1,9,0,17,19,6,2,9,9,0,0,4,2,11,1,1,6,6,1,-1,-1,-1,-1,-1,-1,-1,-1,0,-1
2021991129977,2021,991129977,2,1,0,18,19,5,8,4,4,8,0,0,0,0,3,1,5,6,1,63,9,-1,-1,-1,-1,10,-1,0,-1
202131B036221,2021,31B036221,2,1,0,18,19,3,7,0,0,0,0,0,1,0,2,1,6,6,1,48,8,-1,-1,-1,-1,5,E01028036,0,-1
2021302100333,2021,302100333,2,1,0,18,19,6,2,0,0,1,1,0,0,0,1,1,6,6,1,54,8,-1,-1,-1,-1,3,E01019692,0,-1
2021010327775,2021,010327775,1,1,9,18,19,1,5,99,99,8,9,99,9,99,1,1,6,6,1,15,3,-1,-1,-1,-1,7,E01000862,0,-1
2021610020121,2021,610020121,2,1,0,18,19,8,4,0,0,8,1,0,0,0,2,1,6,6,1,44,7,-1,-1,-1,-1,-1,-1,0,-1
2021052102629,2021,052102629,1,9,0,18,19,1,5,0,0,0,0,0,0,0,1,1,6,6,3,-1,-1,-1,-1,-1,-1,-1,-1,0,-1
2021141048571,2021,141048571,2,1,0,18,19,4,8,0,0,1,0,0,0,0,1,1,6,6,1,52,8,-1,-1,-1,-1,1,E01007509,0,-1
2021461021553,2021,461021553,1,21,1,7,7,2,6,6,6,0,0,10,1,0,4,1,1,1,1,66,10,-1,-1,-1,-1,-1,-1,0,-1
2021610050121,2021,610050121,2,1,0,18,19,3,7,0,0,1,0,0,0,0,1,1,6,6,1,3,1,-1,-1,-1,-1,-1,-1,0,-1
2021010320206,2021,010320206,1,1,9,99,99,9,9,99,99,9,9,99,9,99,9,1,6,6,3,33,6,-1,-1,-1,-1,1,E01003245,0,-1
2021010303654,2021,010303654,1,1,9,99,99,9,9,99,99,9,9,99,9,99,9,1,6,6,1,28,6,-1,-1,-1,-1,3,E01032784,0,-1
2021010323467,2021,010323467,2,1,9,99,99,9,9,99,99,0,9,99,9,99,9,1,2,2,1,27,6,-1,-1,-1,-1,5,E01004610,0,-1
2021101088186,2021,101088186,1,90,0,4,4,5,1,0,0,0,0,0,0,0,1,1,5,6,3,10,2,-1,-1,-1,-1,-1,-1,0,-1
2021201150026,2021,201150026,1,9,0,18,19,1,5,0,0,8,0,0,0,0,1,1,6,6,3,-1,-1,-1,-1,-1,-1,-1,-1,0,-1
2021131106198,2021,131106198,1,9,0,-1,-1,-1,-1,-1,-1,1,-1,-1,-1,0,-1,1,6,6,3,-1,-1,-1,-1,-1,-1,-1,-1,0,-1
2021430169321,2021,430169321,1,1,0,7,7,2,4,0,0,8,0,0,0,0,2,1,6,6,1,79,11,-1,-1,-1,-1,10,E01030806,0,-1
2021552100828,2021,552100828,2,1,0,18,19,8,4,4,4,8,0,0,0,0,1,1,6,6,1,38,7,-1,-1,-1,-1,6,E01015460,0,-1
2021010343509,2021,010343509,2,9,0,18,19,7,3,0,0,1,0,0,0,0,0,1,6,6,1,-1,-1,-1,-1,-1,-1,-1,-1,0,-1
2021332100672,2021,332100672,3,9,0,2,2,0,0,9,9,2,0,0,0,0,4,1,6,6,3,-1,-1,-1,-1,-1,-1,8,E01025764,0,-1
2021041059542,2021,041059542,2,1,0,18,19,5,1,0,0,1,0,0,0,0,1,1,6,6,1,60,9,-1,-1,-1,-1,6,E01012730,0,-1
2021440251447,2021,440251447,2,1,0,18,19,5,8,0,0,8,0,0,0,0,4,1,6,6,1,32,6,-1,-1,-1,-1,3,E01017266,0,-1
2021461031591,2021,461031591,1,98,0,17,19,4,8,0,0,0,0,0,0,0,1,1,6,6,3,-1,-1,-1,-1,-1,-1,-1,-1,0,-1
2021991079263,2021,991079263,1,9,0,18,19,7,3,0,0,0,0,0,0,0,1,1,1,1,2,31,6,-1,-1,-1,-1,1,-1,0,-1
2021010313958,2021,010313958,1,10,0,7,7,1,3,0,0,2,0,0,0,0,0,1,1,1,1,55,8,-1,-1,-1,-1,5,E01002083,0,-1
2021440329239,2021,440329239,2,1,0,18,19,3,7,0,0,0,0,0,0,0,1,1,6,6,1,42,7,-1,-1,-1,-1,4,E01017137,0,-1
2021302100363,2021,302100363,1,9,0,18,19,8,4,0,0,1,0,0,0,0,3,1,6,6,1,26,6,-1,-1,-1,-1,5,E01013518,0,-1
2021052101149,2021,052101149,2,1,0,18,19,8,4,0,0,8,0,0,0,0,4,1,6,6,1,26,6,-1,-1,-1,-1,1,E01006690,0,-1
2021201081473,2021,201081473,1,9,0,18,19,2,6,0,0,8,0,0,0,0,1,1,6,6,3,-1,-1,-1,-1,-1,-1,-1,-1,0,-1
2021231035418,2021,231035418,1,-1,0,18,19,5,1,0,0,6,0,0,0,0,1,1,5,6,1,16,4,-1,-1,-1,-1,-1,-1,1,-1
2021061119935,2021,061119935,2,1,0,18,19,8,4,4,4,8,0,0,0,0,3,1,6,6,1,65,9,-1,-1,-1,-1,1,E01006351,0,-1
2021010319653,2021,010319653,2,1,0,7,7,3,5,9,9,7,5,0,1,0,1,1,6,6,2,41,7,-1,-1,-1,-1,2,E01002712,0,-1
2021010324898,2021,010324898,3,9,0,15,15,5,1,0,0,8,0,0,0,0,0,1,6,6,3,-1,-1,-1,-1,-1,-1,-1,-1,0,-1
2021052100888,2021,052100888,2,1,0,18,19,2,6,0,0,4,0,0,0,0,1,1,6,6,1,62,9,-1,-1,-1,-1,1,E01006633,0,-1
2021010328536,2021,010328536,2,1,0,18,19,5,1,0,0,0,0,4,0,0,1,1,1,1,1,19,4,-1,-1,-1,-1,3,E01003574,0,-1
2021131051041,2021,131051041,2,1,0,17,19,5,1,0,0,1,0,0,0,0,1,1,5,6,1,24,5,-1,-1,-1,-1,4,E01011157,0,-1
2021501134017,2021,501134017,2,1,0,18,19,3,5,0,0,0,5,0,0,0,4,1,5,6,1,20,4,-1,-1,-1,-1,4,E01018980,0,-1
2021411139837,2021,411139837,2,98,5,11,11,1,5,0,0,0,0,0,0,0,0,1,6,6,3,-1,-1,-1,-1,-1,-1,-1,-1,0,-1
2021041125894,2021,041125894,2,1,0,18,19,7,3,0,0,8,0,0,0,0,1,1,6,6,1,50,8,-1,-1,-1,-1,1,E01012687,0,-1
2021010328937,2021,010328937,1,9,0,5,5,3,7,0,0,4,0,0,0,0,1,1,1,1,1,38,7,-1,-1,-1,-1,1,E01013841,0,-1
2021061109620,2021,061109620,2,11,0,18,19,2,6,0,0,0,0,0,0,0,1,1,1,1,1,55,8,-1,-1,-1,-1,1,E01033687,0,-1
2021501064017,2021,501064017,2,1,0,18,19,1,5,0,0,0,0,0,0,0,1,1,6,6,1,58,9,-1,-1,-1,-1,7,E01018827,0,-1
2021371121446,2021,371121446,2,8,0,9,9,6,3,0,0,8,0,0,0,0,1,1,5,6,2,52,8,-1,-1,-1,-1,6,E01029919,0,-1
2021052102760,2021,052102760,1,9,0,6,6,3,3,0,0,0,0,0,0,0,0,1,3,7,3,-1,-1,-1,-1,-1,-1,-1,-1,0,-1
2021332100203,2021,332100203,1,9,0,18,19,2,6,0,0,0,0,0,0,0,1,1,1,1,1,32,6,-1,-1,-1,-1,10,E01025846,0,-1
2021010318272,2021,010318272,2,9,0,99,99,9,9,99,99,9,9,99,9,99,9,9,6,6,3,-1,-1,-1,-1,-1,-1,-1,-1,0,-1
2021010351696,2021,010351696,2,1,0,14,14,3,7,0,0,2,0,4,0,0,3,1,6,6,1,47,8,-1,-1,-1,-1,2,E01003576,0,-1
2021061074548,2021,061074548,1,11,0,5,5,6,2,0,0,8,0,0,0,0,0,1,1,1,3,30,6,-1,-1,-1,-1,-1,-1,0,-1
2021440167583,2021,440167583,3,-1,0,18,19,8,3,0,0,1,0,0,0,0,1,1,6,6,1,30,6,-1,-1,-1,-1,1,E01032750,1,-1
2021138310186,2021,138310186,1,9,0,18,19,1,5,0,0,0,0,0,1,2,1,1,6,6,2,25,5,-1,-1,-1,-1,8,E01011694,0,-1
2021430487000,2021,430487000,3,9,0,4,4,6,2,0,0,0,0,0,0,0,2,1,6,6,1,62,9,-1,-1,-1,-1,10,E01017801,0,-1
2021010313707,2021,010313707,1,1,9,99,99,9,9,99,99,9,9,99,9,99,9,1,6,6,1,43,7,-1,-1,-1,-1,4,E01001140,0,-1
2021430172782,2021,430172782,1,11,0,18,19,6,2,0,0,1,0,0,0,0,1,1,1,1,1,49,8,-1,-1,-1,-1,-1,-1,0,-1
2021010293131,2021,010293131,2,9,0,5,5,5,1,0,0,1,0,0,0,0,2,1,2,2,2,53,8,-1,-1,-1,-1,5,E01030664,0,-1
202131C104821,2021,31C104821,1,9,0,11,11,2,7,0,0,1,0,0,0,0,4,1,6,6,3,-1,-1,-1,-1,-1,-1,-1,-1,0,-1
2021010348307,2021,010348307,2,1,0,5,5,3,7,0,0,1,0,0,0,0,4,1,2,2,1,43,7,-1,-1,-1,-1,8,E01024351,0,-1
2021622100283,2021,622100283,2,1,0,9,9,8,6,0,0,8,0,0,0,0,3,1,6,6,2,50,8,-1,-1,-1,-1,1,W01001835,0,-1
202160Z096281,2021,60Z096281,2,1,0,18,19,3,7,0,0,0,0,0,0,0,1,1,6,6,1,47,8,-1,-1,-1,-1,-1,-1,0,-1
2021010301666,2021,010301666,1,1,9,99,99,9,9,99,99,9,9,99,9,99,9,1,6,6,1,-1,-1,-1,-1,-1,-1,-1,-1,0,-1
2021131057081,2021,131057081,1,1,0,15,15,1,5,0,0,0,0,0,0,0,3,1,5,6,2,13,3,-1,-1,-1,-1,1,E01010819,0,-1
2021010327483,2021,010327483,1,1,9,99,99,9,9,99,99,9,9,99,9,99,1,1,2,2,3,43,7,-1,-1,-1,-1,5,E01003414,0,-1
2021522104972,2021,522104972,1,9,0,18,19,7,3,0,0,8,0,0,0,0,1,1,6,6,3,-1,-1,-1,-1,-1,-1,-1,-1,0,-1
2021451031114,2021,451031114,2,1,0,7,7,3,7,0,0,1,0,0,0,0,2,1,6,6,3,40,7,-1,-1,-1,-1,-1,-1,0,-1
202163D084721,2021,63D084721,2,1,0,4,4,2,6,0,0,1,0,0,0,0,0,1,6,6,1,64,9,-1,-1,-1,-1,8,E01032373,0,-1
2021061102696,2021,061102696,2,9,0,7,7,4,8,0,0,1,0,0,0,0,1,1,6,6,3,30,6,-1,-1,-1,-1,-1,-1,0,-1
2021461037516,2021,461037516,1,9,0,5,5,2,6,9,9,1,0,0,0,0,1,1,6,6,2,-1,-1,-1,-1,-1,-1,-1,-1,0,-1
2021501107102,2021,501107102,1,9,0,15,15,1,5,0,0,8,0,0,0,0,0,1,6,6,1,45,7,-1,-1,-1,-1,6,E01018917,0,-1
2021010313358,2021,010313358,1,1,9,99,99,9,9,99,99,9,9,99,9,99,2,1,6,6,1,25,5,-1,-1,-1,-1,6,E01002129,0,-1
2021461054658,2021,461054658,1,9,0,18,19,3,7,0,0,1,0,0,0,0,4,1,6,6,3,-1,-1,-1,-1,-1,-1,-1,-1,0,-1
2021201128396,2021,201128396,2,19,0,2,2,0,0,0,0,0,0,0,0,0,3,1,5,6,1,29,6,-1,-1,-1,-1,2,E01009265,0,-1
2021010316157,2021,010316157,2,9,9,99,99,9,9,99,99,9,9,99,9,99,1,9,6,6,3,33,6,-1,-1,-1,-1,3,E01003180,0,-1
2021131070870,2021,131070870,2,1,0,18,19,6,2,0,0,0,0,0,0,0,1,1,5,6,1,33,6,-1,-1,-1,-1,3,E01033010,0,-1
2021430316024,2021,430316024,1,9,0,16,19,4,7,0,0,1,0,0,7,9,1,1,6,6,2,74,10,-1,-1,-1,-1,9,E01016539,0,-1
2021421033214,2021,421033214,1,9,0,9,9,5,2,0,0,2,0,11,0,0,0,1,6,6,3,-1,-1,-1,-1,-1,-1,-1,-1,0,-1
2021461127419,2021,461127419,1,9,0,4,4,5,1,0,0,0,0,0,0,0,1,1,6,6,1,42,7,-1,-1,-1,-1,8,E01024763,0,-1
2021371113615,2021,371113615,2,1,0,-1,-1,-1,-1,-1,-1,0,-1,-1,-1,0,-1,1,4,7,1,14,3,-1,-1,-1,-1,-1,-1,0,-1
2021010324811,2021,010324811,2,9,0,99,99,9,9,99,99,9,9,99,9,99,9,9,6,6,3,-1,-1,-1,-1,-1,-1,-1,-1,0,-1
2021010341607,2021,010341607,2,1,0,18,19,1,5,0,0,8,0,0,0,0,1,1,2,2,1,47,8,-1,-1,-1,-1,4,E01001225,0,-1
2021010350183,2021,010350183,2,90,9,99,99,9,9,99,99,0,9,99,9,99,9,9,6,6,3,-1,-1,-1,-1,-1,-1,-1,-1,0,-1
202160Z144391,2021,60Z144391,1,19,0,18,19,8,4,0,0,0,5,0,7,9,1,1,2,2,1,34,6,-1,-1,-1,-1,-1,-1,0,-1
202131D111921,2021,31D111921,1,11,0,5,5,4,8,0,0,0,0,0,0,0,0,1,1,1,1,28,6,-1,-1,-1,-1,1,E01013920,0,-1
2021201148586,2021,201148586,1,9,0,18,19,-1,-1,0,0,0,0,0,0,0,1,1,6,6,3,-1,-1,-1,-1,-1,-1,-1,-1,0,-1
2021010343616,2021,010343616,1,9,0,17,19,1,7,0,0,6,0,0,0,0,1,1,1,1,1,32,6,-1,-1,-1,-1,3,E01000392,0,-1
2021041079881,2021,041079881,2,1,0,18,19,7,3,0,0,8,0,0,0,0,4,1,5,6,1,78,11,-1,-1,-1,-1,8,E01025010,0,-1
2021010305427,2021,010305427,2,1,0,18,19,5,1,0,0,1,0,0,0,0,4,1,6,6,2,27,6,-1,-1,-1,-1,1,E01004301,0,-1
2021991088930,2021,991088930,1,1,0,18,19,5,1,0,0,2,0,0,0,0,1,1,6,6,1,38,7,-1,-1,-1,-1,2,-1,0,-1
2021010329556,2021,010329556,1,1,9,99,99,9,9,99,99,9,9,99,9,99,9,1,6,6,1,32,6,-1,-1,-1,-1,7,E01001569,0,-1
2021111069237,2021,111069237,1,9,0,18,19,7,3,0,0,1,0,0,0,0,1,1,6,6,2,30,6,-1,-1,-1,-1,-1,-1,0,-1
2021201124625,2021,201124625,2,1,0,18,19,4,8,0,0,8,0,0,0,0,4,1,1,1,1,27,6,-1,-1,-1,-1,3,E01008988,0,-1
2021010344692,2021,010344692,1,19,0,99,99,9,9,99,99,0,9,99,9,99,1,9,6,6,3,-1,-1,-1,-1,-1,-1,-1,-1,0,-1
2021122101312,2021,122101312,1,21,0,9,9,8,6,0,0,5,0,0,0,0,1,1,1,1,1,53,8,-1,-1,-1,-1,-1,-1,0,-1
2021522201287,2021,522201287,2,9,0,18,19,3,7,0,0,8,0,0,0,0,1,1,6,6,1,32,6,-1,-1,-1,-1,6,E01014929,0,-1
2021501046696,2021,501046696,1,5,0,18,19,8,4,0,0,8,0,0,0,0,3,1,5,6,1,21,5,-1,-1,-1,-1,3,E01015168,0,-1
202160Z098567,2021,60Z098567,2,9,0,4,4,6,2,0,0,0,0,0,1,1,2,1,6,6,1,29,6,-1,-1,-1,-1,-1,-1,0,-1
2021010335153,2021,010335153,1,9,0,99,99,9,9,99,99,0,9,99,9,99,1,9,6,6,3,-1,-1,-1,-1,-1,-1,-1,-1,0,-1