collision_index,collision_year,collision_ref_no,vehicle_reference,vehicle_type,towing_and_articulation,vehicle_manoeuvre_historic,vehicle_manoeuvre,vehicle_direction_from,vehicle_direction_to,vehicle_location_restricted_lane_historic,vehicle_location_restricted_lane,junction_location,skidding_and_overturning,hit_object_in_carriageway,vehicle_leaving_carriageway,hit_object_off_carriageway,first_point_of_impact,vehicle_left_hand_drive,journey_purpose_of_driver_historic,journey_purpose_of_driver,sex_of_driver,age_of_driver,age_band_of_driver,engine_capacity_cc,propulsion_code,age_of_vehicle,generic_make_model,driver_imd_decile,lsoa_of_driver,escooter_flag,driver_distance_banding
2021010303938,2021,010303938,1,1,9,99,99,9,9,99,99,9,9,99,9,99,2,1,1,1,1,33,6,-1,-1,-1,-1,1,E01003986,0,-1
2021101020113,2021,101020113,2,9,0,2,2,0,0,0,0,0,0,0,0,0,0,1,6,6,3,-1,-1,-1,-1,-1,-1,-1,-1,0,-1
2021991019450,2021,991019450,1,9,0,18,19,4,8,0,0,1,0,0,4,1,4,1,2,2,2,30,6,-1,-1,-1,-1,7,-1,0,-1
2021010320878,2021,010320878,1,9,0,18,19,4,8,0,0,8,0,0,0,0,4,1,2,2,1,52,8,-1,-1,-1,-1,4,E01000416,0,-1
2021010296391,2021,010296391,2,1,0,18,19,7,3,0,0,8,5,0,0,0,4,1,6,6,1,24,5,-1,-1,-1,-1,2,E01001746,0,-1
2021061086298,2021,061086298,2,1,0,9,9,8,6,0,0,1,0,0,0,0,1,1,6,6,1,8,2,-1,-1,-1,-1,3,E01006235,0,-1
2021010337210,2021,010337210,1,9,0,99,99,9,9,0,0,1,0,0,0,0,9,1,6,6,3,-1,-1,-1,-1,-1,-1,-1,-1,0,-1
2021411052094,2021,411052094,1,9,0,5,5,2,6,0,0,0,0,0,0,0,4,1,5,6,1,51,8,-1,-1,-1,-1,6,E01023945,0,-1
2021610012621,2021,610012621,2,9,0,18,19,1,7,0,0,0,0,0,0,0,1,1,6,6,3,-1,-1,-1,-1,-1,-1,-1,-1,0,-1
2021201116695,2021,201116695,2,1,0,18,19,-1,-1,0,0,4,0,0,0,0,4,1,6,6,1,49,8,-1,-1,-1,-1,1,E01009756,0,-1
2021471077349,2021,471077349,1,9,0,18,19,7,3,0,0,0,0,0,0,0,1,1,5,6,1,77,11,-1,-1,-1,-1,9,E01021151,0,-1
2021211070012,2021,211070012,1,98,1,12,12,4,8,0,0,0,0,0,0,0,3,2,1,1,1,62,9,-1,-1,-1,-1,-1,-1,0,-1
2021010332891,2021,010332891,2,1,0,18,19,1,5,0,0,8,0,0,0,0,1,1,2,2,1,37,7,-1,-1,-1,-1,6,E01001408,0,-1
2021010333163,2021,010333163,2,1,0,18,19,1,5,0,0,1,0,0,0,0,1,1,2,2,2,35,6,-1,-1,-1,-1,3,E01001836,0,-1
2021361088841,2021,361088841,1,9,0,5,5,7,1,0,0,0,0,0,0,0,1,1,5,6,2,76,11,-1,-1,-1,-1,7,E01026676,0,-1
20211383Q1628,2021,1383Q1628,1,97,0,18,19,6,2,0,0,0,0,0,0,0,4,1,6,6,3,-1,-1,-1,-1,-1,-1,-1,-1,0,-1
2021302101332,2021,302101332,1,9,0,1,1,0,0,0,0,0,0,0,0,0,2,1,6,6,3,-1,-1,-1,-1,-1,-1,5,E01019456,0,-1
2021101035620,2021,101035620,2,2,0,18,19,5,1,0,0,0,0,0,0,0,1,1,5,6,1,16,4,-1,-1,-1,-1,-1,-1,0,-1
2021520100437,2021,520100437,1,1,0,18,19,4,8,0,0,0,0,0,0,0,1,1,6,6,2,56,9,-1,-1,-1,-1,5,E01029066,0,-1
202160Z123665,2021,60Z123665,2,1,0,18,19,5,8,0,0,8,0,0,0,0,2,1,6,6,1,64,9,-1,-1,-1,-1,-1,-1,0,-1
2021421014333,2021,421014333,3,9,0,18,19,7,3,0,0,0,0,0,0,0,4,1,2,2,1,30,6,-1,-1,-1,-1,5,E01000038,0,-1
2021052102634,2021,052102634,1,9,0,5,5,4,8,0,0,2,0,0,0,0,2,1,6,6,3,-1,-1,-1,-1,-1,-1,-1,-1,0,-1
2021052101670,2021,052101670,1,19,0,18,19,1,5,0,0,1,0,0,0,0,1,1,1,1,3,-1,-1,-1,-1,-1,-1,-1,-1,0,-1
2021131045424,2021,131045424,2,9,0,2,2,0,0,0,0,0,0,0,0,0,0,1,1,1,1,53,8,-1,-1,-1,-1,1,E01010839,0,-1
2021010309509,2021,010309509,1,97,9,99,99,9,9,99,99,9,9,99,9,99,9,9,6,6,1,33,6,-1,-1,-1,-1,4,E01000799,0,-1
2021440312934,2021,440312934,2,1,0,18,19,3,7,5,5,0,0,0,0,0,3,1,6,6,1,39,7,-1,-1,-1,-1,9,E01022930,0,-1
2021351121828,2021,351121828,1,1,0,18,19,4,7,0,0,0,0,0,1,10,2,1,1,1,1,37,7,-1,-1,-1,-1,4,E01026659,0,-1
2021451018810,2021,451018810,2,9,0,2,2,0,0,0,0,0,0,0,0,0,1,1,6,6,1,46,8,-1,-1,-1,-1,9,E01030911,0,-1
2021461088590,2021,461088590,2,20,1,3,3,7,3,0,0,0,0,0,0,0,4,1,1,1,1,53,8,-1,-1,-1,-1,-1,-1,0,-1
2021520200130,2021,520200130,1,9,0,18,19,8,4,0,0,8,0,0,0,0,0,1,6,6,1,40,7,-1,-1,-1,-1,3,E01029170,0,-1
2021041194507,2021,041194507,3,9,0,18,19,4,2,0,0,0,0,0,0,0,2,1,6,6,3,-1,-1,-1,-1,-1,-1,-1,-1,0,-1
2021543450721,2021,543450721,1,20,0,18,19,3,7,0,0,0,0,0,0,0,3,1,6,6,3,-1,-1,-1,-1,-1,-1,-1,-1,0,-1
2021061047863,2021,061047863,2,1,0,18,19,6,2,0,0,8,0,0,0,0,4,1,6,6,1,39,7,-1,-1,-1,-1,2,E01004980,0,-1
2021010342571,2021,010342571,2,1,0,16,19,5,1,0,0,5,0,0,0,0,4,1,2,2,1,37,7,-1,-1,-1,-1,2,E01002787,0,-1
202131D046721,2021,31D046721,2,1,0,18,19,6,2,0,0,8,0,0,0,0,1,1,6,6,1,21,5,-1,-1,-1,-1,8,E01028195,0,-1
2021122100812,2021,122100812,1,90,0,18,19,9,9,0,0,1,0,0,0,0,1,9,6,6,3,-1,-1,-1,-1,-1,-1,-1,-1,0,-1
2021461060429,2021,461060429,2,9,0,2,2,0,0,0,0,0,0,0,0,0,2,1,5,6,1,30,6,-1,-1,-1,-1,-1,-1,0,-1
2021371096455,2021,371096455,2,98,0,9,9,5,3,0,0,8,0,0,0,0,4,1,1,1,1,30,6,-1,-1,-1,-1,3,E01029888,0,-1
2021430175148,2021,430175148,1,9,0,18,19,6,2,0,0,0,0,0,0,0,0,1,1,1,2,30,6,-1,-1,-1,-1,7,E01028470,0,-1
2021501032303,2021,501032303,1,17,-1,-1,-1,8,4,-1,-1,0,-1,-1,-1,0,-1,1,6,6,3,-1,-1,-1,-1,-1,-1,-1,-1,0,-1
2021501041977,2021,501041977,2,1,0,4,4,1,5,0,0,0,0,0,0,0,1,1,2,2,2,34,6,-1,-1,-1,-1,5,E01018798,0,-1
2021991056719,2021,991056719,1,1,0,18,19,3,7,0,0,2,0,0,0,0,3,1,4,7,1,12,3,-1,-1,-1,-1,1,-1,0,-1
2021141077120,2021,141077120,1,9,0,16,19,4,8,0,0,1,0,0,0,0,1,1,5,6,1,47,8,-1,-1,-1,-1,1,E01007574,0,-1
2021070446976,2021,070446976,1,1,0,18,19,6,2,0,0,0,0,0,0,0,1,1,6,6,1,13,3,-1,-1,-1,-1,2,E01018710,0,-1
2021522105789,2021,522105789,2,1,0,18,19,8,4,0,0,8,0,0,0,0,1,1,6,6,1,18,4,-1,-1,-1,-1,3,E01014731,0,-1
202131C129921,2021,31C129921,1,9,0,6,6,4,4,0,0,0,0,0,0,0,3,1,6,6,3,-1,-1,-1,-1,-1,-1,-1,-1,0,-1
2021351068203,2021,351068203,2,1,0,5,5,4,8,3,2,1,0,0,0,0,1,1,6,6,1,18,4,-1,-1,-1,-1,8,E01018297,0,-1
2021332100431,2021,332100431,1,9,0,9,9,3,1,0,0,5,0,0,0,0,1,1,6,6,3,-1,-1,-1,-1,-1,-1,-1,-1,0,-1
2021010295399,2021,010295399,1,1,9,99,99,9,9,99,99,9,9,99,9,99,1,1,6,6,1,24,5,-1,-1,-1,-1,2,E01032787,0,-1
2021461073830,2021,461073830,2,9,0,2,2,0,0,0,0,1,0,0,0,0,3,1,5,6,1,59,9,-1,-1,-1,-1,9,E01024808,0,-1
202160Z176491,2021,60Z176491,1,9,0,18,19,1,5,0,0,0,0,0,0,0,4,1,6,6,1,47,8,-1,-1,-1,-1,-1,-1,0,-1
2021471081565,2021,471081565,2,1,0,18,19,4,8,4,4,1,0,0,0,0,1,1,5,6,2,51,8,-1,-1,-1,-1,7,E01017006,0,-1
2021010294768,2021,010294768,1,1,0,15,15,1,5,0,0,8,1,0,0,0,1,1,6,6,1,36,7,-1,-1,-1,-1,2,E01002735,0,-1
2021010345415,2021,010345415,3,11,0,99,99,9,9,99,99,9,9,99,9,99,9,9,6,6,3,-1,-1,-1,-1,-1,-1,-1,-1,0,-1
2021411020927,2021,411020927,2,1,0,18,19,1,5,0,0,0,0,0,0,0,4,1,2,2,1,33,6,-1,-1,-1,-1,-1,-1,0,-1
2021131091238,2021,131091238,2,90,0,2,2,0,0,0,0,0,0,0,7,11,2,1,6,6,3,-1,-1,-1,-1,-1,-1,-1,-1,0,-1
2021070597991,2021,070597991,1,1,0,14,14,6,2,0,0,0,0,0,0,0,2,1,6,6,1,-1,-1,-1,-1,-1,-1,-1,-1,0,-1
2021010298334,2021,010298334,1,9,0,7,7,3,6,0,0,5,0,0,0,0,3,1,1,1,1,51,8,-1,-1,-1,-1,1,E01033153,0,-1
2021052100864,2021,052100864,3,9,0,2,2,0,0,0,0,1,0,0,0,0,1,1,6,6,3,-1,-1,-1,-1,-1,-1,-1,-1,0,-1
2021010297837,2021,010297837,2,1,0,18,19,5,1,0,0,2,5,0,0,0,4,1,2,2,2,28,6,-1,-1,-1,-1,5,E01003131,0,-1
202160Z125890,2021,60Z125890,2,98,0,18,19,1,5,0,0,0,0,0,0,0,4,1,1,1,1,50,8,-1,-1,-1,-1,-1,-1,0,-1
2021041035919,2021,041035919,1,9,0,18,19,3,7,0,0,1,0,0,0,0,1,1,6,6,3,-1,-1,-1,-1,-1,-1,-1,-1,0,-1
2021122100570,2021,122100570,1,1,0,18,19,0,0,0,0,0,0,0,0,0,0,1,6,6,1,84,11,-1,-1,-1,-1,9,E01013388,0,-1
2021610027621,2021,610027621,1,9,0,18,19,6,2,0,0,1,0,11,0,0,4,1,6,6,1,73,10,-1,-1,-1,-1,-1,-1,0,-1
2021501042007,2021,501042007,2,1,0,18,19,3,7,0,0,0,0,0,0,0,3,1,6,6,1,-1,-1,-1,-1,-1,-1,4,E01018905,0,-1
2021010323545,2021,010323545,2,9,0,99,99,9,9,99,99,9,9,99,9,99,2,9,6,6,3,-1,-1,-1,-1,-1,-1,-1,-1,0,-1
2021421094889,2021,421094889,2,9,0,18,19,5,1,0,0,0,0,0,0,0,2,1,6,6,3,21,5,-1,-1,-1,-1,-1,-1,0,-1
2021361116702,2021,361116702,1,1,0,18,19,5,1,0,0,8,5,10,1,0,0,1,5,6,1,36,7,-1,-1,-1,-1,4,E01026925,0,-1
2021061028722,2021,061028722,2,1,0,18,19,1,1,0,0,0,0,0,0,0,1,1,6,6,2,15,3,-1,-1,-1,-1,3,E01005179,0,-1
2021201087390,2021,201087390,2,1,0,17,19,8,6,0,0,8,0,0,0,0,2,1,6,6,1,30,6,-1,-1,-1,-1,3,E01009621,0,-1
2021031065204,2021,031065204,1,19,0,9,9,1,3,0,0,6,1,0,0,0,3,1,1,1,1,22,5,-1,-1,-1,-1,4,E01019332,0,-1
2021061067038,2021,061067038,1,9,0,18,19,7,3,0,0,1,0,0,0,0,1,1,6,6,1,55,8,-1,-1,-1,-1,1,E01005201,0,-1
2021461018271,2021,461018271,1,9,0,18,19,7,3,0,0,0,0,0,0,0,1,1,6,6,1,28,6,-1,-1,-1,-1,5,E01024205,0,-1
2021991161890,2021,991161890,1,9,0,18,19,4,8,0,0,0,0,0,0,0,1,1,6,6,1,59,9,-1,-1,-1,-1,4,-1,0,-1
2021332100491,2021,332100491,1,9,0,7,7,5,7,0,0,6,0,0,1,1,3,1,6,6,1,72,10,-1,-1,-1,-1,1,E01013673,0,-1
2021332100546,2021,332100546,2,9,0,18,19,5,1,0,0,0,0,0,0,0,2,1,6,6,2,32,6,-1,-1,-1,-1,2,E01017474,0,-1
2021371093539,2021,371093539,2,1,0,18,19,1,5,0,0,0,0,0,0,0,1,1,6,6,2,-1,-1,-1,-1,-1,-1,-1,-1,0,-1
2021010346265,2021,010346265,2,1,0,18,19,5,1,0,0,1,5,0,1,0,1,1,6,6,1,36,7,-1,-1,-1,-1,7,E01003064,0,-1
2021052102172,2021,052102172,2,90,0,18,19,4,8,0,0,0,0,0,0,0,4,1,6,6,1,19,4,-1,-1,-1,-1,1,E01006558,0,-1
2021010323372,2021,010323372,2,19,0,7,7,5,8,0,0,1,0,0,0,0,4,9,6,6,3,-1,-1,-1,-1,-1,-1,-1,-1,0,-1
2021010300343,2021,010300343,1,1,9,99,99,9,9,99,99,0,9,99,9,99,9,1,2,2,2,30,6,-1,-1,-1,-1,2,E01004252,0,-1
2021401097564,2021,401097564,1,1,0,18,19,7,3,0,0,0,0,0,0,0,1,1,2,2,1,43,7,-1,-1,-1,-1,7,E01017464,0,-1
2021141038531,2021,141038531,2,1,0,9,9,3,7,0,0,8,0,0,0,0,3,1,5,6,1,49,8,-1,-1,-1,-1,9,E01007425,0,-1
2021052101606,2021,052101606,1,1,0,18,19,4,8,0,0,1,0,0,0,0,1,1,6,6,1,-1,-1,-1,-1,-1,-1,-1,-1,0,-1
2021461075377,2021,461075377,2,1,0,18,19,3,7,0,0,1,0,0,0,0,2,1,6,6,1,37,7,-1,-1,-1,-1,7,E01024465,0,-1
2021010315716,2021,010315716,1,1,9,99,99,9,9,99,99,9,9,99,9,99,1,1,6,6,1,26,6,-1,-1,-1,-1,6,E01002789,0,-1
2021161039653,2021,161039653,1,1,0,18,19,3,7,0,0,8,0,0,0,0,4,1,6,6,1,39,7,-1,-1,-1,-1,1,E01012862,0,-1
2021411095548,2021,411095548,2,9,0,13,13,3,7,0,0,0,0,0,0,0,4,1,6,6,1,-1,-1,-1,-1,-1,-1,-1,-1,0,-1
2021520102749,2021,520102749,2,21,0,18,19,5,1,0,0,0,0,0,0,0,3,1,6,6,3,-1,-1,-1,-1,-1,-1,-1,-1,0,-1
2021461015163,2021,461015163,1,9,0,18,19,1,5,0,0,1,0,0,0,0,4,1,5,6,2,36,7,-1,-1,-1,-1,2,E01004423,0,-1
2021421051007,2021,421051007,1,4,0,18,19,1,8,0,0,3,0,0,0,0,2,1,6,6,1,35,6,-1,-1,-1,-1,-1,-1,0,-1
2021010296760,2021,010296760,1,9,0,7,7,4,6,0,0,6,0,0,0,0,0,1,6,6,3,-1,-1,-1,-1,-1,-1,-1,-1,0,-1
2021471097069,2021,471097069,2,1,0,18,19,3,7,9,9,1,0,0,0,0,1,1,6,6,1,14,3,-1,-1,-1,-1,2,E01016978,0,-1
2021522105865,2021,522105865,2,-1,0,18,19,3,7,5,5,0,0,0,0,0,1,1,6,6,1,20,4,-1,-1,-1,-1,-1,-1,1,-1
2021010342105,2021,010342105,1,1,9,99,99,9,9,99,99,0,9,99,9,99,1,1,2,2,1,29,6,-1,-1,-1,-1,7,E01001380,0,-1
2021070511322,2021,070511322,2,9,0,17,19,5,1,0,0,0,0,0,0,0,3,1,6,6,2,31,6,-1,-1,-1,-1,1,E01014358,0,-1
2021430012028,2021,430012028,2,9,0,18,19,3,7,0,0,4,0,0,0,0,3,1,6,6,3,-1,-1,-1,-1,-1,-1,-1,-1,0,-1
2021471111893,2021,471111893,2,1,0,18,19,5,1,4,4,8,0,0,0,0,3,1,5,6,1,55,8,-1,-1,-1,-1,8,E01016888,0,-1
2021070183087,2021,070183087,1,1,0,18,19,3,7,0,0,1,0,10,1,0,1,1,6,6,1,62,9,-1,-1,-1,-1,6,E01012540,0,-1
2021010290340,2021,010290340,3,1,0,18,19,7,3,0,0,7,1,0,0,0,1,1,1,1,1,23,5,-1,-1,-1,-1,2,E01004219,0,-1
202163D051721,2021,63D051721,2,19,0,17,19,2,7,0,0,0,0,0,0,0,0,1,6,6,3,-1,-1,-1,-1,-1,-1,-1,-1,0,-1
2021010341097,2021,010341097,1,9,0,18,19,4,8,0,0,1,0,0,0,0,1,1,6,6,3,-1,-1,-1,-1,-1,-1,-1,-1,0,-1
2021010307053,2021,010307053,2,9,0,99,99,9,9,99,99,9,9,99,9,99,1,9,6,6,3,-1,-1,-1,-1,-1,-1,-1,-1,0,-1
2021101104653,2021,101104653,1,8,0,7,7,5,7,0,0,0,0,0,0,0,1,1,1,1,1,-1,-1,-1,-1,-1,-1,-1,-1,0,-1
2021010337338,2021,010337338,2,1,0,18,19,3,7,0,0,6,0,0,0,0,1,1,6,6,2,27,6,-1,-1,-1,-1,9,E01004504,0,-1
2021101028714,2021,101028714,2,1,0,18,19,7,3,0,0,3,5,0,0,0,2,1,5,6,1,50,8,-1,-1,-1,-1,5,E01027515,0,-1
2021440350975,2021,440350975,2,9,0,16,19,8,4,0,0,0,0,0,0,0,0,1,6,6,3,-1,-1,-1,-1,-1,-1,-1,-1,0,-1
2021101023294,2021,101023294,1,90,0,18,19,3,7,0,0,0,5,0,1,0,0,1,5,6,2,20,4,-1,-1,-1,-1,3,E01008405,0,-1
2021041093231,2021,041093231,1,97,0,18,19,1,5,0,0,1,0,0,0,0,1,1,6,6,3,-1,-1,-1,-1,-1,-1,-1,-1,0,-1
2021471017087,2021,471017087,2,9,0,2,2,0,0,0,0,8,0,0,0,0,1,1,6,6,3,-1,-1,-1,-1,-1,-1,-1,-1,0,-1
2021010310255,2021,010310255,1,1,9,99,99,9,9,99,99,9,9,99,9,99,1,1,2,2,1,36,7,-1,-1,-1,-1,4,E01004611,0,-1
2021430235247,2021,430235247,2,1,0,18,19,4,8,0,0,0,0,0,0,0,1,1,6,6,1,-1,-1,-1,-1,-1,-1,-1,-1,0,-1
2021010294761,2021,010294761,2,1,0,18,19,1,5,0,0,8,0,0,0,0,1,1,1,1,1,19,4,-1,-1,-1,-1,4,E01000978,0,-1
2021991027467,2021,991027467,2,9,0,10,10,2,8,0,0,1,0,0,0,0,2,1,5,6,1,48,8,-1,-1,-1,-1,7,-1,0,-1
2021610013121,2021,610013121,1,9,0,18,19,5,1,0,0,1,0,0,0,0,1,1,1,1,1,30,6,-1,-1,-1,-1,-1,-1,0,-1
2021031092053,2021,031092053,3,20,0,18,19,5,1,0,0,8,0,0,0,0,4,1,6,6,1,55,8,-1,-1,-1,-1,4,E01019276,0,-1
2021122100801,2021,122100801,1,9,0,18,19,4,8,0,0,0,0,0,0,0,2,1,2,2,1,61,9,-1,-1,-1,-1,4,E01008764,0,-1
202131B098721,2021,31B098721,1,9,0,9,9,8,6,0,0,3,0,0,0,0,0,1,6,6,2,-1,-1,-1,-1,-1,-1,-1,-1,0,-1
2021010345759,2021,010345759,1,1,9,99,99,9,9,99,99,9,9,99,9,99,1,1,6,6,1,32,6,-1,-1,-1,-1,4,E01004061,0,-1
2021440283906,2021,440283906,1,1,0,5,5,5,1,0,0,0,0,0,0,0,3,1,6,6,1,49,8,-1,-1,-1,-1,7,E01017049,0,-1
2021991097027,2021,991097027,1,1,0,18,19,8,4,0,0,0,0,0,0,0,2,1,6,6,3,18,4,-1,-1,-1,-1,-1,-1,0,-1
2021549425321,2021,549425321,2,1,0,18,19,6,2,0,0,0,0,0,0,0,3,1,6,6,1,51,8,-1,-1,-1,-1,3,E01031854,0,-1
2021543435321,2021,543435321,2,1,0,18,19,5,1,0,0,1,0,0,0,0,4,1,6,6,1,43,7,-1,-1,-1,-1,7,E01015583,0,-1
2021010319547,2021,010319547,2,9,0,99,99,9,9,99,99,9,9,99,9,99,2,9,6,6,2,46,8,-1,-1,-1,-1,-1,-1,0,-1
2021010333926,2021,010333926,1,1,9,99,99,9,9,99,99,9,9,99,9,99,2,1,6,6,3,32,6,-1,-1,-1,-1,4,E01033727,0,-1
2021201112548,2021,201112548,2,1,0,5,5,1,5,0,0,0,0,0,0,0,1,1,4,7,1,12,3,-1,-1,-1,-1,-1,-1,0,-1
2021010332894,2021,010332894,2,19,5,4,4,5,1,0,0,1,0,0,0,0,1,1,1,1,1,41,7,-1,-1,-1,-1,6,E01002162,0,-1
2021061028375,2021,061028375,1,2,0,18,19,6,2,0,0,0,0,0,0,0,1,1,5,6,1,15,3,-1,-1,-1,-1,1,E01005098,0,-1
2021430195090,2021,430195090,1,9,0,18,19,3,7,0,0,1,1,0,0,0,3,1,6,6,2,56,9,-1,-1,-1,-1,-1,-1,0,-1
2021231117005,2021,231117005,3,9,0,17,19,8,4,0,0,0,0,0,0,0,1,1,1,1,1,38,7,-1,-1,-1,-1,1,E01010283,0,-1
2021122101111,2021,122101111,1,9,0,7,7,8,2,0,0,8,0,0,0,0,4,1,6,6,3,-1,-1,-1,-1,-1,-1,-1,-1,0,-1
202160Z144773,2021,60Z144773,1,9,0,18,19,2,6,0,0,0,0,0,0,0,4,1,6,6,2,50,8,-1,-1,-1,-1,-1,-1,0,-1
2021010337028,2021,010337028,1,1,9,99,99,9,9,99,99,9,9,99,9,99,1,1,2,2,2,43,7,-1,-1,-1,-1,9,E01000804,0,-1
2021010321593,2021,010321593,2,1,0,18,19,7,3,0,0,1,0,0,0,0,3,1,1,1,1,20,4,-1,-1,-1,-1,-1,-1,0,-1
2021041055882,2021,041055882,1,98,0,18,19,3,7,0,0,1,0,7,0,0,1,1,1,1,1,35,6,-1,-1,-1,-1,7,E01024962,0,-1
2021141118718,2021,141118718,1,1,0,10,10,6,4,0,0,8,-1,-1,-1,0,-1,1,6,6,1,52,8,-1,-1,-1,-1,4,E01007788,0,-1
2021401068998,2021,401068998,1,21,1,15,15,3,7,0,0,4,0,0,0,0,0,1,1,1,1,58,9,-1,-1,-1,-1,3,E01000515,0,-1
2021201066469,2021,201066469,1,9,0,7,7,2,5,0,0,5,0,0,0,0,1,1,6,6,3,-1,-1,-1,-1,-1,-1,-1,-1,0,-1
2021411110716,2021,411110716,1,90,1,18,19,1,5,0,0,0,0,0,0,0,1,1,6,6,3,-1,-1,-1,-1,-1,-1,-1,-1,0,-1
2021451104123,2021,451104123,2,9,0,17,19,2,5,0,0,0,0,0,0,0,3,1,6,6,3,50,8,-1,-1,-1,-1,-1,-1,0,-1
2021201147418,2021,201147418,1,1,0,7,7,4,6,0,0,2,0,0,0,0,4,1,1,1,1,29,6,-1,-1,-1,-1,1,E01009204,0,-1
2021421061346,2021,421061346,1,90,0,18,19,7,3,9,9,0,2,0,0,0,1,1,4,7,2,13,3,-1,-1,-1,-1,9,E01033613,0,-1
2021522100114,2021,522100114,2,1,0,18,19,8,4,0,0,0,0,0,0,0,2,1,6,6,2,40,7,-1,-1,-1,-1,4,E01014570,0,-1
2021010337159,2021,010337159,2,1,0,5,5,1,5,0,0,1,2,0,0,0,1,1,2,2,1,30,6,-1,-1,-1,-1,4,E01003204,0,-1
2021332100388,2021,332100388,1,2,0,14,14,6,2,0,0,0,0,0,0,0,1,1,6,6,3,-1,-1,-1,-1,-1,-1,-1,-1,0,-1
2021201134293,2021,201134293,2,1,0,16,19,2,4,0,0,1,0,0,0,0,1,1,1,1,1,24,5,-1,-1,-1,-1,1,E01009410,0,-1
2021430213375,2021,430213375,2,90,0,18,19,2,6,0,0,1,0,0,0,0,1,1,6,6,3,-1,-1,-1,-1,-1,-1,-1,-1,0,-1
2021332100428,2021,332100428,2,98,0,18,19,5,1,0,0,0,0,0,0,0,1,1,1,1,1,42,7,-1,-1,-1,-1,8,E01013704,0,-1
2021010313001,2021,010313001,1,9,0,5,5,1,5,0,0,1,0,0,0,0,1,1,6,6,1,31,6,-1,-1,-1,-1,7,E01002142,0,-1
2021161083571,2021,161083571,2,90,0,18,19,2,6,0,0,0,0,0,0,0,1,1,6,6,3,-1,-1,-1,-1,-1,-1,-1,-1,0,-1
2021610062221,2021,610062221,2,1,0,18,19,7,3,0,0,8,0,0,0,0,4,1,1,1,1,54,8,-1,-1,-1,-1,-1,-1,0,-1
2021430010515,2021,430010515,1,9,0,18,19,1,5,0,0,0,0,0,0,0,1,1,6,6,1,31,6,-1,-1,-1,-1,10,E01022893,0,-1
202160Z183139,2021,60Z183139,1,5,0,7,7,4,8,0,0,7,0,0,0,0,3,1,6,6,2,24,5,-1,-1,-1,-1,-1,-1,0,-1
2021010353248,2021,010353248,2,9,0,18,19,5,1,0,0,0,0,0,0,0,3,2,6,6,1,25,5,-1,-1,-1,-1,3,E01004573,0,-1
2021010346219,2021,010346219,1,3,0,99,99,9,9,99,99,9,9,99,9,99,9,1,1,1,1,21,5,-1,-1,-1,-1,3,E01002646,0,-1
2021010333181,2021,010333181,1,3,0,99,99,9,9,99,99,9,9,99,9,99,9,9,6,6,3,-1,-1,-1,-1,-1,-1,-1,-1,0,-1
2021010314427,2021,010314427,1,1,0,18,19,3,7,4,4,9,0,0,9,0,1,1,6,6,1,46,8,-1,-1,-1,-1,2,E01004000,0,-1
2021430278916,2021,430278916,2,98,0,11,11,6,2,0,0,5,0,0,0,0,0,1,6,6,1,-1,-1,-1,-1,-1,-1,-1,-1,0,-1
2021411130751,2021,411130751,2,1,0,18,19,1,5,0,0,8,0,0,0,0,3,1,6,6,2,47,8,-1,-1,-1,-1,7,E01023636,0,-1
2021010318303,2021,010318303,2,9,0,18,19,3,7,0,0,0,0,0,0,0,1,1,6,6,3,-1,-1,-1,-1,-1,-1,-1,-1,0,-1
2021451021368,2021,451021368,1,90,0,9,9,6,8,0,0,0,0,0,0,0,1,1,1,1,1,48,8,-1,-1,-1,-1,2,E01016458,0,-1
202106A080112,2021,06A080112,1,9,0,18,19,5,1,0,0,1,0,0,0,0,1,1,6,6,1,30,6,-1,-1,-1,-1,-1,-1,0,-1
2021351124704,2021,351124704,2,22,0,5,5,5,1,0,0,1,0,0,0,0,1,1,6,6,1,26,6,-1,-1,-1,-1,9,E01017993,0,-1
2021010314566,2021,010314566,1,9,0,7,7,5,7,0,0,8,0,0,0,0,1,1,6,6,3,-1,-1,-1,-1,-1,-1,-1,-1,0,-1
2021221037422,2021,221037422,2,1,0,18,19,6,2,0,0,6,0,0,0,0,3,1,5,6,1,13,3,-1,-1,-1,-1,-1,-1,0,-1
2021332100536,2021,332100536,2,9,0,7,7,1,3,0,0,6,0,0,0,0,3,1,1,1,1,23,5,-1,-1,-1,-1,4,E01013617,0,-1
2021471059565,2021,471059565,2,1,0,18,19,3,7,0,0,8,0,0,0,0,0,1,6,6,1,66,10,-1,-1,-1,-1,5,E01031415,0,-1
2021070530386,2021,070530386,1,9,0,18,19,3,7,0,0,0,0,0,0,0,1,1,6,6,1,-1,-1,-1,-1,-1,-1,2,E01012466,0,-1
2021070247644,2021,070247644,1,1,0,5,5,4,8,0,0,0,0,0,0,0,1,1,4,7,1,11,3,-1,-1,-1,-1,10,E01018671,0,-1
2021430443262,2021,430443262,2,9,0,18,19,6,2,0,0,0,0,0,0,0,1,1,6,6,2,-1,-1,-1,-1,-1,-1,-1,-1,0,-1
2021041051579,2021,041051579,1,1,0,18,19,5,1,0,0,0,0,0,1,11,1,1,5,6,1,40,7,-1,-1,-1,-1,2,E01033223,0,-1
2021101057487,2021,101057487,1,1,-1,18,19,3,7,0,0,8,0,0,0,0,1,1,6,6,1,15,3,-1,-1,-1,-1,-1,-1,0,-1
2021010305465,2021,010305465,2,1,0,18,19,1,5,0,0,1,0,0,0,0,2,1,3,7,1,43,7,-1,-1,-1,-1,2,E01004023,0,-1
2021430204455,2021,430204455,2,9,0,18,19,3,7,0,0,8,0,0,0,0,3,1,6,6,2,32,6,-1,-1,-1,-1,9,E01032706,0,-1
2021041031113,2021,041031113,2,9,0,4,4,5,1,0,0,0,0,0,0,0,2,2,5,6,1,36,7,-1,-1,-1,-1,2,E01005354,0,-1
2021010314792,2021,010314792,1,1,9,99,99,9,9,99,99,9,9,99,9,99,1,1,2,2,1,37,7,-1,-1,-1,-1,3,E01002568,0,-1
2021010330274,2021,010330274,2,1,0,18,19,7,3,0,0,0,0,0,0,0,3,1,6,6,2,43,7,-1,-1,-1,-1,6,E01001270,0,-1
2021010332616,2021,010332616,2,1,0,18,19,7,3,0,0,8,0,0,0,0,1,1,6,6,1,58,9,-1,-1,-1,-1,2,E01003066,0,-1
2021010341642,2021,010341642,2,3,0,99,99,9,9,99,99,9,9,99,9,99,1,9,6,6,3,-1,-1,-1,-1,-1,-1,-1,-1,0,-1