collision_index,collision_year,collision_ref_no,vehicle_reference,vehicle_type,towing_and_articulation,vehicle_manoeuvre_historic,vehicle_manoeuvre,vehicle_direction_from,vehicle_direction_to,vehicle_location_restricted_lane_historic,vehicle_location_restricted_lane,junction_location,skidding_and_overturning,hit_object_in_carriageway,vehicle_leaving_carriageway,hit_object_off_carriageway,first_point_of_impact,vehicle_left_hand_drive,journey_purpose_of_driver_historic,journey_purpose_of_driver,sex_of_driver,age_of_driver,age_band_of_driver,engine_capacity_cc,propulsion_code,age_of_vehicle,generic_make_model,driver_imd_decile,lsoa_of_driver,escooter_flag,driver_distance_banding
2021471016905,2021,471016905,1,19,4,18,19,4,8,0,0,0,0,0,0,0,0,1,1,1,1,55,8,-1,-1,-1,-1,7,E01031633,0,-1
2021440308029,2021,440308029,1,-1,0,18,19,5,1,0,0,0,0,0,0,0,1,1,6,6,1,-1,-1,-1,-1,-1,-1,-1,-1,1,-1
2021552100997,2021,552100997,2,1,0,18,19,1,5,0,0,0,0,0,0,0,2,1,2,2,1,29,6,-1,-1,-1,-1,2,E01015288,0,-1
2021010352444,2021,010352444,1,1,0,4,4,3,7,8,6,5,0,0,0,0,4,1,1,1,1,27,6,-1,-1,-1,-1,3,E01003637,0,-1
2021351046834,2021,351046834,1,9,0,18,19,-1,-1,0,0,0,0,0,0,0,0,1,6,6,3,-1,-1,-1,-1,-1,-1,-1,-1,0,-1
2021461079802,2021,461079802,2,9,0,9,9,3,7,0,0,6,0,0,0,0,0,1,6,6,3,-1,-1,-1,-1,-1,-1,-1,-1,0,-1
2021332101552,2021,332101552,1,1,0,18,19,3,7,0,0,0,0,0,0,0,1,1,6,6,1,-1,-1,-1,-1,-1,-1,-1,-1,0,-1
2021131050351,2021,131050351,1,9,0,18,19,-1,-1,0,0,0,-1,-1,-1,-1,-1,1,6,6,3,-1,-1,-1,-1,-1,-1,-1,-1,0,-1
2021010308925,2021,010308925,2,1,0,13,13,7,3,0,0,6,0,4,3,0,4,1,1,1,1,18,4,-1,-1,-1,-1,2,E01001773,0,-1
2021471023423,2021,471023423,2,1,0,18,19,7,3,0,0,8,0,0,0,0,4,1,6,6,1,55,8,-1,-1,-1,-1,8,E01016995,0,-1
2021010306439,2021,010306439,1,1,9,99,99,9,9,99,99,9,9,99,9,99,1,1,6,6,1,25,5,-1,-1,-1,-1,8,E01004081,0,-1
2021131088212,2021,131088212,2,1,0,18,19,8,3,0,0,8,0,0,0,0,1,1,5,6,1,23,5,-1,-1,-1,-1,8,E01011243,0,-1
2021070744598,2021,070744598,3,9,0,4,4,7,6,0,0,7,0,0,0,0,2,1,2,2,1,42,7,-1,-1,-1,-1,5,E01006337,0,-1
202160Z185949,2021,60Z185949,1,9,0,18,19,2,6,0,0,0,0,12,0,0,1,1,2,2,1,57,9,-1,-1,-1,-1,-1,-1,0,-1
2021430544226,2021,430544226,1,1,0,18,19,5,1,0,0,1,0,0,0,0,1,1,6,6,2,63,9,-1,-1,-1,-1,6,E01016832,0,-1
2021010303417,2021,010303417,2,9,0,18,19,7,3,0,0,0,0,0,0,0,0,1,6,6,3,-1,-1,-1,-1,-1,-1,-1,-1,0,-1
2021451068183,2021,451068183,1,9,0,18,19,2,6,0,0,2,0,0,0,0,4,1,6,6,3,40,7,-1,-1,-1,-1,-1,-1,0,-1
2021010310211,2021,010310211,1,1,9,99,99,9,9,99,99,9,9,99,9,99,1,1,6,6,1,38,7,-1,-1,-1,-1,2,E01004238,0,-1
2021010349409,2021,010349409,2,9,0,99,99,9,9,99,99,0,9,99,9,99,2,9,6,6,3,-1,-1,-1,-1,-1,-1,-1,-1,0,-1
2021161031263,2021,161031263,1,9,0,18,19,5,1,0,0,0,0,0,0,0,1,1,5,6,1,52,8,-1,-1,-1,-1,1,E01013311,0,-1
2021010307211,2021,010307211,1,1,9,99,99,9,9,99,99,9,9,99,9,99,1,1,6,6,1,21,5,-1,-1,-1,-1,2,E01000544,0,-1
2021351013516,2021,351013516,1,9,0,18,19,6,2,0,0,8,0,0,1,0,1,1,1,1,1,57,9,-1,-1,-1,-1,10,E01018149,0,-1
2021361030196,2021,361030196,2,1,0,5,5,5,1,0,0,0,0,0,0,0,-1,1,6,6,1,37,7,-1,-1,-1,-1,8,E01026561,0,-1
2021610042921,2021,610042921,1,9,0,9,9,8,6,0,0,1,0,0,0,4,1,1,6,6,1,99,11,-1,-1,-1,-1,-1,-1,0,-1
2021201114531,2021,201114531,1,9,0,14,14,8,4,0,0,0,0,4,0,0,4,1,6,6,3,-1,-1,-1,-1,-1,-1,-1,-1,0,-1
2021351073651,2021,351073651,1,9,0,9,9,7,7,0,0,1,0,7,0,0,1,1,5,6,2,23,5,-1,-1,-1,-1,10,E01018274,0,-1
2021231025459,2021,231025459,2,1,0,18,19,1,5,5,5,1,0,0,0,0,1,1,5,6,1,69,10,-1,-1,-1,-1,10,E01031318,0,-1
2021461101252,2021,461101252,2,1,0,18,19,3,5,0,0,4,0,0,0,0,1,1,6,6,1,28,6,-1,-1,-1,-1,1,E01016024,0,-1
2021041092035,2021,041092035,3,9,0,18,19,3,7,0,0,1,0,4,0,0,1,1,6,6,3,-1,-1,-1,-1,-1,-1,-1,-1,0,-1
2021991038962,2021,991038962,1,1,0,9,9,8,6,0,0,8,0,0,0,0,2,1,5,6,1,49,8,-1,-1,-1,-1,8,-1,0,-1
2021010348288,2021,010348288,2,1,0,18,19,5,1,9,9,1,0,0,0,0,1,1,1,1,1,36,7,-1,-1,-1,-1,3,E01001801,0,-1
2021070480281,2021,070480281,1,9,0,6,6,1,1,0,0,8,0,0,0,0,3,1,6,6,2,-1,-1,-1,-1,-1,-1,-1,-1,0,-1
2021131083961,2021,131083961,1,9,0,-1,-1,-1,-1,-1,-1,-1,-1,-1,-1,-1,-1,1,6,6,3,-1,-1,-1,-1,-1,-1,-1,-1,0,-1
2021010350541,2021,010350541,1,1,9,99,99,9,9,99,99,9,9,99,9,99,9,1,2,2,1,30,6,-1,-1,-1,-1,4,E01003554,0,-1
2021010351658,2021,010351658,1,1,0,18,19,7,3,0,0,1,0,0,0,0,1,1,2,2,1,32,6,-1,-1,-1,-1,2,E01000053,0,-1
2021552100957,2021,552100957,1,21,1,18,19,6,2,0,0,0,0,0,0,0,3,1,6,6,3,-1,-1,-1,-1,-1,-1,-1,-1,0,-1
2021010322315,2021,010322315,2,1,0,18,19,1,5,0,0,0,0,4,0,0,1,1,6,6,1,45,7,-1,-1,-1,-1,5,E01003156,0,-1
2021332100862,2021,332100862,2,9,0,18,19,8,4,0,0,0,0,0,0,0,2,1,6,6,1,50,8,-1,-1,-1,-1,6,E01025767,0,-1
2021010327897,2021,010327897,2,1,0,18,19,1,5,9,9,1,0,0,0,0,3,1,6,6,2,41,7,-1,-1,-1,-1,2,E01000042,0,-1
2021622100746,2021,622100746,3,9,0,2,2,0,0,0,0,0,0,0,0,0,2,1,6,6,3,-1,-1,-1,-1,-1,-1,-1,-1,0,-1
2021170S12051,2021,170S12051,2,9,0,18,19,1,5,0,0,0,0,0,0,0,1,1,6,6,1,62,9,-1,-1,-1,-1,3,E01012248,0,-1
2021010311513,2021,010311513,2,1,9,18,19,1,5,0,0,1,9,0,0,99,1,1,6,6,3,-1,-1,-1,-1,-1,-1,-1,-1,0,-1
2021010311591,2021,010311591,1,1,9,99,99,9,9,99,99,9,9,99,9,99,1,1,2,2,2,24,5,-1,-1,-1,-1,6,E01003026,0,-1
2021010337107,2021,010337107,2,9,0,4,4,5,1,0,0,0,0,0,0,0,2,1,6,6,1,65,9,-1,-1,-1,-1,7,E01026932,0,-1
2021332100234,2021,332100234,1,9,0,18,19,3,7,0,0,8,0,0,0,0,1,1,6,6,3,-1,-1,-1,-1,-1,-1,-1,-1,0,-1
2021332100592,2021,332100592,3,9,0,18,19,6,2,0,0,0,0,0,0,0,1,1,6,6,1,37,7,-1,-1,-1,-1,8,E01005772,0,-1
2021221037824,2021,221037824,1,1,0,18,19,3,7,0,0,0,0,0,0,0,4,1,5,6,1,41,7,-1,-1,-1,-1,4,E01032432,0,-1
2021010305703,2021,010305703,2,1,0,18,19,5,1,0,0,8,0,0,0,0,1,1,6,6,1,54,8,-1,-1,-1,-1,7,E01001918,0,-1
2021161132963,2021,161132963,1,1,0,18,19,3,7,9,9,2,0,0,0,0,3,1,6,6,1,12,3,-1,-1,-1,-1,3,E01013282,0,-1
2021991083622,2021,991083622,2,1,0,18,19,3,7,0,0,0,0,0,0,0,2,1,2,2,1,51,8,-1,-1,-1,-1,6,-1,0,-1
2021010324464,2021,010324464,2,1,0,9,9,1,7,0,0,8,0,0,0,0,3,1,6,6,1,32,6,-1,-1,-1,-1,7,E01033133,0,-1
2021440231350,2021,440231350,1,5,0,13,13,5,1,0,0,0,0,0,0,0,4,1,6,6,1,26,6,-1,-1,-1,-1,10,E01022563,0,-1
2021061134593,2021,061134593,2,1,-1,18,19,8,6,0,0,0,0,0,0,0,4,1,6,6,1,44,7,-1,-1,-1,-1,9,E01005926,0,-1
2021122101012,2021,122101012,2,1,0,18,19,1,5,0,0,1,0,0,0,0,1,1,6,6,1,33,6,-1,-1,-1,-1,4,E01027609,0,-1
2021461039489,2021,461039489,1,-1,0,5,5,1,4,0,0,0,2,0,0,0,1,1,2,2,1,24,5,-1,-1,-1,-1,4,E01024142,1,-1
202134NNC2421,2021,34NNC2421,1,1,0,9,9,5,7,0,0,6,0,0,0,0,1,1,6,6,1,20,4,-1,-1,-1,-1,1,E01026968,0,-1
2021411105949,2021,411105949,1,9,0,18,19,-1,-1,0,0,1,0,0,0,0,1,1,5,6,3,-1,-1,-1,-1,-1,-1,-1,-1,0,-1
2021411103728,2021,411103728,2,98,0,10,10,3,1,0,0,1,0,0,0,0,2,1,5,6,1,41,7,-1,-1,-1,-1,10,E01023821,0,-1
2021332100600,2021,332100600,1,3,0,18,19,4,8,0,0,0,1,0,0,0,1,1,6,6,1,40,7,-1,-1,-1,-1,8,E01013650,0,-1
2021010343942,2021,010343942,1,1,0,18,19,4,8,0,0,8,0,0,0,0,3,1,2,2,1,34,6,-1,-1,-1,-1,9,E01003849,0,-1
2021461048362,2021,461048362,1,9,0,18,19,2,6,0,0,0,0,0,0,0,1,1,6,6,1,-1,-1,-1,-1,-1,-1,-1,-1,0,-1
2021010307366,2021,010307366,2,1,0,11,11,5,1,4,4,2,0,0,0,0,4,1,6,6,1,23,5,-1,-1,-1,-1,3,E01003972,0,-1
202160Z173874,2021,60Z173874,1,19,0,18,19,2,4,0,0,7,0,0,0,0,1,1,6,6,1,46,8,-1,-1,-1,-1,-1,-1,0,-1
2021451110600,2021,451110600,2,9,0,18,19,1,5,0,0,0,0,0,0,0,2,1,1,1,1,29,6,-1,-1,-1,-1,6,E01000624,0,-1
2021010324789,2021,010324789,2,1,0,18,19,3,7,4,4,1,0,0,0,0,1,1,6,6,1,39,7,-1,-1,-1,-1,4,E01003123,0,-1
2021440140972,2021,440140972,1,9,0,18,19,6,2,0,0,0,0,0,0,0,3,1,6,6,1,-1,-1,-1,-1,-1,-1,-1,-1,0,-1
2021547832221,2021,547832221,2,1,0,18,19,8,4,0,0,1,0,0,0,0,1,1,6,6,1,51,8,-1,-1,-1,-1,8,E01015472,0,-1
202134NNC2901,2021,34NNC2901,1,9,0,18,19,8,4,0,0,1,0,0,0,0,1,1,6,6,3,-1,-1,-1,-1,-1,-1,-1,-1,0,-1
2021141045399,2021,141045399,1,1,0,18,19,1,2,0,0,1,0,0,0,0,2,1,2,2,2,34,6,-1,-1,-1,-1,6,E01007707,0,-1
2021371016969,2021,371016969,2,1,0,18,19,1,5,0,0,1,0,0,0,0,2,1,6,6,2,54,8,-1,-1,-1,-1,1,E01029980,0,-1
2021430027892,2021,430027892,3,9,0,18,19,0,0,0,0,0,0,0,0,0,2,1,6,6,3,-1,-1,-1,-1,-1,-1,-1,-1,0,-1
2021332100977,2021,332100977,2,9,0,16,19,6,1,0,0,8,0,0,0,0,1,1,2,2,1,30,6,-1,-1,-1,-1,3,E01025703,0,-1
2021520105309,2021,520105309,1,9,0,18,19,7,3,0,0,0,0,0,0,0,3,1,6,6,1,71,10,-1,-1,-1,-1,5,E01029330,0,-1
2021501087941,2021,501087941,1,19,0,17,19,3,7,0,0,0,2,0,2,11,1,1,5,6,1,18,4,-1,-1,-1,-1,9,W01001595,0,-1
2021351117049,2021,351117049,1,90,0,18,19,3,7,0,0,0,0,0,0,0,1,1,2,2,3,-1,-1,-1,-1,-1,-1,-1,-1,0,-1
202160Z144723,2021,60Z144723,1,9,0,18,19,3,7,0,0,0,0,0,0,0,1,1,6,6,1,88,11,-1,-1,-1,-1,-1,-1,0,-1
2021010301767,2021,010301767,1,8,0,18,19,3,7,99,99,0,9,99,9,99,1,9,6,6,3,-1,-1,-1,-1,-1,-1,-1,-1,0,-1
2021010338343,2021,010338343,1,2,0,18,19,1,5,0,0,8,0,0,0,0,1,1,6,6,3,20,4,-1,-1,-1,-1,-1,-1,0,-1
2021430326433,2021,430326433,2,9,0,13,13,3,7,0,0,0,0,0,0,0,4,1,6,6,3,-1,-1,-1,-1,-1,-1,-1,-1,0,-1
2021430536863,2021,430536863,2,1,0,18,19,7,3,0,0,1,0,0,0,0,1,1,6,6,1,-1,-1,-1,-1,-1,-1,-1,-1,0,-1
2021010298563,2021,010298563,1,9,0,5,5,7,3,0,0,1,0,0,0,0,4,1,6,6,1,78,11,-1,-1,-1,-1,8,E01000270,0,-1
2021010347657,2021,010347657,2,1,0,18,19,1,5,0,0,8,0,0,0,0,4,1,2,2,1,18,4,-1,-1,-1,-1,3,E01003630,0,-1
2021610031221,2021,610031221,2,9,0,18,19,1,5,0,0,1,0,0,0,0,1,1,6,6,2,49,8,-1,-1,-1,-1,-1,-1,0,-1
2021201082843,2021,201082843,2,97,0,15,15,1,5,0,0,8,0,0,0,0,1,1,6,6,3,-1,-1,-1,-1,-1,-1,-1,-1,0,-1
2021010303515,2021,010303515,1,1,0,18,19,1,5,0,0,0,0,0,0,0,3,1,6,6,1,24,5,-1,-1,-1,-1,8,E01003777,0,-1
2021010319317,2021,010319317,2,1,0,18,19,1,5,0,0,1,0,10,0,0,0,1,2,2,1,47,8,-1,-1,-1,-1,6,E01003398,0,-1
2021332100844,2021,332100844,7,9,0,3,3,5,1,0,0,0,0,0,0,0,2,1,6,6,1,29,6,-1,-1,-1,-1,6,E01008151,0,-1
2021010353148,2021,010353148,2,1,9,99,99,9,9,99,99,9,9,99,9,99,1,1,6,6,3,-1,-1,-1,-1,-1,-1,-1,-1,0,-1
2021461052294,2021,461052294,3,9,0,13,13,6,2,0,0,1,0,0,0,0,1,1,1,1,2,24,5,-1,-1,-1,-1,6,E01024704,0,-1
2021010340716,2021,010340716,1,-1,0,18,19,3,7,9,9,2,0,5,0,0,1,1,6,6,1,26,6,-1,-1,-1,-1,2,E01003968,1,-1
2021010350611,2021,010350611,2,1,0,18,19,1,5,0,0,6,5,0,0,0,1,1,6,6,3,31,6,-1,-1,-1,-1,-1,-1,0,-1
2021061047072,2021,061047072,1,9,0,18,19,6,2,0,0,8,5,0,0,0,3,1,6,6,1,32,6,-1,-1,-1,-1,9,E01012503,0,-1
202160Z111308,2021,60Z111308,2,1,0,18,19,6,2,0,0,0,5,0,0,0,1,1,6,6,1,16,4,-1,-1,-1,-1,-1,-1,0,-1
2021010342849,2021,010342849,2,-1,0,18,19,1,5,9,9,1,0,0,0,0,1,1,6,6,1,13,3,-1,-1,-1,-1,2,E01003576,1,-1
2021010303170,2021,010303170,2,9,0,99,99,9,9,99,99,0,9,99,9,99,9,9,6,6,3,-1,-1,-1,-1,-1,-1,-1,-1,0,-1
2021461046314,2021,461046314,2,1,0,18,19,5,1,0,0,0,0,0,0,0,1,1,5,6,1,70,10,-1,-1,-1,-1,9,E01024143,0,-1
2021522104882,2021,522104882,1,1,0,18,19,1,5,5,5,1,0,0,0,0,1,1,6,6,2,36,7,-1,-1,-1,-1,7,E01014696,0,-1
2021111065863,2021,111065863,1,9,0,18,19,4,8,0,0,1,1,0,0,0,3,1,6,6,1,24,5,-1,-1,-1,-1,3,E01012358,0,-1
2021201090334,2021,201090334,2,1,0,18,19,8,4,0,0,8,1,10,1,10,0,1,6,6,1,19,4,-1,-1,-1,-1,6,E01010082,0,-1
2021522101869,2021,522101869,1,1,0,18,19,6,2,0,0,0,0,4,0,0,1,1,6,6,2,25,5,-1,-1,-1,-1,8,E01014552,0,-1
202160Z146930,2021,60Z146930,1,9,0,9,9,5,3,0,0,1,0,0,0,0,4,1,6,6,1,82,11,-1,-1,-1,-1,-1,-1,0,-1
2021231046036,2021,231046036,2,1,0,4,4,1,5,4,4,1,1,8,0,0,-1,1,5,6,1,21,5,-1,-1,-1,-1,5,E01031262,0,-1
202160Z055511,2021,60Z055511,1,97,0,18,19,5,1,0,0,1,2,0,0,0,1,1,6,6,1,73,10,-1,-1,-1,-1,-1,-1,0,-1
2021052102277,2021,052102277,1,9,0,18,19,7,3,0,0,0,0,0,0,0,4,1,6,6,3,-1,-1,-1,-1,-1,-1,-1,-1,0,-1
2021430302848,2021,430302848,1,1,0,18,19,7,3,0,0,8,0,0,0,0,1,1,6,6,1,20,4,-1,-1,-1,-1,10,E01028475,0,-1
2021461068429,2021,461068429,1,1,0,18,19,5,1,0,0,1,0,0,0,0,1,1,5,6,1,55,8,-1,-1,-1,-1,5,E01024095,0,-1
2021531015976,2021,531015976,2,1,0,18,19,7,3,0,0,0,0,0,0,0,4,1,2,2,1,47,8,-1,-1,-1,-1,7,E01022411,0,-1
2021010311115,2021,010311115,2,9,0,99,99,9,9,99,99,9,9,99,9,99,9,9,6,6,3,-1,-1,-1,-1,-1,-1,-1,-1,0,-1
2021010293654,2021,010293654,2,9,0,99,99,9,9,99,99,9,9,99,9,99,1,9,6,6,3,-1,-1,-1,-1,-1,-1,-1,-1,0,-1
2021010321241,2021,010321241,2,1,0,99,99,9,9,0,0,1,9,99,9,99,1,1,6,6,1,9,2,-1,-1,-1,-1,2,E01001754,0,-1
2021302101808,2021,302101808,1,9,0,7,7,7,8,0,0,5,0,0,0,0,4,1,6,6,3,-1,-1,-1,-1,-1,-1,5,E01019456,0,-1
2021010322676,2021,010322676,2,1,9,99,99,9,9,99,99,9,9,99,9,99,1,1,6,6,1,-1,-1,-1,-1,-1,-1,-1,-1,0,-1
2021302100524,2021,302100524,2,9,0,13,13,2,6,0,0,0,0,0,0,0,2,1,6,6,3,-1,-1,-1,-1,-1,-1,5,E01019456,0,-1
2021010324836,2021,010324836,2,9,0,99,99,9,9,99,99,9,9,99,9,99,1,9,6,6,3,-1,-1,-1,-1,-1,-1,4,E01001182,0,-1
2021010304889,2021,010304889,2,1,0,18,19,4,8,2,2,2,0,0,0,0,3,1,6,6,1,24,5,-1,-1,-1,-1,3,E01003104,0,-1
2021010335738,2021,010335738,1,9,0,18,19,5,1,0,0,4,0,0,0,0,0,1,6,6,2,41,7,-1,-1,-1,-1,-1,-1,0,-1
2021552100983,2021,552100983,2,1,0,18,19,2,6,0,0,8,0,0,0,0,2,1,6,6,2,55,8,-1,-1,-1,-1,7,E01032661,0,-1
2021332100828,2021,332100828,2,1,0,15,15,8,4,4,4,8,0,0,0,0,1,1,6,6,1,32,6,-1,-1,-1,-1,9,E01013706,0,-1
2021010323987,2021,010323987,1,9,0,14,14,7,3,0,0,0,0,0,0,0,3,1,1,1,1,42,7,-1,-1,-1,-1,8,E01004168,0,-1
2021451052714,2021,451052714,2,1,0,18,19,3,7,0,0,1,0,0,0,0,1,1,5,6,1,36,7,-1,-1,-1,-1,10,E01030878,0,-1
2021501124506,2021,501124506,3,1,0,18,19,7,3,0,0,0,0,0,0,0,-1,1,5,6,2,-1,-1,-1,-1,-1,-1,-1,-1,0,-1
2021010308189,2021,010308189,2,1,0,18,19,5,1,0,0,8,0,0,0,0,1,1,6,6,1,44,7,-1,-1,-1,-1,3,E01032764,0,-1
2021440339326,2021,440339326,1,9,0,5,5,2,6,0,0,5,0,0,0,0,1,1,6,6,1,-1,-1,-1,-1,-1,-1,-1,-1,0,-1
2021302100513,2021,302100513,2,1,0,18,19,2,6,0,0,1,0,0,0,0,1,1,2,2,1,24,5,-1,-1,-1,-1,6,E01019873,0,-1
2021401098083,2021,401098083,1,9,-1,-1,-1,-1,-1,-1,-1,-1,-1,-1,-1,0,-1,1,6,6,2,-1,-1,-1,-1,-1,-1,-1,-1,0,-1
2021471060850,2021,471060850,1,1,0,18,19,2,6,4,4,8,0,0,0,0,1,1,2,2,1,24,5,-1,-1,-1,-1,1,E01016964,0,-1
2021010333641,2021,010333641,2,2,0,99,99,9,9,99,99,9,9,99,9,99,2,1,6,6,3,-1,-1,-1,-1,-1,-1,-1,-1,0,-1
2021010308084,2021,010308084,2,9,0,3,3,1,5,0,0,2,0,0,0,0,1,1,6,6,1,49,8,-1,-1,-1,-1,5,E01003955,0,-1
2021332100475,2021,332100475,2,9,0,18,19,1,5,0,0,0,0,0,0,0,1,1,6,6,1,24,5,-1,-1,-1,-1,3,E01013641,0,-1
2021351080776,2021,351080776,3,9,0,18,19,2,6,0,0,0,0,0,0,0,0,1,1,1,1,-1,-1,-1,-1,-1,-1,-1,-1,0,-1
2021430230005,2021,430230005,1,9,0,18,19,7,3,0,0,8,0,0,0,0,4,1,6,6,1,51,8,-1,-1,-1,-1,7,E01017668,0,-1
2021041086425,2021,041086425,2,97,0,18,19,3,7,0,0,0,2,0,1,9,1,1,5,6,1,46,8,-1,-1,-1,-1,8,E01025420,0,-1
202131C044521,2021,31C044521,1,8,0,2,2,0,0,9,9,0,0,0,0,0,1,1,6,6,1,46,8,-1,-1,-1,-1,6,E01013978,0,-1
2021302100051,2021,302100051,2,1,0,18,19,6,2,0,0,4,0,0,0,0,3,1,6,6,1,29,6,-1,-1,-1,-1,9,E01019835,0,-1
2021010314792,2021,010314792,2,1,9,99,99,9,9,99,99,9,9,99,9,99,1,1,6,6,3,-1,-1,-1,-1,-1,-1,-1,-1,0,-1
2021451032467,2021,451032467,1,1,0,18,19,5,1,0,0,0,0,0,0,0,1,1,5,6,3,61,9,-1,-1,-1,-1,9,E01030366,0,-1
2021231116086,2021,231116086,1,1,0,18,19,2,6,0,0,0,1,10,1,11,1,1,5,6,1,28,6,-1,-1,-1,-1,7,E01031303,0,-1
2021010301694,2021,010301694,1,1,9,99,99,9,9,99,99,9,9,99,9,99,9,1,6,6,2,33,6,-1,-1,-1,-1,3,E01000644,0,-1
2021010317056,2021,010317056,2,9,0,6,6,1,1,0,0,0,0,0,0,0,0,1,6,6,3,-1,-1,-1,-1,-1,-1,-1,-1,0,-1
2021131085362,2021,131085362,1,9,0,-1,-1,-1,-1,-1,-1,-1,-1,-1,-1,-1,-1,1,6,6,3,-1,-1,-1,-1,-1,-1,-1,-1,0,-1
2021451096193,2021,451096193,2,1,0,18,19,5,4,0,0,1,5,0,0,0,4,1,6,6,1,24,5,-1,-1,-1,-1,-1,-1,0,-1
2021010300125,2021,010300125,1,3,0,99,99,9,9,99,99,9,9,99,9,99,2,1,6,6,1,38,7,-1,-1,-1,-1,6,E01003738,0,-1
2021161014200,2021,161014200,2,9,0,2,2,0,0,0,0,2,0,0,0,0,0,1,6,6,3,-1,-1,-1,-1,-1,-1,-1,-1,0,-1
2021522106004,2021,522106004,1,1,0,18,19,2,6,0,0,8,0,0,0,0,1,1,6,6,1,49,8,-1,-1,-1,-1,8,E01014560,0,-1
2021010290312,2021,010290312,2,90,0,99,99,9,9,99,99,9,9,99,9,99,9,9,6,6,3,-1,-1,-1,-1,-1,-1,-1,-1,0,-1
2021041043142,2021,041043142,2,1,0,17,19,3,1,0,0,8,0,0,0,0,3,1,2,2,1,55,8,-1,-1,-1,-1,1,E01012720,0,-1
2021010325723,2021,010325723,2,9,0,18,19,7,3,0,0,1,0,0,0,0,1,1,6,6,3,-1,-1,-1,-1,-1,-1,-1,-1,0,-1
2021010335663,2021,010335663,1,2,0,18,19,1,5,0,0,8,2,0,0,0,1,1,6,6,1,17,4,-1,-1,-1,-1,-1,-1,0,-1
2021010287629,2021,010287629,2,1,0,18,19,3,7,0,0,6,0,0,0,0,1,1,2,2,1,40,7,-1,-1,-1,-1,4,E01001956,0,-1
2021061026962,2021,061026962,1,9,0,18,19,1,1,0,0,1,0,0,0,0,1,1,6,6,3,30,6,-1,-1,-1,-1,-1,-1,0,-1
2021161111794,2021,161111794,1,98,0,18,19,3,7,0,0,0,0,0,0,0,4,1,6,6,3,-1,-1,-1,-1,-1,-1,-1,-1,0,-1
2021461121958,2021,461121958,3,9,0,2,2,0,0,0,0,0,0,0,0,0,4,1,5,6,3,-1,-1,-1,-1,-1,-1,-1,-1,0,-1
2021010302893,2021,010302893,3,9,0,99,99,9,9,99,99,9,9,99,9,99,1,9,6,6,3,-1,-1,-1,-1,-1,-1,-1,-1,0,-1
2021101127506,2021,101127506,1,9,0,18,19,5,5,0,0,1,0,0,0,0,-1,1,6,6,3,25,5,-1,-1,-1,-1,-1,-1,0,-1
2021161053387,2021,161053387,2,9,0,18,19,5,1,0,0,1,0,0,0,0,1,1,6,6,1,-1,-1,-1,-1,-1,-1,-1,-1,0,-1
2021052101617,2021,052101617,1,11,0,5,5,8,4,0,0,0,0,0,0,0,0,1,1,1,3,-1,-1,-1,-1,-1,-1,-1,-1,0,-1
2021302101667,2021,302101667,2,1,0,18,19,8,4,0,0,1,0,0,0,0,1,1,4,7,1,11,3,-1,-1,-1,-1,7,E01019435,0,-1
2021522101420,2021,522101420,3,1,0,12,12,7,3,0,0,0,0,0,0,0,3,1,6,6,1,20,4,-1,-1,-1,-1,1,E01032518,0,-1
2021401056402,2021,401056402,1,1,0,18,19,5,1,0,0,0,0,0,0,0,4,1,5,6,1,16,4,-1,-1,-1,-1,2,E01017594,0,-1
2021010296170,2021,010296170,2,-1,0,15,15,7,3,0,0,1,0,0,0,0,1,1,2,2,1,25,5,-1,-1,-1,-1,6,E01000906,1,-1
2021041052994,2021,041052994,1,9,0,11,11,3,7,0,0,0,0,0,1,7,4,1,5,6,1,52,8,-1,-1,-1,-1,4,E01006839,0,-1
2021101032462,2021,101032462,1,9,0,4,4,7,3,0,0,1,-1,-1,-1,0,1,1,6,6,1,-1,-1,-1,-1,-1,-1,-1,-1,0,-1
2021122100277,2021,122100277,2,1,0,16,19,2,6,0,0,1,0,0,0,0,1,1,6,6,1,34,6,-1,-1,-1,-1,8,E01027886,0,-1
2021522105819,2021,522105819,1,1,0,99,99,9,9,0,0,5,0,0,0,0,3,1,6,6,1,60,9,-1,-1,-1,-1,5,E01014437,0,-1
202134NNC6411,2021,34NNC6411,4,8,0,4,4,6,2,0,0,0,0,0,0,0,0,1,6,6,2,44,7,-1,-1,-1,-1,8,E01032966,0,-1
2021010332731,2021,010332731,2,2,0,18,19,7,3,0,0,1,0,0,0,0,1,1,1,1,1,30,6,-1,-1,-1,-1,3,E01002105,0,-1
2021421110123,2021,421110123,1,1,0,18,19,1,5,0,0,6,0,0,0,0,4,1,5,6,1,10,2,-1,-1,-1,-1,4,E01016011,0,-1
202163C049621,2021,63C049621,1,19,0,18,19,4,8,0,0,0,0,0,0,0,3,1,6,6,1,38,7,-1,-1,-1,-1,8,W01001559,0,-1
2021440192460,2021,440192460,2,9,0,1,1,8,4,0,0,8,0,0,0,0,2,1,6,6,1,-1,-1,-1,-1,-1,-1,-1,-1,0,-1
2021131098551,2021,131098551,2,1,0,18,19,8,4,4,4,8,0,0,0,0,1,1,5,6,1,24,5,-1,-1,-1,-1,8,E01011694,0,-1
2021430169059,2021,430169059,1,1,0,18,19,4,8,0,0,0,0,0,0,0,1,1,6,6,1,26,6,-1,-1,-1,-1,10,E01016672,0,-1
2021991100972,2021,991100972,3,9,0,2,2,0,0,0,0,1,0,0,0,0,2,1,6,6,3,-1,-1,-1,-1,-1,-1,-1,-1,0,-1
2021052100647,2021,052100647,2,1,0,18,19,3,7,0,0,8,0,0,0,0,1,1,2,2,1,32,6,-1,-1,-1,-1,1,E01006563,0,-1
2021061097113,2021,061097113,1,1,-1,18,19,5,1,0,0,1,0,0,0,0,3,1,2,2,1,67,10,-1,-1,-1,-1,4,E01004796,0,-1
2021010343691,2021,010343691,2,1,0,18,19,4,8,0,0,0,5,0,0,0,1,1,6,6,1,26,6,-1,-1,-1,-1,3,E01000222,0,-1
2021531045654,2021,531045654,1,98,0,17,19,3,7,0,0,0,1,0,7,0,1,2,6,6,1,25,5,-1,-1,-1,-1,-1,-1,0,-1
2021451025918,2021,451025918,2,1,0,18,19,2,6,0,0,8,5,0,0,0,1,1,6,6,1,36,7,-1,-1,-1,-1,8,E01030622,0,-1