collision_index,collision_year,collision_ref_no,vehicle_reference,vehicle_type,towing_and_articulation,vehicle_manoeuvre_historic,vehicle_manoeuvre,vehicle_direction_from,vehicle_direction_to,vehicle_location_restricted_lane_historic,vehicle_location_restricted_lane,junction_location,skidding_and_overturning,hit_object_in_carriageway,vehicle_leaving_carriageway,hit_object_off_carriageway,first_point_of_impact,vehicle_left_hand_drive,journey_purpose_of_driver_historic,journey_purpose_of_driver,sex_of_driver,age_of_driver,age_band_of_driver,engine_capacity_cc,propulsion_code,age_of_vehicle,generic_make_model,driver_imd_decile,lsoa_of_driver,escooter_flag,driver_distance_banding
2021141045504,2021,141045504,1,9,0,18,19,3,7,6,6,0,0,0,7,4,1,1,5,6,2,86,11,-1,-1,-1,-1,6,E01007835,0,-1
2021332100587,2021,332100587,1,9,0,13,13,1,5,0,0,8,1,0,0,0,1,1,6,6,1,25,5,-1,-1,-1,-1,1,E01013601,0,-1
2021471023706,2021,471023706,1,9,0,18,19,4,8,0,0,0,0,0,0,0,4,1,6,6,3,-1,-1,-1,-1,-1,-1,-1,-1,0,-1
2021010349125,2021,010349125,1,9,9,99,99,9,9,0,0,9,9,99,9,99,9,9,6,6,3,32,6,-1,-1,-1,-1,9,E01030705,0,-1
2021111039534,2021,111039534,2,1,0,18,19,7,3,0,0,3,0,0,0,0,4,1,6,6,2,46,8,-1,-1,-1,-1,5,E01012343,0,-1
2021041020684,2021,041020684,4,98,0,2,2,0,0,6,6,0,0,0,0,0,2,1,6,6,3,-1,-1,-1,-1,-1,-1,-1,-1,0,-1
2021041111546,2021,041111546,1,9,0,18,19,3,7,0,0,0,0,0,0,0,1,1,1,1,2,37,7,-1,-1,-1,-1,-1,-1,0,-1
2021991081362,2021,991081362,2,1,0,18,19,4,8,0,0,1,5,0,0,0,1,1,5,6,2,25,5,-1,-1,-1,-1,8,-1,0,-1
2021161117756,2021,161117756,1,1,0,18,19,4,8,0,0,8,0,0,0,0,2,1,6,6,1,35,6,-1,-1,-1,-1,8,E01012812,0,-1
2021480316480,2021,480316480,2,1,0,18,19,7,3,0,0,1,0,0,0,0,1,1,6,6,1,-1,-1,-1,-1,-1,-1,-1,-1,0,-1
2021610029121,2021,610029121,5,9,0,2,2,0,0,6,6,1,0,0,0,0,0,1,6,6,1,65,9,-1,-1,-1,-1,-1,-1,0,-1
202160Z066785,2021,60Z066785,2,1,0,18,19,7,3,0,0,8,0,0,0,0,4,1,6,6,1,67,10,-1,-1,-1,-1,-1,-1,0,-1
2021332100714,2021,332100714,2,9,0,5,5,6,2,0,0,4,0,0,0,0,1,1,6,6,2,43,7,-1,-1,-1,-1,1,E01013638,0,-1
2021052100853,2021,052100853,1,-1,0,18,19,7,3,0,0,2,0,0,0,0,1,1,6,6,3,-1,-1,-1,-1,-1,-1,-1,-1,1,-1
2021010304469,2021,010304469,2,2,0,99,99,9,9,99,99,9,9,99,9,99,1,1,6,6,3,-1,-1,-1,-1,-1,-1,-1,-1,0,-1
202131C139521,2021,31C139521,2,9,0,18,19,4,8,0,0,8,0,0,0,0,3,1,1,1,1,38,7,-1,-1,-1,-1,3,E01013932,0,-1
2021010340589,2021,010340589,2,9,0,9,9,1,6,0,0,8,0,0,0,0,4,1,6,6,2,26,6,-1,-1,-1,-1,2,E01004008,0,-1
2021010310837,2021,010310837,2,1,0,18,19,5,1,0,0,2,0,0,0,0,4,1,2,2,1,33,6,-1,-1,-1,-1,6,E01004534,0,-1
2021052101869,2021,052101869,2,1,0,18,19,2,6,0,0,8,0,0,0,0,1,1,2,2,1,51,8,-1,-1,-1,-1,1,E01007124,0,-1
2021332100258,2021,332100258,2,1,0,18,19,2,6,0,0,4,0,0,0,0,1,1,2,2,1,44,7,-1,-1,-1,-1,1,E01013664,0,-1
2021052102744,2021,052102744,1,9,0,18,19,5,1,0,0,0,0,0,0,0,1,1,6,6,1,66,10,-1,-1,-1,-1,9,E01007070,0,-1
2021411072649,2021,411072649,2,19,0,2,2,0,0,0,0,0,0,0,0,0,3,1,6,6,3,-1,-1,-1,-1,-1,-1,-1,-1,0,-1
2021010308119,2021,010308119,1,98,0,18,19,3,7,0,0,0,0,0,0,0,2,1,6,6,3,-1,-1,-1,-1,-1,-1,-1,-1,0,-1
2021170H10191,2021,170H10191,1,9,0,14,14,1,7,0,0,8,0,0,0,0,1,1,6,6,1,29,6,-1,-1,-1,-1,1,E01033468,0,-1
2021371077686,2021,371077686,2,1,0,18,19,5,1,0,0,8,0,0,0,0,4,1,6,6,1,54,8,-1,-1,-1,-1,7,E01029947,0,-1
202160Z015709,2021,60Z015709,2,98,0,17,19,6,2,0,0,1,0,0,1,9,3,1,6,6,1,29,6,-1,-1,-1,-1,-1,-1,0,-1
2021010311755,2021,010311755,1,1,9,99,99,9,9,99,99,9,9,99,9,99,1,1,6,6,1,30,6,-1,-1,-1,-1,3,E01004262,0,-1
2021610035321,2021,610035321,2,1,0,18,19,1,6,0,0,1,0,0,0,0,1,1,1,1,1,25,5,-1,-1,-1,-1,-1,-1,0,-1
2021332100329,2021,332100329,2,9,0,16,19,5,8,0,0,0,0,0,0,0,3,1,6,6,3,-1,-1,-1,-1,-1,-1,-1,-1,0,-1
2021010315501,2021,010315501,2,1,9,99,99,9,9,99,99,9,9,99,9,99,2,1,6,6,1,-1,-1,-1,-1,-1,-1,-1,-1,0,-1
2021010297433,2021,010297433,1,9,0,15,15,7,3,0,0,8,0,0,0,0,4,1,6,6,3,-1,-1,-1,-1,-1,-1,-1,-1,0,-1
2021361067557,2021,361067557,2,1,0,18,19,1,5,0,0,0,2,0,0,0,4,1,6,6,2,73,10,-1,-1,-1,-1,1,E01026598,0,-1
2021010337899,2021,010337899,1,1,9,99,99,9,9,99,99,9,9,99,9,99,9,1,6,6,2,30,6,-1,-1,-1,-1,7,E01001583,0,-1
2021052100142,2021,052100142,2,16,0,18,19,5,1,0,0,1,0,0,7,11,0,1,6,6,2,16,4,-1,-1,-1,-1,4,E01007230,0,-1
2021991089218,2021,991089218,3,19,0,18,19,6,2,0,0,1,0,0,0,0,0,1,6,6,3,18,4,-1,-1,-1,-1,-1,-1,0,-1
2021141064746,2021,141064746,1,98,0,18,19,2,6,0,0,8,0,0,0,0,1,1,1,1,1,42,7,-1,-1,-1,-1,8,E01007987,0,-1
2021320049531,2021,320049531,2,16,0,18,19,3,7,0,0,0,5,0,0,0,0,1,6,6,2,25,5,-1,-1,-1,-1,1,E01026176,0,-1
2021320421907,2021,320421907,1,9,0,18,19,3,7,0,0,1,0,0,7,10,1,1,6,6,1,33,6,-1,-1,-1,-1,3,E01026318,0,-1
2021461049739,2021,461049739,1,8,0,9,9,5,3,0,0,1,0,0,0,0,1,1,2,2,1,27,6,-1,-1,-1,-1,7,E01024302,0,-1
2021320220201,2021,320220201,2,19,0,9,9,8,4,0,0,2,0,0,0,0,3,1,1,1,1,24,5,-1,-1,-1,-1,9,E01026209,0,-1
2021010295887,2021,010295887,1,1,9,99,99,9,9,99,99,9,9,99,9,99,9,1,6,6,1,50,8,-1,-1,-1,-1,1,E01003961,0,-1
2021010335880,2021,010335880,2,5,0,18,19,2,6,0,0,2,0,0,0,0,1,1,6,6,3,20,4,-1,-1,-1,-1,-1,-1,0,-1
2021461040347,2021,461040347,1,9,0,18,19,3,7,0,0,1,5,0,7,0,4,1,6,6,1,20,4,-1,-1,-1,-1,7,E01024430,0,-1
2021010317670,2021,010317670,1,1,9,99,99,9,9,99,99,0,9,99,9,99,1,1,2,2,2,31,6,-1,-1,-1,-1,8,E01004507,0,-1
2021201137067,2021,201137067,2,1,0,18,19,8,4,0,0,8,0,0,0,0,1,1,2,2,1,44,7,-1,-1,-1,-1,7,E01009070,0,-1
2021061135118,2021,061135118,1,-1,0,7,7,2,4,0,0,8,0,0,0,0,1,1,6,6,3,30,6,-1,-1,-1,-1,-1,-1,0,-1
202106A079261,2021,06A079261,1,9,0,13,13,5,3,0,0,1,0,0,1,0,1,1,6,6,3,30,6,-1,-1,-1,-1,-1,-1,0,-1
2021451105429,2021,451105429,2,19,0,18,19,1,5,0,0,0,0,0,0,0,1,1,6,6,1,27,6,-1,-1,-1,-1,-1,-1,0,-1
202160Z128262,2021,60Z128262,1,9,0,18,19,3,7,0,0,1,0,0,0,0,1,1,6,6,1,75,10,-1,-1,-1,-1,-1,-1,0,-1
2021170M11261,2021,170M11261,1,1,0,18,19,1,5,0,0,0,0,0,0,0,1,1,6,6,1,12,3,-1,-1,-1,-1,1,E01012088,0,-1
2021610039121,2021,610039121,2,-1,0,18,19,5,1,0,0,0,0,0,0,0,1,1,6,6,1,17,4,-1,-1,-1,-1,-1,-1,1,-1
2021481116666,2021,481116666,2,1,0,18,19,7,3,0,0,8,0,0,0,0,1,1,2,2,1,37,7,-1,-1,-1,-1,-1,-1,0,-1
2021991038279,2021,991038279,2,1,0,18,19,5,1,0,0,1,0,0,0,0,3,1,6,6,2,33,6,-1,-1,-1,-1,5,-1,0,-1
202131B132621,2021,31B132621,2,10,0,18,19,8,4,0,0,0,0,0,7,10,3,1,2,2,2,37,7,-1,-1,-1,-1,7,E01028013,0,-1
2021010334284,2021,010334284,2,1,9,99,99,9,9,99,99,0,9,99,9,99,1,1,6,6,3,-1,-1,-1,-1,-1,-1,-1,-1,0,-1
2021371093493,2021,371093493,2,98,1,18,19,7,3,0,0,0,0,0,0,0,3,1,1,1,1,58,9,-1,-1,-1,-1,6,E01030099,0,-1
2021461108613,2021,461108613,2,9,0,2,2,0,0,0,0,0,0,0,0,0,2,1,6,6,1,-1,-1,-1,-1,-1,-1,2,E01026820,0,-1
2021471038511,2021,471038511,2,98,0,-1,-1,-1,-1,-1,-1,0,-1,-1,-1,0,-1,1,6,6,3,-1,-1,-1,-1,-1,-1,-1,-1,0,-1
2021461070906,2021,461070906,2,-1,0,18,19,1,5,0,0,1,0,0,0,0,3,1,6,6,1,46,8,-1,-1,-1,-1,6,E01024276,1,-1
2021201149057,2021,201149057,1,1,0,3,3,7,3,0,0,1,0,0,0,0,0,1,6,6,1,19,4,-1,-1,-1,-1,1,E01009305,0,-1
202163A064121,2021,63A064121,1,9,0,18,19,3,7,0,0,8,0,0,0,0,1,1,6,6,1,19,4,-1,-1,-1,-1,5,W01000706,0,-1
2021351042236,2021,351042236,2,1,0,18,19,5,1,0,0,8,0,0,0,0,1,1,6,6,2,21,5,-1,-1,-1,-1,8,E01018000,0,-1
2021010344597,2021,010344597,1,1,9,99,99,9,9,99,99,9,9,99,9,99,9,1,2,2,1,28,6,-1,-1,-1,-1,3,E01004020,0,-1
2021361115297,2021,361115297,1,90,-1,1,1,1,3,0,0,0,0,0,0,0,-1,1,6,6,3,-1,-1,-1,-1,-1,-1,-1,-1,0,-1
2021332100594,2021,332100594,2,4,0,17,19,5,1,0,0,0,0,0,0,0,1,1,6,6,1,27,6,-1,-1,-1,-1,5,E01009615,0,-1
2021010314933,2021,010314933,1,1,0,18,19,6,2,0,0,1,0,0,0,0,1,1,1,1,1,35,6,-1,-1,-1,-1,5,E01001880,0,-1
2021010310854,2021,010310854,1,8,0,99,99,9,9,0,0,9,0,99,9,99,9,9,6,6,1,44,7,-1,-1,-1,-1,3,E01004656,0,-1
2021610029121,2021,610029121,2,9,0,2,2,0,0,6,6,1,0,0,0,0,0,1,6,6,1,56,9,-1,-1,-1,-1,-1,-1,0,-1
2021231124606,2021,231124606,1,9,0,18,19,5,1,0,0,1,0,0,0,0,1,1,6,6,1,30,6,-1,-1,-1,-1,-1,-1,0,-1
2021320321544,2021,320321544,2,1,0,18,19,2,6,0,0,1,5,0,0,0,0,1,6,6,1,77,11,-1,-1,-1,-1,8,E01026394,0,-1
2021610052621,2021,610052621,2,9,0,18,19,8,4,0,0,0,0,0,0,0,2,1,6,6,1,50,8,-1,-1,-1,-1,-1,-1,0,-1
2021332100905,2021,332100905,1,19,0,18,19,3,7,0,0,0,0,0,0,0,1,1,6,6,1,31,6,-1,-1,-1,-1,9,E01013703,0,-1
2021332100690,2021,332100690,1,9,0,7,7,7,1,0,0,6,0,0,2,0,1,1,2,2,1,40,7,-1,-1,-1,-1,6,E01025683,0,-1
2021320293023,2021,320293023,2,9,0,13,13,6,2,0,0,1,0,0,0,0,1,1,6,6,1,40,7,-1,-1,-1,-1,-1,-1,0,-1
2021547893021,2021,547893021,2,1,0,18,19,2,6,0,0,1,0,0,0,0,3,1,6,6,2,20,4,-1,-1,-1,-1,-1,-1,0,-1
2021622100375,2021,622100375,2,9,0,18,19,3,7,0,0,0,0,0,0,0,1,1,6,6,1,44,7,-1,-1,-1,-1,6,W01000489,0,-1
2021430443583,2021,430443583,2,1,0,18,19,3,7,0,0,8,0,0,0,0,1,1,6,6,1,66,10,-1,-1,-1,-1,6,E01028597,0,-1
2021141062067,2021,141062067,1,9,0,5,5,2,6,0,0,2,0,0,0,0,3,1,2,2,2,42,7,-1,-1,-1,-1,7,E01007985,0,-1
2021061047809,2021,061047809,2,19,0,11,11,2,6,0,0,3,0,0,0,0,4,1,6,6,3,30,6,-1,-1,-1,-1,-1,-1,0,-1
2021010289736,2021,010289736,1,9,0,5,5,5,1,0,0,1,0,0,0,0,4,1,1,1,1,32,6,-1,-1,-1,-1,6,E01001679,0,-1
2021440457773,2021,440457773,2,9,0,1,1,1,5,0,0,0,0,0,0,0,2,1,6,6,3,-1,-1,-1,-1,-1,-1,-1,-1,0,-1
2021430239172,2021,430239172,1,-1,0,18,19,6,2,0,0,0,0,0,0,0,1,1,6,6,1,26,6,-1,-1,-1,-1,6,E01033525,1,-1
2021201115730,2021,201115730,1,9,0,5,5,7,3,0,0,2,0,0,0,0,1,1,6,6,1,-1,-1,-1,-1,-1,-1,-1,-1,0,-1
2021531054176,2021,531054176,2,9,0,18,19,3,7,0,0,1,0,0,0,0,1,1,1,1,1,33,6,-1,-1,-1,-1,5,E01022158,0,-1
2021451031488,2021,451031488,1,9,0,18,19,1,6,0,0,0,0,0,0,0,0,1,6,6,3,44,7,-1,-1,-1,-1,-1,-1,0,-1
2021201141667,2021,201141667,1,9,0,7,7,1,3,0,0,2,0,0,0,0,1,1,6,6,3,-1,-1,-1,-1,-1,-1,-1,-1,0,-1
2021010311694,2021,010311694,2,1,0,18,19,1,5,0,0,1,0,0,0,0,1,1,6,6,1,5,1,-1,-1,-1,-1,2,E01001334,0,-1
2021010299595,2021,010299595,2,1,0,18,19,6,2,4,4,1,0,0,0,0,0,1,2,2,1,33,6,-1,-1,-1,-1,2,E01004364,0,-1
2021471107833,2021,471107833,2,9,0,-1,-1,-1,-1,-1,-1,0,-1,-1,-1,0,-1,1,6,6,3,-1,-1,-1,-1,-1,-1,-1,-1,0,-1
2021430526986,2021,430526986,1,9,0,18,19,3,7,0,0,4,0,0,0,0,2,1,6,6,2,70,10,-1,-1,-1,-1,10,E01017942,0,-1
2021010311719,2021,010311719,2,9,0,99,99,9,9,99,99,9,9,99,9,99,9,9,6,6,3,-1,-1,-1,-1,-1,-1,-1,-1,0,-1
2021010349235,2021,010349235,2,9,0,99,99,9,9,99,99,9,9,99,9,99,9,9,6,6,3,-1,-1,-1,-1,-1,-1,-1,-1,0,-1
2021010291484,2021,010291484,1,1,9,99,99,9,9,99,99,9,9,99,9,99,9,1,2,2,1,40,7,-1,-1,-1,-1,3,E01032785,0,-1
2021052102694,2021,052102694,2,1,0,18,19,1,5,0,0,6,0,0,0,0,1,1,1,1,1,14,3,-1,-1,-1,-1,5,E01006930,0,-1
202160Z169715,2021,60Z169715,2,9,0,4,4,1,5,0,0,0,0,0,0,0,2,1,6,6,1,26,6,-1,-1,-1,-1,-1,-1,0,-1
2021231056375,2021,231056375,1,19,0,5,5,1,4,0,0,6,0,0,0,0,1,1,5,6,2,61,9,-1,-1,-1,-1,3,E01032241,0,-1
2021010317273,2021,010317273,2,-1,0,18,19,7,3,0,0,1,0,0,0,0,4,1,6,6,1,22,5,-1,-1,-1,-1,2,E01003046,1,-1
202163C101721,2021,63C101721,2,9,0,13,13,4,8,0,0,0,0,0,0,0,4,1,6,6,3,-1,-1,-1,-1,-1,-1,-1,-1,0,-1
2021351111871,2021,351111871,2,9,0,15,15,1,6,0,0,0,0,0,0,0,3,1,6,6,3,-1,-1,-1,-1,-1,-1,-1,-1,0,-1
2021332101540,2021,332101540,1,9,0,6,6,2,2,0,0,8,0,0,0,0,3,1,6,6,1,26,6,-1,-1,-1,-1,-1,-1,0,-1
2021010346791,2021,010346791,1,1,0,16,19,3,7,9,9,0,1,10,1,11,1,1,2,2,1,63,9,-1,-1,-1,-1,8,E01000136,0,-1
2021302101032,2021,302101032,2,-1,0,18,19,1,4,9,9,1,0,0,0,0,1,1,6,6,1,37,7,-1,-1,-1,-1,2,E01019453,1,-1
202160Z152167,2021,60Z152167,1,9,0,9,9,4,2,0,0,1,0,0,0,0,1,1,1,1,1,54,8,-1,-1,-1,-1,-1,-1,0,-1
202154B110621,2021,54B110621,2,1,0,18,19,5,1,0,0,1,0,0,0,0,1,1,6,6,1,63,9,-1,-1,-1,-1,8,E01031892,0,-1
2021201110437,2021,201110437,1,1,0,18,19,8,4,0,0,8,0,0,0,0,1,1,6,6,1,15,3,-1,-1,-1,-1,1,E01010511,0,-1
2021010288174,2021,010288174,2,9,0,3,3,3,7,0,0,1,1,0,0,0,2,1,6,6,1,29,6,-1,-1,-1,-1,2,E01001755,0,-1
2021061078616,2021,061078616,2,9,0,7,7,1,3,0,0,0,0,0,0,0,1,1,6,6,1,20,4,-1,-1,-1,-1,-1,-1,0,-1
2021031060199,2021,031060199,1,9,0,18,19,4,8,0,0,0,0,0,0,0,3,1,5,6,3,-1,-1,-1,-1,-1,-1,-1,-1,0,-1
2021010318984,2021,010318984,2,9,9,99,99,9,9,99,99,9,9,99,9,99,9,9,6,6,3,-1,-1,-1,-1,-1,-1,-1,-1,0,-1
2021401093076,2021,401093076,1,9,0,-1,-1,5,1,-1,-1,0,-1,-1,-1,0,-1,1,3,7,2,-1,-1,-1,-1,-1,-1,-1,-1,0,-1
2021411020263,2021,411020263,2,9,0,3,3,6,2,0,0,0,0,0,0,0,2,1,5,6,1,34,6,-1,-1,-1,-1,8,E01000120,0,-1
2021161051829,2021,161051829,2,1,0,18,19,5,1,0,0,0,0,0,0,0,1,1,6,6,1,13,3,-1,-1,-1,-1,-1,-1,0,-1
2021320473667,2021,320473667,1,9,0,17,19,3,1,0,0,2,1,0,1,9,1,1,6,6,1,46,8,-1,-1,-1,-1,4,E01026278,0,-1
2021201037161,2021,201037161,2,1,0,5,5,8,2,0,0,8,0,0,0,0,4,1,6,6,1,12,3,-1,-1,-1,-1,9,E01009528,0,-1
2021010335333,2021,010335333,1,1,0,99,99,9,9,0,0,1,0,0,0,0,2,1,6,6,1,44,7,-1,-1,-1,-1,3,E01003122,0,-1
2021461094673,2021,461094673,1,9,0,13,13,1,5,0,0,0,0,0,0,0,3,1,6,6,1,-1,-1,-1,-1,-1,-1,-1,-1,0,-1
2021332101010,2021,332101010,2,9,0,9,9,6,4,0,0,6,0,0,0,0,1,1,6,6,1,34,6,-1,-1,-1,-1,10,E01025641,0,-1
202134WNC7001,2021,34WNC7001,2,-1,0,18,19,5,1,0,0,8,0,0,0,0,3,1,2,2,1,32,6,-1,-1,-1,-1,7,E01027216,1,-1
2021201075027,2021,201075027,2,19,0,18,19,-1,-1,0,0,0,-1,0,0,0,1,1,6,6,3,-1,-1,-1,-1,-1,-1,-1,-1,0,-1
2021010351028,2021,010351028,2,9,0,99,99,9,9,99,99,9,9,99,9,99,1,9,6,6,3,-1,-1,-1,-1,-1,-1,-1,-1,0,-1
2021332100202,2021,332100202,1,9,0,2,2,0,0,0,0,0,0,0,1,0,2,1,1,1,2,21,5,-1,-1,-1,-1,-1,-1,0,-1
2021010290697,2021,010290697,1,9,9,99,99,9,9,99,99,9,9,99,9,99,9,1,6,6,3,-1,-1,-1,-1,-1,-1,-1,-1,0,-1
2021010294810,2021,010294810,1,1,9,99,99,9,9,99,99,0,9,99,9,99,2,1,6,6,1,48,8,-1,-1,-1,-1,3,E01002808,0,-1
2021520104564,2021,520104564,1,1,0,15,15,7,3,0,0,0,0,0,0,0,4,1,6,6,2,65,9,-1,-1,-1,-1,8,E01029201,0,-1
2021302100961,2021,302100961,2,9,0,9,9,2,8,0,0,6,0,0,0,0,2,1,6,6,3,-1,-1,-1,-1,-1,-1,5,E01019456,0,-1
2021170S20281,2021,170S20281,1,1,0,18,19,7,5,0,0,8,0,0,0,0,4,1,6,6,1,77,11,-1,-1,-1,-1,-1,-1,0,-1
2021010349557,2021,010349557,1,9,0,9,9,5,3,9,9,2,0,0,0,0,1,1,6,6,3,-1,-1,-1,-1,-1,-1,-1,-1,0,-1
2021201056079,2021,201056079,2,19,0,18,19,8,4,0,0,1,0,0,0,0,2,1,6,6,3,-1,-1,-1,-1,-1,-1,-1,-1,0,-1
2021451049532,2021,451049532,2,90,0,18,19,7,3,0,0,1,0,0,0,0,2,1,6,6,1,40,7,-1,-1,-1,-1,-1,-1,0,-1
2021302101242,2021,302101242,2,9,3,18,19,6,2,0,0,4,0,0,0,0,1,1,6,6,3,-1,-1,-1,-1,-1,-1,5,E01019456,0,-1
2021531096000,2021,531096000,2,1,0,18,19,1,5,0,0,0,0,0,0,0,3,1,6,6,2,23,5,-1,-1,-1,-1,8,E01022144,0,-1
2021010316025,2021,010316025,3,90,0,18,19,5,1,0,0,2,0,0,0,0,0,1,1,1,1,43,7,-1,-1,-1,-1,3,E01003221,0,-1
2021302100956,2021,302100956,1,9,0,2,2,0,0,9,9,1,0,0,0,0,4,1,6,6,3,-1,-1,-1,-1,-1,-1,5,E01019456,0,-1
2021522105107,2021,522105107,2,-1,0,18,19,3,7,9,9,8,0,0,0,0,1,1,6,6,1,30,6,-1,-1,-1,-1,-1,-1,1,-1
2021010338947,2021,010338947,2,9,0,18,19,1,5,0,0,1,1,0,0,0,1,1,6,6,1,19,4,-1,-1,-1,-1,2,E01002716,0,-1
2021302100573,2021,302100573,3,9,0,9,9,6,4,0,0,1,0,0,0,0,0,1,6,6,3,-1,-1,-1,-1,-1,-1,5,E01019456,0,-1
2021332100415,2021,332100415,1,9,0,18,19,7,3,0,0,0,0,0,0,0,1,1,2,2,1,25,5,-1,-1,-1,-1,5,E01019428,0,-1
2021332100573,2021,332100573,1,9,0,18,19,6,2,0,0,0,0,0,0,0,3,1,6,6,1,24,5,-1,-1,-1,-1,9,E01025979,0,-1
2021010315369,2021,010315369,2,1,0,18,19,2,6,0,0,1,0,0,0,0,1,1,6,6,1,20,4,-1,-1,-1,-1,2,E01000867,0,-1
2021430505902,2021,430505902,1,1,0,9,9,6,4,0,0,8,0,0,0,0,4,1,2,2,1,30,6,-1,-1,-1,-1,10,E01016294,0,-1
2021430402860,2021,430402860,2,9,0,7,7,4,6,0,0,5,0,0,0,0,3,1,6,6,2,-1,-1,-1,-1,-1,-1,-1,-1,0,-1
2021010326028,2021,010326028,2,1,0,18,19,1,5,0,0,1,0,0,0,0,4,1,6,6,2,15,3,-1,-1,-1,-1,3,E01000736,0,-1
2021101055040,2021,101055040,1,8,-1,18,19,7,3,0,0,0,0,0,0,0,4,1,6,6,1,-1,-1,-1,-1,-1,-1,-1,-1,0,-1
202131A158721,2021,31A158721,1,9,0,18,19,2,4,0,0,8,0,0,0,0,3,1,6,6,3,-1,-1,-1,-1,-1,-1,-1,-1,0,-1
2021547549821,2021,547549821,2,9,0,17,19,2,6,0,0,0,0,0,0,0,4,1,6,6,1,22,5,-1,-1,-1,-1,7,E01023164,0,-1
2021320400163,2021,320400163,1,9,0,13,13,4,8,0,0,8,0,0,0,0,4,1,6,6,2,55,8,-1,-1,-1,-1,5,E01026210,0,-1
2021010314670,2021,010314670,1,1,9,99,99,9,9,99,99,9,9,99,9,99,9,1,6,6,3,-1,-1,-1,-1,-1,-1,-1,-1,0,-1
2021522103340,2021,522103340,4,9,4,18,19,5,1,0,0,0,0,0,0,0,0,1,1,1,1,40,7,-1,-1,-1,-1,8,E01014475,0,-1
2021471055712,2021,471055712,2,1,0,18,19,2,6,0,0,0,0,0,0,0,4,1,5,6,1,50,8,-1,-1,-1,-1,9,E01020939,0,-1
2021170H11061,2021,170H11061,2,1,0,9,9,5,3,0,0,0,0,0,0,0,3,1,2,2,1,35,6,-1,-1,-1,-1,1,E01012245,0,-1
2021610027721,2021,610027721,1,9,0,18,19,3,7,0,0,4,0,0,0,0,1,1,2,2,2,41,7,-1,-1,-1,-1,-1,-1,0,-1
2021451067164,2021,451067164,1,1,0,18,19,5,1,0,0,0,0,0,0,0,1,1,5,6,1,12,3,-1,-1,-1,-1,9,E01030646,0,-1
2021451020698,2021,451020698,1,1,0,18,19,1,1,0,0,0,0,0,0,0,1,1,6,6,2,40,7,-1,-1,-1,-1,5,E01030572,0,-1
2021991075959,2021,991075959,1,1,0,18,19,4,8,0,0,2,0,0,0,0,3,1,6,6,2,23,5,-1,-1,-1,-1,4,-1,0,-1
2021052100710,2021,052100710,1,19,0,11,11,1,5,0,0,0,0,0,0,0,4,1,1,1,1,42,7,-1,-1,-1,-1,-1,-1,0,-1
2021211046341,2021,211046341,2,1,0,14,14,6,2,0,0,2,0,0,0,0,1,1,6,6,1,40,7,-1,-1,-1,-1,8,E01029500,0,-1
2021430571601,2021,430571601,1,9,0,12,12,8,4,0,0,1,0,0,0,0,3,1,6,6,2,32,6,-1,-1,-1,-1,-1,-1,0,-1
2021010291440,2021,010291440,1,9,0,99,99,9,9,99,99,9,9,99,9,99,1,9,6,6,3,-1,-1,-1,-1,-1,-1,-1,-1,0,-1
2021221029213,2021,221029213,2,1,0,18,19,4,8,0,0,8,0,0,0,0,1,1,2,2,2,28,6,-1,-1,-1,-1,3,E01032236,0,-1
2021010322884,2021,010322884,1,1,9,99,99,9,9,99,99,9,9,99,9,99,9,1,6,6,3,27,6,-1,-1,-1,-1,2,E01033488,0,-1
2021320601295,2021,320601295,1,9,0,18,19,6,2,0,0,0,0,0,0,0,1,1,6,6,3,-1,-1,-1,-1,-1,-1,-1,-1,0,-1
2021610021921,2021,610021921,2,9,0,2,2,0,0,9,9,1,0,0,0,0,1,1,6,6,1,58,9,-1,-1,-1,-1,-1,-1,0,-1
202134WNC7041,2021,34WNC7041,1,9,0,18,19,7,3,0,0,4,0,0,0,0,1,1,6,6,1,-1,-1,-1,-1,-1,-1,-1,-1,0,-1
2021991021396,2021,991021396,1,9,0,4,4,7,8,0,0,1,1,0,0,0,1,1,1,1,1,21,5,-1,-1,-1,-1,8,-1,0,-1
2021430281021,2021,430281021,2,9,0,1,1,6,2,0,0,0,0,0,0,0,2,1,6,6,1,-1,-1,-1,-1,-1,-1,-1,-1,0,-1
2021461110928,2021,461110928,2,20,4,4,4,4,8,0,0,3,0,0,0,0,2,1,1,1,1,57,9,-1,-1,-1,-1,-1,-1,0,-1
2021101032370,2021,101032370,1,9,-1,-1,-1,8,7,-1,-1,0,-1,-1,-1,0,-1,1,6,6,2,-1,-1,-1,-1,-1,-1,-1,-1,0,-1
2021061102939,2021,061102939,1,9,0,5,5,3,7,0,0,0,0,0,0,0,1,1,6,6,3,30,6,-1,-1,-1,-1,-1,-1,0,-1
2021351101037,2021,351101037,1,9,0,18,19,3,7,0,0,0,0,0,0,0,0,1,1,1,1,24,5,-1,-1,-1,-1,5,E01026245,0,-1
2021201070578,2021,201070578,2,19,0,18,19,8,4,0,0,3,0,0,0,0,1,1,6,6,3,-1,-1,-1,-1,-1,-1,-1,-1,0,-1
2021010343287,2021,010343287,1,1,9,99,99,9,9,99,99,9,9,99,9,99,9,1,6,6,2,23,5,-1,-1,-1,-1,7,E01002965,0,-1
2021351090479,2021,351090479,1,1,0,9,9,6,4,0,0,6,0,0,0,0,1,1,5,6,1,17,4,-1,-1,-1,-1,6,E01018139,0,-1
2021531084944,2021,531084944,2,16,0,18,19,7,3,0,0,0,0,0,0,0,0,1,6,6,2,34,6,-1,-1,-1,-1,9,E01022143,0,-1
2021430564341,2021,430564341,1,3,0,18,19,6,2,0,0,8,0,0,0,0,1,1,1,1,1,29,6,-1,-1,-1,-1,5,E01017837,0,-1
2021501063567,2021,501063567,2,9,0,18,19,8,4,0,0,2,0,0,0,0,1,1,5,6,1,50,8,-1,-1,-1,-1,7,E01018883,0,-1
2021522101435,2021,522101435,2,4,0,18,19,3,7,0,0,0,0,4,1,11,1,1,6,6,1,25,5,-1,-1,-1,-1,-1,-1,0,-1
2021010288600,2021,010288600,1,9,0,12,12,1,5,0,0,1,0,0,0,0,3,1,6,6,3,-1,-1,-1,-1,-1,-1,-1,-1,0,-1
2021231085153,2021,231085153,2,1,0,18,19,3,7,0,0,0,0,0,0,0,3,1,5,6,1,64,9,-1,-1,-1,-1,10,E01028363,0,-1
2021451034757,2021,451034757,2,90,0,18,19,1,2,0,0,0,0,0,0,0,1,1,6,6,3,50,8,-1,-1,-1,-1,-1,-1,0,-1