collision_index,collision_year,collision_ref_no,vehicle_reference,vehicle_type,towing_and_articulation,vehicle_manoeuvre_historic,vehicle_manoeuvre,vehicle_direction_from,vehicle_direction_to,vehicle_location_restricted_lane_historic,vehicle_location_restricted_lane,junction_location,skidding_and_overturning,hit_object_in_carriageway,vehicle_leaving_carriageway,hit_object_off_carriageway,first_point_of_impact,vehicle_left_hand_drive,journey_purpose_of_driver_historic,journey_purpose_of_driver,sex_of_driver,age_of_driver,age_band_of_driver,engine_capacity_cc,propulsion_code,age_of_vehicle,generic_make_model,driver_imd_decile,lsoa_of_driver,escooter_flag,driver_distance_banding
2021411088191,2021,411088191,2,21,1,18,19,5,1,0,0,1,0,0,0,0,3,1,1,1,1,32,6,-1,-1,-1,-1,4,E01023534,0,-1
2021610003921,2021,610003921,1,9,0,7,7,5,7,0,0,1,0,0,7,11,1,1,6,6,2,76,11,-1,-1,-1,-1,-1,-1,0,-1
202163B066421,2021,63B066421,2,9,0,17,19,6,3,0,0,8,0,0,0,0,1,1,6,6,2,19,4,-1,-1,-1,-1,5,W01000544,0,-1
2021411139837,2021,411139837,3,9,0,2,2,0,0,6,6,0,0,0,0,0,0,1,5,6,3,-1,-1,-1,-1,-1,-1,-1,-1,0,-1
2021041125030,2021,041125030,1,9,0,7,7,4,8,0,0,1,0,0,0,0,1,1,6,6,3,-1,-1,-1,-1,-1,-1,-1,-1,0,-1
2021991045446,2021,991045446,2,1,0,12,12,8,4,0,0,7,0,0,1,0,2,1,5,6,1,69,10,-1,-1,-1,-1,3,-1,0,-1
202160Z048762,2021,60Z048762,1,9,0,18,19,2,6,0,0,0,0,0,0,0,1,1,6,6,1,42,7,-1,-1,-1,-1,-1,-1,0,-1
2021010295433,2021,010295433,1,3,0,4,4,4,8,0,0,0,0,0,0,0,3,1,1,1,1,20,4,-1,-1,-1,-1,2,E01000992,0,-1
2021622100496,2021,622100496,2,9,0,4,4,8,4,0,0,1,0,0,0,0,1,1,6,6,1,74,10,-1,-1,-1,-1,4,W01001283,0,-1
2021451104197,2021,451104197,2,9,0,4,4,7,3,0,0,0,0,0,0,0,2,1,2,2,2,38,7,-1,-1,-1,-1,6,E01023978,0,-1
2021141117027,2021,141117027,2,9,0,18,19,1,8,0,0,1,0,0,0,0,1,1,1,1,1,46,8,-1,-1,-1,-1,4,E01027928,0,-1
2021010343701,2021,010343701,2,9,0,9,9,8,7,0,0,0,0,0,0,0,3,1,6,6,1,67,10,-1,-1,-1,-1,6,E01002628,0,-1
2021170M21221,2021,170M21221,1,9,0,18,19,7,3,0,0,1,0,0,0,0,4,1,6,6,3,-1,-1,-1,-1,-1,-1,-1,-1,0,-1
2021221085144,2021,221085144,2,1,0,5,5,7,3,0,0,8,0,0,0,0,3,1,5,6,2,35,6,-1,-1,-1,-1,4,E01028945,0,-1
2021221015435,2021,221015435,1,1,0,18,19,3,7,0,0,0,0,11,0,0,1,1,5,6,2,49,8,-1,-1,-1,-1,8,E01032452,0,-1
2021332100846,2021,332100846,2,98,0,18,19,5,1,0,0,0,0,0,0,0,2,1,6,6,1,41,7,-1,-1,-1,-1,6,E01025878,0,-1
2021010319716,2021,010319716,1,1,0,4,4,1,5,0,0,0,0,0,0,0,0,1,6,6,2,25,5,-1,-1,-1,-1,-1,-1,0,-1
2021411063687,2021,411063687,1,97,0,18,19,8,4,0,0,1,0,0,1,0,1,1,5,6,1,14,3,-1,-1,-1,-1,7,E01023923,0,-1
2021052101414,2021,052101414,2,1,0,4,4,2,6,0,0,0,0,0,0,0,3,1,6,6,2,33,6,-1,-1,-1,-1,6,E01007061,0,-1
2021010310636,2021,010310636,2,9,0,99,99,9,9,99,99,9,9,99,9,99,1,9,6,6,3,-1,-1,-1,-1,-1,-1,-1,-1,0,-1
2021010342006,2021,010342006,2,9,9,99,99,9,9,0,0,9,0,99,0,0,9,1,6,6,3,-1,-1,-1,-1,-1,-1,-1,-1,0,-1
2021201129457,2021,201129457,2,9,0,18,19,7,3,0,0,0,0,0,0,0,1,1,6,6,1,32,6,-1,-1,-1,-1,4,E01009089,0,-1
2021320683215,2021,320683215,2,9,0,18,19,3,7,0,0,4,0,0,0,0,1,1,6,6,3,-1,-1,-1,-1,-1,-1,-1,-1,0,-1
202163D084221,2021,63D084221,3,9,0,18,19,8,4,0,0,1,0,0,0,0,0,1,1,1,1,42,7,-1,-1,-1,-1,7,E01014701,0,-1
2021101189993,2021,101189993,1,98,0,13,13,1,5,0,0,0,0,0,0,0,4,1,6,6,3,-1,-1,-1,-1,-1,-1,-1,-1,0,-1
2021421095309,2021,421095309,1,19,-1,14,14,6,2,0,0,0,0,0,0,0,0,1,6,6,1,-1,-1,-1,-1,-1,-1,-1,-1,0,-1
2021010306772,2021,010306772,1,97,0,9,9,5,2,0,0,6,0,0,0,0,0,1,6,6,3,-1,-1,-1,-1,-1,-1,-1,-1,0,-1
2021430527793,2021,430527793,2,1,0,18,19,1,5,2,2,8,0,0,0,0,1,1,2,2,1,52,8,-1,-1,-1,-1,-1,-1,0,-1
2021421015906,2021,421015906,1,21,1,12,12,3,7,0,0,0,0,0,0,0,1,2,1,1,1,39,7,-1,-1,-1,-1,-1,-1,0,-1
2021141093395,2021,141093395,1,1,0,18,19,1,6,0,0,0,5,0,0,0,0,1,6,6,1,-1,-1,-1,-1,-1,-1,10,E01007959,0,-1
2021351074079,2021,351074079,1,1,-1,18,19,3,7,0,0,1,0,0,0,0,3,1,1,1,1,29,6,-1,-1,-1,-1,1,E01015647,0,-1
202163A060521,2021,63A060521,1,21,0,17,19,6,3,0,0,0,0,0,0,0,4,1,2,2,1,34,6,-1,-1,-1,-1,4,W01000688,0,-1
2021061030176,2021,061030176,2,9,0,9,9,6,4,0,0,1,0,0,0,0,2,1,6,6,1,42,7,-1,-1,-1,-1,7,E01006155,0,-1
2021052101088,2021,052101088,1,9,0,18,19,1,5,0,0,8,0,0,3,11,1,1,6,6,1,-1,-1,-1,-1,-1,-1,-1,-1,0,-1
2021401081198,2021,401081198,1,9,-1,-1,-1,-1,-1,-1,-1,0,-1,-1,-1,0,-1,1,6,6,3,-1,-1,-1,-1,-1,-1,-1,-1,0,-1
2021610038721,2021,610038721,3,9,0,18,19,6,2,0,0,0,0,0,0,0,1,1,1,1,1,41,7,-1,-1,-1,-1,-1,-1,0,-1
2021010309829,2021,010309829,1,1,9,99,99,9,9,99,99,9,9,99,9,99,1,1,6,6,1,41,7,-1,-1,-1,-1,6,E01001865,0,-1
2021101088487,2021,101088487,1,9,0,18,19,5,1,0,0,0,0,0,0,0,1,1,6,6,3,-1,-1,-1,-1,-1,-1,-1,-1,0,-1
2021320239290,2021,320239290,2,1,0,18,19,8,4,0,0,8,5,0,0,0,1,1,2,2,2,58,9,-1,-1,-1,-1,6,E01026038,0,-1
2021351044951,2021,351044951,1,9,0,16,19,-1,-1,0,0,8,0,0,0,0,3,1,6,6,3,-1,-1,-1,-1,-1,-1,-1,-1,0,-1
2021010333112,2021,010333112,2,1,0,18,19,5,1,0,0,1,0,0,0,0,2,1,6,6,1,42,7,-1,-1,-1,-1,3,E01004202,0,-1
2021332101558,2021,332101558,2,9,0,2,2,0,0,0,0,0,0,0,0,0,2,1,6,6,2,35,6,-1,-1,-1,-1,-1,-1,0,-1
2021010303158,2021,010303158,1,1,9,99,99,9,9,99,99,9,9,99,9,99,1,1,6,6,1,34,6,-1,-1,-1,-1,8,E01002993,0,-1
2021010312988,2021,010312988,2,1,9,99,99,9,9,99,99,9,9,99,9,99,1,1,6,6,3,-1,-1,-1,-1,-1,-1,3,E01001668,0,-1
2021332100375,2021,332100375,1,9,0,5,5,8,4,0,0,1,0,0,7,2,1,1,6,6,1,33,6,-1,-1,-1,-1,7,E01025627,0,-1
2021010342324,2021,010342324,1,1,9,99,99,9,9,99,99,9,9,99,9,99,1,1,6,6,1,33,6,-1,-1,-1,-1,6,E01001741,0,-1
2021991081956,2021,991081956,2,1,0,18,19,4,1,0,0,8,0,0,0,0,1,1,5,6,1,42,7,-1,-1,-1,-1,3,-1,0,-1
2021461054370,2021,461054370,2,9,0,16,19,5,1,0,0,0,0,0,0,0,2,1,6,6,1,73,10,-1,-1,-1,-1,10,E01024353,0,-1
2021430268450,2021,430268450,2,9,0,18,19,8,4,0,0,4,0,0,0,0,1,1,6,6,1,-1,-1,-1,-1,-1,-1,-1,-1,0,-1
2021461064264,2021,461064264,1,9,0,15,15,5,1,0,0,0,0,0,0,0,1,1,6,6,3,-1,-1,-1,-1,-1,-1,-1,-1,0,-1
2021501082216,2021,501082216,1,9,0,18,19,1,5,0,0,0,0,0,8,4,1,1,5,6,1,23,5,-1,-1,-1,-1,4,E01020321,0,-1
2021201104501,2021,201104501,1,1,0,5,5,1,5,0,0,4,0,0,0,0,3,1,6,6,1,18,4,-1,-1,-1,-1,1,E01009107,0,-1
2021332100962,2021,332100962,2,9,0,4,4,1,5,0,0,0,0,0,0,0,2,1,6,6,2,37,7,-1,-1,-1,-1,10,E01025836,0,-1
2021010326965,2021,010326965,1,1,9,99,99,9,9,99,99,9,9,99,9,99,9,1,2,2,2,41,7,-1,-1,-1,-1,2,E01001862,0,-1
2021351100504,2021,351100504,1,9,0,5,5,-1,-1,0,0,6,0,0,0,0,4,1,6,6,3,-1,-1,-1,-1,-1,-1,-1,-1,0,-1
2021101026110,2021,101026110,1,97,0,13,13,1,5,0,0,1,0,0,0,0,3,1,6,6,1,14,3,-1,-1,-1,-1,1,E01008607,0,-1
2021010325844,2021,010325844,2,97,0,99,99,9,9,99,99,9,9,99,9,99,1,9,6,6,1,-1,-1,-1,-1,-1,-1,3,E01003251,0,-1
2021101044024,2021,101044024,1,1,0,18,19,3,7,0,0,1,1,0,0,0,1,1,6,6,1,5,1,-1,-1,-1,-1,-1,-1,0,-1
2021201139111,2021,201139111,1,17,0,9,9,4,1,0,0,6,0,0,0,0,3,1,6,6,1,20,4,-1,-1,-1,-1,10,E01032886,0,-1
2021421062314,2021,421062314,2,1,0,18,19,2,6,0,0,0,0,0,0,0,3,1,5,6,1,64,9,-1,-1,-1,-1,10,E01021558,0,-1
2021361096012,2021,361096012,2,1,0,18,19,5,1,0,0,0,0,0,0,0,0,1,5,6,1,35,6,-1,-1,-1,-1,3,E01026753,0,-1
2021010289775,2021,010289775,1,2,0,18,19,7,3,0,0,8,0,0,0,0,1,1,6,6,3,-1,-1,-1,-1,-1,-1,-1,-1,0,-1
2021061028120,2021,061028120,2,1,0,18,19,1,5,0,0,0,0,0,0,0,2,1,6,6,1,55,8,-1,-1,-1,-1,-1,-1,0,-1
2021061114587,2021,061114587,2,1,0,4,4,1,1,4,4,1,0,0,0,0,2,1,2,2,1,31,6,-1,-1,-1,-1,3,E01005316,0,-1
2021371085070,2021,371085070,1,9,0,18,19,1,5,0,0,0,0,0,0,0,0,1,6,6,3,-1,-1,-1,-1,-1,-1,-1,-1,0,-1
2021522103854,2021,522103854,1,9,0,18,19,3,5,0,0,3,0,0,0,0,1,1,6,6,3,-1,-1,-1,-1,-1,-1,-1,-1,0,-1
2021010332676,2021,010332676,1,1,9,99,99,9,9,99,99,9,9,99,9,99,1,1,6,6,1,30,6,-1,-1,-1,-1,7,E01002165,0,-1
2021041110835,2021,041110835,2,1,0,18,19,6,2,0,0,6,0,0,1,0,2,1,2,2,1,53,8,-1,-1,-1,-1,-1,-1,0,-1
2021010328497,2021,010328497,1,1,9,99,99,9,9,99,99,9,9,99,9,99,1,1,6,6,1,47,8,-1,-1,-1,-1,2,E01003168,0,-1
2021061062931,2021,061062931,1,1,0,18,19,7,3,0,0,1,0,0,0,0,3,1,6,6,1,33,6,-1,-1,-1,-1,4,E01005710,0,-1
2021010287380,2021,010287380,2,1,0,18,19,3,7,0,0,1,0,0,0,0,1,1,1,1,1,26,6,-1,-1,-1,-1,1,E01004702,0,-1
2021010349205,2021,010349205,2,9,0,99,99,9,9,99,99,9,9,99,9,99,1,9,6,6,3,-1,-1,-1,-1,-1,-1,3,E01001701,0,-1
2021231056223,2021,231056223,1,9,0,13,13,2,6,0,0,0,0,0,0,0,1,1,5,6,1,28,6,-1,-1,-1,-1,5,E01031312,0,-1
2021201021518,2021,201021518,1,9,0,1,1,8,4,0,0,0,0,0,0,0,2,1,6,6,1,-1,-1,-1,-1,-1,-1,-1,-1,0,-1
2021201037697,2021,201037697,1,23,0,18,19,2,6,0,0,3,0,0,0,0,1,1,1,1,1,19,4,-1,-1,-1,-1,2,E01009495,0,-1
2021320219472,2021,320219472,1,1,0,18,19,4,2,0,0,0,0,0,0,0,1,1,6,6,1,35,6,-1,-1,-1,-1,4,E01026144,0,-1
2021141027978,2021,141027978,1,9,0,18,19,4,8,0,0,1,0,0,0,0,1,1,6,6,3,-1,-1,-1,-1,-1,-1,-1,-1,0,-1
2021991040571,2021,991040571,2,1,0,18,19,4,8,0,0,0,5,0,0,0,3,1,5,6,1,61,9,-1,-1,-1,-1,6,-1,0,-1
2021031112860,2021,031112860,2,9,0,9,9,4,8,0,0,6,0,0,0,0,1,1,5,6,1,21,5,-1,-1,-1,-1,8,E01019391,0,-1
202131C135521,2021,31C135521,1,-1,0,18,19,4,8,0,0,0,1,0,0,0,1,1,6,6,1,34,6,-1,-1,-1,-1,3,E01028187,1,-1
2021622100622,2021,622100622,1,1,0,18,19,2,6,0,0,1,0,0,0,0,1,1,1,1,1,26,6,-1,-1,-1,-1,5,W01001710,0,-1
2021131043759,2021,131043759,1,9,0,9,9,3,8,0,0,8,0,0,0,0,-1,1,6,6,3,20,4,-1,-1,-1,-1,-1,-1,0,-1
2021131088093,2021,131088093,2,1,0,18,19,1,1,0,0,8,0,0,0,0,4,1,6,6,2,39,7,-1,-1,-1,-1,4,E01033006,0,-1
2021131060411,2021,131060411,1,1,0,18,19,1,5,0,0,8,1,0,1,0,1,1,5,6,1,20,4,-1,-1,-1,-1,-1,-1,0,-1
2021161109533,2021,161109533,1,9,0,13,13,7,3,0,0,1,0,0,0,0,4,1,6,6,3,-1,-1,-1,-1,-1,-1,-1,-1,0,-1
2021440477339,2021,440477339,1,3,0,18,19,7,3,0,0,0,0,0,1,10,1,1,1,1,1,39,7,-1,-1,-1,-1,8,E01023277,0,-1
2021610019621,2021,610019621,1,9,0,10,10,7,4,0,0,6,0,0,0,0,3,1,6,6,2,39,7,-1,-1,-1,-1,-1,-1,0,-1
202163C013621,2021,63C013621,1,9,0,18,19,2,6,0,0,0,1,0,0,0,1,1,6,6,1,56,9,-1,-1,-1,-1,10,W01001842,0,-1
2021101102223,2021,101102223,1,9,0,18,19,1,5,0,0,2,0,0,0,0,4,1,6,6,1,-1,-1,-1,-1,-1,-1,-1,-1,0,-1
2021010347188,2021,010347188,2,9,0,18,19,3,7,0,0,8,0,0,0,0,1,1,6,6,3,-1,-1,-1,-1,-1,-1,-1,-1,0,-1
202160Z045832,2021,60Z045832,2,9,0,4,4,4,8,0,0,0,1,0,0,0,1,1,2,2,1,64,9,-1,-1,-1,-1,-1,-1,0,-1
2021610034721,2021,610034721,1,97,0,18,19,2,6,0,0,1,1,0,0,0,4,1,6,6,1,54,8,-1,-1,-1,-1,-1,-1,0,-1
2021430190576,2021,430190576,2,19,0,3,3,8,4,0,0,0,0,0,0,0,2,1,6,6,3,-1,-1,-1,-1,-1,-1,-1,-1,0,-1
2021141081630,2021,141081630,1,98,0,18,19,6,8,0,0,2,0,0,0,0,1,1,6,6,3,-1,-1,-1,-1,-1,-1,-1,-1,0,-1
202106X079843,2021,06X079843,1,19,0,4,4,7,3,0,0,1,0,0,0,0,1,1,6,6,1,30,6,-1,-1,-1,-1,-1,-1,0,-1
2021122200567,2021,122200567,1,11,0,5,5,1,3,0,0,0,0,0,0,0,0,1,1,1,1,23,5,-1,-1,-1,-1,5,E01027729,0,-1
2021991070795,2021,991070795,1,1,0,18,19,6,2,0,0,0,0,0,0,0,1,1,5,6,1,50,8,-1,-1,-1,-1,3,-1,0,-1
2021991027895,2021,991027895,2,1,0,18,19,3,7,0,0,0,0,0,0,0,1,1,6,6,1,11,3,-1,-1,-1,-1,-1,-1,0,-1
202134NNC2921,2021,34NNC2921,1,-1,0,5,5,6,2,0,0,6,0,0,0,0,1,1,6,6,1,23,5,-1,-1,-1,-1,2,E01027349,1,-1
2021221063394,2021,221063394,2,1,0,18,19,3,7,0,0,0,0,0,0,0,3,1,5,6,1,65,9,-1,-1,-1,-1,5,E01032280,0,-1
2021411064534,2021,411064534,1,9,0,18,19,4,8,0,0,1,0,0,0,0,1,1,3,7,2,33,6,-1,-1,-1,-1,3,E01023866,0,-1
2021010309892,2021,010309892,2,1,0,18,19,3,7,9,9,1,0,0,0,0,0,1,6,6,2,50,8,-1,-1,-1,-1,7,E01000256,0,-1
2021101104398,2021,101104398,1,9,0,1,1,3,7,8,6,0,0,0,0,0,2,1,6,6,1,-1,-1,-1,-1,-1,-1,-1,-1,0,-1
2021332100921,2021,332100921,1,-1,0,18,19,2,6,0,0,2,1,0,0,0,2,1,6,6,1,39,7,-1,-1,-1,-1,1,E01013674,1,-1
2021070847379,2021,070847379,1,9,0,18,19,5,3,0,0,0,0,0,0,0,0,1,6,6,2,-1,-1,-1,-1,-1,-1,-1,-1,0,-1
2021421074479,2021,421074479,1,9,0,18,19,3,7,0,0,1,0,0,0,0,1,1,6,6,1,40,7,-1,-1,-1,-1,2,E01000034,0,-1
202163D088421,2021,63D088421,1,9,0,18,19,8,4,0,0,0,1,0,0,0,1,1,6,6,1,28,6,-1,-1,-1,-1,8,E01031103,0,-1
2021201072551,2021,201072551,2,90,0,18,19,8,4,0,0,8,0,0,0,0,0,1,6,6,3,-1,-1,-1,-1,-1,-1,-1,-1,0,-1
2021471025218,2021,471025218,2,1,0,18,19,6,2,0,0,8,0,0,0,0,2,1,5,6,1,63,9,-1,-1,-1,-1,7,E01021205,0,-1
2021440506401,2021,440506401,1,19,0,9,9,5,3,0,0,4,0,0,0,0,4,1,6,6,3,-1,-1,-1,-1,-1,-1,-1,-1,0,-1
2021221106550,2021,221106550,2,1,0,10,10,1,7,0,0,1,0,0,0,0,1,1,5,6,1,78,11,-1,-1,-1,-1,5,E01014057,0,-1
2021440033963,2021,440033963,1,1,0,18,19,8,4,0,0,0,0,0,0,0,1,1,6,6,1,47,8,-1,-1,-1,-1,3,E01023085,0,-1
2021201134293,2021,201134293,1,9,0,13,13,2,4,0,0,1,0,0,0,0,4,1,6,6,3,-1,-1,-1,-1,-1,-1,-1,-1,0,-1
2021991126411,2021,991126411,1,9,0,18,19,4,8,0,0,1,1,0,0,0,1,1,5,6,1,27,6,-1,-1,-1,-1,9,-1,0,-1
2021451126362,2021,451126362,1,9,0,18,19,1,5,0,0,0,0,0,0,0,2,1,6,6,3,55,8,-1,-1,-1,-1,-1,-1,0,-1
2021141082965,2021,141082965,1,9,0,18,19,2,7,0,0,8,0,0,0,0,4,1,6,6,1,49,8,-1,-1,-1,-1,3,E01007781,0,-1
2021610014321,2021,610014321,2,20,0,18,19,6,2,0,0,1,0,0,0,0,2,1,6,6,1,38,7,-1,-1,-1,-1,-1,-1,0,-1
2021231022255,2021,231022255,1,9,0,18,19,5,1,0,0,0,2,0,6,6,3,1,5,6,2,26,6,-1,-1,-1,-1,10,E01031110,0,-1
2021411033364,2021,411033364,2,1,0,7,7,3,6,0,0,0,0,0,0,0,1,1,6,6,1,59,9,-1,-1,-1,-1,10,E01023693,0,-1
2021170M10171,2021,170M10171,1,9,0,18,19,4,8,0,0,0,5,0,8,11,1,1,6,6,1,27,6,-1,-1,-1,-1,1,E01033468,0,-1
2021332100807,2021,332100807,2,9,0,18,19,3,7,0,0,4,0,0,0,0,3,1,6,6,2,50,8,-1,-1,-1,-1,7,E01025658,0,-1
2021010301938,2021,010301938,1,9,0,3,3,1,5,0,0,1,0,0,0,0,2,1,6,6,3,-1,-1,-1,-1,-1,-1,-1,-1,0,-1
2021010295212,2021,010295212,2,9,0,18,19,1,5,0,0,8,0,0,0,0,1,1,6,6,3,-1,-1,-1,-1,-1,-1,-1,-1,0,-1
2021371120950,2021,371120950,1,9,0,16,19,1,4,0,0,0,0,0,0,0,0,1,6,6,3,-1,-1,-1,-1,-1,-1,-1,-1,0,-1
2021430511884,2021,430511884,2,9,0,7,7,1,3,0,0,6,0,0,0,0,1,1,6,6,1,75,10,-1,-1,-1,-1,-1,-1,0,-1
2021302101372,2021,302101372,1,1,0,18,19,4,8,0,0,0,0,0,0,0,1,1,6,6,1,63,9,-1,-1,-1,-1,4,E01013498,0,-1
2021622100101,2021,622100101,1,9,0,4,4,8,4,0,0,1,0,0,0,0,2,1,6,6,1,65,9,-1,-1,-1,-1,-1,-1,0,-1
2021010339952,2021,010339952,1,1,0,18,19,7,3,0,0,0,0,4,0,0,1,1,6,6,1,18,4,-1,-1,-1,-1,5,E01001682,0,-1
2021332100825,2021,332100825,2,5,0,18,19,6,2,0,0,8,1,0,0,0,1,1,6,6,1,54,8,-1,-1,-1,-1,1,E01013677,0,-1
2021010310489,2021,010310489,2,9,0,18,19,5,1,99,99,0,9,99,9,99,9,9,6,6,3,-1,-1,-1,-1,-1,-1,-1,-1,0,-1
2021552100055,2021,552100055,1,9,0,18,19,4,7,0,0,0,0,0,0,0,0,1,6,6,3,-1,-1,-1,-1,-1,-1,-1,-1,0,-1
202160Z018369,2021,60Z018369,2,9,0,18,19,8,4,0,0,1,0,0,0,0,1,1,6,6,2,59,9,-1,-1,-1,-1,-1,-1,0,-1
2021201103492,2021,201103492,2,9,0,18,19,8,4,0,0,1,0,0,0,0,4,1,6,6,1,21,5,-1,-1,-1,-1,1,E01009344,0,-1
2021610031021,2021,610031021,2,9,0,18,19,4,8,0,0,0,0,4,0,0,4,1,6,6,2,34,6,-1,-1,-1,-1,-1,-1,0,-1
2021302100647,2021,302100647,3,9,0,2,2,0,0,0,0,0,0,0,0,0,2,1,6,6,1,21,5,-1,-1,-1,-1,2,E01019563,0,-1
2021010308749,2021,010308749,1,9,0,18,19,5,1,0,0,0,0,0,0,0,9,1,6,6,3,-1,-1,-1,-1,-1,-1,-1,-1,0,-1
2021320429075,2021,320429075,1,1,0,18,19,3,7,0,0,0,5,0,0,0,1,1,6,6,1,27,6,-1,-1,-1,-1,-1,-1,0,-1
2021010320744,2021,010320744,2,9,0,99,99,9,9,99,99,9,9,99,9,99,9,9,6,6,3,-1,-1,-1,-1,-1,-1,-1,-1,0,-1
202131P093321,2021,31P093321,2,9,0,18,19,8,4,0,0,0,0,0,0,0,1,1,6,6,3,-1,-1,-1,-1,-1,-1,-1,-1,0,-1
2021440345003,2021,440345003,1,9,0,9,9,3,2,0,0,8,0,0,0,0,1,1,6,6,1,60,9,-1,-1,-1,-1,7,E01023025,0,-1
2021010308256,2021,010308256,1,19,0,18,19,7,3,0,0,1,0,0,0,0,1,1,6,6,3,-1,-1,-1,-1,-1,-1,-1,-1,0,-1
2021201145418,2021,201145418,2,1,0,18,19,-1,-1,0,0,8,0,0,0,0,1,1,6,6,1,49,8,-1,-1,-1,-1,4,E01009715,0,-1
2021440431541,2021,440431541,2,9,0,5,5,1,4,0,0,4,0,0,0,0,2,1,1,1,2,31,6,-1,-1,-1,-1,4,E01017034,0,-1
2021610025521,2021,610025521,2,8,0,4,4,8,5,0,0,1,0,0,0,0,1,1,2,2,1,53,8,-1,-1,-1,-1,-1,-1,0,-1
2021440109327,2021,440109327,1,-1,0,7,7,2,4,0,0,8,0,0,0,0,0,1,6,6,2,20,4,-1,-1,-1,-1,4,E01017034,1,-1
2021122100236,2021,122100236,2,1,0,18,19,3,7,0,0,8,0,0,0,0,4,1,6,6,1,36,7,-1,-1,-1,-1,5,E01033069,0,-1
2021471027845,2021,471027845,2,1,0,18,19,2,6,0,0,0,0,0,0,0,1,1,6,6,1,47,8,-1,-1,-1,-1,9,E01031496,0,-1
2021430515784,2021,430515784,2,9,0,7,7,8,2,0,0,5,0,0,0,0,1,1,6,6,3,-1,-1,-1,-1,-1,-1,-1,-1,0,-1
2021010332420,2021,010332420,2,9,0,18,19,3,7,0,0,1,0,0,0,0,1,1,6,6,1,-1,-1,-1,-1,-1,-1,-1,-1,0,-1
2021131067078,2021,131067078,2,1,0,18,19,7,3,0,0,1,0,0,0,0,1,1,5,6,1,39,7,-1,-1,-1,-1,7,E01010908,0,-1
2021010339204,2021,010339204,2,9,0,99,99,9,9,99,99,9,9,99,9,99,0,1,6,6,3,-1,-1,-1,-1,-1,-1,-1,-1,0,-1
2021430373604,2021,430373604,1,9,0,18,19,5,1,0,0,1,0,0,0,0,4,1,6,6,1,-1,-1,-1,-1,-1,-1,-1,-1,0,-1
2021041071323,2021,041071323,1,9,0,18,19,5,1,0,0,3,0,0,0,0,1,1,6,6,3,-1,-1,-1,-1,-1,-1,-1,-1,0,-1
2021552100351,2021,552100351,1,9,0,18,19,2,6,0,0,0,0,0,0,0,1,1,6,6,2,57,9,-1,-1,-1,-1,9,E01022989,0,-1
2021411101506,2021,411101506,2,-1,0,5,5,7,3,0,0,4,0,0,0,0,1,1,6,6,1,18,4,-1,-1,-1,-1,4,E01023669,1,-1
2021161037672,2021,161037672,2,9,0,5,5,1,5,9,9,1,0,0,0,0,3,1,6,6,3,-1,-1,-1,-1,-1,-1,-1,-1,0,-1
2021440012733,2021,440012733,1,1,0,10,10,5,3,0,0,8,0,0,0,0,1,1,6,6,1,52,8,-1,-1,-1,-1,9,E01032877,0,-1
202160Z008216,2021,60Z008216,1,9,0,16,19,7,3,0,0,0,5,0,0,0,3,1,6,6,2,53,8,-1,-1,-1,-1,-1,-1,0,-1
2021010341877,2021,010341877,2,4,9,99,99,9,9,99,99,9,9,99,9,99,9,1,6,6,3,-1,-1,-1,-1,-1,-1,-1,-1,0,-1
2021471044950,2021,471044950,3,9,0,18,19,5,1,0,0,0,0,0,0,0,-1,1,6,6,3,-1,-1,-1,-1,-1,-1,-1,-1,0,-1
2021041073750,2021,041073750,2,1,0,18,19,1,5,0,0,1,5,0,0,0,0,1,5,6,2,48,8,-1,-1,-1,-1,7,E01025033,0,-1
2021471013018,2021,471013018,1,9,0,18,19,8,6,0,0,0,0,0,0,0,4,1,2,2,1,31,6,-1,-1,-1,-1,6,E01031554,0,-1
2021332100813,2021,332100813,2,9,0,2,2,0,0,0,0,0,0,0,0,0,1,1,6,6,1,51,8,-1,-1,-1,-1,10,E01025944,0,-1
2021430428698,2021,430428698,1,9,0,17,19,7,4,0,0,0,0,0,0,0,3,1,6,6,1,46,8,-1,-1,-1,-1,-1,-1,0,-1
2021122100208,2021,122100208,2,9,0,5,5,1,6,0,0,1,0,0,0,0,3,1,2,2,1,66,10,-1,-1,-1,-1,8,E01027859,0,-1
2021221087699,2021,221087699,2,1,0,16,19,5,8,0,0,0,0,0,0,0,3,1,5,6,1,66,10,-1,-1,-1,-1,3,E01032201,0,-1
2021138291404,2021,138291404,1,9,0,2,2,0,0,0,0,0,0,0,0,0,3,1,6,6,1,33,6,-1,-1,-1,-1,1,E01007320,0,-1
2021010322540,2021,010322540,1,9,0,1,1,5,1,0,0,0,0,0,0,0,2,1,6,6,3,-1,-1,-1,-1,-1,-1,-1,-1,0,-1
2021552100049,2021,552100049,1,19,0,17,19,3,7,0,0,0,1,0,4,6,1,1,2,2,1,25,5,-1,-1,-1,-1,6,E01017204,0,-1
2021010332832,2021,010332832,2,1,0,18,19,7,3,0,0,1,0,0,0,0,1,1,2,2,1,25,5,-1,-1,-1,-1,8,E01001377,0,-1
2021161106973,2021,161106973,1,1,0,18,19,3,7,0,0,8,0,0,0,0,4,1,2,2,1,17,4,-1,-1,-1,-1,-1,-1,0,-1
2021461094713,2021,461094713,1,9,0,18,19,3,7,0,0,1,0,0,0,0,1,1,6,6,1,-1,-1,-1,-1,-1,-1,-1,-1,0,-1
2021041032653,2021,041032653,1,9,0,7,7,3,7,0,0,1,0,0,0,0,1,1,6,6,3,-1,-1,-1,-1,-1,-1,-1,-1,0,-1
2021201143453,2021,201143453,2,9,0,11,11,3,7,0,0,0,0,0,0,0,1,1,1,1,1,-1,-1,-1,-1,-1,-1,-1,-1,0,-1
2021430253895,2021,430253895,2,8,0,10,10,6,4,0,0,1,0,0,0,0,2,1,1,1,2,33,6,-1,-1,-1,-1,8,E01016674,0,-1
2021010333052,2021,010333052,2,9,9,99,99,9,9,99,99,9,9,99,9,99,9,9,6,6,3,-1,-1,-1,-1,-1,-1,-1,-1,0,-1
2021170M20811,2021,170M20811,2,1,0,18,19,5,1,0,0,6,0,0,0,0,1,1,6,6,1,18,4,-1,-1,-1,-1,1,E01012058,0,-1
202160Z057006,2021,60Z057006,2,1,0,18,19,3,7,0,0,0,0,0,0,0,3,1,6,6,1,20,4,-1,-1,-1,-1,-1,-1,0,-1
2021061047848,2021,061047848,1,1,0,18,19,7,3,0,0,1,0,0,0,0,1,1,6,6,1,60,9,-1,-1,-1,-1,8,E01006197,0,-1