collision_index,collision_year,collision_ref_no,vehicle_reference,vehicle_type,towing_and_articulation,vehicle_manoeuvre_historic,vehicle_manoeuvre,vehicle_direction_from,vehicle_direction_to,vehicle_location_restricted_lane_historic,vehicle_location_restricted_lane,junction_location,skidding_and_overturning,hit_object_in_carriageway,vehicle_leaving_carriageway,hit_object_off_carriageway,first_point_of_impact,vehicle_left_hand_drive,journey_purpose_of_driver_historic,journey_purpose_of_driver,sex_of_driver,age_of_driver,age_band_of_driver,engine_capacity_cc,propulsion_code,age_of_vehicle,generic_make_model,driver_imd_decile,lsoa_of_driver,escooter_flag,driver_distance_banding
2021010342776,2021,010342776,2,1,0,9,9,1,7,0,0,8,0,0,0,0,4,1,2,2,1,32,6,-1,-1,-1,-1,2,E01002046,0,-1
2021010295992,2021,010295992,2,-1,0,18,19,8,4,0,0,1,0,0,0,0,3,1,6,6,2,18,4,-1,-1,-1,-1,1,E01001562,1,-1
2021610020321,2021,610020321,2,19,0,18,19,1,5,0,0,1,0,0,0,0,2,1,6,6,3,-1,-1,-1,-1,-1,-1,-1,-1,0,-1
2021131073642,2021,131073642,2,9,0,18,19,3,7,0,0,8,0,0,0,0,3,1,5,6,2,64,9,-1,-1,-1,-1,3,E01011242,0,-1
2021430200848,2021,430200848,2,19,0,18,19,8,4,0,0,0,0,0,0,0,1,1,6,6,1,-1,-1,-1,-1,-1,-1,-1,-1,0,-1
2021461099610,2021,461099610,2,9,0,18,19,5,1,0,0,0,0,0,0,0,4,1,6,6,1,35,6,-1,-1,-1,-1,9,E01032107,0,-1
2021371066087,2021,371066087,1,9,0,11,11,6,2,0,0,0,0,0,0,0,4,1,6,6,3,-1,-1,-1,-1,-1,-1,-1,-1,0,-1
2021451069365,2021,451069365,1,1,0,18,19,6,2,0,0,0,0,0,1,0,3,1,2,2,1,29,6,-1,-1,-1,-1,6,E01030737,0,-1
2021131115395,2021,131115395,2,9,0,2,2,0,0,9,9,1,0,0,0,0,1,1,1,1,1,54,8,-1,-1,-1,-1,1,E01011364,0,-1
2021302101737,2021,302101737,2,1,0,18,19,5,1,0,0,8,0,0,0,0,4,1,6,6,1,18,4,-1,-1,-1,-1,-1,-1,0,-1
2021430396545,2021,430396545,2,1,0,18,19,5,1,0,0,1,0,0,0,0,3,1,6,6,1,21,5,-1,-1,-1,-1,8,E01028531,0,-1
2021552200216,2021,552200216,1,19,0,7,7,3,5,0,0,5,0,0,0,0,0,1,6,6,3,-1,-1,-1,-1,-1,-1,-1,-1,0,-1
2021101104550,2021,101104550,1,9,0,18,19,3,7,0,0,0,0,0,0,0,4,1,6,6,3,52,8,-1,-1,-1,-1,-1,-1,0,-1
202160Z134559,2021,60Z134559,1,9,0,5,5,6,2,0,0,1,0,0,0,0,1,1,6,6,2,35,6,-1,-1,-1,-1,-1,-1,0,-1
2021461117553,2021,461117553,3,21,1,18,19,5,1,0,0,0,0,0,0,0,3,1,1,1,1,55,8,-1,-1,-1,-1,-1,-1,0,-1
2021522200574,2021,522200574,1,9,0,18,19,5,1,0,0,8,0,0,0,0,1,1,6,6,1,43,7,-1,-1,-1,-1,8,E01014456,0,-1
2021170S42131,2021,170S42131,2,9,0,18,19,2,6,0,0,1,0,0,0,0,1,1,6,6,3,-1,-1,-1,-1,-1,-1,-1,-1,0,-1
2021471016339,2021,471016339,2,1,0,18,19,1,5,0,0,0,0,0,0,0,4,1,5,6,1,67,10,-1,-1,-1,-1,9,E01016999,0,-1
2021010308271,2021,010308271,1,9,0,99,99,9,9,99,99,9,9,99,9,99,9,9,6,6,2,56,9,-1,-1,-1,-1,6,E01000294,0,-1
2021531049389,2021,531049389,2,9,0,18,19,6,2,0,0,0,0,0,7,0,2,1,1,1,1,41,7,-1,-1,-1,-1,7,E01022407,0,-1
202131D084621,2021,31D084621,1,1,0,18,19,8,4,0,0,2,0,0,0,0,3,1,2,2,1,31,6,-1,-1,-1,-1,1,E01013878,0,-1
2021041101966,2021,041101966,2,1,0,10,10,3,1,0,0,8,0,0,0,0,1,1,5,6,1,61,9,-1,-1,-1,-1,6,E01025122,0,-1
2021010310489,2021,010310489,1,1,0,18,19,1,5,0,0,0,9,0,0,0,2,1,6,6,1,18,4,-1,-1,-1,-1,2,E01000998,0,-1
2021221055830,2021,221055830,1,9,0,1,1,5,1,0,0,1,0,0,0,0,2,1,1,1,1,56,9,-1,-1,-1,-1,7,E01028987,0,-1
2021070641393,2021,070641393,1,1,0,18,19,5,1,0,0,1,0,0,0,0,3,1,6,6,1,15,3,-1,-1,-1,-1,8,E01018582,0,-1
2021440253479,2021,440253479,2,9,0,18,19,6,2,0,0,0,0,0,0,0,1,1,6,6,2,28,6,-1,-1,-1,-1,4,E01017187,0,-1
2021552100878,2021,552100878,2,1,0,18,19,3,7,0,0,0,1,0,0,0,1,1,4,7,1,16,4,-1,-1,-1,-1,7,E01015450,0,-1
2021010289439,2021,010289439,1,9,0,99,99,9,9,99,99,9,9,99,9,99,9,9,6,6,1,41,7,-1,-1,-1,-1,8,E01023486,0,-1
2021061097113,2021,061097113,2,9,0,9,9,3,1,0,0,6,0,0,0,0,4,1,1,1,1,30,6,-1,-1,-1,-1,-1,-1,0,-1
2021010322688,2021,010322688,1,9,0,18,19,4,8,0,0,1,0,0,0,0,1,1,6,6,3,-1,-1,-1,-1,-1,-1,-1,-1,0,-1
2021010300326,2021,010300326,1,9,0,7,7,1,3,0,0,5,0,0,0,0,4,1,1,1,2,29,6,-1,-1,-1,-1,1,E01004241,0,-1
2021041016692,2021,041016692,1,9,0,18,19,1,1,0,0,2,0,0,0,0,2,1,5,6,1,20,4,-1,-1,-1,-1,1,E01012682,0,-1
2021010324688,2021,010324688,2,9,0,4,4,1,5,0,0,1,0,0,0,0,0,1,6,6,2,-1,-1,-1,-1,-1,-1,-1,-1,0,-1
2021201143638,2021,201143638,1,9,0,9,9,3,8,0,0,2,0,0,0,0,1,1,6,6,3,-1,-1,-1,-1,-1,-1,-1,-1,0,-1
2021320300043,2021,320300043,1,21,1,12,12,5,1,0,0,1,0,0,0,0,3,1,6,6,3,-1,-1,-1,-1,-1,-1,-1,-1,0,-1
2021201146325,2021,201146325,1,98,0,18,19,-1,-1,0,0,4,0,0,0,0,2,1,6,6,1,-1,-1,-1,-1,-1,-1,-1,-1,0,-1
2021302100341,2021,302100341,2,1,0,18,19,6,2,0,0,0,0,0,0,0,3,1,2,2,1,51,8,-1,-1,-1,-1,6,E01019648,0,-1
2021010314174,2021,010314174,1,1,0,18,19,5,1,0,0,8,2,0,0,0,0,1,6,6,1,38,7,-1,-1,-1,-1,3,E01033593,0,-1
2021061091293,2021,061091293,2,1,0,18,19,7,3,0,0,1,0,0,0,0,1,1,5,6,1,21,5,-1,-1,-1,-1,9,E01005848,0,-1
2021010318508,2021,010318508,1,1,9,99,99,9,9,99,99,0,9,99,9,99,2,1,6,6,1,47,8,-1,-1,-1,-1,2,E01003987,0,-1
2021610060721,2021,610060721,1,19,0,9,9,3,1,0,0,6,0,0,0,0,1,1,6,6,2,47,8,-1,-1,-1,-1,-1,-1,0,-1
2021010328403,2021,010328403,1,9,0,18,19,3,7,0,0,0,0,0,0,0,1,1,6,6,1,-1,-1,-1,-1,-1,-1,-1,-1,0,-1
2021061105653,2021,061105653,2,1,0,18,19,6,2,0,0,8,0,0,0,0,1,1,6,6,1,26,6,-1,-1,-1,-1,5,E01032914,0,-1
2021361075097,2021,361075097,2,1,0,18,19,4,8,0,0,0,0,0,0,0,2,1,5,6,2,28,6,-1,-1,-1,-1,6,E01026547,0,-1
2021332100890,2021,332100890,2,1,0,18,19,4,8,0,0,6,0,0,0,0,1,1,6,6,1,70,10,-1,-1,-1,-1,10,E01025832,0,-1
2021320496651,2021,320496651,2,9,0,4,4,2,6,0,0,0,0,0,0,0,2,1,1,1,1,52,8,-1,-1,-1,-1,8,E01015589,0,-1
2021451084749,2021,451084749,1,1,0,18,19,4,8,0,0,0,0,0,0,0,1,1,5,6,2,43,7,-1,-1,-1,-1,9,E01030696,0,-1
2021302100276,2021,302100276,1,1,0,18,19,4,8,0,0,0,0,0,0,0,0,1,6,6,1,62,9,-1,-1,-1,-1,8,E01019414,0,-1
2021211091654,2021,211091654,1,9,0,5,5,1,5,0,0,8,0,0,0,0,1,1,6,6,3,40,7,-1,-1,-1,-1,-1,-1,0,-1
2021320539682,2021,320539682,1,19,0,18,19,8,4,0,0,1,0,0,0,0,1,1,2,2,1,28,6,-1,-1,-1,-1,-1,-1,0,-1
2021131057643,2021,131057643,1,1,0,9,9,7,5,0,0,0,1,0,0,0,0,1,6,6,2,68,10,-1,-1,-1,-1,3,E01010751,0,-1
2021332100108,2021,332100108,1,9,0,13,13,3,7,0,0,0,0,0,0,0,2,1,2,2,1,33,6,-1,-1,-1,-1,10,E01026352,0,-1
2021471023425,2021,471023425,2,1,0,18,19,5,1,0,0,0,0,0,1,0,0,1,6,6,1,55,8,-1,-1,-1,-1,8,E01031620,0,-1
2021531021372,2021,531021372,4,9,0,2,2,7,3,0,0,0,0,0,0,0,1,1,6,6,3,-1,-1,-1,-1,-1,-1,-1,-1,0,-1
2021010347302,2021,010347302,1,1,9,99,99,9,9,99,99,9,0,99,9,99,1,1,2,2,2,28,6,-1,-1,-1,-1,2,E01001802,0,-1
2021131092409,2021,131092409,2,9,0,18,19,3,7,0,0,8,0,0,7,0,3,1,5,6,1,41,7,-1,-1,-1,-1,1,E01011735,0,-1
202163D069221,2021,63D069221,3,9,3,4,4,4,8,0,0,2,0,0,0,0,0,1,6,6,3,-1,-1,-1,-1,-1,-1,-1,-1,0,-1
2021201073068,2021,201073068,1,9,0,1,1,2,6,0,0,1,0,0,0,0,2,1,6,6,1,-1,-1,-1,-1,-1,-1,-1,-1,0,-1
2021201120952,2021,201120952,2,1,0,9,9,8,6,0,0,8,0,0,0,0,4,1,6,6,1,60,9,-1,-1,-1,-1,6,E01010174,0,-1
2021440483942,2021,440483942,1,9,0,4,4,3,7,0,0,8,1,0,0,0,0,1,6,6,1,21,5,-1,-1,-1,-1,10,E01022746,0,-1
2021010291209,2021,010291209,2,9,0,17,19,1,7,0,0,8,0,0,0,0,1,1,6,6,3,-1,-1,-1,-1,-1,-1,-1,-1,0,-1
2021010328635,2021,010328635,1,8,0,4,4,7,3,0,0,2,0,0,0,0,4,1,1,1,1,51,8,-1,-1,-1,-1,1,E01002081,0,-1
2021361092032,2021,361092032,2,1,0,18,19,7,3,0,0,1,0,0,0,0,3,1,2,2,2,28,6,-1,-1,-1,-1,8,E01026857,0,-1
2021991052777,2021,991052777,2,1,0,18,19,7,1,0,0,1,0,0,0,0,1,1,2,2,1,24,5,-1,-1,-1,-1,-1,-1,0,-1
2021371020283,2021,371020283,2,1,0,18,19,5,1,0,0,1,0,0,0,0,4,1,6,6,1,26,6,-1,-1,-1,-1,5,E01030174,0,-1
2021471112443,2021,471112443,1,1,0,18,19,7,3,0,0,0,0,0,0,0,1,1,6,6,1,15,3,-1,-1,-1,-1,4,E01021060,0,-1
2021052101975,2021,052101975,1,9,0,7,7,3,5,0,0,8,0,0,0,0,4,1,6,6,1,63,9,-1,-1,-1,-1,1,E01006664,0,-1
2021461087795,2021,461087795,1,9,-1,18,19,3,7,0,0,0,0,0,0,0,1,1,6,6,1,-1,-1,-1,-1,-1,-1,-1,-1,0,-1
2021010350270,2021,010350270,2,1,0,18,19,7,3,0,0,0,0,0,0,0,1,1,6,6,1,18,4,-1,-1,-1,-1,7,E01000215,0,-1
2021991066677,2021,991066677,2,1,0,17,19,1,5,0,0,0,0,0,0,0,1,1,5,6,1,13,3,-1,-1,-1,-1,2,-1,0,-1
2021991061426,2021,991061426,1,9,0,12,12,4,8,0,0,0,0,0,0,0,2,1,6,6,3,-1,-1,-1,-1,-1,-1,-1,-1,0,-1
2021122101490,2021,122101490,2,9,0,18,19,3,7,0,0,8,2,0,0,0,3,1,6,6,2,49,8,-1,-1,-1,-1,8,E01027867,0,-1
2021421056045,2021,421056045,2,1,0,4,4,8,4,9,9,1,0,0,0,0,3,1,1,1,1,19,4,-1,-1,-1,-1,7,E01021617,0,-1
202134WNC6531,2021,34WNC6531,1,9,0,12,12,7,3,0,0,0,0,0,0,0,3,1,6,6,2,-1,-1,-1,-1,-1,-1,-1,-1,0,-1
2021052101220,2021,052101220,1,-1,0,18,19,3,7,0,0,1,0,0,0,0,1,1,6,6,3,-1,-1,-1,-1,-1,-1,-1,-1,1,-1
2021010299466,2021,010299466,1,1,9,99,99,9,9,99,99,9,9,99,9,99,1,1,2,2,1,58,9,-1,-1,-1,-1,4,E01001738,0,-1
2021461072118,2021,461072118,1,21,1,18,19,8,4,0,0,0,0,0,0,0,1,2,1,1,1,61,9,-1,-1,-1,-1,-1,-1,0,-1
2021361121313,2021,361121313,2,1,-1,-1,-1,-1,-1,-1,-1,0,-1,-1,-1,0,-1,1,6,6,2,36,7,-1,-1,-1,-1,3,E01026823,0,-1
2021991076025,2021,991076025,2,1,0,18,19,8,4,0,0,3,0,0,0,0,2,1,2,2,1,21,5,-1,-1,-1,-1,1,-1,0,-1
2021351051204,2021,351051204,2,9,0,18,19,3,7,0,0,8,0,0,0,0,1,1,6,6,2,22,5,-1,-1,-1,-1,-1,-1,0,-1
2021052102885,2021,052102885,1,9,0,18,19,1,5,0,0,1,0,0,0,0,1,1,6,6,3,-1,-1,-1,-1,-1,-1,-1,-1,0,-1
2021010329030,2021,010329030,2,9,0,99,99,9,9,99,99,0,9,99,9,99,9,9,6,6,3,-1,-1,-1,-1,-1,-1,-1,-1,0,-1
2021201026438,2021,201026438,2,9,0,18,19,4,8,0,0,0,1,0,0,0,1,1,6,6,3,-1,-1,-1,-1,-1,-1,-1,-1,0,-1
2021430061305,2021,430061305,1,9,0,18,19,8,4,0,0,0,0,0,0,0,1,1,6,6,1,27,6,-1,-1,-1,-1,4,E01017904,0,-1
2021010291801,2021,010291801,2,1,0,18,19,7,3,0,0,8,0,0,0,0,4,1,1,1,1,36,7,-1,-1,-1,-1,4,E01004663,0,-1
202163A030921,2021,63A030921,2,9,0,17,19,2,7,0,0,0,0,0,0,0,0,1,6,6,1,54,8,-1,-1,-1,-1,4,W01000931,0,-1
2021010332231,2021,010332231,3,1,9,99,99,9,9,99,99,9,9,99,9,99,9,9,6,6,3,-1,-1,-1,-1,-1,-1,-1,-1,0,-1
2021430418932,2021,430418932,2,9,0,16,19,5,8,0,0,0,0,0,0,0,3,1,6,6,3,-1,-1,-1,-1,-1,-1,-1,-1,0,-1
2021141030623,2021,141030623,1,9,0,-1,-1,-1,-1,-1,-1,0,-1,-1,-1,0,-1,1,6,6,3,-1,-1,-1,-1,-1,-1,-1,-1,0,-1
2021201141352,2021,201141352,1,9,0,13,13,8,4,0,0,8,0,0,0,0,1,1,6,6,2,-1,-1,-1,-1,-1,-1,-1,-1,0,-1
2021552101093,2021,552101093,1,9,0,18,19,2,6,0,0,0,0,0,0,0,1,1,6,6,3,-1,-1,-1,-1,-1,-1,-1,-1,0,-1
2021010318727,2021,010318727,3,9,0,18,19,3,7,0,0,0,0,0,0,0,1,1,6,6,3,-1,-1,-1,-1,-1,-1,-1,-1,0,-1
2021351053590,2021,351053590,1,9,0,18,19,0,0,0,0,3,0,0,0,0,1,1,6,6,2,24,5,-1,-1,-1,-1,6,E01015672,0,-1
2021010308012,2021,010308012,1,9,0,1,1,7,3,0,0,0,0,0,0,0,2,1,6,6,3,61,9,-1,-1,-1,-1,-1,-1,0,-1
2021332100565,2021,332100565,2,98,0,18,19,4,8,0,0,0,0,0,0,0,3,1,1,1,1,-1,-1,-1,-1,-1,-1,3,E01010407,0,-1
2021332100248,2021,332100248,1,19,0,1,1,5,1,9,9,0,0,0,0,0,2,1,6,6,1,59,9,-1,-1,-1,-1,9,E01025820,0,-1
2021461085676,2021,461085676,2,1,0,18,19,3,7,0,0,1,0,0,0,0,1,1,5,6,1,62,9,-1,-1,-1,-1,5,E01024654,0,-1
2021131049862,2021,131049862,1,98,0,18,19,2,6,0,0,1,0,0,0,0,-1,1,6,6,3,-1,-1,-1,-1,-1,-1,-1,-1,0,-1
2021411111640,2021,411111640,1,9,0,18,19,1,5,0,0,1,0,0,-1,0,1,1,6,6,2,-1,-1,-1,-1,-1,-1,-1,-1,0,-1
202134WNC0111,2021,34WNC0111,1,9,0,18,19,3,7,0,0,0,1,0,1,4,0,1,6,6,1,47,8,-1,-1,-1,-1,10,E01027295,0,-1
2021010317194,2021,010317194,2,1,0,7,7,1,3,0,0,1,0,0,0,0,4,1,2,2,1,29,6,-1,-1,-1,-1,3,E01024222,0,-1
2021201105858,2021,201105858,2,98,0,18,19,7,3,0,0,0,0,0,0,0,3,1,6,6,1,47,8,-1,-1,-1,-1,1,E01009479,0,-1
2021010340635,2021,010340635,1,1,9,99,99,9,9,99,99,9,9,99,9,99,9,1,6,6,1,27,6,-1,-1,-1,-1,2,E01003111,0,-1
2021461114405,2021,461114405,1,9,0,18,19,3,7,0,0,0,0,0,0,0,1,1,6,6,1,29,6,-1,-1,-1,-1,2,E01024775,0,-1
2021010342299,2021,010342299,2,1,0,18,19,7,3,0,0,8,0,0,0,0,1,1,6,6,1,45,7,-1,-1,-1,-1,5,E01003842,0,-1
2021061114450,2021,061114450,2,1,0,18,19,1,4,2,2,1,2,0,0,0,1,1,1,1,2,54,8,-1,-1,-1,-1,2,E01005221,0,-1
2021201115764,2021,201115764,2,1,0,3,3,4,8,0,0,1,0,0,0,0,1,1,1,1,1,41,7,-1,-1,-1,-1,1,E01033643,0,-1
202163C037021,2021,63C037021,1,1,0,18,19,4,8,0,0,0,0,0,0,0,0,1,6,6,1,48,8,-1,-1,-1,-1,8,W01000610,0,-1
2021471017804,2021,471017804,2,8,0,2,2,0,0,0,0,1,0,0,0,0,0,1,1,1,1,34,6,-1,-1,-1,-1,2,E01031348,0,-1
2021302100268,2021,302100268,1,9,0,5,5,4,8,0,0,7,0,0,0,0,0,1,6,6,3,-1,-1,-1,-1,-1,-1,5,E01019456,0,-1
2021440397443,2021,440397443,1,9,0,1,1,1,5,0,0,1,0,0,0,0,2,1,6,6,3,-1,-1,-1,-1,-1,-1,-1,-1,0,-1
2021991026533,2021,991026533,1,1,0,9,9,5,6,0,0,0,0,0,0,0,1,1,5,6,1,12,3,-1,-1,-1,-1,10,-1,0,-1
2021141094018,2021,141094018,1,23,0,18,19,6,2,0,0,1,0,0,0,0,4,1,6,6,3,-1,-1,-1,-1,-1,-1,-1,-1,0,-1
2021141038477,2021,141038477,1,1,0,18,19,2,6,0,0,2,5,8,0,0,1,1,1,1,1,25,5,-1,-1,-1,-1,6,E01007554,0,-1
2021010341247,2021,010341247,2,9,0,99,99,9,9,99,99,9,9,99,9,99,1,9,6,6,1,-1,-1,-1,-1,-1,-1,5,E01004086,0,-1
2021440030592,2021,440030592,2,1,0,18,19,5,1,0,0,8,0,0,0,0,1,1,2,2,1,23,5,-1,-1,-1,-1,1,E01017102,0,-1
2021501019561,2021,501019561,1,9,0,7,7,8,2,0,0,8,0,0,0,0,1,1,3,7,2,42,7,-1,-1,-1,-1,-1,-1,0,-1
2021332100150,2021,332100150,3,9,0,2,2,0,0,0,0,0,0,0,0,0,2,1,6,6,2,33,6,-1,-1,-1,-1,10,E01025713,0,-1
2021141037564,2021,141037564,2,90,0,18,19,2,6,0,0,0,0,0,0,0,0,1,6,6,3,-1,-1,-1,-1,-1,-1,-1,-1,0,-1
2021991052368,2021,991052368,1,1,0,18,19,8,4,0,0,0,5,0,0,0,0,1,6,6,1,32,6,-1,-1,-1,-1,10,-1,0,-1
2021421048796,2021,421048796,3,1,0,2,2,0,0,0,0,0,0,0,0,0,0,1,6,6,1,-1,-1,-1,-1,-1,-1,-1,-1,0,-1
2021010305401,2021,010305401,1,1,9,99,99,9,9,99,99,9,9,99,9,99,9,1,6,6,1,29,6,-1,-1,-1,-1,4,E01003268,0,-1
2021211086009,2021,211086009,2,9,0,5,5,4,7,0,0,0,0,0,0,0,4,1,6,6,3,-1,-1,-1,-1,-1,-1,-1,-1,0,-1
2021131121597,2021,131121597,1,5,0,9,9,5,1,0,0,1,0,0,0,0,1,1,4,7,1,19,4,-1,-1,-1,-1,2,E01010724,0,-1
2021010287271,2021,010287271,2,9,0,99,99,9,9,99,99,9,9,99,9,99,1,9,6,6,3,36,7,-1,-1,-1,-1,6,E01026451,0,-1
2021061025291,2021,061025291,2,1,0,18,19,3,3,0,0,0,0,0,0,0,1,1,6,6,2,-1,-1,-1,-1,-1,-1,2,E01005072,0,-1
2021332100545,2021,332100545,1,9,0,9,9,8,6,0,0,6,0,0,0,0,1,1,6,6,1,74,10,-1,-1,-1,-1,7,E01013794,0,-1
2021501051654,2021,501051654,3,1,0,17,19,5,3,0,0,0,0,0,0,0,1,1,5,6,2,68,10,-1,-1,-1,-1,4,E01018987,0,-1
2021061047800,2021,061047800,1,1,0,5,5,6,2,4,4,2,0,0,0,0,4,1,6,6,1,27,6,-1,-1,-1,-1,4,E01005298,0,-1
2021451025627,2021,451025627,1,1,0,18,19,5,1,0,0,0,0,0,0,0,1,1,6,6,1,72,10,-1,-1,-1,-1,9,E01030501,0,-1
202160Z021555,2021,60Z021555,1,19,0,18,19,6,2,0,0,4,0,0,0,0,3,1,6,6,1,40,7,-1,-1,-1,-1,-1,-1,0,-1
2021010299040,2021,010299040,2,-1,0,18,19,1,5,0,0,9,0,99,9,99,9,1,6,6,1,-1,-1,-1,-1,-1,-1,-1,-1,1,-1
2021138141599,2021,138141599,1,9,0,18,19,7,3,0,0,0,0,0,0,0,1,1,6,6,1,-1,-1,-1,-1,-1,-1,-1,-1,0,-1
2021451086597,2021,451086597,1,1,0,18,19,4,5,0,0,1,2,0,0,0,4,1,5,6,1,50,8,-1,-1,-1,-1,10,E01030958,0,-1
2021010315206,2021,010315206,2,1,0,18,19,6,2,0,0,1,5,0,0,0,4,1,2,2,2,43,7,-1,-1,-1,-1,7,E01002060,0,-1
2021010298406,2021,010298406,1,1,9,99,99,9,9,99,99,9,9,99,9,99,2,1,6,6,1,46,8,-1,-1,-1,-1,3,E01000245,0,-1
2021361067990,2021,361067990,1,90,0,4,4,4,8,0,0,8,0,0,0,0,2,1,6,6,1,-1,-1,-1,-1,-1,-1,-1,-1,0,-1
2021622100415,2021,622100415,2,1,0,18,19,8,4,0,0,0,0,0,0,0,1,1,6,6,1,4,1,-1,-1,-1,-1,2,W01001067,0,-1
2021010337617,2021,010337617,4,9,0,2,2,0,0,0,0,2,0,0,0,0,3,1,6,6,3,-1,-1,-1,-1,-1,-1,-1,-1,0,-1
2021430325648,2021,430325648,1,1,0,18,19,8,4,0,0,0,0,0,0,0,1,1,6,6,1,55,8,-1,-1,-1,-1,-1,-1,0,-1
2021471038688,2021,471038688,2,9,-1,18,19,2,6,0,0,0,0,0,0,0,4,1,6,6,2,-1,-1,-1,-1,-1,-1,-1,-1,0,-1
2021131104782,2021,131104782,1,1,0,18,19,1,5,0,0,8,0,0,0,0,1,1,2,2,1,53,8,-1,-1,-1,-1,9,E01011628,0,-1
2021131117961,2021,131117961,1,9,0,1,1,-1,-1,0,0,1,-1,-1,-1,-1,-1,1,6,6,3,-1,-1,-1,-1,-1,-1,-1,-1,0,-1
2021302100069,2021,302100069,2,9,0,18,19,3,7,0,0,0,0,0,0,0,1,1,6,6,3,-1,-1,-1,-1,-1,-1,5,E01019456,0,-1
2021010304709,2021,010304709,2,1,0,18,19,1,5,0,0,1,0,0,0,0,1,1,6,6,1,28,6,-1,-1,-1,-1,4,E01002858,0,-1
2021131105696,2021,131105696,1,9,0,7,7,5,3,0,0,1,0,0,0,0,-1,1,6,6,3,-1,-1,-1,-1,-1,-1,-1,-1,0,-1
2021010341974,2021,010341974,2,1,0,18,19,8,4,0,0,1,0,0,1,0,0,1,6,6,2,46,8,-1,-1,-1,-1,7,E01002420,0,-1
2021131059032,2021,131059032,2,1,0,18,19,1,5,0,0,8,0,0,0,0,4,1,6,6,1,37,7,-1,-1,-1,-1,2,E01011485,0,-1
2021221067677,2021,221067677,2,1,0,4,4,3,7,0,0,3,0,0,0,0,3,1,5,6,1,69,10,-1,-1,-1,-1,9,E01028947,0,-1
202131C195921,2021,31C195921,1,11,0,17,19,2,8,0,0,8,0,0,0,0,0,1,1,1,1,-1,-1,-1,-1,-1,-1,2,E01019453,0,-1
2021070633016,2021,070633016,1,22,0,18,19,4,8,0,0,8,0,0,0,0,4,1,6,6,1,88,11,-1,-1,-1,-1,2,E01012379,0,-1
2021520100062,2021,520100062,2,17,5,18,19,6,2,0,0,0,0,0,0,0,3,1,6,6,1,35,6,-1,-1,-1,-1,-1,-1,0,-1
2021201027645,2021,201027645,1,11,0,5,5,7,3,0,0,0,0,0,0,0,1,1,1,1,3,-1,-1,-1,-1,-1,-1,-1,-1,0,-1
2021010338384,2021,010338384,2,9,0,99,99,9,9,99,99,0,9,99,9,99,1,9,6,6,3,-1,-1,-1,-1,-1,-1,2,E01002032,0,-1
2021531029168,2021,531029168,2,9,0,18,19,7,3,0,0,1,0,0,0,0,-1,1,6,6,1,-1,-1,-1,-1,-1,-1,-1,-1,0,-1
2021211048067,2021,211048067,2,9,0,11,11,4,8,0,0,8,0,0,0,0,4,1,6,6,3,30,6,-1,-1,-1,-1,-1,-1,0,-1
2021451084437,2021,451084437,2,9,0,18,19,5,1,0,0,4,0,0,0,0,1,1,6,6,2,45,7,-1,-1,-1,-1,-1,-1,0,-1
2021041072823,2021,041072823,1,11,0,18,19,3,7,0,0,1,0,0,0,0,1,1,5,6,2,63,9,-1,-1,-1,-1,2,E01024926,0,-1
2021430300298,2021,430300298,2,1,0,18,19,6,2,0,0,8,0,0,0,0,1,1,2,2,1,50,8,-1,-1,-1,-1,9,E01017693,0,-1
2021461092012,2021,461092012,1,19,0,18,19,1,5,0,0,4,0,0,0,0,1,1,6,6,3,-1,-1,-1,-1,-1,-1,-1,-1,0,-1
2021031118731,2021,031118731,1,90,0,3,3,4,6,0,0,1,0,0,0,0,1,1,6,6,3,-1,-1,-1,-1,-1,-1,-1,-1,0,-1
2021010326627,2021,010326627,1,1,0,18,19,5,1,0,0,2,0,0,0,0,1,1,6,6,1,53,8,-1,-1,-1,-1,5,E01003953,0,-1
2021440163694,2021,440163694,1,9,0,18,19,8,4,0,0,2,0,0,0,0,3,1,6,6,3,-1,-1,-1,-1,-1,-1,-1,-1,0,-1
2021010314339,2021,010314339,1,9,0,9,9,2,1,0,0,1,0,0,1,0,3,1,6,6,1,27,6,-1,-1,-1,-1,7,E01003659,0,-1
2021010292158,2021,010292158,1,11,0,18,19,3,7,0,0,1,0,0,0,0,1,1,6,6,3,-1,-1,-1,-1,-1,-1,-1,-1,0,-1
2021411104647,2021,411104647,2,9,0,18,19,5,1,0,0,1,0,0,0,0,2,1,5,6,2,31,6,-1,-1,-1,-1,10,E01023744,0,-1
2021101053815,2021,101053815,2,1,0,18,19,1,5,0,0,0,0,0,1,0,3,1,5,6,1,25,5,-1,-1,-1,-1,6,E01008381,0,-1
2021052102167,2021,052102167,2,1,0,15,15,3,7,0,0,0,0,0,0,0,1,1,6,6,2,54,8,-1,-1,-1,-1,3,E01007058,0,-1
202134WNC5311,2021,34WNC5311,1,1,0,18,19,3,7,0,0,0,0,0,0,0,4,1,6,6,1,14,3,-1,-1,-1,-1,2,E01027214,0,-1
2021010339788,2021,010339788,2,9,0,99,99,9,9,99,99,9,9,99,9,99,1,9,6,6,3,-1,-1,-1,-1,-1,-1,-1,-1,0,-1
2021131092376,2021,131092376,1,9,0,-1,-1,-1,-1,-1,-1,8,-1,-1,-1,0,-1,1,6,6,3,-1,-1,-1,-1,-1,-1,-1,-1,0,-1
2021010341109,2021,010341109,1,1,9,99,99,9,9,99,99,9,9,99,9,99,9,1,2,2,3,40,7,-1,-1,-1,-1,8,E01003904,0,-1
2021411133023,2021,411133023,1,19,0,8,8,5,1,0,0,0,0,0,0,0,2,1,6,6,1,35,6,-1,-1,-1,-1,4,E01023861,0,-1
2021451083902,2021,451083902,2,1,0,18,19,4,8,0,0,0,1,0,0,0,1,1,6,6,1,28,6,-1,-1,-1,-1,1,E01004088,0,-1
2021010315123,2021,010315123,2,9,0,18,19,3,7,99,99,1,9,0,0,0,1,9,6,6,3,-1,-1,-1,-1,-1,-1,-1,-1,0,-1
2021610021721,2021,610021721,1,9,0,18,19,5,1,0,0,0,0,0,0,0,1,1,6,6,1,20,4,-1,-1,-1,-1,-1,-1,0,-1
202160Z155882,2021,60Z155882,2,9,0,13,13,5,1,0,0,1,0,0,0,0,4,1,1,1,1,78,11,-1,-1,-1,-1,-1,-1,0,-1
2021052100511,2021,052100511,2,1,0,18,19,8,4,0,0,1,0,0,0,0,1,1,6,6,1,34,6,-1,-1,-1,-1,1,E01006556,0,-1