collision_index,collision_year,collision_ref_no,vehicle_reference,vehicle_type,towing_and_articulation,vehicle_manoeuvre_historic,vehicle_manoeuvre,vehicle_direction_from,vehicle_direction_to,vehicle_location_restricted_lane_historic,vehicle_location_restricted_lane,junction_location,skidding_and_overturning,hit_object_in_carriageway,vehicle_leaving_carriageway,hit_object_off_carriageway,first_point_of_impact,vehicle_left_hand_drive,journey_purpose_of_driver_historic,journey_purpose_of_driver,sex_of_driver,age_of_driver,age_band_of_driver,engine_capacity_cc,propulsion_code,age_of_vehicle,generic_make_model,driver_imd_decile,lsoa_of_driver,escooter_flag,driver_distance_banding
2021332100073,2021,332100073,2,98,1,18,19,1,5,0,0,0,0,0,0,0,2,1,1,1,1,51,8,-1,-1,-1,-1,7,E01025627,0,-1
2021010351339,2021,010351339,1,1,0,18,19,3,7,4,4,1,0,0,0,0,1,1,6,6,1,32,6,-1,-1,-1,-1,-1,-1,0,-1
2021122101103,2021,122101103,1,1,0,18,19,1,5,0,0,0,0,0,0,0,2,1,6,6,1,29,6,-1,-1,-1,-1,8,E01027621,0,-1
2021451057020,2021,451057020,1,1,0,18,19,5,1,0,0,1,0,0,0,0,1,1,5,6,1,57,9,-1,-1,-1,-1,4,E01030645,0,-1
2021471037050,2021,471037050,1,9,0,18,19,2,6,0,0,1,0,0,0,0,3,1,6,6,3,-1,-1,-1,-1,-1,-1,-1,-1,0,-1
2021471091009,2021,471091009,2,1,0,14,14,1,5,0,0,1,0,0,0,0,0,1,5,6,1,37,7,-1,-1,-1,-1,10,E01031737,0,-1
2021440502341,2021,440502341,2,1,0,18,19,2,6,0,0,0,0,0,0,0,4,1,4,7,1,13,3,-1,-1,-1,-1,3,E01023145,0,-1
2021520200299,2021,520200299,2,9,0,18,19,1,5,0,0,1,0,0,0,0,1,1,6,6,3,-1,-1,-1,-1,-1,-1,-1,-1,0,-1
2021141037353,2021,141037353,1,9,0,1,1,7,3,9,9,0,0,0,0,0,2,1,6,6,3,-1,-1,-1,-1,-1,-1,-1,-1,0,-1
2021471012799,2021,471012799,2,1,0,18,19,5,1,0,0,8,5,0,0,0,4,1,2,2,1,37,7,-1,-1,-1,-1,9,E01021208,0,-1
2021201145487,2021,201145487,1,9,0,4,4,4,8,0,0,1,0,0,0,0,2,1,1,1,1,48,8,-1,-1,-1,-1,2,E01009257,0,-1
2021361079561,2021,361079561,1,1,0,4,4,2,6,0,0,1,1,0,0,0,1,1,5,6,1,51,8,-1,-1,-1,-1,9,E01009438,0,-1
2021010298148,2021,010298148,1,97,0,99,99,9,9,99,99,9,9,99,9,99,9,1,6,6,3,-1,-1,-1,-1,-1,-1,-1,-1,0,-1
2021010336021,2021,010336021,1,1,9,99,99,9,9,99,99,0,9,99,9,99,1,1,6,6,3,-1,-1,-1,-1,-1,-1,-1,-1,0,-1
2021231065331,2021,231065331,2,1,0,12,12,6,2,0,0,1,0,0,0,0,2,1,5,6,1,35,6,-1,-1,-1,-1,5,E01032133,0,-1
2021552200182,2021,552200182,1,1,0,18,19,3,7,9,9,0,1,0,1,0,1,1,2,2,1,30,6,-1,-1,-1,-1,-1,-1,0,-1
2021471053110,2021,471053110,2,1,0,18,19,8,4,0,0,8,0,0,0,0,4,1,5,6,1,31,6,-1,-1,-1,-1,6,E01031601,0,-1
202106F079141,2021,06F079141,1,1,0,18,19,7,3,0,0,8,0,0,0,0,4,1,6,6,1,14,3,-1,-1,-1,-1,1,E01005682,0,-1
2021061035178,2021,061035178,2,1,0,18,19,4,8,0,0,1,0,0,0,0,2,1,4,7,1,15,3,-1,-1,-1,-1,-1,-1,0,-1
2021522103732,2021,522103732,1,1,0,3,3,3,7,0,0,4,0,0,0,0,2,1,6,6,2,41,7,-1,-1,-1,-1,6,E01014641,0,-1
2021101011939,2021,101011939,1,90,0,13,13,3,7,0,0,0,0,0,0,0,4,1,6,6,3,-1,-1,-1,-1,-1,-1,-1,-1,0,-1
2021520104060,2021,520104060,2,9,0,1,1,5,1,0,0,3,0,0,0,0,2,1,6,6,3,50,8,-1,-1,-1,-1,-1,-1,0,-1
2021010290150,2021,010290150,1,19,4,7,7,3,6,0,0,1,0,0,0,0,4,1,1,1,1,40,7,-1,-1,-1,-1,3,E01026386,0,-1
2021010332684,2021,010332684,2,1,0,13,13,1,5,2,2,1,0,0,0,0,2,1,2,2,2,26,6,-1,-1,-1,-1,3,E01002777,0,-1
2021461077239,2021,461077239,1,9,0,18,19,4,8,0,0,0,0,0,0,0,1,1,6,6,3,-1,-1,-1,-1,-1,-1,-1,-1,0,-1
202131D116021,2021,31D116021,2,1,0,18,19,2,6,0,0,8,0,0,0,0,1,1,2,2,2,32,6,-1,-1,-1,-1,5,E01028078,0,-1
202134NNC6061,2021,34NNC6061,1,9,0,18,19,6,2,0,0,1,0,0,0,0,1,1,6,6,1,-1,-1,-1,-1,-1,-1,2,E01027349,0,-1
2021221066388,2021,221066388,1,19,0,18,19,6,2,0,0,4,0,0,0,0,1,1,6,6,3,34,6,-1,-1,-1,-1,-1,-1,0,-1
2021010338468,2021,010338468,1,9,0,18,19,1,5,0,0,8,0,0,0,0,3,1,6,6,3,-1,-1,-1,-1,-1,-1,-1,-1,0,-1
2021332100367,2021,332100367,1,9,0,12,12,5,1,0,0,1,0,0,2,7,1,1,6,6,2,40,7,-1,-1,-1,-1,2,E01008107,0,-1
2021201130195,2021,201130195,2,1,0,18,19,7,3,2,2,8,0,0,0,0,1,1,6,6,1,37,7,-1,-1,-1,-1,6,E01009676,0,-1
2021010342280,2021,010342280,1,1,9,99,99,9,9,99,99,9,9,99,9,99,1,1,6,6,1,40,7,-1,-1,-1,-1,6,E01003764,0,-1
2021070582529,2021,070582529,1,9,0,13,13,1,5,0,0,2,0,0,0,0,0,1,6,6,3,-1,-1,-1,-1,-1,-1,-1,-1,0,-1
2021010330742,2021,010330742,1,1,9,99,99,9,9,99,99,9,9,99,9,99,9,1,2,2,1,27,6,-1,-1,-1,-1,2,E01003253,0,-1
2021010311799,2021,010311799,1,1,0,18,19,5,1,4,4,8,0,11,0,0,0,1,1,1,2,24,5,-1,-1,-1,-1,4,E01032639,0,-1
202131C109221,2021,31C109221,1,-1,0,18,19,3,7,9,9,1,0,0,0,0,3,1,6,6,1,29,6,-1,-1,-1,-1,-1,-1,1,-1
2021411039604,2021,411039604,1,9,0,9,9,5,1,0,0,1,0,0,0,0,1,1,6,6,1,-1,-1,-1,-1,-1,-1,-1,-1,0,-1
2021131119822,2021,131119822,1,9,0,-1,-1,-1,-1,-1,-1,0,-1,-1,-1,-1,-1,1,6,6,3,-1,-1,-1,-1,-1,-1,-1,-1,0,-1
2021332100426,2021,332100426,1,9,0,18,19,2,6,0,0,2,0,10,1,2,3,1,6,6,2,76,11,-1,-1,-1,-1,9,E01025921,0,-1
2021991015650,2021,991015650,1,9,0,17,19,6,2,0,0,0,1,0,0,0,1,1,5,6,2,26,6,-1,-1,-1,-1,5,-1,0,-1
2021010305403,2021,010305403,1,-1,0,99,99,9,9,9,9,9,9,99,9,99,1,1,6,6,3,-1,-1,-1,-1,-1,-1,-1,-1,1,-1
2021052100543,2021,052100543,1,9,0,1,1,5,1,0,0,0,0,0,0,0,2,1,6,6,3,-1,-1,-1,-1,-1,-1,-1,-1,0,-1
2021101057818,2021,101057818,1,9,-1,7,7,4,7,0,0,4,0,0,0,0,1,1,6,6,2,50,8,-1,-1,-1,-1,-1,-1,0,-1
2021170S11701,2021,170S11701,1,1,0,18,19,7,3,0,0,8,0,0,0,0,3,1,6,6,2,15,3,-1,-1,-1,-1,2,E01012217,0,-1
2021471080421,2021,471080421,2,9,0,18,19,6,2,0,0,0,0,0,0,0,1,1,1,1,1,53,8,-1,-1,-1,-1,6,E01022941,0,-1
202160Z129544,2021,60Z129544,1,97,0,9,9,2,4,0,0,1,5,0,0,0,0,1,6,6,2,54,8,-1,-1,-1,-1,-1,-1,0,-1
202160Z131413,2021,60Z131413,4,9,0,4,4,5,1,0,0,1,0,0,0,0,0,1,6,6,2,45,7,-1,-1,-1,-1,-1,-1,0,-1
2021411131958,2021,411131958,2,1,0,9,9,1,6,0,0,1,0,0,0,0,1,1,5,6,1,79,11,-1,-1,-1,-1,5,E01023755,0,-1
2021311133614,2021,311133614,1,22,0,18,19,1,5,9,9,0,0,0,0,0,1,1,6,6,1,68,10,-1,-1,-1,-1,-1,-1,0,-1
202163B051021,2021,63B051021,2,1,0,18,19,6,2,0,0,0,0,0,0,0,3,1,6,6,2,42,7,-1,-1,-1,-1,8,W01000547,0,-1
2021522103783,2021,522103783,3,20,0,10,10,8,5,0,0,5,0,0,0,0,0,1,1,1,3,-1,-1,-1,-1,-1,-1,-1,-1,0,-1
2021451020306,2021,451020306,1,1,0,18,19,5,1,0,0,0,0,0,0,0,1,1,2,2,2,25,5,-1,-1,-1,-1,5,E01030981,0,-1
2021451067726,2021,451067726,2,98,0,18,19,6,2,0,0,0,0,0,0,0,0,1,6,6,3,45,7,-1,-1,-1,-1,-1,-1,0,-1
2021010351970,2021,010351970,2,1,0,18,19,3,7,0,0,1,0,0,0,0,1,1,2,2,1,57,9,-1,-1,-1,-1,6,E01001869,0,-1
2021471059458,2021,471059458,1,1,0,4,4,1,5,9,9,0,0,0,1,0,1,1,6,6,1,54,8,-1,-1,-1,-1,9,E01031588,0,-1
2021471045422,2021,471045422,1,9,0,9,9,3,1,0,0,1,0,0,0,0,0,1,6,6,3,-1,-1,-1,-1,-1,-1,-1,-1,0,-1
20211382O0529,2021,1382O0529,1,2,0,7,7,3,5,0,0,5,0,0,0,0,4,1,6,6,3,-1,-1,-1,-1,-1,-1,-1,-1,0,-1
2021010318914,2021,010318914,1,1,9,99,99,9,9,99,99,9,9,99,9,99,9,1,6,6,2,53,8,-1,-1,-1,-1,3,E01004600,0,-1
2021421067763,2021,421067763,2,19,5,5,5,4,8,0,0,0,0,0,0,0,4,1,6,6,3,16,4,-1,-1,-1,-1,-1,-1,0,-1
2021332100297,2021,332100297,2,9,0,7,7,4,6,0,0,6,0,0,0,0,1,1,6,6,2,30,6,-1,-1,-1,-1,9,E01026000,0,-1
2021010321644,2021,010321644,2,1,0,18,19,5,1,0,0,1,0,0,1,0,2,1,1,1,2,24,5,-1,-1,-1,-1,-1,-1,0,-1
2021332100956,2021,332100956,2,9,0,18,19,3,7,0,0,6,0,7,4,1,1,1,6,6,1,35,6,-1,-1,-1,-1,2,E01013776,0,-1
2021010333178,2021,010333178,2,1,0,5,5,1,5,0,0,1,0,10,0,0,1,1,1,1,1,40,7,-1,-1,-1,-1,-1,-1,0,-1
2021221115499,2021,221115499,1,21,0,18,19,1,5,0,0,0,0,0,0,0,4,1,1,1,1,55,8,-1,-1,-1,-1,-1,-1,0,-1
2021052100960,2021,052100960,2,1,0,18,19,6,2,0,0,1,0,0,0,0,4,1,6,6,1,11,3,-1,-1,-1,-1,2,E01007026,0,-1
2021201076226,2021,201076226,2,1,0,18,19,4,8,0,0,0,0,0,0,0,0,1,6,6,3,-1,-1,-1,-1,-1,-1,-1,-1,0,-1
2021010315781,2021,010315781,2,1,0,18,19,7,3,0,0,1,0,0,0,0,4,1,6,6,2,39,7,-1,-1,-1,-1,4,E01003212,0,-1
2021440286319,2021,440286319,2,1,0,18,19,5,1,0,0,8,0,0,0,0,4,1,4,7,1,13,3,-1,-1,-1,-1,10,E01017062,0,-1
2021170S10781,2021,170S10781,2,9,0,9,9,7,5,0,0,8,0,0,0,0,3,1,6,6,2,-1,-1,-1,-1,-1,-1,-1,-1,0,-1
2021010308987,2021,010308987,1,9,0,7,7,6,8,0,0,6,0,0,0,0,1,1,6,6,1,20,4,-1,-1,-1,-1,-1,-1,0,-1
2021010306300,2021,010306300,2,1,0,8,8,6,1,0,0,1,0,0,0,0,2,1,6,6,1,48,8,-1,-1,-1,-1,4,E01004016,0,-1
2021622100610,2021,622100610,2,9,0,3,3,6,2,0,0,1,0,0,0,0,2,1,1,1,1,30,6,-1,-1,-1,-1,4,W01000966,0,-1
2021440384769,2021,440384769,2,-1,0,5,5,2,6,9,9,6,0,0,0,0,1,1,2,2,1,21,5,-1,-1,-1,-1,1,E01017167,1,-1
2021201069343,2021,201069343,1,1,0,7,7,1,4,0,0,2,0,0,0,0,3,1,6,6,1,30,6,-1,-1,-1,-1,1,E01009143,0,-1
2021501066660,2021,501066660,1,1,0,18,19,1,5,0,0,1,5,0,0,0,4,1,6,6,1,58,9,-1,-1,-1,-1,7,E01029018,0,-1
2021201033393,2021,201033393,2,9,0,16,19,1,4,0,0,0,0,0,0,0,1,1,6,6,2,58,9,-1,-1,-1,-1,1,E01009107,0,-1
2021421026975,2021,421026975,1,97,0,18,19,3,7,0,0,0,5,0,0,0,1,1,6,6,1,-1,-1,-1,-1,-1,-1,-1,-1,0,-1
2021332100934,2021,332100934,1,9,0,1,1,4,8,0,0,2,0,0,0,0,2,1,6,6,1,35,6,-1,-1,-1,-1,1,E01013761,0,-1
2021010289619,2021,010289619,2,9,0,2,2,0,0,0,0,0,0,0,0,0,1,1,6,6,3,-1,-1,-1,-1,-1,-1,-1,-1,0,-1
2021010340165,2021,010340165,1,1,9,99,99,9,9,99,99,9,9,99,9,99,9,1,2,2,2,31,6,-1,-1,-1,-1,3,E01003574,0,-1
2021622100437,2021,622100437,2,1,0,5,5,6,2,0,0,8,0,0,0,0,3,1,2,2,2,20,4,-1,-1,-1,-1,5,W01001720,0,-1
2021010332826,2021,010332826,2,1,0,7,7,6,1,0,0,3,0,0,0,0,1,1,2,2,1,42,7,-1,-1,-1,-1,-1,-1,0,-1
2021010293591,2021,010293591,1,1,9,99,99,9,9,99,99,9,9,99,9,99,1,1,6,6,1,51,8,-1,-1,-1,-1,7,E01004102,0,-1
202163C048821,2021,63C048821,2,9,0,18,19,4,8,0,0,0,0,0,0,0,1,1,6,6,2,29,6,-1,-1,-1,-1,3,W01000607,0,-1
2021010319335,2021,010319335,2,1,0,18,19,3,7,0,0,1,0,0,0,0,4,1,6,6,1,65,9,-1,-1,-1,-1,6,E01002567,0,-1
2021471083761,2021,471083761,2,9,0,17,19,4,1,0,0,8,0,0,0,0,3,1,5,6,1,24,5,-1,-1,-1,-1,5,E01031403,0,-1
2021461014869,2021,461014869,1,9,0,18,19,3,7,0,0,0,0,0,0,0,1,1,6,6,3,-1,-1,-1,-1,-1,-1,-1,-1,0,-1
2021010313526,2021,010313526,2,90,0,18,19,7,3,0,0,0,0,99,0,0,9,1,6,6,1,30,6,-1,-1,-1,-1,3,E01003585,0,-1
2021010337859,2021,010337859,2,1,0,18,19,5,1,0,0,2,0,0,0,0,1,1,6,6,1,40,7,-1,-1,-1,-1,2,E01004327,0,-1
2021010319941,2021,010319941,2,1,0,18,19,8,4,0,0,1,0,0,0,0,1,1,2,2,1,51,8,-1,-1,-1,-1,3,E01003014,0,-1
202163A063521,2021,63A063521,1,9,0,9,9,7,4,0,0,6,0,0,0,0,3,1,6,6,1,23,5,-1,-1,-1,-1,3,W01000732,0,-1
2021430547862,2021,430547862,2,1,0,18,19,5,1,0,0,8,0,0,0,0,4,1,6,6,1,69,10,-1,-1,-1,-1,6,E01028523,0,-1
2021201070480,2021,201070480,2,1,0,18,19,6,2,0,0,2,0,0,0,0,2,1,6,6,1,67,10,-1,-1,-1,-1,1,E01009308,0,-1
2021430180416,2021,430180416,1,9,0,17,19,5,2,0,0,8,1,0,0,0,4,1,6,6,1,64,9,-1,-1,-1,-1,10,E01028797,0,-1
2021010313155,2021,010313155,2,19,0,99,99,9,9,99,99,9,9,99,9,99,1,9,6,6,3,-1,-1,-1,-1,-1,-1,-1,-1,0,-1
2021622100032,2021,622100032,2,9,0,2,2,0,0,0,0,0,0,0,0,0,2,1,6,6,3,-1,-1,-1,-1,-1,-1,-1,-1,0,-1
2021041046203,2021,041046203,1,9,0,18,19,3,7,0,0,4,0,0,0,0,1,1,6,6,3,-1,-1,-1,-1,-1,-1,-1,-1,0,-1
2021461095776,2021,461095776,2,9,0,7,7,7,1,0,0,4,0,0,0,0,4,1,5,6,2,49,8,-1,-1,-1,-1,8,E01016079,0,-1
2021440153112,2021,440153112,1,1,0,18,19,5,1,0,0,0,0,0,0,0,1,1,6,6,1,20,4,-1,-1,-1,-1,4,E01017028,0,-1
2021010324077,2021,010324077,2,1,0,18,19,7,3,0,0,1,5,0,0,0,1,1,6,6,1,31,6,-1,-1,-1,-1,9,E01000712,0,-1
2021501092907,2021,501092907,1,9,0,18,19,5,1,0,0,0,2,0,1,2,1,1,1,1,1,25,5,-1,-1,-1,-1,3,E01015084,0,-1
2021471075881,2021,471075881,2,1,0,18,19,2,5,0,0,1,0,0,0,0,3,1,5,6,1,21,5,-1,-1,-1,-1,5,E01021011,0,-1
2021201129304,2021,201129304,1,9,0,1,1,1,5,9,9,6,0,0,0,0,2,1,6,6,3,-1,-1,-1,-1,-1,-1,-1,-1,0,-1
2021161038208,2021,161038208,2,98,0,14,14,8,4,9,9,0,0,0,7,11,1,1,1,1,2,23,5,-1,-1,-1,-1,10,E01013452,0,-1
2021010322287,2021,010322287,2,1,0,18,19,1,5,0,0,8,0,0,0,0,4,1,6,6,1,14,3,-1,-1,-1,-1,6,E01003954,0,-1
2021430411438,2021,430411438,2,9,0,18,19,8,4,0,0,1,0,0,0,0,3,1,6,6,3,-1,-1,-1,-1,-1,-1,-1,-1,0,-1
2021031063305,2021,031063305,2,9,0,18,19,1,5,0,0,0,2,0,1,0,1,1,5,6,2,62,9,-1,-1,-1,-1,9,-1,0,-1
2021552100576,2021,552100576,1,9,0,17,19,1,5,0,0,0,0,0,0,0,1,1,6,6,2,24,5,-1,-1,-1,-1,5,E01020530,0,-1
202131C199821,2021,31C199821,1,9,0,18,19,6,2,0,0,1,0,0,0,0,1,1,6,6,3,-1,-1,-1,-1,-1,-1,-1,-1,0,-1
2021052102863,2021,052102863,2,1,0,18,19,3,7,0,0,0,0,0,0,0,3,1,6,6,1,59,9,-1,-1,-1,-1,1,E01006740,0,-1
202134WNC2961,2021,34WNC2961,2,1,0,18,19,1,5,0,0,1,0,0,0,0,1,1,6,6,2,18,4,-1,-1,-1,-1,4,E01027252,0,-1
2021010316442,2021,010316442,1,-1,9,99,99,9,9,99,99,9,9,99,9,99,9,9,6,6,3,-1,-1,-1,-1,-1,-1,-1,-1,1,-1
202131C120121,2021,31C120121,1,5,0,13,13,1,5,0,0,8,0,0,0,0,1,1,6,6,1,25,5,-1,-1,-1,-1,9,E01028197,0,-1
202131D099521,2021,31D099521,2,1,0,18,19,8,4,0,0,0,0,0,0,0,1,1,6,6,1,17,4,-1,-1,-1,-1,5,E01028129,0,-1
2021010322638,2021,010322638,1,97,9,99,99,9,9,99,99,9,9,99,9,99,9,1,6,6,3,-1,-1,-1,-1,-1,-1,-1,-1,0,-1
2021610009921,2021,610009921,2,9,0,18,19,2,6,0,0,1,0,0,0,0,3,1,6,6,2,29,6,-1,-1,-1,-1,-1,-1,0,-1
2021010302471,2021,010302471,2,9,0,99,99,9,9,99,99,9,9,99,9,99,9,9,6,6,3,-1,-1,-1,-1,-1,-1,-1,-1,0,-1
2021041038765,2021,041038765,1,1,0,18,19,6,2,0,0,0,5,0,0,0,4,1,6,6,1,19,4,-1,-1,-1,-1,1,E01033226,0,-1
2021440042177,2021,440042177,2,9,0,18,19,2,6,0,0,8,0,0,0,0,4,1,6,6,3,-1,-1,-1,-1,-1,-1,-1,-1,0,-1
2021010332470,2021,010332470,1,9,0,7,7,1,4,0,0,1,0,0,0,0,1,1,6,6,3,21,5,-1,-1,-1,-1,-1,-1,0,-1
2021501117279,2021,501117279,2,9,0,18,19,3,1,0,0,3,0,0,0,0,4,1,5,6,2,18,4,-1,-1,-1,-1,2,E01019046,0,-1
2021622100509,2021,622100509,2,9,0,3,3,6,2,0,0,0,0,0,0,0,2,1,6,6,3,-1,-1,-1,-1,-1,-1,-1,-1,0,-1
202134NNC6061,2021,34NNC6061,2,1,0,18,19,6,2,0,0,1,0,0,0,0,2,1,6,6,1,31,6,-1,-1,-1,-1,2,E01027128,0,-1
2021471097914,2021,471097914,2,1,0,18,19,1,5,0,0,0,0,0,0,0,1,1,6,6,1,40,7,-1,-1,-1,-1,6,E01021113,0,-1
2021061052991,2021,061052991,2,1,0,18,19,3,7,4,4,0,0,0,1,0,0,1,2,2,1,29,6,-1,-1,-1,-1,1,E01006240,0,-1
2021141121857,2021,141121857,2,9,0,3,3,3,7,0,0,1,0,0,0,0,1,1,6,6,3,-1,-1,-1,-1,-1,-1,-1,-1,0,-1
2021221075701,2021,221075701,1,8,0,16,19,5,8,0,0,3,0,0,0,0,1,1,1,1,1,45,7,-1,-1,-1,-1,-1,-1,0,-1
2021141116361,2021,141116361,2,9,0,18,19,6,2,0,0,3,1,0,0,0,4,1,5,6,1,52,8,-1,-1,-1,-1,6,E01007456,0,-1
2021430347355,2021,430347355,1,9,0,9,9,1,7,0,0,8,0,0,0,0,3,1,6,6,1,47,8,-1,-1,-1,-1,-1,-1,0,-1
2021070093732,2021,070093732,2,9,0,5,5,4,6,0,0,7,0,0,0,0,1,1,1,1,1,60,9,-1,-1,-1,-1,9,E01006922,0,-1
2021320413207,2021,320413207,1,19,0,18,19,7,3,0,0,0,0,0,0,0,0,1,6,6,3,-1,-1,-1,-1,-1,-1,-1,-1,0,-1
2021501095320,2021,501095320,2,1,0,18,19,1,5,0,0,1,2,0,0,0,2,1,2,2,1,28,6,-1,-1,-1,-1,1,E01032658,0,-1
2021010298938,2021,010298938,2,9,0,99,99,9,9,99,99,0,9,99,9,99,9,9,6,6,3,74,10,-1,-1,-1,-1,2,E01003330,0,-1
2021421067568,2021,421067568,1,1,0,10,10,4,2,0,0,0,0,0,0,0,1,1,6,6,1,30,6,-1,-1,-1,-1,1,E01021500,0,-1
2021548772921,2021,548772921,1,9,0,18,19,7,3,0,0,0,0,0,0,0,9,1,6,6,3,-1,-1,-1,-1,-1,-1,-1,-1,0,-1
2021440384939,2021,440384939,2,9,0,7,7,3,7,4,4,1,0,0,0,0,4,1,6,6,1,-1,-1,-1,-1,-1,-1,-1,-1,0,-1
2021522102323,2021,522102323,1,1,0,3,3,2,6,0,0,8,0,0,0,0,3,1,6,6,2,46,8,-1,-1,-1,-1,5,E01014530,0,-1
202134NNC2361,2021,34NNC2361,2,1,0,14,14,3,7,0,0,0,0,0,0,0,1,1,6,6,1,48,8,-1,-1,-1,-1,1,E01027131,0,-1
2021461028699,2021,461028699,2,1,0,18,19,6,2,0,0,1,0,0,0,0,1,1,2,2,1,23,5,-1,-1,-1,-1,1,E01024710,0,-1
2021041171762,2021,041171762,1,9,0,4,4,1,1,0,0,1,0,0,0,0,1,1,5,6,1,72,10,-1,-1,-1,-1,-1,-1,0,-1
2021201021599,2021,201021599,1,9,0,18,19,8,4,0,0,8,0,10,1,2,3,1,2,2,1,20,4,-1,-1,-1,-1,2,E01009758,0,-1
2021010303364,2021,010303364,1,1,0,18,19,1,5,0,0,1,0,11,0,0,1,1,6,6,1,18,4,-1,-1,-1,-1,8,E01000848,0,-1
2021122100671,2021,122100671,2,9,0,17,19,6,2,0,0,0,0,0,0,0,0,1,6,6,3,-1,-1,-1,-1,-1,-1,-1,-1,0,-1
2021010307160,2021,010307160,1,1,0,9,9,8,6,0,0,6,0,0,0,0,2,1,1,1,1,41,7,-1,-1,-1,-1,2,E01003622,0,-1
2021610021221,2021,610021221,1,9,0,18,19,2,7,0,0,0,0,0,0,0,1,1,6,6,1,41,7,-1,-1,-1,-1,-1,-1,0,-1
2021122100381,2021,122100381,2,90,0,99,99,1,5,0,0,0,0,0,0,0,1,1,6,6,3,-1,-1,-1,-1,-1,-1,-1,-1,0,-1
2021010315523,2021,010315523,2,9,9,99,99,9,9,99,99,9,9,99,9,99,9,9,6,6,3,-1,-1,-1,-1,-1,-1,-1,-1,0,-1
2021461074889,2021,461074889,1,1,0,5,5,7,1,0,0,0,0,0,0,0,4,1,6,6,1,13,3,-1,-1,-1,-1,5,E01024383,0,-1
2021522100726,2021,522100726,1,1,0,5,5,5,5,0,0,0,0,0,0,0,1,1,6,6,1,33,6,-1,-1,-1,-1,5,E01014409,0,-1
2021138430208,2021,138430208,1,9,0,18,19,6,2,0,0,0,0,0,0,0,1,1,6,6,2,23,5,-1,-1,-1,-1,3,E01010794,0,-1
2021440358817,2021,440358817,2,9,0,18,19,1,5,0,0,1,0,0,7,0,1,1,6,6,1,82,11,-1,-1,-1,-1,10,E01030902,0,-1
2021010309403,2021,010309403,2,1,0,18,19,1,5,4,4,1,0,0,0,0,0,1,1,1,1,54,8,-1,-1,-1,-1,8,E01001543,0,-1
2021430173548,2021,430173548,2,1,0,18,19,3,7,0,0,1,0,0,0,0,1,1,6,6,2,54,8,-1,-1,-1,-1,9,E01032958,0,-1
2021201053389,2021,201053389,2,1,0,7,7,5,7,0,0,1,0,0,0,0,1,1,6,6,1,19,4,-1,-1,-1,-1,1,E01009409,0,-1
2021440473392,2021,440473392,1,-1,0,18,19,4,8,0,0,8,0,0,0,0,3,1,6,6,1,53,8,-1,-1,-1,-1,6,E01032748,1,-1
2021320015538,2021,320015538,1,1,0,2,2,7,3,0,0,0,2,0,0,0,2,1,6,6,1,36,7,-1,-1,-1,-1,10,E01026395,0,-1
2021010319897,2021,010319897,2,1,0,18,19,7,3,0,0,0,0,0,0,0,1,1,2,2,1,27,6,-1,-1,-1,-1,2,E01001588,0,-1
2021361138942,2021,361138942,3,9,0,18,19,3,7,0,0,0,0,0,0,0,2,1,6,6,1,43,7,-1,-1,-1,-1,2,E01033111,0,-1
202160Z055533,2021,60Z055533,1,17,5,9,9,5,3,0,0,1,0,0,0,0,0,1,6,6,1,60,9,-1,-1,-1,-1,-1,-1,0,-1
2021010321307,2021,010321307,1,9,0,5,5,6,2,0,0,6,0,0,0,0,4,1,2,2,1,49,8,-1,-1,-1,-1,6,E01004146,0,-1
2021421026595,2021,421026595,2,1,0,18,19,8,3,0,0,2,0,0,0,0,4,1,4,7,1,14,3,-1,-1,-1,-1,1,E01022031,0,-1
2021531097467,2021,531097467,2,1,0,18,19,2,6,0,0,0,0,0,1,10,3,1,2,2,1,25,5,-1,-1,-1,-1,9,E01022246,0,-1
202131B103221,2021,31B103221,2,1,0,16,19,6,2,0,0,0,0,0,1,0,2,1,2,2,1,41,7,-1,-1,-1,-1,1,E01028301,0,-1
2021010296566,2021,010296566,2,9,0,18,19,7,3,0,0,0,0,0,0,0,1,1,6,6,3,-1,-1,-1,-1,-1,-1,-1,-1,0,-1
2021061036125,2021,061036125,1,1,-1,18,19,3,7,0,0,0,0,0,0,0,4,1,2,2,1,43,7,-1,-1,-1,-1,4,E01005273,0,-1
2021451127923,2021,451127923,2,8,0,18,19,1,3,0,0,8,0,0,0,0,2,1,6,6,1,49,8,-1,-1,-1,-1,9,E01016196,0,-1
2021332100334,2021,332100334,1,5,0,16,19,8,2,0,0,8,1,0,7,1,1,1,6,6,1,31,6,-1,-1,-1,-1,7,E01025751,0,-1
2021052101839,2021,052101839,1,1,0,18,19,1,5,0,0,0,0,0,0,0,1,1,6,6,1,36,7,-1,-1,-1,-1,3,E01007217,0,-1
20211381T0277,2021,1381T0277,2,9,0,18,19,3,7,0,0,0,0,0,0,0,3,1,6,6,1,27,6,-1,-1,-1,-1,7,E01011013,0,-1
2021010342715,2021,010342715,1,-1,0,5,5,8,4,9,9,0,0,0,0,0,1,1,6,6,1,19,4,-1,-1,-1,-1,2,E01033491,1,-1
2021451056960,2021,451056960,5,1,0,18,19,2,6,0,0,1,0,0,0,0,1,1,5,6,1,30,6,-1,-1,-1,-1,6,E01000709,0,-1
2021332100350,2021,332100350,2,9,0,2,2,0,0,0,0,0,0,0,0,0,2,1,6,6,3,-1,-1,-1,-1,-1,-1,-1,-1,0,-1
2021440302198,2021,440302198,1,1,0,18,19,4,8,0,0,1,0,0,0,0,3,1,6,6,2,52,8,-1,-1,-1,-1,6,E01030767,0,-1
2021141038763,2021,141038763,2,-1,0,18,19,3,7,0,0,0,0,0,0,0,1,1,6,6,1,11,3,-1,-1,-1,-1,-1,-1,1,-1
2021991079414,2021,991079414,2,1,0,14,14,4,8,0,0,0,0,0,0,0,1,1,6,6,2,33,6,-1,-1,-1,-1,6,-1,0,-1
2021320270132,2021,320270132,1,9,0,18,19,7,3,0,0,1,0,0,0,0,4,1,6,6,1,40,7,-1,-1,-1,-1,-1,-1,0,-1
2021501049180,2021,501049180,1,9,0,18,19,5,1,0,0,1,0,0,0,0,3,1,6,6,3,-1,-1,-1,-1,-1,-1,-1,-1,0,-1
2021010336058,2021,010336058,2,98,0,99,99,9,9,0,0,1,0,0,0,0,2,9,6,6,3,-1,-1,-1,-1,-1,-1,-1,-1,0,-1
2021471044970,2021,471044970,2,1,0,11,11,2,6,0,0,0,0,0,0,0,4,1,5,6,3,19,4,-1,-1,-1,-1,4,E01016898,0,-1