collision_index,collision_year,collision_ref_no,vehicle_reference,vehicle_type,towing_and_articulation,vehicle_manoeuvre_historic,vehicle_manoeuvre,vehicle_direction_from,vehicle_direction_to,vehicle_location_restricted_lane_historic,vehicle_location_restricted_lane,junction_location,skidding_and_overturning,hit_object_in_carriageway,vehicle_leaving_carriageway,hit_object_off_carriageway,first_point_of_impact,vehicle_left_hand_drive,journey_purpose_of_driver_historic,journey_purpose_of_driver,sex_of_driver,age_of_driver,age_band_of_driver,engine_capacity_cc,propulsion_code,age_of_vehicle,generic_make_model,driver_imd_decile,lsoa_of_driver,escooter_flag,driver_distance_banding
2021501063248,2021,501063248,2,1,0,18,19,1,5,0,0,0,0,0,0,0,2,1,5,6,1,58,9,-1,-1,-1,-1,9,E01019017,0,-1
2021131125927,2021,131125927,1,9,0,18,19,8,4,0,0,8,0,0,0,0,1,1,6,6,3,-1,-1,-1,-1,-1,-1,-1,-1,0,-1
2021122101138,2021,122101138,1,1,0,18,19,3,7,0,0,0,0,0,0,0,3,1,4,7,1,11,3,-1,-1,-1,-1,-1,-1,0,-1
2021131073664,2021,131073664,2,1,0,9,9,2,7,0,0,1,0,0,0,0,4,1,5,6,2,11,3,-1,-1,-1,-1,6,E01011248,0,-1
2021010343088,2021,010343088,1,1,9,99,99,9,9,99,99,9,9,99,9,99,1,1,2,2,1,26,6,-1,-1,-1,-1,9,E01004546,0,-1
2021010313316,2021,010313316,2,1,0,4,4,1,5,0,0,0,0,4,0,0,1,1,6,6,1,27,6,-1,-1,-1,-1,4,E01003685,0,-1
2021010306890,2021,010306890,1,19,0,13,13,5,1,0,0,1,0,4,0,0,0,1,6,6,3,-1,-1,-1,-1,-1,-1,-1,-1,0,-1
2021010340853,2021,010340853,1,3,0,99,99,9,9,99,99,9,9,99,9,99,9,1,6,6,3,-1,-1,-1,-1,-1,-1,-1,-1,0,-1
2021622100194,2021,622100194,2,9,0,18,19,6,2,0,0,0,0,0,0,0,1,1,1,1,1,21,5,-1,-1,-1,-1,3,W01001748,0,-1
2021361031931,2021,361031931,2,1,0,18,19,5,1,0,0,8,0,0,0,0,4,1,6,6,2,59,9,-1,-1,-1,-1,9,E01026916,0,-1
2021070458704,2021,070458704,1,9,0,5,5,5,1,0,0,8,0,0,0,0,4,1,6,6,2,71,10,-1,-1,-1,-1,2,E01012390,0,-1
2021010337642,2021,010337642,2,1,0,18,19,7,3,0,0,8,0,0,0,0,3,1,2,2,1,27,6,-1,-1,-1,-1,5,E01004475,0,-1
2021061114830,2021,061114830,1,-1,0,18,19,3,7,0,0,1,0,0,0,0,1,1,6,6,3,40,7,-1,-1,-1,-1,-1,-1,0,-1
2021010291315,2021,010291315,1,1,9,99,99,9,9,99,99,9,9,99,9,99,9,1,6,6,2,24,5,-1,-1,-1,-1,9,E01003837,0,-1
2021401105938,2021,401105938,2,1,-1,-1,-1,-1,-1,-1,-1,-1,-1,-1,-1,0,-1,1,5,6,1,16,4,-1,-1,-1,-1,4,E01017581,0,-1
2021430017362,2021,430017362,1,9,0,4,4,1,5,0,0,0,1,0,0,0,1,1,2,2,2,38,7,-1,-1,-1,-1,6,E01028558,0,-1
2021430165790,2021,430165790,3,9,0,3,3,4,8,0,0,3,0,0,0,0,2,1,6,6,3,-1,-1,-1,-1,-1,-1,-1,-1,0,-1
202160Z077701,2021,60Z077701,1,3,0,18,19,5,2,0,0,1,0,0,0,0,1,1,6,6,1,15,3,-1,-1,-1,-1,-1,-1,0,-1
2021451087963,2021,451087963,2,9,0,17,19,2,6,0,0,1,0,0,0,0,1,1,5,6,2,49,8,-1,-1,-1,-1,10,E01003813,0,-1
2021610061221,2021,610061221,2,9,0,2,2,0,0,0,0,0,0,0,0,0,2,1,6,6,1,57,9,-1,-1,-1,-1,7,W01001442,0,-1
2021531027980,2021,531027980,2,1,0,18,19,6,2,0,0,8,0,0,0,0,3,1,6,6,1,46,8,-1,-1,-1,-1,10,E01022172,0,-1
2021010351939,2021,010351939,2,1,0,4,4,1,5,0,0,8,1,0,0,0,2,1,6,6,2,30,6,-1,-1,-1,-1,7,E01000797,0,-1
2021401116178,2021,401116178,1,19,0,4,4,4,8,0,0,0,0,0,0,0,1,1,1,1,1,37,7,-1,-1,-1,-1,10,E01017405,0,-1
2021440250327,2021,440250327,1,1,0,18,19,7,3,0,0,8,0,0,0,0,1,1,6,6,1,9,2,-1,-1,-1,-1,2,E01022903,0,-1
2021131075570,2021,131075570,1,1,0,5,5,7,3,0,0,0,0,0,0,0,1,1,6,6,1,17,4,-1,-1,-1,-1,1,E01010830,0,-1
2021010297029,2021,010297029,1,1,9,99,99,9,9,99,99,9,9,99,9,99,9,1,6,6,2,58,9,-1,-1,-1,-1,7,E01000295,0,-1
2021552100836,2021,552100836,2,1,0,18,19,1,5,0,0,0,0,0,0,0,3,1,6,6,1,74,10,-1,-1,-1,-1,8,E01020376,0,-1
2021010295496,2021,010295496,2,1,0,18,19,1,5,2,2,5,0,0,0,0,1,1,6,6,1,39,7,-1,-1,-1,-1,6,E01003957,0,-1
2021010305488,2021,010305488,1,9,9,99,99,9,9,99,99,9,9,99,9,99,9,9,6,6,3,-1,-1,-1,-1,-1,-1,-1,-1,0,-1
2021010330762,2021,010330762,2,9,0,99,99,9,9,99,99,9,9,99,9,99,9,9,6,6,3,-1,-1,-1,-1,-1,-1,10,E01002458,0,-1
2021010317458,2021,010317458,1,1,9,99,99,9,9,99,99,9,9,99,9,99,9,1,6,6,1,36,7,-1,-1,-1,-1,7,E01003064,0,-1
2021061113083,2021,061113083,2,1,0,18,19,7,3,0,0,1,0,0,0,0,1,1,2,2,1,49,8,-1,-1,-1,-1,10,E01006191,0,-1
202131C179421,2021,31C179421,1,8,0,5,5,3,7,0,0,8,0,0,0,0,4,1,1,1,1,-1,-1,-1,-1,-1,-1,-1,-1,0,-1
2021031053961,2021,031053961,2,1,0,18,19,5,1,0,0,0,0,0,0,0,2,1,5,6,1,60,9,-1,-1,-1,-1,-1,-1,0,-1
2021522105528,2021,522105528,1,1,0,9,9,6,4,0,0,8,0,0,0,0,3,1,2,2,2,57,9,-1,-1,-1,-1,4,E01033364,0,-1
2021101046896,2021,101046896,1,9,-1,-1,-1,-1,-1,-1,-1,0,-1,-1,-1,0,-1,1,6,6,1,-1,-1,-1,-1,-1,-1,-1,-1,0,-1
2021010308571,2021,010308571,1,1,9,99,99,9,9,99,99,9,9,99,9,99,9,1,6,6,1,25,5,-1,-1,-1,-1,4,E01000507,0,-1
2021430252302,2021,430252302,2,1,0,18,19,8,4,0,0,8,0,0,0,0,4,1,6,6,1,63,9,-1,-1,-1,-1,3,E01002557,0,-1
2021010288689,2021,010288689,1,1,9,99,99,9,9,99,99,9,9,99,9,99,9,1,3,7,1,39,7,-1,-1,-1,-1,4,E01003919,0,-1
2021010311500,2021,010311500,2,19,0,99,99,9,9,99,99,9,9,99,9,99,9,9,6,6,3,-1,-1,-1,-1,-1,-1,-1,-1,0,-1
2021052101795,2021,052101795,1,9,0,18,19,3,7,0,0,8,0,0,0,0,4,1,6,6,3,-1,-1,-1,-1,-1,-1,-1,-1,0,-1
2021010306531,2021,010306531,2,9,0,99,99,9,9,99,99,9,9,99,9,99,1,9,6,6,2,45,7,-1,-1,-1,-1,5,E01004056,0,-1
2021161084377,2021,161084377,1,19,0,5,5,5,1,0,0,0,0,0,0,0,1,1,6,6,1,-1,-1,-1,-1,-1,-1,-1,-1,0,-1
2021010305643,2021,010305643,1,8,0,18,19,1,5,0,0,0,0,0,0,0,9,1,6,6,1,-1,-1,-1,-1,-1,-1,5,E01001685,0,-1
2021461088769,2021,461088769,2,1,0,18,19,7,7,0,0,0,0,0,0,0,3,1,5,6,1,39,7,-1,-1,-1,-1,2,E01016066,0,-1
2021430061441,2021,430061441,1,9,0,18,19,3,7,0,0,1,0,0,0,0,1,1,6,6,1,32,6,-1,-1,-1,-1,6,E01033306,0,-1
2021010352339,2021,010352339,1,9,0,18,19,5,1,0,0,1,0,0,0,0,1,1,6,6,3,-1,-1,-1,-1,-1,-1,-1,-1,0,-1
202131A079421,2021,31A079421,1,1,0,18,19,1,5,9,9,0,0,0,0,0,3,1,6,6,1,17,4,-1,-1,-1,-1,6,E01027948,0,-1
2021221115234,2021,221115234,2,1,0,18,19,5,1,9,9,0,0,0,0,0,1,1,4,7,2,12,3,-1,-1,-1,-1,2,E01008942,0,-1
202131C138821,2021,31C138821,1,-1,0,18,19,5,1,0,0,8,0,0,0,0,1,1,6,6,1,13,3,-1,-1,-1,-1,3,E01013929,1,-1
2021010299406,2021,010299406,2,1,0,18,19,3,7,0,0,1,0,0,0,0,1,1,6,6,2,40,7,-1,-1,-1,-1,4,E01000617,0,-1
2021010294114,2021,010294114,1,1,0,18,19,7,3,0,0,1,0,0,0,0,1,1,6,6,1,42,7,-1,-1,-1,-1,5,E01001880,0,-1
2021610019021,2021,610019021,2,97,0,18,19,5,1,0,0,8,0,0,0,0,1,1,6,6,1,65,9,-1,-1,-1,-1,-1,-1,0,-1
2021361044124,2021,361044124,2,9,0,18,19,5,1,0,0,8,0,0,0,0,1,1,1,1,1,57,9,-1,-1,-1,-1,5,E01026501,0,-1
2021010333513,2021,010333513,1,1,9,99,99,9,9,99,99,9,9,99,9,99,3,1,1,1,1,36,7,-1,-1,-1,-1,3,E01004270,0,-1
2021138390245,2021,138390245,1,19,0,7,7,4,8,0,0,8,0,0,0,0,4,1,6,6,1,-1,-1,-1,-1,-1,-1,-1,-1,0,-1
2021131104505,2021,131104505,1,11,0,-1,-1,-1,-1,-1,-1,-1,-1,-1,-1,-1,-1,1,1,1,1,60,9,-1,-1,-1,-1,7,E01011600,0,-1
2021451032425,2021,451032425,3,98,0,18,19,4,8,0,0,0,0,0,0,0,2,2,1,1,1,55,8,-1,-1,-1,-1,-1,-1,0,-1
2021010339278,2021,010339278,1,9,0,5,5,5,1,0,0,1,0,0,0,0,1,1,6,6,3,-1,-1,-1,-1,-1,-1,-1,-1,0,-1
202160Z155823,2021,60Z155823,1,9,0,16,19,6,2,0,0,2,5,0,7,11,1,1,6,6,1,18,4,-1,-1,-1,-1,-1,-1,0,-1
202163A098421,2021,63A098421,1,9,0,17,19,6,3,0,0,0,1,0,1,10,1,1,6,6,2,35,6,-1,-1,-1,-1,5,W01000643,0,-1
2021351096401,2021,351096401,2,1,0,18,19,6,2,0,0,0,0,0,0,0,2,1,4,7,2,10,2,-1,-1,-1,-1,10,E01018306,0,-1
2021010310557,2021,010310557,1,1,9,99,99,9,9,99,99,9,9,99,9,99,9,1,6,6,1,54,8,-1,-1,-1,-1,7,E01000197,0,-1
2021411051759,2021,411051759,2,1,0,5,5,1,5,0,0,1,0,0,0,0,1,1,5,6,2,42,7,-1,-1,-1,-1,10,E01023515,0,-1
2021010326209,2021,010326209,2,1,0,15,15,1,5,0,0,2,5,0,0,0,1,1,2,2,1,44,7,-1,-1,-1,-1,3,E01004448,0,-1
2021610010021,2021,610010021,1,9,0,5,5,4,6,0,0,4,0,0,0,0,0,1,6,6,1,74,10,-1,-1,-1,-1,-1,-1,0,-1
2021010337581,2021,010337581,1,9,0,18,19,1,5,0,0,1,0,0,0,0,1,1,6,6,1,60,9,-1,-1,-1,-1,3,E01003639,0,-1
2021461043983,2021,461043983,1,9,0,6,6,7,3,0,0,0,0,0,0,0,3,1,6,6,1,40,7,-1,-1,-1,-1,-1,-1,0,-1
2021320493339,2021,320493339,2,1,0,18,19,8,4,0,0,1,0,0,0,0,1,1,6,6,1,48,8,-1,-1,-1,-1,-1,-1,0,-1
2021481153475,2021,481153475,1,9,0,6,6,7,7,0,0,1,0,0,0,0,4,1,6,6,1,40,7,-1,-1,-1,-1,-1,-1,0,-1
2021471031162,2021,471031162,1,1,0,18,19,1,5,0,0,0,2,0,0,0,1,1,5,6,1,49,8,-1,-1,-1,-1,10,E01031690,0,-1
2021401085295,2021,401085295,1,9,0,18,19,5,1,0,0,0,0,0,0,0,4,1,6,6,3,-1,-1,-1,-1,-1,-1,-1,-1,0,-1
2021010327249,2021,010327249,2,1,0,18,19,5,1,0,0,0,0,0,0,0,1,1,2,2,1,46,8,-1,-1,-1,-1,3,E01033583,0,-1
2021522104523,2021,522104523,3,9,0,2,2,0,0,0,0,0,0,0,0,0,3,1,6,6,3,-1,-1,-1,-1,-1,-1,-1,-1,0,-1
2021131094108,2021,131094108,2,1,0,18,19,1,1,0,0,1,0,0,0,0,4,1,2,2,2,28,6,-1,-1,-1,-1,1,E01011474,0,-1
2021010332354,2021,010332354,1,9,9,99,99,9,9,99,99,9,9,99,9,99,9,9,6,6,3,-1,-1,-1,-1,-1,-1,-1,-1,0,-1
2021451011382,2021,451011382,1,1,0,18,19,4,4,9,9,0,0,0,1,0,1,1,6,6,1,13,3,-1,-1,-1,-1,9,E01030904,0,-1
2021010322185,2021,010322185,2,19,0,99,99,9,9,99,99,9,9,99,9,99,9,9,6,6,3,-1,-1,-1,-1,-1,-1,7,E01002182,0,-1
2021201023616,2021,201023616,1,9,0,13,13,5,1,0,0,0,1,10,7,0,1,1,6,6,1,-1,-1,-1,-1,-1,-1,-1,-1,0,-1
2021430235126,2021,430235126,1,9,0,7,7,8,2,0,0,1,0,0,0,0,1,1,6,6,2,-1,-1,-1,-1,-1,-1,-1,-1,0,-1
2021401090034,2021,401090034,1,9,0,16,19,1,5,0,0,0,2,0,6,0,1,1,5,6,1,77,11,-1,-1,-1,-1,5,E01023796,0,-1
2021010299737,2021,010299737,2,1,0,14,14,5,1,0,0,1,0,0,0,0,1,1,6,6,1,23,5,-1,-1,-1,-1,7,E01002898,0,-1
2021010304239,2021,010304239,1,1,9,99,99,9,9,99,99,9,9,99,9,99,1,1,6,6,1,20,4,-1,-1,-1,-1,2,E01001726,0,-1
2021010300912,2021,010300912,2,1,0,18,19,1,5,0,0,1,0,0,0,0,1,1,6,6,1,33,6,-1,-1,-1,-1,4,E01003114,0,-1
2021351018761,2021,351018761,2,1,0,18,19,5,1,0,0,8,0,0,0,0,4,1,6,6,1,51,8,-1,-1,-1,-1,10,E01033175,0,-1
2021991060005,2021,991060005,1,1,0,4,4,1,5,0,0,1,2,0,0,0,4,1,5,6,1,32,6,-1,-1,-1,-1,4,-1,0,-1
2021141024322,2021,141024322,2,1,0,18,19,2,6,0,0,0,0,0,0,0,2,1,5,6,2,7,2,-1,-1,-1,-1,3,E01007437,0,-1
2021610026421,2021,610026421,2,21,1,11,11,2,6,0,0,0,0,0,0,0,1,1,1,1,1,58,9,-1,-1,-1,-1,-1,-1,0,-1
2021010303996,2021,010303996,2,1,0,13,13,1,5,0,0,0,0,0,0,0,1,1,6,6,1,35,6,-1,-1,-1,-1,8,E01000179,0,-1
2021111110462,2021,111110462,1,9,0,18,19,7,6,0,0,2,0,0,0,0,1,1,6,6,1,40,7,-1,-1,-1,-1,-1,-1,0,-1
2021302100393,2021,302100393,3,9,0,16,19,4,8,0,0,0,0,0,0,0,1,1,6,6,3,-1,-1,-1,-1,-1,-1,5,E01019456,0,-1
2021430377820,2021,430377820,2,19,0,18,19,2,6,0,0,0,0,0,0,0,3,1,1,1,2,32,6,-1,-1,-1,-1,4,E01015509,0,-1
2021010347868,2021,010347868,2,1,0,15,15,3,7,0,0,1,0,0,0,0,4,1,2,2,1,32,6,-1,-1,-1,-1,4,E01004027,0,-1
2021501044630,2021,501044630,1,9,0,13,13,8,7,0,0,1,0,0,0,0,3,1,6,6,1,25,5,-1,-1,-1,-1,8,E01020333,0,-1
2021332101500,2021,332101500,1,9,0,18,19,3,7,0,0,0,0,0,0,0,0,1,6,6,2,34,6,-1,-1,-1,-1,-1,-1,0,-1
2021122101389,2021,122101389,3,8,0,4,4,3,7,0,0,0,0,0,0,0,1,1,1,1,1,25,5,-1,-1,-1,-1,7,E01032490,0,-1
202163A089121,2021,63A089121,2,9,0,4,4,4,8,0,0,0,0,0,0,0,2,2,6,6,1,54,8,-1,-1,-1,-1,-1,-1,0,-1
202131A002521,2021,31A002521,2,1,0,18,19,1,5,0,0,8,0,0,0,0,4,1,1,1,1,19,4,-1,-1,-1,-1,1,E01027978,0,-1
2021010306147,2021,010306147,2,9,0,99,99,9,9,99,99,9,9,99,9,99,9,9,6,6,3,-1,-1,-1,-1,-1,-1,-1,-1,0,-1
202163C004821,2021,63C004821,2,1,0,18,19,6,2,0,0,8,0,0,0,0,1,1,6,6,1,15,3,-1,-1,-1,-1,-1,-1,0,-1
2021430108900,2021,430108900,1,20,0,5,5,5,1,0,0,0,0,0,0,0,1,1,1,1,1,-1,-1,-1,-1,-1,-1,-1,-1,0,-1
2021010348875,2021,010348875,1,90,0,99,99,9,9,99,99,9,9,99,9,99,1,9,6,6,3,-1,-1,-1,-1,-1,-1,-1,-1,0,-1
2021201142077,2021,201142077,3,9,0,18,19,4,8,0,0,8,0,0,0,0,0,1,6,6,3,-1,-1,-1,-1,-1,-1,-1,-1,0,-1
2021451068277,2021,451068277,1,-1,0,18,19,3,7,0,0,0,0,4,0,0,1,1,5,6,1,46,8,-1,-1,-1,-1,5,E01030457,1,-1
2021010297723,2021,010297723,4,9,0,5,5,6,2,0,0,0,0,0,0,0,0,1,6,6,3,-1,-1,-1,-1,-1,-1,-1,-1,0,-1
2021010332997,2021,010332997,1,3,0,18,19,3,7,0,0,0,0,0,0,0,1,1,6,6,3,-1,-1,-1,-1,-1,-1,-1,-1,0,-1
202163A040121,2021,63A040121,1,1,0,18,19,1,5,0,0,2,0,0,0,0,1,1,6,6,1,10,2,-1,-1,-1,-1,5,W01000643,0,-1
2021201124550,2021,201124550,2,1,0,18,19,-1,-1,0,0,0,0,0,0,0,1,1,6,6,1,13,3,-1,-1,-1,-1,3,E01009606,0,-1
2021052102707,2021,052102707,2,-1,0,18,19,5,1,0,0,1,0,0,0,0,3,1,2,2,1,29,6,-1,-1,-1,-1,1,E01006690,1,-1
2021010317387,2021,010317387,2,1,0,18,19,6,2,0,0,1,0,10,0,0,0,1,6,6,1,40,7,-1,-1,-1,-1,1,E01004088,0,-1
2021552101070,2021,552101070,1,1,0,18,19,7,3,0,0,0,0,0,0,0,3,1,6,6,2,67,10,-1,-1,-1,-1,2,E01020553,0,-1
2021991115606,2021,991115606,3,9,0,18,19,2,6,0,0,0,0,0,0,0,3,1,1,1,1,27,6,-1,-1,-1,-1,8,-1,0,-1
2021221120710,2021,221120710,2,1,0,18,19,2,6,0,0,0,0,10,1,0,2,1,2,2,1,43,7,-1,-1,-1,-1,6,E01032174,0,-1
2021501040182,2021,501040182,2,16,0,4,4,7,3,0,0,0,0,0,1,10,1,1,6,6,2,23,5,-1,-1,-1,-1,4,E01018892,0,-1
2021430464733,2021,430464733,2,1,0,7,7,4,8,0,0,8,0,0,0,0,3,1,4,7,2,18,4,-1,-1,-1,-1,-1,-1,0,-1
2021010318175,2021,010318175,1,11,0,4,4,3,7,0,0,0,0,0,0,0,0,1,1,1,1,40,7,-1,-1,-1,-1,4,E01002247,0,-1
2021332100853,2021,332100853,1,9,0,18,19,7,3,9,9,6,0,0,0,0,4,1,6,6,1,32,6,-1,-1,-1,-1,4,E01013749,0,-1
2021430316337,2021,430316337,1,11,0,4,4,1,5,0,0,0,0,0,0,0,0,1,1,1,1,-1,-1,-1,-1,-1,-1,-1,-1,0,-1
2021010335186,2021,010335186,1,-1,9,99,99,9,9,99,99,9,9,99,9,99,9,1,6,6,1,60,9,-1,-1,-1,-1,3,E01000128,1,-1
202160Z156627,2021,60Z156627,1,9,0,18,19,5,1,0,0,0,0,0,0,0,2,1,6,6,2,18,4,-1,-1,-1,-1,-1,-1,0,-1
2021070806370,2021,070806370,4,9,0,18,19,5,1,6,6,0,0,0,0,0,0,1,6,6,1,18,4,-1,-1,-1,-1,10,E01018436,0,-1
2021010345683,2021,010345683,2,9,0,99,99,9,9,99,99,9,9,99,9,99,1,9,6,6,3,-1,-1,-1,-1,-1,-1,-1,-1,0,-1
2021010329992,2021,010329992,2,9,0,99,99,9,9,99,99,0,9,99,9,99,9,9,6,6,3,-1,-1,-1,-1,-1,-1,-1,-1,0,-1
2021544271721,2021,544271721,2,1,0,5,5,7,3,0,0,8,0,0,0,0,1,1,6,6,1,14,3,-1,-1,-1,-1,4,E01015492,0,-1
2021471074316,2021,471074316,1,1,-1,18,19,7,3,0,0,0,0,0,0,0,1,1,1,1,1,24,5,-1,-1,-1,-1,5,E01016971,0,-1
2021411138901,2021,411138901,1,9,0,18,19,7,3,0,0,8,0,0,0,0,1,1,6,6,3,-1,-1,-1,-1,-1,-1,-1,-1,0,-1
2021440295716,2021,440295716,2,9,0,18,19,7,3,0,0,1,0,0,0,0,0,1,6,6,2,-1,-1,-1,-1,-1,-1,-1,-1,0,-1
2021332100268,2021,332100268,1,9,0,3,3,6,2,0,0,1,0,0,0,0,2,1,6,6,1,23,5,-1,-1,-1,-1,2,E01013655,0,-1
2021332100618,2021,332100618,2,9,0,18,19,2,6,0,0,2,0,0,0,0,1,1,2,2,1,30,6,-1,-1,-1,-1,-1,-1,0,-1
2021421084398,2021,421084398,2,1,0,18,19,5,1,0,0,0,0,0,0,0,1,1,6,6,1,46,8,-1,-1,-1,-1,4,E01003543,0,-1
2021430380777,2021,430380777,2,1,0,18,19,6,2,0,0,2,0,0,0,0,1,1,6,6,2,5,1,-1,-1,-1,-1,-1,-1,0,-1
2021010350609,2021,010350609,1,9,0,6,6,1,1,0,0,0,0,0,0,0,0,1,6,6,3,-1,-1,-1,-1,-1,-1,-1,-1,0,-1
2021141025016,2021,141025016,1,98,0,-1,-1,-1,-1,-1,-1,0,-1,-1,-1,0,-1,1,6,6,3,-1,-1,-1,-1,-1,-1,-1,-1,0,-1
2021332100517,2021,332100517,2,9,0,5,5,3,7,0,0,6,0,0,0,0,3,1,6,6,1,60,9,-1,-1,-1,-1,10,E01025893,0,-1
2021332100829,2021,332100829,2,9,0,18,19,5,1,0,0,6,0,0,0,0,1,1,6,6,1,30,6,-1,-1,-1,-1,4,E01013782,0,-1
2021122101136,2021,122101136,2,1,0,18,19,2,6,0,0,1,0,0,0,0,4,1,6,6,3,-1,-1,-1,-1,-1,-1,-1,-1,0,-1
2021302100896,2021,302100896,2,-1,0,18,19,4,8,0,0,0,0,0,0,0,4,1,6,6,2,21,5,-1,-1,-1,-1,4,E01013459,1,-1
2021501058518,2021,501058518,1,9,0,4,4,3,7,0,0,0,1,0,7,0,1,1,1,1,1,57,9,-1,-1,-1,-1,5,E01020283,0,-1
2021542022721,2021,542022721,1,9,0,17,19,6,2,0,0,0,0,0,7,9,1,1,1,1,1,19,4,-1,-1,-1,-1,8,E01031939,0,-1
2021440290675,2021,440290675,1,1,0,15,15,8,4,0,0,8,0,0,0,0,3,1,2,2,1,51,8,-1,-1,-1,-1,10,E01023244,0,-1
2021010314204,2021,010314204,1,9,9,99,99,9,9,99,99,9,9,99,9,99,9,9,6,6,3,-1,-1,-1,-1,-1,-1,-1,-1,0,-1
2021201114136,2021,201114136,2,9,0,2,2,0,0,0,0,0,0,0,0,0,0,1,5,6,1,-1,-1,-1,-1,-1,-1,-1,-1,0,-1
2021610031621,2021,610031621,2,9,0,2,2,0,0,0,0,0,0,0,0,0,3,1,6,6,1,58,9,-1,-1,-1,-1,-1,-1,0,-1
2021552100505,2021,552100505,1,9,0,17,19,4,8,0,0,0,0,0,0,0,0,1,6,6,1,51,8,-1,-1,-1,-1,3,E01015289,0,-1
2021430226501,2021,430226501,1,1,0,9,9,8,5,0,0,1,0,0,0,0,1,1,6,6,2,19,4,-1,-1,-1,-1,-1,-1,0,-1
2021461063671,2021,461063671,1,19,0,1,1,-1,-1,0,0,-1,0,0,0,0,2,1,6,6,3,-1,-1,-1,-1,-1,-1,-1,-1,0,-1
2021461109210,2021,461109210,2,9,0,18,19,3,7,0,0,0,0,0,0,0,2,1,6,6,1,39,7,-1,-1,-1,-1,8,E01030101,0,-1
2021361012375,2021,361012375,1,98,0,18,19,6,2,0,0,0,0,0,0,0,4,1,5,6,2,51,8,-1,-1,-1,-1,1,E01030250,0,-1
2021161089745,2021,161089745,2,9,0,18,19,7,3,0,0,0,0,0,0,0,3,1,5,6,1,74,10,-1,-1,-1,-1,-1,-1,0,-1
2021010302777,2021,010302777,2,1,0,18,19,5,1,0,0,4,0,0,0,0,0,1,2,2,1,42,7,-1,-1,-1,-1,2,E01004410,0,-1
2021421095635,2021,421095635,2,22,0,18,19,1,5,9,9,1,0,0,0,0,3,1,6,6,2,54,8,-1,-1,-1,-1,1,E01021970,0,-1
202160Z140059,2021,60Z140059,1,11,0,14,14,4,8,0,0,0,0,0,0,0,3,1,1,1,1,48,8,-1,-1,-1,-1,-1,-1,0,-1
2021010351435,2021,010351435,2,1,0,18,19,5,1,0,0,5,0,0,7,0,1,1,6,6,1,15,3,-1,-1,-1,-1,2,E01001654,0,-1
2021031021536,2021,031021536,1,9,0,16,19,1,5,0,0,0,0,0,1,0,1,1,5,6,1,29,6,-1,-1,-1,-1,7,E01019136,0,-1
2021141063366,2021,141063366,2,9,0,7,7,7,8,0,0,0,0,0,0,0,3,1,5,6,1,-1,-1,-1,-1,-1,-1,-1,-1,0,-1
202131B039421,2021,31B039421,1,21,1,17,19,7,4,0,0,8,0,0,0,0,3,2,1,1,1,-1,-1,-1,-1,-1,-1,-1,-1,0,-1
2021010288057,2021,010288057,1,9,0,18,19,7,3,0,0,0,0,10,0,0,3,1,6,6,1,31,6,-1,-1,-1,-1,2,E01001515,0,-1
2021010346424,2021,010346424,1,9,0,18,19,2,6,0,0,0,0,0,0,0,1,1,6,6,2,79,11,-1,-1,-1,-1,10,E01000814,0,-1
2021552100973,2021,552100973,2,1,0,18,19,7,3,0,0,8,0,0,0,0,4,1,6,6,1,17,4,-1,-1,-1,-1,3,E01015357,0,-1
2021361077468,2021,361077468,1,9,0,1,1,2,6,0,0,1,0,0,0,0,2,1,6,6,1,-1,-1,-1,-1,-1,-1,-1,-1,0,-1
202134WNC0141,2021,34WNC0141,2,1,0,18,19,4,8,0,0,8,0,0,0,0,1,1,2,2,1,31,6,-1,-1,-1,-1,7,E01027143,0,-1
2021010302950,2021,010302950,2,1,0,18,19,1,5,0,0,1,0,10,0,0,3,1,6,6,2,59,9,-1,-1,-1,-1,5,E01004523,0,-1
2021138220643,2021,138220643,2,9,0,18,19,6,8,0,0,1,1,0,0,0,4,1,6,6,1,29,6,-1,-1,-1,-1,7,E01011643,0,-1
2021440225038,2021,440225038,2,9,0,18,19,7,3,0,0,1,5,0,0,0,4,1,2,2,1,65,9,-1,-1,-1,-1,9,E01022727,0,-1
2021010311891,2021,010311891,1,10,0,18,19,3,7,0,0,1,0,0,0,0,4,1,6,6,1,37,7,-1,-1,-1,-1,1,E01003047,0,-1
2021010289703,2021,010289703,2,9,9,99,99,9,9,99,99,9,9,99,9,99,1,9,6,6,1,25,5,-1,-1,-1,-1,5,E01024191,0,-1
2021010288244,2021,010288244,2,19,0,99,99,9,9,99,99,0,9,99,9,99,3,9,6,6,3,-1,-1,-1,-1,-1,-1,-1,-1,0,-1
2021201098209,2021,201098209,1,9,0,18,19,6,2,0,0,1,1,0,0,0,1,1,6,6,3,-1,-1,-1,-1,-1,-1,-1,-1,0,-1
2021361070007,2021,361070007,1,9,0,18,19,6,2,0,0,0,0,0,0,0,0,1,6,6,3,-1,-1,-1,-1,-1,-1,-1,-1,0,-1
2021061089947,2021,061089947,1,9,0,18,19,1,5,0,0,8,0,0,0,0,1,1,6,6,1,25,5,-1,-1,-1,-1,-1,-1,0,-1
2021451108720,2021,451108720,1,97,0,18,19,1,5,0,0,0,0,0,0,0,1,1,6,6,1,16,4,-1,-1,-1,-1,-1,-1,0,-1
2021471110128,2021,471110128,2,1,0,4,4,1,5,0,0,1,0,0,0,0,1,1,5,6,1,63,9,-1,-1,-1,-1,10,E01031380,0,-1
2021430416549,2021,430416549,1,9,0,17,19,2,6,0,0,2,1,0,0,0,1,1,6,6,1,24,5,-1,-1,-1,-1,9,E01028783,0,-1
2021170S31951,2021,170S31951,2,1,0,18,19,5,1,0,0,8,0,0,0,0,1,1,6,6,1,21,5,-1,-1,-1,-1,-1,-1,0,-1
2021332100870,2021,332100870,1,19,0,18,19,2,6,0,0,0,0,0,0,0,1,1,1,1,1,58,9,-1,-1,-1,-1,3,E01007966,0,-1
2021010319744,2021,010319744,4,9,0,18,19,7,3,0,0,2,0,0,0,0,1,2,6,6,3,-1,-1,-1,-1,-1,-1,-1,-1,0,-1
2021332100677,2021,332100677,3,9,0,18,19,1,5,0,0,0,1,0,0,0,3,1,6,6,1,35,6,-1,-1,-1,-1,9,E01025617,0,-1
2021010292453,2021,010292453,2,9,0,99,99,9,9,99,99,9,9,99,9,99,9,9,6,6,3,-1,-1,-1,-1,-1,-1,-1,-1,0,-1