collision_index,collision_year,collision_ref_no,vehicle_reference,vehicle_type,towing_and_articulation,vehicle_manoeuvre_historic,vehicle_manoeuvre,vehicle_direction_from,vehicle_direction_to,vehicle_location_restricted_lane_historic,vehicle_location_restricted_lane,junction_location,skidding_and_overturning,hit_object_in_carriageway,vehicle_leaving_carriageway,hit_object_off_carriageway,first_point_of_impact,vehicle_left_hand_drive,journey_purpose_of_driver_historic,journey_purpose_of_driver,sex_of_driver,age_of_driver,age_band_of_driver,engine_capacity_cc,propulsion_code,age_of_vehicle,generic_make_model,driver_imd_decile,lsoa_of_driver,escooter_flag,driver_distance_banding
2021010309551,2021,010309551,1,9,9,99,99,9,9,99,99,9,9,99,9,99,9,9,6,6,3,-1,-1,-1,-1,-1,-1,-1,-1,0,-1
2021010316407,2021,010316407,1,9,0,15,15,3,7,0,0,1,0,0,0,0,1,1,6,6,1,55,8,-1,-1,-1,-1,9,E01016027,0,-1
2021010290853,2021,010290853,1,1,0,18,19,5,1,2,2,6,0,0,0,0,1,1,2,2,1,36,7,-1,-1,-1,-1,3,E01000635,0,-1
2021610022721,2021,610022721,1,9,0,5,5,2,8,0,0,1,0,0,0,0,4,1,6,6,2,33,6,-1,-1,-1,-1,-1,-1,0,-1
2021161057368,2021,161057368,1,1,0,17,19,2,7,0,0,0,0,0,0,0,0,1,5,6,1,75,10,-1,-1,-1,-1,4,E01013106,0,-1
2021221020717,2021,221020717,2,9,0,9,9,1,7,0,0,5,0,0,0,0,4,1,5,6,1,89,11,-1,-1,-1,-1,5,E01014021,0,-1
2021052101375,2021,052101375,1,1,0,18,19,9,9,0,0,0,0,0,0,0,1,1,6,6,3,-1,-1,-1,-1,-1,-1,-1,-1,0,-1
2021010305193,2021,010305193,2,1,0,18,19,7,3,0,0,1,1,0,0,0,1,1,2,2,1,37,7,-1,-1,-1,-1,4,E01003527,0,-1
2021481057092,2021,481057092,1,1,0,18,19,3,7,5,5,8,0,0,0,0,1,1,2,2,1,27,6,-1,-1,-1,-1,2,E01004302,0,-1
2021991053016,2021,991053016,2,1,0,9,9,4,2,0,0,1,0,0,0,0,3,1,5,6,1,77,11,-1,-1,-1,-1,5,-1,0,-1
2021161102444,2021,161102444,1,19,0,18,19,2,6,0,0,1,0,0,0,0,4,1,5,6,1,50,8,-1,-1,-1,-1,7,E01013097,0,-1
2021430097850,2021,430097850,1,19,0,18,19,4,8,0,0,0,0,0,1,7,1,1,1,1,1,58,9,-1,-1,-1,-1,3,W01000355,0,-1
2021061078253,2021,061078253,1,9,0,18,19,5,1,0,0,0,0,0,0,0,0,1,6,6,3,30,6,-1,-1,-1,-1,1,E01033676,0,-1
2021201087390,2021,201087390,1,9,0,9,9,3,7,0,0,6,0,0,0,0,1,1,6,6,1,-1,-1,-1,-1,-1,-1,-1,-1,0,-1
2021010328965,2021,010328965,1,9,0,18,19,1,5,0,0,1,0,0,0,0,2,1,1,1,1,42,7,-1,-1,-1,-1,-1,-1,0,-1
2021010312190,2021,010312190,1,1,9,99,99,9,9,99,99,9,9,99,9,99,9,1,2,2,1,38,7,-1,-1,-1,-1,2,E01033726,0,-1
2021401064212,2021,401064212,1,1,0,18,19,7,3,0,0,0,0,0,0,0,1,1,4,7,1,10,2,-1,-1,-1,-1,3,E01017501,0,-1
2021010323407,2021,010323407,2,2,0,13,13,7,3,0,0,1,0,0,0,0,1,1,1,1,1,32,6,-1,-1,-1,-1,2,E01003578,0,-1
2021111107003,2021,111107003,3,9,0,2,2,0,0,0,0,0,0,0,0,0,1,1,6,6,2,40,7,-1,-1,-1,-1,4,E01020866,0,-1
2021221080294,2021,221080294,1,9,0,7,7,7,1,0,0,4,0,0,0,0,3,1,6,6,3,34,6,-1,-1,-1,-1,-1,-1,0,-1
2021201023664,2021,201023664,2,9,0,18,19,7,3,0,0,8,0,0,0,0,1,1,2,2,2,21,5,-1,-1,-1,-1,2,E01010447,0,-1
2021052102341,2021,052102341,1,9,0,2,2,0,0,0,0,0,0,0,0,0,3,1,6,6,1,36,7,-1,-1,-1,-1,1,E01033747,0,-1
202160Z065976,2021,60Z065976,1,9,0,3,3,5,1,0,0,1,0,0,0,0,1,1,6,6,3,-1,-1,-1,-1,-1,-1,-1,-1,0,-1
2021010307756,2021,010307756,1,1,0,18,19,5,1,0,0,0,0,0,0,0,0,1,6,6,1,54,8,-1,-1,-1,-1,3,E01003493,0,-1
2021111013916,2021,111013916,2,9,0,3,3,5,1,0,0,0,0,0,0,0,1,1,6,6,2,28,6,-1,-1,-1,-1,1,E01020790,0,-1
2021010288589,2021,010288589,1,1,9,99,99,9,9,99,99,9,9,99,9,99,2,1,6,6,1,35,6,-1,-1,-1,-1,5,E01003144,0,-1
2021010338399,2021,010338399,1,1,0,18,19,1,5,0,0,1,0,0,0,0,9,1,6,6,1,37,7,-1,-1,-1,-1,7,E01000438,0,-1
2021520104348,2021,520104348,2,2,0,18,19,3,7,0,0,8,0,0,0,0,3,1,6,6,1,16,4,-1,-1,-1,-1,8,E01029089,0,-1
202160Z116191,2021,60Z116191,1,9,0,5,5,6,2,0,0,6,0,0,0,0,1,1,6,6,2,25,5,-1,-1,-1,-1,-1,-1,0,-1
2021010298858,2021,010298858,2,-1,0,7,7,7,1,0,0,6,0,0,0,0,1,1,6,6,3,-1,-1,-1,-1,-1,-1,-1,-1,1,-1
2021320518129,2021,320518129,1,1,0,18,19,1,5,0,0,8,5,0,0,0,1,1,6,6,1,9,2,-1,-1,-1,-1,-1,-1,0,-1
2021052102274,2021,052102274,2,1,0,9,9,1,7,0,0,1,0,0,0,0,3,1,6,6,1,44,7,-1,-1,-1,-1,2,E01007210,0,-1
2021131048812,2021,131048812,1,9,0,4,4,3,7,0,0,8,0,0,0,0,4,1,1,1,1,35,6,-1,-1,-1,-1,9,E01029897,0,-1
2021061066305,2021,061066305,1,9,0,16,19,3,7,0,0,0,0,0,0,0,0,1,6,6,3,-1,-1,-1,-1,-1,-1,-1,-1,0,-1
2021471073980,2021,471073980,2,1,0,18,19,5,1,0,0,8,0,0,0,0,3,1,6,6,2,45,7,-1,-1,-1,-1,8,E01016901,0,-1
2021010324454,2021,010324454,1,1,9,99,99,9,9,99,99,9,9,99,9,99,9,1,6,6,1,27,6,-1,-1,-1,-1,6,E01004474,0,-1
2021141050408,2021,141050408,2,1,0,18,19,5,1,0,0,1,5,0,0,0,2,1,5,6,1,17,4,-1,-1,-1,-1,8,E01007839,0,-1
202131A201721,2021,31A201721,1,22,0,18,19,4,8,9,9,1,5,0,0,0,0,1,6,6,1,63,9,-1,-1,-1,-1,4,E01028239,0,-1
2021302101902,2021,302101902,1,9,0,5,5,4,8,0,0,4,0,0,0,0,3,1,6,6,3,-1,-1,-1,-1,-1,-1,5,E01019456,0,-1
2021332101050,2021,332101050,2,9,0,18,19,7,3,0,0,0,0,0,0,0,1,1,6,6,1,69,10,-1,-1,-1,-1,7,E01025702,0,-1
2021061113036,2021,061113036,1,9,0,9,9,6,4,0,0,1,0,0,0,0,1,1,6,6,3,-1,-1,-1,-1,-1,-1,-1,-1,0,-1
2021461084535,2021,461084535,1,9,0,18,19,1,5,0,0,1,0,0,0,0,1,1,5,6,3,-1,-1,-1,-1,-1,-1,-1,-1,0,-1
2021141086622,2021,141086622,2,1,0,18,19,5,1,0,0,8,0,0,0,0,3,1,6,6,1,23,5,-1,-1,-1,-1,1,E01007373,0,-1
2021451038731,2021,451038731,4,98,0,18,19,5,1,0,0,0,1,0,0,0,1,1,1,1,1,34,6,-1,-1,-1,-1,1,E01003516,0,-1
2021061034911,2021,061034911,2,1,0,18,19,1,5,0,0,0,0,0,0,0,1,1,6,6,1,12,3,-1,-1,-1,-1,2,E01004972,0,-1
2021010343174,2021,010343174,2,9,0,99,99,9,9,99,99,9,9,99,9,99,9,9,6,6,3,-1,-1,-1,-1,-1,-1,-1,-1,0,-1
2021010307000,2021,010307000,2,1,0,18,19,5,1,0,0,1,0,0,0,0,3,1,1,1,2,30,6,-1,-1,-1,-1,-1,-1,0,-1
202154C150121,2021,54C150121,2,1,0,18,19,1,5,0,0,1,0,0,0,0,3,1,2,2,2,28,6,-1,-1,-1,-1,7,E01031926,0,-1
2021010303257,2021,010303257,1,97,0,15,15,3,7,0,0,8,0,0,0,0,1,1,6,6,3,-1,-1,-1,-1,-1,-1,-1,-1,0,-1
2021131099366,2021,131099366,2,98,0,18,19,3,7,0,0,1,0,0,0,0,3,2,1,1,1,39,7,-1,-1,-1,-1,1,E01010677,0,-1
2021991103155,2021,991103155,2,90,0,10,10,3,1,0,0,8,0,0,0,0,1,1,1,1,1,44,7,-1,-1,-1,-1,4,-1,0,-1
2021010304700,2021,010304700,3,9,3,99,99,9,9,99,99,9,9,99,9,99,3,9,6,6,3,-1,-1,-1,-1,-1,-1,-1,-1,0,-1
2021010332509,2021,010332509,2,1,0,3,3,7,3,4,4,8,0,0,0,0,2,1,2,2,1,34,6,-1,-1,-1,-1,-1,-1,0,-1
2021302100233,2021,302100233,1,-1,0,3,3,4,8,9,9,2,0,0,0,0,2,1,6,6,1,16,4,-1,-1,-1,-1,3,E01019768,1,-1
2021010337106,2021,010337106,1,1,9,99,99,9,9,99,99,9,9,99,9,99,1,1,2,2,1,23,5,-1,-1,-1,-1,5,E01003368,0,-1
2021010331722,2021,010331722,2,-1,0,18,19,8,4,0,0,1,0,0,0,0,3,1,6,6,1,22,5,-1,-1,-1,-1,3,E01002757,1,-1
2021010343031,2021,010343031,2,1,0,18,19,7,3,0,0,1,0,0,0,0,1,1,6,6,1,19,4,-1,-1,-1,-1,3,E01032786,0,-1
2021170S40481,2021,170S40481,2,4,0,18,19,1,5,0,0,8,0,0,0,0,1,1,6,6,1,30,6,-1,-1,-1,-1,4,E01012292,0,-1
2021221037448,2021,221037448,2,19,0,17,19,8,5,0,0,0,0,0,0,0,0,1,5,6,3,-1,-1,-1,-1,-1,-1,-1,-1,0,-1
2021010317977,2021,010317977,1,9,9,99,99,9,9,99,99,9,9,99,9,99,9,9,6,6,3,-1,-1,-1,-1,-1,-1,-1,-1,0,-1
2021131053199,2021,131053199,1,1,0,18,19,1,5,0,0,1,0,0,0,0,1,1,6,6,1,25,5,-1,-1,-1,-1,1,E01011901,0,-1
2021440211858,2021,440211858,1,5,0,18,19,1,5,0,0,1,0,0,0,0,1,1,6,6,1,24,5,-1,-1,-1,-1,4,E01031443,0,-1
2021052101336,2021,052101336,2,1,0,18,19,6,2,0,0,8,0,0,0,0,3,1,6,6,1,56,9,-1,-1,-1,-1,1,E01006562,0,-1
2021610059021,2021,610059021,2,9,0,2,2,0,0,0,0,0,0,0,0,0,1,1,6,6,1,73,10,-1,-1,-1,-1,-1,-1,0,-1
2021302100366,2021,302100366,2,1,0,14,14,2,6,0,0,0,0,8,0,0,4,1,6,6,1,50,8,-1,-1,-1,-1,3,E01019675,0,-1
2021070340601,2021,070340601,2,19,0,4,4,1,5,0,0,0,0,0,0,0,2,1,1,1,1,57,9,-1,-1,-1,-1,1,E01005758,0,-1
2021201098520,2021,201098520,2,1,0,18,19,5,1,0,0,8,0,0,0,0,1,1,6,6,1,62,9,-1,-1,-1,-1,4,E01009176,0,-1
2021332100629,2021,332100629,1,5,0,18,19,1,5,0,0,8,0,0,0,0,1,1,6,6,1,30,6,-1,-1,-1,-1,3,E01013786,0,-1
2021461126689,2021,461126689,1,-1,0,5,5,3,7,0,0,0,0,0,0,0,3,1,6,6,1,17,4,-1,-1,-1,-1,9,E01024773,1,-1
2021520104518,2021,520104518,3,9,0,2,2,0,0,0,0,0,0,0,0,0,1,1,6,6,2,43,7,-1,-1,-1,-1,7,E01029250,0,-1
2021101036710,2021,101036710,1,9,-1,18,19,2,6,0,0,0,0,0,0,0,3,1,6,6,3,-1,-1,-1,-1,-1,-1,-1,-1,0,-1
2021430394828,2021,430394828,1,3,0,18,19,4,8,0,0,1,0,0,0,0,1,1,6,6,1,17,4,-1,-1,-1,-1,1,E01033605,0,-1
2021610040421,2021,610040421,1,9,0,18,19,1,3,0,0,1,0,0,0,0,1,1,6,6,1,78,11,-1,-1,-1,-1,-1,-1,0,-1
202160Z172516,2021,60Z172516,2,9,0,18,19,2,6,0,0,1,5,0,0,0,3,1,2,2,1,27,6,-1,-1,-1,-1,-1,-1,0,-1
202160Z036486,2021,60Z036486,2,9,0,13,13,3,7,0,0,2,0,0,0,0,1,1,6,6,2,64,9,-1,-1,-1,-1,-1,-1,0,-1
2021010290336,2021,010290336,1,1,9,99,99,9,9,99,99,9,9,99,9,99,9,1,6,6,1,25,5,-1,-1,-1,-1,3,E01004430,0,-1
2021010328971,2021,010328971,1,1,9,99,99,9,9,99,99,9,9,99,9,99,9,1,6,6,1,35,6,-1,-1,-1,-1,-1,-1,0,-1
2021141074020,2021,141074020,1,9,0,4,4,2,6,0,0,0,0,0,0,0,2,1,6,6,1,41,7,-1,-1,-1,-1,4,E01013246,0,-1
202163A059721,2021,63A059721,1,9,0,17,19,1,7,0,0,0,2,0,1,10,4,1,6,6,1,18,4,-1,-1,-1,-1,1,W01000631,0,-1
2021991081900,2021,991081900,2,1,0,18,19,1,1,4,4,8,0,0,0,0,1,1,6,6,1,34,6,-1,-1,-1,-1,-1,-1,0,-1
2021010310981,2021,010310981,1,9,0,8,8,3,5,0,0,1,0,0,0,0,2,1,1,1,1,36,7,-1,-1,-1,-1,4,E01021451,0,-1
2021010350478,2021,010350478,2,1,0,3,3,6,2,0,0,8,0,0,0,0,4,1,2,2,1,35,6,-1,-1,-1,-1,2,E01002741,0,-1
2021010344591,2021,010344591,2,-1,0,18,19,3,7,5,5,0,0,0,0,0,0,1,3,7,2,53,8,-1,-1,-1,-1,9,E01001379,1,-1
2021471112969,2021,471112969,2,9,0,18,19,3,7,0,0,0,0,0,0,0,4,1,1,1,1,55,8,-1,-1,-1,-1,4,E01021131,0,-1
2021440112295,2021,440112295,2,1,0,17,19,7,4,0,0,8,0,0,0,0,1,1,6,6,1,37,7,-1,-1,-1,-1,-1,-1,0,-1
2021061132348,2021,061132348,2,1,0,18,19,4,8,0,0,8,0,0,0,0,3,1,6,6,1,24,5,-1,-1,-1,-1,2,E01005163,0,-1
2021010312899,2021,010312899,4,9,0,18,19,7,3,0,0,1,0,0,0,0,1,1,6,6,1,71,10,-1,-1,-1,-1,4,E01001329,0,-1
202160Z072610,2021,60Z072610,1,21,1,4,4,7,3,0,0,0,0,0,0,0,1,1,1,1,1,29,6,-1,-1,-1,-1,-1,-1,0,-1
2021010294779,2021,010294779,2,1,0,13,13,3,7,0,0,0,0,0,0,0,3,1,6,6,1,48,8,-1,-1,-1,-1,9,E01001274,0,-1
2021522201278,2021,522201278,1,9,0,18,19,5,1,0,0,0,0,0,0,0,2,1,6,6,2,27,6,-1,-1,-1,-1,2,E01014601,0,-1
202160Z100167,2021,60Z100167,2,9,0,16,19,3,7,0,0,0,0,0,1,11,1,1,6,6,1,19,4,-1,-1,-1,-1,-1,-1,0,-1
2021991125715,2021,991125715,2,9,0,2,2,0,0,6,6,0,0,0,0,0,1,1,6,6,3,-1,-1,-1,-1,-1,-1,-1,-1,0,-1
2021010330573,2021,010330573,1,1,9,99,99,9,9,99,99,9,9,99,9,99,9,1,6,6,3,-1,-1,-1,-1,-1,-1,-1,-1,0,-1
2021010309669,2021,010309669,1,1,9,99,99,9,9,99,99,9,9,99,9,99,9,1,2,2,1,30,6,-1,-1,-1,-1,5,E01004021,0,-1
2021010326019,2021,010326019,1,9,0,9,9,2,8,0,0,2,0,0,0,0,1,1,6,6,1,36,7,-1,-1,-1,-1,4,E01001724,0,-1
2021131058085,2021,131058085,2,1,0,18,19,4,8,4,4,0,0,0,1,0,1,1,5,6,2,34,6,-1,-1,-1,-1,8,E01032493,0,-1
2021520105857,2021,520105857,2,1,0,10,10,1,7,0,0,8,0,0,0,0,2,1,6,6,2,47,8,-1,-1,-1,-1,7,E01029278,0,-1
2021451071940,2021,451071940,1,1,0,17,19,3,7,0,0,8,0,0,0,0,2,1,5,6,2,64,9,-1,-1,-1,-1,10,E01016605,0,-1
2021010303930,2021,010303930,2,1,9,99,99,9,9,99,99,9,9,99,9,99,1,1,6,6,1,-1,-1,-1,-1,-1,-1,-1,-1,0,-1
202160Z165305,2021,60Z165305,1,1,0,18,19,6,2,0,0,0,0,0,0,0,1,1,6,6,1,35,6,-1,-1,-1,-1,-1,-1,0,-1
2021440311322,2021,440311322,2,9,0,10,10,7,3,0,0,5,0,0,0,0,2,1,6,6,2,44,7,-1,-1,-1,-1,5,E01017254,0,-1
2021201067689,2021,201067689,2,9,0,1,1,1,5,0,0,0,0,0,0,0,2,1,1,1,1,-1,-1,-1,-1,-1,-1,1,E01008910,0,-1
2021061112509,2021,061112509,1,1,0,18,19,3,7,9,9,1,2,0,0,0,0,1,4,7,1,15,3,-1,-1,-1,-1,2,E01033675,0,-1
2021041089532,2021,041089532,1,1,0,18,19,1,5,0,0,0,0,0,0,0,1,1,6,6,1,30,6,-1,-1,-1,-1,9,E01025455,0,-1
2021010312548,2021,010312548,2,1,0,18,19,1,5,4,4,8,0,0,0,0,4,1,6,6,1,76,11,-1,-1,-1,-1,5,E01001520,0,-1
2021471032084,2021,471032084,1,9,0,18,19,1,5,0,0,0,0,0,0,0,4,1,6,6,3,-1,-1,-1,-1,-1,-1,-1,-1,0,-1
2021401075571,2021,401075571,2,1,0,18,19,-1,-1,0,0,0,0,0,0,0,4,1,6,6,1,14,3,-1,-1,-1,-1,2,E01015774,0,-1
2021052101139,2021,052101139,2,23,0,18,19,5,1,0,0,1,0,0,0,0,1,1,6,6,1,21,5,-1,-1,-1,-1,1,E01007010,0,-1
2021010351655,2021,010351655,2,1,9,99,99,9,9,99,99,9,9,99,9,99,9,1,6,6,1,-1,-1,-1,-1,-1,-1,5,E01001682,0,-1
2021471104802,2021,471104802,1,9,0,18,19,4,8,0,0,0,0,0,0,0,1,1,6,6,3,-1,-1,-1,-1,-1,-1,-1,-1,0,-1
2021332100789,2021,332100789,1,9,0,4,4,2,6,0,0,0,0,0,0,0,2,1,1,1,1,42,7,-1,-1,-1,-1,3,E01025943,0,-1
2021010350793,2021,010350793,1,9,0,18,19,5,1,0,0,0,5,4,0,0,1,1,6,6,1,60,9,-1,-1,-1,-1,6,E01001572,0,-1
2021332101590,2021,332101590,1,9,0,18,19,5,1,0,0,0,0,0,0,0,0,1,6,6,2,22,5,-1,-1,-1,-1,-1,-1,0,-1
2021332100398,2021,332100398,1,5,0,17,19,7,4,0,0,0,0,0,1,0,4,1,6,6,1,31,6,-1,-1,-1,-1,1,E01025932,0,-1
2021440199313,2021,440199313,2,9,0,18,19,2,6,0,0,0,0,0,0,0,4,1,6,6,3,-1,-1,-1,-1,-1,-1,-1,-1,0,-1
2021010346014,2021,010346014,2,9,0,99,99,9,9,99,99,9,9,99,9,99,1,9,6,6,3,-1,-1,-1,-1,-1,-1,8,E01004073,0,-1
2021010291657,2021,010291657,2,1,0,18,19,1,5,0,0,4,0,0,0,0,4,1,6,6,1,32,6,-1,-1,-1,-1,3,E01001954,0,-1
2021302102078,2021,302102078,2,16,0,18,19,6,2,0,0,0,0,0,0,0,3,1,6,6,2,44,7,-1,-1,-1,-1,9,E01018669,0,-1
2021302100537,2021,302100537,1,90,0,18,19,8,4,0,0,0,0,10,3,2,1,1,6,6,1,41,7,-1,-1,-1,-1,4,E01019844,0,-1
2021361152641,2021,361152641,2,1,0,18,19,3,7,0,0,8,0,0,0,0,1,1,6,6,3,36,7,-1,-1,-1,-1,-1,-1,0,-1
2021010330728,2021,010330728,1,23,0,18,19,3,7,9,9,8,0,0,0,0,2,1,6,6,1,-1,-1,-1,-1,-1,-1,-1,-1,0,-1
2021231118393,2021,231118393,2,19,0,18,19,8,4,0,0,0,0,0,0,0,4,1,1,1,1,-1,-1,-1,-1,-1,-1,-1,-1,0,-1
202131D124621,2021,31D124621,2,9,0,18,19,2,6,0,0,0,0,0,0,0,1,1,1,1,1,52,8,-1,-1,-1,-1,7,E01026197,0,-1
2021131084802,2021,131084802,1,9,0,9,9,-1,-1,0,0,5,0,-1,0,0,1,1,6,6,3,-1,-1,-1,-1,-1,-1,-1,-1,0,-1
2021010297473,2021,010297473,1,21,0,18,19,6,2,0,0,1,0,0,0,0,1,1,1,1,1,31,6,-1,-1,-1,-1,5,E01002661,0,-1
2021332100930,2021,332100930,2,1,0,18,19,3,7,0,0,8,0,0,0,0,1,1,4,7,1,11,3,-1,-1,-1,-1,9,E01025973,0,-1
2021010344856,2021,010344856,2,-1,0,4,4,5,1,0,0,0,0,10,0,10,3,1,6,6,1,32,6,-1,-1,-1,-1,1,E01032512,1,-1
2021610037921,2021,610037921,2,9,0,18,19,1,5,0,0,2,0,0,0,0,3,1,6,6,2,77,11,-1,-1,-1,-1,-1,-1,0,-1
2021010325547,2021,010325547,1,1,9,99,99,9,9,99,99,9,9,99,9,99,9,1,2,2,2,22,5,-1,-1,-1,-1,-1,-1,0,-1
2021320723859,2021,320723859,1,9,0,18,19,4,2,0,0,0,2,0,1,4,1,1,6,6,1,18,4,-1,-1,-1,-1,6,E01021117,0,-1
2021471039238,2021,471039238,2,1,0,18,19,2,6,0,0,1,0,0,0,0,4,1,6,6,1,39,7,-1,-1,-1,-1,4,E01021051,0,-1
2021201102481,2021,201102481,2,1,0,18,19,-1,-1,0,0,8,0,0,0,0,1,1,6,6,1,64,9,-1,-1,-1,-1,10,E01009815,0,-1
2021430140930,2021,430140930,1,9,0,18,19,3,7,0,0,0,0,0,0,0,1,1,6,6,1,30,6,-1,-1,-1,-1,-1,-1,0,-1
2021070004457,2021,070004457,3,1,0,2,2,3,7,0,0,0,0,0,1,9,2,1,2,2,1,58,9,-1,-1,-1,-1,7,E01018335,0,-1
2021010348861,2021,010348861,4,9,0,18,19,3,7,0,0,0,0,0,0,0,1,1,6,6,3,-1,-1,-1,-1,-1,-1,-1,-1,0,-1
2021010329124,2021,010329124,1,1,0,18,19,7,3,0,0,0,0,0,0,0,1,1,2,2,1,43,7,-1,-1,-1,-1,3,E01002151,0,-1
2021440126566,2021,440126566,1,-1,0,16,19,6,8,0,0,0,0,0,0,0,1,1,6,6,1,20,4,-1,-1,-1,-1,4,E01017085,1,-1
2021501090655,2021,501090655,3,20,0,18,19,7,3,0,0,0,0,0,0,0,1,1,6,6,2,50,8,-1,-1,-1,-1,7,E01026098,0,-1
2021991067129,2021,991067129,1,9,0,18,19,6,2,0,0,0,0,0,0,0,4,1,6,6,3,47,8,-1,-1,-1,-1,-1,-1,0,-1
2021170H10231,2021,170H10231,2,1,0,12,12,4,8,0,0,0,0,0,0,0,3,1,6,6,1,65,9,-1,-1,-1,-1,3,E01032540,0,-1
2021221055389,2021,221055389,1,9,0,4,4,4,8,0,0,0,0,0,0,0,2,1,5,6,2,68,10,-1,-1,-1,-1,8,E01032308,0,-1
2021101033881,2021,101033881,1,1,0,18,19,5,1,0,0,0,0,0,0,0,2,1,6,6,1,-1,-1,-1,-1,-1,-1,-1,-1,0,-1
2021522105538,2021,522105538,1,1,0,18,19,8,4,0,0,0,0,8,0,0,4,1,6,6,1,30,6,-1,-1,-1,-1,-1,-1,0,-1
2021131066698,2021,131066698,2,1,0,18,19,1,5,0,0,1,0,0,0,0,1,1,5,6,1,22,5,-1,-1,-1,-1,-1,-1,0,-1
2021332100601,2021,332100601,2,11,0,18,19,8,2,0,0,2,0,0,1,0,0,1,1,1,1,30,6,-1,-1,-1,-1,2,E01013694,0,-1
2021421012412,2021,421012412,1,9,0,9,9,1,6,0,0,1,0,0,0,0,1,1,6,6,3,-1,-1,-1,-1,-1,-1,-1,-1,0,-1
2021010318304,2021,010318304,2,9,0,9,9,8,7,0,0,6,0,0,0,0,1,1,6,6,3,-1,-1,-1,-1,-1,-1,-1,-1,0,-1
2021991075175,2021,991075175,1,9,0,3,3,3,6,0,0,4,0,0,0,0,1,1,6,6,3,-1,-1,-1,-1,-1,-1,-1,-1,0,-1
2021010308468,2021,010308468,1,1,9,99,99,9,9,99,99,9,9,99,9,99,1,1,2,2,1,32,6,-1,-1,-1,-1,6,E01003157,0,-1
202160Z093776,2021,60Z093776,2,1,0,18,19,4,8,0,0,8,0,0,0,0,4,1,6,6,1,44,7,-1,-1,-1,-1,-1,-1,0,-1
2021401050919,2021,401050919,2,9,0,18,19,2,6,0,0,0,0,0,0,0,1,1,1,1,1,22,5,-1,-1,-1,-1,4,E01015776,0,-1
2021430569990,2021,430569990,1,9,0,18,19,5,1,0,0,1,0,0,0,0,1,1,6,6,2,-1,-1,-1,-1,-1,-1,-1,-1,0,-1
2021010344738,2021,010344738,1,1,9,99,99,9,9,99,99,9,9,99,9,99,1,1,6,6,2,62,9,-1,-1,-1,-1,4,E01004612,0,-1
2021552101196,2021,552101196,1,-1,0,18,19,7,3,0,0,0,0,0,0,0,3,1,6,6,1,22,5,-1,-1,-1,-1,5,E01015346,1,-1
2021010321742,2021,010321742,1,1,9,99,99,9,9,99,99,9,9,99,9,99,1,1,6,6,1,33,6,-1,-1,-1,-1,7,E01001587,0,-1
2021481048279,2021,481048279,1,1,0,18,19,1,5,4,4,8,0,0,0,0,0,1,2,2,2,24,5,-1,-1,-1,-1,4,E01003186,0,-1
202131A033521,2021,31A033521,2,1,0,18,19,3,7,0,0,2,0,0,0,0,1,1,6,6,1,8,2,-1,-1,-1,-1,3,E01028258,0,-1
2021101041449,2021,101041449,1,9,0,18,19,3,6,0,0,1,0,0,0,0,1,1,6,6,1,25,5,-1,-1,-1,-1,-1,-1,0,-1
2021010307394,2021,010307394,1,11,0,4,4,2,6,2,2,1,0,0,0,0,0,1,1,1,1,44,7,-1,-1,-1,-1,2,E01003553,0,-1
2021522105819,2021,522105819,2,9,0,99,99,9,9,0,0,5,0,0,0,0,1,1,6,6,3,-1,-1,-1,-1,-1,-1,-1,-1,0,-1
2021061039509,2021,061039509,2,3,0,18,19,1,1,0,0,5,0,0,0,0,3,1,6,6,3,18,4,-1,-1,-1,-1,-1,-1,0,-1
2021471024414,2021,471024414,2,1,0,18,19,1,5,0,0,3,0,0,0,0,2,1,6,6,2,23,5,-1,-1,-1,-1,1,E01016864,0,-1
2021010345796,2021,010345796,2,9,0,99,99,9,9,99,99,9,9,99,9,99,9,9,6,6,1,-1,-1,-1,-1,-1,-1,9,E01003444,0,-1
2021332100154,2021,332100154,1,9,0,7,7,3,6,0,0,6,0,0,0,0,1,1,6,6,1,40,7,-1,-1,-1,-1,1,E01013634,0,-1
2021461127378,2021,461127378,2,9,0,17,19,5,7,0,0,1,0,0,0,0,1,1,6,6,1,28,6,-1,-1,-1,-1,5,E01031585,0,-1
2021010331004,2021,010331004,2,3,0,18,19,1,5,0,0,1,0,0,0,0,4,1,6,6,2,21,5,-1,-1,-1,-1,10,E01030418,0,-1
2021101060153,2021,101060153,1,9,0,18,19,8,4,0,0,4,0,0,0,0,1,1,6,6,3,-1,-1,-1,-1,-1,-1,-1,-1,0,-1
2021501065538,2021,501065538,1,9,0,18,19,5,1,0,0,1,0,0,0,0,0,1,1,1,1,57,9,-1,-1,-1,-1,10,E01020203,0,-1
2021131118050,2021,131118050,2,9,0,18,19,5,1,0,0,0,0,0,0,0,2,1,1,1,1,27,6,-1,-1,-1,-1,1,E01011671,0,-1
2021221064642,2021,221064642,1,1,0,18,19,4,8,0,0,0,0,0,0,0,3,1,5,6,1,64,9,-1,-1,-1,-1,-1,-1,0,-1
2021522101799,2021,522101799,1,9,0,5,5,5,1,0,0,0,0,0,0,0,1,1,6,6,2,68,10,-1,-1,-1,-1,9,E01014758,0,-1
2021520101614,2021,520101614,2,9,0,18,19,1,5,0,0,8,0,0,0,0,1,1,6,6,1,24,5,-1,-1,-1,-1,-1,-1,0,-1
2021010295280,2021,010295280,1,1,9,99,99,9,9,99,99,9,9,99,9,99,1,1,2,2,1,31,6,-1,-1,-1,-1,4,E01004345,0,-1
2021010342656,2021,010342656,2,1,0,18,19,5,1,0,0,8,5,0,0,0,1,1,2,2,1,51,8,-1,-1,-1,-1,5,E01003144,0,-1
2021332100455,2021,332100455,1,9,0,18,19,5,1,0,0,0,0,0,0,0,1,1,6,6,2,74,10,-1,-1,-1,-1,1,E01013604,0,-1
2021440214950,2021,440214950,2,1,0,17,19,2,6,0,0,0,0,0,0,0,3,1,6,6,1,47,8,-1,-1,-1,-1,9,E01023060,0,-1
202160Z023597,2021,60Z023597,2,1,0,18,19,3,7,0,0,1,0,0,0,0,1,1,6,6,1,61,9,-1,-1,-1,-1,-1,-1,0,-1
2021461110315,2021,461110315,1,9,0,1,1,8,4,0,0,0,0,0,0,0,2,1,6,6,1,30,6,-1,-1,-1,-1,-1,-1,0,-1