collision_index,collision_year,collision_ref_no,vehicle_reference,vehicle_type,towing_and_articulation,vehicle_manoeuvre_historic,vehicle_manoeuvre,vehicle_direction_from,vehicle_direction_to,vehicle_location_restricted_lane_historic,vehicle_location_restricted_lane,junction_location,skidding_and_overturning,hit_object_in_carriageway,vehicle_leaving_carriageway,hit_object_off_carriageway,first_point_of_impact,vehicle_left_hand_drive,journey_purpose_of_driver_historic,journey_purpose_of_driver,sex_of_driver,age_of_driver,age_band_of_driver,engine_capacity_cc,propulsion_code,age_of_vehicle,generic_make_model,driver_imd_decile,lsoa_of_driver,escooter_flag,driver_distance_banding
2021010340316,2021,010340316,2,9,0,9,9,3,1,0,0,6,0,0,0,0,1,1,6,6,1,63,9,-1,-1,-1,-1,3,E01001516,0,-1
2021010296589,2021,010296589,2,1,0,5,5,3,7,0,0,0,0,4,0,0,1,1,6,6,2,45,7,-1,-1,-1,-1,1,E01001781,0,-1
2021430264698,2021,430264698,1,9,0,18,19,2,6,0,0,2,0,0,0,0,4,1,6,6,1,-1,-1,-1,-1,-1,-1,-1,-1,0,-1
2021010301802,2021,010301802,2,9,0,99,99,9,9,99,99,0,9,99,9,99,9,9,6,6,3,-1,-1,-1,-1,-1,-1,3,E01004020,0,-1
2021131094234,2021,131094234,2,1,0,18,19,5,1,0,0,0,0,0,0,0,1,1,5,6,1,59,9,-1,-1,-1,-1,9,E01011887,0,-1
2021201117877,2021,201117877,1,1,0,15,15,6,2,0,0,0,0,8,0,0,1,1,6,6,1,24,5,-1,-1,-1,-1,5,E01009716,0,-1
2021522103553,2021,522103553,1,1,0,18,19,2,6,0,0,8,0,0,0,0,4,1,6,6,1,24,5,-1,-1,-1,-1,8,E01014669,0,-1
2021010296367,2021,010296367,2,1,0,9,9,4,2,9,9,2,0,0,1,0,1,1,4,7,2,17,4,-1,-1,-1,-1,8,E01002574,0,-1
2021332100023,2021,332100023,2,9,0,4,4,2,6,0,0,0,0,0,0,0,2,1,6,6,2,60,9,-1,-1,-1,-1,9,E01025776,0,-1
2021052101509,2021,052101509,1,9,0,9,9,4,8,0,0,1,0,0,0,0,1,1,6,6,3,-1,-1,-1,-1,-1,-1,-1,-1,0,-1
202160Z050244,2021,60Z050244,1,9,0,18,19,7,3,9,9,2,0,0,1,0,1,1,6,6,1,20,4,-1,-1,-1,-1,-1,-1,0,-1
20211381Q1647,2021,1381Q1647,2,1,0,18,19,2,7,0,0,8,0,0,0,0,2,1,6,6,1,20,4,-1,-1,-1,-1,2,E01010619,0,-1
2021522104613,2021,522104613,2,9,0,18,19,3,7,0,0,8,0,0,0,0,1,1,6,6,3,-1,-1,-1,-1,-1,-1,-1,-1,0,-1
2021010302639,2021,010302639,2,1,0,14,14,8,4,0,0,0,0,0,0,0,1,1,4,7,1,19,4,-1,-1,-1,-1,4,E01004348,0,-1
2021010323425,2021,010323425,2,1,0,18,19,5,1,0,0,0,0,0,0,0,3,1,1,1,1,41,7,-1,-1,-1,-1,3,E01003549,0,-1
2021430400412,2021,430400412,1,9,0,9,9,1,7,0,0,6,0,0,0,0,3,1,6,6,2,41,7,-1,-1,-1,-1,10,E01016535,0,-1
2021401057240,2021,401057240,1,19,0,9,9,2,8,0,0,6,0,0,0,0,0,1,6,6,1,25,5,-1,-1,-1,-1,-1,-1,0,-1
2021161110003,2021,161110003,1,1,0,18,19,2,6,0,0,6,0,0,0,0,1,1,5,6,1,14,3,-1,-1,-1,-1,4,E01012976,0,-1
2021070667713,2021,070667713,2,9,0,18,19,3,7,0,0,0,0,0,4,0,1,1,2,2,1,24,5,-1,-1,-1,-1,5,E01006201,0,-1
202134WNC0671,2021,34WNC0671,1,9,0,18,19,7,3,0,0,0,0,0,0,0,1,1,6,6,2,-1,-1,-1,-1,-1,-1,-1,-1,0,-1
2021520105558,2021,520105558,1,19,0,18,19,3,7,0,0,0,0,0,0,0,4,1,1,1,1,35,6,-1,-1,-1,-1,-1,-1,0,-1
2021302101648,2021,302101648,2,9,0,4,4,4,8,0,0,0,0,0,0,0,0,1,6,6,3,-1,-1,-1,-1,-1,-1,5,E01019456,0,-1
2021010336201,2021,010336201,1,9,0,18,19,6,2,0,0,0,0,0,0,0,1,1,6,6,1,57,9,-1,-1,-1,-1,8,E01030591,0,-1
2021070611553,2021,070611553,2,1,0,8,8,7,1,0,0,1,0,0,0,0,3,1,2,2,2,24,5,-1,-1,-1,-1,1,E01006817,0,-1
2021411088038,2021,411088038,2,98,0,18,19,2,6,0,0,0,0,0,0,0,1,1,1,1,1,42,7,-1,-1,-1,-1,5,E01017486,0,-1
2021052101755,2021,052101755,1,-1,0,18,19,1,5,0,0,1,0,0,0,0,1,1,6,6,1,-1,-1,-1,-1,-1,-1,-1,-1,1,-1
2021010337326,2021,010337326,1,1,9,99,99,9,9,99,99,9,9,99,9,99,9,1,2,2,2,30,6,-1,-1,-1,-1,4,E01002788,0,-1
2021010334075,2021,010334075,2,1,0,13,13,1,5,0,0,6,0,0,0,0,1,1,6,6,2,10,2,-1,-1,-1,-1,3,E01003251,0,-1
2021010319945,2021,010319945,2,-1,0,9,9,3,8,0,0,4,0,0,0,0,4,1,6,6,1,31,6,-1,-1,-1,-1,1,E01002853,1,-1
2021430534277,2021,430534277,1,19,0,18,19,6,2,0,0,1,0,0,0,0,1,1,6,6,3,-1,-1,-1,-1,-1,-1,-1,-1,0,-1
2021302100265,2021,302100265,2,9,0,18,19,6,2,0,0,3,0,0,0,0,2,1,6,6,3,-1,-1,-1,-1,-1,-1,5,E01019456,0,-1
2021161036517,2021,161036517,2,1,0,18,19,1,5,0,0,0,0,0,0,0,1,1,5,6,1,40,7,-1,-1,-1,-1,1,E01013203,0,-1
2021010336813,2021,010336813,1,1,9,99,99,9,9,99,99,0,9,99,9,99,9,1,2,2,1,26,6,-1,-1,-1,-1,1,E01004244,0,-1
2021170L10841,2021,170L10841,1,90,0,2,2,0,0,0,0,0,0,0,0,0,0,1,6,6,1,-1,-1,-1,-1,-1,-1,-1,-1,0,-1
2021411122304,2021,411122304,2,19,0,4,4,5,1,0,0,0,0,0,0,0,2,1,2,2,1,56,9,-1,-1,-1,-1,4,E01023797,0,-1
2021501060575,2021,501060575,1,1,0,18,19,2,6,0,0,1,0,0,0,0,1,1,6,6,1,23,5,-1,-1,-1,-1,5,E01029259,0,-1
2021010316818,2021,010316818,2,1,0,18,19,1,5,4,4,3,0,10,0,0,4,1,2,2,1,20,4,-1,-1,-1,-1,2,E01001705,0,-1
2021991027382,2021,991027382,1,9,0,6,6,6,6,0,0,0,0,0,0,0,3,1,6,6,1,42,7,-1,-1,-1,-1,-1,-1,0,-1
2021231119282,2021,231119282,1,9,0,9,9,3,1,0,0,5,0,0,0,0,4,1,5,6,3,32,6,-1,-1,-1,-1,-1,-1,0,-1
2021430579574,2021,430579574,2,9,0,18,19,3,5,0,0,6,0,0,0,0,1,1,6,6,1,20,4,-1,-1,-1,-1,8,E01017855,0,-1
202160Z179207,2021,60Z179207,2,98,0,3,3,5,1,0,0,0,0,0,0,0,3,1,6,6,1,46,8,-1,-1,-1,-1,-1,-1,0,-1
2021161095203,2021,161095203,1,1,0,18,19,4,8,0,0,8,0,0,0,0,4,1,6,6,1,66,10,-1,-1,-1,-1,5,E01013163,0,-1
2021010287882,2021,010287882,3,9,0,99,99,9,9,99,99,0,9,99,9,99,2,9,6,6,3,-1,-1,-1,-1,-1,-1,-1,-1,0,-1
2021010302330,2021,010302330,1,1,9,99,99,9,9,99,99,9,9,99,9,99,9,1,6,6,1,40,7,-1,-1,-1,-1,10,E01016561,0,-1
2021401096263,2021,401096263,2,1,0,18,19,4,8,9,9,0,0,0,0,0,3,1,5,6,1,14,3,-1,-1,-1,-1,10,E01017566,0,-1
2021991054833,2021,991054833,2,9,0,18,19,4,8,0,0,8,0,0,0,0,1,1,1,1,1,39,7,-1,-1,-1,-1,7,-1,0,-1
2021302101100,2021,302101100,2,9,0,18,19,7,3,0,0,0,0,0,0,0,1,1,6,6,1,32,6,-1,-1,-1,-1,3,E01019818,0,-1
2021332100553,2021,332100553,1,9,0,11,11,2,6,0,0,0,0,0,0,0,1,1,2,2,1,51,8,-1,-1,-1,-1,2,E01013646,0,-1
2021520200168,2021,520200168,2,-1,0,18,19,6,2,0,0,8,0,0,0,0,1,1,6,6,1,34,6,-1,-1,-1,-1,3,E01022899,1,-1
2021522106065,2021,522106065,1,9,0,18,19,5,1,0,0,0,0,0,0,0,1,1,6,6,1,20,4,-1,-1,-1,-1,6,E01014910,0,-1
2021010310454,2021,010310454,1,1,9,99,99,9,9,99,99,0,9,99,9,99,9,1,6,6,1,-1,-1,-1,-1,-1,-1,-1,-1,0,-1
2021471026139,2021,471026139,1,9,0,18,19,7,3,0,0,1,-1,-1,-1,0,0,1,6,6,3,-1,-1,-1,-1,-1,-1,-1,-1,0,-1
2021141109488,2021,141109488,1,9,0,18,19,4,8,0,0,0,0,0,0,0,1,1,1,1,1,59,9,-1,-1,-1,-1,1,E01012245,0,-1
2021010311565,2021,010311565,1,9,0,99,99,9,9,99,99,9,9,99,9,99,1,9,6,6,3,-1,-1,-1,-1,-1,-1,-1,-1,0,-1
2021471099721,2021,471099721,2,1,0,9,9,1,7,0,0,5,0,0,0,0,2,1,2,2,1,35,6,-1,-1,-1,-1,6,E01022941,0,-1
2021302101521,2021,302101521,3,9,0,4,4,6,2,0,0,2,0,0,0,0,0,1,6,6,3,-1,-1,-1,-1,-1,-1,5,E01019456,0,-1
2021010325840,2021,010325840,2,8,0,99,99,9,9,99,99,9,9,99,9,99,1,9,6,6,3,-1,-1,-1,-1,-1,-1,-1,-1,0,-1
2021332100129,2021,332100129,1,9,0,18,19,3,7,0,0,6,0,0,0,0,1,1,6,6,2,36,7,-1,-1,-1,-1,10,E01025813,0,-1
2021010310148,2021,010310148,2,98,9,99,99,9,9,99,99,9,9,99,9,99,1,9,6,6,3,-1,-1,-1,-1,-1,-1,-1,-1,0,-1
2021010305401,2021,010305401,2,98,0,99,99,9,9,99,99,9,9,99,9,99,9,9,6,6,3,-1,-1,-1,-1,-1,-1,-1,-1,0,-1
2021010332198,2021,010332198,2,1,0,18,19,1,5,0,0,8,2,0,0,0,1,1,6,6,2,15,3,-1,-1,-1,-1,2,E01001653,0,-1
2021170L20661,2021,170L20661,3,9,0,18,19,2,6,0,0,2,0,0,0,0,1,1,6,6,2,33,6,-1,-1,-1,-1,1,E01012143,0,-1
2021302101378,2021,302101378,1,9,0,18,19,8,6,0,0,8,0,0,0,0,4,1,6,6,3,-1,-1,-1,-1,-1,-1,5,E01019456,0,-1
2021201148273,2021,201148273,1,9,0,18,19,8,4,0,0,1,0,0,0,0,1,1,6,6,2,-1,-1,-1,-1,-1,-1,-1,-1,0,-1
2021546534121,2021,546534121,1,9,0,18,19,6,2,0,0,0,0,0,0,0,1,1,6,6,3,-1,-1,-1,-1,-1,-1,-1,-1,0,-1
2021010334879,2021,010334879,2,1,0,18,19,3,7,0,0,1,0,0,0,0,3,1,6,6,1,64,9,-1,-1,-1,-1,8,E01003827,0,-1
202160Z091188,2021,60Z091188,2,9,0,18,19,2,6,0,0,2,0,0,0,0,1,1,6,6,1,60,9,-1,-1,-1,-1,-1,-1,0,-1
2021131093869,2021,131093869,2,1,0,18,19,8,4,0,0,8,0,0,0,0,1,1,5,6,1,34,6,-1,-1,-1,-1,2,E01032492,0,-1
2021461093085,2021,461093085,1,21,1,18,19,3,7,0,0,0,0,0,0,0,3,1,1,1,3,-1,-1,-1,-1,-1,-1,-1,-1,0,-1
2021302100300,2021,302100300,1,1,0,18,19,3,7,0,0,0,0,0,0,0,3,1,6,6,1,10,2,-1,-1,-1,-1,3,E01019759,0,-1
2021332100772,2021,332100772,2,9,0,2,2,0,0,0,0,0,0,0,0,0,3,1,6,6,1,46,8,-1,-1,-1,-1,7,E01025757,0,-1
2021010316032,2021,010316032,1,1,0,5,5,3,7,0,0,0,0,10,0,0,1,1,6,6,1,17,4,-1,-1,-1,-1,2,E01003556,0,-1
2021161076420,2021,161076420,1,1,0,18,19,3,7,0,0,0,0,0,0,0,1,1,6,6,1,22,5,-1,-1,-1,-1,6,E01013253,0,-1
2021010299360,2021,010299360,2,1,0,5,5,3,7,4,4,8,0,0,0,0,1,1,6,6,1,62,9,-1,-1,-1,-1,6,E01001751,0,-1
2021052100610,2021,052100610,2,1,0,18,19,1,5,0,0,8,0,0,0,0,3,1,6,6,1,48,8,-1,-1,-1,-1,1,E01006791,0,-1
2021011117107,2021,011117107,1,1,0,18,19,7,3,0,0,0,0,0,0,0,0,1,2,2,1,48,8,-1,-1,-1,-1,-1,-1,0,-1
2021010311613,2021,010311613,2,1,0,18,19,3,7,0,0,1,0,0,0,0,1,1,2,2,2,34,6,-1,-1,-1,-1,2,E01001205,0,-1
2021430524205,2021,430524205,1,1,0,4,4,2,6,0,0,1,0,0,0,0,1,1,6,6,2,34,6,-1,-1,-1,-1,5,E01028533,0,-1
2021101011282,2021,101011282,2,1,0,18,19,1,5,0,0,1,2,0,0,0,1,1,5,6,1,40,7,-1,-1,-1,-1,9,E01008235,0,-1
2021101025501,2021,101025501,2,1,0,18,19,7,3,0,0,6,0,0,0,0,1,1,1,1,1,14,3,-1,-1,-1,-1,-1,-1,0,-1
2021052101050,2021,052101050,1,1,0,18,19,2,6,0,0,8,0,0,0,0,1,1,6,6,1,11,3,-1,-1,-1,-1,2,E01006813,0,-1
2021481146426,2021,481146426,1,19,0,9,9,1,6,0,0,8,0,0,0,0,0,1,1,1,3,-1,-1,-1,-1,-1,-1,-1,-1,0,-1
2021332100919,2021,332100919,1,19,0,18,19,6,2,0,0,1,1,0,7,0,4,1,2,2,2,51,8,-1,-1,-1,-1,5,E01025716,0,-1
2021610035221,2021,610035221,1,9,0,18,19,0,0,0,0,0,0,0,0,0,4,1,6,6,1,70,10,-1,-1,-1,-1,-1,-1,0,-1
2021010343561,2021,010343561,1,9,0,18,19,5,1,0,0,0,0,0,0,0,1,1,6,6,3,-1,-1,-1,-1,-1,-1,-1,-1,0,-1
2021401034807,2021,401034807,2,1,-1,-1,-1,-1,-1,-1,-1,0,-1,-1,-1,0,-1,1,5,6,1,8,2,-1,-1,-1,-1,3,E01017619,0,-1
2021332100189,2021,332100189,1,9,0,14,14,4,8,0,0,0,5,0,0,0,1,1,6,6,1,69,10,-1,-1,-1,-1,8,E01025923,0,-1
2021010346285,2021,010346285,1,1,0,14,14,7,3,0,0,1,0,8,0,0,3,1,6,6,1,47,8,-1,-1,-1,-1,5,E01000850,0,-1
202160Z175012,2021,60Z175012,1,9,0,15,15,5,1,0,0,0,0,0,0,0,1,1,6,6,1,62,9,-1,-1,-1,-1,-1,-1,0,-1
2021522105875,2021,522105875,1,90,0,18,19,2,6,9,9,1,0,0,0,0,4,1,6,6,1,25,5,-1,-1,-1,-1,-1,-1,0,-1
2021440280430,2021,440280430,1,1,0,17,19,4,8,0,0,2,1,0,0,0,1,1,6,6,2,68,10,-1,-1,-1,-1,6,E01022880,0,-1
2021170S40051,2021,170S40051,2,9,0,13,13,1,5,0,0,0,0,0,0,0,4,1,6,6,3,-1,-1,-1,-1,-1,-1,-1,-1,0,-1
2021161055961,2021,161055961,2,1,0,18,19,5,1,4,4,0,0,0,0,0,2,1,6,6,2,14,3,-1,-1,-1,-1,3,E01013238,0,-1
202160Z182607,2021,60Z182607,2,9,0,5,5,5,1,0,0,3,0,0,0,0,2,1,6,6,2,25,5,-1,-1,-1,-1,-1,-1,0,-1
2021610048221,2021,610048221,2,1,0,18,19,3,7,0,0,1,0,0,0,0,1,1,6,6,1,37,7,-1,-1,-1,-1,4,W01001462,0,-1
2021401043664,2021,401043664,2,1,0,18,19,3,7,0,0,1,0,0,0,0,1,1,6,6,1,60,9,-1,-1,-1,-1,9,E01017716,0,-1
2021411022164,2021,411022164,2,1,0,18,19,1,4,0,0,8,0,0,0,0,2,1,2,2,1,59,9,-1,-1,-1,-1,9,E01023811,0,-1
2021010337182,2021,010337182,1,19,0,18,19,7,3,0,0,1,0,0,0,0,1,1,6,6,3,-1,-1,-1,-1,-1,-1,-1,-1,0,-1
2021010340846,2021,010340846,1,9,0,18,19,3,7,0,0,1,0,0,0,0,1,1,6,6,3,-1,-1,-1,-1,-1,-1,-1,-1,0,-1
2021111046145,2021,111046145,3,9,0,10,10,1,5,0,0,0,0,0,0,0,0,1,6,6,1,69,10,-1,-1,-1,-1,4,E01020876,0,-1
2021010334668,2021,010334668,2,9,0,16,19,8,4,0,0,8,0,0,0,0,1,1,6,6,3,-1,-1,-1,-1,-1,-1,-1,-1,0,-1
2021010294628,2021,010294628,1,3,0,17,19,1,5,0,0,1,0,0,3,0,3,1,1,1,1,45,7,-1,-1,-1,-1,4,E01001176,0,-1
2021061034607,2021,061034607,1,1,-1,18,19,3,6,0,0,1,0,0,0,0,2,1,5,6,1,30,6,-1,-1,-1,-1,5,E01006118,0,-1
202154C356721,2021,54C356721,4,9,0,14,14,5,1,0,0,0,0,0,0,0,2,1,6,6,2,48,8,-1,-1,-1,-1,5,E01032111,0,-1
2021332101013,2021,332101013,2,19,0,18,19,7,3,0,0,1,5,0,4,1,1,1,6,6,1,27,6,-1,-1,-1,-1,-1,-1,0,-1
2021440187903,2021,440187903,2,11,0,12,12,3,7,0,0,0,0,0,0,0,3,1,1,1,3,-1,-1,-1,-1,-1,-1,-1,-1,0,-1
2021451057708,2021,451057708,2,1,0,18,19,3,7,5,5,1,0,0,0,0,1,1,2,2,1,17,4,-1,-1,-1,-1,7,E01030741,0,-1
2021041091851,2021,041091851,1,9,0,18,19,1,3,0,0,8,0,0,0,0,1,2,6,6,3,-1,-1,-1,-1,-1,-1,-1,-1,0,-1
2021501088637,2021,501088637,1,9,0,18,19,4,8,0,0,8,0,0,0,0,1,1,6,6,3,-1,-1,-1,-1,-1,-1,-1,-1,0,-1
2021531062959,2021,531062959,2,-1,0,18,19,8,4,9,9,1,0,0,0,0,1,1,6,6,2,14,3,-1,-1,-1,-1,3,E01022159,1,-1
2021991097910,2021,991097910,1,9,0,18,19,5,1,0,0,1,0,0,0,0,1,1,6,6,1,20,4,-1,-1,-1,-1,-1,-1,0,-1
2021471115850,2021,471115850,2,1,0,18,19,7,3,0,0,1,0,0,0,0,1,1,6,6,1,35,6,-1,-1,-1,-1,6,E01031449,0,-1
2021010318951,2021,010318951,2,9,0,99,99,9,9,99,99,0,9,99,9,99,9,9,6,6,3,-1,-1,-1,-1,-1,-1,1,E01001787,0,-1
202131C093621,2021,31C093621,1,-1,0,9,9,2,1,0,0,6,0,0,0,0,3,1,6,6,3,-1,-1,-1,-1,-1,-1,-1,-1,1,-1
2021010290768,2021,010290768,2,9,0,18,19,7,3,0,0,5,0,0,0,0,1,1,6,6,1,34,6,-1,-1,-1,-1,4,E01015953,0,-1
2021070829293,2021,070829293,1,9,0,18,19,4,8,0,0,0,0,4,0,0,1,1,6,6,3,-1,-1,-1,-1,-1,-1,-1,-1,0,-1
2021991104545,2021,991104545,1,9,0,18,19,8,4,0,0,0,0,0,0,0,4,1,6,6,1,-1,-1,-1,-1,-1,-1,-1,-1,0,-1
202131C191721,2021,31C191721,1,1,0,14,14,4,8,0,0,2,0,0,0,0,1,1,1,1,3,-1,-1,-1,-1,-1,-1,-1,-1,0,-1
2021221090145,2021,221090145,1,1,0,9,9,1,7,0,0,6,0,0,0,0,1,1,2,2,2,18,4,-1,-1,-1,-1,7,E01014070,0,-1
2021122100949,2021,122100949,1,1,0,18,19,7,3,0,0,0,0,0,1,2,1,1,6,6,2,50,8,-1,-1,-1,-1,7,E01013364,0,-1
2021440351734,2021,440351734,2,1,0,18,19,3,6,0,0,8,0,0,0,0,1,1,6,6,1,20,4,-1,-1,-1,-1,1,E01032750,0,-1
202134WNC2531,2021,34WNC2531,1,19,0,18,19,1,5,0,0,2,0,0,1,6,1,1,1,1,1,43,7,-1,-1,-1,-1,-1,-1,0,-1
2021170H10981,2021,170H10981,2,1,0,18,19,1,5,0,0,8,0,0,0,0,4,1,2,2,2,53,8,-1,-1,-1,-1,1,E01011992,0,-1
2021201044978,2021,201044978,1,9,0,18,19,1,7,0,0,8,0,0,0,0,1,1,6,6,2,23,5,-1,-1,-1,-1,6,E01028857,0,-1
2021010305740,2021,010305740,1,1,9,99,99,9,9,99,99,9,9,99,9,99,9,1,2,2,2,35,6,-1,-1,-1,-1,2,E01000021,0,-1
2021010345257,2021,010345257,1,1,9,99,99,9,9,99,99,9,9,99,9,99,9,1,2,2,1,46,8,-1,-1,-1,-1,1,E01001839,0,-1
2021131057081,2021,131057081,2,9,0,4,4,1,5,0,0,0,0,0,0,0,4,1,5,6,1,40,7,-1,-1,-1,-1,1,E01010819,0,-1
2021991050887,2021,991050887,2,1,0,18,19,6,2,0,0,1,0,0,0,0,1,1,5,6,1,53,8,-1,-1,-1,-1,5,-1,0,-1
2021101047369,2021,101047369,2,1,0,7,7,3,1,0,0,1,0,0,0,0,3,1,5,6,1,24,5,-1,-1,-1,-1,2,E01033545,0,-1
2021461086852,2021,461086852,1,98,0,18,19,1,5,0,0,0,0,0,0,0,1,1,6,6,1,-1,-1,-1,-1,-1,-1,-1,-1,0,-1
2021471016866,2021,471016866,2,9,0,18,19,2,6,0,0,1,0,0,0,0,1,1,6,6,1,35,6,-1,-1,-1,-1,1,E01016910,0,-1
2021131083332,2021,131083332,2,9,0,-1,-1,-1,-1,-1,-1,-1,-1,-1,-1,-1,-1,1,6,6,3,-1,-1,-1,-1,-1,-1,-1,-1,0,-1
2021351084233,2021,351084233,3,9,0,18,19,3,7,0,0,0,0,0,0,0,2,1,6,6,1,29,6,-1,-1,-1,-1,5,E01026266,0,-1
2021201142056,2021,201142056,1,9,0,18,19,2,6,0,0,0,0,0,0,0,1,1,6,6,1,43,7,-1,-1,-1,-1,3,E01010501,0,-1
2021010296838,2021,010296838,2,9,0,99,99,9,9,99,99,9,9,99,9,99,1,9,6,6,3,-1,-1,-1,-1,-1,-1,-1,-1,0,-1
202134WNC2601,2021,34WNC2601,2,1,0,18,19,3,7,0,0,8,0,0,0,0,1,1,6,6,1,49,8,-1,-1,-1,-1,10,E01027287,0,-1
2021061103264,2021,061103264,1,1,0,18,19,4,8,0,0,8,0,0,0,0,1,1,1,1,1,39,7,-1,-1,-1,-1,1,E01009579,0,-1
2021302100914,2021,302100914,1,1,0,18,19,6,2,0,0,0,0,0,0,0,1,1,6,6,1,14,3,-1,-1,-1,-1,5,E01019744,0,-1
2021221032517,2021,221032517,1,1,0,18,19,8,4,9,9,0,0,0,0,0,1,1,6,6,1,14,3,-1,-1,-1,-1,1,E01032465,0,-1
2021010315844,2021,010315844,1,1,9,99,99,9,9,99,99,0,9,99,9,99,2,1,6,6,1,28,6,-1,-1,-1,-1,1,E01004198,0,-1
2021010299322,2021,010299322,2,9,0,7,7,2,4,0,0,8,0,0,0,0,1,1,6,6,3,-1,-1,-1,-1,-1,-1,-1,-1,0,-1
2021451096644,2021,451096644,5,9,0,4,4,3,7,0,0,0,0,0,0,0,0,1,6,6,3,45,7,-1,-1,-1,-1,-1,-1,0,-1
202163D056921,2021,63D056921,1,9,0,17,19,1,6,0,0,0,0,0,0,0,1,1,6,6,1,27,6,-1,-1,-1,-1,5,W01000546,0,-1
202163C031321,2021,63C031321,1,19,0,18,19,1,5,0,0,0,0,0,0,0,1,1,6,6,1,28,6,-1,-1,-1,-1,3,W01000588,0,-1
2021421016669,2021,421016669,2,1,0,18,19,2,6,0,0,0,0,0,0,0,3,1,5,6,1,23,5,-1,-1,-1,-1,5,E01015975,0,-1
2021010328063,2021,010328063,1,9,9,99,99,9,9,99,99,9,9,99,9,99,9,9,6,6,3,-1,-1,-1,-1,-1,-1,-1,-1,0,-1
2021991018048,2021,991018048,1,90,0,7,7,5,7,9,9,2,5,0,3,0,1,1,5,6,1,10,2,-1,-1,-1,-1,1,-1,0,-1
2021052102915,2021,052102915,2,9,0,2,2,0,0,0,0,0,0,0,0,0,4,1,1,1,3,-1,-1,-1,-1,-1,-1,-1,-1,0,-1
2021111018481,2021,111018481,2,9,0,18,19,3,7,0,0,0,0,0,1,0,1,1,1,1,1,51,8,-1,-1,-1,-1,4,E01020669,0,-1
2021622100906,2021,622100906,2,1,0,18,19,2,6,0,0,1,0,0,0,0,2,1,6,6,1,35,6,-1,-1,-1,-1,2,W01001761,0,-1
2021610018021,2021,610018021,1,9,0,12,12,6,2,0,0,0,0,0,0,7,3,1,2,2,2,66,10,-1,-1,-1,-1,-1,-1,0,-1
2021332100941,2021,332100941,3,9,0,18,19,2,6,0,0,0,0,0,0,0,1,1,6,6,1,63,9,-1,-1,-1,-1,10,E01025904,0,-1
2021010335920,2021,010335920,1,-1,0,18,19,6,2,0,0,0,0,0,0,0,1,1,6,6,3,-1,-1,-1,-1,-1,-1,-1,-1,1,-1
2021010327573,2021,010327573,1,1,9,99,99,9,9,99,99,9,9,99,9,99,1,1,2,2,1,26,6,-1,-1,-1,-1,6,E01031676,0,-1
2021010320135,2021,010320135,2,1,0,15,15,5,1,0,0,1,0,0,0,0,1,1,2,2,1,26,6,-1,-1,-1,-1,3,E01004600,0,-1
2021622200061,2021,622200061,2,-1,0,18,19,4,8,9,9,0,0,0,0,0,1,1,6,6,1,42,7,-1,-1,-1,-1,1,W01001857,1,-1
2021471064636,2021,471064636,1,-1,0,18,19,5,1,9,9,1,0,0,0,0,1,1,6,6,3,-1,-1,-1,-1,-1,-1,-1,-1,1,-1
2021201133433,2021,201133433,2,1,0,18,19,5,1,0,0,8,0,0,0,0,4,1,2,2,1,42,7,-1,-1,-1,-1,5,E01009504,0,-1
2021501085613,2021,501085613,2,1,0,18,19,7,3,0,0,0,0,0,0,0,3,1,6,6,1,23,5,-1,-1,-1,-1,6,E01020025,0,-1
2021010316752,2021,010316752,2,9,9,7,7,1,3,0,0,9,9,99,0,0,9,1,6,6,3,-1,-1,-1,-1,-1,-1,-1,-1,0,-1
2021201107265,2021,201107265,1,9,0,9,9,6,4,0,0,5,0,0,0,0,1,1,6,6,3,-1,-1,-1,-1,-1,-1,-1,-1,0,-1
2021010302491,2021,010302491,1,1,9,99,99,9,9,99,99,9,9,99,9,99,9,1,6,6,1,23,5,-1,-1,-1,-1,3,E01001238,0,-1
2021451049808,2021,451049808,1,1,0,18,19,3,7,0,0,0,0,0,0,0,1,1,4,7,1,12,3,-1,-1,-1,-1,4,E01030745,0,-1
2021010311898,2021,010311898,1,1,9,99,99,9,9,99,99,9,9,99,9,99,1,1,6,6,1,31,6,-1,-1,-1,-1,3,E01001858,0,-1
2021010289228,2021,010289228,2,19,0,99,99,9,9,99,99,9,9,99,9,99,1,9,1,1,1,27,6,-1,-1,-1,-1,5,E01000516,0,-1
2021010321959,2021,010321959,2,9,0,99,99,9,9,99,99,9,9,99,9,99,2,9,6,6,3,-1,-1,-1,-1,-1,-1,2,E01003507,0,-1
2021131072345,2021,131072345,1,90,0,18,19,3,7,-1,-1,8,-1,-1,-1,-1,-1,1,6,6,3,-1,-1,-1,-1,-1,-1,-1,-1,0,-1
2021170S20841,2021,170S20841,1,11,0,4,4,1,5,0,0,0,0,0,0,0,0,1,1,1,1,36,7,-1,-1,-1,-1,-1,-1,0,-1
2021010295913,2021,010295913,1,1,9,99,99,9,9,99,99,9,9,99,9,99,0,1,6,6,1,36,7,-1,-1,-1,-1,2,E01003288,0,-1
2021061115265,2021,061115265,2,9,0,4,4,1,5,0,0,0,0,0,0,0,2,1,2,2,2,34,6,-1,-1,-1,-1,5,E01005153,0,-1
2021221092187,2021,221092187,1,19,0,18,19,2,6,0,0,8,0,0,0,0,4,1,5,6,1,57,9,-1,-1,-1,-1,5,E01004137,0,-1
2021052101127,2021,052101127,2,9,0,3,3,5,1,0,0,1,0,0,0,0,3,1,6,6,1,22,5,-1,-1,-1,-1,1,E01033759,0,-1
2021010316228,2021,010316228,2,9,0,99,99,9,9,99,99,9,9,99,9,99,9,9,6,6,3,-1,-1,-1,-1,-1,-1,-1,-1,0,-1
2021122101249,2021,122101249,1,1,0,18,19,3,7,0,0,8,0,0,0,0,1,1,4,7,1,16,4,-1,-1,-1,-1,7,E01013346,0,-1
2021010294050,2021,010294050,1,1,9,99,99,9,9,99,99,9,9,99,9,99,9,1,2,2,1,39,7,-1,-1,-1,-1,9,E01001532,0,-1
2021622200008,2021,622200008,2,1,0,18,19,3,7,0,0,0,0,0,7,0,2,1,6,6,2,17,4,-1,-1,-1,-1,2,W01000967,0,-1
2021170L10191,2021,170L10191,1,9,0,2,2,0,0,0,0,0,0,0,0,0,2,1,1,1,1,61,9,-1,-1,-1,-1,7,E01011849,0,-1
2021471069434,2021,471069434,2,1,0,18,19,3,7,4,4,8,0,0,0,0,4,1,5,6,1,66,10,-1,-1,-1,-1,4,E01016968,0,-1