collision_index,collision_year,collision_ref_no,vehicle_reference,vehicle_type,towing_and_articulation,vehicle_manoeuvre_historic,vehicle_manoeuvre,vehicle_direction_from,vehicle_direction_to,vehicle_location_restricted_lane_historic,vehicle_location_restricted_lane,junction_location,skidding_and_overturning,hit_object_in_carriageway,vehicle_leaving_carriageway,hit_object_off_carriageway,first_point_of_impact,vehicle_left_hand_drive,journey_purpose_of_driver_historic,journey_purpose_of_driver,sex_of_driver,age_of_driver,age_band_of_driver,engine_capacity_cc,propulsion_code,age_of_vehicle,generic_make_model,driver_imd_decile,lsoa_of_driver,escooter_flag,driver_distance_banding
2021011022920,2021,011022920,1,1,0,18,19,7,3,0,0,0,0,0,1,0,1,1,5,6,1,36,7,-1,-1,-1,-1,9,E01004596,0,-1
2021061104040,2021,061104040,2,1,0,18,19,3,7,0,0,1,0,0,0,0,2,1,6,6,1,30,6,-1,-1,-1,-1,-1,-1,0,-1
2021010299934,2021,010299934,3,8,0,18,19,1,5,0,0,0,0,0,0,0,1,1,6,6,3,-1,-1,-1,-1,-1,-1,-1,-1,0,-1
2021522201202,2021,522201202,3,3,0,2,2,0,0,9,9,2,0,0,0,0,3,1,6,6,3,-1,-1,-1,-1,-1,-1,-1,-1,0,-1
202131C099821,2021,31C099821,2,18,1,18,19,1,5,0,0,8,0,0,0,0,4,1,6,6,1,48,8,-1,-1,-1,-1,1,E01013868,0,-1
2021010291627,2021,010291627,2,1,9,99,99,9,9,99,99,0,9,99,9,99,1,1,6,6,3,-1,-1,-1,-1,-1,-1,-1,-1,0,-1
2021361060877,2021,361060877,1,1,0,18,19,8,4,0,0,1,0,0,0,0,-1,1,5,6,1,19,4,-1,-1,-1,-1,1,E01026635,0,-1
2021421013077,2021,421013077,3,9,0,18,19,2,6,0,0,0,0,0,0,0,2,1,5,6,1,35,6,-1,-1,-1,-1,7,E01003675,0,-1
2021070322443,2021,070322443,2,1,0,5,5,8,4,0,0,0,0,4,0,0,3,1,6,6,1,12,3,-1,-1,-1,-1,2,E01018316,0,-1
2021010337107,2021,010337107,1,21,1,4,4,5,1,0,0,0,0,0,0,0,1,2,1,1,1,24,5,-1,-1,-1,-1,-1,-1,0,-1
2021522105294,2021,522105294,2,90,0,18,19,2,7,0,0,6,0,0,0,0,1,1,6,6,1,30,6,-1,-1,-1,-1,-1,-1,0,-1
2021101022300,2021,101022300,2,1,0,18,19,7,3,0,0,1,0,4,1,0,1,1,6,6,1,33,6,-1,-1,-1,-1,3,E01008449,0,-1
2021010291673,2021,010291673,2,9,0,99,99,9,9,99,99,9,9,99,9,99,2,9,6,6,3,-1,-1,-1,-1,-1,-1,-1,-1,0,-1
2021430363123,2021,430363123,2,1,0,9,9,7,5,2,2,8,0,0,0,0,4,1,2,2,2,23,5,-1,-1,-1,-1,9,E01028585,0,-1
2021131114714,2021,131114714,1,9,0,2,2,8,8,0,0,8,0,0,0,0,4,1,4,7,2,32,6,-1,-1,-1,-1,1,E01011326,0,-1
2021010331157,2021,010331157,1,11,9,99,99,9,9,99,99,9,9,99,9,99,9,1,6,6,1,54,8,-1,-1,-1,-1,6,E01033064,0,-1
2021332100734,2021,332100734,2,19,0,18,19,7,3,0,0,8,0,0,0,0,1,1,1,1,1,50,8,-1,-1,-1,-1,2,E01010293,0,-1
2021010311086,2021,010311086,1,9,0,13,13,2,6,0,0,0,0,0,0,0,3,1,1,1,1,55,8,-1,-1,-1,-1,4,E01003913,0,-1
202131A130621,2021,31A130621,1,1,0,7,7,7,2,0,0,6,0,0,0,0,1,1,6,6,1,15,3,-1,-1,-1,-1,3,E01027931,0,-1
2021411073385,2021,411073385,2,9,0,3,3,3,7,0,0,0,0,0,0,0,0,1,1,1,1,54,8,-1,-1,-1,-1,5,E01023384,0,-1
2021461100022,2021,461100022,2,1,0,18,19,3,7,9,9,0,0,0,0,0,1,1,6,6,1,17,4,-1,-1,-1,-1,1,E01024657,0,-1
2021451058577,2021,451058577,2,1,0,4,4,7,3,0,0,1,5,0,0,0,1,1,2,2,1,40,7,-1,-1,-1,-1,8,E01002993,0,-1
2021201025100,2021,201025100,1,97,0,18,19,8,4,0,0,0,0,0,0,0,1,1,6,6,1,-1,-1,-1,-1,-1,-1,-1,-1,0,-1
2021041046368,2021,041046368,1,9,0,18,19,5,1,0,0,0,0,0,0,0,4,1,6,6,3,-1,-1,-1,-1,-1,-1,-1,-1,0,-1
2021111096189,2021,111096189,1,9,0,18,19,8,4,0,0,1,0,0,0,0,1,1,6,6,1,40,7,-1,-1,-1,-1,-1,-1,0,-1
2021211113242,2021,211113242,1,9,0,14,14,2,5,0,0,1,0,0,0,0,0,1,6,6,2,-1,-1,-1,-1,-1,-1,-1,-1,0,-1
2021170S11531,2021,170S11531,1,20,0,18,19,8,4,0,0,8,0,0,0,0,4,1,6,6,3,-1,-1,-1,-1,-1,-1,-1,-1,0,-1
2021010333154,2021,010333154,1,1,9,99,99,9,9,99,99,9,9,99,9,99,1,1,6,6,3,-1,-1,-1,-1,-1,-1,-1,-1,0,-1
2021201110408,2021,201110408,2,1,0,18,19,8,4,0,0,8,0,0,0,0,3,1,1,1,1,34,6,-1,-1,-1,-1,1,E01008909,0,-1
2021010348503,2021,010348503,2,9,0,18,19,1,5,99,99,0,9,99,9,99,1,1,6,6,1,-1,-1,-1,-1,-1,-1,3,E01004571,0,-1
2021361049786,2021,361049786,2,1,0,18,19,-1,-1,4,4,0,0,0,1,0,0,1,6,6,2,26,6,-1,-1,-1,-1,8,E01026857,0,-1
2021320010997,2021,320010997,1,1,0,18,19,3,7,0,0,0,5,0,0,0,1,1,6,6,2,53,8,-1,-1,-1,-1,-1,-1,0,-1
2021991085753,2021,991085753,1,9,0,18,19,4,8,9,9,0,0,0,1,0,1,1,6,6,3,25,5,-1,-1,-1,-1,-1,-1,0,-1
2021010336664,2021,010336664,1,9,0,2,2,0,0,0,0,1,0,0,0,0,4,1,6,6,3,-1,-1,-1,-1,-1,-1,-1,-1,0,-1
202160Z023636,2021,60Z023636,1,9,0,17,19,6,2,0,0,0,0,4,7,0,1,1,6,6,1,71,10,-1,-1,-1,-1,-1,-1,0,-1
2021061023932,2021,061023932,1,1,0,18,19,7,3,0,0,1,1,0,0,0,1,1,6,6,2,52,8,-1,-1,-1,-1,10,E01006079,0,-1
2021010318068,2021,010318068,2,9,0,99,99,9,9,99,99,0,9,99,9,99,9,9,6,6,1,55,8,-1,-1,-1,-1,6,E01002618,0,-1
2021010344847,2021,010344847,1,9,0,14,14,1,5,0,0,1,0,0,0,0,1,1,1,1,1,36,7,-1,-1,-1,-1,3,E01003250,0,-1
2021041086748,2021,041086748,2,1,0,18,19,3,7,0,0,0,0,0,0,0,1,1,1,1,1,58,9,-1,-1,-1,-1,8,E01025302,0,-1
2021070099846,2021,070099846,1,9,0,4,4,1,5,0,0,0,0,0,0,0,0,1,6,6,3,-1,-1,-1,-1,-1,-1,-1,-1,0,-1
2021461071399,2021,461071399,1,9,0,1,1,8,4,0,0,0,0,0,0,0,2,1,6,6,1,51,8,-1,-1,-1,-1,6,E01024512,0,-1
2021430528819,2021,430528819,2,3,0,18,19,4,8,0,0,8,0,0,0,0,1,1,6,6,1,29,6,-1,-1,-1,-1,7,E01028638,0,-1
2021332100616,2021,332100616,1,9,0,18,19,6,2,0,0,0,1,0,7,0,1,1,6,6,2,37,7,-1,-1,-1,-1,8,E01026313,0,-1
2021010311082,2021,010311082,2,1,0,18,19,3,7,0,0,2,2,8,0,0,1,1,2,2,2,50,8,-1,-1,-1,-1,6,E01003153,0,-1
2021332100174,2021,332100174,2,98,0,2,2,0,0,0,0,0,0,0,0,0,2,1,1,1,1,58,9,-1,-1,-1,-1,9,E01025779,0,-1
2021421028134,2021,421028134,1,9,0,18,19,2,6,0,0,0,0,0,0,0,1,1,6,6,2,-1,-1,-1,-1,-1,-1,-1,-1,0,-1
2021061101500,2021,061101500,1,9,0,18,19,1,1,0,0,0,0,0,0,0,1,1,6,6,1,30,6,-1,-1,-1,-1,-1,-1,0,-1
2021141124726,2021,141124726,1,1,0,9,9,7,5,0,0,1,0,0,0,0,0,1,6,6,1,56,9,-1,-1,-1,-1,9,E01007926,0,-1
2021041103613,2021,041103613,1,9,0,18,19,7,7,0,0,2,0,0,0,0,4,1,1,1,1,41,7,-1,-1,-1,-1,9,E01025277,0,-1
2021501048638,2021,501048638,1,9,0,18,19,1,5,0,0,0,0,0,0,0,1,1,5,6,1,42,7,-1,-1,-1,-1,3,E01020272,0,-1
2021522106095,2021,522106095,2,9,0,99,99,9,9,0,0,1,0,0,0,0,3,1,6,6,3,30,6,-1,-1,-1,-1,-1,-1,0,-1
2021010296195,2021,010296195,1,1,0,99,99,9,9,99,99,9,9,0,9,0,9,1,6,6,1,48,8,-1,-1,-1,-1,8,E01023549,0,-1
2021010307809,2021,010307809,1,-1,0,18,19,7,3,0,0,0,0,0,0,0,9,1,6,6,1,-1,-1,-1,-1,-1,-1,-1,-1,1,-1
2021302100812,2021,302100812,2,1,0,18,19,2,6,0,0,0,0,0,0,0,3,1,6,6,2,68,10,-1,-1,-1,-1,9,E01019684,0,-1
2021302101680,2021,302101680,2,9,0,3,3,2,4,0,0,4,0,0,0,0,2,1,1,1,1,57,9,-1,-1,-1,-1,3,E01029437,0,-1
2021411117800,2021,411117800,2,1,0,18,19,8,4,0,0,0,5,10,1,0,3,1,5,6,1,44,7,-1,-1,-1,-1,-1,-1,0,-1
202131A096521,2021,31A096521,1,9,0,7,7,4,6,0,0,6,0,0,0,0,0,1,6,6,1,-1,-1,-1,-1,-1,-1,-1,-1,0,-1
202163A037521,2021,63A037521,1,5,0,17,19,2,7,0,0,8,0,0,1,7,4,1,6,6,1,49,8,-1,-1,-1,-1,1,W01001188,0,-1
2021131042582,2021,131042582,1,9,0,18,19,6,2,0,0,1,0,0,0,0,-1,1,6,6,3,40,7,-1,-1,-1,-1,-1,-1,0,-1
2021010307355,2021,010307355,2,1,0,17,19,4,1,0,0,6,0,0,0,0,1,1,6,6,1,53,8,-1,-1,-1,-1,1,E01004311,0,-1
2021052101126,2021,052101126,1,9,0,18,19,3,7,0,0,0,0,0,0,0,3,1,6,6,2,84,11,-1,-1,-1,-1,1,E01007090,0,-1
2021010327332,2021,010327332,1,19,0,18,19,5,1,0,0,2,0,0,0,0,4,1,1,1,1,-1,-1,-1,-1,-1,-1,4,E01003118,0,-1
2021161105291,2021,161105291,1,1,0,18,19,4,8,0,0,2,0,0,0,0,3,1,5,6,1,62,9,-1,-1,-1,-1,10,E01013108,0,-1
2021161052099,2021,161052099,2,1,0,18,19,8,4,0,0,0,0,0,0,0,1,1,6,6,1,14,3,-1,-1,-1,-1,7,E01013186,0,-1
2021010325826,2021,010325826,1,-1,0,18,19,5,1,0,0,0,0,4,0,0,1,1,6,6,1,16,4,-1,-1,-1,-1,4,E01002224,1,-1
2021041095705,2021,041095705,2,22,0,18,19,3,1,0,0,6,0,0,0,0,1,1,5,6,1,49,8,-1,-1,-1,-1,1,E01025590,0,-1
2021211053687,2021,211053687,2,9,-1,-1,-1,-1,-1,-1,-1,0,-1,-1,-1,-1,-1,1,6,6,1,-1,-1,-1,-1,-1,-1,7,E01029639,0,-1
2021430352380,2021,430352380,1,9,0,9,9,4,2,0,0,8,0,9,3,0,1,1,6,6,1,22,5,-1,-1,-1,-1,3,E01016738,0,-1
2021161059958,2021,161059958,1,9,0,18,19,3,7,0,0,0,0,0,1,4,1,1,1,1,1,29,6,-1,-1,-1,-1,6,E01026399,0,-1
2021010348498,2021,010348498,1,1,9,99,99,9,9,99,99,9,9,99,9,99,1,1,6,6,1,64,9,-1,-1,-1,-1,6,E01004608,0,-1
2021010287945,2021,010287945,2,1,9,99,99,9,9,99,99,9,9,99,9,99,1,1,6,6,1,-1,-1,-1,-1,-1,-1,-1,-1,0,-1
2021371130554,2021,371130554,2,1,0,18,19,8,6,0,0,0,0,0,0,0,4,1,5,6,1,39,7,-1,-1,-1,-1,1,E01030261,0,-1
2021522104172,2021,522104172,1,1,0,18,19,7,3,0,0,2,0,0,0,0,2,1,6,6,2,73,10,-1,-1,-1,-1,8,E01014755,0,-1
2021010334488,2021,010334488,2,8,0,99,99,9,9,99,99,9,9,99,9,99,0,9,6,6,3,18,4,-1,-1,-1,-1,1,E01002778,0,-1
2021122101027,2021,122101027,2,1,0,18,19,5,1,0,0,8,0,0,0,0,1,1,6,6,1,23,5,-1,-1,-1,-1,6,E01013383,0,-1
2021010310769,2021,010310769,2,9,0,9,9,6,3,0,0,8,0,0,0,0,1,1,6,6,3,-1,-1,-1,-1,-1,-1,-1,-1,0,-1
2021371145136,2021,371145136,1,1,0,18,19,5,1,0,0,8,0,0,0,0,1,1,5,6,1,14,3,-1,-1,-1,-1,1,E01033130,0,-1
2021010347775,2021,010347775,2,19,9,99,99,9,9,99,99,9,9,99,9,99,2,9,6,6,3,50,8,-1,-1,-1,-1,4,E01000416,0,-1
2021411116930,2021,411116930,1,1,0,18,19,1,5,0,0,8,0,0,0,0,2,1,6,6,1,20,4,-1,-1,-1,-1,6,E01023723,0,-1
2021471039210,2021,471039210,2,1,0,18,19,5,1,0,0,8,0,0,0,0,4,1,6,6,2,19,4,-1,-1,-1,-1,9,E01021023,0,-1
2021111016386,2021,111016386,1,9,0,11,11,5,1,0,0,0,5,10,2,0,4,1,2,2,1,32,6,-1,-1,-1,-1,8,E01008734,0,-1
2021411027672,2021,411027672,2,1,0,18,19,1,2,0,0,0,1,0,0,0,0,1,5,6,2,37,7,-1,-1,-1,-1,9,E01006348,0,-1
2021010322733,2021,010322733,1,98,9,18,19,3,7,0,0,2,9,10,9,1,9,1,6,6,3,-1,-1,-1,-1,-1,-1,-1,-1,0,-1
2021622100165,2021,622100165,2,1,0,9,9,2,6,0,0,2,0,0,0,0,0,1,4,7,1,16,4,-1,-1,-1,-1,6,W01001129,0,-1
2021010328657,2021,010328657,1,1,9,99,99,9,9,99,99,9,9,99,9,99,2,1,2,2,2,47,8,-1,-1,-1,-1,5,E01004275,0,-1
2021010308346,2021,010308346,1,1,0,18,19,3,7,0,0,1,0,4,0,0,1,1,6,6,1,61,9,-1,-1,-1,-1,9,E01003466,0,-1
2021010342079,2021,010342079,1,1,9,99,99,9,9,99,99,9,9,99,9,99,9,1,6,6,1,53,8,-1,-1,-1,-1,1,E01001786,0,-1
2021501113807,2021,501113807,1,9,0,7,7,5,7,0,0,5,0,0,0,0,1,1,6,6,3,-1,-1,-1,-1,-1,-1,-1,-1,0,-1
2021061131901,2021,061131901,1,5,-1,-1,-1,-1,-1,-1,-1,0,-1,-1,-1,0,-1,1,6,6,3,-1,-1,-1,-1,-1,-1,-1,-1,0,-1
2021501036767,2021,501036767,3,19,0,18,19,5,1,0,0,0,0,0,0,0,2,1,1,1,1,59,9,-1,-1,-1,-1,8,E01019956,0,-1
2021061106059,2021,061106059,2,9,0,3,3,3,3,0,0,2,0,0,0,0,2,1,6,6,1,48,8,-1,-1,-1,-1,2,E01005075,0,-1
2021010341253,2021,010341253,2,1,0,18,19,1,5,0,0,8,0,0,0,0,1,1,1,1,1,28,6,-1,-1,-1,-1,6,E01000196,0,-1
2021440409550,2021,440409550,3,1,0,18,19,5,1,0,0,8,0,0,0,0,3,1,6,6,1,61,9,-1,-1,-1,-1,10,E01022863,0,-1
2021041029548,2021,041029548,1,90,0,18,19,7,3,0,0,0,0,0,0,0,4,1,5,6,1,52,8,-1,-1,-1,-1,7,E01025199,0,-1
2021131119462,2021,131119462,2,9,0,18,19,5,1,0,0,0,0,0,0,0,4,1,1,1,1,43,7,-1,-1,-1,-1,9,E01011302,0,-1
2021010291243,2021,010291243,1,1,9,99,99,9,9,99,99,9,9,99,9,99,2,1,6,6,1,48,8,-1,-1,-1,-1,1,E01003048,0,-1
2021522106243,2021,522106243,2,9,0,18,19,1,5,0,0,0,0,0,0,0,4,1,6,6,3,-1,-1,-1,-1,-1,-1,-1,-1,0,-1
2021010327866,2021,010327866,1,1,9,99,99,9,9,99,99,9,9,99,9,99,9,1,6,6,2,-1,-1,-1,-1,-1,-1,5,E01000855,0,-1
2021131066268,2021,131066268,2,9,0,18,19,5,1,0,0,0,1,0,0,0,4,1,1,1,1,72,10,-1,-1,-1,-1,7,E01011689,0,-1
202160Z176142,2021,60Z176142,2,9,0,18,19,1,5,1,1,0,0,0,0,0,1,1,6,6,1,82,11,-1,-1,-1,-1,-1,-1,0,-1
2021332101031,2021,332101031,2,9,0,18,19,4,8,0,0,8,0,0,0,0,4,1,6,6,1,26,6,-1,-1,-1,-1,1,E01013760,0,-1
2021061128217,2021,061128217,2,90,0,7,7,5,7,0,0,8,0,0,0,0,3,1,6,6,3,30,6,-1,-1,-1,-1,-1,-1,0,-1
2021010331647,2021,010331647,1,9,0,18,19,1,5,0,0,1,0,0,0,0,4,1,6,6,2,28,6,-1,-1,-1,-1,6,E01003957,0,-1
2021061097635,2021,061097635,2,-1,0,16,19,1,5,0,0,8,0,0,0,0,1,1,6,6,3,30,6,-1,-1,-1,-1,-1,-1,0,-1
2021332100169,2021,332100169,2,1,0,18,19,4,8,0,0,6,0,0,0,0,1,1,6,6,1,34,6,-1,-1,-1,-1,3,E01025718,0,-1
2021430485058,2021,430485058,3,9,0,7,7,7,1,0,0,1,0,0,0,0,0,1,6,6,1,20,4,-1,-1,-1,-1,-1,-1,0,-1
2021201142599,2021,201142599,1,9,0,1,1,5,1,0,0,0,0,4,0,0,2,1,6,6,1,-1,-1,-1,-1,-1,-1,-1,-1,0,-1
202160Z183541,2021,60Z183541,2,1,0,18,19,1,5,0,0,0,0,0,0,0,3,1,6,6,1,54,8,-1,-1,-1,-1,-1,-1,0,-1
2021421119165,2021,421119165,3,9,0,9,9,1,7,0,0,0,0,0,0,0,0,1,6,6,3,-1,-1,-1,-1,-1,-1,-1,-1,0,-1
202131A061621,2021,31A061621,2,9,0,12,12,4,2,0,0,2,0,0,0,0,4,1,6,6,1,27,6,-1,-1,-1,-1,1,E01028268,0,-1
2021451092119,2021,451092119,1,1,0,18,19,5,1,0,0,4,0,0,0,0,2,1,5,6,2,31,6,-1,-1,-1,-1,7,E01033133,0,-1
2021332100258,2021,332100258,1,9,0,9,9,4,2,0,0,4,0,0,0,0,3,1,6,6,2,60,9,-1,-1,-1,-1,8,E01025981,0,-1
2021471113856,2021,471113856,2,1,0,18,19,6,2,0,0,8,0,0,0,0,1,1,2,2,2,27,6,-1,-1,-1,-1,9,E01031816,0,-1
2021201088367,2021,201088367,2,1,0,18,19,6,2,0,0,1,0,0,0,0,1,1,6,6,1,11,3,-1,-1,-1,-1,2,E01009998,0,-1
2021010305659,2021,010305659,1,-1,0,5,5,5,1,0,0,1,0,0,0,0,2,1,4,7,1,13,3,-1,-1,-1,-1,4,E01003450,1,-1
202134NNC1611,2021,34NNC1611,2,1,0,18,19,7,3,0,0,3,0,0,0,0,1,1,1,1,1,26,6,-1,-1,-1,-1,3,E01027060,0,-1
2021522101581,2021,522101581,2,1,0,18,19,2,6,0,0,0,1,7,0,0,0,1,6,6,1,59,9,-1,-1,-1,-1,4,E01014676,0,-1
2021411079837,2021,411079837,1,1,0,18,19,2,6,0,0,4,0,0,0,0,3,1,6,6,1,58,9,-1,-1,-1,-1,10,E01023670,0,-1
2021401061726,2021,401061726,1,9,0,9,9,-1,-1,0,0,4,0,0,0,0,1,1,6,6,3,-1,-1,-1,-1,-1,-1,-1,-1,0,-1
2021010337781,2021,010337781,2,-1,0,18,19,3,7,4,4,8,0,0,0,0,3,1,6,6,2,42,7,-1,-1,-1,-1,4,E01002677,1,-1
2021010296625,2021,010296625,1,1,9,99,99,9,9,99,99,9,9,99,9,99,1,1,6,6,1,41,7,-1,-1,-1,-1,2,E01000931,0,-1
2021170M10291,2021,170M10291,2,1,0,15,15,5,1,0,0,8,0,0,0,0,1,1,6,6,1,68,10,-1,-1,-1,-1,-1,-1,0,-1
2021010292524,2021,010292524,1,1,9,99,99,9,9,99,99,9,9,99,9,99,9,1,6,6,1,26,6,-1,-1,-1,-1,6,E01003030,0,-1
2021010304317,2021,010304317,2,1,0,9,9,3,1,0,0,6,0,0,0,0,4,1,6,6,1,55,8,-1,-1,-1,-1,6,E01002656,0,-1
202131C165721,2021,31C165721,2,1,0,18,19,8,3,0,0,8,0,0,0,0,3,1,2,2,1,42,7,-1,-1,-1,-1,-1,-1,0,-1
2021351104589,2021,351104589,1,1,0,18,19,2,6,0,0,0,0,0,0,0,3,1,4,7,2,11,3,-1,-1,-1,-1,6,E01033121,0,-1
2021052100354,2021,052100354,2,1,0,18,19,5,1,0,0,8,0,0,0,0,0,1,6,6,1,65,9,-1,-1,-1,-1,5,E01007074,0,-1
2021141120103,2021,141120103,1,9,0,9,9,3,8,0,0,8,0,0,0,0,2,1,5,6,1,46,8,-1,-1,-1,-1,8,E01008130,0,-1
2021332100942,2021,332100942,1,5,0,18,19,2,6,0,0,0,0,7,4,7,1,1,6,6,1,26,6,-1,-1,-1,-1,7,E01013686,0,-1
2021430233836,2021,430233836,3,9,0,9,9,2,8,0,0,8,0,0,0,0,0,1,6,6,3,-1,-1,-1,-1,-1,-1,-1,-1,0,-1
2021991090453,2021,991090453,2,1,0,18,19,1,5,0,0,1,0,0,0,0,3,1,6,6,1,37,7,-1,-1,-1,-1,10,-1,0,-1
202131D057221,2021,31D057221,2,1,0,18,19,1,5,0,0,0,0,0,0,0,1,1,6,6,1,14,3,-1,-1,-1,-1,6,E01028108,0,-1
2021451071861,2021,451071861,1,1,0,4,4,1,5,0,0,0,0,0,0,0,4,1,5,6,2,41,7,-1,-1,-1,-1,8,E01030529,0,-1
2021421074167,2021,421074167,2,1,0,18,19,3,7,0,0,1,0,0,0,0,1,1,1,1,2,23,5,-1,-1,-1,-1,4,E01015874,0,-1
2021101037796,2021,101037796,1,98,0,18,19,5,1,0,0,8,0,0,0,0,1,1,1,1,3,-1,-1,-1,-1,-1,-1,-1,-1,0,-1
2021371017276,2021,371017276,1,19,0,18,19,7,4,0,0,0,0,0,0,0,1,1,6,6,3,-1,-1,-1,-1,-1,-1,-1,-1,0,-1
2021010302201,2021,010302201,2,9,0,5,5,5,1,0,0,2,0,4,0,0,1,1,6,6,3,-1,-1,-1,-1,-1,-1,-1,-1,0,-1
2021520200229,2021,520200229,2,9,0,18,19,6,2,0,0,0,0,0,0,0,1,1,6,6,3,-1,-1,-1,-1,-1,-1,-1,-1,0,-1
2021440481444,2021,440481444,1,1,0,18,19,6,3,0,0,8,0,0,0,0,1,1,3,7,1,17,4,-1,-1,-1,-1,2,E01022820,0,-1
2021991080890,2021,991080890,1,9,0,17,19,4,8,0,0,3,0,0,0,0,1,1,5,6,2,38,7,-1,-1,-1,-1,-1,-1,0,-1
2021010310628,2021,010310628,2,8,0,99,99,9,9,99,99,9,9,99,9,99,9,9,6,6,3,-1,-1,-1,-1,-1,-1,-1,-1,0,-1
2021010322153,2021,010322153,2,1,0,18,19,3,7,0,0,8,0,0,0,0,1,1,6,6,1,60,9,-1,-1,-1,-1,6,E01003862,0,-1
2021440155760,2021,440155760,1,9,0,18,19,4,8,0,0,0,0,0,0,0,4,1,6,6,3,-1,-1,-1,-1,-1,-1,-1,-1,0,-1
2021421097920,2021,421097920,2,1,0,16,19,5,3,0,0,1,1,0,0,0,1,1,6,6,1,41,7,-1,-1,-1,-1,6,E01002380,0,-1
2021161047225,2021,161047225,1,2,0,13,13,4,8,0,0,0,1,0,5,0,2,1,5,6,1,27,6,-1,-1,-1,-1,8,E01013264,0,-1
2021401107812,2021,401107812,2,1,0,18,19,5,1,0,0,4,0,0,0,0,1,1,5,6,2,31,6,-1,-1,-1,-1,4,E01017469,0,-1
2021070773050,2021,070773050,1,9,0,9,9,6,4,0,0,8,0,0,0,0,1,1,6,6,3,-1,-1,-1,-1,-1,-1,-1,-1,0,-1
2021471118011,2021,471118011,1,9,0,18,19,3,7,0,0,0,0,0,0,0,1,1,6,6,1,-1,-1,-1,-1,-1,-1,4,E01031428,0,-1
2021131114937,2021,131114937,1,9,0,9,9,7,1,0,0,0,0,0,0,0,1,1,1,1,2,52,8,-1,-1,-1,-1,3,E01011343,0,-1
2021302100071,2021,302100071,1,1,0,18,19,4,6,0,0,3,0,0,0,0,2,1,6,6,1,46,8,-1,-1,-1,-1,9,E01019825,0,-1
2021052102020,2021,052102020,1,9,0,18,19,3,7,0,0,8,0,0,0,0,4,1,6,6,3,-1,-1,-1,-1,-1,-1,-1,-1,0,-1
202160Z070102,2021,60Z070102,1,9,0,17,19,6,2,0,0,2,1,0,2,11,1,1,6,6,2,21,5,-1,-1,-1,-1,-1,-1,0,-1
2021991114481,2021,991114481,1,5,0,17,19,2,6,0,0,0,0,0,0,0,3,1,1,1,1,43,7,-1,-1,-1,-1,10,-1,0,-1
202163A045321,2021,63A045321,1,9,0,18,19,3,7,0,0,1,0,0,0,0,1,1,6,6,1,33,6,-1,-1,-1,-1,3,W01000654,0,-1
20211383T1065,2021,1383T1065,1,9,0,18,19,3,7,0,0,0,0,0,0,0,1,1,6,6,3,-1,-1,-1,-1,-1,-1,-1,-1,0,-1
2021522104445,2021,522104445,2,-1,0,18,19,2,6,0,0,8,0,0,0,0,1,1,6,6,2,20,4,-1,-1,-1,-1,8,E01014553,1,-1
2021141069065,2021,141069065,2,1,0,18,19,2,6,4,4,0,5,0,0,0,3,1,6,6,1,50,8,-1,-1,-1,-1,1,E01007534,0,-1
2021421058185,2021,421058185,2,9,0,18,19,5,1,0,0,3,0,0,0,0,3,1,6,6,1,37,7,-1,-1,-1,-1,9,E01023500,0,-1
202134NNC7301,2021,34NNC7301,2,1,0,18,19,3,7,0,0,0,0,0,0,0,2,1,1,1,1,41,7,-1,-1,-1,-1,9,E01027080,0,-1
2021991094223,2021,991094223,1,9,0,18,19,4,8,0,0,0,0,0,0,0,1,1,6,6,1,35,6,-1,-1,-1,-1,2,-1,0,-1
2021421125979,2021,421125979,2,9,0,1,1,7,1,0,0,0,5,0,0,0,3,1,6,6,1,48,8,-1,-1,-1,-1,3,E01021312,0,-1
2021411043812,2021,411043812,2,1,0,18,19,5,1,0,0,8,0,0,0,0,1,1,6,6,1,57,9,-1,-1,-1,-1,8,E01023893,0,-1
2021991068300,2021,991068300,1,1,0,18,19,6,2,0,0,6,0,0,0,0,4,1,5,6,1,62,9,-1,-1,-1,-1,7,-1,0,-1
2021010314835,2021,010314835,2,9,0,99,99,9,9,99,99,9,9,99,9,99,1,9,6,6,3,-1,-1,-1,-1,-1,-1,-1,-1,0,-1
2021302100917,2021,302100917,1,8,0,5,5,5,1,0,0,0,0,0,0,0,0,2,1,1,3,-1,-1,-1,-1,-1,-1,5,E01019456,0,-1
2021543961821,2021,543961821,2,9,0,18,19,4,8,0,0,0,0,0,0,0,1,1,2,2,1,48,8,-1,-1,-1,-1,7,E01032073,0,-1
2021061061185,2021,061061185,2,9,0,18,19,1,7,0,0,0,0,0,0,0,4,1,6,6,1,31,6,-1,-1,-1,-1,-1,-1,0,-1
2021522101504,2021,522101504,2,9,0,5,5,7,3,0,0,8,0,0,0,0,1,1,6,6,2,35,6,-1,-1,-1,-1,-1,-1,0,-1
202163D067521,2021,63D067521,1,9,0,18,19,4,8,0,0,0,5,0,7,10,1,1,6,6,1,85,11,-1,-1,-1,-1,6,W01000433,0,-1
2021010337175,2021,010337175,2,9,0,99,99,9,9,99,99,9,9,99,9,99,9,9,6,6,3,-1,-1,-1,-1,-1,-1,-1,-1,0,-1
2021201131954,2021,201131954,3,9,0,18,19,2,6,0,0,8,0,0,0,0,2,1,6,6,3,-1,-1,-1,-1,-1,-1,-1,-1,0,-1
2021201063578,2021,201063578,1,9,0,14,14,1,4,0,0,0,0,0,0,0,1,1,1,1,1,49,8,-1,-1,-1,-1,2,E01000221,0,-1
2021041028338,2021,041028338,3,1,0,18,19,1,5,0,0,1,0,0,0,0,1,1,6,6,1,17,4,-1,-1,-1,-1,2,E01025060,0,-1
202160Z046337,2021,60Z046337,1,5,0,16,19,1,4,0,0,0,0,12,0,0,1,1,6,6,1,37,7,-1,-1,-1,-1,-1,-1,0,-1
2021010297316,2021,010297316,2,1,0,9,9,1,7,9,9,2,1,4,1,0,1,1,6,6,1,23,5,-1,-1,-1,-1,4,E01002441,0,-1
2021010321914,2021,010321914,2,1,0,4,4,7,3,0,0,1,0,0,0,0,1,1,2,2,1,23,5,-1,-1,-1,-1,6,E01004474,0,-1
2021302101836,2021,302101836,2,1,0,18,19,2,6,0,0,8,0,0,0,0,1,1,6,6,1,52,8,-1,-1,-1,-1,7,E01019716,0,-1
2021430003409,2021,430003409,1,9,0,1,1,4,2,0,0,6,0,0,0,0,2,1,6,6,1,-1,-1,-1,-1,-1,-1,3,E01016353,0,-1