collision_index,collision_year,collision_ref_no,vehicle_reference,vehicle_type,towing_and_articulation,vehicle_manoeuvre_historic,vehicle_manoeuvre,vehicle_direction_from,vehicle_direction_to,vehicle_location_restricted_lane_historic,vehicle_location_restricted_lane,junction_location,skidding_and_overturning,hit_object_in_carriageway,vehicle_leaving_carriageway,hit_object_off_carriageway,first_point_of_impact,vehicle_left_hand_drive,journey_purpose_of_driver_historic,journey_purpose_of_driver,sex_of_driver,age_of_driver,age_band_of_driver,engine_capacity_cc,propulsion_code,age_of_vehicle,generic_make_model,driver_imd_decile,lsoa_of_driver,escooter_flag,driver_distance_banding
2021421023473,2021,421023473,1,19,0,9,9,1,4,0,0,1,0,0,0,0,1,1,6,6,1,30,6,-1,-1,-1,-1,-1,-1,0,-1
2021041038591,2021,041038591,2,1,0,17,19,3,1,0,0,8,0,0,0,0,1,1,6,6,1,81,11,-1,-1,-1,-1,6,E01025608,0,-1
2021430024811,2021,430024811,1,9,0,18,19,3,7,0,0,0,0,8,0,0,4,1,6,6,1,-1,-1,-1,-1,-1,-1,-1,-1,0,-1
2021141033016,2021,141033016,2,1,0,18,19,5,2,0,0,8,0,0,0,0,1,1,6,6,1,14,3,-1,-1,-1,-1,2,E01007535,0,-1
2021522104649,2021,522104649,1,1,0,18,19,7,3,0,0,0,0,0,0,0,1,1,6,6,1,25,5,-1,-1,-1,-1,3,E01014673,0,-1
2021991022053,2021,991022053,1,1,0,18,19,6,2,0,0,0,2,0,0,0,4,1,5,6,1,72,10,-1,-1,-1,-1,5,-1,0,-1
2021010334682,2021,010334682,2,9,0,9,9,3,1,0,0,8,0,0,0,0,1,1,6,6,3,-1,-1,-1,-1,-1,-1,-1,-1,0,-1
2021070108834,2021,070108834,1,9,0,11,11,3,7,0,0,0,0,2,0,0,1,1,6,6,3,-1,-1,-1,-1,-1,-1,-1,-1,0,-1
2021010302780,2021,010302780,2,1,0,18,19,1,5,0,0,8,0,0,0,0,3,1,2,2,1,42,7,-1,-1,-1,-1,5,E01004517,0,-1
2021361015917,2021,361015917,2,9,0,4,4,7,1,0,0,4,0,0,0,0,3,1,5,6,2,30,6,-1,-1,-1,-1,2,E01026803,0,-1
2021622100554,2021,622100554,1,1,0,18,19,4,8,0,0,8,0,0,0,0,1,1,6,6,1,46,8,-1,-1,-1,-1,9,W01001773,0,-1
2021111066013,2021,111066013,1,9,0,9,9,5,7,0,0,2,0,0,0,0,1,1,6,6,3,-1,-1,-1,-1,-1,-1,-1,-1,0,-1
2021010342668,2021,010342668,1,1,9,99,99,9,9,99,99,9,9,99,9,99,9,1,6,6,1,54,8,-1,-1,-1,-1,4,E01003690,0,-1
2021610015421,2021,610015421,1,9,0,9,9,1,6,9,9,5,0,0,0,0,1,1,2,2,1,27,6,-1,-1,-1,-1,-1,-1,0,-1
2021141127927,2021,141127927,1,9,0,17,19,5,1,0,0,0,0,0,0,0,3,1,6,6,3,99,11,-1,-1,-1,-1,-1,-1,0,-1
2021010338997,2021,010338997,2,1,0,18,19,5,1,0,0,1,0,0,0,0,4,1,2,2,1,35,6,-1,-1,-1,-1,6,E01001266,0,-1
2021421049791,2021,421049791,2,9,0,7,7,8,2,0,0,8,0,0,0,0,1,1,1,1,2,48,8,-1,-1,-1,-1,10,E01021559,0,-1
2021010312325,2021,010312325,2,1,0,5,5,5,1,0,0,6,5,0,0,0,4,1,2,2,2,25,5,-1,-1,-1,-1,3,E01004006,0,-1
202163C053521,2021,63C053521,2,9,0,18,19,6,2,0,0,8,1,0,1,10,1,1,6,6,1,32,6,-1,-1,-1,-1,7,W01000565,0,-1
202131C072121,2021,31C072121,2,1,0,18,19,8,4,0,0,8,0,0,0,0,1,1,6,6,1,16,4,-1,-1,-1,-1,2,E01013834,0,-1
2021010316352,2021,010316352,2,1,0,18,19,3,7,0,0,0,9,0,0,0,1,1,6,6,1,-1,-1,-1,-1,-1,-1,8,E01003426,0,-1
2021522105151,2021,522105151,1,1,0,18,19,2,5,0,0,8,0,0,0,0,3,1,6,6,1,22,5,-1,-1,-1,-1,3,E01014695,0,-1
2021131104299,2021,131104299,1,97,0,5,5,6,2,0,0,0,1,0,0,0,1,1,6,6,3,-1,-1,-1,-1,-1,-1,-1,-1,0,-1
2021501109125,2021,501109125,2,9,0,18,19,4,8,0,0,8,1,0,0,0,1,1,1,1,1,39,7,-1,-1,-1,-1,5,E01018992,0,-1
2021122100796,2021,122100796,1,1,0,10,10,1,3,0,0,1,0,0,0,0,4,1,6,6,1,48,8,-1,-1,-1,-1,10,E01027561,0,-1
2021332100755,2021,332100755,1,9,0,18,19,2,6,0,0,6,0,0,0,0,4,1,6,6,2,42,7,-1,-1,-1,-1,8,E01025637,0,-1
2021361070288,2021,361070288,2,1,0,18,19,1,5,0,0,0,0,0,0,0,1,1,5,6,2,8,2,-1,-1,-1,-1,6,E01033036,0,-1
2021101036566,2021,101036566,2,1,-1,-1,-1,-1,-1,-1,-1,0,-1,-1,-1,0,-1,1,6,6,1,58,9,-1,-1,-1,-1,-1,-1,0,-1
2021520201661,2021,520201661,1,9,0,9,9,2,8,9,9,3,0,0,0,0,1,1,6,6,1,32,6,-1,-1,-1,-1,7,E01029060,0,-1
2021351040435,2021,351040435,2,1,0,18,19,5,1,0,0,0,0,0,0,0,1,1,6,6,2,31,6,-1,-1,-1,-1,5,E01017997,0,-1
2021010307848,2021,010307848,1,19,0,18,19,7,3,0,0,0,0,0,0,0,1,1,1,1,1,39,7,-1,-1,-1,-1,3,E01021859,0,-1
2021010352118,2021,010352118,2,9,9,99,99,9,9,99,99,9,9,99,9,99,9,9,6,6,3,-1,-1,-1,-1,-1,-1,-1,-1,0,-1
2021461044041,2021,461044041,2,9,0,4,4,1,5,0,0,0,0,0,0,0,2,1,1,1,1,29,6,-1,-1,-1,-1,6,E01024052,0,-1
2021052100544,2021,052100544,1,90,0,18,19,8,4,0,0,0,0,0,0,0,1,1,6,6,3,-1,-1,-1,-1,-1,-1,-1,-1,0,-1
2021141091202,2021,141091202,2,-1,0,18,19,4,8,9,9,8,0,0,4,0,3,1,6,6,1,12,3,-1,-1,-1,-1,7,E01008087,1,-1
2021010333723,2021,010333723,2,9,0,99,99,9,9,99,99,9,9,99,9,99,9,9,6,6,3,-1,-1,-1,-1,-1,-1,-1,-1,0,-1
2021461045023,2021,461045023,1,19,0,18,19,7,3,0,0,1,0,0,0,0,1,1,5,6,3,-1,-1,-1,-1,-1,-1,-1,-1,0,-1
2021141116269,2021,141116269,2,9,0,13,13,2,6,0,0,0,0,0,0,0,4,1,6,6,3,-1,-1,-1,-1,-1,-1,-1,-1,0,-1
2021221030679,2021,221030679,2,1,0,18,19,4,8,0,0,8,0,0,0,0,2,1,2,2,1,18,4,-1,-1,-1,-1,2,E01032470,0,-1
2021991025481,2021,991025481,2,1,0,14,14,3,6,0,0,0,0,0,0,0,1,1,5,6,2,35,6,-1,-1,-1,-1,6,-1,0,-1
2021430436848,2021,430436848,2,9,0,18,19,5,1,0,0,0,0,0,0,0,4,1,6,6,3,-1,-1,-1,-1,-1,-1,-1,-1,0,-1
2021471088909,2021,471088909,1,1,0,18,19,4,8,0,0,0,0,0,0,0,1,1,6,6,1,-1,-1,-1,-1,-1,-1,-1,-1,0,-1
2021052100978,2021,052100978,1,1,0,18,19,8,4,0,0,0,0,0,0,0,3,1,6,6,1,-1,-1,-1,-1,-1,-1,-1,-1,0,-1
2021451061779,2021,451061779,2,9,0,4,4,1,1,0,0,0,0,0,0,0,2,1,5,6,2,37,7,-1,-1,-1,-1,2,E01026476,0,-1
2021010310421,2021,010310421,1,1,9,99,99,9,9,99,99,9,9,99,9,99,9,1,6,6,1,23,5,-1,-1,-1,-1,5,E01002083,0,-1
2021471063212,2021,471063212,2,1,0,18,19,7,3,0,0,8,0,0,0,0,4,1,2,2,1,33,6,-1,-1,-1,-1,3,E01031783,0,-1
2021052102098,2021,052102098,2,1,0,18,19,7,3,0,0,0,0,0,0,0,3,1,2,2,2,37,7,-1,-1,-1,-1,1,E01006699,0,-1
2021430127843,2021,430127843,2,1,0,18,19,7,3,0,0,1,0,0,0,0,1,1,4,7,1,14,3,-1,-1,-1,-1,2,E01016718,0,-1
202163C094821,2021,63C094821,2,9,0,4,4,2,6,0,0,2,0,0,0,0,2,1,6,6,2,33,6,-1,-1,-1,-1,5,W01000593,0,-1
2021421104868,2021,421104868,1,9,0,3,3,3,1,0,0,1,0,0,0,0,3,1,6,6,2,-1,-1,-1,-1,-1,-1,-1,-1,0,-1
2021430256143,2021,430256143,2,9,0,4,4,8,4,0,0,4,0,0,0,0,2,1,6,6,3,-1,-1,-1,-1,-1,-1,-1,-1,0,-1
2021010332111,2021,010332111,1,9,0,99,99,9,9,99,99,9,9,99,9,99,2,9,6,6,1,33,6,-1,-1,-1,-1,2,E01002703,0,-1
20211381M1008,2021,1381M1008,3,9,0,18,19,5,1,0,0,0,0,0,0,0,2,1,6,6,1,53,8,-1,-1,-1,-1,5,E01011263,0,-1
2021430197447,2021,430197447,2,9,0,2,2,0,0,0,0,0,0,0,0,0,2,1,6,6,3,-1,-1,-1,-1,-1,-1,-1,-1,0,-1
2021302100413,2021,302100413,1,9,0,1,1,0,0,0,0,1,0,0,0,0,2,1,6,6,3,-1,-1,-1,-1,-1,-1,5,E01019456,0,-1
202160Z157485,2021,60Z157485,1,9,4,18,19,7,3,0,0,6,0,0,0,0,0,1,1,1,1,40,7,-1,-1,-1,-1,-1,-1,0,-1
2021010349401,2021,010349401,1,19,0,18,19,8,4,0,0,1,0,0,0,0,3,1,2,2,1,29,6,-1,-1,-1,-1,6,E01003153,0,-1
2021411070723,2021,411070723,2,1,0,18,19,6,2,0,0,1,0,0,0,0,1,1,6,6,2,61,9,-1,-1,-1,-1,7,E01023963,0,-1
2021544145421,2021,544145421,2,9,0,8,8,7,1,0,0,8,0,0,0,0,1,1,6,6,1,31,6,-1,-1,-1,-1,4,E01015492,0,-1
2021351100757,2021,351100757,2,1,0,18,19,3,7,0,0,8,0,0,0,0,1,1,5,6,2,44,7,-1,-1,-1,-1,6,E01018036,0,-1
2021101035265,2021,101035265,1,9,0,13,13,5,1,0,0,3,0,0,0,0,1,1,6,6,1,30,6,-1,-1,-1,-1,-1,-1,0,-1
2021101091493,2021,101091493,2,9,0,18,19,4,8,0,0,0,0,0,0,0,0,1,6,6,3,18,4,-1,-1,-1,-1,-1,-1,0,-1
2021010345143,2021,010345143,2,-1,0,18,19,8,4,0,0,0,0,0,0,0,2,1,6,6,1,23,5,-1,-1,-1,-1,2,E01004044,1,-1
2021101106593,2021,101106593,1,1,0,18,19,7,3,0,0,0,5,0,0,0,1,1,6,6,1,-1,-1,-1,-1,-1,-1,-1,-1,0,-1
2021122100962,2021,122100962,2,1,0,18,19,7,3,0,0,0,0,0,0,0,3,1,6,6,1,51,8,-1,-1,-1,-1,6,E01013369,0,-1
2021122101222,2021,122101222,1,1,0,14,14,5,1,0,0,0,0,0,0,0,1,1,2,2,1,18,4,-1,-1,-1,-1,10,E01013436,0,-1
2021440123009,2021,440123009,2,9,0,18,19,4,8,0,0,8,0,0,0,0,1,1,6,6,1,25,5,-1,-1,-1,-1,3,E01017089,0,-1
2021371044764,2021,371044764,1,19,0,18,19,6,2,0,0,0,5,0,1,0,1,1,2,2,1,48,8,-1,-1,-1,-1,6,E01030134,0,-1
2021501065228,2021,501065228,2,1,0,2,2,5,1,0,0,0,0,0,0,0,1,1,5,6,2,61,9,-1,-1,-1,-1,7,E01020233,0,-1
2021122100616,2021,122100616,2,1,0,5,5,1,5,0,0,1,0,0,0,0,1,1,6,6,1,23,5,-1,-1,-1,-1,4,E01002785,0,-1
2021070398226,2021,070398226,1,9,0,4,4,6,2,0,0,1,0,0,0,0,1,1,6,6,2,-1,-1,-1,-1,-1,-1,-1,-1,0,-1
2021471114922,2021,471114922,2,1,0,18,19,6,2,0,0,4,0,0,0,0,4,1,2,2,1,45,7,-1,-1,-1,-1,5,E01031498,0,-1
2021010331736,2021,010331736,1,1,9,99,99,9,9,99,99,1,9,99,9,99,1,1,2,2,1,23,5,-1,-1,-1,-1,5,E01003640,0,-1
202160Z036486,2021,60Z036486,1,1,0,12,12,3,7,0,0,2,0,0,7,0,3,1,6,6,1,15,3,-1,-1,-1,-1,-1,-1,0,-1
2021010294866,2021,010294866,2,9,0,4,4,1,5,0,0,1,0,0,0,0,1,1,6,6,1,20,4,-1,-1,-1,-1,-1,-1,0,-1
2021052100336,2021,052100336,2,1,0,18,19,3,7,0,0,0,0,0,1,0,1,1,2,2,1,40,7,-1,-1,-1,-1,1,E01006658,0,-1
2021430464778,2021,430464778,1,1,0,18,19,5,1,0,0,8,0,0,0,0,1,1,6,6,1,17,4,-1,-1,-1,-1,6,E01016398,0,-1
2021430519713,2021,430519713,2,1,0,18,19,4,8,0,0,8,0,0,0,0,3,1,2,2,1,50,8,-1,-1,-1,-1,8,E01028547,0,-1
2021552200250,2021,552200250,1,22,0,18,19,5,1,9,9,0,0,0,0,0,1,1,6,6,2,67,10,-1,-1,-1,-1,1,E01005758,0,-1
2021052101228,2021,052101228,1,1,0,18,19,5,1,0,0,8,0,0,0,0,4,1,6,6,1,16,4,-1,-1,-1,-1,10,E01025475,0,-1
202131B005321,2021,31B005321,2,1,0,18,19,5,1,0,0,8,0,0,0,0,1,1,6,6,1,52,8,-1,-1,-1,-1,10,E01028216,0,-1
202106X078954,2021,06X078954,2,9,0,18,19,2,6,0,0,0,0,0,0,0,2,1,6,6,1,27,6,-1,-1,-1,-1,2,E01009263,0,-1
2021041104400,2021,041104400,1,9,0,7,7,3,7,0,0,1,0,0,0,0,1,1,6,6,1,64,9,-1,-1,-1,-1,1,E01012749,0,-1
2021451047360,2021,451047360,2,9,0,2,2,1,1,0,0,0,0,0,0,0,3,1,6,6,1,52,8,-1,-1,-1,-1,7,E01004149,0,-1
2021520103269,2021,520103269,2,9,0,9,9,2,8,0,0,1,0,0,0,0,1,1,6,6,2,30,6,-1,-1,-1,-1,-1,-1,0,-1
2021010300372,2021,010300372,1,1,9,99,99,9,9,99,99,9,9,99,9,99,1,1,2,2,2,40,7,-1,-1,-1,-1,4,E01001883,0,-1
2021430245977,2021,430245977,1,9,0,5,5,4,8,0,0,0,0,0,0,0,3,1,6,6,1,52,8,-1,-1,-1,-1,7,E01028678,0,-1
2021440090924,2021,440090924,2,9,0,17,19,3,1,0,0,8,0,0,0,0,3,1,6,6,1,34,6,-1,-1,-1,-1,10,E01022662,0,-1
2021440223675,2021,440223675,1,1,0,18,19,1,5,0,0,8,0,0,0,0,1,1,6,6,1,59,9,-1,-1,-1,-1,8,E01022667,0,-1
2021520104572,2021,520104572,1,9,0,18,19,6,2,0,0,0,0,0,0,0,1,1,6,6,1,29,6,-1,-1,-1,-1,7,E01029055,0,-1
2021010339452,2021,010339452,2,1,0,13,13,5,1,0,0,8,0,0,0,0,4,1,6,6,2,57,9,-1,-1,-1,-1,3,E01004677,0,-1
202134WNC4451,2021,34WNC4451,2,1,0,9,9,5,3,0,0,6,0,0,0,0,2,1,6,6,2,69,10,-1,-1,-1,-1,7,E01027010,0,-1
2021622100974,2021,622100974,2,1,0,18,19,2,6,0,0,8,0,0,0,0,1,1,6,6,1,29,6,-1,-1,-1,-1,7,W01001716,0,-1
2021461018109,2021,461018109,1,9,0,18,19,1,5,0,0,0,0,0,0,0,1,1,6,6,3,-1,-1,-1,-1,-1,-1,-1,-1,0,-1
2021010345861,2021,010345861,2,1,0,9,9,7,5,0,0,6,0,0,0,0,3,1,6,6,1,47,8,-1,-1,-1,-1,5,E01001271,0,-1
2021332100472,2021,332100472,1,9,0,10,10,3,1,0,0,1,0,0,0,0,3,1,6,6,2,44,7,-1,-1,-1,-1,10,E01009827,0,-1
2021201033393,2021,201033393,1,9,0,17,19,4,1,0,0,0,1,0,0,0,1,1,6,6,1,30,6,-1,-1,-1,-1,5,E01009295,0,-1
2021522201134,2021,522201134,2,1,0,18,19,1,5,0,0,0,0,0,0,0,4,1,6,6,1,39,7,-1,-1,-1,-1,2,E01014828,0,-1
2021440016508,2021,440016508,2,9,0,18,19,6,2,0,0,0,0,0,0,0,3,1,6,6,1,32,6,-1,-1,-1,-1,8,E01022815,0,-1
2021122101223,2021,122101223,2,-1,0,18,19,3,1,5,5,0,0,0,0,0,1,1,6,6,3,-1,-1,-1,-1,-1,-1,-1,-1,1,-1
2021610017121,2021,610017121,1,9,0,5,5,2,5,0,0,4,0,0,0,0,1,1,6,6,1,63,9,-1,-1,-1,-1,-1,-1,0,-1
2021430170176,2021,430170176,2,3,0,18,19,6,2,0,0,8,0,0,0,0,1,1,1,1,1,22,5,-1,-1,-1,-1,7,E01028562,0,-1
2021010349676,2021,010349676,2,10,0,9,9,3,1,0,0,5,0,0,0,0,1,1,1,1,1,56,9,-1,-1,-1,-1,8,E01001541,0,-1
2021471052280,2021,471052280,2,97,0,5,5,5,3,0,0,0,0,0,0,0,1,1,5,6,1,19,4,-1,-1,-1,-1,6,E01021152,0,-1
202131D176521,2021,31D176521,1,9,0,9,9,5,2,0,0,6,0,0,0,0,0,1,6,6,3,-1,-1,-1,-1,-1,-1,-1,-1,0,-1
2021501048322,2021,501048322,2,1,0,18,19,5,1,0,0,8,0,0,0,0,4,1,5,6,1,27,6,-1,-1,-1,-1,7,E01020085,0,-1
2021361065735,2021,361065735,1,1,0,18,19,3,8,4,4,1,5,0,0,0,3,1,5,6,2,19,4,-1,-1,-1,-1,6,E01033541,0,-1
2021332100441,2021,332100441,2,9,0,18,19,6,2,0,0,1,0,0,0,0,4,1,6,6,2,33,6,-1,-1,-1,-1,1,E01013722,0,-1
2021421050659,2021,421050659,1,98,1,11,11,6,3,0,0,0,0,0,0,0,1,1,6,6,3,-1,-1,-1,-1,-1,-1,-1,-1,0,-1
2021991018283,2021,991018283,1,9,0,18,19,2,6,0,0,0,1,0,0,0,1,1,5,6,1,33,6,-1,-1,-1,-1,3,-1,0,-1
2021451054620,2021,451054620,2,1,0,7,7,7,1,0,0,1,0,0,1,0,1,1,5,6,1,58,9,-1,-1,-1,-1,9,E01016575,0,-1
2021461061924,2021,461061924,2,9,0,18,19,7,2,0,0,0,0,0,0,0,1,1,5,6,2,56,9,-1,-1,-1,-1,4,E01024387,0,-1
2021010296843,2021,010296843,1,9,0,4,4,7,3,0,0,8,0,0,0,0,1,1,6,6,3,-1,-1,-1,-1,-1,-1,-1,-1,0,-1
2021332100799,2021,332100799,1,9,0,9,9,2,8,0,0,5,0,0,0,0,1,1,6,6,2,-1,-1,-1,-1,-1,-1,-1,-1,0,-1
2021052101747,2021,052101747,2,1,0,18,19,4,8,0,0,0,0,0,0,0,1,1,6,6,2,56,9,-1,-1,-1,-1,2,E01007026,0,-1
2021010302558,2021,010302558,1,9,0,18,19,3,7,0,0,8,0,0,0,0,1,1,6,6,3,-1,-1,-1,-1,-1,-1,-1,-1,0,-1
2021440444623,2021,440444623,2,3,0,18,19,2,6,0,0,0,0,0,0,0,1,1,1,1,1,23,5,-1,-1,-1,-1,7,E01023046,0,-1
2021010309041,2021,010309041,1,3,0,18,19,7,3,0,0,8,0,0,0,0,0,1,1,1,1,26,6,-1,-1,-1,-1,5,E01003085,0,-1
2021440207313,2021,440207313,2,9,0,12,12,2,1,0,0,8,0,0,0,0,1,1,6,6,3,-1,-1,-1,-1,-1,-1,-1,-1,0,-1
2021010339850,2021,010339850,1,1,0,18,19,5,1,0,0,8,9,0,0,0,9,1,6,6,2,50,8,-1,-1,-1,-1,7,E01001642,0,-1
2021010322638,2021,010322638,2,1,9,99,99,9,9,99,99,1,9,99,9,99,9,1,6,6,2,8,2,-1,-1,-1,-1,4,E01004187,0,-1
2021231109274,2021,231109274,2,1,0,18,19,8,4,0,0,8,1,0,0,0,4,1,5,6,1,53,8,-1,-1,-1,-1,7,E01031335,0,-1
2021010326963,2021,010326963,2,1,0,18,19,7,3,0,0,8,0,0,0,0,1,1,1,1,1,49,8,-1,-1,-1,-1,3,E01002814,0,-1
2021520100575,2021,520100575,1,9,0,18,19,3,7,0,0,0,0,0,1,4,1,1,6,6,1,22,5,-1,-1,-1,-1,5,E01029075,0,-1
2021010304449,2021,010304449,2,1,0,18,19,1,5,0,0,1,0,0,0,0,1,1,2,2,1,38,7,-1,-1,-1,-1,10,E01030395,0,-1
2021430164181,2021,430164181,1,9,0,7,7,2,4,0,0,6,0,0,0,0,4,1,2,2,1,36,7,-1,-1,-1,-1,5,E01028533,0,-1
2021052100497,2021,052100497,2,1,0,9,9,8,6,0,0,6,0,0,0,0,1,1,6,6,1,81,11,-1,-1,-1,-1,6,E01007287,0,-1
202134NNC2001,2021,34NNC2001,2,1,0,18,19,8,4,0,0,8,0,0,0,0,4,1,2,2,1,30,6,-1,-1,-1,-1,5,E01026970,0,-1
2021440351742,2021,440351742,2,1,0,18,19,4,8,0,0,1,0,0,0,0,1,1,6,6,1,25,5,-1,-1,-1,-1,9,E01023263,0,-1
2021041047699,2021,041047699,1,9,0,18,19,3,7,0,0,0,0,0,0,0,1,1,2,2,1,20,4,-1,-1,-1,-1,5,E01012701,0,-1
2021451018061,2021,451018061,2,1,0,18,19,7,3,0,0,1,0,0,0,0,1,1,5,6,2,60,9,-1,-1,-1,-1,9,E01002991,0,-1
2021141030960,2021,141030960,2,97,0,18,19,8,4,0,0,1,0,0,0,0,1,1,6,6,1,11,3,-1,-1,-1,-1,1,E01007629,0,-1
202106J079494,2021,06J079494,2,1,0,18,19,3,7,0,0,0,2,10,0,0,3,1,6,6,1,35,6,-1,-1,-1,-1,8,E01006018,0,-1
2021070460084,2021,070460084,1,9,0,18,19,1,5,0,0,0,5,10,0,0,1,1,6,6,1,18,4,-1,-1,-1,-1,10,E01006137,0,-1
2021161125676,2021,161125676,1,9,0,4,4,5,1,0,0,1,2,0,3,4,3,1,2,2,1,36,7,-1,-1,-1,-1,-1,-1,0,-1
2021991052779,2021,991052779,1,9,0,18,19,3,7,0,0,8,1,0,1,4,1,1,5,6,2,19,4,-1,-1,-1,-1,6,-1,0,-1
2021061131947,2021,061131947,1,9,0,9,9,8,8,0,0,1,0,0,0,0,1,1,5,6,1,36,7,-1,-1,-1,-1,-1,-1,0,-1
2021451028405,2021,451028405,1,9,0,18,19,1,5,0,0,0,0,0,0,0,3,1,2,2,1,29,6,-1,-1,-1,-1,5,E01001271,0,-1
2021010324882,2021,010324882,1,1,0,18,19,7,3,0,0,1,9,0,0,0,1,1,2,2,1,36,7,-1,-1,-1,-1,9,E01002926,0,-1
2021010307338,2021,010307338,1,1,9,99,99,9,9,99,99,9,9,99,9,99,2,1,2,2,2,33,6,-1,-1,-1,-1,1,E01002069,0,-1
202160Z120101,2021,60Z120101,1,9,0,18,19,2,6,0,0,0,2,0,1,11,1,1,6,6,1,20,4,-1,-1,-1,-1,-1,-1,0,-1
2021471120025,2021,471120025,1,9,0,17,19,4,2,0,0,0,0,0,0,0,-1,1,6,6,3,-1,-1,-1,-1,-1,-1,-1,-1,0,-1
2021101086885,2021,101086885,2,1,0,18,19,5,1,0,0,0,0,0,0,0,1,1,5,6,1,6,2,-1,-1,-1,-1,8,E01027425,0,-1
2021010296380,2021,010296380,1,1,0,99,99,9,9,99,99,9,9,99,9,99,9,1,6,6,1,30,6,-1,-1,-1,-1,6,E01033738,0,-1
2021520104572,2021,520104572,2,9,0,18,19,6,2,0,0,0,0,0,0,0,2,1,6,6,1,34,6,-1,-1,-1,-1,1,E01029132,0,-1
202160Z082186,2021,60Z082186,2,1,0,18,19,1,5,0,0,1,0,0,0,0,1,1,6,6,1,14,3,-1,-1,-1,-1,-1,-1,0,-1
2021101080018,2021,101080018,1,9,0,7,7,7,5,9,9,0,0,0,0,0,1,1,6,6,3,16,4,-1,-1,-1,-1,-1,-1,0,-1
2021010313277,2021,010313277,1,1,9,99,99,9,9,99,99,9,9,99,9,99,9,1,6,6,1,21,5,-1,-1,-1,-1,3,E01003275,0,-1
2021010301458,2021,010301458,2,1,0,13,13,1,5,0,0,7,0,4,0,0,1,1,6,6,1,37,7,-1,-1,-1,-1,2,E01001719,0,-1
2021332100310,2021,332100310,1,9,0,7,7,3,5,0,0,5,0,2,0,0,2,1,6,6,1,36,7,-1,-1,-1,-1,8,E01032598,0,-1
2021991113922,2021,991113922,2,1,0,18,19,2,6,0,0,8,0,0,0,0,1,1,6,6,1,39,7,-1,-1,-1,-1,1,-1,0,-1
2021547135421,2021,547135421,5,1,0,18,19,6,2,0,0,0,0,0,0,0,2,1,6,6,1,66,10,-1,-1,-1,-1,9,E01023163,0,-1
2021111043358,2021,111043358,1,1,0,18,19,7,3,0,0,1,1,0,0,0,1,1,5,6,1,46,8,-1,-1,-1,-1,-1,-1,0,-1
2021041121202,2021,041121202,1,9,0,18,19,5,1,0,0,1,0,0,0,0,1,1,2,2,1,30,6,-1,-1,-1,-1,6,E01025546,0,-1
2021361058251,2021,361058251,2,1,0,18,19,1,5,9,9,0,0,0,0,0,3,1,5,6,2,64,9,-1,-1,-1,-1,1,E01018107,0,-1
2021010347729,2021,010347729,2,9,0,99,99,9,9,99,99,0,9,99,9,99,1,9,6,6,3,-1,-1,-1,-1,-1,-1,-1,-1,0,-1
2021211073272,2021,211073272,1,90,4,3,3,1,5,0,0,0,0,0,0,0,1,1,1,1,1,25,5,-1,-1,-1,-1,-1,-1,0,-1
2021421093756,2021,421093756,2,1,0,18,19,3,7,0,0,0,5,4,0,0,1,1,5,6,1,66,10,-1,-1,-1,-1,-1,-1,0,-1
2021421090378,2021,421090378,2,1,0,17,19,1,5,0,0,8,0,0,0,0,1,1,5,6,1,76,11,-1,-1,-1,-1,7,E01021950,0,-1
2021522103783,2021,522103783,2,1,0,15,15,8,4,0,0,8,0,0,0,0,1,1,6,6,2,32,6,-1,-1,-1,-1,5,E01020127,0,-1
2021320385997,2021,320385997,2,9,0,18,19,3,7,0,0,0,0,4,0,0,1,1,6,6,1,20,4,-1,-1,-1,-1,-1,-1,0,-1
2021461072896,2021,461072896,1,19,0,18,19,1,5,0,0,0,0,0,0,0,1,1,6,6,1,53,8,-1,-1,-1,-1,9,E01024298,0,-1
2021201064075,2021,201064075,1,9,0,4,4,1,5,0,0,0,0,0,0,0,1,1,6,6,2,78,11,-1,-1,-1,-1,6,E01010133,0,-1
2021371019452,2021,371019452,3,1,0,18,19,3,7,0,0,0,0,0,0,0,1,1,6,6,1,15,3,-1,-1,-1,-1,4,E01030115,0,-1
2021041045534,2021,041045534,2,1,0,18,19,5,1,0,0,0,0,0,0,0,2,1,2,2,1,62,9,-1,-1,-1,-1,-1,-1,0,-1
202106J079090,2021,06J079090,2,9,0,18,19,6,2,0,0,1,0,0,0,0,1,1,6,6,3,30,6,-1,-1,-1,-1,-1,-1,0,-1
2021991075438,2021,991075438,1,1,0,18,19,5,1,0,0,1,0,0,0,0,1,1,5,6,1,28,6,-1,-1,-1,-1,9,-1,0,-1
2021010310643,2021,010310643,2,1,0,18,19,5,1,0,0,1,0,0,0,0,1,1,6,6,1,54,8,-1,-1,-1,-1,7,E01003817,0,-1
2021010287607,2021,010287607,2,9,0,9,9,3,8,0,0,1,0,0,0,0,1,1,6,6,3,-1,-1,-1,-1,-1,-1,-1,-1,0,-1
2021161087173,2021,161087173,2,1,0,18,19,4,2,0,0,0,0,0,0,0,1,1,6,6,1,14,3,-1,-1,-1,-1,8,E01013123,0,-1
2021610056221,2021,610056221,2,9,0,2,2,0,0,0,0,0,0,0,0,0,2,1,6,6,1,47,8,-1,-1,-1,-1,-1,-1,0,-1
2021520103629,2021,520103629,2,9,0,9,9,3,1,0,0,8,0,0,0,0,1,1,6,6,1,30,6,-1,-1,-1,-1,8,E01029089,0,-1
2021231053432,2021,231053432,3,21,1,12,12,7,3,0,0,0,0,0,0,0,3,1,1,1,1,45,7,-1,-1,-1,-1,-1,-1,0,-1
2021131076625,2021,131076625,2,1,0,18,19,1,5,0,0,1,0,0,0,0,1,1,6,6,3,-1,-1,-1,-1,-1,-1,-1,-1,0,-1
2021231020353,2021,231020353,1,21,1,5,5,6,1,0,0,4,0,0,0,0,3,1,1,1,1,46,8,-1,-1,-1,-1,-1,-1,0,-1
2021461101382,2021,461101382,1,11,0,18,19,5,1,0,0,0,0,0,0,0,1,1,6,6,1,52,8,-1,-1,-1,-1,4,E01001694,0,-1
2021010322675,2021,010322675,3,-1,0,18,19,3,7,0,0,0,0,0,0,0,1,1,6,6,1,41,7,-1,-1,-1,-1,1,E01002673,1,-1
2021332100839,2021,332100839,2,9,0,9,9,6,5,0,0,5,0,0,0,0,3,1,2,2,2,28,6,-1,-1,-1,-1,9,E01025638,0,-1