collision_index,collision_year,collision_ref_no,vehicle_reference,vehicle_type,towing_and_articulation,vehicle_manoeuvre_historic,vehicle_manoeuvre,vehicle_direction_from,vehicle_direction_to,vehicle_location_restricted_lane_historic,vehicle_location_restricted_lane,junction_location,skidding_and_overturning,hit_object_in_carriageway,vehicle_leaving_carriageway,hit_object_off_carriageway,first_point_of_impact,vehicle_left_hand_drive,journey_purpose_of_driver_historic,journey_purpose_of_driver,sex_of_driver,age_of_driver,age_band_of_driver,engine_capacity_cc,propulsion_code,age_of_vehicle,generic_make_model,driver_imd_decile,lsoa_of_driver,escooter_flag,driver_distance_banding
2021010341078,2021,010341078,2,9,0,99,99,9,9,99,99,9,9,99,9,99,9,9,6,6,3,-1,-1,-1,-1,-1,-1,-1,-1,0,-1
2021430443349,2021,430443349,1,9,0,3,3,8,4,0,0,0,0,0,0,0,2,1,1,1,2,36,7,-1,-1,-1,-1,7,E01016383,0,-1
2021211054439,2021,211054439,1,11,0,16,19,7,2,0,0,0,0,0,0,0,1,1,1,1,3,-1,-1,-1,-1,-1,-1,-1,-1,0,-1
2021041054858,2021,041054858,1,9,0,18,19,5,1,0,0,8,0,0,0,0,1,1,6,6,3,-1,-1,-1,-1,-1,-1,-1,-1,0,-1
2021440323386,2021,440323386,1,9,0,7,7,5,1,0,0,1,0,0,0,0,4,1,6,6,3,-1,-1,-1,-1,-1,-1,-1,-1,0,-1
2021131062542,2021,131062542,2,9,0,16,19,3,7,0,0,0,0,-1,0,0,-1,1,6,6,3,-1,-1,-1,-1,-1,-1,-1,-1,0,-1
2021010288040,2021,010288040,1,9,9,99,99,9,9,99,99,9,9,99,9,99,9,9,6,6,3,-1,-1,-1,-1,-1,-1,-1,-1,0,-1
2021010292809,2021,010292809,1,1,9,99,99,9,9,99,99,9,9,99,9,99,1,1,6,6,1,38,7,-1,-1,-1,-1,1,E01001458,0,-1
2021010329705,2021,010329705,1,1,9,99,99,9,9,99,99,0,9,99,9,99,9,1,6,6,1,-1,-1,-1,-1,-1,-1,8,E01004511,0,-1
2021501108595,2021,501108595,2,19,0,18,19,5,1,0,0,3,0,0,0,0,4,1,5,6,2,29,6,-1,-1,-1,-1,4,E01018922,0,-1
2021201120563,2021,201120563,1,9,0,9,9,4,2,0,0,5,0,7,0,0,3,1,6,6,1,-1,-1,-1,-1,-1,-1,-1,-1,0,-1
2021010328032,2021,010328032,1,1,9,99,99,9,9,99,99,9,9,99,9,99,2,1,2,2,1,27,6,-1,-1,-1,-1,2,E01001795,0,-1
2021010325221,2021,010325221,1,1,9,99,99,9,9,99,99,9,9,99,9,99,1,1,6,6,1,45,7,-1,-1,-1,-1,5,E01001962,0,-1
2021010294954,2021,010294954,1,-1,0,17,19,4,2,0,0,8,0,0,1,0,1,1,6,6,3,-1,-1,-1,-1,-1,-1,-1,-1,1,-1
2021430164240,2021,430164240,2,3,0,14,14,6,2,0,0,8,0,0,0,0,1,1,1,1,1,20,4,-1,-1,-1,-1,9,E01016679,0,-1
2021010348280,2021,010348280,1,1,0,18,19,1,5,0,0,8,0,0,0,0,3,1,2,2,2,36,7,-1,-1,-1,-1,3,E01004373,0,-1
2021610011521,2021,610011521,2,9,0,18,19,1,0,0,0,1,0,0,0,0,0,1,6,6,1,37,7,-1,-1,-1,-1,-1,-1,0,-1
2021411114024,2021,411114024,1,9,0,9,9,7,8,6,6,0,0,0,0,0,3,1,1,1,1,40,7,-1,-1,-1,-1,2,E01001734,0,-1
2021451053682,2021,451053682,2,1,0,18,19,1,3,0,0,0,0,0,0,0,1,1,6,6,1,19,4,-1,-1,-1,-1,9,E01030669,0,-1
2021201116581,2021,201116581,1,9,0,18,19,8,4,0,0,8,0,0,0,0,3,1,6,6,1,-1,-1,-1,-1,-1,-1,-1,-1,0,-1
2021461073079,2021,461073079,2,9,0,17,19,3,7,0,0,0,0,0,0,0,0,1,6,6,1,63,9,-1,-1,-1,-1,-1,-1,0,-1
2021010320402,2021,010320402,2,8,0,9,9,6,4,0,0,5,0,0,0,0,1,1,6,6,1,62,9,-1,-1,-1,-1,3,E01000062,0,-1
2021520102379,2021,520102379,2,9,0,18,19,4,8,0,0,0,0,0,1,10,3,1,6,6,1,73,10,-1,-1,-1,-1,7,E01029262,0,-1
2021010287361,2021,010287361,2,1,0,4,4,3,7,5,5,2,0,0,0,0,3,1,2,2,2,28,6,-1,-1,-1,-1,1,E01004272,0,-1
2021610005621,2021,610005621,1,9,0,18,19,6,8,0,0,8,0,0,0,0,4,1,1,1,1,42,7,-1,-1,-1,-1,-1,-1,0,-1
2021221102052,2021,221102052,2,1,0,5,5,1,5,0,0,8,0,0,0,0,1,1,5,6,1,31,6,-1,-1,-1,-1,10,E01028763,0,-1
2021052102855,2021,052102855,2,1,0,18,19,3,7,0,0,8,0,0,0,0,3,1,4,7,1,11,3,-1,-1,-1,-1,1,E01007011,0,-1
2021161084759,2021,161084759,2,97,0,18,19,5,1,0,0,1,0,0,0,0,1,1,6,6,1,26,6,-1,-1,-1,-1,1,E01012878,0,-1
2021141023181,2021,141023181,1,1,0,18,19,3,8,0,0,8,0,0,0,0,2,1,5,6,1,47,8,-1,-1,-1,-1,5,E01007909,0,-1
2021211080817,2021,211080817,1,9,0,4,4,5,8,0,0,0,0,0,0,0,1,1,6,6,1,40,7,-1,-1,-1,-1,10,E01010297,0,-1
2021010341575,2021,010341575,2,9,0,2,2,0,0,0,0,1,0,0,7,11,1,1,6,6,3,-1,-1,-1,-1,-1,-1,-1,-1,0,-1
2021161029602,2021,161029602,1,98,0,18,19,1,5,0,0,0,0,0,0,0,4,1,6,6,3,-1,-1,-1,-1,-1,-1,-1,-1,0,-1
2021430431299,2021,430431299,2,1,0,13,13,6,2,0,0,0,0,0,0,0,4,1,6,6,1,23,5,-1,-1,-1,-1,4,E01002845,0,-1
2021010303550,2021,010303550,2,1,0,18,19,1,5,0,0,0,0,0,0,0,1,1,1,1,1,33,6,-1,-1,-1,-1,1,E01002081,0,-1
2021451088049,2021,451088049,1,9,0,18,19,3,7,0,0,0,0,0,0,0,1,1,2,2,1,62,9,-1,-1,-1,-1,7,E01022938,0,-1
2021430551225,2021,430551225,3,98,0,6,6,4,4,0,0,8,0,0,0,0,0,1,1,1,1,28,6,-1,-1,-1,-1,-1,-1,0,-1
2021101069390,2021,101069390,1,9,-1,-1,-1,-1,-1,-1,-1,-1,-1,-1,-1,0,-1,1,6,6,1,-1,-1,-1,-1,-1,-1,-1,-1,0,-1
202131B075621,2021,31B075621,3,9,0,1,1,3,5,0,0,0,0,4,0,0,2,1,6,6,1,29,6,-1,-1,-1,-1,2,E01028029,0,-1
202163C101221,2021,63C101221,2,21,1,18,19,6,2,0,0,8,0,0,0,0,3,1,1,1,1,37,7,-1,-1,-1,-1,6,W01000674,0,-1
2021052101750,2021,052101750,2,1,0,18,19,3,7,0,0,1,0,0,0,0,1,1,2,2,1,35,6,-1,-1,-1,-1,1,E01006481,0,-1
2021421081520,2021,421081520,3,98,0,18,19,3,8,0,0,0,0,0,0,0,1,2,1,1,1,33,6,-1,-1,-1,-1,-1,-1,0,-1
202160Z023351,2021,60Z023351,2,1,0,18,19,4,8,0,0,1,0,0,0,0,1,1,6,6,1,32,6,-1,-1,-1,-1,-1,-1,0,-1
202160Z140620,2021,60Z140620,1,9,0,16,19,8,3,0,0,0,0,0,0,0,1,1,6,6,1,20,4,-1,-1,-1,-1,-1,-1,0,-1
2021461073817,2021,461073817,1,98,4,18,19,3,7,0,0,0,0,0,0,0,3,1,6,6,1,32,6,-1,-1,-1,-1,-1,-1,0,-1
2021052100887,2021,052100887,1,2,0,18,19,4,8,0,0,1,0,0,0,0,1,1,6,6,1,24,5,-1,-1,-1,-1,1,E01006605,0,-1
2021010307144,2021,010307144,2,-1,0,18,19,8,4,9,9,1,0,0,0,0,1,1,6,6,2,18,4,-1,-1,-1,-1,3,E01000127,1,-1
2021411019263,2021,411019263,2,1,0,18,19,7,3,0,0,4,0,0,0,0,3,1,6,6,2,50,8,-1,-1,-1,-1,5,E01017586,0,-1
2021430170309,2021,430170309,2,17,0,18,19,4,8,0,0,6,0,0,0,0,1,1,1,1,1,45,7,-1,-1,-1,-1,6,E01016588,0,-1
2021332100954,2021,332100954,1,9,0,17,19,5,2,0,0,0,1,0,1,11,1,1,6,6,1,18,4,-1,-1,-1,-1,1,E01013621,0,-1
2021141069633,2021,141069633,2,9,0,4,4,3,3,0,0,1,0,0,0,0,1,1,5,6,3,28,6,-1,-1,-1,-1,-1,-1,0,-1
2021010296455,2021,010296455,2,-1,0,99,99,9,9,0,0,1,0,0,0,0,1,1,6,6,1,44,7,-1,-1,-1,-1,1,E01004005,1,-1
2021440009683,2021,440009683,1,9,0,18,19,5,1,0,0,8,0,0,1,2,1,1,6,6,1,24,5,-1,-1,-1,-1,4,E01017128,0,-1
2021141028816,2021,141028816,2,1,0,18,19,3,7,0,0,2,0,0,0,0,1,1,6,6,1,-1,-1,-1,-1,-1,-1,3,E01007807,0,-1
2021332100534,2021,332100534,1,9,4,13,13,4,8,0,0,0,0,0,0,0,4,1,6,6,1,76,11,-1,-1,-1,-1,9,E01025947,0,-1
2021201062179,2021,201062179,2,-1,0,18,19,6,2,0,0,8,0,0,0,0,3,1,6,6,1,28,6,-1,-1,-1,-1,1,E01008996,1,-1
202134WNC4621,2021,34WNC4621,2,1,0,18,19,7,3,0,0,8,5,0,0,0,4,1,2,2,1,46,8,-1,-1,-1,-1,7,E01027135,0,-1
2021610008121,2021,610008121,1,19,0,18,19,2,6,0,0,1,0,0,0,0,1,1,6,6,3,-1,-1,-1,-1,-1,-1,-1,-1,0,-1
2021201065560,2021,201065560,4,9,0,17,19,4,2,0,0,1,0,0,0,0,1,1,6,6,3,-1,-1,-1,-1,-1,-1,-1,-1,0,-1
2021010350835,2021,010350835,1,8,0,99,99,9,9,99,99,0,9,99,9,99,2,9,6,6,3,-1,-1,-1,-1,-1,-1,-1,-1,0,-1
2021041094802,2021,041094802,1,1,0,18,19,5,1,9,9,1,0,0,0,0,1,1,6,6,1,16,4,-1,-1,-1,-1,2,E01025091,0,-1
2021430024811,2021,430024811,2,19,0,2,2,0,0,0,0,0,0,0,0,0,3,1,2,2,1,22,5,-1,-1,-1,-1,4,E01017667,0,-1
2021041121978,2021,041121978,2,1,0,18,19,5,1,0,0,1,0,0,0,0,3,1,6,6,1,73,10,-1,-1,-1,-1,8,E01025214,0,-1
2021010290927,2021,010290927,1,9,0,99,99,9,9,99,99,9,9,99,9,99,1,9,6,6,3,-1,-1,-1,-1,-1,-1,-1,-1,0,-1
2021332101524,2021,332101524,1,19,0,18,19,3,7,0,0,0,0,0,0,0,0,1,6,6,1,45,7,-1,-1,-1,-1,-1,-1,0,-1
2021010351963,2021,010351963,3,9,0,99,99,9,9,99,99,0,9,99,9,99,9,9,6,6,3,-1,-1,-1,-1,-1,-1,-1,-1,0,-1
2021991024459,2021,991024459,2,1,0,18,19,8,4,0,0,0,0,0,0,0,1,1,2,2,1,39,7,-1,-1,-1,-1,10,-1,0,-1
2021141031527,2021,141031527,1,9,0,18,19,1,6,0,0,8,0,0,0,0,3,1,6,6,3,-1,-1,-1,-1,-1,-1,-1,-1,0,-1
2021471013066,2021,471013066,1,1,0,18,19,1,5,0,0,8,2,0,0,0,1,1,5,6,1,55,8,-1,-1,-1,-1,10,E01021219,0,-1
2021332101027,2021,332101027,1,19,0,9,9,2,8,0,0,5,0,0,0,0,4,1,6,6,1,37,7,-1,-1,-1,-1,8,E01025948,0,-1
2021010290281,2021,010290281,1,1,0,18,19,1,5,0,0,8,0,0,0,0,3,1,6,6,1,59,9,-1,-1,-1,-1,2,E01004090,0,-1
2021471026589,2021,471026589,2,1,0,4,4,5,1,0,0,1,0,0,0,0,1,1,5,6,1,11,3,-1,-1,-1,-1,6,E01031687,0,-1
2021320303300,2021,320303300,1,19,0,13,13,8,4,0,0,2,1,0,7,9,1,1,6,6,1,58,9,-1,-1,-1,-1,5,E01026052,0,-1
202163A011821,2021,63A011821,1,19,0,13,13,7,3,0,0,0,0,0,0,0,4,1,6,6,3,-1,-1,-1,-1,-1,-1,-1,-1,0,-1
2021010301630,2021,010301630,2,9,0,99,99,9,9,99,99,9,9,99,9,99,1,9,6,6,3,-1,-1,-1,-1,-1,-1,-1,-1,0,-1
2021501061085,2021,501061085,2,1,0,13,13,6,2,0,0,0,0,0,0,0,1,1,6,6,1,65,9,-1,-1,-1,-1,5,E01015191,0,-1
2021010297680,2021,010297680,1,1,9,99,99,9,9,99,99,9,9,99,9,99,9,1,6,6,2,48,8,-1,-1,-1,-1,5,E01004225,0,-1
2021010341160,2021,010341160,1,1,0,18,19,1,5,0,0,0,1,0,0,0,0,1,6,6,1,39,7,-1,-1,-1,-1,4,E01002103,0,-1
2021351071387,2021,351071387,2,1,0,18,19,4,8,0,0,0,0,0,0,0,1,1,5,6,1,13,3,-1,-1,-1,-1,3,E01017952,0,-1
2021010318645,2021,010318645,1,1,9,99,99,9,9,99,99,9,9,99,9,99,1,1,6,6,1,27,6,-1,-1,-1,-1,2,E01002807,0,-1
2021991110272,2021,991110272,2,1,0,18,19,5,1,0,0,8,5,0,0,0,1,1,6,6,1,47,8,-1,-1,-1,-1,10,-1,0,-1
2021010334348,2021,010334348,1,19,0,99,99,9,9,99,99,9,9,99,9,99,2,9,6,6,3,-1,-1,-1,-1,-1,-1,-1,-1,0,-1
2021010291649,2021,010291649,1,1,9,99,99,9,9,99,99,9,9,99,9,99,9,1,6,6,2,-1,-1,-1,-1,-1,-1,2,E01000386,0,-1
2021332100519,2021,332100519,1,9,0,1,1,6,2,9,9,5,0,0,0,0,2,1,2,2,1,34,6,-1,-1,-1,-1,3,E01025997,0,-1
2021471083841,2021,471083841,2,1,0,18,19,1,5,0,0,0,0,0,0,0,1,1,6,6,1,42,7,-1,-1,-1,-1,8,E01031356,0,-1
2021440335193,2021,440335193,4,9,0,4,4,7,3,0,0,0,2,0,0,0,4,1,6,6,1,56,9,-1,-1,-1,-1,10,E01023615,0,-1
2021430279385,2021,430279385,1,9,0,17,19,7,4,0,0,0,0,0,0,0,1,1,6,6,1,25,5,-1,-1,-1,-1,3,E01010018,0,-1
202131B160621,2021,31B160621,2,1,0,18,19,4,8,0,0,0,0,0,0,0,3,1,2,2,1,54,8,-1,-1,-1,-1,4,E01028210,0,-1
2021622100583,2021,622100583,2,1,0,18,19,7,3,0,0,8,0,0,0,0,2,1,6,6,1,53,8,-1,-1,-1,-1,9,W01001008,0,-1
2021041034470,2021,041034470,2,1,0,18,19,7,3,0,0,0,0,0,0,0,2,1,5,6,1,18,4,-1,-1,-1,-1,1,E01012754,0,-1
2021131089770,2021,131089770,2,1,0,4,4,1,2,0,0,8,0,0,0,0,1,1,6,6,3,-1,-1,-1,-1,-1,-1,-1,-1,0,-1
2021041028212,2021,041028212,1,1,0,18,19,1,5,0,0,1,0,0,0,0,1,1,6,6,1,15,3,-1,-1,-1,-1,1,E01012671,0,-1
2021010332845,2021,010332845,2,9,9,99,99,9,9,99,99,9,9,99,0,0,9,9,6,6,3,-1,-1,-1,-1,-1,-1,-1,-1,0,-1
2021010334036,2021,010334036,2,9,0,99,99,9,9,99,99,9,9,99,9,99,9,9,6,6,3,-1,-1,-1,-1,-1,-1,-1,-1,0,-1
2021451124398,2021,451124398,2,1,0,18,19,3,1,0,0,8,0,0,0,0,3,1,5,6,2,73,10,-1,-1,-1,-1,9,E01030394,0,-1
2021520200187,2021,520200187,2,9,0,18,19,3,7,0,0,1,0,0,0,0,1,1,6,6,1,56,9,-1,-1,-1,-1,7,E01029063,0,-1
2021010298992,2021,010298992,2,9,0,99,99,9,9,99,99,9,9,99,9,99,1,9,6,6,3,-1,-1,-1,-1,-1,-1,-1,-1,0,-1
2021070652328,2021,070652328,1,9,0,14,14,4,8,0,0,0,0,0,0,0,1,1,6,6,1,81,11,-1,-1,-1,-1,7,E01018372,0,-1
2021451056960,2021,451056960,4,1,0,18,19,2,6,0,0,1,0,0,0,0,0,1,5,6,1,36,7,-1,-1,-1,-1,9,E01002025,0,-1
2021430206658,2021,430206658,1,1,0,18,19,5,1,0,0,0,0,0,0,0,1,1,2,2,1,21,5,-1,-1,-1,-1,3,E01016442,0,-1
2021451036814,2021,451036814,1,98,0,12,12,1,5,0,0,0,0,0,0,0,3,2,1,1,1,49,8,-1,-1,-1,-1,-1,-1,0,-1
2021451077722,2021,451077722,1,1,0,18,19,8,5,0,0,2,0,0,0,0,3,1,5,6,2,24,5,-1,-1,-1,-1,6,E01030555,0,-1
2021010317444,2021,010317444,2,1,0,9,9,6,4,0,0,3,1,0,0,0,1,1,6,6,1,42,7,-1,-1,-1,-1,10,E01002208,0,-1
2021101080976,2021,101080976,1,9,0,5,5,3,6,0,0,0,0,0,0,0,0,1,1,1,1,33,6,-1,-1,-1,-1,-1,-1,0,-1
2021161136108,2021,161136108,1,9,0,4,4,4,8,0,0,1,0,0,0,0,4,1,6,6,2,-1,-1,-1,-1,-1,-1,-1,-1,0,-1
2021061034891,2021,061034891,1,9,0,3,3,7,3,0,0,4,0,0,0,0,1,1,5,6,1,32,6,-1,-1,-1,-1,2,E01006344,0,-1
2021061043038,2021,061043038,2,9,0,18,19,5,7,0,0,0,0,0,0,0,1,1,6,6,3,30,6,-1,-1,-1,-1,-1,-1,0,-1
2021522104382,2021,522104382,2,90,0,18,19,3,7,0,0,0,0,0,0,0,1,1,6,6,1,29,6,-1,-1,-1,-1,5,E01020082,0,-1
2021010300682,2021,010300682,1,9,9,99,99,9,9,99,99,0,9,99,9,99,9,9,6,6,3,-1,-1,-1,-1,-1,-1,-1,-1,0,-1
2021131067094,2021,131067094,2,1,0,-1,-1,-1,-1,-1,-1,0,-1,-1,-1,-1,-1,1,6,6,2,23,5,-1,-1,-1,-1,3,E01011477,0,-1
2021041126819,2021,041126819,1,9,0,18,19,7,3,0,0,0,0,0,0,0,0,1,5,6,1,60,9,-1,-1,-1,-1,1,E01025036,0,-1
2021052102635,2021,052102635,1,9,0,18,19,5,1,0,0,0,0,0,0,0,3,1,6,6,3,-1,-1,-1,-1,-1,-1,-1,-1,0,-1
2021201085177,2021,201085177,2,1,0,18,19,2,6,0,0,8,0,0,0,0,1,1,6,6,1,51,8,-1,-1,-1,-1,4,E01033625,0,-1
2021522104959,2021,522104959,2,1,0,18,19,7,3,0,0,8,0,0,0,0,1,1,6,6,1,34,6,-1,-1,-1,-1,2,E01014685,0,-1
2021010328509,2021,010328509,1,9,0,3,3,3,7,0,0,1,0,0,0,0,0,1,6,6,1,30,6,-1,-1,-1,-1,10,E01000772,0,-1
2021991044877,2021,991044877,1,22,0,5,5,7,3,0,0,2,5,0,0,0,1,1,6,6,1,93,11,-1,-1,-1,-1,6,-1,0,-1
2021010347670,2021,010347670,2,9,0,18,19,7,3,0,0,6,0,0,0,0,1,1,6,6,3,-1,-1,-1,-1,-1,-1,-1,-1,0,-1
2021201142688,2021,201142688,1,9,0,18,19,-1,-1,0,0,0,0,0,0,0,1,1,6,6,3,-1,-1,-1,-1,-1,-1,-1,-1,0,-1
2021461108593,2021,461108593,2,11,0,18,19,5,1,0,0,0,0,0,0,0,0,1,1,1,3,-1,-1,-1,-1,-1,-1,-1,-1,0,-1
2021061050249,2021,061050249,2,9,0,18,19,3,7,0,0,0,0,0,0,0,1,1,6,6,3,30,6,-1,-1,-1,-1,-1,-1,0,-1
2021332100754,2021,332100754,2,11,0,18,19,2,6,2,2,1,0,0,0,0,0,1,1,1,1,53,8,-1,-1,-1,-1,6,E01025767,0,-1
2021231107817,2021,231107817,2,1,0,18,19,7,3,0,0,8,0,0,0,0,1,1,2,2,1,32,6,-1,-1,-1,-1,1,E01031273,0,-1
2021361108969,2021,361108969,1,-1,0,18,19,5,1,0,0,8,2,0,0,0,3,1,2,2,1,-1,-1,-1,-1,-1,-1,1,E01026809,1,-1
2021430418125,2021,430418125,2,1,0,18,19,2,6,0,0,8,0,0,0,0,1,1,6,6,1,17,4,-1,-1,-1,-1,8,E01016252,0,-1
2021522200684,2021,522200684,2,9,0,3,3,3,7,0,0,0,0,0,0,0,2,1,6,6,1,30,6,-1,-1,-1,-1,7,E01014909,0,-1
2021041111632,2021,041111632,1,9,0,18,19,5,1,0,0,1,0,0,0,0,-1,1,6,6,3,-1,-1,-1,-1,-1,-1,-1,-1,0,-1
2021522102320,2021,522102320,2,9,0,18,19,7,3,0,0,1,0,0,0,0,1,1,1,1,1,50,8,-1,-1,-1,-1,-1,-1,0,-1
2021332100575,2021,332100575,2,3,0,15,15,6,2,4,4,8,0,0,0,0,3,1,6,6,1,18,4,-1,-1,-1,-1,1,E01013637,0,-1
2021052100722,2021,052100722,1,9,0,18,19,3,7,0,0,0,0,0,0,0,4,1,6,6,3,-1,-1,-1,-1,-1,-1,-1,-1,0,-1
2021010318076,2021,010318076,1,1,9,99,99,9,9,99,99,9,9,99,9,99,2,1,6,6,1,17,4,-1,-1,-1,-1,3,E01000092,0,-1
2021061104086,2021,061104086,1,9,0,18,19,3,7,0,0,0,0,0,0,0,-1,1,6,6,3,-1,-1,-1,-1,-1,-1,-1,-1,0,-1
2021481066560,2021,481066560,1,20,0,9,9,7,5,0,0,8,0,0,0,0,3,1,1,1,1,45,7,-1,-1,-1,-1,-1,-1,0,-1
2021052102821,2021,052102821,1,3,0,18,19,2,6,0,0,8,1,0,0,0,1,1,6,6,3,-1,-1,-1,-1,-1,-1,-1,-1,0,-1
2021471045341,2021,471045341,3,11,0,12,12,5,1,0,0,0,0,0,0,0,0,1,1,1,3,-1,-1,-1,-1,-1,-1,-1,-1,0,-1
2021010329757,2021,010329757,2,3,9,99,99,9,9,99,99,9,9,99,9,99,9,1,6,6,3,-1,-1,-1,-1,-1,-1,-1,-1,0,-1
2021430254000,2021,430254000,1,9,0,18,19,5,1,0,0,4,0,0,0,0,1,1,6,6,1,58,9,-1,-1,-1,-1,3,E01016464,0,-1
2021010323743,2021,010323743,2,1,0,18,19,1,5,0,0,6,0,0,0,0,1,1,6,6,1,36,7,-1,-1,-1,-1,1,E01002069,0,-1
2021010324809,2021,010324809,2,9,3,9,9,7,4,0,0,1,0,0,0,0,4,1,6,6,1,61,9,-1,-1,-1,-1,2,E01019074,0,-1
2021430510535,2021,430510535,1,97,0,4,4,7,3,0,0,1,0,0,0,0,0,1,6,6,1,47,8,-1,-1,-1,-1,8,E01028429,0,-1
2021010287877,2021,010287877,2,9,0,99,99,9,9,99,99,9,9,99,9,99,1,9,6,6,3,-1,-1,-1,-1,-1,-1,-1,-1,0,-1
2021101049814,2021,101049814,1,97,0,18,19,5,1,0,0,0,0,0,1,0,1,1,6,6,1,-1,-1,-1,-1,-1,-1,-1,-1,0,-1
2021201032058,2021,201032058,2,1,0,18,19,4,8,4,4,8,0,0,0,0,1,1,1,1,1,30,6,-1,-1,-1,-1,1,E01008913,0,-1
2021061025970,2021,061025970,1,9,0,18,19,2,6,0,0,8,0,0,0,0,1,1,6,6,1,30,6,-1,-1,-1,-1,-1,-1,0,-1
2021461100450,2021,461100450,2,1,0,18,19,5,1,9,9,1,0,0,0,0,3,1,6,6,1,37,7,-1,-1,-1,-1,9,E01024708,0,-1
2021332100588,2021,332100588,2,8,0,18,19,3,7,0,0,8,0,0,0,0,1,1,1,1,1,50,8,-1,-1,-1,-1,4,E01013782,0,-1
2021320175496,2021,320175496,2,22,0,18,19,5,1,5,5,1,0,0,0,0,0,1,2,2,2,32,6,-1,-1,-1,-1,2,E01026175,0,-1
2021332100527,2021,332100527,2,9,0,7,7,4,6,0,0,6,0,0,0,0,3,1,6,6,2,72,10,-1,-1,-1,-1,10,E01025772,0,-1
20211381F0805,2021,1381F0805,2,9,0,18,19,8,4,0,0,8,0,0,0,0,1,1,1,1,1,64,9,-1,-1,-1,-1,4,E01033006,0,-1
2021411023182,2021,411023182,3,90,0,9,9,1,7,0,0,7,0,0,0,0,4,1,6,6,3,-1,-1,-1,-1,-1,-1,-1,-1,0,-1
2021010320871,2021,010320871,2,1,0,18,19,3,7,0,0,8,1,0,0,0,1,1,6,6,2,38,7,-1,-1,-1,-1,2,E01003108,0,-1
2021610036621,2021,610036621,1,9,0,18,19,1,5,0,0,0,0,0,0,0,4,1,6,6,1,67,10,-1,-1,-1,-1,-1,-1,0,-1
2021010329398,2021,010329398,1,1,9,99,99,9,9,99,99,9,9,99,0,0,1,1,6,6,2,27,6,-1,-1,-1,-1,8,E01004713,0,-1
2021041091795,2021,041091795,1,1,0,18,19,1,5,0,0,2,0,0,7,11,1,1,5,6,1,13,3,-1,-1,-1,-1,7,E01025180,0,-1
2021070578190,2021,070578190,2,1,0,18,19,3,7,0,0,0,0,0,0,0,0,1,6,6,1,32,6,-1,-1,-1,-1,5,E01018547,0,-1
2021052102441,2021,052102441,1,9,0,2,2,0,0,0,0,0,0,0,0,0,4,1,6,6,3,-1,-1,-1,-1,-1,-1,-1,-1,0,-1
2021141036284,2021,141036284,2,9,0,7,7,5,7,0,0,6,0,0,0,0,1,1,5,6,2,41,7,-1,-1,-1,-1,2,E01007440,0,-1
2021421090217,2021,421090217,3,9,0,4,4,3,7,0,0,0,0,0,0,0,2,1,6,6,3,-1,-1,-1,-1,-1,-1,-1,-1,0,-1
2021461087787,2021,461087787,1,9,0,14,14,0,0,0,0,0,0,8,0,0,1,1,6,6,3,-1,-1,-1,-1,-1,-1,-1,-1,0,-1
2021052100559,2021,052100559,1,90,0,18,19,8,4,0,0,0,0,0,0,0,1,1,6,6,3,-1,-1,-1,-1,-1,-1,-1,-1,0,-1
2021552100726,2021,552100726,2,1,0,18,19,6,2,0,0,8,0,0,1,0,3,1,2,2,2,41,7,-1,-1,-1,-1,5,E01015301,0,-1
2021061067295,2021,061067295,2,3,0,18,19,1,5,0,0,0,1,0,1,2,1,1,5,6,1,13,3,-1,-1,-1,-1,3,E01005604,0,-1
2021141016318,2021,141016318,2,9,0,18,19,2,6,0,0,0,0,0,0,0,4,1,6,6,3,-1,-1,-1,-1,-1,-1,-1,-1,0,-1
2021430151394,2021,430151394,1,9,0,18,19,2,6,0,0,8,0,0,0,0,4,1,6,6,1,-1,-1,-1,-1,-1,-1,-1,-1,0,-1
2021010337200,2021,010337200,2,1,0,5,5,5,1,4,4,8,9,0,9,99,3,1,2,2,2,35,6,-1,-1,-1,-1,-1,-1,0,-1
2021010297654,2021,010297654,1,-1,0,18,19,1,5,9,9,0,0,0,0,0,1,1,6,6,3,-1,-1,-1,-1,-1,-1,-1,-1,1,-1
2021010324482,2021,010324482,2,9,0,99,99,9,9,99,99,9,9,99,9,99,1,9,6,6,3,-1,-1,-1,-1,-1,-1,-1,-1,0,-1
2021351081010,2021,351081010,2,1,0,10,10,3,8,0,0,1,0,0,0,0,3,1,5,6,1,16,4,-1,-1,-1,-1,9,E01018291,0,-1
2021010311616,2021,010311616,2,1,0,18,19,1,5,0,0,1,0,0,0,0,1,1,6,6,2,74,10,-1,-1,-1,-1,9,E01003885,0,-1
2021201014165,2021,201014165,2,1,0,18,19,6,2,0,0,8,0,0,0,0,1,1,2,2,1,31,6,-1,-1,-1,-1,2,E01009385,0,-1
202163A099421,2021,63A099421,1,9,0,5,5,-1,-1,0,0,4,0,0,0,0,4,1,2,2,1,41,7,-1,-1,-1,-1,5,W01000617,0,-1
2021010351999,2021,010351999,2,9,0,2,2,0,0,0,0,0,0,0,0,0,1,1,6,6,3,-1,-1,-1,-1,-1,-1,-1,-1,0,-1
2021131076996,2021,131076996,1,9,0,18,19,-1,-1,-1,-1,2,0,0,0,0,1,1,6,6,3,-1,-1,-1,-1,-1,-1,-1,-1,0,-1
2021332101517,2021,332101517,2,9,0,18,19,5,1,0,0,1,0,0,0,0,0,1,6,6,1,25,5,-1,-1,-1,-1,-1,-1,0,-1
2021010298478,2021,010298478,4,9,0,3,3,5,1,0,0,1,0,0,0,0,2,1,6,6,3,-1,-1,-1,-1,-1,-1,-1,-1,0,-1
2021332100702,2021,332100702,1,1,0,18,19,7,3,0,0,6,0,0,0,0,3,1,6,6,1,10,2,-1,-1,-1,-1,2,E01013721,0,-1
2021461057927,2021,461057927,3,9,0,3,3,7,3,0,0,0,0,0,0,0,2,1,1,1,1,50,8,-1,-1,-1,-1,10,E01024270,0,-1
2021201147394,2021,201147394,2,1,0,5,5,5,1,0,0,0,0,0,0,0,2,1,6,6,1,22,5,-1,-1,-1,-1,3,E01009178,0,-1
2021991097504,2021,991097504,2,1,0,18,19,7,3,0,0,1,0,0,0,0,2,1,2,2,2,25,5,-1,-1,-1,-1,8,-1,0,-1
202160Z149137,2021,60Z149137,1,9,0,18,19,5,1,0,0,2,0,7,0,0,1,1,6,6,1,86,11,-1,-1,-1,-1,-1,-1,0,-1