collision_index,collision_year,collision_ref_no,vehicle_reference,vehicle_type,towing_and_articulation,vehicle_manoeuvre_historic,vehicle_manoeuvre,vehicle_direction_from,vehicle_direction_to,vehicle_location_restricted_lane_historic,vehicle_location_restricted_lane,junction_location,skidding_and_overturning,hit_object_in_carriageway,vehicle_leaving_carriageway,hit_object_off_carriageway,first_point_of_impact,vehicle_left_hand_drive,journey_purpose_of_driver_historic,journey_purpose_of_driver,sex_of_driver,age_of_driver,age_band_of_driver,engine_capacity_cc,propulsion_code,age_of_vehicle,generic_make_model,driver_imd_decile,lsoa_of_driver,escooter_flag,driver_distance_banding
2021010343200,2021,010343200,1,1,9,99,99,9,9,99,99,9,9,99,9,99,1,1,2,2,1,33,6,-1,-1,-1,-1,1,E01001426,0,-1
2021451073213,2021,451073213,2,22,0,18,19,7,3,0,0,1,5,0,0,0,1,1,6,6,1,56,9,-1,-1,-1,-1,8,E01030703,0,-1
2021010298688,2021,010298688,2,1,0,18,19,5,1,0,0,8,0,0,0,0,1,1,6,6,1,38,7,-1,-1,-1,-1,5,E01004517,0,-1
2021531024401,2021,531024401,1,9,0,18,19,5,1,0,0,0,0,0,0,0,1,1,6,6,1,45,7,-1,-1,-1,-1,4,E01022240,0,-1
2021401119158,2021,401119158,2,9,0,18,19,1,5,0,0,1,0,0,0,0,1,1,6,6,3,-1,-1,-1,-1,-1,-1,-1,-1,0,-1
2021332101590,2021,332101590,2,9,0,18,19,5,1,0,0,0,0,0,0,0,0,1,6,6,1,31,6,-1,-1,-1,-1,-1,-1,0,-1
2021141106046,2021,141106046,2,9,0,-1,-1,-1,-1,-1,-1,-1,-1,-1,-1,0,-1,1,6,6,3,-1,-1,-1,-1,-1,-1,-1,-1,0,-1
2021411040789,2021,411040789,1,9,0,18,19,-1,-1,0,0,0,0,0,0,0,1,1,6,6,3,-1,-1,-1,-1,-1,-1,-1,-1,0,-1
2021440145541,2021,440145541,1,3,0,18,19,4,8,0,0,0,0,7,0,0,1,1,6,6,1,25,5,-1,-1,-1,-1,1,E01022917,0,-1
2021421019579,2021,421019579,2,9,0,2,2,1,5,0,0,0,0,0,0,0,3,1,6,6,3,-1,-1,-1,-1,-1,-1,-1,-1,0,-1
202106P079389,2021,06P079389,3,9,0,18,19,6,2,0,0,0,0,10,0,0,1,1,6,6,1,23,5,-1,-1,-1,-1,-1,-1,0,-1
2021320636619,2021,320636619,2,1,0,5,5,5,1,0,0,6,0,0,0,0,4,1,6,6,1,15,3,-1,-1,-1,-1,1,E01026176,0,-1
2021010307816,2021,010307816,1,1,9,99,99,9,9,99,99,2,9,99,9,99,1,1,6,6,1,34,6,-1,-1,-1,-1,9,E01004276,0,-1
2021610038121,2021,610038121,2,9,0,18,19,5,1,0,0,0,0,0,0,7,3,1,2,2,2,44,7,-1,-1,-1,-1,-1,-1,0,-1
2021010297940,2021,010297940,1,4,0,18,19,7,3,0,0,1,1,0,0,0,0,1,2,2,1,47,8,-1,-1,-1,-1,5,E01000468,0,-1
2021010311014,2021,010311014,1,1,9,99,99,9,9,99,99,9,9,99,9,99,1,1,2,2,1,53,8,-1,-1,-1,-1,9,E01000647,0,-1
2021010296859,2021,010296859,2,1,0,18,19,7,3,0,0,1,5,0,0,0,1,1,2,2,1,33,6,-1,-1,-1,-1,4,E01003282,0,-1
2021991038897,2021,991038897,1,98,0,18,19,3,7,0,0,0,0,0,0,0,1,1,6,6,1,50,8,-1,-1,-1,-1,-1,-1,0,-1
2021371134950,2021,371134950,2,9,0,18,19,2,6,0,0,1,0,0,0,0,4,1,5,6,1,36,7,-1,-1,-1,-1,1,E01030250,0,-1
2021010306869,2021,010306869,2,9,0,99,99,9,9,99,99,9,9,99,9,99,2,9,6,6,3,-1,-1,-1,-1,-1,-1,-1,-1,0,-1
2021401088275,2021,401088275,1,9,0,18,19,6,2,0,0,0,0,0,0,0,1,1,2,2,1,17,4,-1,-1,-1,-1,4,E01017581,0,-1
2021201065246,2021,201065246,2,1,0,18,19,3,7,9,9,8,0,0,0,0,1,1,1,1,1,42,7,-1,-1,-1,-1,4,E01009927,0,-1
2021010342948,2021,010342948,1,9,0,18,19,7,3,0,0,1,0,0,0,0,1,1,1,1,1,45,7,-1,-1,-1,-1,2,E01000065,0,-1
2021411118906,2021,411118906,1,9,0,18,19,1,5,0,0,6,0,0,0,0,1,1,2,2,2,37,7,-1,-1,-1,-1,7,E01023795,0,-1
2021221064280,2021,221064280,3,21,1,2,2,0,0,0,0,0,0,0,0,0,3,1,1,1,1,61,9,-1,-1,-1,-1,-1,-1,0,-1
2021522105790,2021,522105790,1,1,0,18,19,5,1,5,5,6,0,0,0,0,1,1,6,6,2,36,7,-1,-1,-1,-1,4,E01032516,0,-1
2021320479063,2021,320479063,1,19,0,4,4,8,4,0,0,4,0,0,0,0,1,1,6,6,3,40,7,-1,-1,-1,-1,-1,-1,0,-1
2021421048580,2021,421048580,1,-1,0,18,19,3,7,0,0,1,0,0,0,0,1,1,6,6,1,-1,-1,-1,-1,-1,-1,-1,-1,1,-1
2021010328670,2021,010328670,2,1,0,18,19,5,1,0,0,2,0,0,0,0,1,1,2,2,1,25,5,-1,-1,-1,-1,4,E01001376,0,-1
2021010346399,2021,010346399,2,1,0,18,19,5,1,0,0,8,0,0,0,0,4,1,6,6,2,25,5,-1,-1,-1,-1,8,E01004074,0,-1
2021010312673,2021,010312673,1,1,0,18,19,3,7,0,0,0,0,0,0,0,2,1,2,2,1,33,6,-1,-1,-1,-1,2,E01003237,0,-1
2021052101376,2021,052101376,2,1,0,18,19,9,9,0,0,0,0,0,0,0,9,1,6,6,1,31,6,-1,-1,-1,-1,1,E01006672,0,-1
2021522100239,2021,522100239,1,1,0,18,19,3,7,0,0,0,0,0,0,0,2,1,6,6,1,51,8,-1,-1,-1,-1,10,E01014429,0,-1
2021041067015,2021,041067015,2,1,0,18,19,7,3,0,0,1,0,0,0,0,1,1,6,6,1,27,6,-1,-1,-1,-1,9,E01006400,0,-1
2021471034452,2021,471034452,1,9,0,18,19,5,1,0,0,1,0,0,0,0,1,1,6,6,1,-1,-1,-1,-1,-1,-1,-1,-1,0,-1
2021471097993,2021,471097993,1,9,0,18,19,8,4,0,0,0,0,0,0,0,1,1,6,6,3,-1,-1,-1,-1,-1,-1,-1,-1,0,-1
202134NNC0081,2021,34NNC0081,1,9,0,18,19,5,1,0,0,0,0,0,0,0,1,1,6,6,1,47,8,-1,-1,-1,-1,4,E01026952,0,-1
2021010292282,2021,010292282,2,1,5,18,19,7,3,0,0,2,0,8,0,0,1,1,6,6,1,60,9,-1,-1,-1,-1,4,E01001023,0,-1
2021351118112,2021,351118112,1,9,0,18,19,-1,-1,0,0,0,0,4,0,0,1,1,6,6,3,-1,-1,-1,-1,-1,-1,-1,-1,0,-1
2021421036641,2021,421036641,1,98,4,9,9,5,1,0,0,0,0,0,0,0,3,1,5,6,1,34,6,-1,-1,-1,-1,-1,-1,0,-1
2021070496729,2021,070496729,2,2,0,18,19,7,3,0,0,2,5,0,1,0,3,1,6,6,1,29,6,-1,-1,-1,-1,1,E01014250,0,-1
2021052101868,2021,052101868,1,9,0,5,5,1,5,0,0,6,0,0,0,0,1,1,6,6,2,64,9,-1,-1,-1,-1,1,E01007304,0,-1
2021010322032,2021,010322032,3,9,0,18,19,3,7,0,0,0,0,0,0,0,1,1,6,6,1,31,6,-1,-1,-1,-1,-1,-1,0,-1
2021161116897,2021,161116897,2,1,0,18,19,6,2,0,0,0,0,0,0,0,3,1,6,6,1,37,7,-1,-1,-1,-1,7,E01013124,0,-1
2021131109004,2021,131109004,1,9,0,-1,-1,-1,-1,-1,-1,-1,-1,-1,-1,-1,-1,1,6,6,3,99,11,-1,-1,-1,-1,-1,-1,0,-1
2021231013833,2021,231013833,1,19,0,17,19,8,5,0,0,0,2,10,8,0,1,1,5,6,1,23,5,-1,-1,-1,-1,-1,-1,0,-1
2021522105107,2021,522105107,1,1,0,18,19,1,5,9,9,6,0,0,0,0,4,1,6,6,1,51,8,-1,-1,-1,-1,6,E01014648,0,-1
202160Z094520,2021,60Z094520,2,9,0,17,19,8,3,0,0,0,0,0,0,0,4,1,6,6,2,25,5,-1,-1,-1,-1,-1,-1,0,-1
2021201118610,2021,201118610,2,1,0,18,19,6,2,0,0,8,0,0,0,0,1,1,2,2,1,43,7,-1,-1,-1,-1,2,E01009151,0,-1
2021991011462,2021,991011462,1,9,0,18,19,3,7,0,0,0,1,10,1,0,1,1,2,2,1,37,7,-1,-1,-1,-1,4,-1,0,-1
2021451105017,2021,451105017,3,9,0,9,9,1,3,0,0,1,0,0,0,0,0,1,6,6,3,35,6,-1,-1,-1,-1,-1,-1,0,-1
2021052101651,2021,052101651,2,23,0,18,19,3,7,0,0,1,0,0,0,0,1,1,6,6,1,22,5,-1,-1,-1,-1,5,E01006997,0,-1
2021501096590,2021,501096590,2,1,0,15,15,7,3,0,0,0,0,0,0,0,3,1,6,6,1,69,10,-1,-1,-1,-1,3,E01015204,0,-1
2021332100016,2021,332100016,2,9,0,18,19,2,6,0,0,8,1,0,1,0,4,1,6,6,1,-1,-1,-1,-1,-1,-1,7,E01025890,0,-1
2021221110651,2021,221110651,2,21,1,18,19,5,1,0,0,0,0,0,0,0,1,1,1,1,1,51,8,-1,-1,-1,-1,-1,-1,0,-1
2021010317594,2021,010317594,2,9,0,99,99,9,9,0,0,1,0,99,0,0,2,1,6,6,3,-1,-1,-1,-1,-1,-1,10,E01003465,0,-1
2021421028766,2021,421028766,1,98,1,18,19,7,3,0,0,0,0,0,0,0,1,1,6,6,3,-1,-1,-1,-1,-1,-1,-1,-1,0,-1
2021211069149,2021,211069149,1,1,0,18,19,2,6,9,9,0,0,0,0,0,1,1,6,6,1,23,5,-1,-1,-1,-1,-1,-1,0,-1
2021332100746,2021,332100746,1,9,0,18,19,5,1,0,0,5,0,0,0,0,4,1,6,6,1,63,9,-1,-1,-1,-1,3,E01025987,0,-1
2021061091133,2021,061091133,2,1,0,18,19,3,7,0,0,0,0,0,0,0,2,1,6,6,1,50,8,-1,-1,-1,-1,9,E01006264,0,-1
2021440384581,2021,440384581,1,9,0,18,19,7,3,0,0,0,0,0,0,0,2,1,1,1,1,50,8,-1,-1,-1,-1,8,E01030668,0,-1
2021010300643,2021,010300643,2,1,0,18,19,1,5,0,0,8,0,0,0,0,1,1,6,6,1,37,7,-1,-1,-1,-1,2,E01004271,0,-1
2021010352020,2021,010352020,1,9,0,18,19,7,3,0,0,1,0,0,0,0,4,1,2,2,1,61,9,-1,-1,-1,-1,10,E01028473,0,-1
2021131092385,2021,131092385,2,1,0,18,19,3,7,0,0,0,5,0,0,0,1,1,2,2,1,43,7,-1,-1,-1,-1,1,E01011735,0,-1
2021041051657,2021,041051657,1,9,0,12,12,5,4,0,0,1,0,0,0,0,1,2,5,6,1,24,5,-1,-1,-1,-1,3,E01025237,0,-1
2021041097425,2021,041097425,1,9,0,7,7,5,7,0,0,6,0,0,1,0,1,1,6,6,3,-1,-1,-1,-1,-1,-1,-1,-1,0,-1
2021991115578,2021,991115578,1,9,0,1,1,3,1,0,0,0,0,0,0,0,2,1,1,1,1,29,6,-1,-1,-1,-1,-1,-1,0,-1
2021010322549,2021,010322549,2,1,0,9,9,4,2,0,0,8,0,0,0,0,4,1,6,6,1,25,5,-1,-1,-1,-1,7,E01002182,0,-1
2021111037563,2021,111037563,1,9,0,15,15,3,7,0,0,0,0,0,0,0,4,1,6,6,3,-1,-1,-1,-1,-1,-1,-1,-1,0,-1
2021991117591,2021,991117591,1,9,0,18,19,5,1,0,0,1,0,0,0,0,1,1,6,6,1,20,4,-1,-1,-1,-1,-1,-1,0,-1
2021320281663,2021,320281663,2,1,0,14,14,4,8,0,0,0,5,0,0,0,1,1,6,6,1,34,6,-1,-1,-1,-1,6,E01026272,0,-1
202163A056321,2021,63A056321,1,8,0,18,19,4,8,0,0,0,0,4,0,0,1,1,1,1,1,34,6,-1,-1,-1,-1,1,W01000862,0,-1
2021010332745,2021,010332745,2,9,0,99,99,9,9,99,99,9,9,99,9,99,9,9,6,6,3,-1,-1,-1,-1,-1,-1,-1,-1,0,-1
2021332101574,2021,332101574,2,9,0,18,19,4,8,0,0,8,0,0,0,0,1,1,6,6,1,27,6,-1,-1,-1,-1,-1,-1,0,-1
2021461110614,2021,461110614,1,9,0,-1,-1,-1,-1,-1,-1,-1,-1,-1,-1,0,-1,1,6,6,3,-1,-1,-1,-1,-1,-1,-1,-1,0,-1
2021221032400,2021,221032400,1,1,0,18,19,8,4,0,0,0,0,0,0,0,2,1,5,6,2,33,6,-1,-1,-1,-1,4,E01014038,0,-1
202163A008821,2021,63A008821,3,19,4,4,4,8,4,0,0,0,0,0,0,0,2,1,1,1,1,64,9,-1,-1,-1,-1,5,W01000802,0,-1
2021440188030,2021,440188030,2,1,0,18,19,3,6,0,0,2,0,0,0,0,2,1,6,6,1,14,3,-1,-1,-1,-1,10,E01023052,0,-1
2021610000421,2021,610000421,1,5,0,16,19,1,4,0,0,1,1,0,0,0,4,1,6,6,1,53,8,-1,-1,-1,-1,-1,-1,0,-1
2021010321064,2021,010321064,2,9,9,99,99,9,9,99,99,9,9,99,9,99,9,9,6,6,3,-1,-1,-1,-1,-1,-1,-1,-1,0,-1
2021201136589,2021,201136589,2,1,0,18,19,3,6,0,0,8,0,0,0,0,2,1,6,6,1,27,6,-1,-1,-1,-1,8,E01010203,0,-1
2021351063874,2021,351063874,1,-1,0,18,19,7,3,9,9,1,0,0,0,0,1,1,6,6,2,16,4,-1,-1,-1,-1,-1,-1,1,-1
2021010345117,2021,010345117,1,3,0,18,19,3,7,0,0,0,0,0,1,0,3,1,6,6,1,26,6,-1,-1,-1,-1,8,W01000796,0,-1
2021411061737,2021,411061737,1,19,0,5,5,7,1,0,0,1,0,0,0,0,1,1,1,1,2,44,7,-1,-1,-1,-1,4,E01023333,0,-1
2021010297433,2021,010297433,2,1,0,10,10,7,5,0,0,8,0,0,0,0,2,1,2,2,2,28,6,-1,-1,-1,-1,-1,-1,0,-1
2021332100299,2021,332100299,1,9,0,13,13,2,6,0,0,0,0,0,0,0,4,1,2,2,1,20,4,-1,-1,-1,-1,2,E01019682,0,-1
2021411120853,2021,411120853,1,9,0,13,13,6,2,0,0,0,0,0,0,0,1,1,1,1,1,50,8,-1,-1,-1,-1,8,E01015693,0,-1
2021070550661,2021,070550661,1,9,0,5,5,1,6,0,0,6,0,0,0,0,1,1,6,6,3,-1,-1,-1,-1,-1,-1,-1,-1,0,-1
2021451113427,2021,451113427,1,9,0,8,8,3,5,0,0,8,0,0,0,0,1,1,5,6,2,76,11,-1,-1,-1,-1,7,E01030465,0,-1
2021141053059,2021,141053059,1,9,0,18,19,1,4,0,0,2,0,0,1,0,3,1,6,6,2,50,8,-1,-1,-1,-1,6,E01008024,0,-1
2021351021953,2021,351021953,3,9,0,2,2,0,0,0,0,0,0,0,0,0,2,1,6,6,3,-1,-1,-1,-1,-1,-1,-1,-1,0,-1
2021522102899,2021,522102899,2,90,0,18,19,8,4,0,0,0,0,0,0,0,1,1,6,6,2,30,6,-1,-1,-1,-1,-1,-1,0,-1
2021421075508,2021,421075508,1,9,-1,-1,-1,-1,-1,-1,-1,0,-1,-1,-1,0,-1,1,6,6,3,-1,-1,-1,-1,-1,-1,-1,-1,0,-1
2021411019557,2021,411019557,1,19,0,18,19,2,6,0,0,2,0,0,0,0,4,1,6,6,1,-1,-1,-1,-1,-1,-1,-1,-1,0,-1
2021010307991,2021,010307991,1,1,0,18,19,7,3,0,0,6,0,0,0,0,4,1,6,6,1,31,6,-1,-1,-1,-1,4,E01003178,0,-1
2021052102311,2021,052102311,1,9,0,17,19,7,3,0,0,0,0,0,0,0,0,1,6,6,3,-1,-1,-1,-1,-1,-1,-1,-1,0,-1
2021010331040,2021,010331040,2,9,0,18,19,5,1,0,0,8,0,0,0,0,3,1,2,2,1,36,7,-1,-1,-1,-1,-1,-1,0,-1
2021451094616,2021,451094616,3,9,0,2,2,0,0,6,6,1,0,0,0,0,0,1,6,6,3,45,7,-1,-1,-1,-1,-1,-1,0,-1
2021991106565,2021,991106565,1,9,0,18,19,7,3,0,0,1,0,0,0,0,0,1,6,6,3,95,11,-1,-1,-1,-1,-1,-1,0,-1
202154B110621,2021,54B110621,1,9,0,5,5,7,5,0,0,2,0,0,0,0,3,1,6,6,2,73,10,-1,-1,-1,-1,8,E01031939,0,-1
2021201118833,2021,201118833,2,1,0,18,19,4,8,0,0,8,0,0,0,0,3,1,5,6,1,48,8,-1,-1,-1,-1,3,E01009458,0,-1
2021211071199,2021,211071199,1,9,0,18,19,5,1,0,0,0,0,0,0,0,-1,1,6,6,3,-1,-1,-1,-1,-1,-1,-1,-1,0,-1
2021332100150,2021,332100150,2,9,0,2,2,0,0,0,0,0,0,0,0,0,1,1,6,6,1,34,6,-1,-1,-1,-1,10,E01025713,0,-1
2021010341897,2021,010341897,3,9,0,12,12,7,3,0,0,0,0,0,0,0,3,1,1,1,1,32,6,-1,-1,-1,-1,10,E01002466,0,-1
2021010315813,2021,010315813,1,9,0,99,99,9,9,99,99,0,9,99,9,99,1,9,6,6,3,-1,-1,-1,-1,-1,-1,-1,-1,0,-1
2021440349705,2021,440349705,2,9,0,17,19,6,2,0,0,1,0,0,0,0,2,1,6,6,1,42,7,-1,-1,-1,-1,10,E01022747,0,-1
2021052101219,2021,052101219,2,1,0,99,99,9,9,0,0,8,0,0,0,0,1,1,6,6,1,41,7,-1,-1,-1,-1,1,E01006961,0,-1
2021070480740,2021,070480740,2,11,0,18,19,6,2,0,0,0,0,0,0,0,1,1,1,1,2,64,9,-1,-1,-1,-1,2,W01000328,0,-1
2021471032356,2021,471032356,1,9,0,4,4,3,2,0,0,1,0,0,0,0,1,1,6,6,3,-1,-1,-1,-1,-1,-1,-1,-1,0,-1
2021170H10901,2021,170H10901,1,9,0,6,6,5,5,0,0,0,0,0,0,0,4,1,6,6,1,-1,-1,-1,-1,-1,-1,-1,-1,0,-1
2021201134809,2021,201134809,2,1,0,18,19,2,6,0,0,8,0,0,0,0,1,1,6,6,1,30,6,-1,-1,-1,-1,1,E01009331,0,-1
2021010344952,2021,010344952,2,9,0,18,19,7,3,0,0,0,0,0,0,0,1,1,6,6,3,-1,-1,-1,-1,-1,-1,-1,-1,0,-1
2021501044538,2021,501044538,2,19,0,1,1,4,8,0,0,0,0,0,0,0,2,1,6,6,3,-1,-1,-1,-1,-1,-1,-1,-1,0,-1
2021010316183,2021,010316183,2,1,0,18,19,5,1,0,0,1,0,0,0,0,0,1,1,1,2,21,5,-1,-1,-1,-1,6,E01002129,0,-1
2021170S42171,2021,170S42171,1,9,0,15,15,4,8,0,0,2,0,0,0,0,1,1,6,6,1,71,10,-1,-1,-1,-1,-1,-1,0,-1
2021231124637,2021,231124637,2,1,0,9,9,4,3,0,0,8,0,0,0,0,3,1,2,2,1,28,6,-1,-1,-1,-1,5,E01031309,0,-1
2021101119428,2021,101119428,1,9,0,18,19,4,8,0,0,0,0,0,0,0,1,1,6,6,3,40,7,-1,-1,-1,-1,-1,-1,0,-1
2021231017619,2021,231017619,1,9,0,16,19,7,2,0,0,0,0,0,0,0,3,1,5,6,2,49,8,-1,-1,-1,-1,8,E01031217,0,-1
2021201110042,2021,201110042,1,9,0,9,9,5,2,0,0,2,0,0,0,0,1,1,6,6,3,-1,-1,-1,-1,-1,-1,-1,-1,0,-1
20211383T0485,2021,1383T0485,1,9,0,18,19,5,1,0,0,0,0,0,0,0,1,1,6,6,2,-1,-1,-1,-1,-1,-1,-1,-1,0,-1
2021161115301,2021,161115301,2,9,0,7,7,5,1,0,0,6,0,0,0,0,1,1,1,1,1,-1,-1,-1,-1,-1,-1,-1,-1,0,-1
2021010301990,2021,010301990,1,1,9,99,99,9,9,99,99,9,9,99,9,99,9,1,6,6,3,22,5,-1,-1,-1,-1,2,E01002053,0,-1
2021010324381,2021,010324381,2,-1,9,99,99,9,9,0,0,1,0,0,0,0,2,1,6,6,1,20,4,-1,-1,-1,-1,3,E01002878,1,-1
2021552101402,2021,552101402,1,11,0,7,7,5,7,0,0,8,0,0,0,0,2,1,6,6,3,-1,-1,-1,-1,-1,-1,-1,-1,0,-1
2021010334010,2021,010334010,2,1,0,14,14,1,5,0,0,1,0,0,0,0,2,1,2,2,1,28,6,-1,-1,-1,-1,3,E01004045,0,-1
2021010294727,2021,010294727,3,1,9,99,99,9,9,99,99,9,9,99,9,99,9,1,6,6,1,57,9,-1,-1,-1,-1,2,E01004000,0,-1
202163A025621,2021,63A025621,1,9,0,4,4,1,4,0,0,1,0,0,0,0,2,1,6,6,1,23,5,-1,-1,-1,-1,5,W01000643,0,-1
2021061133412,2021,061133412,2,1,0,18,19,8,5,4,4,8,5,0,0,0,1,1,1,1,1,25,5,-1,-1,-1,-1,1,E01005234,0,-1
2021010342334,2021,010342334,2,9,0,99,99,9,9,99,99,0,9,99,9,99,2,9,6,6,3,-1,-1,-1,-1,-1,-1,5,E01002249,0,-1
2021430219129,2021,430219129,2,1,0,18,19,5,1,0,0,0,0,0,0,0,2,1,1,1,1,26,6,-1,-1,-1,-1,10,E01028714,0,-1
2021010321818,2021,010321818,2,9,0,99,99,9,9,99,99,9,9,99,9,99,9,9,6,6,3,-1,-1,-1,-1,-1,-1,-1,-1,0,-1
2021552100866,2021,552100866,1,9,0,3,3,6,2,0,0,0,0,0,0,0,4,1,6,6,3,-1,-1,-1,-1,-1,-1,-1,-1,0,-1
2021131051343,2021,131051343,2,1,0,9,9,1,2,0,0,8,0,0,1,0,4,1,6,6,1,15,3,-1,-1,-1,-1,5,E01011077,0,-1
2021332101567,2021,332101567,2,9,0,18,19,2,6,0,0,8,0,0,0,0,1,1,6,6,3,-1,-1,-1,-1,-1,-1,-1,-1,0,-1
2021421088335,2021,421088335,1,1,0,18,19,3,7,0,0,0,0,0,0,0,1,1,6,6,1,30,6,-1,-1,-1,-1,-1,-1,0,-1
2021332100682,2021,332100682,1,9,0,18,19,1,5,0,0,0,1,0,6,0,4,1,1,1,1,32,6,-1,-1,-1,-1,2,E01013483,0,-1
2021531034991,2021,531034991,1,9,0,15,15,-1,-1,0,0,0,0,0,0,0,4,1,6,6,1,-1,-1,-1,-1,-1,-1,-1,-1,0,-1
2021041143173,2021,041143173,2,9,0,18,19,1,1,0,0,1,0,0,0,0,2,1,6,6,2,44,7,-1,-1,-1,-1,9,E01005017,0,-1
2021010329561,2021,010329561,2,9,0,99,99,9,9,99,99,9,9,99,9,99,9,9,6,6,3,-1,-1,-1,-1,-1,-1,-1,-1,0,-1
2021010333317,2021,010333317,2,1,0,18,19,3,7,4,4,1,0,0,0,0,1,1,2,2,1,35,6,-1,-1,-1,-1,4,E01003494,0,-1
2021010350006,2021,010350006,2,9,0,18,19,3,7,0,0,1,0,0,0,0,9,1,6,6,3,-1,-1,-1,-1,-1,-1,-1,-1,0,-1
2021010343826,2021,010343826,1,1,9,99,99,9,9,99,99,9,9,99,9,99,9,1,2,2,1,41,7,-1,-1,-1,-1,6,E01003694,0,-1
2021440459844,2021,440459844,2,1,0,18,19,6,2,0,0,0,0,0,0,0,2,1,6,6,2,48,8,-1,-1,-1,-1,4,E01023261,0,-1
2021010339650,2021,010339650,1,9,0,99,99,9,9,99,99,9,9,99,9,99,3,1,6,6,3,-1,-1,-1,-1,-1,-1,-1,-1,0,-1
2021351117882,2021,351117882,2,1,0,18,19,4,8,0,0,8,0,0,0,0,4,1,5,6,1,54,8,-1,-1,-1,-1,4,E01018024,0,-1
2021052102461,2021,052102461,1,11,0,5,5,3,7,0,0,0,0,0,0,0,0,1,1,1,3,-1,-1,-1,-1,-1,-1,-1,-1,0,-1
2021471047550,2021,471047550,1,9,0,18,19,5,1,0,0,0,0,0,1,11,1,1,6,6,1,18,4,-1,-1,-1,-1,8,E01031543,0,-1
2021010350295,2021,010350295,1,1,9,99,99,9,9,99,99,9,9,99,9,99,2,1,6,6,2,36,7,-1,-1,-1,-1,6,E01001527,0,-1
2021010314131,2021,010314131,2,1,0,18,19,1,5,0,0,1,0,0,1,0,2,1,2,2,1,22,5,-1,-1,-1,-1,1,E01001554,0,-1
2021131108552,2021,131108552,1,9,0,18,19,5,1,0,0,0,0,0,0,0,1,1,2,2,1,35,6,-1,-1,-1,-1,6,E01028051,0,-1
2021101021165,2021,101021165,2,9,0,3,3,7,3,0,0,0,0,0,0,0,1,1,6,6,2,-1,-1,-1,-1,-1,-1,-1,-1,0,-1
2021052102237,2021,052102237,2,1,0,18,19,7,3,0,0,1,0,0,0,0,1,1,2,2,1,25,5,-1,-1,-1,-1,1,E01007052,0,-1
2021010309762,2021,010309762,2,1,0,18,19,5,1,0,0,1,0,0,0,0,3,1,2,2,2,32,6,-1,-1,-1,-1,3,E01002623,0,-1
2021201104523,2021,201104523,2,1,0,18,19,8,4,0,0,8,0,0,0,0,4,1,2,2,1,38,7,-1,-1,-1,-1,3,E01008952,0,-1
2021332100705,2021,332100705,1,21,4,18,19,2,6,0,0,0,0,0,0,0,4,1,1,1,1,50,8,-1,-1,-1,-1,5,E01011770,0,-1
2021041052741,2021,041052741,2,1,0,18,19,3,7,0,0,1,0,0,0,0,1,1,5,6,1,64,9,-1,-1,-1,-1,5,E01025085,0,-1
2021031092553,2021,031092553,1,9,0,5,5,7,1,0,0,8,0,10,0,0,1,1,6,6,1,70,10,-1,-1,-1,-1,6,E01019315,0,-1
2021010291703,2021,010291703,2,9,0,5,5,5,1,8,6,0,0,4,0,0,3,1,6,6,3,-1,-1,-1,-1,-1,-1,-1,-1,0,-1
2021201060164,2021,201060164,1,-1,0,18,19,6,2,9,9,0,0,0,0,0,1,1,6,6,1,-1,-1,-1,-1,-1,-1,-1,-1,1,-1
2021010318326,2021,010318326,1,1,9,99,99,9,9,99,99,9,9,99,9,99,9,1,6,6,1,28,6,-1,-1,-1,-1,2,E01002735,0,-1
2021052102167,2021,052102167,1,19,0,2,2,0,0,0,0,0,0,0,0,0,3,1,1,1,3,-1,-1,-1,-1,-1,-1,-1,-1,0,-1
2021010310492,2021,010310492,1,9,0,18,19,3,7,0,0,0,0,0,0,0,4,1,6,6,3,-1,-1,-1,-1,-1,-1,-1,-1,0,-1
2021010299860,2021,010299860,1,1,9,99,99,9,9,99,99,9,9,99,9,99,0,1,2,2,2,47,8,-1,-1,-1,-1,7,E01001304,0,-1
2021122101467,2021,122101467,2,9,0,7,7,3,5,0,0,6,0,0,0,0,3,1,6,6,3,-1,-1,-1,-1,-1,-1,-1,-1,0,-1
2021010290030,2021,010290030,2,9,0,99,99,9,9,99,99,1,9,99,9,99,1,9,6,6,3,-1,-1,-1,-1,-1,-1,-1,-1,0,-1
202163C052321,2021,63C052321,1,9,0,13,13,5,1,0,0,0,0,0,0,0,4,1,6,6,3,-1,-1,-1,-1,-1,-1,-1,-1,0,-1
2021501061925,2021,501061925,2,1,0,18,19,1,5,4,4,0,0,0,0,0,1,1,5,6,1,38,7,-1,-1,-1,-1,6,E01020244,0,-1
2021471037899,2021,471037899,2,1,0,18,19,5,1,0,0,2,0,0,0,0,1,1,5,6,1,73,10,-1,-1,-1,-1,3,E01021016,0,-1
202163A007221,2021,63A007221,1,1,0,18,19,1,5,0,0,6,0,0,0,0,3,1,6,6,1,11,3,-1,-1,-1,-1,-1,-1,0,-1
202131A197321,2021,31A197321,1,9,0,18,19,1,5,0,0,0,0,0,0,0,4,1,6,6,3,-1,-1,-1,-1,-1,-1,-1,-1,0,-1
2021461017392,2021,461017392,1,9,0,5,5,1,5,0,0,0,0,0,0,0,4,1,6,6,3,-1,-1,-1,-1,-1,-1,-1,-1,0,-1
2021010319337,2021,010319337,2,1,0,18,19,6,2,0,0,1,5,0,0,0,1,1,6,6,1,45,7,-1,-1,-1,-1,3,E01004425,0,-1
2021131083130,2021,131083130,1,9,0,-1,-1,-1,-1,-1,-1,0,-1,-1,-1,-1,-1,1,6,6,3,-1,-1,-1,-1,-1,-1,-1,-1,0,-1
2021461039453,2021,461039453,1,1,0,18,19,7,3,0,0,0,0,0,1,0,1,1,1,1,2,33,6,-1,-1,-1,-1,2,E01024627,0,-1
2021522104444,2021,522104444,2,9,0,18,19,7,3,0,0,1,0,0,0,0,1,1,6,6,1,40,7,-1,-1,-1,-1,4,E01014590,0,-1
202160Z016927,2021,60Z016927,1,9,0,18,19,3,7,0,0,0,0,0,0,0,1,1,6,6,2,45,7,-1,-1,-1,-1,-1,-1,0,-1
2021161075536,2021,161075536,2,1,0,18,19,5,1,0,0,2,0,0,0,0,4,1,6,6,1,38,7,-1,-1,-1,-1,1,E01013140,0,-1
2021610046721,2021,610046721,1,9,0,9,9,7,5,0,0,5,0,0,0,0,1,1,6,6,1,17,4,-1,-1,-1,-1,1,W01001687,0,-1
2021010315510,2021,010315510,2,1,0,13,13,7,3,4,4,8,5,0,1,10,1,1,2,2,1,25,5,-1,-1,-1,-1,9,E01000648,0,-1