collision_index,collision_year,collision_ref_no,vehicle_reference,vehicle_type,towing_and_articulation,vehicle_manoeuvre_historic,vehicle_manoeuvre,vehicle_direction_from,vehicle_direction_to,vehicle_location_restricted_lane_historic,vehicle_location_restricted_lane,junction_location,skidding_and_overturning,hit_object_in_carriageway,vehicle_leaving_carriageway,hit_object_off_carriageway,first_point_of_impact,vehicle_left_hand_drive,journey_purpose_of_driver_historic,journey_purpose_of_driver,sex_of_driver,age_of_driver,age_band_of_driver,engine_capacity_cc,propulsion_code,age_of_vehicle,generic_make_model,driver_imd_decile,lsoa_of_driver,escooter_flag,driver_distance_banding
2021201038005,2021,201038005,2,1,0,16,19,8,2,0,0,0,0,0,0,0,2,1,6,6,1,20,4,-1,-1,-1,-1,1,E01010511,0,-1
2021522101271,2021,522101271,2,1,0,18,19,5,8,0,0,0,0,0,0,0,1,1,6,6,1,36,7,-1,-1,-1,-1,4,E01014590,0,-1
2021991106519,2021,991106519,2,22,0,18,19,1,4,0,0,6,0,0,0,0,1,1,5,6,1,88,11,-1,-1,-1,-1,-1,-1,0,-1
2021302101050,2021,302101050,1,1,0,18,19,8,4,0,0,0,0,0,0,0,0,1,6,6,1,61,9,-1,-1,-1,-1,9,E01013579,0,-1
2021332100628,2021,332100628,2,19,0,9,9,4,2,0,0,5,0,0,0,0,0,1,6,6,1,36,7,-1,-1,-1,-1,9,E01025951,0,-1
2021170H10211,2021,170H10211,1,9,0,15,15,5,1,0,0,0,0,0,5,6,3,1,6,6,1,56,9,-1,-1,-1,-1,9,E01012234,0,-1
2021101092144,2021,101092144,2,1,0,18,19,7,3,0,0,0,1,0,2,0,3,1,5,6,1,55,8,-1,-1,-1,-1,-1,-1,0,-1
2021461072118,2021,461072118,3,21,1,18,19,8,4,0,0,0,0,0,0,0,2,2,1,1,1,48,8,-1,-1,-1,-1,-1,-1,0,-1
202106Q079305,2021,06Q079305,1,9,0,18,19,5,1,0,0,8,0,0,0,0,1,1,6,6,3,30,6,-1,-1,-1,-1,-1,-1,0,-1
2021332100320,2021,332100320,1,9,0,9,9,5,3,0,0,5,0,0,0,0,3,1,6,6,2,32,6,-1,-1,-1,-1,5,E01025897,0,-1
2021622100384,2021,622100384,2,1,0,18,19,6,2,0,0,8,0,0,0,0,1,1,6,6,1,30,6,-1,-1,-1,-1,3,E01014681,0,-1
2021501074180,2021,501074180,2,16,0,18,19,1,5,0,0,0,0,0,0,0,0,1,5,6,2,41,7,-1,-1,-1,-1,5,E01020296,0,-1
2021141124816,2021,141124816,2,9,0,18,19,3,7,0,0,2,0,0,0,0,2,1,6,6,1,24,5,-1,-1,-1,-1,1,E01007715,0,-1
2021421089110,2021,421089110,1,9,0,18,19,2,6,0,0,0,0,4,0,0,1,1,5,6,1,31,6,-1,-1,-1,-1,3,E01000092,0,-1
2021501055533,2021,501055533,2,9,0,18,19,8,4,0,0,0,0,0,0,0,1,1,6,6,3,-1,-1,-1,-1,-1,-1,-1,-1,0,-1
2021010305314,2021,010305314,1,9,0,18,19,3,7,0,0,8,0,0,0,0,1,1,1,1,1,54,8,-1,-1,-1,-1,-1,-1,0,-1
2021332100308,2021,332100308,2,9,0,9,9,8,5,0,0,5,0,0,0,0,1,1,2,2,2,44,7,-1,-1,-1,-1,9,E01029518,0,-1
2021461086538,2021,461086538,1,1,0,18,19,5,1,0,0,0,5,0,0,0,1,1,6,6,1,37,7,-1,-1,-1,-1,-1,-1,0,-1
2021430110783,2021,430110783,1,1,0,18,19,4,8,0,0,0,0,0,0,0,4,1,4,7,1,16,4,-1,-1,-1,-1,-1,-1,0,-1
2021052101146,2021,052101146,2,1,0,18,19,1,5,0,0,0,0,0,0,0,3,1,6,6,1,61,9,-1,-1,-1,-1,10,E01007191,0,-1
2021302100209,2021,302100209,1,9,0,18,19,2,6,0,0,1,0,0,0,0,1,1,6,6,3,-1,-1,-1,-1,-1,-1,5,E01019456,0,-1
2021122101015,2021,122101015,1,1,0,18,19,1,5,0,0,0,0,0,0,0,1,1,6,6,1,45,7,-1,-1,-1,-1,3,E01012197,0,-1
2021010303874,2021,010303874,1,1,0,99,99,9,9,0,0,3,0,0,0,0,1,1,6,6,1,49,8,-1,-1,-1,-1,9,E01003466,0,-1
2021010297831,2021,010297831,1,-1,9,99,99,9,9,99,99,9,9,99,9,99,9,9,6,6,3,-1,-1,-1,-1,-1,-1,-1,-1,1,-1
2021010303933,2021,010303933,1,1,0,5,5,3,7,0,0,1,0,0,0,0,3,1,2,2,1,62,9,-1,-1,-1,-1,1,E01032512,0,-1
2021010324216,2021,010324216,1,1,0,18,19,1,5,0,0,0,5,0,0,0,1,1,2,2,1,52,8,-1,-1,-1,-1,4,E01004345,0,-1
2021041038911,2021,041038911,1,1,0,16,19,5,1,0,0,0,1,0,0,0,3,1,5,6,1,50,8,-1,-1,-1,-1,9,E01025439,0,-1
202131B037421,2021,31B037421,2,1,0,9,9,8,6,0,0,5,0,0,0,0,1,1,6,6,2,54,8,-1,-1,-1,-1,10,E01028292,0,-1
2021010336100,2021,010336100,2,1,0,18,19,1,5,0,0,2,0,0,0,0,1,1,1,1,1,20,4,-1,-1,-1,-1,7,E01001538,0,-1
2021221036797,2021,221036797,2,19,0,7,7,5,7,0,0,4,0,0,0,0,1,1,2,2,1,23,5,-1,-1,-1,-1,5,E01032404,0,-1
2021440465246,2021,440465246,3,9,0,18,19,3,7,0,0,0,0,0,0,0,2,1,6,6,1,49,8,-1,-1,-1,-1,10,E01016199,0,-1
2021320397689,2021,320397689,3,9,0,18,19,6,8,0,0,0,0,0,0,0,1,1,6,6,1,56,9,-1,-1,-1,-1,-1,-1,0,-1
2021332100656,2021,332100656,1,9,0,7,7,5,1,0,0,2,0,0,0,0,1,1,6,6,3,-1,-1,-1,-1,-1,-1,-1,-1,0,-1
2021031073669,2021,031073669,1,9,0,5,5,2,2,0,0,1,0,0,0,0,3,1,5,6,1,42,7,-1,-1,-1,-1,4,E01019232,0,-1
2021501098485,2021,501098485,1,1,0,18,19,3,7,0,0,0,0,0,0,0,1,1,5,6,1,48,8,-1,-1,-1,-1,1,E01015080,0,-1
2021501053483,2021,501053483,1,5,0,16,19,4,7,0,0,0,2,0,0,0,1,1,5,6,1,50,8,-1,-1,-1,-1,3,E01020079,0,-1
2021070429039,2021,070429039,2,97,0,18,19,3,7,0,0,0,1,0,0,0,1,1,6,6,1,34,6,-1,-1,-1,-1,-1,-1,0,-1
2021351039099,2021,351039099,2,19,0,2,2,0,0,0,0,1,0,0,0,0,4,1,6,6,3,-1,-1,-1,-1,-1,-1,-1,-1,0,-1
2021351118366,2021,351118366,1,9,0,18,19,3,7,0,0,1,0,0,3,0,1,1,2,2,1,42,7,-1,-1,-1,-1,8,E01017987,0,-1
2021302101209,2021,302101209,1,90,0,18,19,2,6,0,0,8,0,0,0,0,1,1,6,6,3,-1,-1,-1,-1,-1,-1,5,E01019456,0,-1
2021010340895,2021,010340895,2,1,0,5,5,5,1,9,9,0,0,0,0,0,1,1,6,6,1,16,4,-1,-1,-1,-1,3,E01000464,0,-1
2021622100566,2021,622100566,1,9,0,18,19,6,2,0,0,0,0,0,0,0,1,1,6,6,2,17,4,-1,-1,-1,-1,-1,-1,0,-1
2021061055307,2021,061055307,2,1,0,18,19,7,3,0,0,0,0,0,0,0,1,1,6,6,1,47,8,-1,-1,-1,-1,2,E01033726,0,-1
202160Z105914,2021,60Z105914,1,9,0,18,19,3,7,0,0,0,0,0,0,0,4,1,6,6,1,-1,-1,-1,-1,-1,-1,-1,-1,0,-1
2021351020825,2021,351020825,1,1,0,14,14,1,5,0,0,0,0,0,0,0,1,1,5,6,1,25,5,-1,-1,-1,-1,2,E01015599,0,-1
2021351070230,2021,351070230,1,20,1,18,19,5,1,0,0,4,0,0,0,0,3,1,6,6,3,-1,-1,-1,-1,-1,-1,-1,-1,0,-1
2021332100379,2021,332100379,2,9,0,18,19,5,1,0,0,0,0,0,0,0,1,1,6,6,2,27,6,-1,-1,-1,-1,7,E01025659,0,-1
2021522105370,2021,522105370,2,23,0,18,19,5,1,9,9,8,0,0,0,0,1,1,6,6,3,23,5,-1,-1,-1,-1,-1,-1,0,-1
2021471086461,2021,471086461,2,9,0,2,2,0,0,6,6,0,0,0,0,0,3,2,6,6,3,-1,-1,-1,-1,-1,-1,-1,-1,0,-1
2021451098450,2021,451098450,1,1,0,18,19,5,4,0,0,2,0,0,0,0,2,1,5,6,1,69,10,-1,-1,-1,-1,10,E01030986,0,-1
2021041076901,2021,041076901,2,1,0,18,19,1,5,0,0,4,0,0,0,0,1,1,6,6,1,68,10,-1,-1,-1,-1,3,E01012615,0,-1
2021010305311,2021,010305311,1,9,0,18,19,3,7,0,0,1,0,0,0,0,1,1,6,6,1,53,8,-1,-1,-1,-1,1,E01004702,0,-1
2021201155083,2021,201155083,2,1,0,18,19,2,6,0,0,0,0,0,0,0,1,1,6,6,1,22,5,-1,-1,-1,-1,2,E01010045,0,-1
202163B019621,2021,63B019621,1,9,0,7,7,2,6,0,0,8,0,0,0,0,1,1,6,6,2,51,8,-1,-1,-1,-1,4,W01000516,0,-1
2021010326085,2021,010326085,2,1,0,13,13,1,5,0,0,1,0,0,0,0,4,1,6,6,2,26,6,-1,-1,-1,-1,2,E01032787,0,-1
2021061114019,2021,061114019,1,9,0,18,19,1,5,0,0,0,0,0,0,0,0,1,6,6,2,30,6,-1,-1,-1,-1,9,E01006140,0,-1
2021131099414,2021,131099414,1,9,0,-1,-1,-1,-1,-1,-1,0,-1,-1,-1,-1,-1,1,6,6,3,-1,-1,-1,-1,-1,-1,-1,-1,0,-1
2021161088094,2021,161088094,2,1,0,18,19,7,3,0,0,8,0,0,0,0,1,1,1,1,1,19,4,-1,-1,-1,-1,4,E01012896,0,-1
2021061054980,2021,061054980,1,9,0,7,7,2,4,0,0,5,0,0,0,0,1,1,6,6,1,30,6,-1,-1,-1,-1,-1,-1,0,-1
2021010348316,2021,010348316,2,9,0,9,9,1,7,0,0,6,0,0,1,0,1,1,6,6,1,26,6,-1,-1,-1,-1,2,E01002068,0,-1
2021010346629,2021,010346629,1,3,0,16,19,8,3,0,0,7,0,0,0,0,1,1,1,1,1,34,6,-1,-1,-1,-1,6,E01000726,0,-1
2021010347588,2021,010347588,1,1,9,99,99,9,9,99,99,9,9,99,9,99,9,1,2,2,1,32,6,-1,-1,-1,-1,8,E01004058,0,-1
2021332100948,2021,332100948,2,9,0,18,19,5,1,0,0,1,0,0,0,0,3,1,6,6,1,26,6,-1,-1,-1,-1,1,E01013755,0,-1
2021471083913,2021,471083913,1,9,0,6,6,7,7,0,0,1,0,0,0,0,3,1,5,6,1,19,4,-1,-1,-1,-1,7,E01031541,0,-1
2021411035877,2021,411035877,1,19,0,18,19,-1,-1,0,0,8,0,0,0,0,1,1,6,6,3,-1,-1,-1,-1,-1,-1,-1,-1,0,-1
2021471033354,2021,471033354,3,9,0,18,19,4,8,0,0,0,0,0,0,0,0,1,6,6,3,-1,-1,-1,-1,-1,-1,-1,-1,0,-1
2021111054367,2021,111054367,3,90,0,3,3,3,7,0,0,1,0,0,0,0,2,1,6,6,3,30,6,-1,-1,-1,-1,-1,-1,0,-1
2021522105397,2021,522105397,2,9,0,1,1,3,7,0,0,0,0,0,0,0,2,1,6,6,3,-1,-1,-1,-1,-1,-1,-1,-1,0,-1
2021430553145,2021,430553145,2,1,0,18,19,4,8,0,0,0,0,0,0,0,3,1,6,6,2,65,9,-1,-1,-1,-1,8,E01028647,0,-1
2021332100585,2021,332100585,1,9,0,7,7,2,4,0,0,2,0,0,0,0,1,1,6,6,1,59,9,-1,-1,-1,-1,8,E01025739,0,-1
2021010317893,2021,010317893,2,1,0,18,19,3,7,0,0,0,0,0,0,0,1,1,2,2,1,33,6,-1,-1,-1,-1,8,E01004058,0,-1
2021061042427,2021,061042427,2,1,-1,18,19,7,3,0,0,1,0,0,0,0,0,1,5,6,1,59,9,-1,-1,-1,-1,8,E01006078,0,-1
202163D084521,2021,63D084521,1,90,0,18,19,8,4,0,0,0,0,0,0,0,0,1,6,6,3,-1,-1,-1,-1,-1,-1,-1,-1,0,-1
2021010325931,2021,010325931,1,1,9,99,99,9,9,99,99,9,9,99,9,99,9,1,2,2,1,18,4,-1,-1,-1,-1,3,E01003431,0,-1
2021131106955,2021,131106955,2,9,0,-1,-1,-1,-1,-1,-1,-1,-1,-1,-1,-1,-1,1,6,6,3,-1,-1,-1,-1,-1,-1,-1,-1,0,-1
2021201119220,2021,201119220,1,9,0,9,9,6,3,0,0,6,0,0,0,0,1,1,6,6,3,-1,-1,-1,-1,-1,-1,-1,-1,0,-1
2021361138957,2021,361138957,1,1,0,-1,-1,-1,-1,-1,-1,0,-1,-1,-1,0,-1,1,5,6,1,17,4,-1,-1,-1,-1,1,E01026662,0,-1
2021549499821,2021,549499821,4,9,0,2,2,0,0,0,0,2,0,0,0,0,2,1,6,6,1,-1,-1,-1,-1,-1,-1,-1,-1,0,-1
2021471039225,2021,471039225,1,9,0,-1,-1,-1,-1,-1,-1,0,-1,-1,-1,0,1,1,6,6,3,-1,-1,-1,-1,-1,-1,-1,-1,0,-1
2021201034534,2021,201034534,1,9,0,18,19,8,4,0,0,1,1,0,0,0,1,1,6,6,1,-1,-1,-1,-1,-1,-1,-1,-1,0,-1
2021122100885,2021,122100885,2,1,0,18,19,1,5,0,0,1,0,0,0,0,3,1,6,6,1,11,3,-1,-1,-1,-1,4,E01027609,0,-1
2021501058653,2021,501058653,1,9,4,18,19,1,5,0,0,0,1,0,0,0,1,1,1,1,1,40,7,-1,-1,-1,-1,6,E01019893,0,-1
2021501079715,2021,501079715,1,9,0,18,19,7,3,0,0,1,0,0,0,0,1,1,6,6,3,-1,-1,-1,-1,-1,-1,-1,-1,0,-1
2021010306364,2021,010306364,1,1,9,99,99,9,9,99,99,9,9,99,9,99,9,1,2,2,1,51,8,-1,-1,-1,-1,4,E01001396,0,-1
2021041112366,2021,041112366,2,1,0,18,19,3,7,0,0,0,0,0,0,0,1,1,6,6,1,17,4,-1,-1,-1,-1,5,E01025428,0,-1
2021622100664,2021,622100664,1,23,0,18,19,6,2,0,0,1,0,0,0,0,1,1,6,6,1,25,5,-1,-1,-1,-1,1,W01001886,0,-1
2021070205782,2021,070205782,1,9,0,18,19,6,2,0,0,0,0,0,0,0,1,1,6,6,2,-1,-1,-1,-1,-1,-1,-1,-1,0,-1
2021070209639,2021,070209639,2,1,0,18,19,3,7,0,0,2,0,0,0,0,4,1,6,6,1,51,8,-1,-1,-1,-1,9,E01012488,0,-1
2021501120408,2021,501120408,2,1,0,18,19,6,6,0,0,1,1,0,0,0,1,1,6,6,1,45,7,-1,-1,-1,-1,2,E01015239,0,-1
2021201112673,2021,201112673,1,11,0,5,5,4,6,0,0,2,0,0,0,0,1,1,1,1,1,56,9,-1,-1,-1,-1,4,E01009205,0,-1
2021440000800,2021,440000800,2,1,0,18,19,4,8,0,0,8,0,0,0,0,1,1,6,6,1,56,9,-1,-1,-1,-1,8,E01022984,0,-1
2021461061610,2021,461061610,2,9,0,2,2,0,0,0,0,1,0,0,0,0,1,1,5,6,3,-1,-1,-1,-1,-1,-1,-1,-1,0,-1
2021221127589,2021,221127589,2,1,0,18,19,5,1,0,0,8,0,0,1,0,2,1,2,2,2,22,5,-1,-1,-1,-1,2,E01014048,0,-1
2021010302884,2021,010302884,1,1,9,99,99,9,9,99,99,9,9,99,9,99,1,1,2,2,1,31,6,-1,-1,-1,-1,2,E01002787,0,-1
202163B006121,2021,63B006121,3,21,0,16,19,4,7,0,0,0,0,0,0,0,3,1,1,1,1,64,9,-1,-1,-1,-1,5,W01000765,0,-1
2021010321501,2021,010321501,2,1,0,17,19,5,1,9,9,1,0,0,7,0,1,1,2,2,1,27,6,-1,-1,-1,-1,-1,-1,0,-1
2021070834091,2021,070834091,1,9,4,9,9,3,1,0,0,1,0,0,0,0,4,1,6,6,3,-1,-1,-1,-1,-1,-1,-1,-1,0,-1
2021122100161,2021,122100161,4,9,0,2,2,0,0,0,0,2,0,4,0,0,2,1,6,6,3,-1,-1,-1,-1,-1,-1,-1,-1,0,-1
2021010298254,2021,010298254,1,2,0,18,19,7,3,0,0,1,5,0,0,99,3,1,6,6,1,-1,-1,-1,-1,-1,-1,-1,-1,0,-1
2021991142169,2021,991142169,2,1,0,16,19,3,6,0,0,1,0,0,0,0,1,1,6,6,1,23,5,-1,-1,-1,-1,10,-1,0,-1
2021010315924,2021,010315924,2,-1,0,18,19,4,8,0,0,1,0,0,0,0,1,1,6,6,1,14,3,-1,-1,-1,-1,4,E01001635,1,-1
2021138111766,2021,138111766,1,9,0,18,19,3,7,0,0,1,0,0,0,0,1,1,6,6,2,-1,-1,-1,-1,-1,-1,-1,-1,0,-1
2021332100786,2021,332100786,1,9,0,18,19,1,5,0,0,0,0,0,0,0,3,1,6,6,2,66,10,-1,-1,-1,-1,10,E01025696,0,-1
2021991126488,2021,991126488,2,9,2,17,19,4,1,0,0,0,0,0,0,0,3,1,5,6,1,47,8,-1,-1,-1,-1,6,-1,0,-1
202163A026721,2021,63A026721,2,9,0,17,19,2,7,0,0,0,0,0,0,0,1,1,6,6,1,37,7,-1,-1,-1,-1,6,W01000639,0,-1
2021010320825,2021,010320825,1,1,0,18,19,8,4,0,0,0,0,0,0,0,2,1,6,6,1,61,9,-1,-1,-1,-1,10,E01003846,0,-1
2021131058608,2021,131058608,2,9,0,18,19,5,1,0,0,1,0,0,0,0,1,1,5,6,1,18,4,-1,-1,-1,-1,1,E01010845,0,-1
2021052100460,2021,052100460,2,1,0,18,19,1,5,0,0,0,0,0,0,0,4,1,6,6,1,-1,-1,-1,-1,-1,-1,1,E01006874,0,-1
2021010303340,2021,010303340,2,23,0,99,99,9,9,99,99,8,9,0,9,0,9,1,6,6,1,43,7,-1,-1,-1,-1,7,E01032781,0,-1
2021540795321,2021,540795321,1,9,0,4,4,6,2,0,0,0,1,0,0,0,1,1,6,6,1,34,6,-1,-1,-1,-1,8,E01031868,0,-1
2021430279697,2021,430279697,1,9,0,4,4,4,8,0,0,0,0,0,0,0,2,1,6,6,1,-1,-1,-1,-1,-1,-1,-1,-1,0,-1
2021610026721,2021,610026721,2,9,0,18,19,0,0,0,0,1,0,0,0,0,2,1,6,6,3,-1,-1,-1,-1,-1,-1,-1,-1,0,-1
2021010333899,2021,010333899,1,9,0,99,99,9,9,99,99,0,9,99,9,99,2,9,6,6,2,33,6,-1,-1,-1,-1,4,E01015952,0,-1
2021010318911,2021,010318911,2,9,0,99,99,9,9,99,99,9,9,99,9,99,2,9,6,6,3,-1,-1,-1,-1,-1,-1,-1,-1,0,-1
2021320493339,2021,320493339,1,9,0,18,19,2,6,0,0,2,0,0,0,0,1,1,6,6,3,40,7,-1,-1,-1,-1,-1,-1,0,-1
2021010314836,2021,010314836,1,9,0,4,4,1,5,0,0,2,0,0,0,0,3,1,6,6,1,-1,-1,-1,-1,-1,-1,-1,-1,0,-1
2021351150061,2021,351150061,1,9,0,5,5,5,1,0,0,0,0,0,0,0,1,1,1,1,1,36,7,-1,-1,-1,-1,6,E01029951,0,-1
2021481092300,2021,481092300,1,8,0,2,2,0,0,0,0,2,0,0,0,0,3,1,1,1,1,40,7,-1,-1,-1,-1,-1,-1,0,-1
2021461013523,2021,461013523,2,1,0,18,19,1,5,0,0,0,1,0,1,0,3,1,5,6,1,47,8,-1,-1,-1,-1,4,E01024620,0,-1
2021421018848,2021,421018848,3,9,0,18,19,6,1,0,0,0,0,0,0,0,0,1,6,6,3,-1,-1,-1,-1,-1,-1,-1,-1,0,-1
2021010320078,2021,010320078,1,1,9,99,99,9,9,99,99,9,9,99,9,99,1,1,6,6,1,27,6,-1,-1,-1,-1,8,E01032637,0,-1
2021430106210,2021,430106210,3,9,0,18,19,2,6,0,0,0,0,0,0,0,3,1,6,6,3,-1,-1,-1,-1,-1,-1,-1,-1,0,-1
2021302101377,2021,302101377,1,9,0,7,7,4,6,0,0,3,0,0,0,0,1,1,6,6,3,-1,-1,-1,-1,-1,-1,5,E01019456,0,-1
2021351115326,2021,351115326,2,9,0,18,19,7,3,0,0,1,0,0,0,0,3,1,1,1,1,49,8,-1,-1,-1,-1,5,E01015037,0,-1
2021010303754,2021,010303754,2,9,0,18,19,3,7,0,0,0,0,0,0,0,0,1,1,1,1,21,5,-1,-1,-1,-1,2,E01004252,0,-1
2021131090277,2021,131090277,2,90,0,18,19,6,2,0,0,1,0,0,0,0,1,1,6,6,1,23,5,-1,-1,-1,-1,3,E01011234,0,-1
2021010314131,2021,010314131,1,9,0,18,19,1,5,0,0,8,0,0,0,0,1,1,6,6,3,-1,-1,-1,-1,-1,-1,-1,-1,0,-1
2021221056829,2021,221056829,1,1,0,5,5,2,6,0,0,1,0,0,0,0,3,1,4,7,1,14,3,-1,-1,-1,-1,6,E01032244,0,-1
2021201082454,2021,201082454,1,90,0,18,19,2,6,0,0,6,0,0,0,0,1,1,6,6,1,-1,-1,-1,-1,-1,-1,-1,-1,0,-1
2021221109414,2021,221109414,2,9,0,10,10,3,1,0,0,8,0,0,0,0,2,1,6,6,1,67,10,-1,-1,-1,-1,5,E01014096,0,-1
2021991066527,2021,991066527,3,20,0,2,2,1,1,9,9,0,0,0,0,0,4,1,6,6,3,-1,-1,-1,-1,-1,-1,-1,-1,0,-1
2021211077734,2021,211077734,1,19,0,9,9,4,2,0,0,8,0,0,0,0,1,1,1,1,1,31,6,-1,-1,-1,-1,-1,-1,0,-1
202134WNC3531,2021,34WNC3531,2,5,0,2,2,0,0,0,0,0,0,4,0,0,3,1,6,6,1,22,5,-1,-1,-1,-1,10,E01027298,0,-1
2021010332813,2021,010332813,2,1,0,18,19,1,5,0,0,1,0,0,0,0,1,1,1,1,1,38,7,-1,-1,-1,-1,9,E01003880,0,-1
2021221031316,2021,221031316,2,1,0,18,19,8,4,0,0,4,0,0,0,0,1,1,5,6,1,28,6,-1,-1,-1,-1,-1,-1,0,-1
2021010299534,2021,010299534,2,1,0,15,15,5,1,0,0,5,5,0,1,0,1,1,6,6,1,31,6,-1,-1,-1,-1,4,E01004412,0,-1
2021010312537,2021,010312537,1,21,1,4,4,5,1,0,0,1,0,0,0,0,1,1,1,1,1,30,6,-1,-1,-1,-1,-1,-1,0,-1
2021010331900,2021,010331900,1,97,9,18,19,1,5,99,99,9,9,99,9,99,9,1,6,6,3,-1,-1,-1,-1,-1,-1,-1,-1,0,-1
2021070623236,2021,070623236,1,1,0,9,9,5,1,0,0,1,0,0,0,0,1,1,2,2,1,29,6,-1,-1,-1,-1,5,E01012542,0,-1
2021201056385,2021,201056385,2,1,0,18,19,6,2,0,0,0,0,0,0,0,1,1,5,6,1,11,3,-1,-1,-1,-1,2,E01010260,0,-1
2021010345877,2021,010345877,1,9,9,99,99,9,9,99,99,1,9,99,9,99,9,9,6,6,3,-1,-1,-1,-1,-1,-1,-1,-1,0,-1
2021440507239,2021,440507239,1,1,0,18,19,5,1,9,9,1,0,0,3,0,2,1,6,6,1,35,6,-1,-1,-1,-1,1,E01032882,0,-1
2021201151293,2021,201151293,1,9,0,18,19,2,6,0,0,0,0,0,0,0,1,1,1,1,2,33,6,-1,-1,-1,-1,4,E01009284,0,-1
2021332100336,2021,332100336,1,8,0,4,4,6,2,0,0,1,0,0,0,0,2,1,1,1,1,33,6,-1,-1,-1,-1,1,E01013755,0,-1
2021501128384,2021,501128384,2,1,0,18,19,6,2,0,0,0,0,0,0,0,1,1,6,6,2,48,8,-1,-1,-1,-1,2,E01019990,0,-1
2021221069113,2021,221069113,2,1,0,18,19,6,2,0,0,8,0,0,0,0,1,1,5,6,1,47,8,-1,-1,-1,-1,10,E01032298,0,-1
202131C180521,2021,31C180521,2,1,0,7,7,5,7,0,0,6,0,0,0,0,3,1,6,6,1,43,7,-1,-1,-1,-1,-1,-1,0,-1
2021461022721,2021,461022721,5,9,0,18,19,2,6,0,0,0,0,0,0,0,1,1,6,6,1,37,7,-1,-1,-1,-1,4,E01016143,0,-1
2021332100442,2021,332100442,2,9,0,18,19,8,4,0,0,8,0,0,0,0,1,1,6,6,1,23,5,-1,-1,-1,-1,10,E01025785,0,-1
2021201108345,2021,201108345,1,1,0,18,19,6,2,0,0,6,1,0,0,0,1,1,6,6,2,14,3,-1,-1,-1,-1,1,E01009514,0,-1
2021061047639,2021,061047639,2,1,0,18,19,2,7,0,0,8,2,0,0,0,1,1,6,6,1,58,9,-1,-1,-1,-1,1,E01005272,0,-1
2021332101536,2021,332101536,2,9,0,18,19,3,7,0,0,0,0,0,0,0,0,1,6,6,1,35,6,-1,-1,-1,-1,-1,-1,0,-1
2021320377130,2021,320377130,2,9,0,18,19,2,6,0,0,1,0,0,0,0,2,1,2,2,1,28,6,-1,-1,-1,-1,-1,-1,0,-1
2021161092757,2021,161092757,2,1,0,18,19,5,1,0,0,1,0,0,0,0,3,1,6,6,1,46,8,-1,-1,-1,-1,1,E01012859,0,-1
2021101107342,2021,101107342,1,9,5,18,19,5,1,9,9,1,0,0,0,0,4,1,1,1,1,56,9,-1,-1,-1,-1,2,E01008591,0,-1
2021221028639,2021,221028639,2,1,0,18,19,1,5,0,0,2,0,0,0,0,2,1,5,6,1,41,7,-1,-1,-1,-1,7,E01033243,0,-1
2021552101019,2021,552101019,1,1,0,18,19,4,8,0,0,8,0,0,0,0,1,1,2,2,2,17,4,-1,-1,-1,-1,7,E01020507,0,-1
2021371086094,2021,371086094,2,9,0,4,4,3,6,0,0,0,0,0,0,0,2,1,5,6,1,50,8,-1,-1,-1,-1,1,E01030277,0,-1
2021201076713,2021,201076713,2,1,0,18,19,-1,-1,9,9,8,0,0,0,0,1,1,6,6,1,20,4,-1,-1,-1,-1,1,E01009305,0,-1
202106Q079191,2021,06Q079191,1,9,0,18,19,2,6,0,0,8,1,0,7,0,1,1,6,6,1,16,4,-1,-1,-1,-1,3,E01005363,0,-1
2021320141495,2021,320141495,1,9,0,16,19,8,4,0,0,0,5,0,7,4,1,1,6,6,2,82,11,-1,-1,-1,-1,6,E01026387,0,-1
2021302101531,2021,302101531,3,9,0,3,3,3,8,0,0,1,0,0,0,0,0,1,6,6,2,-1,-1,-1,-1,-1,-1,6,E01019876,0,-1
2021461070901,2021,461070901,2,9,0,4,4,1,5,0,0,0,0,0,0,0,2,1,6,6,2,-1,-1,-1,-1,-1,-1,-1,-1,0,-1
2021320683913,2021,320683913,1,9,0,16,19,2,6,0,0,0,2,0,7,0,3,1,6,6,2,38,7,-1,-1,-1,-1,1,E01026115,0,-1
202160Z127844,2021,60Z127844,1,9,0,18,19,4,8,0,0,0,0,0,0,0,1,1,6,6,2,55,8,-1,-1,-1,-1,-1,-1,0,-1
2021010329848,2021,010329848,1,1,0,18,19,3,7,0,0,0,0,0,0,0,1,1,2,2,1,26,6,-1,-1,-1,-1,7,E01000462,0,-1
2021332100856,2021,332100856,1,9,0,18,19,6,2,0,0,0,0,1,1,9,3,1,6,6,1,49,8,-1,-1,-1,-1,9,E01025816,0,-1
2021201138253,2021,201138253,1,9,0,18,19,8,4,0,0,0,0,0,0,0,1,1,6,6,3,-1,-1,-1,-1,-1,-1,-1,-1,0,-1
2021010287530,2021,010287530,2,9,0,99,99,9,9,99,99,9,9,99,9,99,0,9,6,6,3,-1,-1,-1,-1,-1,-1,-1,-1,0,-1
2021070186909,2021,070186909,2,1,0,18,19,6,2,0,0,0,1,0,0,0,3,1,4,7,1,14,3,-1,-1,-1,-1,6,E01018627,0,-1
2021010288498,2021,010288498,2,1,0,18,19,1,5,0,0,2,0,0,0,0,1,1,2,2,1,52,8,-1,-1,-1,-1,1,E01004304,0,-1
2021451124473,2021,451124473,2,9,0,18,19,1,5,0,0,0,0,0,0,0,0,1,6,6,3,50,8,-1,-1,-1,-1,-1,-1,0,-1
2021547251421,2021,547251421,1,9,0,5,5,8,4,0,0,1,0,0,0,0,1,1,6,6,1,19,4,-1,-1,-1,-1,9,E01032105,0,-1
202163D004121,2021,63D004121,2,1,0,18,19,6,2,0,0,0,0,0,0,0,3,1,2,2,1,54,8,-1,-1,-1,-1,6,W01000433,0,-1
2021010322012,2021,010322012,1,1,0,4,4,3,7,0,0,1,0,0,0,0,1,1,6,6,2,29,6,-1,-1,-1,-1,4,E01000547,0,-1
202154A501421,2021,54A501421,1,1,0,18,19,4,8,0,0,1,0,0,0,0,1,1,6,6,1,14,3,-1,-1,-1,-1,8,E01015584,0,-1
2021052101638,2021,052101638,2,1,0,17,19,3,7,0,0,8,0,0,0,0,4,1,6,6,1,55,8,-1,-1,-1,-1,3,E01007234,0,-1
2021141034569,2021,141034569,1,1,0,18,19,4,8,0,0,0,0,0,0,0,3,1,6,6,1,54,8,-1,-1,-1,-1,3,E01007504,0,-1