collision_index,collision_year,collision_ref_no,vehicle_reference,vehicle_type,towing_and_articulation,vehicle_manoeuvre_historic,vehicle_manoeuvre,vehicle_direction_from,vehicle_direction_to,vehicle_location_restricted_lane_historic,vehicle_location_restricted_lane,junction_location,skidding_and_overturning,hit_object_in_carriageway,vehicle_leaving_carriageway,hit_object_off_carriageway,first_point_of_impact,vehicle_left_hand_drive,journey_purpose_of_driver_historic,journey_purpose_of_driver,sex_of_driver,age_of_driver,age_band_of_driver,engine_capacity_cc,propulsion_code,age_of_vehicle,generic_make_model,driver_imd_decile,lsoa_of_driver,escooter_flag,driver_distance_banding
2021101096496,2021,101096496,1,9,-1,18,19,5,1,0,0,0,0,0,0,0,0,1,6,6,3,-1,-1,-1,-1,-1,-1,-1,-1,0,-1
202160Z071175,2021,60Z071175,2,9,0,18,19,6,2,0,0,1,0,0,0,0,4,1,6,6,1,17,4,-1,-1,-1,-1,-1,-1,0,-1
2021061112714,2021,061112714,2,1,0,9,9,3,1,0,0,2,0,0,0,0,2,1,5,6,2,25,5,-1,-1,-1,-1,4,E01006110,0,-1
2021010316910,2021,010316910,1,1,9,99,99,9,9,99,99,9,9,99,9,99,9,1,6,6,1,26,6,-1,-1,-1,-1,9,E01004542,0,-1
2021010296040,2021,010296040,1,1,9,99,99,9,9,99,99,9,9,99,9,99,1,1,2,2,1,47,8,-1,-1,-1,-1,8,E01000910,0,-1
2021010290507,2021,010290507,2,19,0,9,9,5,2,0,0,8,0,0,0,0,4,1,6,6,3,-1,-1,-1,-1,-1,-1,-1,-1,0,-1
2021332100479,2021,332100479,2,1,0,18,19,8,4,9,9,8,0,0,0,0,3,1,4,7,2,11,3,-1,-1,-1,-1,10,E01033103,0,-1
2021010301383,2021,010301383,2,1,0,4,4,6,2,0,0,1,0,0,0,0,4,1,6,6,2,26,6,-1,-1,-1,-1,7,E01001904,0,-1
2021302102100,2021,302102100,1,9,0,7,7,2,4,0,0,4,0,0,0,0,1,1,6,6,3,-1,-1,-1,-1,-1,-1,5,E01019456,0,-1
2021101026573,2021,101026573,1,9,0,6,6,6,8,0,0,0,0,0,0,0,4,1,6,6,1,45,7,-1,-1,-1,-1,-1,-1,0,-1
2021010314189,2021,010314189,1,9,0,17,19,1,5,0,0,1,0,0,0,0,4,1,2,2,1,26,6,-1,-1,-1,-1,2,E01004008,0,-1
2021010314642,2021,010314642,1,1,9,99,99,9,9,99,99,9,9,99,9,99,1,1,6,6,1,50,8,-1,-1,-1,-1,3,E01004540,0,-1
2021010349631,2021,010349631,1,1,9,99,99,9,9,99,99,9,9,99,9,99,9,1,2,2,1,46,8,-1,-1,-1,-1,9,E01004555,0,-1
2021221046793,2021,221046793,2,1,0,18,19,1,5,0,0,8,0,0,0,0,4,1,5,6,2,26,6,-1,-1,-1,-1,8,E01028997,0,-1
2021471042106,2021,471042106,2,1,0,18,19,4,2,0,0,0,0,0,0,0,1,1,5,6,1,56,9,-1,-1,-1,-1,5,E01031583,0,-1
2021010334499,2021,010334499,2,9,9,99,99,9,9,99,99,9,9,99,9,99,9,9,6,6,3,-1,-1,-1,-1,-1,-1,-1,-1,0,-1
2021010348511,2021,010348511,1,9,0,18,19,6,2,0,0,9,0,0,0,0,1,1,6,6,3,-1,-1,-1,-1,-1,-1,-1,-1,0,-1
2021010297303,2021,010297303,2,1,0,18,19,6,2,4,4,1,0,0,0,0,1,1,2,2,2,29,6,-1,-1,-1,-1,-1,-1,0,-1
2021451055249,2021,451055249,1,1,0,18,19,3,6,9,9,1,2,0,0,0,1,1,5,6,1,13,3,-1,-1,-1,-1,8,E01030347,0,-1
2021052101275,2021,052101275,1,1,0,18,19,6,2,0,0,1,0,0,0,0,4,1,6,6,1,19,4,-1,-1,-1,-1,2,E01006782,0,-1
2021461125282,2021,461125282,1,3,0,7,7,6,3,0,0,6,0,0,0,0,1,1,6,6,2,-1,-1,-1,-1,-1,-1,3,E01024166,0,-1
2021332100319,2021,332100319,2,9,0,9,9,1,7,0,0,5,0,0,0,0,1,1,6,6,3,-1,-1,-1,-1,-1,-1,-1,-1,0,-1
202160Z141776,2021,60Z141776,1,9,0,9,9,4,2,0,0,2,0,0,0,0,3,1,6,6,1,79,11,-1,-1,-1,-1,-1,-1,0,-1
2021522102830,2021,522102830,2,9,0,18,19,1,5,0,0,8,0,0,0,0,3,1,6,6,2,50,8,-1,-1,-1,-1,-1,-1,0,-1
2021430101176,2021,430101176,1,1,0,18,19,3,7,0,0,0,0,0,0,0,3,1,6,6,1,32,6,-1,-1,-1,-1,10,E01023377,0,-1
2021061044807,2021,061044807,1,9,0,11,11,5,1,0,0,0,0,0,0,0,3,1,5,6,3,30,6,-1,-1,-1,-1,-1,-1,0,-1
2021010305540,2021,010305540,2,9,0,2,2,0,0,0,0,0,0,0,0,0,4,1,6,6,3,-1,-1,-1,-1,-1,-1,-1,-1,0,-1
2021161017986,2021,161017986,1,22,0,18,19,2,6,0,0,0,0,0,0,0,1,1,6,6,2,39,7,-1,-1,-1,-1,5,E01013082,0,-1
2021451012956,2021,451012956,1,1,0,18,19,1,5,0,0,8,5,0,0,0,1,1,2,2,1,20,4,-1,-1,-1,-1,9,E01030716,0,-1
2021332100972,2021,332100972,2,9,0,18,19,4,8,0,0,8,0,0,2,0,1,1,6,6,1,69,10,-1,-1,-1,-1,7,E01025889,0,-1
2021520102333,2021,520102333,2,16,0,18,19,7,3,0,0,0,0,0,0,0,1,1,6,6,2,12,3,-1,-1,-1,-1,-1,-1,0,-1
2021201062711,2021,201062711,1,9,0,15,15,6,2,0,0,0,0,4,0,0,1,1,6,6,1,-1,-1,-1,-1,-1,-1,-1,-1,0,-1
2021070738656,2021,070738656,1,19,0,18,19,8,4,0,0,0,0,0,0,0,1,1,6,6,1,48,8,-1,-1,-1,-1,4,E01018639,0,-1
2021131052772,2021,131052772,1,90,0,9,9,1,5,0,0,1,0,0,0,0,1,1,6,6,1,68,10,-1,-1,-1,-1,1,E01010802,0,-1
2021201044539,2021,201044539,2,1,0,9,9,5,3,0,0,3,0,4,0,0,4,1,6,6,1,61,9,-1,-1,-1,-1,2,E01010017,0,-1
2021052102708,2021,052102708,2,1,0,18,19,1,5,0,0,0,0,0,0,0,3,1,6,6,2,21,5,-1,-1,-1,-1,2,E01006751,0,-1
2021522104123,2021,522104123,2,9,0,18,19,8,4,0,0,0,0,0,0,0,3,1,6,6,3,-1,-1,-1,-1,-1,-1,-1,-1,0,-1
2021010300646,2021,010300646,1,1,9,99,99,9,9,99,99,9,9,99,9,99,1,1,6,6,1,24,5,-1,-1,-1,-1,5,E01001682,0,-1
2021231018885,2021,231018885,2,1,0,18,19,1,5,0,0,0,1,0,0,0,2,1,2,2,1,43,7,-1,-1,-1,-1,5,E01031114,0,-1
2021332100854,2021,332100854,1,9,0,7,7,4,6,0,0,6,1,7,2,10,1,1,6,6,1,-1,-1,-1,-1,-1,-1,-1,-1,0,-1
2021610005121,2021,610005121,1,9,0,2,2,4,8,0,0,0,0,0,0,0,2,1,6,6,1,45,7,-1,-1,-1,-1,-1,-1,0,-1
2021332100085,2021,332100085,1,9,0,18,19,4,8,0,0,0,0,0,0,0,1,1,6,6,2,19,4,-1,-1,-1,-1,2,E01013687,0,-1
202163C025321,2021,63C025321,1,1,0,16,19,6,8,0,0,0,0,0,0,0,1,1,6,6,1,55,8,-1,-1,-1,-1,-1,-1,0,-1
20211382R0997,2021,1382R0997,2,1,0,18,19,3,4,0,0,8,0,0,0,0,1,1,6,6,1,44,7,-1,-1,-1,-1,2,E01011374,0,-1
2021471035967,2021,471035967,2,1,0,18,19,7,3,0,0,8,0,0,0,0,3,1,6,6,1,54,8,-1,-1,-1,-1,1,E01016900,0,-1
2021141107295,2021,141107295,1,9,0,5,5,3,5,0,0,6,0,0,0,0,0,1,6,6,3,-1,-1,-1,-1,-1,-1,-1,-1,0,-1
2021010331429,2021,010331429,2,9,0,10,10,5,3,0,0,1,0,0,0,0,1,1,6,6,3,-1,-1,-1,-1,-1,-1,-1,-1,0,-1
2021131114745,2021,131114745,1,98,0,-1,-1,-1,-1,-1,-1,0,-1,-1,-1,-1,-1,1,6,6,3,-1,-1,-1,-1,-1,-1,-1,-1,0,-1
2021010311352,2021,010311352,2,1,0,18,19,1,5,0,0,1,0,0,0,0,0,1,6,6,2,29,6,-1,-1,-1,-1,5,E01003028,0,-1
2021552101094,2021,552101094,2,1,0,18,19,8,4,0,0,0,0,0,0,0,1,1,6,6,1,14,3,-1,-1,-1,-1,7,E01015352,0,-1
2021010304979,2021,010304979,2,9,0,99,99,9,9,99,99,4,9,99,9,99,2,9,6,6,3,-1,-1,-1,-1,-1,-1,-1,-1,0,-1
2021010328908,2021,010328908,2,-1,0,18,19,5,1,0,0,8,0,0,0,0,1,1,6,6,1,42,7,-1,-1,-1,-1,1,E01003961,1,-1
2021451080884,2021,451080884,1,1,0,18,19,1,5,5,5,0,0,0,0,0,1,1,5,6,1,18,4,-1,-1,-1,-1,6,E01031520,0,-1
2021010319884,2021,010319884,1,1,0,18,19,5,1,0,0,6,0,0,1,0,1,1,6,6,2,36,7,-1,-1,-1,-1,4,E01001180,0,-1
2021302100701,2021,302100701,1,1,0,18,19,2,6,0,0,0,0,0,0,0,1,1,6,6,3,-1,-1,-1,-1,-1,-1,5,E01019456,0,-1
2021411100968,2021,411100968,1,98,1,18,19,3,7,0,0,0,0,0,0,0,1,1,1,1,1,49,8,-1,-1,-1,-1,-1,-1,0,-1
2021430477716,2021,430477716,2,9,0,9,9,7,3,0,0,6,0,0,0,0,3,1,6,6,1,30,6,-1,-1,-1,-1,-1,-1,0,-1
2021070210341,2021,070210341,1,1,0,17,19,5,2,0,0,8,5,10,0,0,4,1,6,6,1,53,8,-1,-1,-1,-1,7,E01012496,0,-1
2021061084977,2021,061084977,1,9,0,18,19,6,2,0,0,0,0,0,0,0,0,1,6,6,3,40,7,-1,-1,-1,-1,-1,-1,0,-1
2021010330574,2021,010330574,2,3,0,7,7,3,6,0,0,8,0,0,0,0,3,1,1,1,1,59,9,-1,-1,-1,-1,6,E01002674,0,-1
2021111062553,2021,111062553,2,1,0,18,19,5,1,0,0,1,0,0,0,0,4,1,1,1,1,48,8,-1,-1,-1,-1,-1,-1,0,-1
2021440143745,2021,440143745,1,3,0,18,19,6,2,0,0,8,0,0,0,0,1,1,6,6,1,28,6,-1,-1,-1,-1,3,E01023091,0,-1
2021332100821,2021,332100821,9,9,0,18,19,4,8,0,0,0,0,0,0,0,1,1,6,6,2,20,4,-1,-1,-1,-1,5,E01032905,0,-1
2021111131608,2021,111131608,1,9,0,18,19,2,8,0,0,0,0,8,0,0,1,1,6,6,3,40,7,-1,-1,-1,-1,-1,-1,0,-1
2021010288191,2021,010288191,2,1,9,99,99,9,9,99,99,0,9,99,9,99,2,1,6,6,3,-1,-1,-1,-1,-1,-1,-1,-1,0,-1
2021332100171,2021,332100171,1,9,0,18,19,4,8,0,0,3,0,0,0,0,4,1,6,6,2,42,7,-1,-1,-1,-1,5,E01025670,0,-1
2021010307528,2021,010307528,2,1,0,18,19,7,3,0,0,1,2,0,0,0,4,1,6,6,1,68,10,-1,-1,-1,-1,4,E01003793,0,-1
2021440440801,2021,440440801,2,9,0,4,4,8,4,0,0,0,0,0,0,0,2,1,6,6,3,-1,-1,-1,-1,-1,-1,-1,-1,0,-1
2021302100817,2021,302100817,1,9,0,13,13,6,8,0,0,2,0,0,0,0,4,1,6,6,3,-1,-1,-1,-1,-1,-1,5,E01019456,0,-1
2021461024751,2021,461024751,2,9,0,9,9,5,1,0,0,1,0,0,0,0,1,1,2,2,1,22,5,-1,-1,-1,-1,3,E01024696,0,-1
2021052101414,2021,052101414,1,9,0,11,11,2,6,0,0,0,0,0,0,0,4,1,1,1,1,70,10,-1,-1,-1,-1,6,E01007063,0,-1
2021201116202,2021,201116202,1,9,0,18,19,4,8,0,0,1,0,0,0,0,1,1,6,6,3,30,6,-1,-1,-1,-1,-1,-1,0,-1
2021010319142,2021,010319142,1,1,9,99,99,9,9,99,99,0,9,99,9,99,1,1,6,6,1,36,7,-1,-1,-1,-1,1,E01001876,0,-1
2021471028568,2021,471028568,1,9,0,18,19,7,3,0,0,2,0,0,0,0,1,1,6,6,2,-1,-1,-1,-1,-1,-1,-1,-1,0,-1
2021430204455,2021,430204455,1,3,0,18,19,1,5,0,0,6,1,0,0,0,1,1,6,6,1,18,4,-1,-1,-1,-1,6,E01016473,0,-1
2021522103092,2021,522103092,2,97,0,5,5,2,6,0,0,6,0,0,0,0,1,1,6,6,2,20,4,-1,-1,-1,-1,7,E01014611,0,-1
202160Z041617,2021,60Z041617,2,9,0,4,4,6,2,0,0,0,0,0,0,0,2,1,6,6,2,30,6,-1,-1,-1,-1,-1,-1,0,-1
2021421085437,2021,421085437,2,1,0,18,19,3,7,0,0,0,0,0,0,0,1,1,5,6,1,36,7,-1,-1,-1,-1,6,E01033723,0,-1
202131C175421,2021,31C175421,1,1,0,18,19,4,8,0,0,2,1,0,0,0,1,1,6,6,1,27,6,-1,-1,-1,-1,3,E01013874,0,-1
2021052101109,2021,052101109,1,8,0,18,19,1,5,0,0,0,0,0,0,0,1,1,6,6,3,-1,-1,-1,-1,-1,-1,-1,-1,0,-1
2021010327520,2021,010327520,1,2,0,18,19,3,7,0,0,8,0,0,0,0,1,1,6,6,3,-1,-1,-1,-1,-1,-1,-1,-1,0,-1
202163D052621,2021,63D052621,2,1,0,18,19,2,6,0,0,0,0,0,0,0,3,1,6,6,1,65,9,-1,-1,-1,-1,7,W01000460,0,-1
2021010300422,2021,010300422,2,1,0,9,9,1,7,0,0,1,0,0,1,0,2,1,1,1,2,49,8,-1,-1,-1,-1,2,E01002710,0,-1
2021211074499,2021,211074499,1,1,0,16,19,3,6,0,0,1,0,0,0,0,1,1,6,6,1,37,7,-1,-1,-1,-1,-1,-1,0,-1
2021131041315,2021,131041315,1,9,0,17,19,6,4,0,0,8,0,0,0,0,-1,1,6,6,3,-1,-1,-1,-1,-1,-1,-1,-1,0,-1
2021052102415,2021,052102415,1,19,0,4,4,1,5,0,0,0,0,0,0,0,4,1,6,6,3,-1,-1,-1,-1,-1,-1,-1,-1,0,-1
2021351066825,2021,351066825,2,1,0,18,19,5,6,0,0,0,0,0,0,0,1,1,5,6,1,72,10,-1,-1,-1,-1,5,E01017991,0,-1
2021421038872,2021,421038872,3,1,0,18,19,2,6,0,0,8,5,0,0,0,1,1,5,6,1,58,9,-1,-1,-1,-1,3,E01003602,0,-1
2021501048391,2021,501048391,2,9,0,17,19,8,4,0,0,0,0,0,0,0,3,1,5,6,2,55,8,-1,-1,-1,-1,3,E01019036,0,-1
2021201098030,2021,201098030,2,1,0,9,9,2,8,0,0,8,0,0,0,0,1,1,2,2,2,49,8,-1,-1,-1,-1,5,E01010109,0,-1
2021010295665,2021,010295665,1,9,0,18,19,3,7,0,0,8,0,0,0,0,1,1,6,6,3,-1,-1,-1,-1,-1,-1,-1,-1,0,-1
2021320290836,2021,320290836,1,1,0,18,19,5,1,0,0,8,0,0,0,0,1,1,6,6,1,18,4,-1,-1,-1,-1,1,E01026383,0,-1
2021430438523,2021,430438523,1,1,0,18,19,3,7,9,9,0,0,0,0,0,1,1,6,6,1,30,6,-1,-1,-1,-1,-1,-1,0,-1
2021052100645,2021,052100645,2,1,0,18,19,4,8,0,0,8,0,0,0,0,4,1,6,6,1,30,6,-1,-1,-1,-1,4,E01007153,0,-1
2021010293784,2021,010293784,1,1,9,99,99,9,9,99,99,0,9,99,9,99,9,1,6,6,1,33,6,-1,-1,-1,-1,1,E01004205,0,-1
2021010307379,2021,010307379,2,9,0,13,13,2,6,0,0,8,0,0,0,0,1,1,6,6,2,54,8,-1,-1,-1,-1,3,E01001368,0,-1
2021430468852,2021,430468852,2,9,0,18,19,6,2,0,0,1,0,0,0,0,4,1,6,6,1,69,10,-1,-1,-1,-1,8,E01028773,0,-1
202134WNC2031,2021,34WNC2031,1,-1,0,18,19,7,3,0,0,2,0,0,0,0,3,1,6,6,2,13,3,-1,-1,-1,-1,6,E01032977,1,-1
202131C131221,2021,31C131221,2,-1,0,18,19,3,7,0,0,2,0,0,0,0,1,1,6,6,1,60,9,-1,-1,-1,-1,5,E01013935,1,-1
2021440176467,2021,440176467,1,1,0,9,9,3,1,0,0,8,0,0,0,0,3,1,2,2,1,51,8,-1,-1,-1,-1,8,E01017183,0,-1
2021501087518,2021,501087518,1,19,0,16,19,1,5,0,0,0,1,0,0,0,1,1,5,6,1,25,5,-1,-1,-1,-1,5,E01015163,0,-1
2021010343212,2021,010343212,1,-1,0,18,19,1,5,0,0,9,0,99,0,0,9,1,6,6,3,-1,-1,-1,-1,-1,-1,-1,-1,1,-1
2021991102777,2021,991102777,1,90,0,18,19,3,7,0,0,0,0,0,0,0,1,1,6,6,1,30,6,-1,-1,-1,-1,-1,-1,0,-1
2021522105087,2021,522105087,2,19,0,18,19,5,1,0,0,8,0,0,0,0,3,1,6,6,3,-1,-1,-1,-1,-1,-1,-1,-1,0,-1
2021461077201,2021,461077201,2,1,0,18,19,3,7,0,0,0,0,0,0,0,4,1,6,6,1,39,7,-1,-1,-1,-1,-1,-1,0,-1
2021010333686,2021,010333686,1,9,0,99,99,9,9,99,99,9,9,99,9,99,2,9,6,6,1,61,9,-1,-1,-1,-1,2,E01000484,0,-1
2021201050746,2021,201050746,1,9,0,1,1,5,7,0,0,0,0,0,0,0,2,1,6,6,3,-1,-1,-1,-1,-1,-1,-1,-1,0,-1
2021231071423,2021,231071423,1,19,0,13,13,8,4,0,0,0,0,0,0,0,0,1,5,6,3,37,7,-1,-1,-1,-1,-1,-1,0,-1
2021430398674,2021,430398674,2,1,0,18,19,8,4,0,0,1,0,0,0,0,3,1,6,6,1,35,6,-1,-1,-1,-1,-1,-1,0,-1
20211383O0836,2021,1383O0836,3,9,0,2,2,0,0,0,0,0,0,0,0,0,0,1,6,6,3,-1,-1,-1,-1,-1,-1,-1,-1,0,-1
2021010302649,2021,010302649,2,9,0,99,99,9,9,99,99,9,9,99,9,99,1,9,6,6,3,-1,-1,-1,-1,-1,-1,-1,-1,0,-1
2021610050021,2021,610050021,1,9,0,17,19,6,3,0,0,0,0,0,0,0,3,1,6,6,2,27,6,-1,-1,-1,-1,-1,-1,0,-1
2021302101589,2021,302101589,3,-1,0,18,19,4,8,0,0,0,0,0,0,0,0,1,6,6,2,17,4,-1,-1,-1,-1,3,E01013453,1,-1
2021101054706,2021,101054706,2,1,0,18,19,1,5,0,0,0,0,0,0,0,3,1,5,6,2,22,5,-1,-1,-1,-1,8,E01008372,0,-1
2021461083083,2021,461083083,1,1,0,18,19,5,1,0,0,0,0,0,0,0,3,1,6,6,1,59,9,-1,-1,-1,-1,6,E01024836,0,-1
202154A263721,2021,54A263721,2,19,0,4,4,1,5,0,0,0,0,0,0,0,2,1,1,1,1,24,5,-1,-1,-1,-1,3,E01017195,0,-1
2021332100904,2021,332100904,1,8,0,9,9,4,1,0,0,8,0,0,0,0,1,1,1,1,1,54,8,-1,-1,-1,-1,10,E01025896,0,-1
2021201117069,2021,201117069,1,-1,0,9,9,5,3,0,0,5,0,0,0,0,2,1,6,6,1,13,3,-1,-1,-1,-1,1,E01009564,1,-1
2021411058045,2021,411058045,2,1,0,18,19,5,1,3,2,3,0,0,0,0,4,1,6,6,1,25,5,-1,-1,-1,-1,9,E01023665,0,-1
2021332100035,2021,332100035,2,19,0,13,13,7,3,0,0,0,0,0,1,0,4,1,1,1,2,51,8,-1,-1,-1,-1,1,E01013692,0,-1
2021061043094,2021,061043094,2,97,0,13,13,6,2,0,0,2,0,0,0,0,3,1,6,6,1,30,6,-1,-1,-1,-1,-1,-1,0,-1
2021221150246,2021,221150246,1,9,0,9,9,7,4,0,0,6,0,0,0,0,1,1,5,6,1,59,9,-1,-1,-1,-1,5,E01014001,0,-1
2021501108202,2021,501108202,1,9,0,18,19,5,1,0,0,-1,0,0,0,0,1,1,5,6,3,-1,-1,-1,-1,-1,-1,-1,-1,0,-1
2021138420924,2021,138420924,1,9,0,1,1,8,4,0,0,0,0,0,0,0,2,1,6,6,3,-1,-1,-1,-1,-1,-1,-1,-1,0,-1
2021010317987,2021,010317987,2,9,0,18,19,1,5,0,0,0,0,0,0,0,1,1,6,6,1,39,7,-1,-1,-1,-1,-1,-1,0,-1
2021070007095,2021,070007095,1,9,0,18,19,5,6,0,0,3,0,9,0,0,3,1,2,2,1,38,7,-1,-1,-1,-1,1,E01006778,0,-1
2021010287242,2021,010287242,1,11,0,7,7,5,6,0,0,8,0,0,0,0,1,1,6,6,3,-1,-1,-1,-1,-1,-1,-1,-1,0,-1
2021332100336,2021,332100336,2,9,0,4,4,6,2,0,0,1,0,0,0,0,1,1,6,6,1,25,5,-1,-1,-1,-1,1,E01013621,0,-1
2021101042796,2021,101042796,1,9,0,5,5,1,5,0,0,0,0,0,0,0,3,1,6,6,1,-1,-1,-1,-1,-1,-1,-1,-1,0,-1
202160Z142811,2021,60Z142811,2,9,0,18,19,6,2,0,0,0,0,0,5,7,1,1,6,6,2,49,8,-1,-1,-1,-1,-1,-1,0,-1
2021111107761,2021,111107761,1,9,0,18,19,1,5,0,0,2,0,0,0,0,4,1,6,6,3,40,7,-1,-1,-1,-1,-1,-1,0,-1
2021161083511,2021,161083511,2,9,0,18,19,2,6,0,0,1,0,0,0,0,1,1,6,6,3,-1,-1,-1,-1,-1,-1,-1,-1,0,-1
202131D176521,2021,31D176521,2,1,0,18,19,6,2,0,0,8,0,10,1,0,1,1,4,7,1,14,3,-1,-1,-1,-1,3,E01033407,0,-1
2021302101558,2021,302101558,2,19,0,14,14,8,4,0,0,0,0,0,0,0,3,1,6,6,3,-1,-1,-1,-1,-1,-1,5,E01019456,0,-1
2021451018157,2021,451018157,2,1,0,18,19,5,1,0,0,0,0,0,0,0,1,1,5,6,1,39,7,-1,-1,-1,-1,5,E01030982,0,-1
2021141027983,2021,141027983,2,9,0,18,19,7,3,0,0,0,0,0,0,0,1,1,6,6,3,-1,-1,-1,-1,-1,-1,-1,-1,0,-1
202160Z043388,2021,60Z043388,1,9,0,18,19,2,6,0,0,0,0,0,7,1,1,1,6,6,2,25,5,-1,-1,-1,-1,-1,-1,0,-1
2021010325337,2021,010325337,2,9,0,18,19,5,1,0,0,0,0,0,0,0,1,1,6,6,3,-1,-1,-1,-1,-1,-1,-1,-1,0,-1
2021501084614,2021,501084614,1,9,0,7,7,1,5,0,0,1,0,0,0,0,0,1,6,6,3,39,7,-1,-1,-1,-1,-1,-1,0,-1
2021201108347,2021,201108347,2,1,0,18,19,6,2,0,0,1,0,0,0,0,4,1,6,6,1,11,3,-1,-1,-1,-1,1,E01009957,0,-1
2021052101603,2021,052101603,2,22,0,18,19,1,5,0,0,1,0,0,0,0,1,1,6,6,1,68,10,-1,-1,-1,-1,1,E01006522,0,-1
2021540960521,2021,540960521,1,1,0,18,19,7,3,0,0,4,0,0,0,0,1,1,6,6,1,30,6,-1,-1,-1,-1,-1,-1,0,-1
2021461119082,2021,461119082,1,9,0,18,19,3,7,0,0,0,1,0,1,0,1,1,6,6,1,41,7,-1,-1,-1,-1,10,E01024631,0,-1
2021010318539,2021,010318539,1,1,9,99,99,9,9,99,99,0,9,99,9,99,9,1,6,6,1,23,5,-1,-1,-1,-1,3,E01001834,0,-1
2021501019909,2021,501019909,1,9,0,18,19,7,3,0,0,0,0,0,0,0,1,1,6,6,1,49,8,-1,-1,-1,-1,8,E01020080,0,-1
2021221022941,2021,221022941,1,1,0,18,19,4,8,4,4,8,0,0,0,0,1,1,5,6,1,38,7,-1,-1,-1,-1,5,E01032264,0,-1
2021451083660,2021,451083660,1,90,0,14,14,2,6,0,0,0,0,0,0,0,1,1,6,6,3,30,6,-1,-1,-1,-1,-1,-1,0,-1
2021010309032,2021,010309032,2,1,0,18,19,3,7,0,0,8,0,0,0,0,3,1,6,6,1,37,7,-1,-1,-1,-1,6,E01003676,0,-1
2021010333043,2021,010333043,1,97,0,18,19,1,5,0,0,8,2,0,0,0,1,1,6,6,3,-1,-1,-1,-1,-1,-1,-1,-1,0,-1
2021141015094,2021,141015094,1,8,0,18,19,5,1,0,0,3,0,0,0,0,1,1,1,1,1,38,7,-1,-1,-1,-1,4,E01007567,0,-1
2021010315918,2021,010315918,2,97,0,18,19,3,7,0,0,8,1,0,0,0,1,1,6,6,1,42,7,-1,-1,-1,-1,5,E01001038,0,-1
2021010342171,2021,010342171,2,1,0,9,9,1,7,0,0,8,0,0,0,0,1,1,2,2,2,31,6,-1,-1,-1,-1,4,E01003043,0,-1
2021471045656,2021,471045656,1,1,0,18,19,7,3,0,0,1,0,0,7,0,4,1,5,6,1,19,4,-1,-1,-1,-1,4,E01020935,0,-1
2021010314636,2021,010314636,1,9,0,99,99,9,9,99,99,9,9,99,9,99,1,9,6,6,3,-1,-1,-1,-1,-1,-1,-1,-1,0,-1
2021070222861,2021,070222861,1,9,0,18,19,3,7,0,0,0,0,0,0,0,1,1,6,6,1,-1,-1,-1,-1,-1,-1,-1,-1,0,-1
2021010316094,2021,010316094,1,1,9,99,99,9,9,99,99,9,9,99,9,99,9,1,2,2,1,33,6,-1,-1,-1,-1,7,E01002122,0,-1
2021010300722,2021,010300722,1,23,9,99,99,9,9,0,0,4,9,99,9,0,9,1,1,1,1,25,5,-1,-1,-1,-1,2,E01000034,0,-1
2021010301510,2021,010301510,1,1,9,99,99,9,9,99,99,9,9,99,9,99,1,1,6,6,1,24,5,-1,-1,-1,-1,6,E01003030,0,-1
2021622100251,2021,622100251,1,8,0,18,19,4,8,0,0,0,0,0,0,0,1,1,6,6,3,-1,-1,-1,-1,-1,-1,-1,-1,0,-1
2021471104185,2021,471104185,1,9,0,18,19,4,8,0,0,1,0,0,0,0,1,1,5,6,1,43,7,-1,-1,-1,-1,6,E01021033,0,-1
2021332100863,2021,332100863,2,9,4,18,19,5,1,0,0,2,0,0,0,0,0,1,1,1,1,54,8,-1,-1,-1,-1,8,E01025786,0,-1
2021201073483,2021,201073483,1,9,0,18,19,3,7,0,0,0,0,0,0,0,4,1,6,6,3,-1,-1,-1,-1,-1,-1,-1,-1,0,-1
2021401109909,2021,401109909,1,9,0,18,19,3,7,0,0,1,0,0,0,0,1,1,5,6,1,71,10,-1,-1,-1,-1,3,E01015757,0,-1
2021010302971,2021,010302971,2,-1,0,18,19,1,5,0,0,5,0,0,0,0,0,1,6,6,3,-1,-1,-1,-1,-1,-1,-1,-1,1,-1
2021010297535,2021,010297535,2,9,0,9,9,1,7,0,0,8,0,0,0,0,1,1,1,1,1,33,6,-1,-1,-1,-1,10,E01030415,0,-1
2021302101706,2021,302101706,2,1,0,18,19,4,8,9,9,6,0,0,0,0,1,1,6,6,1,53,8,-1,-1,-1,-1,4,E01019649,0,-1
2021052102581,2021,052102581,2,1,0,18,19,4,8,0,0,8,0,0,0,0,3,1,6,6,1,55,8,-1,-1,-1,-1,8,E01006581,0,-1
2021461118414,2021,461118414,2,1,0,18,19,2,6,0,0,0,0,0,0,0,2,1,2,2,1,25,5,-1,-1,-1,-1,3,E01024126,0,-1
2021481096013,2021,481096013,1,1,0,7,7,5,7,0,0,2,0,0,0,0,1,1,2,2,1,40,7,-1,-1,-1,-1,-1,-1,0,-1
2021522103811,2021,522103811,1,1,0,18,19,1,5,0,0,8,0,0,0,0,1,1,6,6,1,20,4,-1,-1,-1,-1,4,E01014632,0,-1
2021010306987,2021,010306987,2,9,0,99,99,9,9,99,99,9,9,99,9,99,2,9,6,6,3,-1,-1,-1,-1,-1,-1,-1,-1,0,-1
2021010327949,2021,010327949,1,9,0,18,19,1,5,0,0,2,0,0,0,0,1,1,6,6,1,-1,-1,-1,-1,-1,-1,-1,-1,0,-1
2021010294378,2021,010294378,1,-1,0,18,19,7,3,0,0,0,1,0,0,0,0,1,1,1,1,34,6,-1,-1,-1,-1,6,E01002170,1,-1
2021332100913,2021,332100913,1,9,0,9,9,7,5,0,0,6,0,0,0,0,1,1,6,6,2,59,9,-1,-1,-1,-1,8,E01013807,0,-1
2021010299322,2021,010299322,1,1,0,18,19,1,5,4,4,8,0,0,0,0,3,1,6,6,1,19,4,-1,-1,-1,-1,4,E01003076,0,-1
2021122101031,2021,122101031,2,1,0,18,19,7,3,9,9,1,0,0,0,0,1,1,6,6,1,14,3,-1,-1,-1,-1,7,E01027873,0,-1
2021010320340,2021,010320340,2,1,0,18,19,5,1,0,0,8,0,4,0,0,1,1,6,6,1,21,5,-1,-1,-1,-1,2,E01003124,0,-1
2021440446395,2021,440446395,1,9,0,18,19,2,6,0,0,0,0,0,0,0,1,1,6,6,1,29,6,-1,-1,-1,-1,1,E01017201,0,-1
2021991125774,2021,991125774,1,8,0,7,7,2,4,0,0,8,0,0,0,0,2,1,6,6,1,65,9,-1,-1,-1,-1,5,-1,0,-1