collision_index,collision_year,collision_ref_no,vehicle_reference,vehicle_type,towing_and_articulation,vehicle_manoeuvre_historic,vehicle_manoeuvre,vehicle_direction_from,vehicle_direction_to,vehicle_location_restricted_lane_historic,vehicle_location_restricted_lane,junction_location,skidding_and_overturning,hit_object_in_carriageway,vehicle_leaving_carriageway,hit_object_off_carriageway,first_point_of_impact,vehicle_left_hand_drive,journey_purpose_of_driver_historic,journey_purpose_of_driver,sex_of_driver,age_of_driver,age_band_of_driver,engine_capacity_cc,propulsion_code,age_of_vehicle,generic_make_model,driver_imd_decile,lsoa_of_driver,escooter_flag,driver_distance_banding
2021010334981,2021,010334981,1,9,0,18,19,1,5,4,4,1,0,0,0,0,0,1,6,6,1,-1,-1,-1,-1,-1,-1,-1,-1,0,-1
2021221069383,2021,221069383,1,8,0,5,5,5,1,0,0,4,0,0,0,0,3,1,1,1,1,55,8,-1,-1,-1,-1,5,E01028886,0,-1
2021010293755,2021,010293755,1,1,9,99,99,9,9,99,99,9,9,99,9,99,1,1,6,6,3,25,5,-1,-1,-1,-1,9,E01004555,0,-1
2021031116254,2021,031116254,2,1,0,3,3,5,1,0,0,0,0,0,0,0,1,1,5,6,1,51,8,-1,-1,-1,-1,8,E01024810,0,-1
2021401129325,2021,401129325,1,9,0,1,1,6,2,0,0,0,0,0,0,0,2,1,6,6,3,-1,-1,-1,-1,-1,-1,-1,-1,0,-1
2021302100629,2021,302100629,1,90,0,18,19,2,6,9,9,0,0,0,7,11,3,1,6,6,1,26,6,-1,-1,-1,-1,6,E01013507,0,-1
2021332100751,2021,332100751,1,9,0,5,5,2,6,0,0,0,0,0,0,0,0,1,6,6,3,-1,-1,-1,-1,-1,-1,-1,-1,0,-1
2021461052439,2021,461052439,3,9,0,18,19,2,6,0,0,0,0,0,0,0,1,1,1,1,1,31,6,-1,-1,-1,-1,6,E01024212,0,-1
2021010328228,2021,010328228,1,1,9,99,99,9,9,99,99,9,9,99,9,99,9,1,6,6,1,37,7,-1,-1,-1,-1,5,E01003284,0,-1
2021332101509,2021,332101509,1,9,0,18,19,8,4,0,0,0,0,0,0,0,0,1,6,6,1,43,7,-1,-1,-1,-1,-1,-1,0,-1
2021320403114,2021,320403114,1,1,0,18,19,2,6,0,0,0,5,0,0,0,0,1,2,2,2,29,6,-1,-1,-1,-1,3,E01026023,0,-1
2021010341563,2021,010341563,2,1,0,18,19,5,1,0,0,1,0,0,0,0,4,1,6,6,1,30,6,-1,-1,-1,-1,2,E01002829,0,-1
2021461014935,2021,461014935,1,9,0,16,19,4,2,0,0,0,5,4,0,0,4,1,5,6,2,35,6,-1,-1,-1,-1,7,E01024097,0,-1
2021421111057,2021,421111057,1,9,0,11,11,5,1,0,0,0,0,0,0,0,4,1,6,6,3,-1,-1,-1,-1,-1,-1,-1,-1,0,-1
2021991061012,2021,991061012,2,19,0,18,19,1,5,0,0,1,0,0,0,0,0,1,1,1,1,35,6,-1,-1,-1,-1,3,-1,0,-1
2021010316993,2021,010316993,1,1,9,99,99,9,9,99,99,9,9,99,9,99,9,1,2,2,2,28,6,-1,-1,-1,-1,9,E01003356,0,-1
2021052101954,2021,052101954,1,9,0,11,11,3,7,0,0,8,0,0,0,0,0,1,6,6,3,-1,-1,-1,-1,-1,-1,-1,-1,0,-1
2021351016956,2021,351016956,1,9,0,18,19,3,7,0,0,0,0,0,0,0,0,1,6,6,3,-1,-1,-1,-1,-1,-1,-1,-1,0,-1
2021471025141,2021,471025141,1,9,0,17,19,8,5,0,0,1,0,0,0,0,-1,1,6,6,3,-1,-1,-1,-1,-1,-1,-1,-1,0,-1
2021010346533,2021,010346533,2,1,0,9,9,2,7,0,0,3,0,0,0,0,1,1,6,6,2,31,6,-1,-1,-1,-1,4,E01033320,0,-1
2021010303112,2021,010303112,1,9,0,18,19,6,2,0,0,1,0,0,0,0,4,1,1,1,1,30,6,-1,-1,-1,-1,4,E01032639,0,-1
2021010333142,2021,010333142,1,1,9,99,99,9,9,99,99,9,9,99,9,99,9,1,2,2,2,33,6,-1,-1,-1,-1,4,E01003114,0,-1
2021170S10441,2021,170S10441,3,19,0,4,4,4,8,0,0,0,0,0,0,0,2,1,1,1,1,48,8,-1,-1,-1,-1,-1,-1,0,-1
2021302100377,2021,302100377,1,90,0,3,3,6,2,0,0,2,0,0,0,0,0,1,1,1,3,-1,-1,-1,-1,-1,-1,5,E01019456,0,-1
2021061040034,2021,061040034,1,1,0,18,19,6,2,0,0,0,0,0,0,0,1,1,4,7,1,10,2,-1,-1,-1,-1,1,E01005828,0,-1
202131C106621,2021,31C106621,1,9,0,18,19,3,8,0,0,8,0,0,0,0,1,1,1,1,1,35,6,-1,-1,-1,-1,8,E01028327,0,-1
2021430423535,2021,430423535,2,9,0,18,19,8,4,0,0,0,0,0,0,0,1,1,6,6,3,-1,-1,-1,-1,-1,-1,-1,-1,0,-1
2021522105370,2021,522105370,1,90,0,18,19,1,5,9,9,8,0,0,0,0,1,1,6,6,2,10,2,-1,-1,-1,-1,-1,-1,0,-1
2021010341096,2021,010341096,1,3,0,4,4,7,3,0,0,0,0,0,0,0,2,1,6,6,1,34,6,-1,-1,-1,-1,4,E01000307,0,-1
2021461078280,2021,461078280,1,9,0,14,14,7,3,0,0,0,1,0,0,0,4,1,1,1,1,28,6,-1,-1,-1,-1,4,E01024429,0,-1
2021161029179,2021,161029179,2,9,0,7,7,1,3,0,0,8,0,0,0,0,3,1,6,6,3,-1,-1,-1,-1,-1,-1,-1,-1,0,-1
202160Z029447,2021,60Z029447,1,9,0,1,1,6,1,0,0,0,0,0,0,0,2,1,3,7,1,40,7,-1,-1,-1,-1,-1,-1,0,-1
2021010338026,2021,010338026,2,98,9,99,99,9,9,99,99,9,9,99,9,99,1,9,6,6,3,-1,-1,-1,-1,-1,-1,-1,-1,0,-1
2021111075297,2021,111075297,1,5,0,18,19,1,5,0,0,2,1,0,0,0,0,1,6,6,1,27,6,-1,-1,-1,-1,6,E01012331,0,-1
202163A079921,2021,63A079921,2,9,0,18,19,6,1,0,0,3,0,0,1,2,4,1,6,6,1,78,11,-1,-1,-1,-1,8,W01000694,0,-1
2021010297572,2021,010297572,2,1,0,5,5,1,5,0,0,1,0,0,0,0,2,1,6,6,1,49,8,-1,-1,-1,-1,4,E01000316,0,-1
2021061138766,2021,061138766,1,1,0,18,19,1,5,0,0,1,0,0,0,0,0,1,6,6,1,42,7,-1,-1,-1,-1,9,E01005339,0,-1
2021010325954,2021,010325954,1,3,0,99,99,9,9,99,99,9,9,99,9,99,1,1,1,1,1,34,6,-1,-1,-1,-1,3,E01001547,0,-1
2021622100397,2021,622100397,1,1,0,18,19,4,8,0,0,8,0,0,0,0,1,1,6,6,2,24,5,-1,-1,-1,-1,5,W01001720,0,-1
2021010314542,2021,010314542,1,9,0,18,19,5,1,0,0,1,0,0,0,0,1,1,6,6,3,-1,-1,-1,-1,-1,-1,-1,-1,0,-1
2021010301745,2021,010301745,2,9,0,1,1,1,5,99,99,0,0,0,0,0,0,9,6,6,3,-1,-1,-1,-1,-1,-1,-1,-1,0,-1
2021010300685,2021,010300685,2,4,0,4,4,3,7,0,0,2,1,0,0,0,1,1,6,6,1,20,4,-1,-1,-1,-1,-1,-1,0,-1
2021201145526,2021,201145526,1,19,0,5,5,8,4,0,0,1,0,0,0,0,1,1,1,1,2,34,6,-1,-1,-1,-1,5,E01009973,0,-1
2021421057672,2021,421057672,1,1,0,18,19,7,3,0,0,8,0,0,0,0,4,1,5,6,1,13,3,-1,-1,-1,-1,3,E01021892,0,-1
2021010303737,2021,010303737,1,1,0,18,19,1,5,0,0,6,0,0,0,0,1,1,2,2,1,29,6,-1,-1,-1,-1,2,E01001977,0,-1
2021010300775,2021,010300775,1,1,0,18,19,4,8,0,0,1,9,99,0,0,1,1,2,2,1,48,8,-1,-1,-1,-1,9,E01000205,0,-1
2021552100968,2021,552100968,2,1,0,4,4,1,5,0,0,4,0,0,0,0,1,1,2,2,1,41,7,-1,-1,-1,-1,9,E01015432,0,-1
2021461041633,2021,461041633,1,9,0,18,19,3,7,0,0,0,0,0,0,0,2,1,1,1,1,40,7,-1,-1,-1,-1,2,E01016041,0,-1
2021122101488,2021,122101488,2,1,0,18,19,1,5,0,0,0,0,0,0,0,4,1,4,7,1,16,4,-1,-1,-1,-1,10,E01027893,0,-1
2021010322237,2021,010322237,1,9,0,99,99,9,9,99,99,9,9,99,9,99,1,9,6,6,3,-1,-1,-1,-1,-1,-1,-1,-1,0,-1
202160Z010073,2021,60Z010073,1,98,0,16,19,3,6,0,0,0,0,0,0,0,1,1,1,1,1,27,6,-1,-1,-1,-1,-1,-1,0,-1
2021520106093,2021,520106093,1,1,0,18,19,7,3,0,0,0,0,0,0,0,3,1,6,6,1,15,3,-1,-1,-1,-1,5,E01029287,0,-1
202160Z037198,2021,60Z037198,2,9,0,18,19,1,5,0,0,0,0,0,0,0,1,1,6,6,1,64,9,-1,-1,-1,-1,-1,-1,0,-1
2021401176791,2021,401176791,1,9,0,18,19,6,2,0,0,0,1,0,0,0,1,1,2,2,1,43,7,-1,-1,-1,-1,8,E01033119,0,-1
2021201112625,2021,201112625,1,9,0,5,5,-1,-1,0,0,0,0,0,0,0,4,1,6,6,3,-1,-1,-1,-1,-1,-1,-1,-1,0,-1
2021522103650,2021,522103650,2,19,0,18,19,1,5,0,0,0,0,0,0,0,1,1,6,6,3,40,7,-1,-1,-1,-1,-1,-1,0,-1
2021471097974,2021,471097974,2,1,0,18,19,3,7,0,0,4,0,0,0,0,1,1,6,6,1,27,6,-1,-1,-1,-1,6,E01031743,0,-1
2021471088081,2021,471088081,2,19,0,5,5,3,7,0,0,1,0,0,0,0,1,2,1,1,1,29,6,-1,-1,-1,-1,-1,-1,0,-1
2021548352121,2021,548352121,1,9,0,18,19,6,2,0,0,0,0,0,0,0,1,1,6,6,3,-1,-1,-1,-1,-1,-1,-1,-1,0,-1
2021010287407,2021,010287407,2,9,0,9,9,1,7,0,0,8,0,0,0,0,4,1,6,6,3,-1,-1,-1,-1,-1,-1,-1,-1,0,-1
2021010347105,2021,010347105,1,1,9,99,99,9,9,99,99,0,9,99,9,99,9,1,6,6,1,30,6,-1,-1,-1,-1,2,E01003993,0,-1
2021010328310,2021,010328310,1,1,9,99,99,9,9,99,99,9,9,99,9,99,1,1,6,6,1,29,6,-1,-1,-1,-1,7,E01000877,0,-1
2021101115427,2021,101115427,1,9,0,4,4,1,5,0,0,0,0,0,0,0,2,1,6,6,1,40,7,-1,-1,-1,-1,-1,-1,0,-1
202160Z158651,2021,60Z158651,1,9,0,7,7,6,1,0,0,1,0,0,1,0,1,1,6,6,1,47,8,-1,-1,-1,-1,-1,-1,0,-1
2021010309396,2021,010309396,3,1,0,5,5,2,6,0,0,1,0,0,0,0,1,1,1,1,2,34,6,-1,-1,-1,-1,4,E01004580,0,-1
2021461034039,2021,461034039,1,9,0,18,19,7,3,0,0,0,0,0,0,0,1,1,6,6,1,32,6,-1,-1,-1,-1,8,E01024017,0,-1
2021111055611,2021,111055611,1,9,-1,7,7,3,5,0,0,2,0,0,0,0,3,1,6,6,3,30,6,-1,-1,-1,-1,-1,-1,0,-1
202163D084721,2021,63D084721,1,9,0,18,19,6,2,0,0,2,0,0,7,10,3,1,6,6,1,67,10,-1,-1,-1,-1,8,W01000476,0,-1
2021361101503,2021,361101503,2,1,0,18,19,2,4,0,0,1,0,0,0,0,1,1,6,6,1,39,7,-1,-1,-1,-1,1,E01026824,0,-1
202160Z161289,2021,60Z161289,2,9,0,4,4,5,1,0,0,1,0,0,0,0,2,1,6,6,1,85,11,-1,-1,-1,-1,-1,-1,0,-1
2021610044121,2021,610044121,2,9,0,2,2,0,0,0,0,2,0,0,0,0,2,1,6,6,1,65,9,-1,-1,-1,-1,-1,-1,0,-1
2021461058173,2021,461058173,2,97,-1,18,19,-1,-1,0,0,0,0,4,0,0,-1,1,6,6,1,-1,-1,-1,-1,-1,-1,-1,-1,0,-1
2021010332883,2021,010332883,1,9,0,18,19,1,5,0,0,6,0,0,0,0,3,1,6,6,3,-1,-1,-1,-1,-1,-1,-1,-1,0,-1
2021141091232,2021,141091232,2,1,0,-1,-1,-1,-1,-1,-1,0,-1,-1,-1,0,-1,1,6,6,1,13,3,-1,-1,-1,-1,1,E01007564,0,-1
2021501015550,2021,501015550,1,9,0,16,19,5,7,0,0,0,1,0,6,0,1,1,5,6,1,26,6,-1,-1,-1,-1,1,E01015087,0,-1
2021440280653,2021,440280653,1,1,0,18,19,8,4,0,0,0,0,0,0,0,3,1,6,6,1,54,8,-1,-1,-1,-1,6,E01023007,0,-1
2021010348663,2021,010348663,1,1,0,14,14,5,1,2,2,0,0,0,0,0,1,1,6,6,1,21,5,-1,-1,-1,-1,3,E01003972,0,-1
2021010338958,2021,010338958,1,1,9,99,99,9,9,99,99,2,9,99,9,99,1,1,2,2,1,40,7,-1,-1,-1,-1,8,E01003455,0,-1
2021440381765,2021,440381765,1,1,0,18,19,1,5,0,0,8,0,0,0,0,1,1,6,6,1,18,4,-1,-1,-1,-1,6,E01017015,0,-1
2021221096053,2021,221096053,1,9,0,6,6,1,1,0,0,0,0,0,0,0,3,1,3,7,1,42,7,-1,-1,-1,-1,10,E01032227,0,-1
2021320287319,2021,320287319,1,9,0,18,19,2,6,0,0,0,1,0,1,3,1,1,6,6,1,39,7,-1,-1,-1,-1,3,E01026024,0,-1
2021430295052,2021,430295052,2,1,0,18,19,8,4,0,0,0,0,8,0,0,4,1,6,6,1,31,6,-1,-1,-1,-1,5,E01020319,0,-1
2021332100897,2021,332100897,1,9,0,9,9,2,8,2,2,5,0,0,0,0,4,1,1,1,1,29,6,-1,-1,-1,-1,1,E01027140,0,-1
2021010313498,2021,010313498,1,1,9,99,99,9,9,99,99,9,9,99,9,99,9,1,2,2,1,27,6,-1,-1,-1,-1,4,E01002016,0,-1
2021401062111,2021,401062111,1,9,0,3,3,-1,-1,0,0,0,0,0,0,0,1,1,6,6,3,-1,-1,-1,-1,-1,-1,-1,-1,0,-1
2021141064874,2021,141064874,2,1,0,18,19,8,4,0,0,8,0,0,0,0,1,1,6,6,1,13,3,-1,-1,-1,-1,1,E01007373,0,-1
2021332101576,2021,332101576,1,9,0,18,19,4,8,0,0,8,0,0,0,0,0,1,6,6,1,-1,-1,-1,-1,-1,-1,-1,-1,0,-1
2021361017967,2021,361017967,2,1,0,18,19,3,7,0,0,8,0,0,0,0,4,1,6,6,2,55,8,-1,-1,-1,-1,1,E01026625,0,-1
2021061102609,2021,061102609,2,9,0,18,19,5,1,0,0,0,0,0,0,0,1,1,6,6,3,30,6,-1,-1,-1,-1,-1,-1,0,-1
2021461080268,2021,461080268,1,9,0,18,19,2,5,0,0,0,5,0,0,0,4,1,6,6,1,18,4,-1,-1,-1,-1,-1,-1,0,-1
2021421119086,2021,421119086,1,9,0,1,1,4,8,0,0,1,0,0,0,0,2,1,6,6,1,30,6,-1,-1,-1,-1,4,E01004418,0,-1
2021440460944,2021,440460944,1,1,0,18,19,6,2,0,0,1,0,0,0,0,1,1,6,6,1,46,8,-1,-1,-1,-1,10,E01023276,0,-1
2021451098085,2021,451098085,2,1,0,4,4,5,8,0,0,1,2,0,0,0,0,1,1,1,1,24,5,-1,-1,-1,-1,3,E01030788,0,-1
2021131099369,2021,131099369,1,1,0,18,19,3,7,0,0,8,0,0,0,0,1,1,5,6,1,17,4,-1,-1,-1,-1,1,E01011491,0,-1
2021010294141,2021,010294141,2,9,0,99,99,9,9,99,99,9,9,99,9,99,9,9,6,6,3,-1,-1,-1,-1,-1,-1,-1,-1,0,-1
2021131098717,2021,131098717,2,9,0,16,19,6,2,0,0,8,0,0,0,0,1,1,1,1,1,70,10,-1,-1,-1,-1,10,E01010936,0,-1
202134WNC7481,2021,34WNC7481,1,9,0,18,19,5,1,0,0,4,0,0,0,0,1,1,6,6,2,-1,-1,-1,-1,-1,-1,-1,-1,0,-1
2021610009721,2021,610009721,1,9,0,9,9,3,1,0,0,1,0,0,0,0,3,1,6,6,2,63,9,-1,-1,-1,-1,-1,-1,0,-1
2021610014221,2021,610014221,1,9,0,16,19,6,1,0,0,0,1,0,0,0,1,1,6,6,1,41,7,-1,-1,-1,-1,-1,-1,0,-1
2021302100420,2021,302100420,2,19,0,18,19,4,8,0,0,0,0,0,0,0,2,1,6,6,3,-1,-1,-1,-1,-1,-1,5,E01019456,0,-1
2021131034864,2021,131034864,2,1,0,18,19,1,5,0,0,1,0,0,0,0,1,1,6,6,1,22,5,-1,-1,-1,-1,-1,-1,0,-1
2021522103767,2021,522103767,3,9,0,18,19,7,3,0,0,0,0,0,0,0,1,1,6,6,2,62,9,-1,-1,-1,-1,5,E01015000,0,-1
2021421059698,2021,421059698,1,1,0,18,19,5,1,0,0,0,0,0,0,0,4,1,4,7,1,14,3,-1,-1,-1,-1,-1,-1,0,-1
2021430266983,2021,430266983,1,9,0,18,19,3,7,0,0,4,0,0,0,0,1,1,6,6,1,35,6,-1,-1,-1,-1,-1,-1,0,-1
2021201114510,2021,201114510,1,19,0,18,19,7,3,0,0,4,0,0,0,0,1,1,6,6,1,-1,-1,-1,-1,-1,-1,-1,-1,0,-1
2021010302709,2021,010302709,1,9,0,7,7,1,3,0,0,8,0,0,0,0,4,1,6,6,3,-1,-1,-1,-1,-1,-1,-1,-1,0,-1
2021332100649,2021,332100649,1,9,0,18,19,5,1,0,0,0,2,0,1,0,1,1,6,6,2,21,5,-1,-1,-1,-1,2,E01015705,0,-1
2021101125382,2021,101125382,2,1,0,9,9,4,2,0,0,5,0,0,0,0,2,1,5,6,1,20,4,-1,-1,-1,-1,10,E01024151,0,-1
2021401107657,2021,401107657,1,9,0,18,19,1,5,0,0,4,0,0,0,0,1,1,6,6,1,27,6,-1,-1,-1,-1,4,E01015784,0,-1
2021421053515,2021,421053515,1,98,1,12,12,3,7,0,0,0,0,0,0,0,3,2,1,1,1,39,7,-1,-1,-1,-1,-1,-1,0,-1
2021351098322,2021,351098322,1,11,0,18,19,3,1,0,0,8,0,0,0,0,3,1,6,6,3,-1,-1,-1,-1,-1,-1,-1,-1,0,-1
2021440300810,2021,440300810,1,1,0,18,19,6,1,0,0,0,0,0,0,0,3,1,6,6,1,17,4,-1,-1,-1,-1,8,E01017086,0,-1
2021451083783,2021,451083783,2,1,0,18,19,2,6,0,0,1,2,0,0,0,1,1,6,6,1,49,8,-1,-1,-1,-1,6,E01030973,0,-1
2021010312469,2021,010312469,1,19,0,7,7,2,4,0,0,5,0,0,0,0,1,1,6,6,3,-1,-1,-1,-1,-1,-1,-1,-1,0,-1
2021070500387,2021,070500387,1,2,0,7,7,7,1,0,0,8,5,0,0,0,1,1,6,6,1,25,5,-1,-1,-1,-1,1,E01018486,0,-1
2021010314214,2021,010314214,2,1,0,15,15,4,8,0,0,1,0,0,0,0,4,1,1,1,1,20,4,-1,-1,-1,-1,4,E01002607,0,-1
2021430527793,2021,430527793,1,1,0,9,9,5,3,0,0,5,0,0,0,0,1,1,2,2,1,52,8,-1,-1,-1,-1,9,E01028592,0,-1
2021010310091,2021,010310091,1,11,0,2,2,0,0,0,0,0,0,0,0,0,0,1,6,6,3,-1,-1,-1,-1,-1,-1,-1,-1,0,-1
2021101073177,2021,101073177,2,1,0,18,19,8,4,9,9,0,0,0,0,0,1,1,6,6,1,14,3,-1,-1,-1,-1,7,E01008848,0,-1
2021010333608,2021,010333608,1,1,9,99,99,9,9,99,99,0,9,99,9,99,2,1,6,6,2,43,7,-1,-1,-1,-1,2,E01003126,0,-1
2021430363123,2021,430363123,1,9,0,5,5,3,7,2,2,6,0,0,0,0,1,1,6,6,1,-1,-1,-1,-1,-1,-1,-1,-1,0,-1
2021430392840,2021,430392840,2,9,0,18,19,1,5,0,0,0,0,0,0,0,1,1,6,6,2,52,8,-1,-1,-1,-1,8,E01022591,0,-1
2021010345847,2021,010345847,2,1,0,5,5,7,3,0,0,8,0,0,0,0,1,1,1,1,1,24,5,-1,-1,-1,-1,3,E01004698,0,-1
2021010346252,2021,010346252,1,1,9,99,99,9,9,99,99,0,9,99,9,99,1,1,6,6,1,35,6,-1,-1,-1,-1,4,E01001835,0,-1
2021320443042,2021,320443042,1,9,0,5,5,6,2,0,0,0,0,0,0,0,1,1,6,6,1,42,7,-1,-1,-1,-1,3,E01028339,0,-1
2021161114073,2021,161114073,1,1,0,18,19,7,3,0,0,0,1,0,0,0,3,1,6,6,1,33,6,-1,-1,-1,-1,-1,-1,0,-1
2021522104454,2021,522104454,2,9,0,5,5,3,7,0,0,8,0,0,0,0,1,1,6,6,1,50,8,-1,-1,-1,-1,5,E01014994,0,-1
2021361147007,2021,361147007,2,1,0,7,7,6,8,0,0,8,5,0,0,0,2,1,6,6,1,57,9,-1,-1,-1,-1,2,E01026700,0,-1
2021161084212,2021,161084212,1,1,0,9,9,5,2,0,0,8,0,0,0,0,3,1,6,6,1,19,4,-1,-1,-1,-1,1,E01012805,0,-1
2021141086390,2021,141086390,1,1,0,18,19,3,7,0,0,0,0,0,0,0,1,1,6,6,1,48,8,-1,-1,-1,-1,7,E01007582,0,-1
2021010323244,2021,010323244,1,1,9,99,99,9,9,99,99,9,9,99,9,99,9,1,2,2,2,22,5,-1,-1,-1,-1,3,E01004397,0,-1
2021010318716,2021,010318716,1,1,9,99,99,9,9,99,99,9,9,99,9,99,1,1,6,6,1,50,8,-1,-1,-1,-1,3,E01003999,0,-1
2021101089059,2021,101089059,1,3,0,13,13,8,3,0,0,2,2,0,7,0,4,1,6,6,1,29,6,-1,-1,-1,-1,4,E01008866,0,-1
2021010305454,2021,010305454,1,1,9,99,99,9,9,99,99,9,9,99,9,99,1,1,2,2,1,44,7,-1,-1,-1,-1,7,E01001593,0,-1
2021010317514,2021,010317514,2,1,0,14,14,7,3,0,0,0,1,4,0,0,1,1,6,6,1,34,6,-1,-1,-1,-1,3,E01002756,0,-1
2021471018185,2021,471018185,3,9,0,2,2,0,0,0,0,0,0,0,0,0,1,1,6,6,3,-1,-1,-1,-1,-1,-1,-1,-1,0,-1
2021161092973,2021,161092973,2,1,0,18,19,1,5,0,0,1,0,0,0,0,1,1,6,6,1,10,2,-1,-1,-1,-1,1,E01013219,0,-1
202134NNC2051,2021,34NNC2051,1,8,0,18,19,1,5,0,0,1,0,0,0,0,1,1,1,1,3,-1,-1,-1,-1,-1,-1,-1,-1,0,-1
2021122100237,2021,122100237,2,1,0,18,19,3,1,0,0,1,0,0,0,0,1,1,6,6,1,10,2,-1,-1,-1,-1,1,E01027819,0,-1
2021411031979,2021,411031979,2,1,0,18,19,1,7,0,0,8,1,0,0,0,2,1,5,6,1,23,5,-1,-1,-1,-1,5,E01001652,0,-1
2021010342571,2021,010342571,1,1,0,18,19,5,1,0,0,8,0,0,0,0,1,1,2,2,1,30,6,-1,-1,-1,-1,1,E01002734,0,-1
2021161043951,2021,161043951,1,9,0,18,19,5,1,0,0,1,0,0,0,0,1,1,6,6,1,-1,-1,-1,-1,-1,-1,-1,-1,0,-1
2021101094061,2021,101094061,1,90,-1,-1,-1,-1,-1,-1,-1,-1,-1,-1,-1,0,-1,1,6,6,1,-1,-1,-1,-1,-1,-1,-1,-1,0,-1
2021332100325,2021,332100325,3,9,0,17,19,3,8,0,0,0,0,0,0,0,1,1,6,6,2,63,9,-1,-1,-1,-1,7,E01025702,0,-1
2021522105037,2021,522105037,2,9,0,18,19,8,4,0,0,1,0,8,0,0,4,1,6,6,3,-1,-1,-1,-1,-1,-1,-1,-1,0,-1
2021991075236,2021,991075236,1,1,0,18,19,7,3,0,0,1,0,0,0,0,1,1,5,6,1,23,5,-1,-1,-1,-1,10,-1,0,-1
2021471028685,2021,471028685,2,1,0,18,19,3,7,0,0,4,1,0,0,0,1,1,2,2,1,56,9,-1,-1,-1,-1,6,E01031464,0,-1
2021351073622,2021,351073622,1,9,0,18,19,5,1,0,0,0,5,0,6,0,1,1,5,6,1,28,6,-1,-1,-1,-1,10,E01018055,0,-1
2021122100620,2021,122100620,2,1,0,2,2,0,0,0,0,2,0,0,0,0,3,1,6,6,1,33,6,-1,-1,-1,-1,3,E01013447,0,-1
2021010301982,2021,010301982,2,9,9,99,99,9,9,99,99,9,9,99,0,0,9,9,6,6,2,27,6,-1,-1,-1,-1,3,E01004019,0,-1
202160Z020131,2021,60Z020131,1,9,0,4,4,4,8,0,0,1,0,0,1,0,3,1,6,6,2,26,6,-1,-1,-1,-1,-1,-1,0,-1
2021061124866,2021,061124866,1,9,0,1,1,8,4,0,0,0,0,0,0,0,2,1,6,6,3,30,6,-1,-1,-1,-1,-1,-1,0,-1
2021010292368,2021,010292368,2,1,0,18,19,5,1,0,0,0,0,0,0,0,0,1,2,2,1,29,6,-1,-1,-1,-1,7,E01032781,0,-1
2021161111926,2021,161111926,1,1,0,18,19,4,8,4,4,0,0,0,0,0,1,1,6,6,1,22,5,-1,-1,-1,-1,6,E01012961,0,-1
2021501130249,2021,501130249,2,1,0,18,19,6,2,0,0,1,0,0,0,0,4,1,1,1,2,51,8,-1,-1,-1,-1,9,E01019998,0,-1
2021052102472,2021,052102472,2,1,0,18,19,5,1,0,0,0,0,0,0,0,1,1,6,6,1,11,3,-1,-1,-1,-1,1,E01007120,0,-1
2021471096670,2021,471096670,2,1,0,3,3,1,5,0,0,0,0,0,0,0,1,1,2,2,1,60,9,-1,-1,-1,-1,10,E01016984,0,-1
2021201113038,2021,201113038,1,9,0,7,7,1,3,0,0,2,0,0,0,0,4,1,6,6,1,-1,-1,-1,-1,-1,-1,-1,-1,0,-1
2021010298122,2021,010298122,2,1,0,18,19,1,5,0,0,1,0,0,1,0,1,1,2,2,1,27,6,-1,-1,-1,-1,8,E01004058,0,-1
2021501048750,2021,501048750,3,90,0,4,4,1,5,0,0,0,1,0,0,0,0,1,1,1,1,69,10,-1,-1,-1,-1,3,E01018953,0,-1
2021010315449,2021,010315449,3,9,0,2,2,0,0,0,0,0,0,0,0,0,1,1,6,6,3,-1,-1,-1,-1,-1,-1,-1,-1,0,-1
2021991054047,2021,991054047,1,9,0,18,19,3,7,0,0,0,0,0,0,0,4,1,6,6,3,40,7,-1,-1,-1,-1,-1,-1,0,-1
2021170S41681,2021,170S41681,2,1,0,18,19,6,2,0,0,8,0,0,0,0,1,1,6,6,1,52,8,-1,-1,-1,-1,7,E01012202,0,-1
2021131066655,2021,131066655,2,1,0,18,19,3,7,0,0,0,0,0,0,0,4,1,6,6,1,47,8,-1,-1,-1,-1,8,E01011109,0,-1
2021041020996,2021,041020996,3,1,0,18,19,5,1,0,0,0,0,0,0,0,0,1,6,6,1,26,6,-1,-1,-1,-1,4,E01025407,0,-1
2021052102276,2021,052102276,1,9,0,7,7,5,1,0,0,5,0,0,0,0,4,1,6,6,3,-1,-1,-1,-1,-1,-1,-1,-1,0,-1
2021010341454,2021,010341454,1,-1,9,99,99,9,9,99,99,0,9,99,9,99,9,9,6,6,3,-1,-1,-1,-1,-1,-1,-1,-1,1,-1
2021052101262,2021,052101262,2,1,0,18,19,1,5,0,0,0,0,0,0,0,2,1,6,6,1,25,5,-1,-1,-1,-1,1,E01006678,0,-1
2021010347321,2021,010347321,1,1,9,99,99,9,9,0,0,9,9,99,9,99,9,1,2,2,1,42,7,-1,-1,-1,-1,10,E01000756,0,-1
2021010324482,2021,010324482,1,1,9,99,99,9,9,99,99,9,9,99,9,99,2,1,6,6,2,55,8,-1,-1,-1,-1,7,E01000791,0,-1
2021010300952,2021,010300952,1,1,9,99,99,9,9,99,99,0,9,99,9,99,9,1,6,6,3,-1,-1,-1,-1,-1,-1,-1,-1,0,-1
202163C069321,2021,63C069321,3,5,0,18,19,4,8,0,0,8,1,0,0,0,1,1,6,6,1,64,9,-1,-1,-1,-1,3,W01001034,0,-1
2021401015595,2021,401015595,2,3,0,3,3,4,7,0,0,1,0,0,0,0,2,1,2,2,1,44,7,-1,-1,-1,-1,2,E01017509,0,-1
2021211145190,2021,211145190,3,9,0,3,3,8,4,0,0,1,0,0,0,0,2,1,6,6,3,-1,-1,-1,-1,-1,-1,-1,-1,0,-1
2021131039357,2021,131039357,2,1,0,18,19,7,3,0,0,1,0,0,0,0,1,1,6,6,2,29,6,-1,-1,-1,-1,4,E01011489,0,-1
202131C147121,2021,31C147121,2,-1,0,18,19,1,5,0,0,2,1,0,0,0,1,1,6,6,1,31,6,-1,-1,-1,-1,1,E01013841,1,-1
2021361146517,2021,361146517,1,9,0,15,15,6,2,0,0,0,0,0,0,0,4,1,6,6,2,-1,-1,-1,-1,-1,-1,-1,-1,0,-1
2021351125419,2021,351125419,2,22,0,18,19,1,5,9,9,0,5,0,0,0,1,1,6,6,1,62,9,-1,-1,-1,-1,3,E01015615,0,-1