collision_index,collision_year,collision_ref_no,vehicle_reference,vehicle_type,towing_and_articulation,vehicle_manoeuvre_historic,vehicle_manoeuvre,vehicle_direction_from,vehicle_direction_to,vehicle_location_restricted_lane_historic,vehicle_location_restricted_lane,junction_location,skidding_and_overturning,hit_object_in_carriageway,vehicle_leaving_carriageway,hit_object_off_carriageway,first_point_of_impact,vehicle_left_hand_drive,journey_purpose_of_driver_historic,journey_purpose_of_driver,sex_of_driver,age_of_driver,age_band_of_driver,engine_capacity_cc,propulsion_code,age_of_vehicle,generic_make_model,driver_imd_decile,lsoa_of_driver,escooter_flag,driver_distance_banding
2021991101337,2021,991101337,1,9,0,18,19,5,3,0,0,8,0,0,0,0,0,1,2,2,1,31,6,-1,-1,-1,-1,10,-1,0,-1
2021991050699,2021,991050699,2,1,0,17,19,2,7,0,0,8,0,0,0,0,2,1,5,6,1,45,7,-1,-1,-1,-1,7,-1,0,-1
2021361077390,2021,361077390,1,8,0,5,5,7,3,0,0,1,0,0,0,0,3,1,1,1,1,-1,-1,-1,-1,-1,-1,-1,-1,0,-1
2021401113574,2021,401113574,1,1,0,18,19,-1,-1,0,0,2,0,0,0,0,3,1,1,1,1,62,9,-1,-1,-1,-1,6,E01017616,0,-1
2021332101545,2021,332101545,2,9,0,18,19,6,2,0,0,3,0,0,0,0,3,1,6,6,2,26,6,-1,-1,-1,-1,-1,-1,0,-1
2021201076189,2021,201076189,1,9,0,4,4,-1,-1,0,0,8,0,0,0,0,1,1,6,6,1,-1,-1,-1,-1,-1,-1,-1,-1,0,-1
2021010302492,2021,010302492,1,1,9,99,99,9,9,99,99,9,9,99,9,99,1,1,2,2,1,29,6,-1,-1,-1,-1,4,E01001683,0,-1
2021451074300,2021,451074300,2,9,0,12,12,1,5,0,0,0,0,0,0,0,4,1,6,6,1,48,8,-1,-1,-1,-1,-1,-1,0,-1
2021141089225,2021,141089225,1,1,0,16,19,4,8,0,0,1,0,0,0,0,3,1,5,6,1,19,4,-1,-1,-1,-1,1,E01007873,0,-1
202160Z019110,2021,60Z019110,1,98,0,4,4,6,2,0,0,1,0,0,0,0,1,1,1,1,1,34,6,-1,-1,-1,-1,-1,-1,0,-1
2021161106482,2021,161106482,2,1,0,16,19,1,3,0,0,0,0,0,0,0,0,1,6,6,1,65,9,-1,-1,-1,-1,1,E01012877,0,-1
2021351017655,2021,351017655,1,9,0,17,19,7,3,0,0,1,0,0,0,0,1,1,6,6,2,54,8,-1,-1,-1,-1,4,E01018095,0,-1
2021010330219,2021,010330219,2,1,0,18,19,3,7,4,4,1,0,0,0,0,1,1,2,2,2,33,6,-1,-1,-1,-1,2,E01004230,0,-1
2021430406876,2021,430406876,2,1,0,18,19,1,5,0,0,8,0,0,0,0,3,1,2,2,1,46,8,-1,-1,-1,-1,9,E01028751,0,-1
2021991040155,2021,991040155,1,1,0,18,19,8,4,0,0,1,0,0,0,0,1,1,6,6,1,45,7,-1,-1,-1,-1,-1,-1,0,-1
2021421118505,2021,421118505,2,9,0,18,19,4,1,0,0,8,0,0,0,0,4,1,1,1,1,38,7,-1,-1,-1,-1,5,E01023761,0,-1
2021351039572,2021,351039572,1,1,0,18,19,3,8,0,0,5,1,0,0,0,0,1,5,6,2,21,5,-1,-1,-1,-1,2,E01012413,0,-1
202160Z165279,2021,60Z165279,1,9,0,18,19,2,6,0,0,0,0,0,0,0,1,1,2,2,2,47,8,-1,-1,-1,-1,-1,-1,0,-1
2021061053767,2021,061053767,2,9,0,9,9,7,5,0,0,1,0,0,0,0,1,1,6,6,3,30,6,-1,-1,-1,-1,-1,-1,0,-1
2021320204637,2021,320204637,3,9,0,18,19,7,3,0,0,1,0,0,0,0,0,1,2,2,1,54,8,-1,-1,-1,-1,5,E01026407,0,-1
2021211089652,2021,211089652,1,9,0,18,19,1,5,0,0,6,0,0,0,0,1,1,6,6,3,18,4,-1,-1,-1,-1,-1,-1,0,-1
2021010343489,2021,010343489,2,1,0,18,19,5,1,0,0,1,0,0,0,0,0,1,6,6,1,44,7,-1,-1,-1,-1,1,E01001798,0,-1
2021201058650,2021,201058650,1,8,0,18,19,6,2,0,0,6,0,0,0,0,1,1,6,6,1,-1,-1,-1,-1,-1,-1,-1,-1,0,-1
2021461013841,2021,461013841,2,1,0,18,19,3,7,0,0,4,0,0,0,0,1,1,5,6,1,42,7,-1,-1,-1,-1,3,E01033092,0,-1
2021221097528,2021,221097528,1,9,0,13,13,3,7,0,0,8,0,10,7,0,1,1,5,6,1,32,6,-1,-1,-1,-1,7,E01028950,0,-1
2021131119464,2021,131119464,2,1,0,18,19,1,3,0,0,8,0,0,0,0,3,1,6,6,3,-1,-1,-1,-1,-1,-1,-1,-1,0,-1
202106N080122,2021,06N080122,1,1,0,18,19,6,2,9,9,0,0,0,0,0,1,1,6,6,1,13,3,-1,-1,-1,-1,1,E01005660,0,-1
2021010341003,2021,010341003,1,9,0,4,4,3,7,0,0,0,0,0,0,0,0,1,6,6,3,-1,-1,-1,-1,-1,-1,-1,-1,0,-1
2021531106963,2021,531106963,1,19,0,-1,-1,-1,-1,-1,-1,8,-1,-1,-1,0,-1,1,6,6,3,-1,-1,-1,-1,-1,-1,-1,-1,0,-1
2021010338554,2021,010338554,2,1,0,4,4,5,1,0,0,3,0,0,0,0,1,1,2,2,1,27,6,-1,-1,-1,-1,5,E01016487,0,-1
2021371125812,2021,371125812,4,9,0,2,2,7,7,0,0,0,0,0,0,0,2,1,6,6,3,-1,-1,-1,-1,-1,-1,-1,-1,0,-1
2021501031706,2021,501031706,1,9,0,13,13,5,1,0,0,0,0,0,0,0,4,1,6,6,3,-1,-1,-1,-1,-1,-1,-1,-1,0,-1
2021061078321,2021,061078321,2,9,-1,-1,-1,-1,-1,-1,-1,0,-1,-1,-1,0,-1,1,6,6,3,-1,-1,-1,-1,-1,-1,-1,-1,0,-1
2021010302574,2021,010302574,2,-1,9,18,19,7,3,99,99,1,9,99,9,0,9,9,6,6,1,-1,-1,-1,-1,-1,-1,5,E01003340,1,-1
2021141050496,2021,141050496,1,1,0,18,19,1,5,0,0,0,0,0,0,0,1,1,6,6,1,58,9,-1,-1,-1,-1,7,E01007860,0,-1
2021052100944,2021,052100944,1,9,0,11,11,3,7,0,0,0,0,0,0,0,4,1,6,6,3,-1,-1,-1,-1,-1,-1,-1,-1,0,-1
2021522102394,2021,522102394,3,9,0,18,19,7,3,0,0,0,0,0,0,0,1,1,6,6,1,64,9,-1,-1,-1,-1,3,E01014674,0,-1
2021111080654,2021,111080654,1,11,0,5,5,5,1,0,0,0,0,0,0,0,0,1,1,1,1,37,7,-1,-1,-1,-1,6,E01008176,0,-1
2021332100132,2021,332100132,2,9,0,18,19,8,4,0,0,0,0,0,0,0,3,1,6,6,1,57,9,-1,-1,-1,-1,7,E01025623,0,-1
2021170M10041,2021,170M10041,2,9,0,18,19,1,5,0,0,0,0,0,0,0,3,1,6,6,3,-1,-1,-1,-1,-1,-1,-1,-1,0,-1
2021141088878,2021,141088878,2,9,0,4,4,6,2,0,0,0,0,0,0,0,2,1,1,1,1,28,6,-1,-1,-1,-1,2,E01007633,0,-1
2021010339321,2021,010339321,2,1,0,14,14,1,5,0,0,1,0,0,0,0,1,1,6,6,1,39,7,-1,-1,-1,-1,2,E01003970,0,-1
2021010314732,2021,010314732,2,3,0,99,99,9,9,99,99,0,9,99,9,99,2,1,6,6,2,29,6,-1,-1,-1,-1,4,E01003133,0,-1
2021451024304,2021,451024304,2,1,0,17,19,7,3,0,0,1,0,0,0,0,1,1,5,6,1,59,9,-1,-1,-1,-1,3,E01002598,0,-1
2021522104458,2021,522104458,2,9,0,18,19,1,5,0,0,0,0,0,0,0,1,1,6,6,3,-1,-1,-1,-1,-1,-1,-1,-1,0,-1
2021332101516,2021,332101516,2,9,0,18,19,5,1,0,0,1,0,0,0,0,0,1,6,6,1,82,11,-1,-1,-1,-1,-1,-1,0,-1
2021610010721,2021,610010721,2,8,0,3,3,1,5,0,0,4,0,0,0,0,1,1,6,6,1,43,7,-1,-1,-1,-1,-1,-1,0,-1
2021320135457,2021,320135457,2,9,0,18,19,2,6,0,0,2,0,0,0,0,2,1,2,2,1,61,9,-1,-1,-1,-1,2,E01026037,0,-1
2021991099156,2021,991099156,2,9,0,18,19,5,1,0,0,0,0,0,4,6,1,1,5,6,1,23,5,-1,-1,-1,-1,5,-1,0,-1
2021122100873,2021,122100873,2,5,0,2,2,0,0,0,0,0,0,0,1,4,4,1,6,6,1,61,9,-1,-1,-1,-1,-1,-1,0,-1
2021010294718,2021,010294718,3,9,9,99,99,9,9,99,99,9,9,99,9,99,9,9,6,6,3,-1,-1,-1,-1,-1,-1,-1,-1,0,-1
2021451093604,2021,451093604,1,9,0,9,9,5,3,0,0,8,0,0,0,0,4,1,1,1,1,19,4,-1,-1,-1,-1,9,E01030875,0,-1
2021010315130,2021,010315130,2,9,0,18,19,7,3,0,0,0,0,0,0,0,4,1,6,6,2,32,6,-1,-1,-1,-1,4,E01003317,0,-1
2021010344919,2021,010344919,1,1,0,10,10,1,8,0,0,6,0,0,0,0,4,1,2,2,1,44,7,-1,-1,-1,-1,8,E01011605,0,-1
2021041100520,2021,041100520,1,-1,0,18,19,-1,-1,0,0,0,0,0,0,0,-1,1,6,6,3,-1,-1,-1,-1,-1,-1,-1,-1,1,-1
2021061047871,2021,061047871,1,90,0,18,19,6,2,0,0,8,0,0,0,0,1,1,6,6,3,30,6,-1,-1,-1,-1,-1,-1,0,-1
2021141067299,2021,141067299,1,9,0,16,19,2,6,0,0,0,0,0,0,0,4,1,5,6,2,29,6,-1,-1,-1,-1,4,E01007434,0,-1
2021552101092,2021,552101092,1,11,0,5,5,4,8,0,0,0,0,0,0,0,0,1,1,1,3,33,6,-1,-1,-1,-1,-1,-1,0,-1
2021010309962,2021,010309962,1,3,0,99,99,9,9,99,99,9,9,99,9,99,9,1,6,6,2,24,5,-1,-1,-1,-1,2,E01003323,0,-1
2021552200241,2021,552200241,1,1,0,18,19,1,5,0,0,0,0,0,0,0,1,1,6,6,3,33,6,-1,-1,-1,-1,-1,-1,0,-1
2021401052184,2021,401052184,2,1,1,5,5,5,1,0,0,0,0,0,0,0,4,1,5,6,1,15,3,-1,-1,-1,-1,7,E01017587,0,-1
2021010313962,2021,010313962,1,1,9,99,99,9,9,99,99,8,9,99,9,99,1,1,2,2,1,22,5,-1,-1,-1,-1,2,E01003092,0,-1
2021010319692,2021,010319692,2,1,0,18,19,3,7,0,0,0,5,0,0,0,1,1,6,6,1,49,8,-1,-1,-1,-1,7,E01000462,0,-1
2021440029184,2021,440029184,2,1,0,18,19,8,4,0,0,0,0,0,0,0,3,1,6,6,1,39,7,-1,-1,-1,-1,1,E01017053,0,-1
2021520105831,2021,520105831,1,9,0,18,19,4,8,0,0,8,0,0,0,0,1,1,6,6,1,47,8,-1,-1,-1,-1,4,E01019932,0,-1
2021010308212,2021,010308212,1,19,0,1,1,8,4,0,0,0,0,0,0,0,2,1,6,6,1,33,6,-1,-1,-1,-1,8,E01023916,0,-1
2021332100553,2021,332100553,2,9,0,18,19,2,6,0,0,0,0,0,0,0,2,1,6,6,2,23,5,-1,-1,-1,-1,5,E01025858,0,-1
2021041106077,2021,041106077,2,1,0,18,19,5,1,0,0,4,0,0,0,0,2,1,6,6,1,67,10,-1,-1,-1,-1,6,E01025261,0,-1
2021010352460,2021,010352460,2,9,0,18,19,7,3,0,0,0,0,0,0,0,1,1,6,6,3,-1,-1,-1,-1,-1,-1,-1,-1,0,-1
2021201059241,2021,201059241,1,1,0,18,19,4,8,4,4,8,0,0,0,0,4,1,6,6,1,29,6,-1,-1,-1,-1,1,E01010464,0,-1
2021101106385,2021,101106385,2,17,0,2,2,0,0,0,0,0,0,0,0,0,2,1,1,1,1,41,7,-1,-1,-1,-1,-1,-1,0,-1
2021351088458,2021,351088458,2,1,0,18,19,-1,-1,0,0,6,0,0,0,0,4,1,6,6,1,19,4,-1,-1,-1,-1,8,E01018129,0,-1
202134WNC3421,2021,34WNC3421,1,9,0,18,19,5,1,0,0,1,0,0,0,0,1,1,6,6,3,-1,-1,-1,-1,-1,-1,-1,-1,0,-1
2021010298215,2021,010298215,1,9,0,4,4,3,7,0,0,8,0,0,0,0,0,1,6,6,3,-1,-1,-1,-1,-1,-1,-1,-1,0,-1
2021622100552,2021,622100552,2,1,0,18,19,2,6,0,0,1,0,0,0,0,2,1,2,2,2,19,4,-1,-1,-1,-1,8,W01001721,0,-1
202131A038821,2021,31A038821,2,1,0,18,19,8,4,0,0,0,0,0,0,0,2,1,2,2,1,18,4,-1,-1,-1,-1,2,E01028238,0,-1
202160Z072610,2021,60Z072610,2,9,0,4,4,7,3,0,0,0,0,0,0,0,2,1,6,6,1,51,8,-1,-1,-1,-1,-1,-1,0,-1
2021010304556,2021,010304556,2,-1,0,18,19,3,7,0,0,8,0,0,0,0,4,1,2,2,1,45,7,-1,-1,-1,-1,2,E01001161,1,-1
2021031053627,2021,031053627,1,9,0,9,9,5,6,0,0,1,0,0,0,0,1,1,5,6,1,67,10,-1,-1,-1,-1,8,E01019119,0,-1
2021201141549,2021,201141549,1,9,0,18,19,5,1,0,0,2,0,0,0,0,1,1,6,6,3,-1,-1,-1,-1,-1,-1,-1,-1,0,-1
2021010324863,2021,010324863,1,1,9,99,99,9,9,99,99,0,9,99,9,99,1,1,2,2,1,51,8,-1,-1,-1,-1,3,E01003616,0,-1
2021010288191,2021,010288191,1,1,9,99,99,9,9,99,99,0,9,99,9,99,1,1,2,2,2,30,6,-1,-1,-1,-1,6,E01001245,0,-1
2021052101337,2021,052101337,2,1,0,18,19,3,7,0,0,0,0,0,0,0,0,1,1,1,1,52,8,-1,-1,-1,-1,1,E01006674,0,-1
2021010350251,2021,010350251,2,9,0,99,99,9,9,99,99,9,9,99,9,99,2,9,6,6,1,55,8,-1,-1,-1,-1,2,E01001792,0,-1
2021221071520,2021,221071520,2,1,0,18,19,3,7,0,0,8,0,0,0,0,1,1,5,6,2,47,8,-1,-1,-1,-1,1,E01008979,0,-1
2021010346282,2021,010346282,2,9,0,99,99,9,9,99,99,9,9,99,9,99,0,9,6,6,3,-1,-1,-1,-1,-1,-1,-1,-1,0,-1
2021170S30511,2021,170S30511,1,9,0,18,19,1,5,0,0,8,0,0,0,0,4,1,6,6,2,-1,-1,-1,-1,-1,-1,-1,-1,0,-1
2021421044287,2021,421044287,1,1,-1,18,19,7,3,0,0,0,0,0,0,0,0,1,6,6,1,-1,-1,-1,-1,-1,-1,2,E01021286,0,-1
202160Z094336,2021,60Z094336,1,9,0,16,19,2,4,0,0,1,5,0,7,10,1,1,6,6,2,20,4,-1,-1,-1,-1,-1,-1,0,-1
2021371099711,2021,371099711,1,-1,0,18,19,1,5,0,0,8,0,0,0,0,1,1,5,6,1,27,6,-1,-1,-1,-1,4,E01030251,1,-1
202131B179121,2021,31B179121,1,9,0,18,19,5,1,0,0,0,0,0,0,0,1,1,6,6,3,-1,-1,-1,-1,-1,-1,-1,-1,0,-1
2021522102874,2021,522102874,1,1,0,18,19,5,1,0,0,8,0,0,0,0,1,1,6,6,1,35,6,-1,-1,-1,-1,6,E01014508,0,-1
2021991100033,2021,991100033,3,9,0,4,4,1,5,0,0,0,0,0,0,0,2,1,1,1,1,34,6,-1,-1,-1,-1,6,E01013023,0,-1
2021552101346,2021,552101346,2,1,0,18,19,8,4,0,0,0,0,0,0,0,3,1,6,6,1,53,8,-1,-1,-1,-1,9,E01015356,0,-1
2021161043738,2021,161043738,1,9,0,5,5,3,7,0,0,3,0,0,0,0,1,1,2,2,1,40,7,-1,-1,-1,-1,4,E01012883,0,-1
2021010288809,2021,010288809,2,98,0,99,99,9,9,99,99,9,9,99,9,99,9,9,6,6,3,-1,-1,-1,-1,-1,-1,-1,-1,0,-1
202134WNC2891,2021,34WNC2891,2,1,0,18,19,5,1,0,0,2,0,0,0,0,3,1,1,1,1,34,6,-1,-1,-1,-1,1,E01027013,0,-1
2021010318144,2021,010318144,1,9,0,18,19,5,1,0,0,0,0,0,0,0,1,1,1,1,1,46,8,-1,-1,-1,-1,2,E01003240,0,-1
2021461100224,2021,461100224,1,9,0,18,19,2,7,0,0,6,0,0,0,0,4,1,2,2,1,56,9,-1,-1,-1,-1,-1,-1,0,-1
2021440007288,2021,440007288,1,9,0,18,19,1,5,0,0,8,0,0,0,0,1,1,6,6,1,20,4,-1,-1,-1,-1,4,E01017128,0,-1
2021010333505,2021,010333505,1,9,0,18,19,1,5,0,0,1,0,0,0,0,1,1,6,6,3,-1,-1,-1,-1,-1,-1,-1,-1,0,-1
2021010315131,2021,010315131,2,1,0,5,5,3,7,0,0,2,0,0,0,0,1,1,1,1,1,53,8,-1,-1,-1,-1,7,E01000818,0,-1
2021302100697,2021,302100697,3,19,0,2,2,0,0,0,0,0,0,0,0,0,0,1,1,1,3,-1,-1,-1,-1,-1,-1,5,E01019456,0,-1
2021430004909,2021,430004909,1,19,0,9,9,4,2,0,0,5,0,0,0,0,1,1,6,6,3,-1,-1,-1,-1,-1,-1,-1,-1,0,-1
2021401109977,2021,401109977,2,1,-1,-1,-1,3,7,-1,-1,-1,-1,-1,-1,0,-1,1,6,6,1,16,4,-1,-1,-1,-1,5,E01015762,0,-1
2021520104318,2021,520104318,1,1,0,3,3,7,3,0,0,0,0,0,0,0,3,1,6,6,1,20,4,-1,-1,-1,-1,2,E01029131,0,-1
2021440211965,2021,440211965,2,8,0,16,19,2,5,0,0,0,0,0,0,0,1,1,1,1,1,36,7,-1,-1,-1,-1,3,E01017244,0,-1
2021010325148,2021,010325148,2,1,0,18,19,1,5,0,0,8,0,0,0,0,3,1,2,2,1,35,6,-1,-1,-1,-1,2,E01004434,0,-1
2021991075201,2021,991075201,1,9,0,17,19,4,8,0,0,0,0,0,1,4,1,1,5,6,1,59,9,-1,-1,-1,-1,7,-1,0,-1
2021221066051,2021,221066051,2,1,0,18,19,7,3,0,0,0,0,0,0,0,3,1,2,2,1,64,9,-1,-1,-1,-1,1,E01032204,0,-1
2021141058050,2021,141058050,1,9,0,18,19,7,3,0,0,0,0,0,0,0,4,1,6,6,2,-1,-1,-1,-1,-1,-1,-1,-1,0,-1
2021991043146,2021,991043146,2,9,0,10,10,3,7,0,0,0,0,0,0,0,2,1,5,6,1,42,7,-1,-1,-1,-1,-1,-1,0,-1
2021061076632,2021,061076632,2,1,0,18,19,1,1,0,0,0,0,0,0,0,1,1,1,1,1,16,4,-1,-1,-1,-1,-1,-1,0,-1
2021101050410,2021,101050410,2,3,0,18,19,3,7,0,0,1,2,0,0,0,1,1,6,6,1,23,5,-1,-1,-1,-1,-1,-1,0,-1
2021161118211,2021,161118211,2,9,0,17,19,5,1,0,0,1,0,0,0,0,3,1,5,6,2,50,8,-1,-1,-1,-1,7,E01013270,0,-1
2021351124436,2021,351124436,2,1,0,18,19,7,3,0,0,1,0,0,0,0,2,1,2,2,1,28,6,-1,-1,-1,-1,-1,-1,0,-1
202160Z043388,2021,60Z043388,2,9,0,18,19,6,2,0,0,0,0,0,0,0,1,1,6,6,1,33,6,-1,-1,-1,-1,-1,-1,0,-1
2021552100874,2021,552100874,1,9,0,4,4,1,5,0,0,0,0,0,0,0,0,1,6,6,2,59,9,-1,-1,-1,-1,5,E01019886,0,-1
2021052102925,2021,052102925,1,9,0,18,19,1,5,0,0,1,0,0,0,0,1,1,6,6,3,-1,-1,-1,-1,-1,-1,-1,-1,0,-1
2021010354219,2021,010354219,1,1,9,99,99,9,9,99,99,9,9,99,9,99,1,1,6,6,3,-1,-1,-1,-1,-1,-1,-1,-1,0,-1
2021332100644,2021,332100644,2,9,0,18,19,4,8,2,2,1,0,0,0,0,3,1,1,1,1,54,8,-1,-1,-1,-1,5,E01013612,0,-1
2021201135564,2021,201135564,1,1,0,4,4,4,8,9,9,1,0,0,0,0,4,1,4,7,1,12,3,-1,-1,-1,-1,2,E01010258,0,-1
2021201027694,2021,201027694,1,9,0,18,19,2,7,0,0,0,-1,0,0,0,0,1,1,1,3,-1,-1,-1,-1,-1,-1,-1,-1,0,-1
2021131115510,2021,131115510,2,9,0,5,5,5,1,0,0,0,0,0,0,0,3,2,6,6,1,31,6,-1,-1,-1,-1,4,E01010664,0,-1
2021501018575,2021,501018575,2,9,0,18,19,5,1,0,0,0,0,0,0,0,1,1,5,6,1,40,7,-1,-1,-1,-1,1,E01018930,0,-1
2021010328710,2021,010328710,1,9,0,18,19,1,5,0,0,2,0,0,0,0,1,1,6,6,3,-1,-1,-1,-1,-1,-1,-1,-1,0,-1
2021111044419,2021,111044419,2,1,0,18,19,6,2,0,0,2,0,0,0,0,1,1,5,6,1,8,2,-1,-1,-1,-1,3,E01020845,0,-1
2021111068402,2021,111068402,1,9,0,18,19,3,7,0,0,0,0,0,1,0,4,1,5,6,3,30,6,-1,-1,-1,-1,-1,-1,0,-1
2021440438687,2021,440438687,2,9,0,18,19,7,3,0,0,0,0,0,0,0,1,1,6,6,1,24,5,-1,-1,-1,-1,6,E01022961,0,-1
2021211097688,2021,211097688,1,9,0,18,19,6,2,0,0,8,0,0,0,0,1,1,6,6,2,85,11,-1,-1,-1,-1,9,E01029712,0,-1
2021031048894,2021,031048894,1,9,0,18,19,3,7,0,0,0,0,0,0,0,1,1,6,6,3,-1,-1,-1,-1,-1,-1,-1,-1,0,-1
202131C088821,2021,31C088821,3,9,0,2,2,0,0,0,0,0,0,0,0,0,1,1,6,6,2,-1,-1,-1,-1,-1,-1,9,E01028169,0,-1
2021351111881,2021,351111881,1,9,0,5,5,1,5,0,0,0,0,0,0,0,1,1,6,6,3,-1,-1,-1,-1,-1,-1,-1,-1,0,-1
2021332100949,2021,332100949,2,1,0,18,19,2,6,0,0,8,0,0,0,0,1,1,1,1,1,12,3,-1,-1,-1,-1,4,E01013663,0,-1
2021010317612,2021,010317612,2,9,9,99,99,9,9,99,99,9,9,99,9,99,0,9,6,6,1,-1,-1,-1,-1,-1,-1,-1,-1,0,-1
2021101038561,2021,101038561,1,9,0,18,19,5,1,0,0,0,0,0,0,0,4,1,6,6,1,-1,-1,-1,-1,-1,-1,-1,-1,0,-1
2021201121368,2021,201121368,1,9,0,5,5,7,3,0,0,1,0,0,0,0,4,1,6,6,3,-1,-1,-1,-1,-1,-1,-1,-1,0,-1
2021010333169,2021,010333169,1,1,9,99,99,9,9,99,99,9,9,99,9,99,1,1,6,6,1,24,5,-1,-1,-1,-1,6,E01003100,0,-1
2021052101415,2021,052101415,1,9,0,18,19,2,6,0,0,2,0,0,0,0,4,1,6,6,3,-1,-1,-1,-1,-1,-1,-1,-1,0,-1
2021622100425,2021,622100425,1,9,0,18,19,5,1,0,0,4,0,0,0,0,1,1,6,6,1,31,6,-1,-1,-1,-1,2,W01000834,0,-1
2021231075143,2021,231075143,1,1,0,12,12,3,7,0,0,0,0,0,7,0,3,1,5,6,1,55,8,-1,-1,-1,-1,3,E01009633,0,-1
2021401111952,2021,401111952,3,9,0,18,19,5,1,0,0,1,0,0,0,0,2,1,6,6,3,-1,-1,-1,-1,-1,-1,-1,-1,0,-1
2021010311933,2021,010311933,3,9,0,99,99,9,9,99,99,9,9,99,9,99,9,9,6,6,3,-1,-1,-1,-1,-1,-1,-1,-1,0,-1
202134NNC6231,2021,34NNC6231,2,-1,0,18,19,7,3,0,0,3,0,0,0,0,4,1,2,2,2,20,4,-1,-1,-1,-1,8,E01027096,1,-1
2021010303865,2021,010303865,2,9,0,99,99,9,9,99,99,9,9,99,9,99,9,9,6,6,3,-1,-1,-1,-1,-1,-1,-1,-1,0,-1
2021522103758,2021,522103758,2,-1,0,18,19,3,7,0,0,8,0,0,0,0,4,1,6,6,2,31,6,-1,-1,-1,-1,10,E01014876,1,-1
202163D009621,2021,63D009621,2,9,0,18,19,4,8,0,0,0,0,0,0,0,3,1,6,6,2,72,10,-1,-1,-1,-1,6,W01000538,0,-1
2021170M10211,2021,170M10211,2,1,0,18,19,6,2,0,0,8,0,0,0,0,3,1,2,2,1,44,7,-1,-1,-1,-1,8,E01012246,0,-1
2021061050245,2021,061050245,2,90,0,18,19,4,8,0,0,0,0,0,0,0,1,1,6,6,3,30,6,-1,-1,-1,-1,-1,-1,0,-1
2021031113372,2021,031113372,1,9,0,18,19,7,3,0,0,0,0,0,0,0,1,1,1,1,1,29,6,-1,-1,-1,-1,8,E01019307,0,-1
2021610026921,2021,610026921,1,9,0,17,19,8,5,0,0,0,0,0,0,0,1,1,6,6,1,63,9,-1,-1,-1,-1,-1,-1,0,-1
202134WNC0371,2021,34WNC0371,3,21,0,10,10,5,3,0,0,8,0,0,0,0,0,1,1,1,3,-1,-1,-1,-1,-1,-1,-1,-1,0,-1
2021010323264,2021,010323264,2,1,9,99,99,9,9,99,99,9,9,99,9,99,9,1,6,6,3,-1,-1,-1,-1,-1,-1,5,E01004601,0,-1
202106A080060,2021,06A080060,1,9,0,18,19,7,3,0,0,4,0,0,0,0,1,1,6,6,1,27,6,-1,-1,-1,-1,2,E01005193,0,-1
2021401093304,2021,401093304,1,9,0,18,19,3,7,0,0,5,0,0,0,0,4,1,1,1,1,52,8,-1,-1,-1,-1,4,E01016772,0,-1
2021031105506,2021,031105506,1,9,0,18,19,5,1,0,0,0,0,0,0,0,2,1,6,6,1,44,7,-1,-1,-1,-1,2,-1,0,-1
2021041085031,2021,041085031,1,9,0,18,19,-1,-1,0,0,8,-1,-1,-1,0,-1,1,6,6,3,-1,-1,-1,-1,-1,-1,-1,-1,0,-1
2021461032144,2021,461032144,2,9,0,3,3,5,1,0,0,0,0,0,0,0,2,1,1,1,1,52,8,-1,-1,-1,-1,5,E01000354,0,-1
2021010309685,2021,010309685,2,8,0,9,9,3,1,0,0,1,0,0,0,0,1,1,1,1,1,66,10,-1,-1,-1,-1,1,E01033598,0,-1
202160Z125555,2021,60Z125555,2,10,0,18,19,6,2,0,0,1,0,0,0,0,1,1,1,1,1,55,8,-1,-1,-1,-1,-1,-1,0,-1
2021522101063,2021,522101063,1,3,0,16,19,1,3,9,9,2,0,0,0,0,1,1,6,6,1,55,8,-1,-1,-1,-1,-1,-1,0,-1
2021010355885,2021,010355885,2,19,0,99,99,9,9,99,99,9,9,99,9,99,1,9,6,6,3,-1,-1,-1,-1,-1,-1,-1,-1,0,-1
2021461049912,2021,461049912,2,1,0,18,19,3,7,0,0,0,0,0,0,0,3,1,6,6,1,36,7,-1,-1,-1,-1,4,E01024591,0,-1
2021061036800,2021,061036800,1,9,0,18,19,7,7,0,0,1,0,0,0,0,1,1,6,6,2,66,10,-1,-1,-1,-1,-1,-1,0,-1
2021010288959,2021,010288959,1,1,9,99,99,9,9,99,99,1,9,99,9,99,9,1,2,2,2,30,6,-1,-1,-1,-1,2,E01004405,0,-1
2021545350121,2021,545350121,2,1,0,18,19,6,2,0,0,8,0,0,0,0,3,1,6,6,1,10,2,-1,-1,-1,-1,-1,-1,0,-1
2021461028699,2021,461028699,1,9,0,18,19,7,3,0,0,6,0,0,0,0,2,1,6,6,3,-1,-1,-1,-1,-1,-1,-1,-1,0,-1
2021440224046,2021,440224046,1,1,0,18,19,1,5,0,0,8,0,0,0,0,3,1,6,6,2,13,3,-1,-1,-1,-1,6,E01022831,0,-1
2021070757575,2021,070757575,1,9,0,5,5,1,5,0,0,0,0,0,0,0,0,1,6,6,3,-1,-1,-1,-1,-1,-1,-1,-1,0,-1
2021010322989,2021,010322989,1,1,9,99,99,9,9,99,99,9,9,99,9,99,9,1,1,1,1,35,6,-1,-1,-1,-1,6,E01000165,0,-1
2021332100006,2021,332100006,1,9,0,18,19,7,3,0,0,0,1,0,4,6,2,1,6,6,2,19,4,-1,-1,-1,-1,3,E01025976,0,-1
2021302101334,2021,302101334,2,9,0,13,13,4,8,0,0,2,0,0,0,0,0,1,6,6,3,-1,-1,-1,-1,-1,-1,5,E01019456,0,-1
2021451077044,2021,451077044,1,1,0,18,19,1,5,0,0,0,1,0,0,0,1,1,5,6,2,54,8,-1,-1,-1,-1,10,E01030855,0,-1
2021010289899,2021,010289899,1,19,0,4,4,3,7,0,0,2,0,0,0,0,1,1,6,6,3,-1,-1,-1,-1,-1,-1,-1,-1,0,-1
2021332100335,2021,332100335,1,9,0,9,9,8,6,0,0,6,0,0,7,0,1,1,2,2,1,28,6,-1,-1,-1,-1,7,E01025652,0,-1
2021010297303,2021,010297303,1,19,0,9,9,2,8,4,4,5,9,0,1,0,4,1,6,6,3,-1,-1,-1,-1,-1,-1,-1,-1,0,-1
2021010325365,2021,010325365,2,9,0,99,99,9,9,99,99,9,9,99,9,99,3,9,6,6,3,-1,-1,-1,-1,-1,-1,-1,-1,0,-1
2021461129899,2021,461129899,2,1,0,18,19,5,1,0,0,1,0,0,0,0,1,1,5,6,1,6,2,-1,-1,-1,-1,5,E01023992,0,-1
2021461117943,2021,461117943,1,9,0,1,1,3,7,0,0,0,0,0,0,0,3,1,6,6,3,-1,-1,-1,-1,-1,-1,-1,-1,0,-1