collision_index,collision_year,collision_ref_no,vehicle_reference,vehicle_type,towing_and_articulation,vehicle_manoeuvre_historic,vehicle_manoeuvre,vehicle_direction_from,vehicle_direction_to,vehicle_location_restricted_lane_historic,vehicle_location_restricted_lane,junction_location,skidding_and_overturning,hit_object_in_carriageway,vehicle_leaving_carriageway,hit_object_off_carriageway,first_point_of_impact,vehicle_left_hand_drive,journey_purpose_of_driver_historic,journey_purpose_of_driver,sex_of_driver,age_of_driver,age_band_of_driver,engine_capacity_cc,propulsion_code,age_of_vehicle,generic_make_model,driver_imd_decile,lsoa_of_driver,escooter_flag,driver_distance_banding
2021430391382,2021,430391382,2,1,0,9,9,4,8,0,0,1,0,0,0,0,3,1,6,6,1,15,3,-1,-1,-1,-1,5,E01032555,0,-1
2021010300183,2021,010300183,1,9,0,99,99,9,9,99,99,9,9,99,9,99,1,9,6,6,1,23,5,-1,-1,-1,-1,1,E01001958,0,-1
2021041056175,2021,041056175,1,97,0,18,19,3,7,0,0,1,1,7,0,0,4,1,5,6,1,35,6,-1,-1,-1,-1,2,E01025173,0,-1
202106L079029,2021,06L079029,1,9,0,16,19,4,8,0,0,8,1,10,7,1,1,1,6,6,1,26,6,-1,-1,-1,-1,2,E01005720,0,-1
2021610026721,2021,610026721,1,4,0,18,19,5,1,0,0,1,0,4,0,0,1,1,2,2,1,62,9,-1,-1,-1,-1,-1,-1,0,-1
2021010299573,2021,010299573,1,1,9,99,99,9,9,99,99,9,9,99,9,99,2,1,2,2,2,24,5,-1,-1,-1,-1,2,E01002730,0,-1
2021522105240,2021,522105240,2,1,0,9,9,5,3,0,0,8,0,0,0,0,1,1,6,6,1,28,6,-1,-1,-1,-1,7,E01014909,0,-1
2021010290686,2021,010290686,2,1,0,15,15,4,8,0,0,8,0,0,0,0,4,1,1,1,1,41,7,-1,-1,-1,-1,3,E01001900,0,-1
2021041091971,2021,041091971,1,9,0,15,15,2,6,0,0,1,0,0,0,0,4,1,6,6,3,-1,-1,-1,-1,-1,-1,-1,-1,0,-1
2021201074395,2021,201074395,2,1,0,18,19,5,1,0,0,3,0,0,0,0,0,1,6,6,1,59,9,-1,-1,-1,-1,8,E01009644,0,-1
2021610008321,2021,610008321,1,1,0,18,19,3,7,0,0,3,0,0,0,0,2,1,1,1,1,34,6,-1,-1,-1,-1,-1,-1,0,-1
2021010318549,2021,010318549,2,1,9,99,99,9,9,99,99,9,9,99,9,99,9,1,2,2,2,26,6,-1,-1,-1,-1,5,E01000927,0,-1
2021211105141,2021,211105141,2,1,0,-1,-1,-1,-1,-1,-1,-1,-1,-1,-1,0,-1,1,6,6,1,23,5,-1,-1,-1,-1,5,E01014225,0,-1
2021520200978,2021,520200978,2,3,0,18,19,6,3,0,0,8,0,0,0,0,1,1,6,6,1,41,7,-1,-1,-1,-1,3,E01014811,0,-1
202160Z023765,2021,60Z023765,1,9,0,9,9,3,1,0,0,5,5,0,1,2,1,1,6,6,1,18,4,-1,-1,-1,-1,-1,-1,0,-1
2021061112166,2021,061112166,2,-1,0,18,19,4,8,0,0,8,0,0,0,0,1,1,6,6,3,30,6,-1,-1,-1,-1,-1,-1,1,-1
2021351029329,2021,351029329,3,9,0,4,4,7,4,0,0,1,0,0,0,0,0,1,6,6,2,-1,-1,-1,-1,-1,-1,-1,-1,0,-1
2021552100731,2021,552100731,1,19,0,6,6,7,7,0,0,1,0,0,0,0,3,1,6,6,1,43,7,-1,-1,-1,-1,5,E01020536,0,-1
2021010316094,2021,010316094,2,9,0,99,99,9,9,99,99,9,9,99,9,99,9,9,6,6,1,-1,-1,-1,-1,-1,-1,-1,-1,0,-1
2021010304381,2021,010304381,2,98,0,99,99,9,9,99,99,9,9,99,9,99,1,9,6,6,3,-1,-1,-1,-1,-1,-1,-1,-1,0,-1
2021010333322,2021,010333322,1,9,9,99,99,9,9,99,99,9,9,99,9,99,1,9,6,6,3,-1,-1,-1,-1,-1,-1,-1,-1,0,-1
2021201089430,2021,201089430,1,9,0,18,19,6,2,0,0,1,0,0,0,0,1,1,6,6,1,-1,-1,-1,-1,-1,-1,-1,-1,0,-1
2021471119887,2021,471119887,1,9,0,18,19,2,6,0,0,0,0,0,0,0,1,1,6,6,3,-1,-1,-1,-1,-1,-1,-1,-1,0,-1
2021010290230,2021,010290230,1,23,0,18,19,5,1,0,0,8,0,0,0,0,1,1,6,6,3,-1,-1,-1,-1,-1,-1,-1,-1,0,-1
2021010317790,2021,010317790,1,9,0,9,9,1,7,0,0,5,0,11,0,0,1,1,6,6,1,27,6,-1,-1,-1,-1,3,E01003091,0,-1
2021041108970,2021,041108970,1,9,4,18,19,1,5,0,0,0,0,0,0,0,3,1,1,1,1,68,10,-1,-1,-1,-1,4,E01033072,0,-1
2021161034077,2021,161034077,2,1,0,18,19,3,7,0,0,1,0,0,0,0,1,1,6,6,1,20,4,-1,-1,-1,-1,3,E01013319,0,-1
2021211149648,2021,211149648,1,19,0,18,19,5,8,0,0,1,0,0,0,0,1,1,1,1,1,41,7,-1,-1,-1,-1,9,E01029718,0,-1
2021991041365,2021,991041365,2,9,0,18,19,4,8,0,0,8,0,0,0,0,1,1,6,6,1,50,8,-1,-1,-1,-1,4,-1,0,-1
2021010330525,2021,010330525,1,1,9,99,99,9,9,99,99,2,9,99,9,99,9,1,6,6,1,25,5,-1,-1,-1,-1,3,E01003088,0,-1
2021010334472,2021,010334472,1,9,9,99,99,9,9,99,99,9,9,99,9,99,9,1,6,6,3,-1,-1,-1,-1,-1,-1,-1,-1,0,-1
2021122101048,2021,122101048,2,19,0,18,19,5,1,0,0,1,0,0,0,0,1,1,6,6,3,-1,-1,-1,-1,-1,-1,-1,-1,0,-1
2021010329786,2021,010329786,2,1,0,9,9,2,8,0,0,6,0,0,0,0,4,1,2,2,1,38,7,-1,-1,-1,-1,7,E01004609,0,-1
2021010353028,2021,010353028,1,9,0,99,99,9,9,99,99,0,9,99,9,99,9,9,6,6,3,-1,-1,-1,-1,-1,-1,-1,-1,0,-1
2021070498470,2021,070498470,2,1,0,18,19,6,2,0,0,1,0,0,0,0,1,1,6,6,1,48,8,-1,-1,-1,-1,3,E01006380,0,-1
2021430221423,2021,430221423,1,9,0,1,1,1,5,6,6,0,0,0,0,0,4,1,6,6,1,-1,-1,-1,-1,-1,-1,-1,-1,0,-1
2021010322760,2021,010322760,2,1,9,18,19,1,5,99,99,9,9,0,0,0,9,1,6,6,2,27,6,-1,-1,-1,-1,4,E01001756,0,-1
2021430380710,2021,430380710,2,19,0,15,15,1,5,0,0,0,0,0,0,0,3,1,6,6,1,30,6,-1,-1,-1,-1,-1,-1,0,-1
2021010297458,2021,010297458,1,-1,0,18,19,5,1,0,0,4,0,0,0,0,1,1,6,6,3,-1,-1,-1,-1,-1,-1,-1,-1,1,-1
2021010306236,2021,010306236,1,19,0,18,19,3,7,0,0,8,0,0,0,0,1,1,6,6,3,-1,-1,-1,-1,-1,-1,-1,-1,0,-1
2021010328120,2021,010328120,1,1,9,99,99,9,9,99,99,9,9,99,9,99,1,1,1,1,1,23,5,-1,-1,-1,-1,2,E01004251,0,-1
2021622100552,2021,622100552,1,9,0,18,19,2,6,0,0,1,0,0,0,0,1,1,6,6,3,-1,-1,-1,-1,-1,-1,-1,-1,0,-1
2021041104393,2021,041104393,1,9,0,4,4,1,1,0,0,1,0,0,0,0,2,1,1,1,1,40,7,-1,-1,-1,-1,1,E01012656,0,-1
202131D046221,2021,31D046221,2,1,0,14,14,4,8,0,0,1,0,0,0,0,3,1,6,6,1,42,7,-1,-1,-1,-1,9,E01028117,0,-1
2021201102993,2021,201102993,2,1,0,18,19,2,6,0,0,1,0,0,0,0,1,1,6,6,1,78,11,-1,-1,-1,-1,10,E01010181,0,-1
2021201147018,2021,201147018,1,1,0,18,19,8,4,0,0,0,0,0,0,0,4,1,6,6,1,23,5,-1,-1,-1,-1,1,E01010142,0,-1
2021320499121,2021,320499121,2,1,0,18,19,8,4,0,0,1,5,0,0,0,0,1,6,6,1,78,11,-1,-1,-1,-1,2,E01026156,0,-1
2021522201219,2021,522201219,2,1,0,18,19,1,5,0,0,0,0,0,0,0,4,1,6,6,1,18,4,-1,-1,-1,-1,3,E01014588,0,-1
2021010307033,2021,010307033,2,-1,0,18,19,1,5,9,9,1,0,0,0,0,1,1,1,1,1,21,5,-1,-1,-1,-1,3,E01001000,1,-1
2021451160434,2021,451160434,3,9,0,18,19,3,7,0,0,0,0,0,0,0,4,1,6,6,1,52,8,-1,-1,-1,-1,9,E01030916,0,-1
2021332100816,2021,332100816,2,9,0,18,19,3,7,0,0,0,0,0,0,0,1,1,6,6,2,41,7,-1,-1,-1,-1,-1,-1,0,-1
2021010329924,2021,010329924,1,1,0,13,13,3,7,0,0,3,0,0,0,0,3,1,6,6,1,73,10,-1,-1,-1,-1,2,E01004226,0,-1
2021010305608,2021,010305608,2,9,0,6,6,1,1,0,0,0,0,0,0,0,1,1,1,1,1,23,5,-1,-1,-1,-1,4,E01033082,0,-1
2021131055494,2021,131055494,2,1,0,5,5,2,6,0,0,8,0,0,0,0,3,1,5,6,1,45,7,-1,-1,-1,-1,7,E01013020,0,-1
2021221030692,2021,221030692,2,1,0,9,9,7,5,0,0,6,0,0,0,0,3,1,2,2,1,49,8,-1,-1,-1,-1,5,E01028910,0,-1
2021041095939,2021,041095939,2,1,0,18,19,5,1,9,9,0,0,0,0,0,2,1,5,6,1,22,5,-1,-1,-1,-1,1,E01012748,0,-1
2021421057930,2021,421057930,1,9,0,1,1,7,3,0,0,0,0,0,0,0,2,1,6,6,1,35,6,-1,-1,-1,-1,-1,-1,0,-1
2021010341430,2021,010341430,2,1,0,18,19,1,5,4,4,1,0,0,0,0,4,1,2,2,1,22,5,-1,-1,-1,-1,3,E01004344,0,-1
2021010313770,2021,010313770,2,1,0,7,7,1,3,0,0,1,0,0,0,0,3,1,6,6,1,34,6,-1,-1,-1,-1,3,E01003439,0,-1
2021010344471,2021,010344471,2,1,0,18,19,1,5,0,0,8,5,0,0,0,1,1,6,6,1,19,4,-1,-1,-1,-1,3,E01001747,0,-1
202106F078773,2021,06F078773,1,19,0,9,9,5,3,0,0,6,0,0,0,0,3,1,6,6,3,30,6,-1,-1,-1,-1,-1,-1,0,-1
2021041114346,2021,041114346,2,1,0,18,19,1,5,0,0,1,1,0,0,0,4,1,2,2,1,29,6,-1,-1,-1,-1,4,E01012740,0,-1
2021332100249,2021,332100249,1,8,0,12,12,1,5,0,0,0,0,0,0,0,0,1,6,6,1,38,7,-1,-1,-1,-1,3,E01011261,0,-1
2021411073994,2021,411073994,2,1,0,18,19,1,5,0,0,8,0,0,0,0,1,1,6,6,1,69,10,-1,-1,-1,-1,10,E01023551,0,-1
2021052100558,2021,052100558,1,9,0,18,19,3,7,0,0,0,0,0,0,0,1,1,6,6,3,-1,-1,-1,-1,-1,-1,-1,-1,0,-1
2021010291659,2021,010291659,2,9,0,9,9,3,2,0,0,5,0,0,0,0,1,1,6,6,1,19,4,-1,-1,-1,-1,5,E01001859,0,-1
2021031075131,2021,031075131,2,9,0,18,19,3,7,0,0,0,1,0,0,0,3,1,6,6,2,57,9,-1,-1,-1,-1,6,E01019317,0,-1
2021430378747,2021,430378747,1,9,0,18,19,6,2,0,0,0,1,0,4,9,3,1,6,6,1,40,7,-1,-1,-1,-1,-1,-1,0,-1
20211381H0762,2021,1381H0762,1,9,0,18,19,5,1,0,0,0,0,0,0,0,1,1,6,6,3,-1,-1,-1,-1,-1,-1,-1,-1,0,-1
2021440438170,2021,440438170,1,9,0,4,4,1,5,0,0,1,0,0,0,0,2,1,6,6,1,48,8,-1,-1,-1,-1,9,E01022689,0,-1
2021170L41181,2021,170L41181,2,3,0,9,9,8,4,0,0,8,0,0,0,0,1,1,6,6,1,18,4,-1,-1,-1,-1,5,E01012160,0,-1
2021010348980,2021,010348980,2,1,0,18,19,1,5,0,0,0,0,4,0,0,2,1,1,1,1,30,6,-1,-1,-1,-1,4,E01003259,0,-1
2021430520404,2021,430520404,1,1,0,18,19,4,8,0,0,0,0,0,0,0,1,1,6,6,1,21,5,-1,-1,-1,-1,-1,-1,0,-1
2021010294659,2021,010294659,1,1,9,99,99,9,9,99,99,9,9,99,9,99,9,1,2,2,1,25,5,-1,-1,-1,-1,10,E01018244,0,-1
2021010331848,2021,010331848,1,3,0,13,13,3,7,0,0,8,0,0,0,0,3,1,6,6,1,20,4,-1,-1,-1,-1,2,E01003551,0,-1
2021201049288,2021,201049288,1,9,0,18,19,2,6,0,0,0,0,10,7,4,1,1,6,6,1,60,9,-1,-1,-1,-1,6,E01028850,0,-1
2021351120925,2021,351120925,2,19,1,17,19,3,7,0,0,8,0,0,0,0,3,1,1,1,1,56,9,-1,-1,-1,-1,7,E01006814,0,-1
2021010316293,2021,010316293,2,1,0,18,19,1,5,9,9,6,0,0,0,0,3,1,6,6,1,18,4,-1,-1,-1,-1,5,E01004307,0,-1
2021332100219,2021,332100219,1,9,0,18,19,2,6,0,0,0,0,0,1,11,1,1,6,6,2,21,5,-1,-1,-1,-1,9,E01025737,0,-1
2021302101773,2021,302101773,1,-1,0,18,19,8,4,0,0,6,0,0,0,0,1,1,6,6,1,18,4,-1,-1,-1,-1,3,E01013454,1,-1
2021622100601,2021,622100601,2,1,0,18,19,3,7,0,0,1,0,0,0,0,1,1,6,6,1,26,6,-1,-1,-1,-1,4,W01001832,0,-1
2021070211611,2021,070211611,2,1,0,3,3,6,2,0,0,1,0,0,0,0,1,1,6,6,1,30,6,-1,-1,-1,-1,6,E01033618,0,-1
2021522100361,2021,522100361,1,9,0,11,11,1,5,0,0,3,0,0,0,0,2,1,6,6,1,22,5,-1,-1,-1,-1,10,E01014966,0,-1
2021010317871,2021,010317871,2,9,0,18,19,5,1,0,0,4,0,0,0,0,0,1,6,6,3,-1,-1,-1,-1,-1,-1,-1,-1,0,-1
2021481146507,2021,481146507,1,9,0,3,3,3,7,0,0,1,0,0,0,0,2,1,6,6,1,37,7,-1,-1,-1,-1,6,E01015925,0,-1
2021211068852,2021,211068852,2,9,0,4,4,2,3,0,0,0,0,0,0,0,2,1,5,6,1,38,7,-1,-1,-1,-1,-1,-1,0,-1
2021501087759,2021,501087759,2,1,0,17,19,7,4,0,0,0,0,0,0,0,3,1,5,6,1,15,3,-1,-1,-1,-1,5,E01018864,0,-1
2021531121730,2021,531121730,1,97,0,18,19,7,3,0,0,0,0,0,0,0,4,1,2,2,1,18,4,-1,-1,-1,-1,4,E01031936,0,-1
2021010290263,2021,010290263,1,1,9,99,99,9,9,99,99,9,9,99,9,99,1,1,2,2,1,35,6,-1,-1,-1,-1,3,E01002568,0,-1
2021010304039,2021,010304039,2,9,0,99,99,9,9,99,99,9,9,99,9,99,2,9,6,6,3,-1,-1,-1,-1,-1,-1,-1,-1,0,-1
2021221100264,2021,221100264,1,1,0,18,19,3,7,0,0,8,0,0,0,0,1,1,5,6,1,19,4,-1,-1,-1,-1,-1,-1,0,-1
2021052102217,2021,052102217,1,9,0,18,19,5,1,0,0,8,0,0,0,0,1,9,6,6,3,-1,-1,-1,-1,-1,-1,-1,-1,0,-1
2021010311492,2021,010311492,2,9,0,99,99,9,9,99,99,0,9,99,9,99,9,9,6,6,3,-1,-1,-1,-1,-1,-1,-1,-1,0,-1
202160Z159169,2021,60Z159169,1,9,0,6,6,8,8,0,0,8,0,0,0,0,3,1,6,6,1,53,8,-1,-1,-1,-1,-1,-1,0,-1
2021540225221,2021,540225221,1,9,0,18,19,8,4,0,0,1,0,0,0,0,1,1,6,6,1,43,7,-1,-1,-1,-1,10,E01022220,0,-1
2021332100280,2021,332100280,2,19,0,18,19,4,8,0,0,1,0,0,0,0,1,1,6,6,1,-1,-1,-1,-1,-1,-1,-1,-1,0,-1
2021991064221,2021,991064221,1,9,0,18,19,7,3,0,0,0,0,0,0,0,1,1,6,6,3,-1,-1,-1,-1,-1,-1,-1,-1,0,-1
2021991081678,2021,991081678,2,1,0,18,19,6,2,4,4,1,0,0,0,0,1,1,5,6,1,55,8,-1,-1,-1,-1,7,-1,0,-1
2021010339198,2021,010339198,2,19,0,2,2,0,0,0,0,5,0,0,0,0,1,1,6,6,3,-1,-1,-1,-1,-1,-1,-1,-1,0,-1
2021010295610,2021,010295610,1,1,0,18,19,3,7,0,0,0,0,0,0,0,3,1,6,6,1,27,6,-1,-1,-1,-1,3,E01000866,0,-1
2021010343702,2021,010343702,2,1,0,18,19,5,1,0,0,1,0,0,0,0,0,1,2,2,2,35,6,-1,-1,-1,-1,-1,-1,0,-1
2021451116785,2021,451116785,2,1,0,18,19,3,7,0,0,0,0,0,0,0,3,1,6,6,1,12,3,-1,-1,-1,-1,5,E01030482,0,-1
2021041058542,2021,041058542,2,9,0,2,2,5,1,0,0,1,0,0,0,0,2,1,6,6,3,-1,-1,-1,-1,-1,-1,-1,-1,0,-1
2021461083467,2021,461083467,2,11,-1,18,19,4,8,0,0,0,0,0,0,0,0,1,6,6,1,64,9,-1,-1,-1,-1,2,E01016064,0,-1
2021430431521,2021,430431521,1,9,0,16,19,2,5,0,0,8,0,0,0,0,1,1,6,6,1,60,9,-1,-1,-1,-1,10,E01028763,0,-1
2021101083221,2021,101083221,1,19,0,18,19,5,1,0,0,2,0,0,0,0,-1,1,1,1,1,-1,-1,-1,-1,-1,-1,-1,-1,0,-1
2021361065336,2021,361065336,2,9,0,18,19,2,6,0,0,0,0,0,0,0,2,1,1,1,1,29,6,-1,-1,-1,-1,3,E01000465,0,-1
2021041041389,2021,041041389,1,9,0,18,19,3,7,0,0,0,0,0,0,0,1,1,6,6,3,-1,-1,-1,-1,-1,-1,-1,-1,0,-1
2021122101211,2021,122101211,1,1,0,18,19,1,2,0,0,0,0,0,0,0,0,1,6,6,1,51,8,-1,-1,-1,-1,9,E01032593,0,-1
2021320570504,2021,320570504,1,9,0,4,4,4,8,0,0,1,1,0,0,0,1,1,1,1,2,31,6,-1,-1,-1,-1,8,E01026200,0,-1
2021122100577,2021,122100577,1,1,0,18,19,4,8,0,0,0,0,0,0,0,0,1,6,6,2,57,9,-1,-1,-1,-1,9,E01027595,0,-1
2021302101275,2021,302101275,2,3,0,13,13,8,4,0,0,0,0,0,0,0,4,1,6,6,1,23,5,-1,-1,-1,-1,8,E01029525,0,-1
2021010339592,2021,010339592,1,9,9,99,99,9,9,99,99,9,9,99,9,99,9,1,6,6,3,-1,-1,-1,-1,-1,-1,-1,-1,0,-1
202163B030021,2021,63B030021,1,90,4,16,19,1,4,0,0,0,1,0,1,10,1,1,6,6,1,44,7,-1,-1,-1,-1,2,E01013281,0,-1
2021010317454,2021,010317454,2,1,0,18,19,3,7,4,4,1,0,0,0,0,1,1,6,6,1,58,9,-1,-1,-1,-1,2,E01004283,0,-1
2021010294267,2021,010294267,2,1,0,18,19,3,7,0,0,1,0,0,0,0,4,1,6,6,1,65,9,-1,-1,-1,-1,8,E01000179,0,-1
2021440224142,2021,440224142,2,1,0,18,19,5,1,0,0,0,0,0,0,0,1,1,6,6,1,27,6,-1,-1,-1,-1,9,E01022653,0,-1
2021231044762,2021,231044762,2,9,0,2,2,0,0,0,0,1,0,0,0,0,3,1,5,6,1,24,5,-1,-1,-1,-1,-1,-1,0,-1
2021201066142,2021,201066142,2,1,0,18,19,8,4,0,0,1,0,0,0,0,1,1,1,1,2,47,8,-1,-1,-1,-1,2,E01010412,0,-1
2021161014200,2021,161014200,1,9,0,18,19,4,8,0,0,2,0,0,0,0,1,1,2,2,1,56,9,-1,-1,-1,-1,3,E01012795,0,-1
2021231068518,2021,231068518,2,1,0,7,7,4,6,0,0,5,0,0,0,0,4,1,5,6,1,55,8,-1,-1,-1,-1,10,E01025832,0,-1
202160Z063693,2021,60Z063693,1,9,0,18,19,2,6,0,0,1,0,0,0,0,4,1,6,6,3,-1,-1,-1,-1,-1,-1,-1,-1,0,-1
2021332100908,2021,332100908,1,9,0,18,19,1,5,0,0,0,0,0,0,0,1,1,2,2,1,24,5,-1,-1,-1,-1,10,E01025616,0,-1
2021201075392,2021,201075392,2,9,0,18,19,8,4,0,0,0,0,0,0,0,3,1,6,6,3,-1,-1,-1,-1,-1,-1,-1,-1,0,-1
2021201134777,2021,201134777,1,9,0,9,9,7,5,0,0,6,0,0,0,0,1,1,6,6,2,-1,-1,-1,-1,-1,-1,-1,-1,0,-1
2021010288033,2021,010288033,1,1,9,99,99,9,9,99,99,9,9,99,9,99,1,1,6,6,1,29,6,-1,-1,-1,-1,8,E01002914,0,-1
2021201067490,2021,201067490,1,9,0,7,7,1,2,0,0,6,0,4,0,0,4,1,6,6,3,-1,-1,-1,-1,-1,-1,-1,-1,0,-1
2021010312546,2021,010312546,2,1,0,18,19,1,5,0,0,1,0,0,0,0,1,1,6,6,2,40,7,-1,-1,-1,-1,4,E01003119,0,-1
2021320200392,2021,320200392,2,1,0,18,19,3,8,0,0,1,5,0,0,0,1,1,6,6,1,37,7,-1,-1,-1,-1,8,E01028058,0,-1
2021430296970,2021,430296970,1,1,0,18,19,5,1,2,2,0,0,0,0,0,1,1,6,6,1,51,8,-1,-1,-1,-1,3,E01016442,0,-1
2021440429013,2021,440429013,1,9,0,7,7,5,7,0,0,8,0,0,0,0,0,1,6,6,3,-1,-1,-1,-1,-1,-1,-1,-1,0,-1
2021010343273,2021,010343273,2,11,0,18,19,2,6,0,0,1,0,0,0,0,4,1,6,6,3,-1,-1,-1,-1,-1,-1,-1,-1,0,-1
2021520103476,2021,520103476,1,9,0,1,1,1,5,0,0,0,0,0,0,0,2,1,1,1,1,39,7,-1,-1,-1,-1,-1,-1,0,-1
2021122100212,2021,122100212,1,9,0,4,4,5,8,0,0,0,0,0,0,0,1,1,2,2,1,75,10,-1,-1,-1,-1,6,E01027626,0,-1
2021201114098,2021,201114098,2,1,0,18,19,6,2,0,0,8,0,0,0,0,2,1,6,6,1,62,9,-1,-1,-1,-1,3,E01010427,0,-1
2021471121274,2021,471121274,2,1,0,18,19,3,1,0,0,8,0,0,0,0,3,1,2,2,1,40,7,-1,-1,-1,-1,2,E01020925,0,-1
2021461095356,2021,461095356,1,9,0,18,19,6,2,0,0,0,0,0,0,0,1,1,6,6,3,-1,-1,-1,-1,-1,-1,-1,-1,0,-1
2021430213396,2021,430213396,1,1,0,18,19,5,1,0,0,8,0,0,0,0,4,1,4,7,1,12,3,-1,-1,-1,-1,3,E01016373,0,-1
2021332101000,2021,332101000,1,9,0,18,19,1,5,0,0,8,0,0,0,0,1,1,2,2,1,59,9,-1,-1,-1,-1,2,E01010104,0,-1
2021471029651,2021,471029651,2,1,0,3,3,0,0,6,6,0,0,0,1,0,2,1,5,6,1,33,6,-1,-1,-1,-1,4,E01016966,0,-1
202160Z076283,2021,60Z076283,1,9,0,9,9,1,7,0,0,1,0,0,0,0,1,1,6,6,2,42,7,-1,-1,-1,-1,-1,-1,0,-1
2021111095009,2021,111095009,2,1,0,18,19,7,3,0,0,0,0,0,0,0,1,1,6,6,1,26,6,-1,-1,-1,-1,3,E01020679,0,-1
2021010346781,2021,010346781,1,1,0,9,9,1,8,0,0,2,2,0,0,0,0,1,2,2,1,40,7,-1,-1,-1,-1,5,E01002885,0,-1
2021010341372,2021,010341372,2,1,0,18,19,1,5,4,4,6,0,0,0,0,1,1,2,2,1,29,6,-1,-1,-1,-1,2,E01003546,0,-1
2021031018994,2021,031018994,2,1,0,18,19,6,2,4,4,0,0,0,0,0,1,1,6,6,1,62,9,-1,-1,-1,-1,7,E01019155,0,-1
2021010297450,2021,010297450,1,1,0,18,19,1,5,0,0,1,0,0,0,0,4,1,2,2,1,38,7,-1,-1,-1,-1,3,E01033038,0,-1
2021010343461,2021,010343461,1,1,9,99,99,9,9,99,99,9,9,99,9,99,1,1,6,6,1,31,6,-1,-1,-1,-1,2,E01004289,0,-1
2021161068056,2021,161068056,1,9,0,7,7,3,7,0,0,6,0,0,0,0,3,1,6,6,1,-1,-1,-1,-1,-1,-1,-1,-1,0,-1
2021221055509,2021,221055509,3,1,0,16,19,1,4,0,0,2,0,0,0,0,1,1,5,6,2,39,7,-1,-1,-1,-1,5,E01032354,0,-1
2021302101231,2021,302101231,1,9,0,9,9,2,6,0,0,5,0,0,0,0,3,1,6,6,1,56,9,-1,-1,-1,-1,2,E01027937,0,-1
2021010315005,2021,010315005,2,1,0,18,19,5,1,0,0,2,5,0,0,0,4,1,6,6,1,29,6,-1,-1,-1,-1,6,E01000898,0,-1
2021421081154,2021,421081154,1,1,0,9,9,1,5,0,0,8,0,0,0,0,1,1,5,6,1,13,3,-1,-1,-1,-1,2,E01015879,0,-1
2021461093698,2021,461093698,1,9,0,18,19,3,7,0,0,0,0,0,0,0,4,1,6,6,3,-1,-1,-1,-1,-1,-1,-1,-1,0,-1
2021440152468,2021,440152468,2,2,0,18,19,2,6,0,0,8,0,0,0,0,1,1,6,6,1,18,4,-1,-1,-1,-1,3,E01023085,0,-1
202163D031821,2021,63D031821,2,9,0,4,4,5,1,0,0,0,0,0,0,0,2,1,6,6,2,33,6,-1,-1,-1,-1,4,W01001259,0,-1
2021010305991,2021,010305991,2,1,0,18,19,5,1,0,0,1,0,0,0,0,1,1,6,6,1,52,8,-1,-1,-1,-1,6,E01003152,0,-1
2021351096278,2021,351096278,2,1,0,18,19,3,7,0,0,0,5,0,1,0,3,1,5,6,1,15,3,-1,-1,-1,-1,4,E01015630,0,-1
2021332101012,2021,332101012,1,9,0,9,9,4,3,0,0,8,1,0,7,1,3,1,2,2,1,65,9,-1,-1,-1,-1,1,E01013664,0,-1
2021501115283,2021,501115283,3,9,0,18,19,7,3,0,0,0,0,0,0,0,1,1,5,6,1,40,7,-1,-1,-1,-1,3,E01019052,0,-1
2021501084965,2021,501084965,2,1,0,18,19,3,7,0,0,0,0,0,0,0,0,1,2,2,1,50,8,-1,-1,-1,-1,4,E01020310,0,-1
2021302102080,2021,302102080,3,17,0,18,19,7,3,0,0,0,0,0,0,0,0,1,1,1,3,-1,-1,-1,-1,-1,-1,5,E01019456,0,-1
2021010329421,2021,010329421,1,1,9,99,99,9,9,99,99,9,9,99,9,99,9,1,2,2,1,55,8,-1,-1,-1,-1,5,E01004745,0,-1
2021052100375,2021,052100375,1,1,0,18,19,1,5,0,0,1,0,0,0,0,3,1,2,2,1,26,6,-1,-1,-1,-1,8,E01006829,0,-1
2021161101168,2021,161101168,2,9,0,9,9,5,1,0,0,8,0,0,0,0,4,1,6,6,3,20,4,-1,-1,-1,-1,-1,-1,0,-1
2021332100997,2021,332100997,1,9,0,18,19,8,4,0,0,8,0,0,0,0,3,1,2,2,2,52,8,-1,-1,-1,-1,2,E01013683,0,-1
202163C028821,2021,63C028821,1,9,0,18,19,4,1,0,0,6,0,0,3,10,3,1,6,6,2,19,4,-1,-1,-1,-1,9,E01023490,0,-1
202131B175821,2021,31B175821,2,1,0,18,19,4,8,0,0,8,0,0,0,0,1,1,2,2,1,49,8,-1,-1,-1,-1,3,E01028064,0,-1
2021061069135,2021,061069135,1,97,0,18,19,1,5,0,0,1,0,0,0,0,4,1,6,6,1,32,6,-1,-1,-1,-1,1,E01006040,0,-1
202134NNC6441,2021,34NNC6441,3,19,0,7,7,7,3,0,0,1,0,0,0,0,0,1,1,1,1,53,8,-1,-1,-1,-1,4,E01033123,0,-1
2021010291704,2021,010291704,1,9,0,18,19,1,5,0,0,1,0,0,0,0,1,1,6,6,1,28,6,-1,-1,-1,-1,9,E01000698,0,-1
2021061097841,2021,061097841,1,9,0,18,19,1,5,0,0,0,0,0,0,0,0,1,6,6,1,44,7,-1,-1,-1,-1,10,E01006237,0,-1
2021471017812,2021,471017812,6,9,0,2,2,0,0,0,0,0,0,0,0,0,2,1,6,6,3,-1,-1,-1,-1,-1,-1,-1,-1,0,-1
2021101031847,2021,101031847,2,9,0,18,19,8,5,0,0,4,1,0,1,2,1,1,5,6,1,21,5,-1,-1,-1,-1,5,E01012106,0,-1
2021440486946,2021,440486946,3,9,0,2,2,0,0,0,0,0,0,0,0,0,3,1,6,6,1,37,7,-1,-1,-1,-1,6,E01017292,0,-1
2021451032612,2021,451032612,2,1,0,18,19,1,3,0,0,1,0,0,0,0,1,1,5,6,2,39,7,-1,-1,-1,-1,10,E01030961,0,-1
2021101096724,2021,101096724,2,1,0,18,19,6,2,0,0,0,1,0,0,0,3,1,6,6,1,14,3,-1,-1,-1,-1,2,E01008633,0,-1
2021041080444,2021,041080444,1,9,0,18,19,8,2,0,0,2,0,0,0,0,-1,1,6,6,3,-1,-1,-1,-1,-1,-1,-1,-1,0,-1
2021610023021,2021,610023021,1,9,0,16,19,7,2,0,0,0,5,11,0,0,1,1,6,6,1,28,6,-1,-1,-1,-1,-1,-1,0,-1