collision_index,collision_year,collision_ref_no,vehicle_reference,vehicle_type,towing_and_articulation,vehicle_manoeuvre_historic,vehicle_manoeuvre,vehicle_direction_from,vehicle_direction_to,vehicle_location_restricted_lane_historic,vehicle_location_restricted_lane,junction_location,skidding_and_overturning,hit_object_in_carriageway,vehicle_leaving_carriageway,hit_object_off_carriageway,first_point_of_impact,vehicle_left_hand_drive,journey_purpose_of_driver_historic,journey_purpose_of_driver,sex_of_driver,age_of_driver,age_band_of_driver,engine_capacity_cc,propulsion_code,age_of_vehicle,generic_make_model,driver_imd_decile,lsoa_of_driver,escooter_flag,driver_distance_banding
2021010343449,2021,010343449,2,9,0,99,99,9,9,99,99,9,9,99,9,99,1,9,6,6,2,31,6,-1,-1,-1,-1,4,E01002719,0,-1
202160Z138958,2021,60Z138958,1,8,0,18,19,8,4,0,0,1,0,0,0,0,4,1,1,1,1,48,8,-1,-1,-1,-1,-1,-1,0,-1
2021010330962,2021,010330962,1,1,9,99,99,9,9,99,99,0,9,99,0,0,9,1,6,6,3,42,7,-1,-1,-1,-1,5,E01001168,0,-1
2021010303732,2021,010303732,2,97,0,99,99,9,9,99,99,9,9,99,9,99,9,9,6,6,3,-1,-1,-1,-1,-1,-1,-1,-1,0,-1
2021010305367,2021,010305367,1,1,9,99,99,9,9,99,99,9,9,99,9,99,9,1,6,6,2,34,6,-1,-1,-1,-1,3,E01032582,0,-1
2021421084975,2021,421084975,1,1,0,5,5,5,2,0,0,3,5,0,0,0,4,1,5,6,1,28,6,-1,-1,-1,-1,9,E01021681,0,-1
2021131062904,2021,131062904,2,90,0,18,19,5,1,0,0,8,5,0,0,0,2,1,5,6,1,15,3,-1,-1,-1,-1,1,E01010821,0,-1
2021122100596,2021,122100596,1,9,4,16,19,4,7,0,0,0,0,0,0,0,3,1,1,1,1,33,6,-1,-1,-1,-1,6,E01027601,0,-1
2021320448819,2021,320448819,2,1,0,18,19,2,6,0,0,0,5,0,0,0,3,1,1,1,2,38,7,-1,-1,-1,-1,4,E01026230,0,-1
2021522105286,2021,522105286,2,9,0,2,2,0,0,0,0,0,0,0,0,0,0,1,6,6,2,-1,-1,-1,-1,-1,-1,-1,-1,0,-1
2021522101771,2021,522101771,2,1,0,18,19,7,3,0,0,1,0,0,0,0,1,1,6,6,1,57,9,-1,-1,-1,-1,5,E01033080,0,-1
2021201028376,2021,201028376,1,9,0,17,19,3,8,0,0,1,0,10,1,4,1,1,6,6,3,-1,-1,-1,-1,-1,-1,-1,-1,0,-1
2021010342485,2021,010342485,1,21,1,18,19,3,7,0,0,1,0,0,0,0,4,2,1,1,1,48,8,-1,-1,-1,-1,-1,-1,0,-1
2021052100693,2021,052100693,2,90,0,4,4,8,4,0,0,0,0,0,0,0,1,1,6,6,1,9,2,-1,-1,-1,-1,2,E01006898,0,-1
2021010308116,2021,010308116,1,9,0,18,19,1,5,0,0,1,0,0,0,0,0,1,6,6,1,-1,-1,-1,-1,-1,-1,-1,-1,0,-1
2021440457708,2021,440457708,1,9,0,9,9,5,1,0,0,6,0,0,0,0,3,1,6,6,2,29,6,-1,-1,-1,-1,9,E01032605,0,-1
2021161016235,2021,161016235,1,1,0,9,9,7,5,0,0,8,0,0,0,0,4,1,6,6,1,51,8,-1,-1,-1,-1,1,E01013199,0,-1
2021991072239,2021,991072239,2,1,0,18,19,1,5,0,0,0,0,0,0,0,3,1,6,6,1,46,8,-1,-1,-1,-1,6,-1,0,-1
2021010299027,2021,010299027,1,3,0,99,99,9,9,99,99,9,9,99,9,99,9,1,6,6,1,39,7,-1,-1,-1,-1,1,E01000528,0,-1
2021361139247,2021,361139247,2,9,0,18,19,3,6,0,0,1,0,0,0,0,1,1,1,1,1,55,8,-1,-1,-1,-1,4,E01026499,0,-1
2021131113388,2021,131113388,1,9,0,7,7,8,1,0,0,8,0,0,0,0,2,1,1,1,1,64,9,-1,-1,-1,-1,8,E01010861,0,-1
202160Z132469,2021,60Z132469,1,5,0,13,13,8,4,0,0,0,2,0,0,0,3,1,6,6,1,61,9,-1,-1,-1,-1,-1,-1,0,-1
2021101041005,2021,101041005,2,1,-1,-1,-1,-1,-1,-1,-1,-1,-1,-1,-1,0,-1,1,6,6,1,-1,-1,-1,-1,-1,-1,1,E01008390,0,-1
202134WNC1641,2021,34WNC1641,2,1,0,18,19,7,3,0,0,3,0,0,0,0,4,1,6,6,1,58,9,-1,-1,-1,-1,2,E01027170,0,-1
2021052100213,2021,052100213,2,1,0,18,19,5,1,0,0,1,0,10,0,0,2,1,6,6,1,46,8,-1,-1,-1,-1,1,E01007295,0,-1
2021371143873,2021,371143873,2,1,0,18,19,7,2,0,0,8,5,0,0,0,2,1,5,6,1,28,6,-1,-1,-1,-1,1,E01029994,0,-1
2021061114129,2021,061114129,1,98,0,18,19,3,-1,0,0,1,0,0,0,0,1,1,6,6,1,-1,-1,-1,-1,-1,-1,-1,-1,0,-1
2021451055233,2021,451055233,1,1,0,18,19,5,8,0,0,4,5,0,0,0,1,1,5,6,2,31,6,-1,-1,-1,-1,5,E01030310,0,-1
2021141053180,2021,141053180,2,9,0,16,19,1,6,0,0,0,0,0,0,0,1,1,6,6,3,-1,-1,-1,-1,-1,-1,-1,-1,0,-1
2021351062675,2021,351062675,1,9,0,9,9,5,1,0,0,0,0,0,0,0,1,1,2,2,1,31,6,-1,-1,-1,-1,-1,-1,0,-1
2021201055570,2021,201055570,2,1,0,18,19,2,6,0,0,8,0,0,0,0,2,1,1,1,1,25,5,-1,-1,-1,-1,4,E01009583,0,-1
2021531120665,2021,531120665,1,9,0,18,19,4,8,0,0,1,0,0,0,0,1,1,1,1,1,42,7,-1,-1,-1,-1,5,E01022327,0,-1
2021111109572,2021,111109572,1,9,0,10,10,2,8,0,0,1,0,0,0,0,0,1,6,6,1,40,7,-1,-1,-1,-1,-1,-1,0,-1
2021440453383,2021,440453383,2,9,0,18,19,4,8,0,0,0,0,0,0,0,4,1,6,6,3,-1,-1,-1,-1,-1,-1,-1,-1,0,-1
2021122101116,2021,122101116,1,1,0,18,19,5,1,0,0,8,0,0,0,0,4,1,6,6,1,54,8,-1,-1,-1,-1,9,E01013395,0,-1
2021131121133,2021,131121133,2,19,0,7,7,4,7,0,0,8,0,0,0,0,-1,1,6,6,3,-1,-1,-1,-1,-1,-1,-1,-1,0,-1
2021421111415,2021,421111415,1,9,0,5,5,2,7,0,0,3,1,7,2,2,4,1,6,6,2,30,6,-1,-1,-1,-1,-1,-1,0,-1
2021010303992,2021,010303992,2,9,0,18,19,7,3,0,0,1,0,0,0,0,2,1,6,6,3,-1,-1,-1,-1,-1,-1,-1,-1,0,-1
2021522105935,2021,522105935,2,9,0,18,19,1,5,0,0,8,0,0,0,0,1,1,6,6,3,30,6,-1,-1,-1,-1,-1,-1,0,-1
2021010322022,2021,010322022,2,9,0,18,19,1,5,99,99,9,9,99,9,99,1,1,6,6,2,-1,-1,-1,-1,-1,-1,6,E01003657,0,-1
2021101120999,2021,101120999,1,1,-1,18,19,1,4,0,0,6,0,0,0,0,1,1,6,6,1,-1,-1,-1,-1,-1,-1,-1,-1,0,-1
2021010328071,2021,010328071,2,1,0,18,19,5,1,0,0,1,0,10,0,0,4,1,6,6,1,5,1,-1,-1,-1,-1,5,E01003274,0,-1
2021371121949,2021,371121949,2,1,0,5,5,5,1,0,0,1,0,0,0,0,-1,1,6,6,1,13,3,-1,-1,-1,-1,1,E01030250,0,-1
2021430325595,2021,430325595,1,1,0,18,19,6,2,0,0,8,0,0,0,0,4,1,2,2,1,30,6,-1,-1,-1,-1,6,E01016204,0,-1
2021161013508,2021,161013508,2,9,0,18,19,4,8,0,0,0,1,0,1,0,3,1,2,2,1,25,5,-1,-1,-1,-1,5,E01012758,0,-1
2021522103811,2021,522103811,2,9,0,18,19,3,7,0,0,8,0,0,0,0,3,1,6,6,1,76,11,-1,-1,-1,-1,3,E01032517,0,-1
2021041069756,2021,041069756,1,9,0,18,19,5,1,0,0,8,0,0,0,0,0,1,6,6,3,-1,-1,-1,-1,-1,-1,-1,-1,0,-1
2021010336547,2021,010336547,1,9,0,18,19,1,5,0,0,2,0,0,0,0,1,1,6,6,3,-1,-1,-1,-1,-1,-1,-1,-1,0,-1
2021010289700,2021,010289700,1,1,9,99,99,9,9,99,99,9,9,99,9,99,1,1,6,6,1,25,5,-1,-1,-1,-1,2,E01004613,0,-1
202160Z056609,2021,60Z056609,1,9,0,18,19,4,8,0,0,0,2,0,1,0,1,1,6,6,1,40,7,-1,-1,-1,-1,-1,-1,0,-1
2021141023440,2021,141023440,1,1,0,18,19,2,5,0,0,1,0,0,0,0,4,1,6,6,1,60,9,-1,-1,-1,-1,8,E01033259,0,-1
2021440349914,2021,440349914,2,1,0,18,19,3,7,9,9,1,0,0,0,0,1,1,6,6,1,38,7,-1,-1,-1,-1,4,E01022845,0,-1
2021522102360,2021,522102360,2,1,0,18,19,7,3,0,0,0,0,0,0,0,1,1,6,6,1,34,6,-1,-1,-1,-1,6,E01014960,0,-1
2021010290769,2021,010290769,1,1,0,18,19,5,1,0,0,0,5,4,0,0,1,1,6,6,1,35,6,-1,-1,-1,-1,-1,-1,0,-1
2021161117780,2021,161117780,1,9,0,6,6,5,1,0,0,0,0,0,0,0,1,1,6,6,3,-1,-1,-1,-1,-1,-1,-1,-1,0,-1
2021430197454,2021,430197454,2,1,0,18,19,7,4,0,0,8,0,0,0,0,1,1,6,6,1,24,5,-1,-1,-1,-1,7,E01028521,0,-1
2021041129389,2021,041129389,2,1,0,18,19,5,1,0,0,1,0,0,0,0,1,1,6,6,2,52,8,-1,-1,-1,-1,3,E01025399,0,-1
2021141050408,2021,141050408,1,9,0,18,19,5,1,0,0,1,0,0,0,0,4,1,6,6,3,-1,-1,-1,-1,-1,-1,-1,-1,0,-1
2021520103406,2021,520103406,2,1,0,18,19,6,2,5,5,0,0,0,0,0,4,1,6,6,2,39,7,-1,-1,-1,-1,5,E01029287,0,-1
2021161099918,2021,161099918,2,1,0,4,4,3,7,0,0,2,0,0,0,0,2,1,2,2,2,36,7,-1,-1,-1,-1,1,E01012895,0,-1
2021201114116,2021,201114116,2,1,0,18,19,7,3,0,0,2,0,0,0,0,4,1,6,6,1,10,2,-1,-1,-1,-1,2,E01010261,0,-1
2021010328630,2021,010328630,1,1,9,99,99,9,9,99,99,9,9,99,9,99,9,1,6,6,1,32,6,-1,-1,-1,-1,3,E01003328,0,-1
202163A003621,2021,63A003621,1,9,0,17,19,7,4,0,0,0,2,0,8,10,1,1,6,6,1,49,8,-1,-1,-1,-1,4,W01000688,0,-1
2021201073522,2021,201073522,1,9,0,1,1,-1,-1,0,0,6,0,0,0,0,2,1,6,6,1,-1,-1,-1,-1,-1,-1,-1,-1,0,-1
2021332100177,2021,332100177,2,1,0,18,19,5,1,0,0,2,0,0,0,0,1,1,6,6,1,53,8,-1,-1,-1,-1,7,E01026005,0,-1
2021201043518,2021,201043518,1,9,0,14,14,5,1,0,0,0,0,4,0,0,1,1,6,6,3,-1,-1,-1,-1,-1,-1,-1,-1,0,-1
2021610008621,2021,610008621,3,9,0,2,2,0,0,0,0,0,0,0,0,0,1,1,6,6,3,-1,-1,-1,-1,-1,-1,-1,-1,0,-1
2021122101503,2021,122101503,1,1,0,18,19,1,5,0,0,1,0,0,0,0,1,1,6,6,1,28,6,-1,-1,-1,-1,6,E01013383,0,-1
2021351026925,2021,351026925,2,1,-1,-1,-1,3,7,-1,-1,-1,-1,-1,-1,0,-1,1,6,6,2,42,7,-1,-1,-1,-1,5,E01015670,0,-1
2021010301486,2021,010301486,2,9,0,18,19,3,7,0,0,8,0,0,0,0,1,1,6,6,3,-1,-1,-1,-1,-1,-1,-1,-1,0,-1
2021061133412,2021,061133412,1,-1,0,9,9,5,7,4,4,8,0,0,0,0,2,1,6,6,1,30,6,-1,-1,-1,-1,-1,-1,0,-1
2021010306743,2021,010306743,2,1,0,18,19,1,5,0,0,0,0,0,0,0,1,1,6,6,1,-1,-1,-1,-1,-1,-1,7,E01000877,0,-1
2021332100673,2021,332100673,1,4,0,18,19,1,5,0,0,1,1,0,0,0,3,1,6,6,1,63,9,-1,-1,-1,-1,5,E01019741,0,-1
2021031147752,2021,031147752,1,9,0,9,9,5,3,0,0,8,0,0,0,0,-1,1,6,6,3,-1,-1,-1,-1,-1,-1,-1,-1,0,-1
2021332101559,2021,332101559,1,9,0,9,9,5,3,0,0,6,0,0,0,0,1,1,6,6,1,20,4,-1,-1,-1,-1,-1,-1,0,-1
202160Z153550,2021,60Z153550,1,9,0,5,5,4,8,0,0,1,0,0,0,0,3,1,6,6,2,29,6,-1,-1,-1,-1,-1,-1,0,-1
2021401062736,2021,401062736,2,1,0,18,19,2,6,0,0,0,0,0,0,0,1,1,2,2,2,45,7,-1,-1,-1,-1,2,E01017474,0,-1
2021010328121,2021,010328121,2,8,0,99,99,9,9,99,99,9,9,99,9,99,9,9,6,6,3,-1,-1,-1,-1,-1,-1,-1,-1,0,-1
2021010317236,2021,010317236,2,9,0,99,99,9,9,99,99,9,9,99,9,99,1,9,6,6,3,-1,-1,-1,-1,-1,-1,-1,-1,0,-1
2021547585821,2021,547585821,1,9,0,9,9,8,6,0,0,6,0,0,0,0,3,1,6,6,2,18,4,-1,-1,-1,-1,9,E01031973,0,-1
2021302100388,2021,302100388,2,1,0,5,5,3,7,0,0,0,0,0,0,0,3,1,6,6,1,16,4,-1,-1,-1,-1,-1,-1,0,-1
2021471097112,2021,471097112,2,1,0,18,19,3,7,0,0,0,0,0,0,0,3,1,5,6,1,60,9,-1,-1,-1,-1,8,E01031655,0,-1
2021052101979,2021,052101979,2,90,0,18,19,5,1,0,0,0,0,0,0,0,1,1,6,6,1,23,5,-1,-1,-1,-1,1,E01006646,0,-1
2021610044221,2021,610044221,1,3,0,18,19,7,3,9,9,0,0,0,0,11,1,1,6,6,1,18,4,-1,-1,-1,-1,-1,-1,0,-1
2021451092489,2021,451092489,1,1,0,18,19,8,4,0,0,0,0,0,1,0,3,1,5,6,1,34,6,-1,-1,-1,-1,8,E01030333,0,-1
2021622100013,2021,622100013,1,9,0,14,14,2,6,0,0,1,0,0,0,0,1,1,6,6,1,24,5,-1,-1,-1,-1,1,W01001807,0,-1
2021461097329,2021,461097329,2,1,0,17,19,6,1,0,0,3,0,0,0,0,3,1,6,6,1,22,5,-1,-1,-1,-1,3,E01024119,0,-1
2021141081087,2021,141081087,2,90,0,18,19,8,4,0,0,0,0,0,0,0,1,1,6,6,3,-1,-1,-1,-1,-1,-1,-1,-1,0,-1
2021141032746,2021,141032746,2,1,0,18,19,4,8,0,0,1,0,0,0,0,4,1,6,6,1,57,9,-1,-1,-1,-1,3,E01007374,0,-1
2021332100901,2021,332100901,2,9,0,18,19,6,2,0,0,1,0,0,0,0,1,1,6,6,1,23,5,-1,-1,-1,-1,3,E01013732,0,-1
2021201131883,2021,201131883,2,1,0,18,19,-1,-1,0,0,0,0,0,0,0,2,1,6,6,1,39,7,-1,-1,-1,-1,3,E01010070,0,-1
202160Z113514,2021,60Z113514,1,9,0,9,9,4,2,0,0,8,0,0,0,0,4,1,6,6,2,37,7,-1,-1,-1,-1,-1,-1,0,-1
2021010291444,2021,010291444,1,1,9,99,99,9,9,99,99,9,9,99,9,99,9,1,6,6,3,31,6,-1,-1,-1,-1,-1,-1,0,-1
2021332101056,2021,332101056,2,9,0,18,19,5,1,0,0,0,0,0,0,0,1,1,6,6,2,49,8,-1,-1,-1,-1,10,E01026004,0,-1
2021010329064,2021,010329064,1,9,0,18,19,1,5,0,0,8,0,0,0,0,1,1,6,6,3,-1,-1,-1,-1,-1,-1,-1,-1,0,-1
2021440400866,2021,440400866,2,9,0,4,4,5,1,0,0,2,0,0,0,0,2,1,6,6,1,-1,-1,-1,-1,-1,-1,-1,-1,0,-1
2021010314593,2021,010314593,1,9,0,18,19,4,8,0,0,0,0,7,7,10,1,1,2,2,2,33,6,-1,-1,-1,-1,5,E01004056,0,-1
202160Z072125,2021,60Z072125,1,9,0,18,19,3,7,0,0,1,0,0,0,0,1,1,6,6,1,25,5,-1,-1,-1,-1,-1,-1,0,-1
2021041122086,2021,041122086,1,9,0,13,13,1,5,0,0,0,0,0,0,0,1,1,6,6,3,-1,-1,-1,-1,-1,-1,-1,-1,0,-1
2021201094437,2021,201094437,1,9,0,18,19,3,7,0,0,2,0,0,0,0,1,1,6,6,3,-1,-1,-1,-1,-1,-1,-1,-1,0,-1
2021010344173,2021,010344173,2,-1,0,18,19,7,3,0,0,6,0,0,0,0,1,1,6,6,1,23,5,-1,-1,-1,-1,4,E01000554,1,-1
2021991086257,2021,991086257,2,9,0,17,19,7,2,0,0,0,0,0,0,0,1,1,5,6,2,29,6,-1,-1,-1,-1,9,E01027885,0,-1
202163A035821,2021,63A035821,1,9,0,16,19,5,8,0,0,0,0,6,7,10,1,1,6,6,3,-1,-1,-1,-1,-1,-1,-1,-1,0,-1
202163D041321,2021,63D041321,4,1,0,17,19,5,2,0,0,0,0,0,1,10,0,1,6,6,1,41,7,-1,-1,-1,-1,6,W01001318,0,-1
2021430582605,2021,430582605,1,9,0,16,19,8,2,0,0,0,1,0,1,0,3,1,6,6,2,20,4,-1,-1,-1,-1,7,E01016285,0,-1
2021540785721,2021,540785721,1,9,0,18,19,1,5,0,0,0,1,0,0,11,1,1,6,6,1,30,6,-1,-1,-1,-1,10,E01032005,0,-1
2021061125640,2021,061125640,1,1,0,18,19,1,5,0,0,1,0,0,0,0,3,1,5,6,1,53,8,-1,-1,-1,-1,-1,-1,0,-1
2021101031195,2021,101031195,1,9,0,18,19,5,1,0,0,0,0,0,0,0,4,1,6,6,1,-1,-1,-1,-1,-1,-1,-1,-1,0,-1
2021010336614,2021,010336614,2,1,0,18,19,3,7,0,0,4,0,0,0,0,1,1,6,6,1,27,6,-1,-1,-1,-1,1,E01004449,0,-1
2021010314995,2021,010314995,1,1,9,99,99,9,9,99,99,1,9,99,9,99,1,1,6,6,1,36,7,-1,-1,-1,-1,5,E01033322,0,-1
2021461105481,2021,461105481,2,1,0,7,7,1,5,0,0,0,0,0,0,0,3,1,5,6,2,62,9,-1,-1,-1,-1,5,E01021084,0,-1
2021041073765,2021,041073765,3,9,0,18,19,7,3,0,0,0,0,0,0,0,0,1,6,6,1,30,6,-1,-1,-1,-1,-1,-1,0,-1
2021991083906,2021,991083906,1,9,0,18,19,7,3,0,0,0,0,0,0,0,1,1,6,6,1,30,6,-1,-1,-1,-1,-1,-1,0,-1
202160Z011345,2021,60Z011345,1,9,0,18,19,1,5,0,0,0,0,0,0,0,1,1,6,6,1,54,8,-1,-1,-1,-1,-1,-1,0,-1
2021401045954,2021,401045954,2,9,0,8,8,0,0,0,0,1,0,0,0,0,3,1,5,6,1,52,8,-1,-1,-1,-1,10,E01017732,0,-1
202131D047921,2021,31D047921,2,1,0,9,9,7,5,0,0,8,0,0,0,0,1,1,6,6,1,61,9,-1,-1,-1,-1,3,E01028153,0,-1
2021610027221,2021,610027221,2,4,0,18,19,1,5,9,9,1,1,0,0,0,4,1,6,6,1,39,7,-1,-1,-1,-1,-1,-1,0,-1
2021421085526,2021,421085526,1,19,0,9,9,7,5,0,0,8,0,0,0,0,1,1,6,6,3,-1,-1,-1,-1,-1,-1,-1,-1,0,-1
2021010308089,2021,010308089,2,9,0,9,9,5,2,0,0,1,0,0,0,0,2,1,6,6,3,-1,-1,-1,-1,-1,-1,-1,-1,0,-1
2021401072669,2021,401072669,1,1,0,18,19,4,8,0,0,1,0,0,0,0,1,1,6,6,1,33,6,-1,-1,-1,-1,4,E01015786,0,-1
202154A118421,2021,54A118421,1,1,0,16,19,6,1,0,0,1,0,0,0,0,1,1,6,6,1,48,8,-1,-1,-1,-1,5,E01032056,0,-1
2021010308321,2021,010308321,1,1,0,18,19,5,1,0,0,0,0,0,0,0,1,1,6,6,3,-1,-1,-1,-1,-1,-1,-1,-1,0,-1
2021052101257,2021,052101257,2,1,0,18,19,2,6,0,0,0,0,0,0,0,4,1,6,6,1,51,8,-1,-1,-1,-1,1,E01006541,0,-1
2021622100672,2021,622100672,2,1,0,18,19,6,2,0,0,0,0,0,0,0,1,1,6,6,1,26,6,-1,-1,-1,-1,5,W01000765,0,-1
202106A079261,2021,06A079261,4,9,0,18,19,5,7,0,0,1,0,0,0,0,0,1,6,6,3,30,6,-1,-1,-1,-1,-1,-1,0,-1
2021461033654,2021,461033654,1,9,0,18,19,5,1,0,0,0,0,0,0,0,1,1,6,6,1,19,4,-1,-1,-1,-1,3,E01016154,0,-1
2021501066140,2021,501066140,2,1,0,18,19,5,1,0,0,0,0,0,0,0,3,1,5,6,1,64,9,-1,-1,-1,-1,7,E01020193,0,-1
2021461105407,2021,461105407,2,1,0,17,19,3,7,0,0,1,0,0,0,0,4,1,5,6,1,56,9,-1,-1,-1,-1,5,E01024319,0,-1
2021070833800,2021,070833800,2,22,0,18,19,8,4,9,9,0,0,0,0,0,4,1,6,6,2,54,8,-1,-1,-1,-1,1,E01018563,0,-1
2021010343537,2021,010343537,1,19,0,99,99,9,9,99,99,9,9,99,9,99,1,1,1,1,1,35,6,-1,-1,-1,-1,2,E01001021,0,-1
2021610062721,2021,610062721,1,9,0,18,19,1,5,0,0,0,0,0,0,0,2,1,6,6,1,-1,-1,-1,-1,-1,-1,-1,-1,0,-1
2021520101795,2021,520101795,1,9,0,18,19,4,8,0,0,1,0,0,0,0,3,1,6,6,1,70,10,-1,-1,-1,-1,3,E01029041,0,-1
2021401118378,2021,401118378,1,1,0,4,4,6,2,9,9,6,0,0,1,0,1,1,1,1,1,28,6,-1,-1,-1,-1,3,E01015758,0,-1
2021320413127,2021,320413127,2,1,0,18,19,6,2,0,0,1,0,0,0,0,3,1,6,6,1,22,5,-1,-1,-1,-1,3,E01026032,0,-1
202131B130121,2021,31B130121,2,9,0,9,9,3,6,0,0,5,0,0,0,0,3,1,1,1,1,64,9,-1,-1,-1,-1,9,E01019627,0,-1
2021041127677,2021,041127677,1,9,0,9,9,5,3,0,0,0,5,11,0,0,1,1,6,6,3,-1,-1,-1,-1,-1,-1,-1,-1,0,-1
2021501053773,2021,501053773,2,1,0,18,19,7,3,0,0,1,0,0,0,0,3,1,6,6,1,37,7,-1,-1,-1,-1,8,E01020110,0,-1
2021010351071,2021,010351071,1,1,9,99,99,9,9,99,99,9,9,99,9,99,9,1,1,1,2,25,5,-1,-1,-1,-1,2,E01003126,0,-1
2021451104190,2021,451104190,1,1,0,9,9,5,1,0,0,8,0,0,0,0,1,1,2,2,1,56,9,-1,-1,-1,-1,6,E01002617,0,-1
2021622100146,2021,622100146,1,9,0,18,19,4,8,0,0,8,0,0,0,0,1,1,6,6,3,-1,-1,-1,-1,-1,-1,-1,-1,0,-1
2021430119441,2021,430119441,5,19,0,3,3,3,7,0,0,0,0,0,0,0,0,1,1,1,1,51,8,-1,-1,-1,-1,7,E01013173,0,-1
2021332100681,2021,332100681,1,9,0,5,5,4,8,9,9,0,0,0,0,0,3,1,6,6,1,41,7,-1,-1,-1,-1,6,E01025995,0,-1
202163AF00321,2021,63AF00321,1,9,0,18,19,8,4,0,0,8,0,0,2,7,4,1,6,6,2,61,9,-1,-1,-1,-1,4,W01000656,0,-1
2021531079649,2021,531079649,2,9,0,2,2,0,0,0,0,1,0,0,0,0,3,1,6,6,3,-1,-1,-1,-1,-1,-1,-1,-1,0,-1
2021101055498,2021,101055498,2,1,0,18,19,3,2,0,0,1,0,6,0,0,1,1,4,7,2,13,3,-1,-1,-1,-1,1,E01008846,0,-1
2021052100604,2021,052100604,1,9,0,18,19,9,9,0,0,8,0,0,0,0,1,1,6,6,3,-1,-1,-1,-1,-1,-1,-1,-1,0,-1
2021010307909,2021,010307909,2,1,0,18,19,7,3,0,0,1,0,0,0,0,1,1,2,2,1,35,6,-1,-1,-1,-1,2,E01004567,0,-1
2021332100092,2021,332100092,2,9,0,5,5,6,2,0,0,8,0,0,0,0,1,1,3,7,2,26,6,-1,-1,-1,-1,-1,-1,0,-1
2021461118762,2021,461118762,2,1,0,7,7,6,1,0,0,8,0,0,0,0,2,1,6,6,1,21,5,-1,-1,-1,-1,2,E01024093,0,-1
2021440378332,2021,440378332,1,1,0,18,19,1,5,0,0,1,0,0,0,0,0,1,6,6,1,35,6,-1,-1,-1,-1,8,E01023141,0,-1
2021131076876,2021,131076876,1,9,0,3,3,1,5,0,0,1,0,0,0,0,2,1,1,1,1,52,8,-1,-1,-1,-1,2,E01011251,0,-1
2021302101232,2021,302101232,2,-1,0,18,19,2,6,9,9,0,0,0,0,0,1,1,6,6,1,10,2,-1,-1,-1,-1,5,E01013595,1,-1
2021061097969,2021,061097969,2,1,0,18,19,7,7,0,0,0,0,0,0,0,1,1,6,6,2,20,4,-1,-1,-1,-1,4,E01005184,0,-1
2021010345401,2021,010345401,1,9,9,99,99,9,9,99,99,9,9,99,9,99,9,9,6,6,3,-1,-1,-1,-1,-1,-1,-1,-1,0,-1
2021010323030,2021,010323030,2,9,0,18,19,4,8,0,0,1,0,0,0,0,1,1,6,6,1,47,8,-1,-1,-1,-1,6,E01004164,0,-1
202160Z146108,2021,60Z146108,2,9,0,5,5,3,7,0,0,0,0,0,0,0,1,1,6,6,2,91,11,-1,-1,-1,-1,-1,-1,0,-1
2021031105453,2021,031105453,1,17,4,7,7,4,3,0,0,0,0,0,0,0,0,1,6,6,3,-1,-1,-1,-1,-1,-1,-1,-1,0,-1
2021552101305,2021,552101305,1,1,0,18,19,6,2,0,0,0,0,0,0,0,4,1,6,6,1,35,6,-1,-1,-1,-1,5,E01015374,0,-1
2021101031797,2021,101031797,1,9,0,9,9,1,5,0,0,5,0,0,0,0,1,1,6,6,1,70,10,-1,-1,-1,-1,-1,-1,0,-1
2021622100309,2021,622100309,1,-1,0,18,19,1,5,0,0,1,0,0,0,0,1,1,6,6,1,21,5,-1,-1,-1,-1,1,W01001856,1,-1
2021501128903,2021,501128903,1,9,0,18,19,5,1,0,0,0,0,0,0,0,1,1,2,2,2,27,6,-1,-1,-1,-1,7,E01020044,0,-1
2021010346043,2021,010346043,2,1,0,18,19,7,3,0,0,0,0,0,0,0,0,1,1,1,1,31,6,-1,-1,-1,-1,4,E01004049,0,-1
2021440205991,2021,440205991,3,9,0,18,19,6,2,0,0,0,0,0,0,0,4,1,6,6,3,-1,-1,-1,-1,-1,-1,-1,-1,0,-1
2021610015721,2021,610015721,1,9,0,18,19,8,4,0,0,0,0,0,0,0,1,1,6,6,1,42,7,-1,-1,-1,-1,-1,-1,0,-1
2021332100476,2021,332100476,2,9,0,2,2,0,0,6,6,0,0,0,0,0,2,1,6,6,1,25,5,-1,-1,-1,-1,1,E01013722,0,-1
2021991076033,2021,991076033,1,1,0,12,12,4,8,0,0,3,0,0,0,0,1,1,2,2,1,37,7,-1,-1,-1,-1,4,-1,0,-1
2021010336186,2021,010336186,2,1,0,13,13,6,2,0,0,1,0,0,0,0,2,1,6,6,2,27,6,-1,-1,-1,-1,8,E01000859,0,-1
2021332100183,2021,332100183,1,9,0,18,19,3,7,0,0,4,0,0,0,0,3,1,2,2,1,39,7,-1,-1,-1,-1,9,E01025974,0,-1
2021010340423,2021,010340423,1,1,9,99,99,9,9,99,99,9,9,99,9,99,9,1,2,2,1,36,7,-1,-1,-1,-1,3,E01003916,0,-1
2021010302533,2021,010302533,2,1,0,18,19,3,7,0,0,1,0,0,1,0,1,1,6,6,1,11,3,-1,-1,-1,-1,4,E01002454,0,-1
2021201080332,2021,201080332,2,1,4,18,19,4,8,9,9,8,0,0,0,0,0,1,4,7,2,29,6,-1,-1,-1,-1,-1,-1,0,-1
2021010314970,2021,010314970,1,1,9,99,99,9,9,99,99,9,9,99,9,99,9,1,6,6,1,25,5,-1,-1,-1,-1,2,E01004460,0,-1
2021010308604,2021,010308604,1,1,9,99,99,9,9,99,99,9,9,99,9,99,9,1,2,2,2,38,7,-1,-1,-1,-1,3,E01001391,0,-1
2021131108516,2021,131108516,3,9,0,18,19,7,3,0,0,0,0,0,0,0,1,1,5,6,1,51,8,-1,-1,-1,-1,5,E01026720,0,-1
2021010304102,2021,010304102,2,1,0,18,19,3,7,4,4,8,0,0,0,0,3,1,6,6,2,23,5,-1,-1,-1,-1,6,E01004017,0,-1
2021010330799,2021,010330799,2,-1,9,18,19,1,5,99,99,9,9,99,9,99,9,9,6,6,2,18,4,-1,-1,-1,-1,4,E01004215,1,-1
2021010336135,2021,010336135,1,1,0,18,19,3,7,0,0,2,0,0,0,0,1,1,6,6,2,32,6,-1,-1,-1,-1,3,E01032764,0,-1
2021170S31821,2021,170S31821,2,9,0,18,19,7,3,0,0,0,0,0,0,0,1,1,6,6,2,36,7,-1,-1,-1,-1,9,E01033475,0,-1