collision_index,collision_year,collision_ref_no,vehicle_reference,vehicle_type,towing_and_articulation,vehicle_manoeuvre_historic,vehicle_manoeuvre,vehicle_direction_from,vehicle_direction_to,vehicle_location_restricted_lane_historic,vehicle_location_restricted_lane,junction_location,skidding_and_overturning,hit_object_in_carriageway,vehicle_leaving_carriageway,hit_object_off_carriageway,first_point_of_impact,vehicle_left_hand_drive,journey_purpose_of_driver_historic,journey_purpose_of_driver,sex_of_driver,age_of_driver,age_band_of_driver,engine_capacity_cc,propulsion_code,age_of_vehicle,generic_make_model,driver_imd_decile,lsoa_of_driver,escooter_flag,driver_distance_banding
2021440356813,2021,440356813,1,1,0,18,19,2,6,0,0,0,0,0,0,0,1,1,6,6,2,79,11,-1,-1,-1,-1,10,E01023188,0,-1
2021371073901,2021,371073901,1,9,0,18,19,3,6,0,0,8,0,0,0,0,1,1,1,1,1,61,9,-1,-1,-1,-1,5,E01030189,0,-1
2021440240836,2021,440240836,2,1,0,18,19,7,3,0,0,8,0,0,0,0,4,1,6,6,2,66,10,-1,-1,-1,-1,6,E01022812,0,-1
2021531047548,2021,531047548,2,22,0,5,5,7,3,0,0,0,5,0,0,0,3,1,5,6,1,69,10,-1,-1,-1,-1,8,E01022165,0,-1
2021320158899,2021,320158899,2,21,0,18,19,5,1,0,0,1,0,0,0,0,1,2,1,1,1,47,8,-1,-1,-1,-1,-1,-1,0,-1
2021010340508,2021,010340508,2,1,0,18,19,3,7,0,0,8,0,0,0,0,4,1,1,1,1,20,4,-1,-1,-1,-1,5,E01017131,0,-1
2021052102926,2021,052102926,2,1,0,18,19,5,1,0,0,8,0,0,0,0,4,1,6,6,1,21,5,-1,-1,-1,-1,1,E01006585,0,-1
2021131114577,2021,131114577,1,97,0,18,19,1,5,0,0,8,0,0,0,0,1,1,6,6,3,-1,-1,-1,-1,-1,-1,-1,-1,0,-1
202131A002521,2021,31A002521,1,9,0,7,7,3,5,0,0,6,0,0,0,0,1,1,6,6,3,-1,-1,-1,-1,-1,-1,-1,-1,0,-1
2021161035672,2021,161035672,2,9,0,18,19,2,6,0,0,1,0,0,0,0,1,1,5,6,1,77,11,-1,-1,-1,-1,8,E01013269,0,-1
2021010290368,2021,010290368,2,-1,0,9,9,1,6,0,0,5,0,0,0,0,4,1,6,6,1,25,5,-1,-1,-1,-1,2,E01004083,1,-1
2021421039858,2021,421039858,1,-1,0,18,19,7,3,9,9,6,0,0,0,0,1,1,6,6,1,14,3,-1,-1,-1,-1,4,E01021815,1,-1
2021010329203,2021,010329203,2,1,0,18,19,1,5,6,6,8,0,0,0,0,3,1,2,2,1,51,8,-1,-1,-1,-1,3,E01003997,0,-1
2021610051421,2021,610051421,1,4,0,18,19,4,8,0,0,0,1,0,0,0,1,1,6,6,1,21,5,-1,-1,-1,-1,3,W01000608,0,-1
2021052100089,2021,052100089,1,9,0,1,1,1,5,0,0,0,0,0,0,0,2,1,1,1,3,-1,-1,-1,-1,-1,-1,-1,-1,0,-1
2021010294480,2021,010294480,1,1,0,18,19,3,7,0,0,0,0,4,0,0,1,1,6,6,1,38,7,-1,-1,-1,-1,8,E01000828,0,-1
2021522103488,2021,522103488,2,-1,0,9,9,5,2,0,0,6,0,0,0,0,1,1,6,6,1,25,5,-1,-1,-1,-1,-1,-1,1,-1
2021302102023,2021,302102023,1,9,0,13,13,6,2,0,0,0,0,0,0,0,4,1,6,6,3,-1,-1,-1,-1,-1,-1,5,E01019456,0,-1
202106J078610,2021,06J078610,2,1,0,18,19,4,8,0,0,8,0,0,0,0,2,1,6,6,2,48,8,-1,-1,-1,-1,4,E01005877,0,-1
2021131059041,2021,131059041,2,1,0,18,19,7,3,0,0,8,0,0,0,0,0,1,6,6,1,10,2,-1,-1,-1,-1,1,E01011344,0,-1
2021421038284,2021,421038284,1,98,0,18,19,1,5,9,9,0,0,0,0,0,1,1,6,6,3,-1,-1,-1,-1,-1,-1,-1,-1,0,-1
202160Z058875,2021,60Z058875,1,9,0,18,19,3,7,0,0,4,0,0,0,0,1,1,6,6,1,42,7,-1,-1,-1,-1,-1,-1,0,-1
2021201142640,2021,201142640,2,9,0,1,1,6,2,0,0,8,0,0,0,0,1,1,6,6,1,44,7,-1,-1,-1,-1,4,E01009089,0,-1
2021201077252,2021,201077252,2,9,0,4,4,3,7,0,0,1,0,0,0,0,2,1,6,6,1,21,5,-1,-1,-1,-1,2,E01010021,0,-1
202160Z056623,2021,60Z056623,2,9,0,3,3,5,1,0,0,0,0,0,0,0,1,1,6,6,2,20,4,-1,-1,-1,-1,-1,-1,0,-1
2021421016844,2021,421016844,1,9,0,1,1,8,4,0,0,1,0,0,0,0,2,1,1,1,1,34,6,-1,-1,-1,-1,8,E01021995,0,-1
2021061111997,2021,061111997,2,9,0,18,19,3,7,0,0,0,0,0,0,0,0,1,6,6,3,-1,-1,-1,-1,-1,-1,-1,-1,0,-1
2021221124227,2021,221124227,1,19,0,17,19,8,4,0,0,0,0,0,0,0,1,1,1,1,1,27,6,-1,-1,-1,-1,7,E01022724,0,-1
2021010302958,2021,010302958,1,19,0,18,19,1,5,0,0,1,0,0,0,0,3,1,6,6,3,-1,-1,-1,-1,-1,-1,-1,-1,0,-1
202160Z138905,2021,60Z138905,2,9,0,18,19,4,8,0,0,1,0,0,7,0,1,1,6,6,2,23,5,-1,-1,-1,-1,-1,-1,0,-1
2021440358858,2021,440358858,2,1,0,7,7,2,4,0,0,8,0,0,0,0,1,1,6,6,1,58,9,-1,-1,-1,-1,7,E01022561,0,-1
2021471120213,2021,471120213,4,9,0,2,2,0,0,0,0,1,0,0,0,0,4,1,6,6,3,-1,-1,-1,-1,-1,-1,-1,-1,0,-1
202160Z158648,2021,60Z158648,1,9,0,9,9,4,2,0,0,1,0,0,0,0,1,1,6,6,1,80,11,-1,-1,-1,-1,-1,-1,0,-1
2021141066301,2021,141066301,2,1,0,18,19,3,7,0,0,0,0,0,0,0,4,1,6,6,1,64,9,-1,-1,-1,-1,5,E01032586,0,-1
2021522105653,2021,522105653,1,1,0,18,19,8,5,0,0,8,0,0,0,0,4,1,6,6,1,41,7,-1,-1,-1,-1,7,E01014698,0,-1
2021411054796,2021,411054796,1,98,0,1,1,8,4,0,0,0,0,0,0,0,2,1,1,1,1,65,9,-1,-1,-1,-1,5,E01024701,0,-1
2021041085514,2021,041085514,2,1,0,18,19,3,7,0,0,1,0,0,0,0,1,1,6,6,1,40,7,-1,-1,-1,-1,8,E01025378,0,-1
2021170L31121,2021,170L31121,1,1,0,18,19,6,2,9,9,1,0,0,0,0,1,1,6,6,2,64,9,-1,-1,-1,-1,9,E01012180,0,-1
2021361082813,2021,361082813,1,1,0,18,19,1,5,0,0,0,0,0,0,0,0,1,5,6,1,14,3,-1,-1,-1,-1,5,E01026767,0,-1
2021610049321,2021,610049321,2,17,0,18,19,1,5,0,0,4,0,0,0,0,3,1,1,1,1,48,8,-1,-1,-1,-1,-1,-1,0,-1
2021522201275,2021,522201275,1,19,0,18,19,1,5,0,0,0,0,0,0,0,0,1,6,6,1,20,4,-1,-1,-1,-1,-1,-1,0,-1
2021010303654,2021,010303654,2,9,0,99,99,9,9,99,99,9,9,99,9,99,9,9,6,6,3,-1,-1,-1,-1,-1,-1,-1,-1,0,-1
2021622100727,2021,622100727,2,1,0,18,19,2,6,0,0,1,0,0,0,0,1,1,6,6,1,39,7,-1,-1,-1,-1,8,W01000843,0,-1
2021332100552,2021,332100552,1,9,0,18,19,7,3,0,0,0,0,0,0,0,2,1,6,6,3,-1,-1,-1,-1,-1,-1,-1,-1,0,-1
2021451055165,2021,451055165,2,1,0,9,9,2,8,0,0,0,0,0,0,0,3,1,4,7,1,12,3,-1,-1,-1,-1,4,E01030749,0,-1
2021010289396,2021,010289396,2,-1,0,18,19,3,7,0,0,0,0,0,0,0,4,1,6,6,1,24,5,-1,-1,-1,-1,3,E01002645,1,-1
2021546162121,2021,546162121,1,9,0,18,19,6,2,0,0,0,0,0,0,0,4,1,6,6,1,30,6,-1,-1,-1,-1,-1,-1,0,-1
2021101075023,2021,101075023,1,9,0,18,19,3,7,0,0,4,0,0,0,0,1,1,6,6,3,-1,-1,-1,-1,-1,-1,-1,-1,0,-1
2021371023336,2021,371023336,1,1,0,18,19,1,5,0,0,0,0,0,0,0,1,1,6,6,1,68,10,-1,-1,-1,-1,8,E01030065,0,-1
2021461015842,2021,461015842,1,1,0,18,19,8,4,0,0,0,0,0,0,0,0,1,5,6,1,62,9,-1,-1,-1,-1,9,E01024074,0,-1
2021531078723,2021,531078723,2,22,0,18,19,4,2,0,0,4,0,0,0,0,1,1,5,6,1,77,11,-1,-1,-1,-1,1,E01022347,0,-1
2021010287232,2021,010287232,2,9,0,18,19,3,7,0,0,8,0,0,0,0,1,1,6,6,3,-1,-1,-1,-1,-1,-1,-1,-1,0,-1
2021522106140,2021,522106140,2,1,0,18,19,6,2,0,0,1,0,0,0,0,1,1,6,6,1,34,6,-1,-1,-1,-1,6,E01014505,0,-1
2021070883157,2021,070883157,2,1,0,18,19,4,2,0,0,8,0,0,0,0,4,1,6,6,2,60,9,-1,-1,-1,-1,-1,-1,0,-1
2021610010721,2021,610010721,4,9,0,18,19,7,3,0,0,4,0,0,0,0,0,1,6,6,3,-1,-1,-1,-1,-1,-1,-1,-1,0,-1
2021010310717,2021,010310717,2,9,0,99,99,9,9,99,99,0,9,0,0,0,3,9,6,6,3,-1,-1,-1,-1,-1,-1,-1,-1,0,-1
202131C066121,2021,31C066121,2,22,0,18,19,2,6,9,9,1,0,0,0,0,3,1,6,6,2,46,8,-1,-1,-1,-1,2,E01013835,0,-1
2021010293329,2021,010293329,1,8,0,1,1,3,7,0,0,1,0,0,0,0,0,1,1,1,1,51,8,-1,-1,-1,-1,3,E01000464,0,-1
2021161023615,2021,161023615,1,9,0,4,4,4,8,0,0,1,0,0,0,0,2,1,6,6,3,-1,-1,-1,-1,-1,-1,-1,-1,0,-1
2021471124585,2021,471124585,2,1,0,18,19,3,6,0,0,1,0,0,0,0,4,1,2,2,1,42,7,-1,-1,-1,-1,8,E01031815,0,-1
2021610008321,2021,610008321,2,9,0,18,19,3,7,0,0,4,0,0,0,0,1,1,1,1,3,-1,-1,-1,-1,-1,-1,-1,-1,0,-1
2021010302958,2021,010302958,2,1,0,18,19,5,1,0,0,1,0,0,0,0,1,1,2,2,2,26,6,-1,-1,-1,-1,6,E01004491,0,-1
2021010299970,2021,010299970,3,19,4,99,99,9,9,0,0,0,0,99,0,0,1,1,6,6,3,-1,-1,-1,-1,-1,-1,-1,-1,0,-1
2021131124323,2021,131124323,2,1,0,18,19,6,2,0,0,8,0,0,0,0,4,1,5,6,1,24,5,-1,-1,-1,-1,9,E01011946,0,-1
2021430544052,2021,430544052,2,1,0,18,19,4,8,9,9,8,0,0,0,0,3,1,4,7,1,12,3,-1,-1,-1,-1,8,E01028595,0,-1
2021332100647,2021,332100647,2,19,0,18,19,4,8,0,0,6,0,0,0,0,4,1,2,2,1,26,6,-1,-1,-1,-1,7,E01025627,0,-1
2021010299269,2021,010299269,1,-1,0,18,19,1,5,0,0,1,0,0,0,0,1,1,2,2,1,47,8,-1,-1,-1,-1,5,E01023687,1,-1
2021501118828,2021,501118828,2,11,0,18,19,5,1,0,0,0,0,0,0,0,0,1,5,6,1,49,8,-1,-1,-1,-1,1,E01015196,0,-1
2021010345718,2021,010345718,1,1,9,99,99,9,9,99,99,9,9,99,9,99,1,1,1,1,1,21,5,-1,-1,-1,-1,3,E01003533,0,-1
2021010340204,2021,010340204,2,19,0,99,99,9,9,99,99,9,9,99,9,99,2,9,6,6,3,-1,-1,-1,-1,-1,-1,-1,-1,0,-1
2021471110271,2021,471110271,2,1,0,18,19,7,3,0,0,0,0,0,0,0,1,1,6,6,1,21,5,-1,-1,-1,-1,6,E01016889,0,-1
202160Z155067,2021,60Z155067,1,-1,0,18,19,6,2,0,0,6,5,0,0,0,4,1,6,6,1,28,6,-1,-1,-1,-1,-1,-1,1,-1
2021010332703,2021,010332703,1,9,0,99,99,9,9,99,99,9,9,99,9,99,2,9,2,2,2,45,7,-1,-1,-1,-1,7,E01004683,0,-1
2021332100696,2021,332100696,1,9,0,4,4,7,3,0,0,1,1,0,0,0,3,1,6,6,2,47,8,-1,-1,-1,-1,10,E01025741,0,-1
2021552100552,2021,552100552,2,1,0,18,19,8,4,0,0,8,0,0,0,0,3,1,6,6,2,59,9,-1,-1,-1,-1,8,E01015333,0,-1
2021131036792,2021,131036792,1,9,0,18,19,3,3,0,0,0,0,0,1,0,4,1,6,6,2,36,7,-1,-1,-1,-1,5,E01010708,0,-1
2021131079261,2021,131079261,1,1,0,18,19,1,5,0,0,0,0,0,0,0,1,1,5,6,1,28,6,-1,-1,-1,-1,2,E01010619,0,-1
2021401105487,2021,401105487,2,9,0,18,19,5,1,0,0,0,0,0,0,0,1,1,6,6,1,19,4,-1,-1,-1,-1,8,E01015693,0,-1
2021010347053,2021,010347053,2,9,0,99,99,9,9,99,99,0,9,99,9,99,9,9,6,6,3,-1,-1,-1,-1,-1,-1,2,E01000033,0,-1
2021061135138,2021,061135138,2,9,0,18,19,1,5,0,0,8,0,0,0,0,1,1,6,6,3,30,6,-1,-1,-1,-1,-1,-1,0,-1
2021010322908,2021,010322908,1,1,9,99,99,9,9,99,99,0,9,99,9,99,9,1,2,2,2,26,6,-1,-1,-1,-1,2,E01004402,0,-1
2021010351392,2021,010351392,2,9,0,9,9,3,8,0,0,2,0,0,0,0,0,1,1,1,1,26,6,-1,-1,-1,-1,3,E01002757,0,-1
2021440296135,2021,440296135,1,1,0,18,19,2,6,0,0,0,0,0,0,0,4,1,6,6,2,15,3,-1,-1,-1,-1,10,E01022706,0,-1
2021010346134,2021,010346134,2,9,0,99,99,9,9,99,99,0,9,99,9,99,1,9,6,6,3,51,8,-1,-1,-1,-1,3,E01004126,0,-1
2021401075136,2021,401075136,2,1,0,18,19,2,6,0,0,0,1,0,1,10,2,1,5,6,1,52,8,-1,-1,-1,-1,8,E01017411,0,-1
2021320325912,2021,320325912,1,1,0,18,19,3,7,0,0,0,0,0,0,0,4,1,6,6,1,40,7,-1,-1,-1,-1,-1,-1,0,-1
2021010316262,2021,010316262,1,1,9,99,99,9,9,99,99,9,9,99,9,99,1,1,6,6,2,44,7,-1,-1,-1,-1,4,E01004631,0,-1
2021010329124,2021,010329124,2,98,0,18,19,7,3,0,0,0,0,0,0,0,1,9,6,6,1,-1,-1,-1,-1,-1,-1,-1,-1,0,-1
202134WNC1701,2021,34WNC1701,2,1,0,9,9,8,4,0,0,1,0,0,0,0,3,1,2,2,1,49,8,-1,-1,-1,-1,-1,-1,0,-1
2021010344841,2021,010344841,2,1,0,14,14,5,1,0,0,1,5,4,0,0,4,1,6,6,2,61,9,-1,-1,-1,-1,9,E01000831,0,-1
2021461046970,2021,461046970,2,9,0,18,19,8,4,0,0,0,0,0,0,0,1,1,6,6,1,49,8,-1,-1,-1,-1,4,E01024690,0,-1
2021201052201,2021,201052201,2,1,0,18,19,4,8,0,0,0,0,0,0,0,2,1,6,6,1,47,8,-1,-1,-1,-1,3,E01009138,0,-1
2021622100251,2021,622100251,3,-1,0,18,19,4,8,0,0,0,0,0,0,0,4,1,6,6,1,11,3,-1,-1,-1,-1,1,W01001874,1,-1
2021010330860,2021,010330860,2,9,0,99,99,9,9,99,99,9,9,99,9,99,9,9,6,6,3,-1,-1,-1,-1,-1,-1,-1,-1,0,-1
2021122100356,2021,122100356,1,21,1,16,19,5,1,0,0,0,0,0,0,0,0,1,6,6,3,-1,-1,-1,-1,-1,-1,-1,-1,0,-1
202131B011421,2021,31B011421,2,1,0,18,19,1,5,0,0,8,0,0,0,0,4,1,6,6,1,61,9,-1,-1,-1,-1,10,E01028292,0,-1
2021010328806,2021,010328806,2,1,9,18,19,1,5,99,99,9,9,99,9,99,1,1,2,2,1,49,8,-1,-1,-1,-1,4,E01004576,0,-1
2021471084041,2021,471084041,1,9,0,-1,-1,-1,-1,-1,-1,6,-1,-1,-1,0,1,1,6,6,3,-1,-1,-1,-1,-1,-1,-1,-1,0,-1
2021542985621,2021,542985621,1,19,0,18,19,4,8,0,0,1,0,0,0,0,1,1,1,1,1,31,6,-1,-1,-1,-1,9,E01032105,0,-1
202106K078808,2021,06K078808,1,90,0,7,7,7,3,0,0,8,0,0,0,0,1,1,6,6,3,30,6,-1,-1,-1,-1,-1,-1,0,-1
2021010342354,2021,010342354,1,1,9,99,99,9,9,99,99,9,9,99,9,99,9,1,6,6,2,29,6,-1,-1,-1,-1,6,E01004581,0,-1
2021010312734,2021,010312734,2,-1,9,18,19,1,5,99,99,9,9,0,0,0,9,1,6,6,1,16,4,-1,-1,-1,-1,-1,-1,1,-1
2021421036768,2021,421036768,1,9,-1,9,9,5,3,0,0,8,0,0,0,0,3,1,6,6,2,-1,-1,-1,-1,-1,-1,-1,-1,0,-1
2021201077296,2021,201077296,2,1,0,18,19,-1,-1,0,0,0,0,0,0,0,1,1,6,6,1,-1,-1,-1,-1,-1,-1,-1,-1,0,-1
2021010332776,2021,010332776,1,1,9,99,99,9,9,99,99,0,9,99,9,99,9,1,6,6,3,-1,-1,-1,-1,-1,-1,-1,-1,0,-1
2021461111027,2021,461111027,1,9,0,18,19,1,5,0,0,0,0,0,0,0,3,1,1,1,1,28,6,-1,-1,-1,-1,3,E01024552,0,-1
202134NNC2361,2021,34NNC2361,1,9,0,2,2,0,0,0,0,0,0,0,0,0,3,1,6,6,1,-1,-1,-1,-1,-1,-1,-1,-1,0,-1
2021010305634,2021,010305634,1,3,0,9,9,4,1,0,0,8,0,0,0,0,1,1,6,6,1,41,7,-1,-1,-1,-1,-1,-1,0,-1
2021520102743,2021,520102743,1,9,0,18,19,8,4,0,0,4,0,0,0,0,3,1,6,6,2,22,5,-1,-1,-1,-1,-1,-1,0,-1
2021041021987,2021,041021987,2,1,0,5,5,3,7,0,0,1,0,0,0,0,1,1,6,6,1,20,4,-1,-1,-1,-1,8,E01025550,0,-1
2021231103419,2021,231103419,2,1,0,18,19,1,5,0,0,8,0,0,0,0,1,1,6,6,1,16,4,-1,-1,-1,-1,2,E01031066,0,-1
2021061084193,2021,061084193,2,1,0,17,19,6,8,0,0,8,0,0,0,0,3,1,6,6,1,58,9,-1,-1,-1,-1,1,E01004862,0,-1
2021161096846,2021,161096846,1,1,0,18,19,7,3,5,5,8,0,0,0,0,4,1,5,6,2,11,3,-1,-1,-1,-1,8,E01013185,0,-1
2021010311859,2021,010311859,2,-1,0,99,99,9,9,0,0,0,5,0,0,0,9,1,6,6,1,32,6,-1,-1,-1,-1,6,E01001268,1,-1
202106M079018,2021,06M079018,2,9,0,18,19,1,5,0,0,1,0,0,0,0,2,1,6,6,1,30,6,-1,-1,-1,-1,8,E01006100,0,-1
2021101030822,2021,101030822,2,1,-1,7,7,1,6,4,4,1,0,0,0,0,3,1,6,6,1,-1,-1,-1,-1,-1,-1,-1,-1,0,-1
2021401087128,2021,401087128,2,1,0,7,7,5,3,0,0,2,0,0,0,0,1,1,6,6,1,17,4,-1,-1,-1,-1,2,E01015754,0,-1
2021201119298,2021,201119298,2,1,0,18,19,2,6,0,0,8,0,0,0,0,3,1,1,1,2,22,5,-1,-1,-1,-1,2,E01010059,0,-1
2021161026891,2021,161026891,2,97,0,18,19,3,7,0,0,1,5,0,0,0,3,1,6,6,1,-1,-1,-1,-1,-1,-1,-1,-1,0,-1
202163C026421,2021,63C026421,2,9,0,16,19,1,3,0,0,0,0,0,0,0,1,1,1,1,1,32,6,-1,-1,-1,-1,7,W01000585,0,-1
2021010313155,2021,010313155,1,1,9,99,99,9,9,99,99,9,9,99,9,99,9,1,6,6,2,26,6,-1,-1,-1,-1,7,E01001231,0,-1
2021010290340,2021,010290340,2,11,0,18,19,7,3,0,0,1,0,0,0,0,2,1,1,1,1,-1,-1,-1,-1,-1,-1,-1,-1,0,-1
2021622100720,2021,622100720,2,1,0,18,19,4,8,0,0,1,0,0,0,0,2,1,6,6,1,21,5,-1,-1,-1,-1,2,W01001768,0,-1
2021131089034,2021,131089034,2,1,0,18,19,5,1,0,0,8,0,0,0,0,3,1,2,2,1,55,8,-1,-1,-1,-1,1,E01011372,0,-1
2021440022209,2021,440022209,1,9,0,9,9,8,6,0,0,5,0,0,0,0,3,1,6,6,1,53,8,-1,-1,-1,-1,3,E01017079,0,-1
2021320330595,2021,320330595,2,19,0,2,2,0,0,6,6,0,0,0,0,0,2,1,1,1,1,51,8,-1,-1,-1,-1,1,E01014368,0,-1
2021461012672,2021,461012672,2,1,0,18,19,5,1,0,0,0,0,0,0,0,1,1,5,6,1,19,4,-1,-1,-1,-1,1,E01024678,0,-1
2021440092884,2021,440092884,1,9,0,18,19,2,6,0,0,0,0,0,0,0,1,1,6,6,2,73,10,-1,-1,-1,-1,9,E01023087,0,-1
2021522104136,2021,522104136,1,9,0,10,10,8,6,0,0,5,0,0,0,0,2,1,6,6,2,38,7,-1,-1,-1,-1,3,E01014730,0,-1
2021131101908,2021,131101908,1,9,0,-1,-1,-1,-1,-1,-1,0,-1,-1,-1,-1,-1,1,6,6,3,-1,-1,-1,-1,-1,-1,-1,-1,0,-1
202106L079568,2021,06L079568,2,9,0,9,9,3,1,0,0,0,0,0,0,0,2,1,6,6,3,30,6,-1,-1,-1,-1,-1,-1,0,-1
2021010336565,2021,010336565,2,1,0,18,19,7,3,0,0,8,5,0,0,0,4,1,1,1,1,41,7,-1,-1,-1,-1,5,E01003760,0,-1
2021010330137,2021,010330137,1,9,0,99,99,9,9,99,99,9,9,99,9,99,9,9,6,6,3,-1,-1,-1,-1,-1,-1,-1,-1,0,-1
2021440154086,2021,440154086,1,1,0,18,19,5,1,0,0,0,0,0,0,0,1,1,6,6,1,32,6,-1,-1,-1,-1,2,E01017153,0,-1
2021052102534,2021,052102534,1,-1,0,18,19,3,7,0,0,8,0,0,0,0,0,1,1,1,1,22,5,-1,-1,-1,-1,2,E01006748,1,-1
2021041079510,2021,041079510,1,9,0,18,19,5,1,0,0,1,0,0,0,0,1,1,6,6,1,-1,-1,-1,-1,-1,-1,-1,-1,0,-1
2021522104314,2021,522104314,2,9,0,17,19,6,2,0,0,0,0,0,0,0,1,1,6,6,2,62,9,-1,-1,-1,-1,7,E01014808,0,-1
2021351055870,2021,351055870,1,2,0,18,19,2,6,0,0,1,1,0,0,0,3,1,2,2,1,35,6,-1,-1,-1,-1,9,E01017998,0,-1
2021991110208,2021,991110208,1,8,0,6,6,5,5,0,0,0,0,0,0,0,0,1,1,1,1,40,7,-1,-1,-1,-1,-1,-1,0,-1
202131C024621,2021,31C024621,1,9,0,18,19,8,4,0,0,0,0,0,0,0,1,1,6,6,3,-1,-1,-1,-1,-1,-1,-1,-1,0,-1
2021170S10221,2021,170S10221,3,1,0,18,19,5,1,5,5,0,0,0,0,0,2,1,6,6,1,35,6,-1,-1,-1,-1,7,E01012269,0,-1
202160Z077372,2021,60Z077372,2,9,0,4,4,7,3,0,0,0,0,0,0,0,2,1,6,6,1,24,5,-1,-1,-1,-1,-1,-1,0,-1
2021610027121,2021,610027121,1,9,0,18,19,5,1,0,0,1,0,0,0,0,1,1,2,2,2,43,7,-1,-1,-1,-1,-1,-1,0,-1
2021461073000,2021,461073000,1,9,0,4,4,1,5,0,0,1,0,0,0,0,0,1,6,6,3,-1,-1,-1,-1,-1,-1,-1,-1,0,-1
2021061096908,2021,061096908,1,9,0,18,19,6,2,0,0,1,0,0,0,0,1,1,6,6,3,30,6,-1,-1,-1,-1,-1,-1,0,-1
2021552101177,2021,552101177,1,9,0,18,19,8,4,0,0,0,0,0,0,0,1,1,6,6,3,-1,-1,-1,-1,-1,-1,-1,-1,0,-1
2021451071335,2021,451071335,1,98,0,12,12,7,3,0,0,0,0,0,0,0,3,2,1,1,1,40,7,-1,-1,-1,-1,-1,-1,0,-1
2021332100612,2021,332100612,2,9,0,18,19,5,1,0,0,0,0,0,0,0,3,1,6,6,1,62,9,-1,-1,-1,-1,8,E01032969,0,-1
2021010339445,2021,010339445,1,1,9,99,99,9,9,99,99,9,9,99,9,99,1,1,2,2,1,26,6,-1,-1,-1,-1,2,E01003037,0,-1
2021070828696,2021,070828696,4,21,1,4,4,7,3,0,0,0,0,0,0,0,2,2,1,1,1,-1,-1,-1,-1,-1,-1,-1,-1,0,-1
2021332100490,2021,332100490,2,9,0,18,19,1,5,0,0,8,0,0,0,0,3,1,6,6,1,77,11,-1,-1,-1,-1,3,E01013762,0,-1
2021122101074,2021,122101074,2,1,0,7,7,6,8,0,0,8,0,0,0,0,1,1,2,2,1,22,5,-1,-1,-1,-1,6,E01013393,0,-1
2021471079392,2021,471079392,2,1,0,18,19,5,1,0,0,0,0,0,0,0,0,1,6,6,2,20,4,-1,-1,-1,-1,6,E01031825,0,-1
2021471026287,2021,471026287,3,9,0,3,3,4,8,0,0,0,0,0,0,0,2,1,2,2,1,26,6,-1,-1,-1,-1,2,E01020910,0,-1
2021461100473,2021,461100473,1,19,0,18,19,7,3,9,9,0,0,0,0,0,4,1,6,6,3,-1,-1,-1,-1,-1,-1,-1,-1,0,-1
2021010311462,2021,010311462,2,1,0,5,5,3,7,0,0,1,0,0,0,0,1,1,2,2,1,29,6,-1,-1,-1,-1,3,E01001799,0,-1
2021461058293,2021,461058293,1,9,0,18,19,1,7,0,0,6,0,0,0,0,1,1,6,6,1,58,9,-1,-1,-1,-1,3,E01024103,0,-1
2021010336207,2021,010336207,1,1,9,99,99,9,9,99,99,9,9,99,9,99,9,1,2,2,2,51,8,-1,-1,-1,-1,7,E01000317,0,-1
2021010310306,2021,010310306,1,1,0,18,19,7,3,0,0,2,0,4,0,0,3,1,6,6,2,65,9,-1,-1,-1,-1,8,E01001985,0,-1
2021010333746,2021,010333746,2,1,0,14,14,7,3,0,0,1,5,0,0,0,1,1,6,6,1,34,6,-1,-1,-1,-1,3,E01000586,0,-1
2021421047022,2021,421047022,1,1,0,18,19,5,1,5,5,0,0,0,0,0,1,1,5,6,1,20,4,-1,-1,-1,-1,7,E01015822,0,-1
2021461090593,2021,461090593,1,9,0,18,19,1,5,0,0,1,0,0,0,0,1,1,6,6,3,-1,-1,-1,-1,-1,-1,-1,-1,0,-1
2021070429127,2021,070429127,1,9,0,5,5,2,7,4,4,0,0,0,0,0,1,1,6,6,1,-1,-1,-1,-1,-1,-1,-1,-1,0,-1
2021010328810,2021,010328810,2,1,0,18,19,1,5,0,0,1,0,0,1,0,4,1,6,6,1,19,4,-1,-1,-1,-1,2,E01003248,0,-1
2021320708884,2021,320708884,2,1,0,18,19,4,8,0,0,8,0,0,0,0,1,1,4,7,1,11,3,-1,-1,-1,-1,2,E01026030,0,-1
202160Z167028,2021,60Z167028,1,9,0,17,19,3,1,0,0,1,0,0,0,0,3,1,6,6,1,33,6,-1,-1,-1,-1,-1,-1,0,-1
2021991074528,2021,991074528,1,9,0,18,19,1,5,0,0,8,0,0,0,0,1,1,1,1,1,65,9,-1,-1,-1,-1,1,-1,0,-1
2021461131111,2021,461131111,2,1,0,18,19,3,7,0,0,1,0,0,0,0,4,1,5,6,1,75,10,-1,-1,-1,-1,4,E01024120,0,-1
2021010317055,2021,010317055,1,1,9,99,99,9,9,99,99,9,9,99,9,99,9,1,6,6,1,29,6,-1,-1,-1,-1,2,E01032787,0,-1
2021361113624,2021,361113624,5,1,0,18,19,5,1,0,0,0,0,0,0,0,3,1,6,6,1,14,3,-1,-1,-1,-1,10,E01026546,0,-1
2021421064846,2021,421064846,1,9,0,18,19,8,4,0,0,0,1,0,1,11,1,1,5,6,2,36,7,-1,-1,-1,-1,5,E01021909,0,-1
2021622100802,2021,622100802,1,1,0,18,19,4,8,0,0,1,0,0,0,0,1,1,6,6,2,13,3,-1,-1,-1,-1,10,W01001892,0,-1
2021231047447,2021,231047447,1,9,0,18,19,3,7,0,0,1,0,0,0,0,4,1,5,6,3,28,6,-1,-1,-1,-1,-1,-1,0,-1
2021010303904,2021,010303904,1,90,0,18,19,5,1,0,0,8,0,0,0,0,1,1,6,6,3,-1,-1,-1,-1,-1,-1,-1,-1,0,-1
202163A099121,2021,63A099121,3,9,0,4,4,1,4,0,0,1,0,0,0,0,0,1,1,1,2,33,6,-1,-1,-1,-1,9,W01000493,0,-1
2021010289542,2021,010289542,2,1,0,15,15,3,7,0,0,1,0,0,0,0,1,1,2,2,1,27,6,-1,-1,-1,-1,3,E01003250,0,-1
2021010332822,2021,010332822,1,1,0,18,19,1,5,0,0,2,0,0,0,0,1,1,6,6,1,-1,-1,-1,-1,-1,-1,-1,-1,0,-1
2021332100358,2021,332100358,1,9,0,10,10,5,2,0,0,8,0,0,0,0,2,1,6,6,2,45,7,-1,-1,-1,-1,3,E01025943,0,-1