collision_index,collision_year,collision_ref_no,vehicle_reference,vehicle_type,towing_and_articulation,vehicle_manoeuvre_historic,vehicle_manoeuvre,vehicle_direction_from,vehicle_direction_to,vehicle_location_restricted_lane_historic,vehicle_location_restricted_lane,junction_location,skidding_and_overturning,hit_object_in_carriageway,vehicle_leaving_carriageway,hit_object_off_carriageway,first_point_of_impact,vehicle_left_hand_drive,journey_purpose_of_driver_historic,journey_purpose_of_driver,sex_of_driver,age_of_driver,age_band_of_driver,engine_capacity_cc,propulsion_code,age_of_vehicle,generic_make_model,driver_imd_decile,lsoa_of_driver,escooter_flag,driver_distance_banding
2021430088834,2021,430088834,2,21,1,18,19,5,1,0,0,0,0,0,0,0,1,2,2,2,1,40,7,-1,-1,-1,-1,-1,-1,0,-1
2021070547694,2021,070547694,1,9,0,18,19,8,4,0,0,1,0,0,0,0,1,1,2,2,2,39,7,-1,-1,-1,-1,9,E01018575,0,-1
2021141050816,2021,141050816,1,1,0,18,19,6,1,0,0,1,0,0,0,0,1,1,6,6,1,37,7,-1,-1,-1,-1,5,E01008113,0,-1
2021522102668,2021,522102668,1,1,0,18,19,5,1,0,0,0,0,0,0,0,3,1,6,6,1,12,3,-1,-1,-1,-1,7,E01014916,0,-1
2021451083893,2021,451083893,1,1,0,10,10,7,5,0,0,1,0,0,0,0,3,1,2,2,1,40,7,-1,-1,-1,-1,10,E01030561,0,-1
2021522200487,2021,522200487,2,5,0,9,9,1,5,0,0,8,0,0,0,0,1,1,6,6,1,51,8,-1,-1,-1,-1,8,E01014868,0,-1
2021131092193,2021,131092193,2,1,0,10,10,1,5,0,0,1,0,0,0,0,1,1,5,6,1,14,3,-1,-1,-1,-1,3,E01010871,0,-1
202160Z159256,2021,60Z159256,2,1,0,9,9,8,6,0,0,5,0,0,0,0,2,1,6,6,1,40,7,-1,-1,-1,-1,-1,-1,0,-1
2021052102716,2021,052102716,1,9,0,18,19,3,7,0,0,1,0,0,0,0,1,1,6,6,3,-1,-1,-1,-1,-1,-1,-1,-1,0,-1
2021421038593,2021,421038593,1,9,0,18,19,3,7,0,0,8,0,0,0,0,1,1,6,6,1,40,7,-1,-1,-1,-1,2,E01002316,0,-1
2021302100061,2021,302100061,2,9,0,18,19,6,2,0,0,0,0,0,0,0,0,1,6,6,3,-1,-1,-1,-1,-1,-1,5,E01019456,0,-1
2021471091630,2021,471091630,2,1,0,16,19,2,5,0,0,1,0,0,0,0,1,1,5,6,1,49,8,-1,-1,-1,-1,8,E01016992,0,-1
2021010343479,2021,010343479,2,9,9,99,99,9,9,99,99,9,9,99,9,99,1,9,6,6,3,-1,-1,-1,-1,-1,-1,-1,-1,0,-1
2021010306812,2021,010306812,1,9,0,99,99,9,9,99,99,9,9,99,9,99,9,9,6,6,3,-1,-1,-1,-1,-1,-1,-1,-1,0,-1
2021010318604,2021,010318604,1,1,9,99,99,9,9,99,99,0,9,99,9,99,9,1,6,6,1,46,8,-1,-1,-1,-1,7,E01004153,0,-1
2021010302030,2021,010302030,2,-1,0,18,19,7,3,0,0,1,1,0,0,0,1,1,6,6,1,17,4,-1,-1,-1,-1,1,E01003048,1,-1
2021010312293,2021,010312293,1,1,9,99,99,9,9,99,99,9,9,99,9,99,2,1,6,6,2,57,9,-1,-1,-1,-1,7,E01000797,0,-1
2021440441843,2021,440441843,2,1,0,18,19,8,4,0,0,8,0,0,0,0,3,1,6,6,1,63,9,-1,-1,-1,-1,7,E01023135,0,-1
2021131118823,2021,131118823,2,9,0,18,19,7,3,0,0,0,1,0,0,0,2,1,1,1,1,49,8,-1,-1,-1,-1,5,E01032586,0,-1
2021430557038,2021,430557038,2,11,0,18,19,4,8,0,0,0,0,0,0,0,3,1,1,1,1,-1,-1,-1,-1,-1,-1,-1,-1,0,-1
2021522200264,2021,522200264,1,9,0,18,19,5,1,0,0,8,0,0,0,0,1,1,6,6,1,36,7,-1,-1,-1,-1,3,E01014976,0,-1
2021461128410,2021,461128410,1,9,0,18,19,1,5,0,0,1,1,0,0,0,3,1,5,6,3,-1,-1,-1,-1,-1,-1,-1,-1,0,-1
2021010342110,2021,010342110,1,9,0,7,7,5,7,0,0,1,0,10,1,0,4,1,6,6,3,-1,-1,-1,-1,-1,-1,-1,-1,0,-1
2021451103734,2021,451103734,2,9,5,18,19,8,4,0,0,3,0,0,0,0,4,1,6,6,3,30,6,-1,-1,-1,-1,-1,-1,0,-1
2021430585611,2021,430585611,1,9,0,14,14,8,4,0,0,8,0,0,0,0,1,1,6,6,1,21,5,-1,-1,-1,-1,-1,-1,0,-1
2021010334007,2021,010334007,1,1,0,18,19,5,1,0,0,1,0,0,0,0,1,1,1,1,1,19,4,-1,-1,-1,-1,2,E01033713,0,-1
2021471097999,2021,471097999,2,1,0,18,19,8,4,0,0,1,0,0,0,0,1,1,5,6,2,25,5,-1,-1,-1,-1,7,E01020962,0,-1
2021501075893,2021,501075893,2,1,0,4,4,4,8,0,0,0,1,0,0,0,3,1,5,6,1,49,8,-1,-1,-1,-1,2,E01015181,0,-1
2021052101743,2021,052101743,1,9,0,11,11,3,6,0,0,0,0,0,0,0,4,1,6,6,3,-1,-1,-1,-1,-1,-1,-1,-1,0,-1
2021401033125,2021,401033125,2,16,0,-1,-1,-1,-1,-1,-1,1,-1,-1,-1,0,-1,1,6,6,2,25,5,-1,-1,-1,-1,9,E01017394,0,-1
2021010351998,2021,010351998,1,1,9,99,99,9,9,99,99,9,9,99,9,99,1,1,6,6,1,46,8,-1,-1,-1,-1,9,E01003804,0,-1
2021332100793,2021,332100793,1,90,0,18,19,4,8,0,0,3,0,0,0,0,4,1,1,1,1,46,8,-1,-1,-1,-1,10,E01025744,0,-1
2021421092718,2021,421092718,1,9,0,18,19,4,8,0,0,2,0,0,0,0,4,1,1,1,1,56,9,-1,-1,-1,-1,8,E01033612,0,-1
2021101067542,2021,101067542,2,9,-1,-1,-1,-1,-1,-1,-1,-1,-1,-1,-1,0,-1,1,6,6,1,38,7,-1,-1,-1,-1,3,E01008208,0,-1
2021131119886,2021,131119886,1,9,0,18,19,5,1,0,0,0,0,0,0,0,1,1,2,2,1,43,7,-1,-1,-1,-1,7,E01013024,0,-1
2021221038328,2021,221038328,2,9,0,16,19,7,2,0,0,0,0,0,0,0,1,1,6,6,3,34,6,-1,-1,-1,-1,-1,-1,0,-1
2021302100841,2021,302100841,1,9,0,7,7,7,1,0,0,5,0,0,0,0,3,1,6,6,3,-1,-1,-1,-1,-1,-1,5,E01019456,0,-1
2021010350998,2021,010350998,2,1,0,18,19,7,3,0,0,1,0,0,0,0,1,1,6,6,1,42,7,-1,-1,-1,-1,4,E01000609,0,-1
2021201073973,2021,201073973,1,9,0,5,5,4,8,0,0,4,1,0,0,0,1,1,6,6,1,25,5,-1,-1,-1,-1,2,E01009340,0,-1
2021501055403,2021,501055403,2,9,0,10,10,5,7,0,0,1,0,0,0,0,3,1,5,6,1,45,7,-1,-1,-1,-1,2,E01018984,0,-1
2021610004821,2021,610004821,2,9,0,3,3,3,7,0,0,0,0,0,0,0,2,1,6,6,1,45,7,-1,-1,-1,-1,-1,-1,0,-1
2021332100802,2021,332100802,1,9,0,9,9,5,3,0,0,6,0,0,0,0,1,1,6,6,2,56,9,-1,-1,-1,-1,10,E01025968,0,-1
2021421078695,2021,421078695,1,1,0,18,19,5,1,0,0,8,0,0,0,0,3,1,2,2,1,24,5,-1,-1,-1,-1,5,E01021664,0,-1
2021451062318,2021,451062318,1,9,0,12,12,5,3,0,0,0,0,0,0,0,3,2,1,1,1,60,9,-1,-1,-1,-1,-1,-1,0,-1
2021010342186,2021,010342186,2,1,0,18,19,7,3,0,0,0,0,99,9,99,1,1,2,2,1,26,6,-1,-1,-1,-1,5,E01032771,0,-1
2021052101724,2021,052101724,2,1,0,13,13,1,5,0,0,0,0,0,0,0,1,1,6,6,2,63,9,-1,-1,-1,-1,1,E01006563,0,-1
2021991126687,2021,991126687,2,1,0,16,19,3,6,0,0,0,0,0,0,0,3,1,5,6,1,41,7,-1,-1,-1,-1,8,-1,0,-1
2021461055368,2021,461055368,2,1,0,18,19,2,6,0,0,0,0,0,0,0,2,1,6,6,2,65,9,-1,-1,-1,-1,9,E01021115,0,-1
2021461028074,2021,461028074,1,3,0,18,19,7,3,0,0,1,0,0,0,0,1,1,6,6,1,27,6,-1,-1,-1,-1,6,E01024161,0,-1
2021131077465,2021,131077465,2,1,0,18,19,1,5,0,0,0,0,0,0,0,1,1,6,6,1,30,6,-1,-1,-1,-1,-1,-1,0,-1
2021010345808,2021,010345808,1,-1,0,99,99,9,9,99,99,9,9,99,9,99,9,9,6,6,3,-1,-1,-1,-1,-1,-1,-1,-1,1,-1
2021101052761,2021,101052761,2,9,-1,-1,-1,-1,-1,-1,-1,0,-1,-1,-1,0,-1,1,6,6,2,24,5,-1,-1,-1,-1,6,E01027394,0,-1
2021201127377,2021,201127377,2,23,0,18,19,4,1,0,0,1,0,0,0,0,1,1,6,6,1,21,5,-1,-1,-1,-1,6,E01010023,0,-1
2021520200860,2021,520200860,2,1,0,18,19,1,5,0,0,8,0,0,0,0,1,1,6,6,1,55,8,-1,-1,-1,-1,7,E01029214,0,-1
2021440499155,2021,440499155,2,9,0,18,19,2,4,0,0,4,0,0,0,0,1,1,6,6,1,-1,-1,-1,-1,-1,-1,-1,-1,0,-1
2021201143621,2021,201143621,2,1,0,18,19,8,3,0,0,8,0,0,0,0,4,1,6,6,1,55,8,-1,-1,-1,-1,2,E01009487,0,-1
2021461071948,2021,461071948,1,9,0,12,12,3,7,0,0,0,0,0,0,0,3,1,6,6,3,-1,-1,-1,-1,-1,-1,-1,-1,0,-1
2021010325698,2021,010325698,2,4,0,18,19,1,5,0,0,1,0,0,0,0,1,1,6,6,3,-1,-1,-1,-1,-1,-1,-1,-1,0,-1
2021430204232,2021,430204232,2,9,0,18,19,5,1,0,0,0,0,0,0,0,1,1,6,6,1,30,6,-1,-1,-1,-1,-1,-1,0,-1
2021122101443,2021,122101443,2,1,0,9,9,5,3,0,0,8,0,0,0,0,3,1,6,6,1,-1,-1,-1,-1,-1,-1,-1,-1,0,-1
2021430344917,2021,430344917,2,9,0,12,12,4,8,0,0,8,0,0,0,0,3,1,6,6,1,49,8,-1,-1,-1,-1,-1,-1,0,-1
2021522103869,2021,522103869,1,9,0,18,19,1,5,0,0,1,0,0,0,0,3,1,6,6,2,55,8,-1,-1,-1,-1,8,E01014936,0,-1
2021501071829,2021,501071829,1,1,0,18,19,4,8,0,0,1,0,0,0,0,1,1,4,7,1,14,3,-1,-1,-1,-1,3,E01020010,0,-1
202131B001221,2021,31B001221,1,9,0,18,19,1,5,0,0,1,0,0,0,0,1,1,6,6,3,-1,-1,-1,-1,-1,-1,-1,-1,0,-1
2021010307830,2021,010307830,2,1,9,99,99,9,9,99,99,0,9,99,9,99,1,1,2,2,1,33,6,-1,-1,-1,-1,3,E01000929,0,-1
2021471107999,2021,471107999,2,1,0,18,19,4,8,4,4,8,0,0,0,0,1,1,6,6,2,32,6,-1,-1,-1,-1,9,E01017005,0,-1
2021010297936,2021,010297936,1,-1,0,99,99,9,9,0,0,1,0,0,0,0,9,9,6,6,1,27,6,-1,-1,-1,-1,2,E01002002,1,-1
2021461063574,2021,461063574,2,1,0,18,19,4,8,0,0,0,0,0,0,0,3,1,5,6,1,70,10,-1,-1,-1,-1,7,E01024232,0,-1
2021061136402,2021,061136402,1,9,0,5,5,3,7,0,0,1,0,0,0,0,1,1,6,6,3,30,6,-1,-1,-1,-1,-1,-1,0,-1
2021231106008,2021,231106008,2,1,0,18,19,8,4,0,0,0,0,0,0,0,4,1,1,1,1,49,8,-1,-1,-1,-1,10,E01031267,0,-1
2021070303719,2021,070303719,1,1,0,18,19,5,7,0,0,0,0,0,0,0,4,1,4,7,1,11,3,-1,-1,-1,-1,2,E01018538,0,-1
2021010311609,2021,010311609,1,9,0,18,19,1,5,0,0,1,0,0,0,0,1,1,6,6,3,-1,-1,-1,-1,-1,-1,-1,-1,0,-1
2021421068956,2021,421068956,1,19,0,5,5,3,7,0,0,0,0,0,0,0,3,1,6,6,1,-1,-1,-1,-1,-1,-1,-1,-1,0,-1
2021461024551,2021,461024551,2,1,0,18,19,1,5,0,0,1,0,0,0,0,1,1,5,6,2,59,9,-1,-1,-1,-1,6,E01024054,0,-1
2021070578515,2021,070578515,1,9,0,10,10,2,6,0,0,1,0,0,0,0,1,1,6,6,2,-1,-1,-1,-1,-1,-1,-1,-1,0,-1
202160Z125555,2021,60Z125555,1,9,0,18,19,2,6,0,0,1,1,4,0,0,1,1,6,6,1,20,4,-1,-1,-1,-1,-1,-1,0,-1
2021991109503,2021,991109503,1,9,0,18,19,2,6,0,0,0,2,0,2,0,3,1,6,6,1,37,7,-1,-1,-1,-1,-1,-1,0,-1
2021541048121,2021,541048121,2,1,0,17,19,5,2,0,0,8,0,0,0,0,4,1,6,6,2,78,11,-1,-1,-1,-1,9,E01031999,0,-1
2021451043831,2021,451043831,2,1,0,18,19,5,1,0,0,2,0,0,0,0,1,1,6,6,2,14,3,-1,-1,-1,-1,2,E01030497,0,-1
2021010295496,2021,010295496,1,9,0,7,7,1,4,0,0,5,0,0,0,0,2,1,6,6,3,-1,-1,-1,-1,-1,-1,-1,-1,0,-1
2021010318903,2021,010318903,2,1,0,12,12,1,5,0,0,8,0,0,0,0,3,1,2,2,1,25,5,-1,-1,-1,-1,2,E01001868,0,-1
2021061076665,2021,061076665,1,9,0,18,19,1,1,0,0,0,0,0,0,0,1,1,6,6,1,60,9,-1,-1,-1,-1,-1,-1,0,-1
202131D201221,2021,31D201221,2,1,0,18,19,4,8,0,0,2,0,0,0,0,1,1,6,6,1,35,6,-1,-1,-1,-1,-1,-1,0,-1
2021471014800,2021,471014800,1,-1,0,18,19,4,8,0,0,0,0,0,0,0,1,1,5,6,1,24,5,-1,-1,-1,-1,2,E01031432,1,-1
2021010337190,2021,010337190,1,1,9,99,99,9,9,99,99,9,9,99,9,99,9,1,2,2,1,32,6,-1,-1,-1,-1,2,E01004219,0,-1
2021501016912,2021,501016912,2,1,0,18,19,2,6,0,0,0,0,0,0,0,3,1,6,6,2,56,9,-1,-1,-1,-1,7,E01018772,0,-1
2021332100592,2021,332100592,1,9,0,4,4,6,2,0,0,0,0,0,0,0,2,1,6,6,1,48,8,-1,-1,-1,-1,5,E01025662,0,-1
2021010294537,2021,010294537,2,1,0,4,4,5,1,0,0,1,0,0,0,0,1,1,6,6,1,36,7,-1,-1,-1,-1,8,E01003445,0,-1
2021332100567,2021,332100567,2,9,0,17,19,6,3,0,0,0,0,0,0,0,3,1,6,6,2,23,5,-1,-1,-1,-1,2,E01013683,0,-1
2021361134471,2021,361134471,1,-1,0,18,19,2,6,0,0,1,5,0,0,0,0,1,5,6,1,27,6,-1,-1,-1,-1,1,E01026604,1,-1
2021440282437,2021,440282437,1,-1,0,18,19,1,5,0,0,0,0,10,0,0,0,1,6,6,1,46,8,-1,-1,-1,-1,1,E01017130,1,-1
2021201116397,2021,201116397,2,1,0,18,19,3,7,0,0,1,0,0,0,0,1,1,2,2,1,52,8,-1,-1,-1,-1,4,E01009849,0,-1
2021622100314,2021,622100314,1,-1,0,18,19,8,4,0,0,1,0,0,0,0,1,1,6,6,1,12,3,-1,-1,-1,-1,1,W01001857,1,-1
2021501102712,2021,501102712,1,9,0,18,19,5,1,0,0,8,0,0,0,0,3,1,6,6,3,-1,-1,-1,-1,-1,-1,-1,-1,0,-1
2021332101066,2021,332101066,1,9,0,4,4,7,3,0,0,1,0,0,0,0,2,1,6,6,2,25,5,-1,-1,-1,-1,6,E01013759,0,-1
2021010344775,2021,010344775,2,1,0,4,4,7,3,0,0,0,0,0,0,0,1,1,2,2,1,53,8,-1,-1,-1,-1,10,E01003891,0,-1
2021141014953,2021,141014953,2,9,0,18,19,5,1,0,0,1,0,0,0,0,1,1,6,6,3,-1,-1,-1,-1,-1,-1,-1,-1,0,-1
202163A038421,2021,63A038421,2,1,0,17,19,5,2,0,0,0,0,0,1,10,1,1,6,6,1,75,10,-1,-1,-1,-1,6,W01000674,0,-1
2021010342619,2021,010342619,2,9,0,99,99,9,9,99,99,9,9,99,9,99,1,9,6,6,3,-1,-1,-1,-1,-1,-1,-1,-1,0,-1
202131D034921,2021,31D034921,1,9,0,9,9,4,2,0,0,6,0,0,0,0,1,1,6,6,1,-1,-1,-1,-1,-1,-1,-1,-1,0,-1
2021131111906,2021,131111906,1,23,0,17,19,4,8,0,0,0,0,0,0,0,3,1,6,6,2,23,5,-1,-1,-1,-1,3,E01010600,0,-1
2021361134702,2021,361134702,1,9,-1,18,19,-1,-1,0,0,8,0,0,0,0,-1,1,6,6,3,-1,-1,-1,-1,-1,-1,-1,-1,0,-1
2021411037965,2021,411037965,2,1,0,18,19,6,2,0,0,4,2,0,1,0,1,1,6,6,1,46,8,-1,-1,-1,-1,10,E01023368,0,-1
2021061085552,2021,061085552,1,9,0,18,19,6,2,0,0,1,0,0,0,0,1,1,5,6,1,33,6,-1,-1,-1,-1,-1,-1,0,-1
2021302101646,2021,302101646,2,1,0,9,9,4,2,0,0,0,1,0,0,0,1,1,6,6,1,16,4,-1,-1,-1,-1,4,E01013548,0,-1
2021991059072,2021,991059072,1,9,0,18,19,6,7,0,0,4,0,0,0,0,1,1,6,6,1,-1,-1,-1,-1,-1,-1,-1,-1,0,-1
2021010338498,2021,010338498,1,1,9,99,99,9,9,99,99,9,9,99,9,99,2,1,6,6,1,29,6,-1,-1,-1,-1,4,E01001459,0,-1
2021231096410,2021,231096410,1,1,0,18,19,2,6,0,0,8,0,0,3,2,1,1,4,7,1,11,3,-1,-1,-1,-1,4,E01031060,0,-1
2021170L30721,2021,170L30721,2,1,0,12,12,5,1,0,0,8,0,0,0,0,2,1,6,6,1,18,4,-1,-1,-1,-1,4,E01012184,0,-1
2021451062166,2021,451062166,2,1,0,18,19,2,3,0,0,0,0,0,0,0,0,1,6,6,1,50,8,-1,-1,-1,-1,-1,-1,0,-1
2021201126093,2021,201126093,2,9,0,13,13,6,2,0,0,0,0,0,0,0,0,1,6,6,3,-1,-1,-1,-1,-1,-1,-1,-1,0,-1
202106F078773,2021,06F078773,2,9,0,18,19,3,7,0,0,1,0,0,7,4,1,1,6,6,1,19,4,-1,-1,-1,-1,3,E01006380,0,-1
2021101067415,2021,101067415,2,1,0,18,19,8,4,0,0,0,0,0,0,0,3,1,5,6,1,49,8,-1,-1,-1,-1,1,E01008733,0,-1
2021522201521,2021,522201521,2,9,0,17,19,8,6,0,0,0,0,0,0,0,2,1,6,6,1,62,9,-1,-1,-1,-1,8,E01014755,0,-1
2021421055132,2021,421055132,1,9,0,9,9,5,3,0,0,8,0,0,0,0,3,1,5,6,2,31,6,-1,-1,-1,-1,6,E01021769,0,-1
2021010338677,2021,010338677,2,1,0,18,19,7,3,9,9,1,0,0,0,0,1,1,3,7,1,12,3,-1,-1,-1,-1,3,E01002562,0,-1
2021421028052,2021,421028052,1,90,-1,18,19,2,6,0,0,0,0,0,0,0,0,1,6,6,3,-1,-1,-1,-1,-1,-1,-1,-1,0,-1
2021430265883,2021,430265883,1,19,0,18,19,4,8,0,0,0,0,0,0,0,1,1,1,1,1,45,7,-1,-1,-1,-1,-1,-1,0,-1
2021332100162,2021,332100162,1,11,0,4,4,8,4,0,0,8,0,0,0,0,4,1,1,1,1,65,9,-1,-1,-1,-1,5,E01013729,0,-1
2021010320384,2021,010320384,2,-1,0,7,7,1,4,0,0,1,0,0,0,0,2,1,6,6,2,11,3,-1,-1,-1,-1,4,E01001939,1,-1
2021522102421,2021,522102421,1,9,0,5,5,3,7,0,0,0,0,0,0,0,1,1,6,6,3,-1,-1,-1,-1,-1,-1,-1,-1,0,-1
2021010333274,2021,010333274,1,1,9,99,99,9,9,99,99,0,9,99,9,99,1,1,2,2,1,52,8,-1,-1,-1,-1,6,E01032740,0,-1
2021010325126,2021,010325126,1,9,0,13,13,1,5,0,0,0,0,0,0,0,2,1,6,6,3,-1,-1,-1,-1,-1,-1,-1,-1,0,-1
2021451019662,2021,451019662,1,1,0,9,9,8,6,0,0,8,2,0,0,0,3,1,2,2,2,32,6,-1,-1,-1,-1,10,E01030930,0,-1
2021010295199,2021,010295199,1,1,9,99,99,9,9,99,99,9,9,99,9,99,1,1,2,2,2,39,7,-1,-1,-1,-1,8,E01002294,0,-1
2021351111017,2021,351111017,1,98,0,18,19,8,4,0,0,0,0,0,0,0,1,1,6,6,3,-1,-1,-1,-1,-1,-1,-1,-1,0,-1
2021010338283,2021,010338283,1,1,9,18,19,1,5,0,0,9,9,99,0,0,9,1,6,6,1,-1,-1,-1,-1,-1,-1,-1,-1,0,-1
2021161058807,2021,161058807,2,1,0,18,19,5,1,0,0,1,1,0,0,0,1,1,2,2,1,17,4,-1,-1,-1,-1,6,E01013006,0,-1
2021522103675,2021,522103675,1,90,0,18,19,4,1,0,0,8,0,0,0,0,1,1,6,6,1,23,5,-1,-1,-1,-1,8,E01014709,0,-1
2021461092086,2021,461092086,2,1,0,18,19,1,5,0,0,1,0,0,0,0,1,1,5,6,1,-1,-1,-1,-1,-1,-1,9,E01023999,0,-1
2021461026965,2021,461026965,2,9,0,18,19,8,4,0,0,1,0,0,0,0,4,1,1,1,1,35,6,-1,-1,-1,-1,7,E01016139,0,-1
2021010295548,2021,010295548,1,1,9,99,99,9,9,99,99,9,9,99,9,99,2,1,6,6,2,30,6,-1,-1,-1,-1,6,E01002006,0,-1
2021010337343,2021,010337343,1,23,0,99,99,9,9,99,99,0,9,99,9,99,9,1,2,2,1,47,8,-1,-1,-1,-1,3,E01023294,0,-1
2021052101721,2021,052101721,2,9,0,2,2,0,0,0,0,0,0,0,0,0,3,1,6,6,1,52,8,-1,-1,-1,-1,9,E01006841,0,-1
2021461038657,2021,461038657,2,9,0,18,19,3,7,0,0,0,0,0,0,0,0,1,6,6,3,-1,-1,-1,-1,-1,-1,-1,-1,0,-1
2021610011721,2021,610011721,1,9,0,4,4,1,5,0,0,3,0,0,0,0,2,1,2,2,2,34,6,-1,-1,-1,-1,-1,-1,0,-1
2021010324898,2021,010324898,1,1,0,18,19,1,5,0,0,8,5,0,0,0,1,1,6,6,1,23,5,-1,-1,-1,-1,7,E01032776,0,-1
2021101068479,2021,101068479,2,1,0,4,4,1,1,0,0,1,0,0,0,0,1,1,5,6,1,20,4,-1,-1,-1,-1,10,E01020683,0,-1
2021302102015,2021,302102015,2,9,0,2,2,0,0,9,9,0,0,0,0,0,2,1,6,6,3,-1,-1,-1,-1,-1,-1,-1,-1,0,-1
2021430028475,2021,430028475,2,9,0,18,19,6,2,0,0,0,1,0,0,0,1,1,2,2,3,24,5,-1,-1,-1,-1,10,E01016246,0,-1
2021052100877,2021,052100877,1,9,0,18,19,3,7,0,0,0,0,0,0,0,1,1,6,6,3,-1,-1,-1,-1,-1,-1,-1,-1,0,-1
2021201134522,2021,201134522,2,1,0,18,19,3,8,0,0,0,0,0,0,0,1,1,6,6,1,19,4,-1,-1,-1,-1,2,E01010311,0,-1
2021010298506,2021,010298506,1,1,9,99,99,9,9,99,99,9,9,99,9,99,9,1,6,6,1,51,8,-1,-1,-1,-1,2,E01001667,0,-1
2021161100101,2021,161100101,2,19,0,18,19,5,1,0,0,1,0,0,0,0,1,1,6,6,3,-1,-1,-1,-1,-1,-1,-1,-1,0,-1
2021451016545,2021,451016545,1,1,0,18,19,6,2,0,0,0,0,0,0,0,0,1,5,6,1,34,6,-1,-1,-1,-1,4,E01003447,0,-1
2021010319644,2021,010319644,1,1,9,99,99,9,9,99,99,0,9,99,9,99,9,1,6,6,2,33,6,-1,-1,-1,-1,4,E01003169,0,-1
2021010355522,2021,010355522,1,9,9,99,99,9,9,99,99,9,9,99,9,99,9,9,6,6,1,23,5,-1,-1,-1,-1,2,E01001731,0,-1
2021440269466,2021,440269466,2,1,0,18,19,3,7,0,0,8,0,0,0,0,1,1,4,7,1,9,2,-1,-1,-1,-1,1,E01017118,0,-1
2021440378380,2021,440378380,1,1,0,18,19,6,2,0,0,0,0,11,0,0,1,1,6,6,2,38,7,-1,-1,-1,-1,3,E01017111,0,-1
2021332101031,2021,332101031,1,98,0,5,5,6,2,0,0,4,0,0,0,0,1,1,1,1,1,41,7,-1,-1,-1,-1,6,E01009278,0,-1
2021231056051,2021,231056051,2,1,0,9,9,8,8,0,0,8,0,0,0,0,4,1,5,6,1,44,7,-1,-1,-1,-1,9,E01031227,0,-1
2021610061621,2021,610061621,1,-1,0,18,19,5,1,0,0,8,0,0,0,0,1,1,6,6,1,17,4,-1,-1,-1,-1,8,W01001616,1,-1
2021351078154,2021,351078154,2,1,0,18,19,1,5,0,0,0,0,0,0,0,0,1,6,6,1,63,9,-1,-1,-1,-1,10,E01018259,0,-1
2021430360102,2021,430360102,2,19,0,18,19,5,1,0,0,1,0,0,0,0,1,1,6,6,1,-1,-1,-1,-1,-1,-1,-1,-1,0,-1
2021440124493,2021,440124493,1,1,0,18,19,7,2,9,9,8,0,0,0,0,1,1,6,6,2,43,7,-1,-1,-1,-1,8,E01017215,0,-1
2021052102398,2021,052102398,2,1,0,18,19,3,7,0,0,0,0,0,0,0,3,1,6,6,1,16,4,-1,-1,-1,-1,2,E01006428,0,-1
2021041163471,2021,041163471,1,9,0,-1,-1,-1,-1,-1,-1,1,-1,-1,-1,-1,3,1,6,6,3,-1,-1,-1,-1,-1,-1,-1,-1,0,-1
2021471023446,2021,471023446,1,1,0,5,5,4,8,0,0,0,0,0,0,0,1,1,5,6,1,15,3,-1,-1,-1,-1,6,E01031839,0,-1
202134WNC6151,2021,34WNC6151,1,9,0,18,19,1,5,0,0,0,0,0,0,0,1,1,6,6,3,-1,-1,-1,-1,-1,-1,-1,-1,0,-1
2021010305365,2021,010305365,2,23,0,18,19,1,5,0,0,1,0,0,0,0,1,1,6,6,1,55,8,-1,-1,-1,-1,4,E01001873,0,-1
2021070773737,2021,070773737,1,1,0,18,19,5,1,0,0,8,0,0,0,0,4,1,6,6,1,17,4,-1,-1,-1,-1,5,E01012451,0,-1
2021010295914,2021,010295914,2,1,0,18,19,1,5,0,0,8,0,0,0,0,1,1,6,6,1,19,4,-1,-1,-1,-1,5,E01000589,0,-1
2021010316814,2021,010316814,1,1,9,99,99,9,9,99,99,9,9,99,9,99,9,1,2,2,2,25,5,-1,-1,-1,-1,6,E01003030,0,-1
2021010335233,2021,010335233,1,9,0,99,99,9,9,99,99,9,9,99,9,99,2,9,1,1,2,28,6,-1,-1,-1,-1,3,E01000137,0,-1
2021131111995,2021,131111995,2,9,0,7,7,1,5,0,0,0,0,0,0,0,4,1,1,1,1,33,6,-1,-1,-1,-1,10,E01007936,0,-1
2021332100939,2021,332100939,2,9,0,18,19,5,1,0,0,8,0,0,0,0,1,1,6,6,1,57,9,-1,-1,-1,-1,6,E01025978,0,-1
2021501044630,2021,501044630,2,1,0,10,10,8,3,0,0,1,0,0,0,0,4,1,5,6,1,61,9,-1,-1,-1,-1,3,E01018953,0,-1
2021061093337,2021,061093337,1,19,0,4,4,1,1,0,0,8,0,0,0,0,2,1,1,1,1,48,8,-1,-1,-1,-1,2,E01005714,0,-1
2021031019918,2021,031019918,1,1,0,18,19,8,4,0,0,0,1,0,0,0,1,1,5,6,1,70,10,-1,-1,-1,-1,9,E01019085,0,-1
2021010329618,2021,010329618,1,1,9,99,99,9,9,99,99,9,9,99,9,99,9,1,2,2,1,53,8,-1,-1,-1,-1,2,E01004444,0,-1
2021522100569,2021,522100569,2,9,0,5,5,7,3,0,0,6,0,0,0,0,4,1,6,6,3,-1,-1,-1,-1,-1,-1,-1,-1,0,-1
2021010351484,2021,010351484,1,1,9,99,99,9,9,99,99,9,9,99,9,99,2,1,2,2,2,40,7,-1,-1,-1,-1,3,E01003036,0,-1
2021351111943,2021,351111943,1,97,0,18,19,3,7,0,0,6,1,0,0,0,1,1,6,6,3,-1,-1,-1,-1,-1,-1,-1,-1,0,-1
2021061097162,2021,061097162,1,19,0,7,7,8,2,0,0,1,0,0,0,0,4,1,6,6,3,30,6,-1,-1,-1,-1,-1,-1,0,-1
2021461117646,2021,461117646,1,9,0,9,9,1,5,0,0,1,0,0,0,0,2,1,6,6,3,-1,-1,-1,-1,-1,-1,-1,-1,0,-1
2021440401109,2021,440401109,2,9,0,18,19,5,1,0,0,0,0,0,0,0,1,1,6,6,2,51,8,-1,-1,-1,-1,4,E01017297,0,-1
2021471092760,2021,471092760,1,9,0,5,5,5,2,0,0,0,0,0,0,0,3,1,6,6,3,-1,-1,-1,-1,-1,-1,-1,-1,0,-1