collision_index,collision_year,collision_ref_no,vehicle_reference,vehicle_type,towing_and_articulation,vehicle_manoeuvre_historic,vehicle_manoeuvre,vehicle_direction_from,vehicle_direction_to,vehicle_location_restricted_lane_historic,vehicle_location_restricted_lane,junction_location,skidding_and_overturning,hit_object_in_carriageway,vehicle_leaving_carriageway,hit_object_off_carriageway,first_point_of_impact,vehicle_left_hand_drive,journey_purpose_of_driver_historic,journey_purpose_of_driver,sex_of_driver,age_of_driver,age_band_of_driver,engine_capacity_cc,propulsion_code,age_of_vehicle,generic_make_model,driver_imd_decile,lsoa_of_driver,escooter_flag,driver_distance_banding
2021332101023,2021,332101023,1,9,0,16,19,3,6,0,0,0,0,0,0,0,2,1,6,6,2,38,7,-1,-1,-1,-1,6,E01025025,0,-1
2021010291467,2021,010291467,2,9,0,99,99,9,9,99,99,9,9,99,9,99,9,9,6,6,3,-1,-1,-1,-1,-1,-1,-1,-1,0,-1
2021201036813,2021,201036813,2,1,0,6,6,6,6,0,0,1,0,0,0,0,3,1,1,1,1,19,4,-1,-1,-1,-1,1,E01009192,0,-1
2021101082115,2021,101082115,1,9,0,-1,-1,-1,-1,-1,-1,0,-1,-1,-1,0,-1,1,6,6,3,-1,-1,-1,-1,-1,-1,-1,-1,0,-1
2021211117163,2021,211117163,3,19,0,18,19,8,4,0,0,0,0,0,0,0,1,1,6,6,1,44,7,-1,-1,-1,-1,8,E01018391,0,-1
2021421020036,2021,421020036,1,9,0,18,19,6,1,0,0,0,0,0,0,0,0,1,6,6,3,-1,-1,-1,-1,-1,-1,-1,-1,0,-1
2021161094734,2021,161094734,2,1,0,5,5,7,3,0,0,8,0,0,0,0,1,1,6,6,1,15,3,-1,-1,-1,-1,1,E01013138,0,-1
2021411017268,2021,411017268,1,19,0,18,19,-1,-1,0,0,3,0,0,0,0,1,1,6,6,1,-1,-1,-1,-1,-1,-1,-1,-1,0,-1
2021010302088,2021,010302088,2,9,0,99,99,9,9,99,99,9,9,99,9,99,1,9,6,6,3,-1,-1,-1,-1,-1,-1,-1,-1,0,-1
2021170M11251,2021,170M11251,2,1,0,18,19,1,5,0,0,8,0,0,0,0,1,1,6,6,1,15,3,-1,-1,-1,-1,1,E01012089,0,-1
2021302101412,2021,302101412,1,20,0,12,12,6,2,0,0,0,0,0,0,0,3,1,6,6,1,75,10,-1,-1,-1,-1,4,E01019499,0,-1
2021052102573,2021,052102573,2,1,0,18,19,8,4,0,0,0,0,0,0,0,4,1,6,6,2,7,2,-1,-1,-1,-1,1,E01033747,0,-1
2021991074847,2021,991074847,1,9,0,18,19,4,8,0,0,0,0,0,0,0,1,1,1,1,1,43,7,-1,-1,-1,-1,-1,-1,0,-1
2021430474192,2021,430474192,2,1,0,18,19,5,1,0,0,8,0,0,0,0,0,1,6,6,1,16,4,-1,-1,-1,-1,2,E01028513,0,-1
2021010349983,2021,010349983,1,1,0,18,19,1,5,0,0,1,0,0,0,0,1,1,6,6,1,20,4,-1,-1,-1,-1,-1,-1,0,-1
2021610017521,2021,610017521,2,9,0,18,19,6,2,0,0,0,0,0,1,0,1,1,6,6,1,31,6,-1,-1,-1,-1,-1,-1,0,-1
2021302101842,2021,302101842,2,1,0,18,19,5,2,0,0,0,0,0,0,0,1,1,2,2,1,62,9,-1,-1,-1,-1,2,E01019580,0,-1
2021161014857,2021,161014857,2,1,0,18,19,5,1,0,0,8,0,0,0,0,1,1,6,6,1,50,8,-1,-1,-1,-1,1,E01012878,0,-1
2021041083384,2021,041083384,1,1,0,18,19,3,7,0,0,1,0,0,0,0,1,1,2,2,1,26,6,-1,-1,-1,-1,2,E01025274,0,-1
2021010341877,2021,010341877,1,1,9,99,99,9,9,99,99,9,9,99,9,99,9,1,2,2,1,32,6,-1,-1,-1,-1,3,E01004709,0,-1
2021991070919,2021,991070919,2,1,0,3,3,8,4,0,0,1,0,0,0,0,2,1,6,6,2,26,6,-1,-1,-1,-1,8,-1,0,-1
2021131103218,2021,131103218,2,1,0,18,19,1,5,0,0,1,1,0,0,0,4,1,2,2,1,21,5,-1,-1,-1,-1,5,E01011921,0,-1
2021010345224,2021,010345224,1,9,0,9,9,1,6,9,9,8,0,0,0,0,4,1,6,6,2,35,6,-1,-1,-1,-1,3,E01003280,0,-1
2021010343710,2021,010343710,2,1,9,99,99,9,9,99,99,9,9,99,9,99,9,1,6,6,1,-1,-1,-1,-1,-1,-1,-1,-1,0,-1
2021371046021,2021,371046021,3,21,1,3,3,3,7,0,0,1,0,0,0,0,4,1,1,1,1,50,8,-1,-1,-1,-1,-1,-1,0,-1
202134WNC5211,2021,34WNC5211,1,97,0,18,19,3,7,0,0,0,0,0,0,0,4,1,6,6,3,-1,-1,-1,-1,-1,-1,-1,-1,0,-1
2021320218732,2021,320218732,1,21,0,18,19,2,6,0,0,0,0,0,0,0,0,1,6,6,1,40,7,-1,-1,-1,-1,-1,-1,0,-1
2021010340192,2021,010340192,2,1,0,18,19,7,3,0,0,1,0,0,0,0,1,1,2,2,2,31,6,-1,-1,-1,-1,5,E01004275,0,-1
2021501176801,2021,501176801,1,9,0,2,2,5,1,6,6,0,0,0,0,0,4,1,5,6,2,32,6,-1,-1,-1,-1,5,E01033289,0,-1
2021610006421,2021,610006421,2,9,0,18,19,1,5,0,0,0,0,0,0,0,1,1,2,2,2,52,8,-1,-1,-1,-1,-1,-1,0,-1
2021010327151,2021,010327151,2,9,0,99,99,9,9,0,0,8,0,0,0,0,1,9,6,6,3,-1,-1,-1,-1,-1,-1,-1,-1,0,-1
2021540602521,2021,540602521,3,9,0,10,10,1,6,0,0,5,0,0,0,0,2,1,6,6,1,62,9,-1,-1,-1,-1,8,E01032121,0,-1
2021440431107,2021,440431107,1,1,0,18,19,2,6,0,0,8,0,0,0,0,4,1,6,6,2,21,5,-1,-1,-1,-1,1,E01022905,0,-1
2021010314653,2021,010314653,1,-1,0,18,19,5,1,0,0,0,0,4,0,0,1,1,6,6,1,46,8,-1,-1,-1,-1,6,E01033487,1,-1
2021610044821,2021,610044821,1,9,0,18,19,3,7,0,0,0,0,0,0,0,1,1,2,2,2,48,8,-1,-1,-1,-1,-1,-1,0,-1
2021991096514,2021,991096514,1,1,0,18,19,5,1,0,0,2,0,0,0,0,1,1,1,1,1,30,6,-1,-1,-1,-1,8,-1,0,-1
2021430533438,2021,430533438,2,98,0,9,9,2,7,0,0,5,0,0,0,0,1,1,6,6,1,-1,-1,-1,-1,-1,-1,-1,-1,0,-1
2021430577837,2021,430577837,1,9,0,2,2,0,0,0,0,0,0,0,0,0,0,1,1,1,1,-1,-1,-1,-1,-1,-1,-1,-1,0,-1
2021010298331,2021,010298331,2,1,0,18,19,5,1,4,4,8,0,0,0,0,1,1,6,6,1,37,7,-1,-1,-1,-1,2,E01003925,0,-1
2021531061359,2021,531061359,1,9,-1,16,19,6,1,0,0,0,1,0,0,0,0,1,6,6,3,-1,-1,-1,-1,-1,-1,-1,-1,0,-1
2021010338505,2021,010338505,1,1,0,4,4,7,3,0,0,1,0,0,0,0,1,1,6,6,1,-1,-1,-1,-1,-1,-1,-1,-1,0,-1
2021122101474,2021,122101474,2,9,0,18,19,5,1,0,0,0,0,0,0,0,1,1,6,6,1,65,9,-1,-1,-1,-1,8,E01027591,0,-1
2021010315098,2021,010315098,1,4,0,13,13,1,5,0,0,8,0,0,0,0,1,1,6,6,3,-1,-1,-1,-1,-1,-1,-1,-1,0,-1
2021010341116,2021,010341116,2,9,0,18,19,2,6,0,0,1,0,0,0,0,0,1,6,6,3,-1,-1,-1,-1,-1,-1,-1,-1,0,-1
202163C018521,2021,63C018521,2,9,0,4,4,7,3,0,0,0,0,0,0,0,2,1,6,6,2,61,9,-1,-1,-1,-1,6,W01000614,0,-1
2021332100068,2021,332100068,2,3,0,13,13,8,4,0,0,8,0,0,7,11,1,1,6,6,1,23,5,-1,-1,-1,-1,7,E01033102,0,-1
2021070659269,2021,070659269,2,1,0,9,9,3,7,0,0,1,0,0,0,0,2,1,1,1,2,27,6,-1,-1,-1,-1,2,E01012413,0,-1
2021010322744,2021,010322744,2,1,0,18,19,7,3,0,0,8,5,0,0,0,3,1,6,6,1,33,6,-1,-1,-1,-1,4,E01003317,0,-1
2021010313366,2021,010313366,1,1,9,99,99,9,9,99,99,0,9,99,9,99,1,1,6,6,2,29,6,-1,-1,-1,-1,1,E01003963,0,-1
202160Z166082,2021,60Z166082,1,9,0,16,19,8,3,0,0,0,0,0,7,4,3,1,2,2,1,29,6,-1,-1,-1,-1,-1,-1,0,-1
2021451018166,2021,451018166,1,1,0,18,19,3,7,0,0,2,0,0,0,0,0,1,6,6,1,43,7,-1,-1,-1,-1,4,E01030702,0,-1
2021070079889,2021,070079889,2,1,0,5,5,2,1,9,9,3,0,10,1,0,0,1,6,6,1,13,3,-1,-1,-1,-1,9,E01018669,0,-1
2021320530574,2021,320530574,2,1,0,18,19,2,6,0,0,1,0,0,0,0,3,1,6,6,1,63,9,-1,-1,-1,-1,3,E01026142,0,-1
2021401101164,2021,401101164,2,1,0,18,19,3,7,0,0,0,0,0,0,0,1,1,5,6,1,11,3,-1,-1,-1,-1,2,E01017531,0,-1
2021522101785,2021,522101785,2,9,0,18,19,6,1,0,0,0,0,0,0,0,1,1,6,6,1,24,5,-1,-1,-1,-1,6,E01014923,0,-1
2021010341902,2021,010341902,1,9,0,8,8,6,7,0,0,1,0,0,0,0,1,1,2,2,1,44,7,-1,-1,-1,-1,8,E01000447,0,-1
2021010332626,2021,010332626,2,1,0,18,19,3,7,0,0,1,0,0,0,0,1,1,6,6,1,21,5,-1,-1,-1,-1,5,E01002410,0,-1
2021522200826,2021,522200826,2,1,0,15,15,1,5,4,4,1,0,0,0,0,1,1,6,6,2,21,5,-1,-1,-1,-1,-1,-1,0,-1
2021010300836,2021,010300836,2,1,9,99,99,9,9,99,99,9,9,99,9,99,1,1,6,6,2,-1,-1,-1,-1,-1,-1,4,E01001624,0,-1
202160Z147230,2021,60Z147230,1,98,0,4,4,5,1,0,0,1,1,0,0,0,1,1,6,6,1,22,5,-1,-1,-1,-1,-1,-1,0,-1
2021522201344,2021,522201344,1,9,0,2,2,0,0,0,0,0,0,0,0,0,2,1,6,6,1,80,11,-1,-1,-1,-1,10,E01014911,0,-1
2021010302362,2021,010302362,1,1,9,99,99,9,9,99,99,9,9,99,9,99,1,1,6,6,2,17,4,-1,-1,-1,-1,3,E01001762,0,-1
2021010325483,2021,010325483,2,1,0,18,19,3,7,0,0,2,5,0,0,0,1,1,6,6,2,70,10,-1,-1,-1,-1,5,E01000488,0,-1
2021501037754,2021,501037754,2,1,0,13,13,8,4,0,0,1,0,0,0,0,1,1,5,6,1,48,8,-1,-1,-1,-1,9,E01015118,0,-1
2021332101065,2021,332101065,2,9,0,18,19,6,2,0,0,0,1,0,0,0,1,1,6,6,1,18,4,-1,-1,-1,-1,3,E01013777,0,-1
2021052101634,2021,052101634,1,9,0,18,19,1,5,0,0,1,0,0,0,0,1,1,6,6,3,-1,-1,-1,-1,-1,-1,-1,-1,0,-1
2021010314955,2021,010314955,2,8,0,99,99,9,9,99,99,9,9,99,9,99,9,9,6,6,3,-1,-1,-1,-1,-1,-1,-1,-1,0,-1
2021052101099,2021,052101099,1,1,0,12,12,4,8,0,0,1,0,0,0,0,2,1,6,6,1,31,6,-1,-1,-1,-1,2,E01006713,0,-1
202131C127821,2021,31C127821,1,1,0,18,19,8,4,0,0,8,0,0,0,0,1,1,2,2,1,51,8,-1,-1,-1,-1,1,E01013841,0,-1
2021052102237,2021,052102237,1,9,0,7,7,7,1,0,0,5,0,0,0,0,3,1,6,6,3,-1,-1,-1,-1,-1,-1,-1,-1,0,-1
202160Z159500,2021,60Z159500,4,9,0,18,19,3,7,0,0,0,0,0,0,0,0,1,6,6,1,34,6,-1,-1,-1,-1,-1,-1,0,-1
2021010314077,2021,010314077,1,1,9,99,99,9,9,99,99,0,9,99,9,99,9,1,6,6,1,34,6,-1,-1,-1,-1,4,E01004027,0,-1
2021201149074,2021,201149074,1,9,0,3,3,1,5,0,0,1,0,0,0,0,1,1,6,6,1,-1,-1,-1,-1,-1,-1,-1,-1,0,-1
2021010347862,2021,010347862,2,1,0,18,19,1,5,0,0,8,0,0,0,0,4,1,1,1,2,18,4,-1,-1,-1,-1,5,E01003040,0,-1
2021549832821,2021,549832821,3,21,1,18,19,1,5,0,0,0,0,0,0,0,0,1,6,6,3,-1,-1,-1,-1,-1,-1,-1,-1,0,-1
2021161116410,2021,161116410,2,9,0,5,5,6,7,0,0,3,0,0,0,0,1,1,6,6,2,-1,-1,-1,-1,-1,-1,-1,-1,0,-1
2021010300164,2021,010300164,1,1,0,18,19,7,3,0,0,8,1,0,0,0,1,1,6,6,1,25,5,-1,-1,-1,-1,2,E01003970,0,-1
2021010304942,2021,010304942,3,1,9,99,99,9,9,99,99,0,9,99,9,99,1,1,6,6,1,-1,-1,-1,-1,-1,-1,3,E01003544,0,-1
2021010301094,2021,010301094,2,1,0,9,9,3,8,0,0,3,0,0,0,0,2,1,6,6,1,34,6,-1,-1,-1,-1,7,E01002328,0,-1
2021010343272,2021,010343272,2,1,0,18,19,7,3,0,0,0,0,0,0,0,1,1,6,6,1,46,8,-1,-1,-1,-1,6,E01001245,0,-1
2021481114468,2021,481114468,2,1,0,18,19,3,1,0,0,8,0,0,0,0,4,1,2,2,1,42,7,-1,-1,-1,-1,5,E01001782,0,-1
2021010300092,2021,010300092,2,1,9,99,99,9,9,99,99,9,9,99,9,99,1,1,6,6,3,-1,-1,-1,-1,-1,-1,2,E01004207,0,-1
2021161084424,2021,161084424,2,1,0,18,19,6,2,0,0,2,0,0,0,0,1,1,6,6,2,13,3,-1,-1,-1,-1,1,E01012847,0,-1
2021010296700,2021,010296700,2,1,0,18,19,6,2,0,0,1,5,0,0,0,0,1,6,6,1,45,7,-1,-1,-1,-1,6,E01001662,0,-1
2021520106275,2021,520106275,2,9,0,11,11,7,3,0,0,8,0,0,0,0,4,1,6,6,3,50,8,-1,-1,-1,-1,-1,-1,0,-1
2021131035682,2021,131035682,4,9,0,18,19,8,4,0,0,1,0,0,0,0,-1,1,6,6,3,30,6,-1,-1,-1,-1,-1,-1,0,-1
2021201023386,2021,201023386,1,9,0,18,19,2,6,0,0,4,0,0,0,0,0,1,6,6,1,90,11,-1,-1,-1,-1,6,E01010132,0,-1
2021052100180,2021,052100180,1,4,0,18,19,5,1,0,0,0,1,0,0,0,0,1,6,6,1,17,4,-1,-1,-1,-1,1,E01006417,0,-1
2021221060893,2021,221060893,1,9,0,18,19,7,3,0,0,1,0,0,0,0,1,1,6,6,3,33,6,-1,-1,-1,-1,-1,-1,0,-1
2021010338646,2021,010338646,2,1,0,12,12,1,5,0,0,0,0,0,0,0,0,1,2,2,1,47,8,-1,-1,-1,-1,1,E01000798,0,-1
2021061135093,2021,061135093,1,1,0,3,3,2,6,0,0,8,0,0,0,0,1,1,5,6,1,40,7,-1,-1,-1,-1,1,E01005370,0,-1
2021052100407,2021,052100407,2,1,0,18,19,8,4,0,0,8,0,0,0,0,1,1,6,6,1,20,4,-1,-1,-1,-1,1,E01006761,0,-1
2021361129455,2021,361129455,1,1,0,18,19,8,5,0,0,0,0,0,0,0,-1,1,2,2,1,18,4,-1,-1,-1,-1,4,E01026610,0,-1
2021122101084,2021,122101084,1,1,0,18,19,1,5,0,0,0,0,0,0,0,1,1,6,6,2,50,8,-1,-1,-1,-1,9,E01011381,0,-1
2021320572754,2021,320572754,1,1,0,18,19,6,2,9,9,0,0,0,0,0,1,1,6,6,1,40,7,-1,-1,-1,-1,8,E01026212,0,-1
2021440219602,2021,440219602,2,1,0,7,7,1,4,0,0,8,0,0,0,0,3,1,6,6,2,50,8,-1,-1,-1,-1,4,E01017124,0,-1
2021010305807,2021,010305807,2,1,0,18,19,2,6,0,0,1,0,0,0,0,3,1,6,6,2,21,5,-1,-1,-1,-1,9,E01003868,0,-1
202131D099021,2021,31D099021,1,9,0,16,19,4,8,0,0,3,1,0,0,0,4,1,6,6,1,39,7,-1,-1,-1,-1,6,E01025912,0,-1
2021332100415,2021,332100415,2,9,0,18,19,3,7,0,0,0,5,0,1,4,1,1,6,6,1,34,6,-1,-1,-1,-1,7,E01033386,0,-1
2021061094059,2021,061094059,3,19,0,4,4,2,6,0,0,0,0,0,0,0,1,1,6,6,1,30,6,-1,-1,-1,-1,-1,-1,0,-1
2021201066895,2021,201066895,1,9,0,18,19,4,8,0,0,8,0,0,0,0,1,1,6,6,3,-1,-1,-1,-1,-1,-1,-1,-1,0,-1
2021461023682,2021,461023682,1,98,0,18,19,3,7,0,0,3,0,0,0,0,3,1,6,6,3,-1,-1,-1,-1,-1,-1,-1,-1,0,-1
2021131074818,2021,131074818,1,9,0,-1,-1,-1,-1,-1,-1,0,-1,-1,-1,-1,-1,1,6,6,3,-1,-1,-1,-1,-1,-1,-1,-1,0,-1
2021170S21221,2021,170S21221,3,11,0,18,19,4,8,0,0,0,0,0,0,0,0,1,1,1,3,-1,-1,-1,-1,-1,-1,-1,-1,0,-1
2021122200074,2021,122200074,4,9,0,4,4,3,7,0,0,1,0,0,0,0,1,1,6,6,1,55,8,-1,-1,-1,-1,6,E01012982,0,-1
2021010314373,2021,010314373,1,1,9,99,99,9,9,99,99,9,9,99,9,99,9,1,6,6,2,38,7,-1,-1,-1,-1,2,E01003086,0,-1
2021332100304,2021,332100304,1,9,0,5,5,7,3,0,0,0,0,0,0,0,1,1,2,2,2,52,8,-1,-1,-1,-1,9,E01025947,0,-1
2021101120202,2021,101120202,2,9,0,18,19,3,7,0,0,8,0,0,0,0,2,1,6,6,1,35,6,-1,-1,-1,-1,-1,-1,0,-1
2021991071952,2021,991071952,2,1,0,5,5,6,2,0,0,1,0,0,0,0,4,1,5,6,1,44,7,-1,-1,-1,-1,9,-1,0,-1
2021221025102,2021,221025102,1,9,0,16,19,8,4,0,0,0,0,0,0,0,1,1,6,6,2,34,6,-1,-1,-1,-1,-1,-1,0,-1
202131B000521,2021,31B000521,2,9,0,18,19,1,5,0,0,0,0,0,0,0,1,1,1,1,1,40,7,-1,-1,-1,-1,7,E01028411,0,-1
2021610040321,2021,610040321,1,9,0,18,19,-1,-1,0,0,1,0,0,0,0,1,1,6,6,1,36,7,-1,-1,-1,-1,-1,-1,0,-1
2021451103692,2021,451103692,2,1,0,18,19,1,3,0,0,1,0,0,0,0,3,1,6,6,1,44,7,-1,-1,-1,-1,8,E01003895,0,-1
2021010312139,2021,010312139,2,1,0,18,19,3,7,0,0,1,0,0,0,0,1,1,6,6,1,40,7,-1,-1,-1,-1,7,E01003283,0,-1
2021010298084,2021,010298084,1,90,0,99,99,9,9,0,0,9,0,0,0,0,9,1,6,6,1,24,5,-1,-1,-1,-1,2,E01001827,0,-1
2021070892002,2021,070892002,1,19,0,5,5,6,3,0,0,4,0,0,0,0,1,1,6,6,1,72,10,-1,-1,-1,-1,10,E01018518,0,-1
2021010334305,2021,010334305,2,1,0,18,19,7,3,0,0,8,0,0,0,0,4,1,6,6,2,25,5,-1,-1,-1,-1,6,E01002295,0,-1
2021201043613,2021,201043613,1,98,0,18,19,1,5,0,0,0,0,0,0,0,1,1,1,1,1,52,8,-1,-1,-1,-1,-1,-1,0,-1
2021991034311,2021,991034311,1,1,0,18,19,7,3,0,0,0,0,0,0,0,1,1,6,6,1,62,9,-1,-1,-1,-1,1,-1,0,-1
202131D012421,2021,31D012421,2,1,0,9,9,3,1,0,0,5,0,0,0,0,2,1,6,6,1,15,3,-1,-1,-1,-1,7,E01028387,0,-1
2021141109523,2021,141109523,1,9,0,8,8,7,3,0,0,1,0,0,0,0,4,2,5,6,2,41,7,-1,-1,-1,-1,6,E01008129,0,-1
2021520104345,2021,520104345,2,9,0,2,2,0,0,0,0,0,0,0,0,0,2,1,6,6,1,35,6,-1,-1,-1,-1,6,E01014708,0,-1
2021201145556,2021,201145556,2,9,0,18,19,1,5,0,0,8,0,0,0,0,1,1,6,6,2,30,6,-1,-1,-1,-1,1,E01010062,0,-1
2021010299695,2021,010299695,1,1,9,99,99,9,9,99,99,9,9,99,9,99,9,1,6,6,1,38,7,-1,-1,-1,-1,3,E01001701,0,-1
2021991013071,2021,991013071,1,90,0,5,5,8,3,0,0,0,0,0,0,0,1,1,6,6,3,30,6,-1,-1,-1,-1,-1,-1,0,-1
2021610030321,2021,610030321,1,8,0,5,5,2,4,0,0,1,0,0,0,0,1,1,1,1,3,-1,-1,-1,-1,-1,-1,-1,-1,0,-1
2021010331341,2021,010331341,1,1,9,18,19,1,5,4,4,9,9,99,9,99,9,1,6,6,2,-1,-1,-1,-1,-1,-1,-1,-1,0,-1
2021010349651,2021,010349651,1,1,9,99,99,9,9,99,99,9,9,99,9,99,1,1,2,2,1,27,6,-1,-1,-1,-1,1,E01004206,0,-1
2021421113618,2021,421113618,1,9,0,1,1,5,1,0,0,0,0,0,0,0,2,1,6,6,1,56,9,-1,-1,-1,-1,7,E01022088,0,-1
2021070066800,2021,070066800,1,9,0,18,19,2,5,0,0,4,0,0,0,0,1,1,6,6,2,-1,-1,-1,-1,-1,-1,-1,-1,0,-1
202163A034821,2021,63A034821,2,9,0,18,19,7,2,0,0,8,0,0,0,0,4,1,6,6,1,59,9,-1,-1,-1,-1,-1,-1,0,-1
2021052100510,2021,052100510,2,1,0,5,5,5,4,0,0,6,0,0,0,0,3,1,6,6,1,50,8,-1,-1,-1,-1,4,E01007040,0,-1
202163D014021,2021,63D014021,2,9,0,18,19,6,2,0,0,8,0,0,0,0,1,1,6,6,2,24,5,-1,-1,-1,-1,7,W01000475,0,-1
2021070028609,2021,070028609,2,1,0,18,19,5,1,0,0,0,0,0,0,0,4,1,6,6,1,46,8,-1,-1,-1,-1,3,E01012505,0,-1
202160Z121677,2021,60Z121677,1,9,0,18,19,8,4,0,0,0,0,4,0,0,1,1,2,2,1,62,9,-1,-1,-1,-1,-1,-1,0,-1
2021622100987,2021,622100987,1,9,0,9,9,6,4,0,0,6,0,0,0,0,1,1,6,6,1,79,11,-1,-1,-1,-1,10,W01001090,0,-1
202106N079694,2021,06N079694,1,9,0,18,19,7,3,0,0,0,1,0,0,0,1,1,2,2,1,23,5,-1,-1,-1,-1,9,E01005022,0,-1
2021201064589,2021,201064589,2,1,0,18,19,8,4,0,0,2,0,0,0,0,1,1,6,6,1,18,4,-1,-1,-1,-1,1,E01009390,0,-1
2021332100679,2021,332100679,1,9,0,18,19,1,5,0,0,8,5,0,0,0,1,1,6,6,1,30,6,-1,-1,-1,-1,1,E01013602,0,-1
2021461118166,2021,461118166,1,9,0,18,19,1,5,0,0,0,0,0,0,0,4,1,1,1,3,-1,-1,-1,-1,-1,-1,-1,-1,0,-1
2021430254954,2021,430254954,2,1,0,18,19,5,1,0,0,1,0,0,0,0,1,1,6,6,1,6,2,-1,-1,-1,-1,5,E01017907,0,-1
2021161038193,2021,161038193,1,3,0,7,7,8,2,0,0,5,0,0,0,0,1,1,6,6,1,25,5,-1,-1,-1,-1,2,E01013331,0,-1
2021010325378,2021,010325378,2,9,0,9,9,5,3,0,0,1,0,0,0,0,1,1,6,6,1,36,7,-1,-1,-1,-1,3,E01000257,0,-1
2021141044470,2021,141044470,1,1,0,3,3,8,2,0,0,0,0,0,0,0,2,1,6,6,2,63,9,-1,-1,-1,-1,10,E01007861,0,-1
2021010308384,2021,010308384,1,1,9,99,99,9,9,99,99,9,9,99,9,99,9,1,6,6,1,59,9,-1,-1,-1,-1,5,E01004076,0,-1
2021211099424,2021,211099424,1,9,0,18,19,8,4,0,0,0,0,0,0,0,1,1,6,6,3,-1,-1,-1,-1,-1,-1,-1,-1,0,-1
2021010312479,2021,010312479,1,1,9,99,99,9,9,99,99,9,9,99,9,99,9,1,2,2,1,20,4,-1,-1,-1,-1,1,E01002092,0,-1
2021010315928,2021,010315928,2,1,0,18,19,5,1,0,0,1,0,0,0,0,3,1,2,2,1,33,6,-1,-1,-1,-1,4,E01001183,0,-1
2021991115595,2021,991115595,1,9,0,9,9,6,2,0,0,0,0,6,1,0,4,1,1,1,1,29,6,-1,-1,-1,-1,7,-1,0,-1
2021430506403,2021,430506403,2,9,0,18,19,5,1,0,0,4,0,0,0,0,2,1,6,6,1,-1,-1,-1,-1,-1,-1,-1,-1,0,-1
2021010344372,2021,010344372,2,-1,0,18,19,3,7,0,0,8,0,0,0,0,1,1,2,2,1,32,6,-1,-1,-1,-1,5,E01002232,1,-1
2021010289582,2021,010289582,1,1,0,18,19,1,5,0,0,0,5,4,0,0,1,1,6,6,1,19,4,-1,-1,-1,-1,1,E01004245,0,-1
2021052101718,2021,052101718,1,1,0,18,19,5,1,0,0,0,0,0,0,0,1,1,2,2,1,18,4,-1,-1,-1,-1,2,E01006907,0,-1
2021471083573,2021,471083573,1,19,-1,5,5,5,1,0,0,1,0,0,0,0,4,1,6,6,1,-1,-1,-1,-1,-1,-1,-1,-1,0,-1
2021421078329,2021,421078329,1,9,0,4,4,4,8,0,0,1,0,0,0,0,1,1,6,6,1,-1,-1,-1,-1,-1,-1,-1,-1,0,-1
202131A112021,2021,31A112021,1,9,0,18,19,1,5,0,0,1,0,0,0,0,4,1,6,6,3,-1,-1,-1,-1,-1,-1,-1,-1,0,-1
2021010310961,2021,010310961,2,1,0,12,12,2,6,0,0,4,0,0,0,0,1,1,2,2,2,25,5,-1,-1,-1,-1,2,E01004251,0,-1
2021371101574,2021,371101574,2,1,0,17,19,6,4,0,0,8,5,0,0,0,1,1,5,6,2,66,10,-1,-1,-1,-1,10,E01029963,0,-1
2021522200884,2021,522200884,2,1,0,18,19,8,4,0,0,0,0,0,0,0,1,1,6,6,1,21,5,-1,-1,-1,-1,8,E01014544,0,-1
2021101112422,2021,101112422,1,19,0,18,19,1,5,0,0,0,0,0,0,0,1,1,6,6,3,-1,-1,-1,-1,-1,-1,-1,-1,0,-1
2021302100933,2021,302100933,1,9,0,9,9,8,6,0,0,8,0,0,0,0,4,1,2,2,1,22,5,-1,-1,-1,-1,10,E01019855,0,-1
2021471062485,2021,471062485,1,9,0,7,7,6,8,0,0,4,0,0,0,0,0,1,6,6,2,-1,-1,-1,-1,-1,-1,-1,-1,0,-1
2021201064581,2021,201064581,1,9,0,18,19,8,4,0,0,1,0,0,0,0,1,1,6,6,1,-1,-1,-1,-1,-1,-1,-1,-1,0,-1
202160Z076411,2021,60Z076411,2,1,0,18,19,2,6,0,0,1,0,0,0,0,1,1,6,6,1,11,3,-1,-1,-1,-1,-1,-1,0,-1
2021010322098,2021,010322098,1,1,9,99,99,9,9,99,99,0,9,99,9,99,9,1,6,6,1,36,7,-1,-1,-1,-1,10,E01030321,0,-1
2021430200775,2021,430200775,1,5,0,18,19,3,7,0,0,1,0,0,4,1,1,1,6,6,1,47,8,-1,-1,-1,-1,9,E01031136,0,-1
2021161013508,2021,161013508,1,9,0,9,9,2,8,0,0,0,0,0,0,0,1,1,2,2,1,50,8,-1,-1,-1,-1,8,E01012984,0,-1
2021361034761,2021,361034761,2,1,0,18,19,4,8,0,0,0,0,0,0,0,0,1,3,7,2,43,7,-1,-1,-1,-1,9,E01026509,0,-1
2021522104683,2021,522104683,1,9,0,18,19,7,3,0,0,0,0,0,0,0,1,1,6,6,1,48,8,-1,-1,-1,-1,9,E01014851,0,-1
2021610058421,2021,610058421,2,9,0,18,19,5,1,0,0,0,0,0,0,0,1,1,6,6,1,24,5,-1,-1,-1,-1,-1,-1,0,-1
2021332100963,2021,332100963,1,9,0,13,13,5,1,0,0,0,1,0,7,0,1,1,2,2,1,41,7,-1,-1,-1,-1,8,E01025958,0,-1
2021010296114,2021,010296114,2,1,0,18,19,3,7,0,0,1,0,0,0,0,1,1,2,2,1,32,6,-1,-1,-1,-1,9,E01000879,0,-1
2021351111017,2021,351111017,2,9,0,4,4,8,4,0,0,0,0,0,0,0,2,1,6,6,1,36,7,-1,-1,-1,-1,3,E01026046,0,-1
2021991050590,2021,991050590,1,19,0,18,19,5,1,0,0,0,0,0,0,0,3,1,1,1,1,48,8,-1,-1,-1,-1,10,-1,0,-1
2021991153356,2021,991153356,2,9,0,9,9,4,1,0,0,8,0,0,0,0,0,1,6,6,1,40,7,-1,-1,-1,-1,-1,-1,0,-1
2021201141757,2021,201141757,1,9,0,16,19,8,2,0,0,8,0,0,0,0,1,1,6,6,3,-1,-1,-1,-1,-1,-1,-1,-1,0,-1
2021320505276,2021,320505276,2,1,0,18,19,5,2,0,0,8,5,0,0,0,1,1,1,1,1,18,4,-1,-1,-1,-1,-1,-1,0,-1
202160Z183915,2021,60Z183915,1,9,0,18,19,8,4,0,0,1,0,0,0,0,1,1,6,6,1,72,10,-1,-1,-1,-1,-1,-1,0,-1
2021010348742,2021,010348742,1,9,0,99,99,9,9,99,99,0,9,99,9,99,9,9,6,6,3,-1,-1,-1,-1,-1,-1,-1,-1,0,-1