collision_index,collision_year,collision_ref_no,vehicle_reference,vehicle_type,towing_and_articulation,vehicle_manoeuvre_historic,vehicle_manoeuvre,vehicle_direction_from,vehicle_direction_to,vehicle_location_restricted_lane_historic,vehicle_location_restricted_lane,junction_location,skidding_and_overturning,hit_object_in_carriageway,vehicle_leaving_carriageway,hit_object_off_carriageway,first_point_of_impact,vehicle_left_hand_drive,journey_purpose_of_driver_historic,journey_purpose_of_driver,sex_of_driver,age_of_driver,age_band_of_driver,engine_capacity_cc,propulsion_code,age_of_vehicle,generic_make_model,driver_imd_decile,lsoa_of_driver,escooter_flag,driver_distance_banding
2021010312464,2021,010312464,1,3,0,99,99,9,9,99,99,9,9,99,9,99,1,1,6,6,1,20,4,-1,-1,-1,-1,3,E01002701,0,-1
2021411118723,2021,411118723,1,-1,0,18,19,7,3,0,0,8,0,0,0,0,4,1,5,6,2,47,8,-1,-1,-1,-1,3,E01023920,1,-1
202134WNC2851,2021,34WNC2851,2,1,0,18,19,3,7,0,0,8,0,0,0,0,1,1,2,2,1,54,8,-1,-1,-1,-1,8,E01027181,0,-1
2021451120252,2021,451120252,2,1,0,18,19,1,5,0,0,8,0,0,0,0,4,1,5,6,1,44,7,-1,-1,-1,-1,10,E01030407,0,-1
2021010294718,2021,010294718,2,1,9,99,99,9,9,99,99,9,9,99,9,99,9,1,6,6,1,-1,-1,-1,-1,-1,-1,-1,-1,0,-1
2021010288456,2021,010288456,2,-1,0,18,19,1,5,0,0,6,0,0,0,0,3,1,6,6,1,20,4,-1,-1,-1,-1,2,E01004289,1,-1
2021061064811,2021,061064811,1,9,0,18,19,4,8,0,0,8,0,0,0,0,2,1,6,6,3,30,6,-1,-1,-1,-1,-1,-1,0,-1
2021201136550,2021,201136550,2,1,0,18,19,7,3,9,9,8,0,0,0,0,1,1,6,6,1,27,6,-1,-1,-1,-1,2,E01010059,0,-1
2021622100370,2021,622100370,2,1,0,18,19,3,7,0,0,0,0,0,0,0,4,1,6,6,1,39,7,-1,-1,-1,-1,9,W01000768,0,-1
2021302101659,2021,302101659,2,11,0,2,2,0,0,0,0,2,0,0,0,0,0,1,1,1,3,-1,-1,-1,-1,-1,-1,5,E01019456,0,-1
2021070252661,2021,070252661,1,9,0,10,10,2,4,0,0,2,0,0,0,0,1,1,6,6,3,-1,-1,-1,-1,-1,-1,-1,-1,0,-1
2021122100878,2021,122100878,1,98,1,9,9,5,3,0,0,8,0,0,0,0,3,2,1,1,1,45,7,-1,-1,-1,-1,-1,-1,0,-1
2021170H10561,2021,170H10561,1,9,0,10,10,0,0,0,0,8,0,0,0,0,1,1,6,6,1,27,6,-1,-1,-1,-1,-1,-1,0,-1
2021010348579,2021,010348579,1,19,0,18,19,1,5,0,0,1,0,0,0,0,1,1,1,1,2,48,8,-1,-1,-1,-1,2,E01032564,0,-1
2021421076391,2021,421076391,1,90,0,18,19,3,7,0,0,6,0,0,0,0,1,1,5,6,1,87,11,-1,-1,-1,-1,6,E01021404,0,-1
2021461173125,2021,461173125,1,9,0,18,19,5,1,0,0,2,5,4,0,0,1,1,6,6,2,22,5,-1,-1,-1,-1,7,E01024288,0,-1
2021010312491,2021,010312491,1,1,9,99,99,9,9,99,99,9,9,99,9,99,9,1,2,2,3,32,6,-1,-1,-1,-1,10,E01003402,0,-1
2021552101069,2021,552101069,1,1,0,18,19,6,2,9,9,0,1,0,7,0,0,1,6,6,1,57,9,-1,-1,-1,-1,8,E01020416,0,-1
2021061137840,2021,061137840,2,1,0,18,19,2,6,0,0,8,0,0,0,0,1,1,6,6,1,30,6,-1,-1,-1,-1,1,E01005264,0,-1
2021131119451,2021,131119451,2,22,0,18,19,1,5,5,5,0,0,0,0,0,3,1,5,6,2,78,11,-1,-1,-1,-1,4,E01010884,0,-1
2021451105952,2021,451105952,2,9,0,15,15,5,1,0,0,0,0,0,1,0,1,1,6,6,3,61,9,-1,-1,-1,-1,-1,-1,0,-1
2021461059172,2021,461059172,2,1,0,18,19,1,5,0,0,0,0,0,0,0,4,1,6,6,1,44,7,-1,-1,-1,-1,5,E01024304,0,-1
2021461202124,2021,461202124,1,9,0,18,19,1,5,0,0,0,0,0,0,0,1,1,5,6,3,-1,-1,-1,-1,-1,-1,-1,-1,0,-1
2021141047955,2021,141047955,2,9,0,-1,-1,-1,-1,-1,-1,8,-1,-1,-1,0,-1,1,6,6,3,-1,-1,-1,-1,-1,-1,-1,-1,0,-1
2021411021498,2021,411021498,1,9,0,5,5,3,7,0,0,6,0,0,0,0,1,1,5,6,1,38,7,-1,-1,-1,-1,8,E01023639,0,-1
2021522102031,2021,522102031,1,1,0,18,19,3,7,0,0,8,0,0,0,0,3,1,6,6,2,35,6,-1,-1,-1,-1,4,E01014488,0,-1
2021471097082,2021,471097082,1,9,0,5,5,5,2,0,0,1,0,0,0,0,0,1,1,1,1,51,8,-1,-1,-1,-1,3,E01031350,0,-1
2021522101293,2021,522101293,1,1,0,9,9,3,1,0,0,8,0,0,0,0,3,1,6,6,1,37,7,-1,-1,-1,-1,6,E01014769,0,-1
2021061100489,2021,061100489,2,90,0,5,5,7,3,0,0,0,0,0,0,0,3,1,4,7,2,18,4,-1,-1,-1,-1,3,E01032919,0,-1
2021211063903,2021,211063903,1,9,0,17,19,3,7,0,0,0,1,0,0,0,1,1,5,6,1,28,6,-1,-1,-1,-1,4,E01029373,0,-1
2021421068273,2021,421068273,2,1,0,18,19,1,5,0,0,0,0,0,0,0,3,1,5,6,1,61,9,-1,-1,-1,-1,10,E01022085,0,-1
2021332100436,2021,332100436,2,98,0,18,19,5,1,0,0,0,0,0,0,0,3,1,1,1,1,60,9,-1,-1,-1,-1,4,E01027960,0,-1
2021332100994,2021,332100994,2,8,0,9,9,5,3,0,0,6,0,0,0,0,1,1,3,7,1,35,6,-1,-1,-1,-1,3,E01013626,0,-1
2021211100299,2021,211100299,2,9,0,18,19,5,1,0,0,0,0,0,0,0,4,1,6,6,2,51,8,-1,-1,-1,-1,8,E01022093,0,-1
2021070544800,2021,070544800,1,9,0,9,9,3,7,0,0,1,0,0,0,0,1,1,6,6,1,-1,-1,-1,-1,-1,-1,-1,-1,0,-1
202163A074921,2021,63A074921,2,9,0,18,19,5,1,0,0,0,0,0,0,0,1,1,6,6,2,-1,-1,-1,-1,-1,-1,5,W01000531,0,-1
2021411044346,2021,411044346,1,-1,0,11,11,4,8,0,0,0,0,0,0,0,0,1,6,6,3,-1,-1,-1,-1,-1,-1,-1,-1,0,-1
2021010345046,2021,010345046,1,1,9,99,99,9,9,99,99,9,9,99,9,99,1,1,6,6,1,69,10,-1,-1,-1,-1,4,E01033081,0,-1
202131A066521,2021,31A066521,1,1,0,18,19,2,6,0,0,0,0,0,1,2,3,1,6,6,1,30,6,-1,-1,-1,-1,5,E01027975,0,-1
2021421095703,2021,421095703,1,9,0,7,7,5,3,0,0,6,0,0,0,0,2,1,6,6,2,24,5,-1,-1,-1,-1,4,E01015831,0,-1
2021302100234,2021,302100234,2,19,0,12,12,6,2,0,0,4,0,0,0,0,3,1,6,6,3,-1,-1,-1,-1,-1,-1,5,E01019456,0,-1
2021010327018,2021,010327018,2,9,9,99,99,9,9,99,99,9,9,99,9,99,9,9,6,6,3,-1,-1,-1,-1,-1,-1,-1,-1,0,-1
2021201103457,2021,201103457,2,1,0,18,19,5,1,4,4,8,0,0,0,0,1,1,1,1,1,19,4,-1,-1,-1,-1,4,E01008982,0,-1
202160Z074273,2021,60Z074273,1,9,0,9,9,1,6,0,0,6,0,0,0,0,3,1,3,7,1,44,7,-1,-1,-1,-1,-1,-1,0,-1
2021221022079,2021,221022079,1,-1,0,18,19,8,4,0,0,0,0,0,0,0,1,1,5,6,1,29,6,-1,-1,-1,-1,2,E01032262,1,-1
2021010329173,2021,010329173,1,9,0,99,99,9,9,99,99,9,9,99,9,99,2,9,6,6,1,54,8,-1,-1,-1,-1,7,E01015967,0,-1
2021010341985,2021,010341985,2,9,0,16,19,5,8,0,0,6,0,0,0,0,2,1,6,6,1,31,6,-1,-1,-1,-1,5,E01000824,0,-1
2021501039776,2021,501039776,2,9,0,2,2,0,0,0,0,0,0,0,0,0,1,1,6,6,2,34,6,-1,-1,-1,-1,9,E01019017,0,-1
2021070699953,2021,070699953,1,1,0,18,19,4,8,0,0,0,2,0,0,0,1,1,6,6,1,60,9,-1,-1,-1,-1,4,E01012428,0,-1
2021440402666,2021,440402666,1,19,0,9,9,1,7,0,0,1,0,0,0,0,1,1,6,6,1,62,9,-1,-1,-1,-1,5,E01017055,0,-1
2021101042293,2021,101042293,1,21,-1,-1,-1,8,4,0,0,0,0,0,0,0,3,1,6,6,3,18,4,-1,-1,-1,-1,-1,-1,0,-1
2021302100049,2021,302100049,2,1,0,18,19,2,8,0,0,2,0,0,0,0,1,1,6,6,1,32,6,-1,-1,-1,-1,4,E01013494,0,-1
2021430144385,2021,430144385,1,9,0,9,9,4,2,0,0,8,0,0,0,0,1,1,6,6,1,42,7,-1,-1,-1,-1,5,E01028538,0,-1
2021141096485,2021,141096485,2,9,0,-1,-1,-1,-1,-1,-1,-1,-1,-1,-1,0,-1,1,6,6,3,-1,-1,-1,-1,-1,-1,-1,-1,0,-1
2021201142023,2021,201142023,2,1,0,3,3,-1,-1,0,0,0,0,0,0,0,2,1,6,6,1,16,4,-1,-1,-1,-1,1,E01010316,0,-1
2021461025879,2021,461025879,1,90,0,15,15,2,6,0,0,0,0,0,0,0,3,1,6,6,3,-1,-1,-1,-1,-1,-1,-1,-1,0,-1
2021010309097,2021,010309097,2,9,0,99,99,9,9,99,99,9,9,99,9,99,2,9,6,6,3,-1,-1,-1,-1,-1,-1,-1,-1,0,-1
202163D096221,2021,63D096221,1,4,0,17,19,8,5,0,0,0,1,0,2,7,4,1,6,6,1,46,8,-1,-1,-1,-1,9,E01015471,0,-1
2021010337369,2021,010337369,1,2,0,18,19,1,5,0,0,2,0,0,0,0,1,1,1,1,1,32,6,-1,-1,-1,-1,3,E01024218,0,-1
2021302101355,2021,302101355,2,1,0,18,19,2,6,0,0,8,0,0,1,0,4,1,6,6,1,18,4,-1,-1,-1,-1,3,E01019877,0,-1
2021010337860,2021,010337860,2,-1,0,18,19,5,1,0,0,0,0,0,0,0,9,9,6,6,1,-1,-1,-1,-1,-1,-1,5,E01001708,1,-1
2021231094658,2021,231094658,1,9,0,18,19,2,6,0,0,3,0,0,0,0,3,1,5,6,1,40,7,-1,-1,-1,-1,-1,-1,0,-1
2021061104348,2021,061104348,2,1,0,18,19,3,7,0,0,8,0,0,0,0,1,1,5,6,1,56,9,-1,-1,-1,-1,8,E01004918,0,-1
2021302100783,2021,302100783,2,9,0,9,9,6,4,0,0,6,0,0,0,0,3,1,6,6,1,37,7,-1,-1,-1,-1,4,E01028582,0,-1
2021161017420,2021,161017420,2,9,0,18,19,4,8,0,0,2,0,0,0,0,1,1,5,6,1,41,7,-1,-1,-1,-1,1,E01013138,0,-1
2021201098391,2021,201098391,2,1,0,18,19,4,8,0,0,0,0,0,0,0,4,1,6,6,2,35,6,-1,-1,-1,-1,2,E01032538,0,-1
2021010303815,2021,010303815,2,1,0,18,19,7,3,9,9,1,0,0,3,10,4,1,2,2,1,57,9,-1,-1,-1,-1,8,E01003807,0,-1
2021041101219,2021,041101219,1,1,0,9,9,1,7,0,0,8,0,0,0,0,4,1,6,6,1,39,7,-1,-1,-1,-1,-1,-1,0,-1
2021161035489,2021,161035489,2,9,0,18,19,7,3,0,0,0,0,0,0,0,4,1,6,6,3,-1,-1,-1,-1,-1,-1,-1,-1,0,-1
2021010344038,2021,010344038,2,1,0,18,19,5,1,0,0,8,0,0,0,0,1,1,2,2,1,30,6,-1,-1,-1,-1,7,E01004156,0,-1
2021010305002,2021,010305002,1,1,9,99,99,9,9,99,99,9,9,99,9,99,1,1,2,2,2,35,6,-1,-1,-1,-1,3,E01033583,0,-1
2021440235001,2021,440235001,3,21,0,18,19,2,6,0,0,0,0,0,0,0,2,1,1,1,1,33,6,-1,-1,-1,-1,6,E01020136,0,-1
2021131120846,2021,131120846,2,1,0,18,19,7,3,0,0,8,0,0,0,0,4,1,4,7,1,12,3,-1,-1,-1,-1,1,E01011372,0,-1
2021010348321,2021,010348321,1,9,0,99,99,9,9,99,99,0,9,99,9,99,1,9,6,6,3,-1,-1,-1,-1,-1,-1,-1,-1,0,-1
2021010344852,2021,010344852,1,1,0,18,19,3,7,0,0,0,9,8,0,0,1,1,2,2,2,27,6,-1,-1,-1,-1,9,E01002951,0,-1
2021041020734,2021,041020734,2,1,0,18,19,1,5,5,5,0,2,0,0,0,1,1,2,2,1,38,7,-1,-1,-1,-1,2,E01025205,0,-1
2021010306872,2021,010306872,2,1,0,18,19,5,1,0,0,1,0,0,0,0,4,1,2,2,1,28,6,-1,-1,-1,-1,7,E01032776,0,-1
2021471056179,2021,471056179,2,19,0,17,19,4,1,0,0,0,0,0,0,0,4,1,5,6,1,35,6,-1,-1,-1,-1,7,E01020962,0,-1
2021010332419,2021,010332419,1,19,0,99,99,9,9,99,99,0,9,99,9,99,2,9,6,6,3,-1,-1,-1,-1,-1,-1,-1,-1,0,-1
2021010342187,2021,010342187,1,1,9,99,99,9,9,99,99,9,9,99,9,99,9,1,6,6,1,31,6,-1,-1,-1,-1,1,E01004236,0,-1
2021010294525,2021,010294525,2,1,0,18,19,1,5,0,0,1,0,0,0,0,2,1,6,6,1,44,7,-1,-1,-1,-1,6,E01004637,0,-1
2021010340468,2021,010340468,1,1,9,99,99,9,9,99,99,9,9,99,9,99,1,1,2,2,2,25,5,-1,-1,-1,-1,4,E01004314,0,-1
2021451093178,2021,451093178,2,1,0,18,19,4,5,0,0,1,0,0,0,0,1,1,6,6,1,64,9,-1,-1,-1,-1,9,E01030406,0,-1
2021501084190,2021,501084190,2,1,0,18,19,5,1,0,0,8,2,0,0,0,4,1,1,1,1,16,4,-1,-1,-1,-1,7,E01015127,0,-1
2021052102260,2021,052102260,2,19,0,8,8,3,7,0,0,1,0,0,1,0,3,1,6,6,3,-1,-1,-1,-1,-1,-1,-1,-1,0,-1
2021421091024,2021,421091024,2,1,0,18,19,5,1,0,0,3,0,0,0,0,4,1,2,2,2,25,5,-1,-1,-1,-1,1,E01022025,0,-1
2021010331269,2021,010331269,2,1,0,18,19,7,3,0,0,0,5,0,0,0,1,1,2,2,1,53,8,-1,-1,-1,-1,4,E01002398,0,-1
2021122101287,2021,122101287,2,1,0,9,9,7,5,0,0,5,0,0,0,0,2,1,6,6,2,18,4,-1,-1,-1,-1,6,E01013363,0,-1
2021461100513,2021,461100513,1,90,-1,-1,-1,-1,-1,-1,-1,-1,-1,-1,-1,0,-1,1,6,6,3,-1,-1,-1,-1,-1,-1,-1,-1,0,-1
2021010293912,2021,010293912,1,1,9,99,99,9,9,99,99,9,9,99,9,99,9,1,2,2,1,31,6,-1,-1,-1,-1,2,E01004308,0,-1
2021041121081,2021,041121081,1,9,0,18,19,1,5,0,0,0,0,0,0,0,1,1,6,6,3,-1,-1,-1,-1,-1,-1,-1,-1,0,-1
2021221019258,2021,221019258,2,1,0,18,19,6,2,0,0,8,0,0,0,0,2,1,5,6,1,58,9,-1,-1,-1,-1,4,E01032384,0,-1
2021440221687,2021,440221687,1,9,0,4,4,3,7,0,0,0,0,0,0,0,2,1,6,6,2,36,7,-1,-1,-1,-1,10,E01023024,0,-1
2021201133438,2021,201133438,2,1,0,18,19,2,8,0,0,0,0,0,0,0,2,1,6,6,1,12,3,-1,-1,-1,-1,1,E01010414,0,-1
2021041022954,2021,041022954,2,1,0,18,19,7,3,0,0,1,0,0,0,0,1,1,6,6,1,50,8,-1,-1,-1,-1,9,E01024966,0,-1
2021421076917,2021,421076917,1,1,0,18,19,3,7,0,0,0,5,0,0,0,0,1,6,6,1,27,6,-1,-1,-1,-1,-1,-1,0,-1
2021131057288,2021,131057288,2,1,0,18,19,4,4,0,0,1,0,0,0,0,1,1,6,6,2,29,6,-1,-1,-1,-1,9,E01010574,0,-1
2021451111003,2021,451111003,1,98,1,12,12,7,3,0,0,0,0,0,0,0,3,2,1,1,1,37,7,-1,-1,-1,-1,-1,-1,0,-1
2021332100359,2021,332100359,2,9,0,18,19,1,5,0,0,6,0,0,0,0,1,1,6,6,1,34,6,-1,-1,-1,-1,5,E01013700,0,-1
2021302100301,2021,302100301,1,9,0,5,5,8,4,0,0,3,0,0,0,0,2,1,2,2,1,38,7,-1,-1,-1,-1,5,E01019740,0,-1
2021221021643,2021,221021643,1,9,0,18,19,8,4,0,0,0,0,0,0,0,4,1,6,6,3,34,6,-1,-1,-1,-1,-1,-1,0,-1
2021302101870,2021,302101870,2,11,0,2,2,0,0,0,0,0,0,0,0,0,0,1,1,1,3,-1,-1,-1,-1,-1,-1,-1,-1,0,-1
2021332100146,2021,332100146,3,9,0,18,19,2,6,0,0,4,0,0,0,0,0,1,6,6,3,-1,-1,-1,-1,-1,-1,-1,-1,0,-1
2021010331457,2021,010331457,2,1,0,18,19,7,3,4,4,8,0,0,0,0,4,1,6,6,1,50,8,-1,-1,-1,-1,4,E01002869,0,-1
2021320100028,2021,320100028,2,1,0,18,19,8,4,0,0,1,0,4,0,0,1,1,6,6,1,56,9,-1,-1,-1,-1,7,E01026340,0,-1
2021461016267,2021,461016267,1,9,0,18,19,2,6,0,0,0,5,0,1,0,4,1,5,6,2,23,5,-1,-1,-1,-1,8,E01024603,0,-1
2021461055407,2021,461055407,1,9,0,1,1,3,7,0,0,0,0,0,0,0,1,1,6,6,3,-1,-1,-1,-1,-1,-1,-1,-1,0,-1
2021461014091,2021,461014091,2,9,0,18,19,5,7,0,0,1,0,0,0,0,0,1,6,6,3,-1,-1,-1,-1,-1,-1,-1,-1,0,-1
2021501068789,2021,501068789,2,1,0,18,19,5,1,0,0,6,0,0,0,0,1,1,6,6,1,10,2,-1,-1,-1,-1,4,E01018783,0,-1
2021501096560,2021,501096560,2,1,0,18,19,2,6,0,0,8,0,0,0,0,1,1,6,6,1,28,6,-1,-1,-1,-1,6,E01020021,0,-1
2021332100618,2021,332100618,1,9,0,18,19,6,2,0,0,1,0,0,0,0,1,1,6,6,2,50,8,-1,-1,-1,-1,3,E01013626,0,-1
2021430336382,2021,430336382,1,1,0,18,19,2,6,0,0,1,0,0,0,0,3,1,6,6,2,45,7,-1,-1,-1,-1,-1,-1,0,-1
2021010331828,2021,010331828,2,1,0,18,19,6,2,0,0,1,0,0,0,0,4,1,6,6,2,26,6,-1,-1,-1,-1,4,E01003076,0,-1
2021010328321,2021,010328321,2,1,0,18,19,7,3,0,0,8,5,0,0,0,1,1,6,6,1,21,5,-1,-1,-1,-1,3,E01000936,0,-1
2021010318118,2021,010318118,2,1,9,99,99,9,9,99,99,9,9,99,9,99,1,1,6,6,3,-1,-1,-1,-1,-1,-1,-1,-1,0,-1
202134WNC0251,2021,34WNC0251,4,9,0,3,3,3,7,0,0,0,0,0,0,0,2,1,2,2,1,59,9,-1,-1,-1,-1,7,E01027004,0,-1
2021332100899,2021,332100899,1,9,0,3,3,1,5,0,0,1,0,0,0,0,2,1,1,1,1,-1,-1,-1,-1,-1,-1,1,E01013754,0,-1
2021041068348,2021,041068348,2,1,0,14,14,7,3,0,0,2,0,0,0,0,3,1,6,6,1,45,7,-1,-1,-1,-1,1,E01012574,0,-1
2021041084330,2021,041084330,1,9,0,18,19,5,1,0,0,1,5,0,0,0,4,1,1,1,1,31,6,-1,-1,-1,-1,6,E01025568,0,-1
2021332101541,2021,332101541,1,9,0,18,19,6,2,0,0,0,0,0,0,0,1,1,6,6,1,58,9,-1,-1,-1,-1,-1,-1,0,-1
2021010327423,2021,010327423,2,9,9,99,99,9,9,99,99,9,9,99,9,99,9,9,6,6,3,-1,-1,-1,-1,-1,-1,-1,-1,0,-1
2021471124585,2021,471124585,1,97,0,13,13,3,6,0,0,1,0,0,0,0,3,1,6,6,3,-1,-1,-1,-1,-1,-1,-1,-1,0,-1
2021451018810,2021,451018810,1,9,0,18,19,5,1,0,0,0,1,0,0,0,1,1,1,1,1,25,5,-1,-1,-1,-1,7,E01023125,0,-1
2021461100576,2021,461100576,1,1,0,18,19,5,1,0,0,0,0,0,0,0,1,1,6,6,1,11,3,-1,-1,-1,-1,3,E01024166,0,-1
2021010321235,2021,010321235,1,1,9,99,99,9,9,99,99,9,9,99,9,99,2,1,6,6,2,34,6,-1,-1,-1,-1,2,E01001767,0,-1
2021010293261,2021,010293261,2,9,0,18,19,3,7,0,0,1,0,0,0,0,4,1,6,6,3,-1,-1,-1,-1,-1,-1,-1,-1,0,-1
2021440158881,2021,440158881,1,1,0,18,19,5,1,0,0,6,0,0,0,0,3,1,6,6,1,15,3,-1,-1,-1,-1,4,E01023202,0,-1
2021451079618,2021,451079618,1,1,0,18,19,7,3,0,0,1,0,0,0,0,1,1,5,6,1,50,8,-1,-1,-1,-1,10,E01030532,0,-1
2021122101022,2021,122101022,1,9,0,18,19,5,1,0,0,0,5,0,0,0,4,1,1,1,1,44,7,-1,-1,-1,-1,4,E01027608,0,-1
2021101032944,2021,101032944,2,1,0,9,9,7,3,0,0,8,1,0,0,0,2,1,2,2,1,36,7,-1,-1,-1,-1,6,E01008530,0,-1
2021361088156,2021,361088156,1,9,0,9,9,5,4,0,0,8,0,0,0,0,3,1,1,1,1,50,8,-1,-1,-1,-1,6,E01026545,0,-1
2021010317375,2021,010317375,1,9,0,18,19,1,5,0,0,2,0,0,0,0,4,1,6,6,3,-1,-1,-1,-1,-1,-1,-1,-1,0,-1
2021351053805,2021,351053805,2,98,1,4,4,7,3,0,0,0,0,0,1,0,2,1,1,1,1,55,8,-1,-1,-1,-1,-1,-1,0,-1
202134NNC5351,2021,34NNC5351,2,1,0,14,14,3,7,0,0,8,0,0,0,0,9,1,6,6,1,20,4,-1,-1,-1,-1,7,E01027354,0,-1
2021221117814,2021,221117814,1,8,0,18,19,7,3,0,0,4,0,0,0,0,1,1,1,1,1,50,8,-1,-1,-1,-1,-1,-1,0,-1
2021010308310,2021,010308310,2,1,0,5,5,7,3,0,0,1,0,0,0,0,4,1,6,6,1,18,4,-1,-1,-1,-1,3,E01001282,0,-1
2021520104805,2021,520104805,1,9,0,18,19,8,4,0,0,8,0,0,1,3,1,1,6,6,1,32,6,-1,-1,-1,-1,3,E01029079,0,-1
2021041120492,2021,041120492,2,9,0,18,19,7,3,0,0,1,0,0,0,0,2,1,6,6,2,52,8,-1,-1,-1,-1,3,E01012505,0,-1
2021010316955,2021,010316955,1,1,0,7,7,5,7,0,0,8,0,0,0,0,2,1,2,2,1,43,7,-1,-1,-1,-1,3,E01017400,0,-1
202131B126021,2021,31B126021,1,1,0,9,9,1,6,0,0,5,0,0,0,0,3,1,6,6,1,49,8,-1,-1,-1,-1,8,E01007671,0,-1
2021070008353,2021,070008353,1,9,0,9,9,5,3,0,0,1,0,0,7,0,1,2,6,6,2,76,11,-1,-1,-1,-1,10,E01018471,0,-1
2021991031531,2021,991031531,1,9,0,7,7,5,7,0,0,1,0,0,0,0,1,1,6,6,3,20,4,-1,-1,-1,-1,-1,-1,0,-1
2021010305550,2021,010305550,2,1,0,18,19,3,7,0,0,1,0,0,0,0,1,1,6,6,1,26,6,-1,-1,-1,-1,2,E01000604,0,-1
2021131061271,2021,131061271,1,11,0,14,14,3,7,2,2,0,0,0,0,0,0,1,6,6,3,-1,-1,-1,-1,-1,-1,-1,-1,0,-1
2021141016470,2021,141016470,1,9,0,17,19,7,3,0,0,0,1,0,1,11,1,1,5,6,1,64,9,-1,-1,-1,-1,2,E01008089,0,-1
2021440235798,2021,440235798,1,1,0,18,19,7,3,0,0,8,0,0,0,0,0,1,6,6,1,52,8,-1,-1,-1,-1,6,E01017029,0,-1
2021991044787,2021,991044787,2,1,0,18,19,2,7,0,0,8,0,0,0,0,3,1,5,6,1,24,5,-1,-1,-1,-1,8,-1,0,-1
2021010293949,2021,010293949,2,1,0,5,5,5,1,4,4,0,0,10,0,0,2,1,6,6,1,52,8,-1,-1,-1,-1,5,E01004654,0,-1
2021131091751,2021,131091751,1,10,0,-1,-1,-1,-1,-1,-1,-1,-1,-1,-1,-1,-1,1,6,6,3,-1,-1,-1,-1,-1,-1,-1,-1,0,-1
2021010330143,2021,010330143,2,1,0,18,19,8,4,4,4,8,1,0,0,0,0,1,6,6,1,51,8,-1,-1,-1,-1,-1,-1,0,-1
2021320298848,2021,320298848,1,1,0,18,19,3,7,0,0,0,0,4,0,0,1,1,6,6,1,12,3,-1,-1,-1,-1,2,E01026094,0,-1
2021141032501,2021,141032501,2,1,0,18,19,7,3,0,0,1,0,0,0,0,2,1,6,6,1,15,3,-1,-1,-1,-1,4,E01007415,0,-1
2021332100045,2021,332100045,4,9,0,18,19,5,1,0,0,1,0,0,0,0,1,1,6,6,1,34,6,-1,-1,-1,-1,3,E01013775,0,-1
2021201134015,2021,201134015,2,1,0,18,19,-1,-1,9,9,0,0,0,0,0,4,1,6,6,1,63,9,-1,-1,-1,-1,5,E01008948,0,-1
2021052100843,2021,052100843,1,9,0,4,4,5,3,0,0,1,0,0,0,0,1,1,6,6,3,-1,-1,-1,-1,-1,-1,-1,-1,0,-1
2021361108388,2021,361108388,2,1,0,18,19,5,1,0,0,1,0,0,0,0,1,1,5,6,2,18,4,-1,-1,-1,-1,8,E01026860,0,-1
2021351125401,2021,351125401,1,9,0,11,11,3,7,0,0,0,2,0,0,0,3,1,2,2,1,18,4,-1,-1,-1,-1,6,E01009496,0,-1
202160Z059504,2021,60Z059504,2,9,0,4,4,4,8,0,0,1,0,0,0,0,2,1,6,6,1,62,9,-1,-1,-1,-1,-1,-1,0,-1
2021430160469,2021,430160469,2,2,0,4,4,3,7,0,0,1,1,0,0,0,1,1,1,1,1,35,6,-1,-1,-1,-1,6,E01016536,0,-1
2021320224152,2021,320224152,1,9,0,18,19,2,6,0,0,1,0,0,0,0,1,1,6,6,1,40,7,-1,-1,-1,-1,-1,-1,0,-1
2021361047562,2021,361047562,3,1,0,18,19,3,7,0,0,1,0,0,0,0,1,1,6,6,1,27,6,-1,-1,-1,-1,6,E01026486,0,-1
2021061081004,2021,061081004,2,1,0,9,9,6,4,0,0,1,0,0,0,0,3,1,5,6,1,54,8,-1,-1,-1,-1,1,E01033678,0,-1
2021332100508,2021,332100508,1,9,0,11,11,5,1,0,0,1,1,0,0,0,1,1,6,6,1,21,5,-1,-1,-1,-1,8,E01032600,0,-1
2021010287512,2021,010287512,2,1,0,12,12,7,3,0,0,1,0,0,0,0,1,1,1,1,1,-1,-1,-1,-1,-1,-1,-1,-1,0,-1
2021010315610,2021,010315610,1,9,0,7,7,1,3,0,0,8,0,0,0,0,2,1,3,7,1,46,8,-1,-1,-1,-1,9,E01002275,0,-1
2021010342726,2021,010342726,2,-1,0,5,5,3,7,0,0,8,0,0,0,0,1,1,6,6,1,41,7,-1,-1,-1,-1,2,E01003993,1,-1
2021010328864,2021,010328864,2,1,9,99,99,9,9,99,99,9,9,99,9,99,1,1,6,6,1,23,5,-1,-1,-1,-1,4,E01003389,0,-1
2021061112191,2021,061112191,1,22,0,18,19,7,3,0,0,0,0,0,0,0,4,1,6,6,1,69,10,-1,-1,-1,-1,6,E01005861,0,-1
2021070315182,2021,070315182,1,1,0,18,19,4,8,0,0,0,0,11,0,0,1,1,6,6,1,62,9,-1,-1,-1,-1,7,E01018369,0,-1
2021501095811,2021,501095811,2,1,0,18,19,2,6,0,0,1,5,0,0,0,3,1,5,6,1,25,5,-1,-1,-1,-1,9,E01020038,0,-1
2021041050309,2021,041050309,1,9,0,18,19,1,5,0,0,7,0,0,0,0,0,1,6,6,3,-1,-1,-1,-1,-1,-1,-1,-1,0,-1
2021101092243,2021,101092243,1,19,0,18,19,3,8,9,9,6,0,0,0,0,4,1,6,6,1,34,6,-1,-1,-1,-1,-1,-1,0,-1
2021052102262,2021,052102262,1,22,0,18,19,9,9,0,0,0,0,0,0,0,9,1,6,6,3,-1,-1,-1,-1,-1,-1,-1,-1,0,-1
2021122101066,2021,122101066,2,9,0,18,19,5,1,0,0,8,1,0,0,0,1,1,1,1,1,44,7,-1,-1,-1,-1,7,E01011350,0,-1
2021201049894,2021,201049894,1,9,0,9,9,3,1,0,0,6,0,0,0,0,1,1,6,6,3,30,6,-1,-1,-1,-1,-1,-1,0,-1
2021010322220,2021,010322220,2,1,0,18,19,1,5,0,0,0,5,0,0,0,1,1,2,2,1,37,7,-1,-1,-1,-1,6,E01000541,0,-1
2021201116459,2021,201116459,1,9,0,1,1,6,2,0,0,0,0,0,0,0,2,1,6,6,1,-1,-1,-1,-1,-1,-1,-1,-1,0,-1