collision_index,collision_year,collision_ref_no,vehicle_reference,vehicle_type,towing_and_articulation,vehicle_manoeuvre_historic,vehicle_manoeuvre,vehicle_direction_from,vehicle_direction_to,vehicle_location_restricted_lane_historic,vehicle_location_restricted_lane,junction_location,skidding_and_overturning,hit_object_in_carriageway,vehicle_leaving_carriageway,hit_object_off_carriageway,first_point_of_impact,vehicle_left_hand_drive,journey_purpose_of_driver_historic,journey_purpose_of_driver,sex_of_driver,age_of_driver,age_band_of_driver,engine_capacity_cc,propulsion_code,age_of_vehicle,generic_make_model,driver_imd_decile,lsoa_of_driver,escooter_flag,driver_distance_banding
2021440203685,2021,440203685,2,1,0,16,19,1,5,0,0,8,0,0,0,0,1,1,6,6,1,69,10,-1,-1,-1,-1,8,E01023221,0,-1
2021501130066,2021,501130066,1,9,0,18,19,8,4,0,0,1,1,0,0,0,4,1,5,6,1,33,6,-1,-1,-1,-1,8,E01029274,0,-1
2021010337906,2021,010337906,1,1,0,99,99,9,9,0,0,1,0,0,0,0,2,1,6,6,3,47,8,-1,-1,-1,-1,8,E01004058,0,-1
2021101026956,2021,101026956,2,1,0,18,19,1,5,0,0,6,5,0,0,0,1,1,1,1,1,25,5,-1,-1,-1,-1,1,E01008290,0,-1
2021522103979,2021,522103979,1,9,0,18,19,3,7,0,0,2,0,0,0,0,1,1,6,6,1,77,11,-1,-1,-1,-1,10,E01014902,0,-1
2021430287044,2021,430287044,1,9,0,7,7,4,8,0,0,8,0,0,0,0,3,1,6,6,1,49,8,-1,-1,-1,-1,-1,-1,0,-1
2021430382427,2021,430382427,2,9,0,2,2,0,0,0,0,0,0,0,4,6,2,1,6,6,1,33,6,-1,-1,-1,-1,2,E01019500,0,-1
2021010292281,2021,010292281,3,9,0,7,7,5,7,0,0,1,0,0,0,0,0,1,6,6,3,-1,-1,-1,-1,-1,-1,-1,-1,0,-1
2021070685007,2021,070685007,1,9,0,1,1,4,8,0,0,0,0,0,0,0,2,1,6,6,3,-1,-1,-1,-1,-1,-1,-1,-1,0,-1
2021010308256,2021,010308256,2,1,0,4,4,7,3,9,9,1,0,0,0,0,1,1,1,1,1,34,6,-1,-1,-1,-1,3,E01003221,0,-1
2021010297786,2021,010297786,2,-1,0,18,19,1,5,0,0,0,0,0,0,0,1,1,6,6,1,18,4,-1,-1,-1,-1,3,E01003339,1,-1
2021010311703,2021,010311703,2,9,0,18,19,5,1,99,99,9,9,99,9,99,1,9,6,6,3,-1,-1,-1,-1,-1,-1,-1,-1,0,-1
2021010294791,2021,010294791,2,1,0,18,19,5,1,0,0,8,2,0,0,0,0,1,6,6,2,39,7,-1,-1,-1,-1,2,E01001833,0,-1
2021010330238,2021,010330238,2,1,0,18,19,7,3,0,0,8,0,0,0,0,2,1,2,2,1,31,6,-1,-1,-1,-1,2,E01002851,0,-1
2021010334837,2021,010334837,1,90,0,18,19,3,7,0,0,0,0,0,0,0,1,1,1,1,1,53,8,-1,-1,-1,-1,5,E01000194,0,-1
202131D199421,2021,31D199421,1,1,0,18,19,2,6,0,0,2,1,0,0,0,1,1,6,6,1,88,11,-1,-1,-1,-1,-1,-1,0,-1
2021451051073,2021,451051073,2,98,0,13,13,1,4,0,0,0,0,0,0,0,1,1,6,6,1,50,8,-1,-1,-1,-1,-1,-1,0,-1
2021332100283,2021,332100283,1,9,0,5,5,3,7,0,0,3,5,0,7,2,1,1,6,6,2,26,6,-1,-1,-1,-1,1,E01013620,0,-1
2021351051388,2021,351051388,2,1,0,18,19,6,1,0,0,0,0,0,0,0,1,1,6,6,1,-1,-1,-1,-1,-1,-1,3,E01017971,0,-1
2021411078484,2021,411078484,2,1,0,18,19,7,3,0,0,1,0,0,0,0,4,1,2,2,1,48,8,-1,-1,-1,-1,7,E01023472,0,-1
2021401041893,2021,401041893,6,9,-1,-1,-1,-1,-1,-1,-1,0,-1,-1,-1,0,-1,1,6,6,3,-1,-1,-1,-1,-1,-1,-1,-1,0,-1
2021170H10311,2021,170H10311,2,9,0,18,19,1,5,0,0,8,0,0,0,0,1,1,6,6,1,19,4,-1,-1,-1,-1,1,E01011953,0,-1
202134WNC2391,2021,34WNC2391,1,9,0,18,19,1,5,0,0,0,0,0,0,0,1,1,6,6,3,-1,-1,-1,-1,-1,-1,-1,-1,0,-1
2021201116140,2021,201116140,1,9,0,18,19,8,4,0,0,1,0,0,0,0,1,1,6,6,2,-1,-1,-1,-1,-1,-1,-1,-1,0,-1
2021070614274,2021,070614274,2,1,0,18,19,4,8,4,4,0,0,0,0,0,1,1,6,6,1,13,3,-1,-1,-1,-1,6,E01018496,0,-1
2021332100664,2021,332100664,1,5,0,17,19,2,7,0,0,0,0,0,1,9,1,1,6,6,1,58,9,-1,-1,-1,-1,8,E01025768,0,-1
2021440129918,2021,440129918,1,9,0,4,4,2,6,0,0,0,1,10,0,0,2,1,1,1,1,25,5,-1,-1,-1,-1,7,E01022648,0,-1
2021010340909,2021,010340909,1,9,0,18,19,5,1,0,0,0,0,0,0,0,3,1,6,6,1,27,6,-1,-1,-1,-1,8,E01004170,0,-1
2021332101536,2021,332101536,1,9,0,18,19,7,3,0,0,0,0,0,0,0,0,1,6,6,2,71,10,-1,-1,-1,-1,-1,-1,0,-1
2021131076372,2021,131076372,1,23,0,18,19,1,5,0,0,1,0,0,0,0,1,1,6,6,1,9,2,-1,-1,-1,-1,2,E01032494,0,-1
2021451060092,2021,451060092,2,97,0,4,4,4,8,0,0,0,0,0,0,0,1,1,1,1,1,25,5,-1,-1,-1,-1,7,W01000057,0,-1
2021161070170,2021,161070170,1,1,0,18,19,6,2,0,0,8,0,0,0,0,3,1,6,6,1,60,9,-1,-1,-1,-1,5,E01012824,0,-1
2021010299203,2021,010299203,2,1,0,18,19,3,7,5,5,8,0,0,0,0,4,1,6,6,2,58,9,-1,-1,-1,-1,7,E01003906,0,-1
2021010303542,2021,010303542,1,1,9,99,99,9,9,99,99,0,9,99,9,99,9,1,6,6,2,27,6,-1,-1,-1,-1,-1,-1,0,-1
202131D065721,2021,31D065721,1,1,0,12,12,6,2,2,2,0,0,0,0,0,1,1,6,6,1,50,8,-1,-1,-1,-1,10,E01028091,0,-1
2021501056075,2021,501056075,2,1,0,18,19,5,1,0,0,1,0,0,0,0,1,1,5,6,1,45,7,-1,-1,-1,-1,7,E01015203,0,-1
2021010299762,2021,010299762,2,2,0,18,19,7,3,0,0,2,0,0,0,0,2,1,6,6,3,-1,-1,-1,-1,-1,-1,-1,-1,0,-1
2021041062250,2021,041062250,3,9,0,2,2,0,0,0,0,1,0,0,0,0,3,1,6,6,3,-1,-1,-1,-1,-1,-1,-1,-1,0,-1
2021010319869,2021,010319869,2,1,0,9,9,3,2,0,0,0,0,0,0,0,1,1,6,6,1,24,5,-1,-1,-1,-1,3,E01002503,0,-1
2021430211861,2021,430211861,2,1,0,17,19,6,5,0,0,8,0,0,0,0,4,1,6,6,1,66,10,-1,-1,-1,-1,4,E01016705,0,-1
2021041036806,2021,041036806,2,1,0,17,19,7,7,0,0,1,0,0,0,0,2,1,1,1,1,57,9,-1,-1,-1,-1,5,E01025239,0,-1
2021520101216,2021,520101216,1,9,0,18,19,4,8,0,0,0,1,0,1,1,1,1,6,6,2,26,6,-1,-1,-1,-1,7,E01029189,0,-1
2021302100531,2021,302100531,3,1,0,18,19,4,8,0,0,1,0,0,0,0,1,1,6,6,1,21,5,-1,-1,-1,-1,4,E01013500,0,-1
2021302100472,2021,302100472,1,3,0,18,19,2,6,0,0,1,0,0,0,0,4,1,6,6,3,-1,-1,-1,-1,-1,-1,5,E01019456,0,-1
2021061143291,2021,061143291,2,1,0,18,19,1,3,0,0,8,5,0,0,0,1,1,5,6,1,47,8,-1,-1,-1,-1,4,E01005892,0,-1
2021041050571,2021,041050571,1,9,0,18,19,7,3,0,0,0,0,0,0,0,0,1,6,6,3,-1,-1,-1,-1,-1,-1,-1,-1,0,-1
2021131052630,2021,131052630,2,9,0,14,14,5,2,0,0,8,0,0,0,0,0,1,6,6,3,-1,-1,-1,-1,-1,-1,-1,-1,0,-1
2021302101358,2021,302101358,2,19,0,9,9,4,2,0,0,6,0,0,0,0,3,1,6,6,3,-1,-1,-1,-1,-1,-1,5,E01019456,0,-1
2021332100480,2021,332100480,2,9,0,18,19,3,7,0,0,8,1,0,7,11,4,1,2,2,2,60,9,-1,-1,-1,-1,7,E01025826,0,-1
2021010313746,2021,010313746,1,11,0,99,99,9,9,99,99,0,9,99,9,99,9,9,6,6,3,54,8,-1,-1,-1,-1,2,E01001579,0,-1
2021622100692,2021,622100692,1,9,0,5,5,2,6,0,0,1,0,0,0,0,1,1,6,6,3,-1,-1,-1,-1,-1,-1,-1,-1,0,-1
2021461102064,2021,461102064,2,9,0,5,5,5,7,0,0,0,0,0,0,0,4,1,1,1,1,55,8,-1,-1,-1,-1,-1,-1,0,-1
2021351137178,2021,351137178,2,9,0,18,19,5,1,0,0,0,0,0,0,0,2,1,5,6,1,57,9,-1,-1,-1,-1,8,E01025317,0,-1
2021302101485,2021,302101485,2,9,0,18,19,4,8,0,0,1,0,0,0,0,1,1,6,6,1,59,9,-1,-1,-1,-1,2,E01028112,0,-1
2021131099522,2021,131099522,2,9,0,9,9,4,4,0,0,5,0,0,0,0,4,1,6,6,3,-1,-1,-1,-1,-1,-1,-1,-1,0,-1
2021351092851,2021,351092851,1,3,0,9,9,8,4,0,0,0,2,10,1,7,4,1,2,2,1,21,5,-1,-1,-1,-1,10,E01018288,0,-1
202160Z009517,2021,60Z009517,1,19,0,18,19,8,4,0,0,0,0,4,0,0,1,1,1,1,1,34,6,-1,-1,-1,-1,-1,-1,0,-1
2021010324559,2021,010324559,2,1,0,18,19,3,7,0,0,0,0,8,0,0,1,1,2,2,1,29,6,-1,-1,-1,-1,3,E01003574,0,-1
2021371136235,2021,371136235,2,1,0,18,19,7,3,0,0,2,5,0,0,0,4,1,6,6,1,15,3,-1,-1,-1,-1,5,E01030267,0,-1
2021010299678,2021,010299678,2,1,0,18,19,5,1,0,0,1,0,0,0,0,1,1,6,6,1,46,8,-1,-1,-1,-1,9,E01001067,0,-1
2021010301689,2021,010301689,1,21,0,18,19,1,5,0,0,5,0,0,1,0,1,1,1,1,1,24,5,-1,-1,-1,-1,4,E01023146,0,-1
2021041097268,2021,041097268,1,9,0,-1,-1,-1,-1,0,0,2,0,0,0,0,1,1,6,6,3,-1,-1,-1,-1,-1,-1,-1,-1,0,-1
2021430191467,2021,430191467,2,9,0,13,13,8,4,0,0,0,0,0,0,0,4,1,6,6,1,30,6,-1,-1,-1,-1,-1,-1,0,-1
2021471093510,2021,471093510,1,9,0,18,19,6,2,0,0,1,0,0,0,0,1,1,6,6,1,-1,-1,-1,-1,-1,-1,-1,-1,0,-1
2021141076781,2021,141076781,1,98,0,4,4,2,6,0,0,0,0,0,0,0,1,1,1,1,1,44,7,-1,-1,-1,-1,9,E01008074,0,-1
202134NNC0431,2021,34NNC0431,1,1,0,18,19,3,7,0,0,0,0,0,0,0,3,1,6,6,1,35,6,-1,-1,-1,-1,-1,-1,0,-1
2021041018161,2021,041018161,1,9,0,18,19,7,3,0,0,0,0,0,0,0,4,1,6,6,3,-1,-1,-1,-1,-1,-1,-1,-1,0,-1
2021320322697,2021,320322697,2,5,0,13,13,8,4,0,0,0,0,0,7,4,3,1,2,2,1,31,6,-1,-1,-1,-1,-1,-1,0,-1
2021461028092,2021,461028092,1,9,0,2,2,0,0,0,0,0,0,0,0,0,2,1,6,6,3,-1,-1,-1,-1,-1,-1,-1,-1,0,-1
202160Z078629,2021,60Z078629,2,9,0,18,19,7,3,0,0,1,0,0,1,0,0,1,6,6,1,30,6,-1,-1,-1,-1,-1,-1,0,-1
2021201146043,2021,201146043,1,1,0,18,19,2,3,0,0,8,0,0,0,0,3,1,6,6,1,25,5,-1,-1,-1,-1,5,E01009527,0,-1
2021161100646,2021,161100646,2,9,0,18,19,5,1,0,0,1,0,0,0,0,1,1,6,6,3,-1,-1,-1,-1,-1,-1,-1,-1,0,-1
2021010319607,2021,010319607,2,1,0,18,19,5,1,0,0,2,0,0,0,0,2,1,2,2,1,27,6,-1,-1,-1,-1,3,E01004317,0,-1
2021041016694,2021,041016694,1,9,0,18,19,5,1,0,0,4,0,0,0,0,1,1,6,6,3,-1,-1,-1,-1,-1,-1,-1,-1,0,-1
2021131118035,2021,131118035,1,9,0,-1,-1,-1,-1,0,0,1,-1,-1,-1,-1,-1,1,6,6,3,-1,-1,-1,-1,-1,-1,-1,-1,0,-1
2021421013017,2021,421013017,1,9,0,18,19,3,7,0,0,0,0,0,0,0,1,1,6,6,1,26,6,-1,-1,-1,-1,2,E01021851,0,-1
2021471085436,2021,471085436,2,9,0,18,19,5,1,0,0,0,1,0,1,0,1,1,1,1,1,65,9,-1,-1,-1,-1,6,E01031523,0,-1
2021430459884,2021,430459884,1,9,0,2,2,0,0,9,9,1,0,0,0,0,1,1,6,6,3,-1,-1,-1,-1,-1,-1,-1,-1,0,-1
2021010313556,2021,010313556,2,98,9,99,99,9,9,99,99,9,9,99,9,99,9,9,6,6,3,-1,-1,-1,-1,-1,-1,-1,-1,0,-1
2021332100710,2021,332100710,1,9,0,18,19,1,5,0,0,8,0,0,0,0,1,1,2,2,1,39,7,-1,-1,-1,-1,7,E01013787,0,-1
2021461095788,2021,461095788,1,19,0,18,19,7,3,0,0,0,0,0,0,0,1,1,6,6,1,46,8,-1,-1,-1,-1,-1,-1,0,-1
2021010307157,2021,010307157,1,19,9,99,99,9,9,99,99,9,9,99,9,99,9,9,6,6,1,47,8,-1,-1,-1,-1,1,E01000917,0,-1
2021440328976,2021,440328976,1,1,0,18,19,5,1,0,0,0,0,0,0,0,2,1,6,6,1,32,6,-1,-1,-1,-1,8,E01023232,0,-1
2021201028947,2021,201028947,2,1,0,18,19,7,3,0,0,2,0,0,0,0,4,1,6,6,1,41,7,-1,-1,-1,-1,2,E01010449,0,-1
2021332100871,2021,332100871,1,9,0,9,9,4,2,0,0,6,0,0,0,0,1,1,6,6,1,34,6,-1,-1,-1,-1,4,E01013616,0,-1
2021332100069,2021,332100069,2,9,0,18,19,6,2,0,0,8,0,0,0,0,1,1,6,6,1,22,5,-1,-1,-1,-1,8,E01025668,0,-1
2021461028695,2021,461028695,2,9,0,18,19,5,1,0,0,0,0,0,0,0,2,1,6,6,1,48,8,-1,-1,-1,-1,8,E01024076,0,-1
2021201038448,2021,201038448,2,1,0,18,19,4,8,0,0,8,0,0,0,0,1,1,6,6,1,35,6,-1,-1,-1,-1,3,E01009015,0,-1
2021131051973,2021,131051973,1,97,0,13,13,7,3,0,0,1,0,0,0,0,-1,1,6,6,1,15,3,-1,-1,-1,-1,7,E01011768,0,-1
2021131060508,2021,131060508,2,1,0,18,19,1,5,0,0,1,0,0,0,0,1,1,2,2,1,30,6,-1,-1,-1,-1,6,E01011490,0,-1
2021522101596,2021,522101596,2,1,0,18,19,7,3,0,0,8,0,0,0,0,1,1,6,6,1,69,10,-1,-1,-1,-1,10,E01014620,0,-1
202160Z050683,2021,60Z050683,1,9,0,5,5,2,6,9,9,1,0,0,0,0,4,1,6,6,2,40,7,-1,-1,-1,-1,-1,-1,0,-1
2021201114069,2021,201114069,2,9,0,3,3,1,4,0,0,1,0,0,0,0,2,1,6,6,2,45,7,-1,-1,-1,-1,4,E01010252,0,-1
2021991099291,2021,991099291,2,9,0,13,13,2,7,0,0,0,0,0,0,0,4,1,1,1,1,53,8,-1,-1,-1,-1,8,E01027497,0,-1
2021010348235,2021,010348235,1,1,9,99,99,9,9,99,99,9,9,99,9,99,0,1,1,1,1,26,6,-1,-1,-1,-1,1,E01001958,0,-1
2021546424621,2021,546424621,1,9,0,1,1,7,3,0,0,0,0,0,0,0,2,1,6,6,1,22,5,-1,-1,-1,-1,9,E01032069,0,-1
2021010336294,2021,010336294,1,9,9,99,99,9,9,99,99,9,9,99,9,99,9,9,6,6,3,-1,-1,-1,-1,-1,-1,-1,-1,0,-1
2021111107076,2021,111107076,2,3,0,7,7,2,4,0,0,8,0,0,0,0,1,1,5,6,1,17,4,-1,-1,-1,-1,1,E01020844,0,-1
2021141069256,2021,141069256,2,1,0,18,19,6,2,0,0,8,0,0,0,0,1,1,6,6,1,10,2,-1,-1,-1,-1,5,E01007516,0,-1
2021461110545,2021,461110545,2,9,0,18,19,5,1,0,0,0,0,0,0,0,1,1,1,1,1,48,8,-1,-1,-1,-1,2,E01000095,0,-1
2021991050529,2021,991050529,2,1,0,12,12,1,6,0,0,0,0,0,0,0,3,1,5,6,1,15,3,-1,-1,-1,-1,6,-1,0,-1
2021010336934,2021,010336934,1,1,0,18,19,1,5,0,0,0,0,0,0,0,4,1,6,6,1,26,6,-1,-1,-1,-1,-1,-1,0,-1
2021991070379,2021,991070379,1,9,0,9,9,1,7,0,0,4,0,0,0,0,1,1,1,1,1,61,9,-1,-1,-1,-1,4,-1,0,-1
2021031110687,2021,031110687,3,9,0,3,3,3,7,0,0,0,0,0,0,0,2,1,5,6,2,25,5,-1,-1,-1,-1,6,E01019133,0,-1
2021461047295,2021,461047295,1,1,0,18,19,4,8,0,0,0,5,10,0,0,0,1,6,6,2,59,9,-1,-1,-1,-1,10,E01000463,0,-1
2021461067468,2021,461067468,1,9,0,16,19,2,5,0,0,8,5,0,0,0,1,1,5,6,1,36,7,-1,-1,-1,-1,6,E01016075,0,-1
2021170M10561,2021,170M10561,1,9,0,9,9,6,4,0,0,8,0,0,0,0,1,1,6,6,3,-1,-1,-1,-1,-1,-1,-1,-1,0,-1
2021522103538,2021,522103538,2,1,0,18,19,3,7,0,0,8,0,0,0,0,2,1,6,6,1,18,4,-1,-1,-1,-1,-1,-1,0,-1
2021010291451,2021,010291451,1,1,0,18,19,3,7,0,0,8,0,0,0,0,9,1,2,2,1,44,7,-1,-1,-1,-1,4,E01003492,0,-1
2021010304896,2021,010304896,2,1,0,18,19,5,1,0,0,0,0,0,0,0,2,1,6,6,1,28,6,-1,-1,-1,-1,7,E01003456,0,-1
2021481037673,2021,481037673,2,1,0,15,15,7,3,4,4,8,0,0,0,0,1,1,1,1,1,35,6,-1,-1,-1,-1,3,E01004270,0,-1
2021010308620,2021,010308620,2,1,0,18,19,3,7,4,4,8,0,0,0,0,4,1,6,6,2,21,5,-1,-1,-1,-1,6,E01001665,0,-1
2021061036399,2021,061036399,1,9,0,18,19,7,3,0,0,0,0,0,0,0,1,1,6,6,1,30,6,-1,-1,-1,-1,-1,-1,0,-1
2021471057277,2021,471057277,2,1,0,18,19,1,5,9,9,1,0,0,0,0,3,1,4,7,1,12,3,-1,-1,-1,-1,8,E01021075,0,-1
2021332100777,2021,332100777,1,9,0,9,9,1,7,0,0,5,0,0,0,0,2,1,6,6,2,40,7,-1,-1,-1,-1,5,E01013735,0,-1
2021522101575,2021,522101575,1,3,0,18,19,4,8,0,0,0,0,0,0,0,2,1,6,6,1,34,6,-1,-1,-1,-1,7,E01014554,0,-1
2021371065822,2021,371065822,1,9,0,18,19,5,1,0,0,0,0,0,0,0,1,1,2,2,1,42,7,-1,-1,-1,-1,6,E01030041,0,-1
2021010294845,2021,010294845,1,1,9,99,99,9,9,99,99,9,9,99,9,99,9,1,2,2,1,30,6,-1,-1,-1,-1,3,E01003185,0,-1
2021201017582,2021,201017582,2,1,0,18,19,2,8,0,0,8,0,0,0,0,1,1,6,6,2,39,7,-1,-1,-1,-1,2,E01010287,0,-1
2021061055075,2021,061055075,1,90,0,18,19,5,1,0,0,4,0,0,0,0,1,1,6,6,3,30,6,-1,-1,-1,-1,-1,-1,0,-1
2021010339512,2021,010339512,2,1,0,18,19,5,1,0,0,1,0,0,0,0,1,1,1,1,1,26,6,-1,-1,-1,-1,8,E01000246,0,-1
2021010337587,2021,010337587,1,1,9,99,99,9,9,99,99,9,9,99,9,99,9,1,6,6,1,17,4,-1,-1,-1,-1,3,E01003141,0,-1
2021052101759,2021,052101759,2,1,0,16,19,6,2,0,0,1,0,0,0,0,2,1,6,6,3,-1,-1,-1,-1,-1,-1,-1,-1,0,-1
202163D001521,2021,63D001521,2,9,0,9,9,2,6,0,0,0,0,0,0,0,3,1,6,6,3,-1,-1,-1,-1,-1,-1,-1,-1,0,-1
2021010312352,2021,010312352,2,1,0,18,19,7,3,4,4,1,0,0,0,0,1,1,2,2,1,33,6,-1,-1,-1,-1,-1,-1,0,-1
2021161088114,2021,161088114,1,9,0,9,9,5,3,0,0,6,0,0,0,0,1,1,5,6,1,42,7,-1,-1,-1,-1,2,E01013129,0,-1
2021522102606,2021,522102606,1,9,0,18,19,8,4,0,0,1,1,0,0,0,3,1,6,6,2,23,5,-1,-1,-1,-1,5,E01014795,0,-1
2021451045791,2021,451045791,1,1,0,4,4,3,7,0,0,1,0,0,0,0,3,1,5,6,1,18,4,-1,-1,-1,-1,3,E01030793,0,-1
2021010312549,2021,010312549,1,9,0,18,19,7,3,0,0,1,0,0,0,0,1,1,6,6,3,-1,-1,-1,-1,-1,-1,-1,-1,0,-1
2021451094298,2021,451094298,1,1,0,18,19,5,1,0,0,0,0,0,0,0,1,1,2,2,1,41,7,-1,-1,-1,-1,10,E01030966,0,-1
20211383M2015,2021,1383M2015,2,2,0,5,5,7,3,0,0,0,0,0,0,0,1,1,6,6,3,-1,-1,-1,-1,-1,-1,-1,-1,0,-1
2021361155709,2021,361155709,2,16,0,18,19,1,6,0,0,1,0,0,0,0,1,1,6,6,1,29,6,-1,-1,-1,-1,9,E01015648,0,-1
2021451077127,2021,451077127,2,1,0,18,19,1,4,0,0,0,0,0,0,0,1,1,6,6,1,43,7,-1,-1,-1,-1,3,E01030483,0,-1
2021201149137,2021,201149137,2,9,0,5,5,2,6,0,0,6,0,0,0,0,1,1,6,6,3,-1,-1,-1,-1,-1,-1,-1,-1,0,-1
2021010342798,2021,010342798,1,1,9,99,99,9,9,99,99,9,9,99,9,99,9,1,2,2,1,23,5,-1,-1,-1,-1,4,E01003436,0,-1
2021010312506,2021,010312506,2,9,0,2,2,0,0,0,0,0,0,0,0,0,0,1,6,6,3,-1,-1,-1,-1,-1,-1,-1,-1,0,-1
2021302101815,2021,302101815,2,1,0,18,19,2,8,0,0,8,0,0,0,0,1,1,6,6,1,48,8,-1,-1,-1,-1,6,E01019866,0,-1
2021430121796,2021,430121796,2,1,0,7,7,1,3,0,0,6,0,0,0,0,3,1,2,2,1,32,6,-1,-1,-1,-1,10,E01028740,0,-1
2021161084761,2021,161084761,2,1,0,18,19,6,2,0,0,1,5,0,0,0,0,1,5,6,2,51,8,-1,-1,-1,-1,2,E01012871,0,-1
2021351097523,2021,351097523,2,1,0,18,19,4,1,0,0,1,0,0,0,0,2,1,4,7,2,20,4,-1,-1,-1,-1,9,E01017958,0,-1
2021010316888,2021,010316888,2,9,0,99,99,9,9,99,99,9,9,99,9,99,9,9,6,6,3,44,7,-1,-1,-1,-1,9,E01000884,0,-1
202160Z024999,2021,60Z024999,1,9,0,9,9,1,5,0,0,8,0,0,0,0,1,1,6,6,1,74,10,-1,-1,-1,-1,-1,-1,0,-1
2021010298813,2021,010298813,1,9,9,99,99,9,9,99,99,9,9,99,9,99,9,9,6,6,3,-1,-1,-1,-1,-1,-1,-1,-1,0,-1
2021161060059,2021,161060059,2,1,0,18,19,2,6,0,0,0,0,0,0,0,1,1,6,6,2,51,8,-1,-1,-1,-1,-1,-1,0,-1
2021221053324,2021,221053324,2,21,1,2,2,0,0,0,0,2,0,0,0,0,2,1,1,1,1,59,9,-1,-1,-1,-1,5,E01024917,0,-1
2021201068902,2021,201068902,1,9,0,18,19,5,6,0,0,6,0,0,0,0,1,1,6,6,3,-1,-1,-1,-1,-1,-1,-1,-1,0,-1
2021221089364,2021,221089364,2,9,3,11,11,5,8,0,0,4,0,0,0,0,0,1,6,6,1,42,7,-1,-1,-1,-1,-1,-1,0,-1
2021041112852,2021,041112852,2,1,0,18,19,7,3,0,0,8,0,0,0,0,4,1,5,6,2,46,8,-1,-1,-1,-1,5,E01025095,0,-1
2021061027567,2021,061027567,1,1,0,18,19,5,1,0,0,0,0,0,0,0,3,1,6,6,1,26,6,-1,-1,-1,-1,4,E01005151,0,-1
2021501040763,2021,501040763,2,1,0,13,13,8,4,0,0,1,0,0,0,0,1,1,6,6,1,34,6,-1,-1,-1,-1,1,E01015261,0,-1
2021201117066,2021,201117066,1,9,0,18,19,5,1,0,0,8,0,0,0,0,3,1,6,6,3,-1,-1,-1,-1,-1,-1,-1,-1,0,-1
2021421059722,2021,421059722,2,1,0,18,19,3,7,5,5,0,0,0,0,0,1,1,5,6,1,73,10,-1,-1,-1,-1,2,E01015899,0,-1
2021070435154,2021,070435154,1,1,0,18,19,8,4,0,0,0,5,0,0,0,1,1,6,6,2,13,3,-1,-1,-1,-1,2,E01018314,0,-1
202160Z105133,2021,60Z105133,1,9,0,16,19,2,6,0,0,0,0,0,7,11,1,1,6,6,1,20,4,-1,-1,-1,-1,-1,-1,0,-1
2021501049940,2021,501049940,2,9,0,2,2,0,0,0,0,0,0,0,0,0,3,1,5,6,1,33,6,-1,-1,-1,-1,5,E01015129,0,-1
2021052100635,2021,052100635,2,1,0,18,19,3,7,0,0,0,0,0,0,0,3,1,6,6,1,55,8,-1,-1,-1,-1,1,E01007013,0,-1
202163C051821,2021,63C051821,2,5,0,4,4,2,8,0,0,0,0,0,0,0,1,1,6,6,1,31,6,-1,-1,-1,-1,-1,-1,0,-1
2021010304399,2021,010304399,2,1,0,18,19,2,6,0,0,1,0,0,0,0,3,1,2,2,1,37,7,-1,-1,-1,-1,8,E01003777,0,-1
2021161049861,2021,161049861,1,9,0,13,13,1,3,0,0,8,0,0,0,0,0,1,6,6,3,-1,-1,-1,-1,-1,-1,-1,-1,0,-1
2021010319637,2021,010319637,2,1,0,18,19,7,3,0,0,1,0,0,0,0,1,1,6,6,1,38,7,-1,-1,-1,-1,5,E01004486,0,-1
2021231067639,2021,231067639,2,9,0,18,19,3,7,0,0,8,0,0,0,0,1,2,5,6,1,21,5,-1,-1,-1,-1,6,E01019997,0,-1
2021622100391,2021,622100391,3,9,0,18,19,8,4,0,0,0,0,0,1,0,1,1,6,6,1,29,6,-1,-1,-1,-1,8,W01001945,0,-1
2021332100811,2021,332100811,2,9,0,3,3,2,6,0,0,1,0,0,0,0,2,1,1,1,1,23,5,-1,-1,-1,-1,9,E01019595,0,-1
2021010309030,2021,010309030,2,97,0,18,19,5,1,0,0,1,0,0,0,0,1,1,6,6,1,-1,-1,-1,-1,-1,-1,-1,-1,0,-1
2021170M10261,2021,170M10261,2,1,0,18,19,5,1,0,0,1,0,0,0,0,0,1,6,6,1,29,6,-1,-1,-1,-1,1,E01012018,0,-1
2021070614274,2021,070614274,1,9,0,18,19,4,8,0,0,0,0,0,0,0,4,1,6,6,3,-1,-1,-1,-1,-1,-1,-1,-1,0,-1
2021161108763,2021,161108763,2,9,0,18,19,7,3,0,0,0,0,0,0,0,1,1,6,6,3,-1,-1,-1,-1,-1,-1,-1,-1,0,-1
2021010316986,2021,010316986,1,1,9,99,99,9,9,99,99,9,9,99,9,99,9,1,2,2,1,23,5,-1,-1,-1,-1,8,E01000910,0,-1
2021440492371,2021,440492371,1,9,0,18,19,3,7,0,0,0,0,0,0,0,1,1,6,6,3,-1,-1,-1,-1,-1,-1,-1,-1,0,-1
2021010292312,2021,010292312,2,90,9,99,99,9,9,99,99,9,9,99,9,99,9,9,6,6,3,-1,-1,-1,-1,-1,-1,-1,-1,0,-1
202134WNC7451,2021,34WNC7451,2,1,0,18,19,1,5,0,0,8,0,0,0,0,1,1,6,6,1,33,6,-1,-1,-1,-1,2,E01027156,0,-1
2021010339574,2021,010339574,1,1,9,99,99,9,9,99,99,0,9,99,9,99,1,1,2,2,1,29,6,-1,-1,-1,-1,4,E01000378,0,-1
202134WNC4501,2021,34WNC4501,2,19,0,12,12,5,1,0,0,1,0,0,0,0,1,1,1,1,1,61,9,-1,-1,-1,-1,2,E01027314,0,-1
2021221085228,2021,221085228,2,8,0,14,14,1,5,0,0,0,0,0,0,0,1,1,1,1,1,42,7,-1,-1,-1,-1,-1,-1,0,-1
2021101031221,2021,101031221,2,1,0,18,19,1,5,0,0,0,0,0,0,0,1,1,6,6,1,23,5,-1,-1,-1,-1,-1,-1,0,-1
2021010304469,2021,010304469,1,1,9,99,99,9,9,99,99,9,9,99,9,99,9,1,2,2,2,32,6,-1,-1,-1,-1,3,E01020264,0,-1
2021332100693,2021,332100693,1,9,0,17,19,7,4,0,0,0,5,0,1,4,1,1,6,6,1,35,6,-1,-1,-1,-1,6,E01025724,0,-1
2021010295238,2021,010295238,1,1,9,99,99,9,9,99,99,9,9,99,9,99,2,1,2,2,1,25,5,-1,-1,-1,-1,3,E01003215,0,-1