collision_index,collision_year,collision_ref_no,vehicle_reference,vehicle_type,towing_and_articulation,vehicle_manoeuvre_historic,vehicle_manoeuvre,vehicle_direction_from,vehicle_direction_to,vehicle_location_restricted_lane_historic,vehicle_location_restricted_lane,junction_location,skidding_and_overturning,hit_object_in_carriageway,vehicle_leaving_carriageway,hit_object_off_carriageway,first_point_of_impact,vehicle_left_hand_drive,journey_purpose_of_driver_historic,journey_purpose_of_driver,sex_of_driver,age_of_driver,age_band_of_driver,engine_capacity_cc,propulsion_code,age_of_vehicle,generic_make_model,driver_imd_decile,lsoa_of_driver,escooter_flag,driver_distance_banding
2021201146542,2021,201146542,2,9,0,18,19,-1,-1,0,0,0,0,0,0,0,0,1,6,6,2,40,7,-1,-1,-1,-1,3,E01009086,0,-1
202154A964221,2021,54A964221,1,-1,0,9,9,3,1,5,5,2,0,0,0,0,1,1,6,6,1,-1,-1,-1,-1,-1,-1,-1,-1,1,-1
2021351028893,2021,351028893,2,-1,0,18,19,7,3,0,0,6,0,0,0,0,4,1,6,6,1,28,6,-1,-1,-1,-1,1,E01015647,1,-1
2021440182273,2021,440182273,1,1,0,18,19,2,6,0,0,8,0,0,0,0,4,1,6,6,1,28,6,-1,-1,-1,-1,1,E01002854,0,-1
2021332100214,2021,332100214,2,9,0,2,2,0,0,0,0,0,0,0,0,0,3,1,6,6,3,-1,-1,-1,-1,-1,-1,-1,-1,0,-1
2021131111624,2021,131111624,2,9,0,3,3,5,1,0,0,0,0,0,0,0,2,2,6,6,1,34,6,-1,-1,-1,-1,1,E01024305,0,-1
2021501113403,2021,501113403,1,9,0,18,19,3,3,0,0,0,0,0,0,0,1,1,6,6,2,-1,-1,-1,-1,-1,-1,-1,-1,0,-1
2021522101896,2021,522101896,1,9,0,7,7,2,6,0,0,6,0,0,0,0,1,1,6,6,1,60,9,-1,-1,-1,-1,-1,-1,0,-1
2021070450740,2021,070450740,1,1,0,18,19,2,6,0,0,8,1,0,0,0,1,1,1,1,1,36,7,-1,-1,-1,-1,1,E01018462,0,-1
2021201134276,2021,201134276,1,9,0,18,19,6,2,0,0,6,0,0,0,0,1,1,2,2,2,39,7,-1,-1,-1,-1,2,E01008894,0,-1
2021131068490,2021,131068490,2,1,0,18,19,1,5,0,0,8,0,0,0,0,3,1,2,2,2,47,8,-1,-1,-1,-1,5,E01011006,0,-1
2021332100763,2021,332100763,1,9,0,5,5,2,6,0,0,0,0,0,0,0,3,1,6,6,1,-1,-1,-1,-1,-1,-1,3,E01013773,0,-1
2021991098007,2021,991098007,2,1,0,18,19,1,5,0,0,1,0,0,0,0,1,1,6,6,2,25,5,-1,-1,-1,-1,4,-1,0,-1
2021332100406,2021,332100406,2,1,0,18,19,7,3,0,0,0,0,0,0,0,2,1,6,6,1,31,6,-1,-1,-1,-1,4,E01013749,0,-1
2021061063475,2021,061063475,2,1,0,18,19,7,3,0,0,8,0,0,0,0,1,1,5,6,1,36,7,-1,-1,-1,-1,4,E01011753,0,-1
2021010315106,2021,010315106,2,9,0,99,99,9,9,99,99,9,9,99,9,99,9,9,6,6,3,-1,-1,-1,-1,-1,-1,-1,-1,0,-1
2021461060028,2021,461060028,1,98,1,18,19,1,5,0,0,0,1,0,0,0,1,1,5,6,1,-1,-1,-1,-1,-1,-1,-1,-1,0,-1
2021461101096,2021,461101096,2,9,0,5,5,1,5,0,0,0,0,0,0,0,4,1,6,6,1,51,8,-1,-1,-1,-1,6,E01000407,0,-1
2021430368036,2021,430368036,2,1,0,18,19,4,8,0,0,8,0,0,0,0,4,1,6,6,2,32,6,-1,-1,-1,-1,4,E01017662,0,-1
2021061101884,2021,061101884,1,8,0,18,19,8,8,0,0,8,0,0,0,0,2,1,1,1,1,40,7,-1,-1,-1,-1,1,E01006109,0,-1
2021010322220,2021,010322220,3,9,0,6,6,5,5,0,0,0,0,0,0,0,2,1,6,6,3,-1,-1,-1,-1,-1,-1,-1,-1,0,-1
2021440087745,2021,440087745,1,1,0,18,19,5,1,4,4,8,0,0,0,0,3,1,6,6,2,20,4,-1,-1,-1,-1,9,E01032753,0,-1
2021010291927,2021,010291927,2,9,0,99,99,9,9,99,99,8,9,99,9,99,2,9,6,6,3,-1,-1,-1,-1,-1,-1,-1,-1,0,-1
2021010301045,2021,010301045,1,1,9,99,99,9,9,99,99,9,9,99,9,99,1,1,6,6,1,26,6,-1,-1,-1,-1,9,E01004053,0,-1
2021131034749,2021,131034749,1,9,0,18,19,8,6,0,0,8,0,0,0,0,-1,1,6,6,3,-1,-1,-1,-1,-1,-1,-1,-1,0,-1
2021052100703,2021,052100703,1,9,0,18,19,6,2,0,0,3,0,0,0,0,1,1,6,6,3,-1,-1,-1,-1,-1,-1,-1,-1,0,-1
2021201067406,2021,201067406,2,9,0,5,5,4,6,0,0,6,0,0,0,0,1,1,6,6,3,-1,-1,-1,-1,-1,-1,-1,-1,0,-1
2021622100185,2021,622100185,2,1,0,5,5,8,4,0,0,8,0,0,0,0,1,1,6,6,1,49,8,-1,-1,-1,-1,4,W01001050,0,-1
2021201056670,2021,201056670,2,1,0,17,19,5,1,0,0,0,0,0,0,0,4,1,6,6,1,14,3,-1,-1,-1,-1,2,E01010535,0,-1
2021440394173,2021,440394173,2,9,0,17,19,1,5,0,0,8,0,0,0,0,3,1,6,6,3,-1,-1,-1,-1,-1,-1,-1,-1,0,-1
2021010316334,2021,010316334,1,1,0,9,9,2,8,0,0,5,0,0,0,0,0,1,2,2,2,46,8,-1,-1,-1,-1,2,E01003112,0,-1
2021552100574,2021,552100574,2,1,0,7,7,6,2,0,0,6,0,0,0,0,1,1,2,2,1,44,7,-1,-1,-1,-1,8,E01015394,0,-1
2021320360496,2021,320360496,2,1,0,18,19,8,4,0,0,3,0,0,0,0,2,1,6,6,1,19,4,-1,-1,-1,-1,-1,-1,0,-1
2021010304884,2021,010304884,2,1,0,18,19,8,4,0,0,8,0,0,0,0,1,1,6,6,1,26,6,-1,-1,-1,-1,5,E01003072,0,-1
2021201116217,2021,201116217,1,9,0,18,19,4,8,0,0,0,0,0,0,0,1,1,6,6,1,-1,-1,-1,-1,-1,-1,-1,-1,0,-1
2021010313578,2021,010313578,2,1,0,18,19,5,1,0,0,1,0,0,0,0,1,1,6,6,2,29,6,-1,-1,-1,-1,3,E01003916,0,-1
2021131066538,2021,131066538,1,90,0,18,19,3,7,0,0,8,0,0,0,0,4,1,5,6,1,27,6,-1,-1,-1,-1,8,E01011169,0,-1
2021010296058,2021,010296058,2,1,0,18,19,1,5,0,0,1,0,0,0,0,3,1,6,6,1,46,8,-1,-1,-1,-1,10,E01023558,0,-1
2021201133545,2021,201133545,2,1,0,18,19,8,4,0,0,8,0,0,0,0,3,1,1,1,1,18,4,-1,-1,-1,-1,1,E01009021,0,-1
2021010328935,2021,010328935,2,9,0,99,99,9,9,99,99,9,9,99,9,99,9,9,6,6,3,-1,-1,-1,-1,-1,-1,-1,-1,0,-1
202106X078910,2021,06X078910,2,9,0,18,19,6,2,0,0,1,0,0,7,0,1,1,1,1,1,47,8,-1,-1,-1,-1,7,E01019718,0,-1
2021332101508,2021,332101508,2,17,0,18,19,7,3,0,0,0,0,0,0,0,0,1,6,6,1,26,6,-1,-1,-1,-1,-1,-1,0,-1
202160Z131413,2021,60Z131413,2,9,0,9,9,8,5,0,0,8,0,0,0,0,3,1,6,6,1,38,7,-1,-1,-1,-1,-1,-1,0,-1
2021061054836,2021,061054836,2,1,0,18,19,7,5,0,0,8,2,0,0,0,1,1,5,6,1,62,9,-1,-1,-1,-1,5,E01005229,0,-1
2021522201527,2021,522201527,2,9,0,18,19,8,4,0,0,8,0,0,0,0,2,1,6,6,1,36,7,-1,-1,-1,-1,7,E01015004,0,-1
2021332100759,2021,332100759,2,5,0,18,19,8,4,0,0,0,0,0,1,0,1,1,6,6,1,40,7,-1,-1,-1,-1,3,E01027340,0,-1
2021520200583,2021,520200583,3,9,0,18,19,7,3,0,0,1,0,0,0,0,1,1,6,6,1,55,8,-1,-1,-1,-1,8,E01029282,0,-1
2021610033021,2021,610033021,1,21,1,12,12,7,3,0,0,0,0,0,0,0,1,2,1,1,1,64,9,-1,-1,-1,-1,-1,-1,0,-1
2021320583272,2021,320583272,1,9,0,18,19,4,8,0,0,0,0,0,0,7,1,1,6,6,1,18,4,-1,-1,-1,-1,5,E01026133,0,-1
2021010352226,2021,010352226,2,-1,0,18,19,6,2,0,0,1,0,0,0,0,3,1,6,6,1,33,6,-1,-1,-1,-1,3,E01003562,1,-1
2021430452587,2021,430452587,1,19,0,9,9,4,8,0,0,6,0,0,0,0,1,1,6,6,1,55,8,-1,-1,-1,-1,6,E01028555,0,-1
202163C087521,2021,63C087521,1,9,0,9,9,6,4,0,0,5,0,0,0,0,4,1,3,7,2,62,9,-1,-1,-1,-1,4,W01000586,0,-1
2021010352414,2021,010352414,1,-1,0,16,19,1,5,0,0,2,0,0,0,0,1,1,6,6,1,28,6,-1,-1,-1,-1,5,E01003134,1,-1
2021031051551,2021,031051551,1,9,0,7,7,2,4,0,0,6,0,0,0,0,0,1,6,6,3,18,4,-1,-1,-1,-1,-1,-1,0,-1
2021041087120,2021,041087120,2,1,0,18,19,1,5,0,0,1,5,0,0,0,1,1,2,2,1,24,5,-1,-1,-1,-1,2,E01025263,0,-1
2021010352796,2021,010352796,2,98,1,99,99,9,9,99,99,9,9,99,9,99,1,9,6,6,3,-1,-1,-1,-1,-1,-1,-1,-1,0,-1
2021430395480,2021,430395480,2,9,0,3,3,6,2,0,0,1,0,0,0,0,2,1,6,6,2,43,7,-1,-1,-1,-1,9,E01016608,0,-1
2021552100120,2021,552100120,2,9,0,5,5,4,8,0,0,1,0,0,0,0,3,1,6,6,1,47,8,-1,-1,-1,-1,4,E01015372,0,-1
2021052101403,2021,052101403,1,1,0,18,19,5,1,0,0,0,0,0,0,0,1,1,6,6,2,10,2,-1,-1,-1,-1,1,E01006705,0,-1
2021461015522,2021,461015522,1,9,0,18,19,7,3,0,0,0,0,0,3,0,1,1,6,6,1,-1,-1,-1,-1,-1,-1,-1,-1,0,-1
2021170H10951,2021,170H10951,1,19,0,9,9,3,1,0,0,8,0,0,1,0,1,1,1,1,2,41,7,-1,-1,-1,-1,2,E01011962,0,-1
2021041109846,2021,041109846,2,9,0,17,19,3,7,0,0,0,0,0,0,0,3,1,5,6,1,31,6,-1,-1,-1,-1,7,E01027584,0,-1
2021401063758,2021,401063758,2,90,-1,-1,-1,-1,-1,-1,-1,0,-1,-1,-1,0,-1,1,6,6,3,-1,-1,-1,-1,-1,-1,-1,-1,0,-1
2021010324688,2021,010324688,1,1,0,18,19,7,3,0,0,1,5,0,0,0,1,1,6,6,1,38,7,-1,-1,-1,-1,-1,-1,0,-1
2021361085872,2021,361085872,1,1,0,18,19,3,7,0,0,0,5,0,0,0,2,1,5,6,1,14,3,-1,-1,-1,-1,4,E01033037,0,-1
2021010339358,2021,010339358,2,1,0,4,4,1,5,0,0,1,0,0,0,0,1,1,6,6,1,16,4,-1,-1,-1,-1,1,E01001178,0,-1
2021610008821,2021,610008821,2,9,0,12,12,8,5,0,0,3,0,0,0,1,4,1,6,6,1,69,10,-1,-1,-1,-1,-1,-1,0,-1
2021522104653,2021,522104653,1,9,0,15,15,1,5,0,0,1,0,0,0,0,1,1,6,6,1,50,8,-1,-1,-1,-1,-1,-1,0,-1
2021010345200,2021,010345200,1,9,0,7,7,1,4,0,0,2,0,0,0,0,1,1,6,6,3,-1,-1,-1,-1,-1,-1,-1,-1,0,-1
2021010320391,2021,010320391,1,9,0,99,99,9,9,99,99,9,9,99,9,99,1,9,6,6,2,25,5,-1,-1,-1,-1,1,E01015795,0,-1
2021411097745,2021,411097745,1,-1,0,18,19,1,5,0,0,2,5,10,7,0,1,1,5,6,1,53,8,-1,-1,-1,-1,4,E01023783,1,-1
2021010291310,2021,010291310,2,1,0,7,7,1,4,0,0,1,0,0,0,0,1,1,6,6,1,50,8,-1,-1,-1,-1,3,E01000736,0,-1
2021430160912,2021,430160912,1,9,0,18,19,3,7,0,0,1,0,0,0,0,1,1,6,6,2,-1,-1,-1,-1,-1,-1,-1,-1,0,-1
202160Z080636,2021,60Z080636,2,9,0,18,19,1,5,0,0,1,0,0,0,0,1,1,6,6,2,61,9,-1,-1,-1,-1,-1,-1,0,-1
2021430419684,2021,430419684,2,9,0,7,7,8,2,9,9,5,0,0,0,0,4,1,6,6,1,-1,-1,-1,-1,-1,-1,-1,-1,0,-1
2021440481446,2021,440481446,2,97,0,4,4,8,4,0,0,2,0,0,0,0,1,1,6,6,1,18,4,-1,-1,-1,-1,7,E01022945,0,-1
2021141115307,2021,141115307,2,98,0,18,19,5,1,0,0,0,0,0,0,0,1,1,6,6,3,-1,-1,-1,-1,-1,-1,-1,-1,0,-1
2021451105709,2021,451105709,2,98,0,18,19,3,1,0,0,2,0,0,0,0,0,1,6,6,3,36,7,-1,-1,-1,-1,-1,-1,0,-1
2021010312687,2021,010312687,2,1,9,10,10,3,1,99,99,9,9,99,9,99,9,1,1,1,3,-1,-1,-1,-1,-1,-1,-1,-1,0,-1
2021061084113,2021,061084113,1,1,0,7,7,1,3,0,0,1,0,0,0,0,1,1,6,6,1,50,8,-1,-1,-1,-1,10,E01006083,0,-1
2021332100428,2021,332100428,1,9,0,11,11,5,1,0,0,0,0,0,0,0,1,1,1,1,1,59,9,-1,-1,-1,-1,4,E01013607,0,-1
2021052102185,2021,052102185,1,9,0,18,19,7,3,0,0,8,0,0,0,0,1,1,6,6,3,-1,-1,-1,-1,-1,-1,-1,-1,0,-1
2021010350710,2021,010350710,2,1,0,18,19,5,1,0,0,6,0,0,0,0,3,1,6,6,1,35,6,-1,-1,-1,-1,-1,-1,0,-1
2021010311852,2021,010311852,1,1,9,18,19,1,5,99,99,9,9,99,9,99,9,1,2,2,1,35,6,-1,-1,-1,-1,3,E01003923,0,-1
202106P079548,2021,06P079548,1,9,0,9,9,3,1,0,0,3,0,0,0,0,1,1,6,6,1,20,4,-1,-1,-1,-1,2,E01005487,0,-1
2021549392321,2021,549392321,1,1,0,18,19,6,2,0,0,0,0,0,0,0,1,1,6,6,1,58,9,-1,-1,-1,-1,7,E01031866,0,-1
2021010332843,2021,010332843,1,1,9,99,99,9,9,99,99,9,9,99,9,99,9,1,2,2,1,45,7,-1,-1,-1,-1,9,E01004596,0,-1
2021991109255,2021,991109255,2,1,0,16,19,1,3,0,0,4,0,0,0,0,2,1,2,2,1,33,6,-1,-1,-1,-1,4,-1,0,-1
2021461025018,2021,461025018,1,1,0,7,7,7,2,0,0,2,0,0,0,0,3,1,6,6,1,19,4,-1,-1,-1,-1,4,E01024296,0,-1
2021010318848,2021,010318848,2,1,0,14,14,3,7,0,0,0,0,0,0,0,1,1,6,6,1,45,7,-1,-1,-1,-1,4,E01004750,0,-1
2021010309889,2021,010309889,1,1,0,9,9,5,3,0,0,8,0,0,0,0,0,1,6,6,1,41,7,-1,-1,-1,-1,8,E01002922,0,-1
2021522105708,2021,522105708,1,1,0,18,19,6,2,0,0,0,0,0,0,0,1,1,6,6,1,25,5,-1,-1,-1,-1,-1,-1,0,-1
2021430482029,2021,430482029,1,1,0,18,19,5,1,0,0,8,0,0,0,0,4,1,6,6,1,15,3,-1,-1,-1,-1,4,E01017902,0,-1
2021201050824,2021,201050824,1,9,0,9,9,1,8,0,0,3,5,0,0,0,4,1,6,6,1,27,6,-1,-1,-1,-1,5,E01009825,0,-1
2021101058472,2021,101058472,1,98,0,18,19,1,5,0,0,1,1,4,0,0,2,1,1,1,3,21,5,-1,-1,-1,-1,-1,-1,0,-1
2021351129492,2021,351129492,2,9,0,16,19,5,1,0,0,2,1,0,0,0,1,1,6,6,3,-1,-1,-1,-1,-1,-1,-1,-1,0,-1
2021361032114,2021,361032114,2,1,0,18,19,2,6,0,0,1,0,0,0,0,1,1,6,6,2,61,9,-1,-1,-1,-1,7,E01026471,0,-1
2021531058462,2021,531058462,1,98,0,18,19,7,3,0,0,8,0,0,0,0,1,2,1,1,1,50,8,-1,-1,-1,-1,-1,-1,0,-1
2021332100360,2021,332100360,1,1,0,18,19,8,4,4,4,8,0,0,0,0,3,1,6,6,1,65,9,-1,-1,-1,-1,10,E01025783,0,-1
2021471015783,2021,471015783,2,1,0,17,19,1,7,0,0,1,0,0,0,0,1,1,6,6,1,54,8,-1,-1,-1,-1,9,E01021123,0,-1
2021451064521,2021,451064521,1,1,0,18,19,1,5,0,0,0,0,0,0,0,0,1,2,2,2,25,5,-1,-1,-1,-1,-1,-1,0,-1
2021332100012,2021,332100012,2,9,0,11,11,5,1,0,0,1,0,0,0,0,4,1,2,2,1,49,8,-1,-1,-1,-1,4,E01013749,0,-1
2021101066466,2021,101066466,2,1,0,18,19,1,5,0,0,0,0,0,0,0,2,1,6,6,1,41,7,-1,-1,-1,-1,10,E01008550,0,-1
2021430525513,2021,430525513,1,90,0,18,19,1,5,0,0,8,0,0,0,0,1,1,6,6,1,32,6,-1,-1,-1,-1,2,E01028577,0,-1
2021401043525,2021,401043525,2,9,0,4,4,1,5,0,0,1,0,0,0,0,2,1,5,6,2,43,7,-1,-1,-1,-1,2,E01015781,0,-1
2021010298372,2021,010298372,1,1,9,99,99,9,9,99,99,0,9,99,9,99,9,1,6,6,1,15,3,-1,-1,-1,-1,2,E01004067,0,-1
2021332100744,2021,332100744,2,9,0,18,19,7,3,0,0,8,0,0,0,0,1,1,6,6,2,18,4,-1,-1,-1,-1,9,E01025688,0,-1
2021052102372,2021,052102372,1,9,0,18,19,7,3,0,0,0,0,0,0,0,1,1,6,6,3,-1,-1,-1,-1,-1,-1,-1,-1,0,-1
2021161040542,2021,161040542,2,1,0,18,19,2,6,0,0,0,0,0,0,0,2,1,6,6,1,26,6,-1,-1,-1,-1,5,E01012756,0,-1
2021010301062,2021,010301062,2,1,0,18,19,7,3,0,0,1,0,0,1,0,1,1,6,6,1,54,8,-1,-1,-1,-1,3,E01003431,0,-1
2021440232364,2021,440232364,1,1,0,9,9,2,8,0,0,8,0,0,0,0,4,1,6,6,1,24,5,-1,-1,-1,-1,-1,-1,0,-1
202163A021521,2021,63A021521,1,3,0,16,19,6,1,0,0,0,0,7,7,7,1,1,6,6,1,33,6,-1,-1,-1,-1,4,W01000753,0,-1
2021010302520,2021,010302520,2,1,0,13,13,1,5,0,0,2,0,0,0,0,1,1,6,6,1,40,7,-1,-1,-1,-1,3,E01004028,0,-1
202131A006821,2021,31A006821,1,9,0,18,19,7,3,0,0,1,0,0,0,0,1,1,6,6,3,-1,-1,-1,-1,-1,-1,-1,-1,0,-1
2021161112855,2021,161112855,2,1,0,18,19,5,1,0,0,0,0,0,0,0,3,1,6,6,1,58,9,-1,-1,-1,-1,1,E01012891,0,-1
202160Z031303,2021,60Z031303,1,1,0,18,19,2,6,0,0,2,0,0,0,0,1,1,6,6,1,50,8,-1,-1,-1,-1,-1,-1,0,-1
2021471043504,2021,471043504,2,1,0,18,19,3,7,0,0,8,0,0,0,0,1,1,5,6,1,27,6,-1,-1,-1,-1,4,E01021002,0,-1
2021041122070,2021,041122070,2,9,0,18,19,3,7,0,0,0,0,0,0,0,1,1,2,2,1,52,8,-1,-1,-1,-1,2,E01024910,0,-1
2021361019465,2021,361019465,2,1,0,18,19,5,1,0,0,1,0,0,0,0,1,1,6,6,1,37,7,-1,-1,-1,-1,5,E01026693,0,-1
2021552101061,2021,552101061,2,90,0,18,19,4,8,9,9,8,0,0,0,0,1,1,6,6,1,12,3,-1,-1,-1,-1,9,E01015325,0,-1
2021010300589,2021,010300589,2,1,0,18,19,3,7,4,4,1,0,0,0,0,1,1,6,6,1,27,6,-1,-1,-1,-1,2,E01004252,0,-1
2021552100724,2021,552100724,2,1,0,18,19,7,3,0,0,8,0,0,0,0,1,1,6,6,1,72,10,-1,-1,-1,-1,10,E01015295,0,-1
2021061076687,2021,061076687,2,1,0,18,19,4,8,0,0,1,0,0,0,0,2,1,5,6,1,18,4,-1,-1,-1,-1,-1,-1,0,-1
2021501075323,2021,501075323,1,9,0,6,6,7,3,0,0,1,0,0,0,0,0,1,6,6,3,-1,-1,-1,-1,-1,-1,-1,-1,0,-1
2021170H10221,2021,170H10221,1,1,0,18,19,7,3,0,0,2,0,0,0,0,2,1,6,6,1,14,3,-1,-1,-1,-1,1,E01011981,0,-1
2021101037073,2021,101037073,1,9,0,18,19,5,1,0,0,0,0,0,0,0,1,1,2,2,1,56,9,-1,-1,-1,-1,8,E01033717,0,-1
2021010340989,2021,010340989,3,9,9,99,99,9,9,99,99,9,9,99,9,99,9,9,6,6,3,-1,-1,-1,-1,-1,-1,-1,-1,0,-1
2021451048127,2021,451048127,4,9,0,18,19,5,1,0,0,0,0,0,0,0,2,1,6,6,3,55,8,-1,-1,-1,-1,-1,-1,0,-1
2021141051104,2021,141051104,1,9,0,18,19,3,7,0,0,0,0,0,0,0,4,1,6,6,3,-1,-1,-1,-1,-1,-1,-1,-1,0,-1
2021461121331,2021,461121331,1,9,0,5,5,8,4,0,0,8,0,0,0,0,1,1,6,6,1,-1,-1,-1,-1,-1,-1,-1,-1,0,-1
2021010321467,2021,010321467,1,1,0,18,19,5,1,0,0,0,0,0,0,0,1,1,6,6,1,25,5,-1,-1,-1,-1,2,E01001161,0,-1
2021070541253,2021,070541253,2,1,0,8,8,1,3,0,0,1,0,0,0,0,1,1,1,1,1,-1,-1,-1,-1,-1,-1,-1,-1,0,-1
2021010344681,2021,010344681,2,9,0,99,99,9,9,99,99,9,9,99,9,99,9,9,6,6,3,24,5,-1,-1,-1,-1,9,E01015995,0,-1
2021401084313,2021,401084313,1,9,4,18,19,1,5,0,0,0,0,0,0,0,1,1,1,1,1,47,8,-1,-1,-1,-1,7,E01027202,0,-1
2021010316004,2021,010316004,2,1,0,18,19,1,5,0,0,1,0,0,0,0,3,1,2,2,1,37,7,-1,-1,-1,-1,5,E01016156,0,-1
2021041102771,2021,041102771,2,9,0,4,4,5,1,0,0,1,0,0,0,0,2,1,2,2,1,28,6,-1,-1,-1,-1,1,E01012681,0,-1
2021010333261,2021,010333261,1,9,0,99,99,9,9,99,99,9,9,99,9,99,9,9,6,6,3,45,7,-1,-1,-1,-1,8,E01013650,0,-1
2021161088058,2021,161088058,2,1,0,18,19,5,1,0,0,1,0,0,0,0,3,1,4,7,1,12,3,-1,-1,-1,-1,10,E01013171,0,-1
2021201147458,2021,201147458,1,9,0,18,19,6,2,0,0,8,0,0,0,0,1,1,6,6,1,-1,-1,-1,-1,-1,-1,-1,-1,0,-1
2021332100656,2021,332100656,2,9,0,18,19,7,3,0,0,1,0,0,0,0,1,1,6,6,1,21,5,-1,-1,-1,-1,1,E01013637,0,-1
2021440265973,2021,440265973,1,8,0,18,19,5,1,0,0,1,0,0,0,0,3,1,1,1,1,-1,-1,-1,-1,-1,-1,-1,-1,0,-1
2021430410143,2021,430410143,1,1,0,3,3,8,4,0,0,1,0,0,0,0,2,1,6,6,1,45,7,-1,-1,-1,-1,6,E01016434,0,-1
2021010334227,2021,010334227,2,1,0,18,19,7,3,0,0,8,5,0,0,0,3,1,2,2,2,56,9,-1,-1,-1,-1,9,E01001605,0,-1
2021430008815,2021,430008815,2,11,0,4,4,4,8,0,0,1,0,0,0,0,2,1,1,1,3,-1,-1,-1,-1,-1,-1,-1,-1,0,-1
2021501067441,2021,501067441,1,9,0,9,9,3,1,0,0,5,0,0,0,0,4,1,5,6,1,67,10,-1,-1,-1,-1,4,E01020070,0,-1
2021010309210,2021,010309210,2,-1,0,18,19,5,1,9,9,8,0,0,1,0,1,1,6,6,3,-1,-1,-1,-1,-1,-1,-1,-1,1,-1
2021010335312,2021,010335312,2,1,0,3,3,4,8,0,0,1,0,0,0,0,3,1,6,6,1,46,8,-1,-1,-1,-1,6,E01003152,0,-1
2021471124336,2021,471124336,2,1,0,18,19,2,6,0,0,8,0,0,0,0,1,1,5,6,1,23,5,-1,-1,-1,-1,5,E01004745,0,-1
2021552100450,2021,552100450,2,9,0,18,19,4,8,0,0,8,0,0,0,0,1,1,2,2,3,79,11,-1,-1,-1,-1,9,E01020557,0,-1
2021332100560,2021,332100560,2,3,0,11,11,3,1,0,0,3,0,0,0,0,4,1,2,2,1,24,5,-1,-1,-1,-1,3,E01025949,0,-1
2021610033321,2021,610033321,2,9,0,11,11,1,5,0,0,3,1,10,0,0,2,1,6,6,2,24,5,-1,-1,-1,-1,-1,-1,0,-1
2021161113999,2021,161113999,1,97,0,18,19,5,1,0,0,0,1,0,7,0,4,1,6,6,1,21,5,-1,-1,-1,-1,2,E01013002,0,-1
2021411133809,2021,411133809,2,20,0,2,2,0,0,0,0,1,0,0,1,7,2,1,1,1,1,35,6,-1,-1,-1,-1,5,E01002625,0,-1
2021451084004,2021,451084004,1,1,0,18,19,7,3,0,0,0,0,0,0,0,1,1,5,6,1,62,9,-1,-1,-1,-1,10,E01030922,0,-1
2021451088979,2021,451088979,2,1,0,18,19,7,3,0,0,1,0,0,0,0,0,1,5,6,1,26,6,-1,-1,-1,-1,7,E01001871,0,-1
2021545852121,2021,545852121,2,9,0,18,19,3,7,0,0,8,5,0,0,0,3,1,2,2,2,49,8,-1,-1,-1,-1,8,E01032071,0,-1
202160Z115088,2021,60Z115088,2,9,0,18,19,1,5,0,0,1,0,0,0,0,1,1,6,6,1,37,7,-1,-1,-1,-1,-1,-1,0,-1
2021010317018,2021,010317018,1,9,9,99,99,9,9,99,99,9,9,99,9,99,9,9,6,6,3,-1,-1,-1,-1,-1,-1,-1,-1,0,-1
2021451079071,2021,451079071,1,9,0,18,19,1,5,0,0,0,0,0,0,0,1,1,6,6,2,35,6,-1,-1,-1,-1,-1,-1,0,-1
2021351097523,2021,351097523,1,97,0,18,19,4,8,0,0,1,0,0,0,0,1,1,6,6,1,30,6,-1,-1,-1,-1,-1,-1,0,-1
2021070622669,2021,070622669,2,19,0,18,19,3,7,0,0,0,0,0,0,0,3,1,6,6,3,-1,-1,-1,-1,-1,-1,-1,-1,0,-1
2021430418841,2021,430418841,2,9,0,11,11,4,8,0,0,7,0,0,0,0,4,1,6,6,3,-1,-1,-1,-1,-1,-1,-1,-1,0,-1
2021010318197,2021,010318197,1,1,9,14,14,7,3,99,99,0,9,99,9,99,2,1,6,6,1,27,6,-1,-1,-1,-1,6,E01003152,0,-1
2021411022159,2021,411022159,1,9,0,18,19,8,4,0,0,1,1,11,5,0,3,1,5,6,1,18,4,-1,-1,-1,-1,9,E01023831,0,-1
202160Z018227,2021,60Z018227,2,3,0,18,19,3,7,0,0,8,0,0,0,0,1,1,6,6,1,21,5,-1,-1,-1,-1,-1,-1,0,-1
2021052101761,2021,052101761,1,-1,0,18,19,7,3,0,0,0,0,0,0,0,0,1,6,6,1,40,7,-1,-1,-1,-1,6,E01006578,1,-1
2021610052221,2021,610052221,2,9,0,16,19,3,5,0,0,0,0,0,0,0,4,1,6,6,2,31,6,-1,-1,-1,-1,-1,-1,0,-1
2021010347685,2021,010347685,1,4,0,18,19,5,1,0,0,6,0,0,0,0,3,1,2,2,1,34,6,-1,-1,-1,-1,2,E01002087,0,-1
2021361085792,2021,361085792,1,19,0,18,19,5,1,0,0,0,0,0,0,0,3,1,6,6,3,-1,-1,-1,-1,-1,-1,-1,-1,0,-1
202106A079221,2021,06A079221,2,9,0,18,19,8,4,0,0,1,0,0,0,0,1,1,6,6,3,30,6,-1,-1,-1,-1,-1,-1,0,-1
2021430366254,2021,430366254,2,9,0,9,9,3,1,0,0,6,0,0,0,0,1,1,6,6,1,-1,-1,-1,-1,-1,-1,-1,-1,0,-1
2021471112411,2021,471112411,1,1,0,18,19,5,1,0,0,2,0,0,0,0,1,1,5,6,1,52,8,-1,-1,-1,-1,10,E01022632,0,-1
2021122100157,2021,122100157,1,9,0,13,13,3,6,0,0,0,0,0,0,0,1,9,6,6,3,-1,-1,-1,-1,-1,-1,-1,-1,0,-1
2021332100408,2021,332100408,2,1,0,18,19,4,8,0,0,1,0,0,0,0,3,1,6,6,1,16,4,-1,-1,-1,-1,1,E01013621,0,-1
2021161071805,2021,161071805,1,9,0,18,19,5,1,0,0,1,0,0,0,0,1,1,6,6,1,-1,-1,-1,-1,-1,-1,-1,-1,0,-1
2021302100893,2021,302100893,2,9,0,17,19,4,8,0,0,0,0,0,0,0,0,1,6,6,3,-1,-1,-1,-1,-1,-1,5,E01019456,0,-1
2021161118292,2021,161118292,2,1,0,7,7,6,2,4,4,6,0,0,0,0,2,1,2,2,2,51,8,-1,-1,-1,-1,1,E01013000,0,-1
2021430232315,2021,430232315,2,1,0,18,19,3,7,0,0,8,0,0,0,0,3,1,6,6,1,16,4,-1,-1,-1,-1,7,E01016495,0,-1
2021010320325,2021,010320325,1,1,9,99,99,9,9,99,99,9,9,99,9,99,9,1,2,2,2,34,6,-1,-1,-1,-1,1,E01033701,0,-1