collision_index,collision_year,collision_ref_no,vehicle_reference,vehicle_type,towing_and_articulation,vehicle_manoeuvre_historic,vehicle_manoeuvre,vehicle_direction_from,vehicle_direction_to,vehicle_location_restricted_lane_historic,vehicle_location_restricted_lane,junction_location,skidding_and_overturning,hit_object_in_carriageway,vehicle_leaving_carriageway,hit_object_off_carriageway,first_point_of_impact,vehicle_left_hand_drive,journey_purpose_of_driver_historic,journey_purpose_of_driver,sex_of_driver,age_of_driver,age_band_of_driver,engine_capacity_cc,propulsion_code,age_of_vehicle,generic_make_model,driver_imd_decile,lsoa_of_driver,escooter_flag,driver_distance_banding
2021010328905,2021,010328905,2,1,0,18,19,7,3,0,0,1,0,0,0,0,4,1,2,2,1,42,7,-1,-1,-1,-1,4,E01000504,0,-1
2021522104932,2021,522104932,2,1,0,18,19,2,6,0,0,8,0,0,0,0,3,1,6,6,2,47,8,-1,-1,-1,-1,1,E01014497,0,-1
2021545956921,2021,545956921,1,9,0,5,5,5,1,0,0,0,0,0,0,0,1,1,6,6,3,-1,-1,-1,-1,-1,-1,-1,-1,0,-1
2021520102857,2021,520102857,1,9,4,18,19,3,7,0,0,0,0,0,0,0,1,1,1,1,1,55,8,-1,-1,-1,-1,6,E01029021,0,-1
2021010289877,2021,010289877,3,9,0,18,19,3,7,0,0,1,0,0,0,0,1,1,6,6,3,-1,-1,-1,-1,-1,-1,-1,-1,0,-1
2021052101163,2021,052101163,2,1,0,18,19,5,1,0,0,8,0,0,0,0,1,1,6,6,1,34,6,-1,-1,-1,-1,1,E01006734,0,-1
2021010341669,2021,010341669,1,19,0,5,5,5,1,0,0,1,0,11,0,0,1,1,6,6,1,48,8,-1,-1,-1,-1,1,E01024295,0,-1
2021041038236,2021,041038236,2,9,0,2,2,0,0,0,0,1,0,0,0,0,1,1,6,6,3,-1,-1,-1,-1,-1,-1,-1,-1,0,-1
2021991076902,2021,991076902,2,1,0,18,19,3,7,0,0,1,0,0,0,0,2,1,5,6,1,52,8,-1,-1,-1,-1,10,-1,0,-1
2021332100613,2021,332100613,2,1,0,16,19,4,7,0,0,8,0,0,0,0,1,1,6,6,2,36,7,-1,-1,-1,-1,10,E01025783,0,-1
2021461032998,2021,461032998,1,98,1,4,4,1,5,0,0,3,0,0,0,0,3,1,6,6,3,-1,-1,-1,-1,-1,-1,-1,-1,0,-1
2021421097540,2021,421097540,1,9,0,18,19,3,7,0,0,1,0,0,0,0,1,1,6,6,3,-1,-1,-1,-1,-1,-1,-1,-1,0,-1
2021332100538,2021,332100538,1,2,0,13,13,3,7,0,0,8,0,0,0,0,1,1,6,6,1,16,4,-1,-1,-1,-1,3,E01025905,0,-1
2021421107370,2021,421107370,3,22,0,18,19,1,5,9,9,0,0,0,0,0,1,1,5,6,1,72,10,-1,-1,-1,-1,5,E01021357,0,-1
2021201029392,2021,201029392,2,1,0,18,19,4,8,0,0,8,0,0,0,0,3,1,6,6,1,59,9,-1,-1,-1,-1,4,E01009590,0,-1
202160Z070126,2021,60Z070126,4,9,0,2,2,0,0,0,0,2,0,0,0,0,3,1,6,6,2,49,8,-1,-1,-1,-1,-1,-1,0,-1
2021170M30831,2021,170M30831,2,1,0,18,19,2,6,0,0,8,0,0,0,0,4,1,6,6,1,49,8,-1,-1,-1,-1,8,E01012062,0,-1
2021141094608,2021,141094608,1,9,0,18,19,1,5,0,0,2,0,0,0,0,1,1,6,6,3,-1,-1,-1,-1,-1,-1,-1,-1,0,-1
2021041026028,2021,041026028,1,9,0,18,19,6,6,0,0,3,0,0,0,0,3,1,6,6,2,-1,-1,-1,-1,-1,-1,-1,-1,0,-1
2021411013911,2021,411013911,1,9,0,16,19,1,5,0,0,0,2,10,1,4,2,1,5,6,2,43,7,-1,-1,-1,-1,5,E01023765,0,-1
2021131091917,2021,131091917,2,1,0,5,5,5,1,0,0,6,0,0,0,0,2,1,6,6,2,55,8,-1,-1,-1,-1,7,E01011142,0,-1
2021351031932,2021,351031932,2,23,0,18,19,5,1,0,0,8,5,0,0,0,1,1,5,6,1,30,6,-1,-1,-1,-1,6,E01015675,0,-1
2021520106109,2021,520106109,1,19,0,18,19,4,8,0,0,0,0,0,0,0,4,1,6,6,3,-1,-1,-1,-1,-1,-1,-1,-1,0,-1
2021622100566,2021,622100566,3,3,0,4,4,6,2,0,0,0,0,0,0,0,2,1,6,6,1,39,7,-1,-1,-1,-1,-1,-1,0,-1
2021302100665,2021,302100665,2,9,0,18,19,1,4,0,0,4,0,0,0,0,0,1,6,6,3,-1,-1,-1,-1,-1,-1,5,E01019456,0,-1
2021351098197,2021,351098197,2,1,0,9,9,5,3,0,0,6,0,0,0,0,1,1,3,7,2,38,7,-1,-1,-1,-1,10,E01017995,0,-1
202131D083121,2021,31D083121,2,1,0,18,19,6,2,0,0,8,0,0,0,0,2,1,2,2,1,25,5,-1,-1,-1,-1,7,E01028090,0,-1
2021070400351,2021,070400351,1,9,0,18,19,8,4,0,0,2,0,0,0,0,1,1,6,6,3,-1,-1,-1,-1,-1,-1,-1,-1,0,-1
2021501130468,2021,501130468,1,23,0,18,19,5,1,0,0,0,0,0,0,0,1,1,6,6,1,23,5,-1,-1,-1,-1,-1,-1,0,-1
2021440443186,2021,440443186,2,9,0,1,1,5,1,0,0,1,0,0,0,0,2,1,6,6,3,-1,-1,-1,-1,-1,-1,-1,-1,0,-1
2021061137860,2021,061137860,1,90,0,18,19,4,8,0,0,0,0,0,0,0,1,1,6,6,3,30,6,-1,-1,-1,-1,-1,-1,0,-1
2021421084121,2021,421084121,1,98,1,12,12,1,3,0,0,2,0,0,0,0,3,1,1,1,1,63,9,-1,-1,-1,-1,-1,-1,0,-1
2021351085732,2021,351085732,1,9,0,18,19,6,2,0,0,0,0,0,0,0,1,1,1,1,1,61,9,-1,-1,-1,-1,6,E01015671,0,-1
2021201147018,2021,201147018,2,9,0,18,19,2,6,0,0,0,0,0,0,0,1,1,6,6,3,-1,-1,-1,-1,-1,-1,-1,-1,0,-1
2021010299227,2021,010299227,1,2,0,18,19,7,3,0,0,1,9,0,0,0,9,1,6,6,3,-1,-1,-1,-1,-1,-1,-1,-1,0,-1
2021010331147,2021,010331147,1,9,0,18,19,5,1,0,0,1,0,0,0,0,1,1,1,1,1,43,7,-1,-1,-1,-1,-1,-1,0,-1
2021010348804,2021,010348804,2,1,0,14,14,5,1,0,0,2,0,8,0,0,1,1,4,7,1,8,2,-1,-1,-1,-1,2,E01004729,0,-1
2021010288015,2021,010288015,1,9,0,9,9,5,3,0,0,2,0,0,0,0,1,1,1,1,1,31,6,-1,-1,-1,-1,3,E01001324,0,-1
2021010342511,2021,010342511,2,1,0,99,99,9,9,0,0,8,0,0,0,0,3,1,6,6,1,-1,-1,-1,-1,-1,-1,10,E01003805,0,-1
202134WNC1881,2021,34WNC1881,1,9,0,9,9,5,1,0,0,1,0,0,0,0,1,1,2,2,2,74,10,-1,-1,-1,-1,6,E01032977,0,-1
202160Z183602,2021,60Z183602,1,9,0,16,19,3,2,0,0,0,0,0,0,0,1,1,6,6,2,67,10,-1,-1,-1,-1,-1,-1,0,-1
2021351134409,2021,351134409,2,16,0,18,19,5,1,0,0,0,0,0,0,0,3,1,5,6,2,32,6,-1,-1,-1,-1,7,E01018210,0,-1
2021010290744,2021,010290744,2,9,0,7,7,3,5,0,0,2,0,0,0,0,1,2,6,6,3,20,4,-1,-1,-1,-1,-1,-1,0,-1
2021010310838,2021,010310838,1,8,0,11,11,4,8,7,6,0,0,0,0,0,4,1,6,6,3,-1,-1,-1,-1,-1,-1,-1,-1,0,-1
2021430464736,2021,430464736,1,9,0,7,7,1,3,0,0,8,0,0,0,0,3,1,6,6,1,78,11,-1,-1,-1,-1,7,E01028690,0,-1
2021041128694,2021,041128694,2,1,0,18,19,3,7,0,0,1,0,0,0,0,1,1,6,6,1,17,4,-1,-1,-1,-1,2,E01012591,0,-1
2021010335974,2021,010335974,1,1,9,99,99,9,9,99,99,9,9,99,9,99,9,1,6,6,1,56,9,-1,-1,-1,-1,8,E01001985,0,-1
2021061043107,2021,061043107,2,1,0,18,19,2,6,0,0,1,0,0,0,0,1,1,6,6,1,9,2,-1,-1,-1,-1,2,E01005580,0,-1
2021131119163,2021,131119163,2,23,0,18,19,3,3,0,0,1,0,0,0,0,1,1,2,2,1,21,5,-1,-1,-1,-1,1,E01010845,0,-1
2021010316764,2021,010316764,2,9,0,5,5,3,7,0,0,2,0,0,0,0,1,1,6,6,3,-1,-1,-1,-1,-1,-1,-1,-1,0,-1
202160Z158262,2021,60Z158262,2,1,0,18,19,4,8,0,0,0,0,0,1,0,2,1,6,6,1,48,8,-1,-1,-1,-1,-1,-1,0,-1
2021010319135,2021,010319135,2,9,0,7,7,7,2,0,0,8,0,0,0,0,4,1,6,6,3,-1,-1,-1,-1,-1,-1,-1,-1,0,-1
2021052102578,2021,052102578,1,1,0,7,7,5,1,0,0,8,1,0,0,0,4,1,4,7,1,13,3,-1,-1,-1,-1,8,E01007154,0,-1
2021010314045,2021,010314045,2,1,9,99,99,9,9,99,99,9,9,99,9,99,9,1,6,6,1,44,7,-1,-1,-1,-1,4,E01004049,0,-1
2021010330078,2021,010330078,1,1,0,18,19,4,8,9,9,0,0,0,9,99,1,1,6,6,2,64,9,-1,-1,-1,-1,4,E01003409,0,-1
2021010292722,2021,010292722,2,9,9,99,99,9,9,99,99,9,9,99,9,99,1,9,6,6,3,-1,-1,-1,-1,-1,-1,-1,-1,0,-1
2021332100435,2021,332100435,2,9,0,2,2,0,0,0,0,0,0,0,0,0,3,1,1,1,1,21,5,-1,-1,-1,-1,8,E01025730,0,-1
2021010321329,2021,010321329,2,1,0,18,19,3,7,0,0,1,2,0,0,0,4,1,2,2,2,31,6,-1,-1,-1,-1,2,E01001849,0,-1
2021201127080,2021,201127080,1,-1,0,18,19,5,1,0,0,0,0,0,0,0,1,1,6,6,1,20,4,-1,-1,-1,-1,3,E01010427,1,-1
2021070725589,2021,070725589,2,1,0,18,19,8,4,6,6,3,5,0,0,0,4,1,1,1,1,36,7,-1,-1,-1,-1,3,E01018557,0,-1
2021141018046,2021,141018046,4,9,0,18,19,1,5,0,0,0,0,0,1,0,1,1,1,1,1,34,6,-1,-1,-1,-1,2,E01007654,0,-1
2021041047188,2021,041047188,2,1,0,14,14,5,1,0,0,0,5,8,0,0,1,1,6,6,1,74,10,-1,-1,-1,-1,9,E01025377,0,-1
2021332100857,2021,332100857,1,3,0,4,4,3,7,0,0,1,0,0,0,0,1,1,6,6,1,17,4,-1,-1,-1,-1,8,E01013805,0,-1
2021332100709,2021,332100709,1,9,0,18,19,7,3,0,0,0,0,0,0,0,3,1,2,2,2,33,6,-1,-1,-1,-1,3,E01025706,0,-1
2021451027538,2021,451027538,2,1,0,18,19,5,1,0,0,2,0,0,0,0,0,1,5,6,1,41,7,-1,-1,-1,-1,9,E01030976,0,-1
2021122100115,2021,122100115,2,9,0,2,2,0,0,0,0,0,0,0,0,0,2,1,6,6,2,79,11,-1,-1,-1,-1,5,E01027636,0,-1
2021161080502,2021,161080502,3,9,0,11,11,7,3,0,0,0,0,0,0,0,0,1,6,6,3,-1,-1,-1,-1,-1,-1,-1,-1,0,-1
2021010328228,2021,010328228,2,9,0,7,7,3,5,99,99,9,9,99,0,0,4,9,6,6,3,-1,-1,-1,-1,-1,-1,-1,-1,0,-1
2021138431415,2021,138431415,1,9,0,9,9,5,3,0,0,8,0,0,0,0,1,1,6,6,1,29,6,-1,-1,-1,-1,2,E01011079,0,-1
2021610010321,2021,610010321,1,22,0,18,19,3,7,0,0,0,0,7,0,0,4,1,6,6,2,58,9,-1,-1,-1,-1,-1,-1,0,-1
202131C116421,2021,31C116421,2,9,0,18,19,5,1,0,0,8,0,0,0,0,1,1,6,6,2,-1,-1,-1,-1,-1,-1,-1,-1,0,-1
2021610040921,2021,610040921,1,9,0,4,4,5,2,0,0,4,1,0,0,1,1,1,6,6,1,79,11,-1,-1,-1,-1,-1,-1,0,-1
2021471059332,2021,471059332,3,90,0,9,9,5,3,0,0,8,0,0,0,0,0,1,6,6,3,-1,-1,-1,-1,-1,-1,-1,-1,0,-1
2021991050430,2021,991050430,2,9,0,18,19,3,7,0,0,0,1,0,0,0,1,1,5,6,1,55,8,-1,-1,-1,-1,10,-1,0,-1
2021010288119,2021,010288119,2,9,0,99,99,9,9,99,99,9,9,99,9,99,9,9,6,6,3,-1,-1,-1,-1,-1,-1,-1,-1,0,-1
2021201047129,2021,201047129,1,9,0,9,9,7,5,0,0,6,0,0,0,0,4,1,6,6,3,-1,-1,-1,-1,-1,-1,-1,-1,0,-1
202154A463521,2021,54A463521,1,9,0,18,19,4,8,0,0,2,0,0,0,0,1,1,6,6,3,-1,-1,-1,-1,-1,-1,-1,-1,0,-1
2021010291083,2021,010291083,2,3,0,18,19,8,4,0,0,0,0,0,0,0,1,1,1,1,1,25,5,-1,-1,-1,-1,6,E01001401,0,-1
2021061097162,2021,061097162,2,1,0,18,19,8,6,0,0,1,0,0,0,0,3,1,6,6,1,17,4,-1,-1,-1,-1,6,E01006146,0,-1
2021440272504,2021,440272504,1,1,0,18,19,2,6,0,0,0,0,0,0,0,4,1,6,6,1,15,3,-1,-1,-1,-1,10,E01023189,0,-1
2021430410149,2021,430410149,1,9,0,7,7,8,8,0,0,6,0,0,0,0,1,1,6,6,1,33,6,-1,-1,-1,-1,-1,-1,0,-1
2021010332500,2021,010332500,1,1,9,99,99,9,9,99,99,9,9,99,9,99,2,1,2,2,1,26,6,-1,-1,-1,-1,4,E01000155,0,-1
2021061111957,2021,061111957,2,9,0,18,19,3,7,0,0,0,0,0,0,0,4,1,5,6,2,24,5,-1,-1,-1,-1,6,E01005969,0,-1
2021440274610,2021,440274610,2,9,0,16,19,1,5,0,0,0,0,0,0,0,1,1,6,6,2,39,7,-1,-1,-1,-1,8,E01023069,0,-1
202106N079051,2021,06N079051,1,9,0,18,19,7,3,0,0,8,0,10,3,2,1,1,6,6,1,61,9,-1,-1,-1,-1,2,E01005026,0,-1
2021522103929,2021,522103929,2,1,0,18,19,5,1,0,0,8,0,0,0,0,2,1,6,6,1,47,8,-1,-1,-1,-1,10,E01014410,0,-1
2021221093778,2021,221093778,2,1,0,9,9,7,6,0,0,8,0,0,0,0,4,1,5,6,1,72,10,-1,-1,-1,-1,6,E01014184,0,-1
2021545393121,2021,545393121,2,1,0,18,19,1,5,0,0,8,1,0,0,0,1,1,6,6,1,56,9,-1,-1,-1,-1,8,E01031977,0,-1
2021010319913,2021,010319913,1,9,0,18,19,5,1,0,0,8,0,8,3,0,4,1,6,6,3,-1,-1,-1,-1,-1,-1,-1,-1,0,-1
2021991041631,2021,991041631,2,1,0,18,19,7,3,0,0,0,0,0,0,0,0,1,5,6,1,15,3,-1,-1,-1,-1,5,-1,0,-1
2021010314212,2021,010314212,2,1,0,18,19,5,1,2,2,1,0,0,0,0,3,1,2,2,2,41,7,-1,-1,-1,-1,3,E01003113,0,-1
2021010350504,2021,010350504,2,19,9,99,99,9,9,99,99,9,9,99,9,99,9,9,6,6,3,-1,-1,-1,-1,-1,-1,-1,-1,0,-1
2021201073884,2021,201073884,2,1,0,18,19,4,8,0,0,1,0,0,0,0,2,1,1,1,1,53,8,-1,-1,-1,-1,2,E01010096,0,-1
2021440403492,2021,440403492,1,9,0,1,1,3,7,6,6,0,0,0,0,0,2,1,6,6,3,-1,-1,-1,-1,-1,-1,-1,-1,0,-1
2021430382973,2021,430382973,1,9,0,18,19,3,7,0,0,1,0,0,0,0,1,1,1,1,1,35,6,-1,-1,-1,-1,8,E01032725,0,-1
2021010319551,2021,010319551,2,1,0,15,15,1,5,0,0,1,0,8,0,0,4,1,6,6,2,33,6,-1,-1,-1,-1,1,E01001838,0,-1
2021332100261,2021,332100261,2,9,0,3,3,8,4,0,0,0,0,0,0,0,4,1,6,6,2,40,7,-1,-1,-1,-1,7,E01013787,0,-1
2021131052374,2021,131052374,1,1,0,18,19,1,5,0,0,1,0,0,0,0,4,1,6,6,1,10,2,-1,-1,-1,-1,1,E01011003,0,-1
2021010307620,2021,010307620,1,1,9,99,99,9,9,99,99,9,9,99,9,99,9,1,2,2,1,31,6,-1,-1,-1,-1,9,E01000713,0,-1
2021061138261,2021,061138261,1,1,0,18,19,5,1,4,4,8,0,0,0,0,1,1,6,6,2,21,5,-1,-1,-1,-1,4,E01005281,0,-1
2021052100748,2021,052100748,2,-1,0,18,19,7,3,0,0,1,0,0,0,0,1,1,6,6,1,32,6,-1,-1,-1,-1,1,E01006690,1,-1
2021522103296,2021,522103296,1,9,0,18,19,5,1,0,0,0,0,0,0,0,1,1,6,6,1,50,8,-1,-1,-1,-1,8,E01014419,0,-1
2021440490878,2021,440490878,1,1,0,18,19,6,2,0,0,0,0,0,0,0,1,1,6,6,2,13,3,-1,-1,-1,-1,7,E01017175,0,-1
2021545785121,2021,545785121,2,1,0,18,19,5,1,0,0,8,0,0,0,0,4,1,6,6,2,35,6,-1,-1,-1,-1,10,E01015515,0,-1
2021010291260,2021,010291260,1,1,9,99,99,9,9,99,99,9,9,99,9,99,9,1,6,6,1,17,4,-1,-1,-1,-1,2,E01002566,0,-1
2021332100505,2021,332100505,1,9,0,18,19,7,3,0,0,3,0,0,0,0,1,1,6,6,1,44,7,-1,-1,-1,-1,2,E01013682,0,-1
2021451069042,2021,451069042,1,1,0,18,19,8,4,0,0,0,0,0,0,0,3,1,5,6,1,75,10,-1,-1,-1,-1,6,E01030748,0,-1
2021101022330,2021,101022330,1,90,0,9,9,3,1,0,0,1,0,0,0,0,1,1,6,6,3,-1,-1,-1,-1,-1,-1,-1,-1,0,-1
2021231039562,2021,231039562,2,1,0,7,7,2,4,0,0,5,0,0,0,0,2,1,5,6,1,52,8,-1,-1,-1,-1,6,E01032390,0,-1
2021401095507,2021,401095507,1,-1,0,18,19,3,7,9,9,0,0,0,0,0,1,1,2,2,2,17,4,-1,-1,-1,-1,3,E01017609,1,-1
2021320180732,2021,320180732,2,1,0,18,19,2,6,0,0,0,0,0,0,0,3,1,6,6,1,11,3,-1,-1,-1,-1,3,E01026036,0,-1
2021201096901,2021,201096901,1,9,0,1,1,4,8,0,0,2,0,0,0,0,0,1,6,6,2,-1,-1,-1,-1,-1,-1,-1,-1,0,-1
2021010304456,2021,010304456,2,9,0,99,99,9,9,99,99,9,9,99,9,99,1,9,6,6,3,-1,-1,-1,-1,-1,-1,-1,-1,0,-1
2021430127633,2021,430127633,2,19,0,18,19,1,5,0,0,8,0,0,7,0,4,1,2,2,1,51,8,-1,-1,-1,-1,5,E01028605,0,-1
2021211062119,2021,211062119,2,90,0,18,19,2,6,0,0,1,0,0,0,0,1,1,4,7,1,11,3,-1,-1,-1,-1,-1,-1,0,-1
2021411131454,2021,411131454,2,9,0,9,9,7,4,0,0,6,0,0,0,0,1,1,6,6,1,51,8,-1,-1,-1,-1,10,E01023471,0,-1
2021010307334,2021,010307334,1,1,9,99,99,9,9,99,99,9,9,99,9,99,9,1,6,6,1,30,6,-1,-1,-1,-1,5,E01024168,0,-1
2021010303533,2021,010303533,2,1,0,99,99,9,9,99,99,9,9,99,9,99,9,1,1,1,1,39,7,-1,-1,-1,-1,-1,-1,0,-1
202163C087821,2021,63C087821,2,9,0,17,19,4,1,0,0,0,0,0,1,10,3,1,6,6,1,19,4,-1,-1,-1,-1,3,W01000568,0,-1
2021052101892,2021,052101892,2,1,0,18,19,5,1,0,0,1,0,4,0,0,1,1,1,1,1,28,6,-1,-1,-1,-1,1,E01006677,0,-1
2021010306228,2021,010306228,1,9,0,9,9,8,5,0,0,5,0,10,1,11,1,1,6,6,2,31,6,-1,-1,-1,-1,5,E01001271,0,-1
2021010334991,2021,010334991,1,19,9,16,19,7,3,0,0,0,0,0,0,0,1,9,6,6,3,-1,-1,-1,-1,-1,-1,-1,-1,0,-1
2021010297181,2021,010297181,1,9,0,99,99,9,9,99,99,9,9,99,9,99,1,9,6,6,3,-1,-1,-1,-1,-1,-1,-1,-1,0,-1
202160Z108017,2021,60Z108017,1,9,0,9,9,3,1,0,0,1,0,0,0,0,3,1,6,6,2,45,7,-1,-1,-1,-1,-1,-1,0,-1
2021052100030,2021,052100030,1,9,0,7,7,3,7,0,0,6,0,0,0,0,1,1,6,6,3,-1,-1,-1,-1,-1,-1,-1,-1,0,-1
2021552100728,2021,552100728,2,1,0,18,19,8,4,0,0,8,0,0,0,0,4,1,6,6,1,26,6,-1,-1,-1,-1,8,E01015344,0,-1
2021231094689,2021,231094689,2,1,0,9,9,5,3,0,0,4,0,0,0,0,3,1,1,1,1,48,8,-1,-1,-1,-1,9,E01032894,0,-1
2021401090503,2021,401090503,1,9,0,18,19,4,5,0,0,1,0,0,0,0,0,1,6,6,3,-1,-1,-1,-1,-1,-1,-1,-1,0,-1
2021211093918,2021,211093918,2,1,-1,-1,-1,-1,-1,-1,-1,-1,-1,-1,-1,0,-1,1,6,6,1,67,10,-1,-1,-1,-1,-1,-1,0,-1
2021302101113,2021,302101113,1,1,0,14,14,6,2,0,0,0,0,0,0,0,3,1,6,6,1,64,9,-1,-1,-1,-1,9,E01019624,0,-1
2021451069336,2021,451069336,2,1,0,16,19,5,1,0,0,0,5,0,7,0,0,1,5,6,1,42,7,-1,-1,-1,-1,10,E01030533,0,-1
2021545571021,2021,545571021,1,1,0,18,19,5,1,0,0,1,0,0,0,0,0,1,1,1,1,45,7,-1,-1,-1,-1,4,E01032019,0,-1
2021451029542,2021,451029542,2,9,0,18,19,1,1,0,0,0,0,11,0,0,1,1,6,6,1,40,7,-1,-1,-1,-1,-1,-1,0,-1
2021010317552,2021,010317552,2,1,0,14,14,5,1,0,0,0,0,0,0,0,4,1,6,6,1,27,6,-1,-1,-1,-1,7,E01003475,0,-1
2021332100740,2021,332100740,1,19,0,6,6,1,1,0,0,8,0,0,0,0,1,1,1,1,1,44,7,-1,-1,-1,-1,4,E01029394,0,-1
2021622100848,2021,622100848,1,-1,0,18,19,6,2,0,0,8,0,0,0,0,3,1,6,6,2,12,3,-1,-1,-1,-1,2,W01001697,1,-1
2021122101136,2021,122101136,1,1,0,11,11,2,6,0,0,1,0,0,0,0,3,1,6,6,1,19,4,-1,-1,-1,-1,3,E01013447,0,-1
2021141113604,2021,141113604,2,9,0,18,19,1,5,0,0,8,0,0,0,0,1,1,5,6,2,30,6,-1,-1,-1,-1,5,E01007366,0,-1
2021201122106,2021,201122106,1,19,0,18,19,4,8,0,0,0,0,0,0,0,1,1,6,6,1,-1,-1,-1,-1,-1,-1,-1,-1,0,-1
2021010320957,2021,010320957,2,9,0,9,9,1,6,0,0,1,0,0,0,0,1,1,6,6,1,-1,-1,-1,-1,-1,-1,-1,-1,0,-1
2021010344008,2021,010344008,1,1,9,99,99,9,9,99,99,9,9,99,9,99,1,1,6,6,1,34,6,-1,-1,-1,-1,2,E01003243,0,-1
2021440217286,2021,440217286,2,9,0,9,9,3,1,0,0,8,0,0,0,0,3,1,6,6,2,29,6,-1,-1,-1,-1,10,E01030461,0,-1
2021010347658,2021,010347658,1,1,9,99,99,9,9,99,99,9,9,99,9,99,2,1,2,2,1,23,5,-1,-1,-1,-1,2,E01004240,0,-1
2021552100203,2021,552100203,2,1,0,18,19,8,4,0,0,1,0,0,0,0,1,1,6,6,2,63,9,-1,-1,-1,-1,7,E01015425,0,-1
2021501090442,2021,501090442,1,9,0,3,3,5,1,0,0,0,0,0,0,0,1,1,5,6,1,47,8,-1,-1,-1,-1,6,E01018852,0,-1
2021552100318,2021,552100318,2,1,0,18,19,6,2,0,0,0,0,0,0,0,2,1,6,6,1,23,5,-1,-1,-1,-1,8,E01003895,0,-1
2021010323832,2021,010323832,2,1,0,18,19,1,5,0,0,6,0,0,1,0,1,1,2,2,1,28,6,-1,-1,-1,-1,7,E01000237,0,-1
2021421033390,2021,421033390,1,1,0,18,19,2,5,0,0,0,1,0,0,0,2,1,5,6,1,14,3,-1,-1,-1,-1,8,E01021784,0,-1
2021522105703,2021,522105703,1,1,0,18,19,3,7,0,0,0,0,0,1,10,2,1,6,6,1,30,6,-1,-1,-1,-1,8,E01014765,0,-1
2021371081272,2021,371081272,2,9,0,4,4,7,3,0,0,4,0,0,0,0,2,1,5,6,1,56,9,-1,-1,-1,-1,-1,-1,0,-1
2021302101367,2021,302101367,2,3,0,18,19,6,2,0,0,0,0,0,0,0,3,1,6,6,1,20,4,-1,-1,-1,-1,7,E01013558,0,-1
2021201145897,2021,201145897,1,9,0,5,5,7,3,0,0,6,0,0,0,0,1,1,6,6,3,-1,-1,-1,-1,-1,-1,-1,-1,0,-1
2021070403835,2021,070403835,2,1,0,18,19,1,5,0,0,1,2,0,1,10,3,1,6,6,1,49,8,-1,-1,-1,-1,8,E01018593,0,-1
2021010322619,2021,010322619,1,1,9,99,99,9,9,99,99,9,9,99,9,99,1,1,6,6,1,23,5,-1,-1,-1,-1,-1,-1,0,-1
2021451017766,2021,451017766,1,9,0,16,19,1,1,0,0,0,0,0,0,0,4,1,5,6,1,23,5,-1,-1,-1,-1,3,E01003143,0,-1
2021522104887,2021,522104887,1,9,0,3,3,3,7,0,0,1,0,0,0,0,2,1,6,6,2,42,7,-1,-1,-1,-1,4,E01014495,0,-1
2021471053111,2021,471053111,2,1,0,18,19,5,1,0,0,0,0,0,0,0,1,1,5,6,1,52,8,-1,-1,-1,-1,6,E01022940,0,-1
2021010321064,2021,010321064,1,1,9,99,99,9,9,99,99,9,9,99,9,99,9,1,6,6,1,56,9,-1,-1,-1,-1,-1,-1,0,-1
2021010296280,2021,010296280,1,9,0,5,5,7,3,0,0,2,0,0,0,0,1,1,6,6,3,-1,-1,-1,-1,-1,-1,-1,-1,0,-1
2021170S11441,2021,170S11441,1,9,0,9,9,1,6,0,0,6,0,0,0,0,1,1,6,6,1,88,11,-1,-1,-1,-1,8,E01020828,0,-1
2021010340237,2021,010340237,1,1,0,7,7,6,1,2,2,5,0,0,7,0,3,1,2,2,1,37,7,-1,-1,-1,-1,2,E01003768,0,-1
2021610040021,2021,610040021,2,9,0,18,19,8,4,0,0,0,0,0,0,0,1,1,2,2,1,19,4,-1,-1,-1,-1,-1,-1,0,-1
2021311153048,2021,311153048,3,9,0,15,15,6,2,0,0,0,0,0,0,0,3,1,5,6,1,21,5,-1,-1,-1,-1,3,E01027927,0,-1
2021201133757,2021,201133757,2,1,0,18,19,6,4,0,0,8,0,0,0,0,1,1,6,6,1,65,9,-1,-1,-1,-1,7,E01010228,0,-1
2021101117310,2021,101117310,2,22,0,18,19,3,7,0,0,2,0,0,0,0,0,1,5,6,1,74,10,-1,-1,-1,-1,3,E01008576,0,-1
2021421056909,2021,421056909,2,1,0,18,19,7,3,0,0,1,0,0,0,0,1,1,6,6,2,31,6,-1,-1,-1,-1,1,E01015917,0,-1
202163C078821,2021,63C078821,2,19,0,16,19,6,1,0,0,2,0,0,0,0,0,1,1,1,1,58,9,-1,-1,-1,-1,6,W01000560,0,-1
2021430553897,2021,430553897,1,9,0,9,9,8,6,0,0,6,0,0,0,0,0,1,6,6,3,-1,-1,-1,-1,-1,-1,-1,-1,0,-1
2021010332420,2021,010332420,1,9,0,18,19,5,1,0,0,1,0,0,0,0,1,1,6,6,1,-1,-1,-1,-1,-1,-1,-1,-1,0,-1
2021052102251,2021,052102251,1,9,0,4,4,7,3,0,0,1,0,0,0,0,1,1,6,6,3,-1,-1,-1,-1,-1,-1,-1,-1,0,-1
2021451069842,2021,451069842,2,9,0,18,19,1,1,0,0,0,0,0,0,0,4,1,6,6,3,30,6,-1,-1,-1,-1,-1,-1,0,-1
2021991052702,2021,991052702,1,9,0,5,5,5,3,0,0,4,0,0,0,0,1,1,6,6,2,50,8,-1,-1,-1,-1,-1,-1,0,-1
2021061026930,2021,061026930,2,90,0,18,19,2,6,0,0,1,0,0,0,0,1,1,6,6,3,30,6,-1,-1,-1,-1,-1,-1,0,-1
2021461103083,2021,461103083,1,1,0,18,19,5,7,0,0,1,0,0,0,0,1,1,6,6,1,63,9,-1,-1,-1,-1,2,E01024049,0,-1
2021471098042,2021,471098042,2,1,0,18,19,2,5,4,4,0,0,0,0,0,1,1,5,6,2,64,9,-1,-1,-1,-1,4,E01016898,0,-1
2021161020948,2021,161020948,1,9,0,18,19,1,5,0,0,1,0,0,0,0,1,1,6,6,3,-1,-1,-1,-1,-1,-1,-1,-1,0,-1
2021430129022,2021,430129022,1,1,0,18,19,4,8,0,0,0,0,0,0,0,2,1,6,6,1,11,3,-1,-1,-1,-1,-1,-1,0,-1
2021451036609,2021,451036609,2,1,0,18,19,2,6,0,0,1,0,0,0,0,1,1,6,6,1,44,7,-1,-1,-1,-1,10,E01022850,0,-1