collision_index,collision_year,collision_ref_no,vehicle_reference,vehicle_type,towing_and_articulation,vehicle_manoeuvre_historic,vehicle_manoeuvre,vehicle_direction_from,vehicle_direction_to,vehicle_location_restricted_lane_historic,vehicle_location_restricted_lane,junction_location,skidding_and_overturning,hit_object_in_carriageway,vehicle_leaving_carriageway,hit_object_off_carriageway,first_point_of_impact,vehicle_left_hand_drive,journey_purpose_of_driver_historic,journey_purpose_of_driver,sex_of_driver,age_of_driver,age_band_of_driver,engine_capacity_cc,propulsion_code,age_of_vehicle,generic_make_model,driver_imd_decile,lsoa_of_driver,escooter_flag,driver_distance_banding
2021010324159,2021,010324159,1,1,9,99,99,9,9,99,99,0,9,99,9,99,9,1,6,6,1,24,5,-1,-1,-1,-1,3,E01003915,0,-1
2021522104514,2021,522104514,2,1,0,18,19,3,7,0,0,0,0,0,0,0,1,1,6,6,1,14,3,-1,-1,-1,-1,3,E01014736,0,-1
2021010325105,2021,010325105,1,1,0,18,19,2,6,3,2,0,0,0,0,0,1,1,2,2,1,28,6,-1,-1,-1,-1,7,E01004510,0,-1
2021221046861,2021,221046861,2,1,0,18,19,6,2,4,4,8,0,0,0,0,2,1,2,2,2,21,5,-1,-1,-1,-1,1,E01028957,0,-1
2021451013102,2021,451013102,1,9,0,4,4,5,7,0,0,1,0,0,7,0,1,1,6,6,1,24,5,-1,-1,-1,-1,3,E01030483,0,-1
2021122100581,2021,122100581,1,1,0,7,7,2,4,0,0,5,1,0,0,0,1,1,6,6,1,45,7,-1,-1,-1,-1,2,E01012276,0,-1
2021010336738,2021,010336738,2,9,0,9,9,4,2,0,0,1,0,0,0,0,1,1,6,6,3,-1,-1,-1,-1,-1,-1,-1,-1,0,-1
2021061039792,2021,061039792,2,1,0,18,19,3,7,0,0,0,0,0,0,0,1,1,6,6,1,55,8,-1,-1,-1,-1,7,E01006245,0,-1
2021010350577,2021,010350577,1,1,9,99,99,9,9,99,99,9,9,99,9,99,2,1,1,1,1,18,4,-1,-1,-1,-1,1,E01032575,0,-1
2021201048778,2021,201048778,2,9,0,18,19,2,6,0,0,6,0,0,0,0,1,1,6,6,1,29,6,-1,-1,-1,-1,1,E01009480,0,-1
2021010314124,2021,010314124,1,1,9,99,99,9,9,99,99,9,9,99,9,99,1,1,6,6,1,34,6,-1,-1,-1,-1,4,E01000634,0,-1
2021440344920,2021,440344920,1,1,0,9,9,2,6,0,0,5,0,0,0,0,1,1,6,6,1,51,8,-1,-1,-1,-1,10,E01023043,0,-1
2021440285151,2021,440285151,2,9,0,16,19,8,4,0,0,0,0,0,0,0,1,1,6,6,3,-1,-1,-1,-1,-1,-1,-1,-1,0,-1
2021010302202,2021,010302202,2,1,0,7,7,5,8,0,0,0,0,0,0,0,3,1,6,6,1,53,8,-1,-1,-1,-1,6,E01017826,0,-1
2021430430146,2021,430430146,2,1,0,18,19,1,5,0,0,8,0,0,0,0,1,1,6,6,1,23,5,-1,-1,-1,-1,3,E01016501,0,-1
2021010328855,2021,010328855,2,9,3,4,4,1,5,0,0,1,0,0,0,0,0,1,1,1,1,52,8,-1,-1,-1,-1,-1,-1,0,-1
202160Z115710,2021,60Z115710,1,9,0,18,19,3,7,0,0,0,0,0,1,0,0,1,6,6,1,21,5,-1,-1,-1,-1,-1,-1,0,-1
202160Z124242,2021,60Z124242,1,9,0,4,4,8,4,0,0,1,0,0,0,0,1,1,6,6,2,36,7,-1,-1,-1,-1,-1,-1,0,-1
2021440028338,2021,440028338,2,9,0,18,19,8,4,0,0,0,0,0,0,0,2,1,2,2,1,62,9,-1,-1,-1,-1,4,E01028841,0,-1
2021010342924,2021,010342924,2,1,0,18,19,3,7,0,0,0,5,0,0,0,3,1,6,6,1,53,8,-1,-1,-1,-1,10,E01030324,0,-1
2021052102780,2021,052102780,2,1,0,9,9,8,5,0,0,1,0,0,0,0,2,1,6,6,1,30,6,-1,-1,-1,-1,3,E01006521,0,-1
2021010350647,2021,010350647,2,9,0,18,19,5,1,0,0,8,0,0,0,0,1,1,6,6,3,-1,-1,-1,-1,-1,-1,-1,-1,0,-1
2021131086688,2021,131086688,2,1,0,18,19,7,3,0,0,8,0,0,1,0,0,1,2,2,1,56,9,-1,-1,-1,-1,1,E01011371,0,-1
2021351046930,2021,351046930,2,1,0,18,19,8,4,0,0,8,0,0,0,0,1,1,6,6,2,24,5,-1,-1,-1,-1,8,E01018001,0,-1
2021010330351,2021,010330351,1,9,0,99,99,9,9,99,99,9,9,99,9,99,9,9,6,6,3,-1,-1,-1,-1,-1,-1,-1,-1,0,-1
2021052101715,2021,052101715,1,8,0,18,19,8,3,0,0,0,0,0,0,0,3,1,1,1,1,-1,-1,-1,-1,-1,-1,-1,-1,0,-1
2021010338758,2021,010338758,2,4,0,17,19,1,5,0,0,1,0,0,0,0,1,1,6,6,1,20,4,-1,-1,-1,-1,3,E01001045,0,-1
2021010295518,2021,010295518,1,1,9,99,99,9,9,99,99,9,9,99,9,99,9,1,6,6,1,27,6,-1,-1,-1,-1,-1,-1,0,-1
2021461028067,2021,461028067,2,1,0,18,19,7,1,0,0,1,0,0,0,0,4,1,6,6,1,28,6,-1,-1,-1,-1,5,E01024413,0,-1
2021471055408,2021,471055408,1,11,0,9,9,2,8,2,2,2,0,0,0,0,1,1,1,1,1,56,9,-1,-1,-1,-1,8,E01021075,0,-1
2021052101177,2021,052101177,1,9,0,18,19,5,1,0,0,5,0,0,0,0,3,1,6,6,3,-1,-1,-1,-1,-1,-1,-1,-1,0,-1
2021101077636,2021,101077636,1,9,0,3,3,6,2,0,0,1,0,0,0,0,1,1,6,6,2,-1,-1,-1,-1,-1,-1,-1,-1,0,-1
2021461029752,2021,461029752,2,1,0,17,19,3,7,0,0,1,0,0,0,0,1,1,5,6,1,57,9,-1,-1,-1,-1,5,E01024282,0,-1
2021131098998,2021,131098998,2,1,0,-1,-1,-1,-1,-1,-1,-1,-1,-1,-1,-1,-1,1,5,6,1,24,5,-1,-1,-1,-1,1,E01011361,0,-1
2021111055595,2021,111055595,2,1,0,18,19,5,1,0,0,8,5,0,0,0,1,1,6,6,1,41,7,-1,-1,-1,-1,1,E01020847,0,-1
2021471011721,2021,471011721,1,9,0,18,19,2,6,0,0,8,0,0,0,0,1,1,5,6,2,27,6,-1,-1,-1,-1,8,E01021129,0,-1
2021010306095,2021,010306095,3,9,0,5,5,1,5,0,0,0,0,0,0,0,1,1,6,6,3,-1,-1,-1,-1,-1,-1,-1,-1,0,-1
2021010338276,2021,010338276,1,1,9,99,99,9,9,99,99,9,9,99,9,99,9,1,6,6,2,29,6,-1,-1,-1,-1,3,E01003916,0,-1
2021461103842,2021,461103842,1,19,0,14,14,1,5,0,0,2,0,0,0,0,4,1,6,6,1,-1,-1,-1,-1,-1,-1,9,E01024160,0,-1
2021010298566,2021,010298566,1,9,0,6,6,1,1,0,0,1,0,0,0,0,1,1,1,1,1,32,6,-1,-1,-1,-1,2,E01001912,0,-1
2021010299570,2021,010299570,2,1,9,99,99,9,9,99,99,9,9,99,9,99,1,1,6,6,2,-1,-1,-1,-1,-1,-1,6,E01032646,0,-1
2021461104407,2021,461104407,2,22,0,18,19,1,5,0,0,1,0,0,0,0,3,1,5,6,1,57,9,-1,-1,-1,-1,3,E01024103,0,-1
2021440100045,2021,440100045,1,1,0,18,19,7,3,0,0,0,0,0,0,0,0,1,6,6,2,40,7,-1,-1,-1,-1,4,E01023088,0,-1
2021351074287,2021,351074287,1,9,0,15,15,2,6,2,2,0,0,0,0,0,3,1,1,1,1,27,6,-1,-1,-1,-1,3,E01017978,0,-1
2021610032521,2021,610032521,1,9,0,18,19,7,2,0,0,2,5,0,0,11,1,1,2,2,2,52,8,-1,-1,-1,-1,-1,-1,0,-1
2021010306899,2021,010306899,1,1,9,99,99,9,9,99,99,9,9,99,9,99,9,1,6,6,1,34,6,-1,-1,-1,-1,10,E01002958,0,-1
2021010331690,2021,010331690,2,9,0,99,99,9,9,99,99,9,9,99,9,99,0,9,6,6,3,-1,-1,-1,-1,-1,-1,-1,-1,0,-1
2021201046360,2021,201046360,1,98,0,7,7,2,4,0,0,5,0,0,0,0,1,1,6,6,3,-1,-1,-1,-1,-1,-1,-1,-1,0,-1
2021451050361,2021,451050361,1,19,0,18,19,1,5,0,0,0,0,0,0,0,1,1,6,6,1,30,6,-1,-1,-1,-1,7,E01023125,0,-1
2021541041621,2021,541041621,2,1,0,18,19,1,5,0,0,1,0,0,0,0,4,1,6,6,2,57,9,-1,-1,-1,-1,9,E01032105,0,-1
2021430016321,2021,430016321,1,9,0,5,5,5,8,0,0,2,0,7,0,10,4,1,2,2,2,30,6,-1,-1,-1,-1,10,E01028727,0,-1
2021320740001,2021,320740001,1,9,0,18,19,1,5,0,0,6,0,0,0,0,1,1,6,6,3,-1,-1,-1,-1,-1,-1,-1,-1,0,-1
2021430543739,2021,430543739,2,1,0,9,9,7,5,0,0,8,0,0,0,0,4,1,6,6,1,23,5,-1,-1,-1,-1,8,E01028704,0,-1
2021320171303,2021,320171303,2,1,0,18,19,7,3,0,0,0,0,0,0,0,1,1,6,6,1,8,2,-1,-1,-1,-1,3,E01026123,0,-1
2021411025383,2021,411025383,1,9,0,9,9,4,8,0,0,1,0,0,0,0,1,1,6,6,3,-1,-1,-1,-1,-1,-1,-1,-1,0,-1
2021302101052,2021,302101052,1,1,0,17,19,8,4,0,0,0,0,0,0,0,1,1,6,6,1,38,7,-1,-1,-1,-1,7,E01019713,0,-1
2021302100907,2021,302100907,1,9,0,18,19,8,4,0,0,4,0,0,0,0,1,1,6,6,3,-1,-1,-1,-1,-1,-1,5,E01019456,0,-1
2021010300051,2021,010300051,2,9,0,18,19,5,1,99,99,9,9,99,9,99,1,1,6,6,1,-1,-1,-1,-1,-1,-1,-1,-1,0,-1
2021010317349,2021,010317349,2,-1,0,5,5,3,7,0,0,1,0,0,0,0,3,1,6,6,2,62,9,-1,-1,-1,-1,3,E01002770,1,-1
2021061073912,2021,061073912,2,1,0,18,19,5,1,0,0,8,0,0,0,0,1,1,2,2,1,50,8,-1,-1,-1,-1,3,E01005512,0,-1
2021332100731,2021,332100731,1,9,0,18,19,1,5,0,0,8,0,0,0,0,3,1,6,6,1,60,9,-1,-1,-1,-1,-1,-1,0,-1
2021010294316,2021,010294316,2,9,0,99,99,9,9,99,99,9,9,99,9,99,9,9,6,6,3,-1,-1,-1,-1,-1,-1,-1,-1,0,-1
2021201128137,2021,201128137,2,9,0,18,19,8,4,0,0,6,0,0,0,0,1,1,6,6,1,-1,-1,-1,-1,-1,-1,-1,-1,0,-1
2021010333507,2021,010333507,1,-1,0,18,19,5,1,0,0,1,0,0,0,0,2,1,6,6,1,54,8,-1,-1,-1,-1,1,E01002041,1,-1
2021041197003,2021,041197003,1,1,0,18,19,8,8,0,0,0,0,0,0,0,1,1,6,6,1,-1,-1,-1,-1,-1,-1,-1,-1,0,-1
2021010313766,2021,010313766,2,1,0,18,19,5,1,0,0,1,0,0,0,0,1,1,6,6,2,45,7,-1,-1,-1,-1,6,E01004659,0,-1
2021451052687,2021,451052687,1,1,0,16,19,4,8,0,0,0,0,0,0,0,0,1,5,6,1,49,8,-1,-1,-1,-1,8,E01003895,0,-1
2021332100355,2021,332100355,1,9,0,14,14,7,3,0,0,1,0,0,0,0,4,1,3,7,2,18,4,-1,-1,-1,-1,5,E01013612,0,-1
2021332100142,2021,332100142,1,8,0,18,19,5,1,0,0,1,0,0,0,0,1,1,6,6,3,-1,-1,-1,-1,-1,-1,-1,-1,0,-1
2021131099530,2021,131099530,1,9,0,12,12,5,1,0,0,0,0,0,0,0,0,1,6,6,3,-1,-1,-1,-1,-1,-1,-1,-1,0,-1
2021141120264,2021,141120264,1,9,0,18,19,8,4,0,0,0,0,0,0,0,4,1,6,6,3,-1,-1,-1,-1,-1,-1,-1,-1,0,-1
2021131126198,2021,131126198,1,9,0,-1,-1,-1,-1,-1,-1,0,0,0,0,0,-1,1,6,6,3,-1,-1,-1,-1,-1,-1,-1,-1,0,-1
2021010334236,2021,010334236,1,9,0,99,99,9,9,0,0,1,0,0,0,0,1,1,6,6,3,-1,-1,-1,-1,-1,-1,-1,-1,0,-1
2021010347593,2021,010347593,2,9,0,5,5,7,3,0,0,1,0,0,0,0,1,1,6,6,3,-1,-1,-1,-1,-1,-1,-1,-1,0,-1
202131C196021,2021,31C196021,1,1,0,18,19,4,8,0,0,0,0,0,0,0,1,1,6,6,1,33,6,-1,-1,-1,-1,2,E01013919,0,-1
2021201031928,2021,201031928,1,9,0,18,19,1,4,0,0,8,0,0,0,0,1,1,6,6,1,-1,-1,-1,-1,-1,-1,2,E01010447,0,-1
2021451115626,2021,451115626,1,98,0,18,19,5,1,0,0,0,0,0,0,0,3,2,1,1,1,48,8,-1,-1,-1,-1,-1,-1,0,-1
2021520104522,2021,520104522,1,1,0,18,19,3,4,9,9,0,0,0,0,0,1,1,6,6,1,25,5,-1,-1,-1,-1,-1,-1,0,-1
2021101030853,2021,101030853,1,1,0,7,7,8,4,0,0,1,0,0,0,0,1,1,6,6,1,50,8,-1,-1,-1,-1,-1,-1,0,-1
2021161034621,2021,161034621,1,9,0,18,19,7,3,0,0,1,0,0,0,0,1,1,6,6,3,-1,-1,-1,-1,-1,-1,-1,-1,0,-1
2021471096635,2021,471096635,2,-1,0,18,19,8,4,0,0,8,2,0,0,0,4,1,6,6,1,17,4,-1,-1,-1,-1,6,E01016889,1,-1
2021351061435,2021,351061435,2,1,0,18,19,3,7,0,0,8,0,0,0,0,2,1,2,2,1,76,11,-1,-1,-1,-1,6,E01017951,0,-1
2021332100368,2021,332100368,1,9,0,9,9,6,4,0,0,5,0,0,0,0,1,1,6,6,2,27,6,-1,-1,-1,-1,1,E01013684,0,-1
202131D163321,2021,31D163321,1,9,0,18,19,8,4,0,0,0,0,0,0,0,4,1,6,6,3,-1,-1,-1,-1,-1,-1,-1,-1,0,-1
2021461046753,2021,461046753,1,9,0,14,14,5,1,0,0,0,1,4,1,0,4,1,6,6,1,37,7,-1,-1,-1,-1,1,E01024663,0,-1
2021010344223,2021,010344223,1,9,0,18,19,2,6,0,0,0,0,0,0,0,1,1,6,6,3,-1,-1,-1,-1,-1,-1,-1,-1,0,-1
2021221112836,2021,221112836,2,1,0,18,19,3,7,0,0,8,0,0,0,0,3,1,2,2,1,45,7,-1,-1,-1,-1,8,E01014188,0,-1
2021010323617,2021,010323617,2,9,0,7,7,5,8,0,0,5,0,0,0,0,1,9,6,6,3,-1,-1,-1,-1,-1,-1,9,E01018171,0,-1
2021430013053,2021,430013053,1,9,0,18,19,0,0,0,0,8,0,0,0,0,0,1,6,6,1,57,9,-1,-1,-1,-1,7,E01016293,0,-1
2021010334602,2021,010334602,1,1,0,18,19,5,1,0,0,0,0,0,0,0,2,1,2,2,2,26,6,-1,-1,-1,-1,4,E01003277,0,-1
2021610010021,2021,610010021,2,1,0,5,5,3,6,0,0,4,0,9,0,10,0,1,1,1,1,27,6,-1,-1,-1,-1,-1,-1,0,-1
2021131116091,2021,131116091,2,1,0,18,19,1,5,4,4,8,0,0,0,0,1,1,2,2,1,25,5,-1,-1,-1,-1,8,E01011694,0,-1
2021461118436,2021,461118436,2,21,1,18,19,4,8,0,0,0,0,0,0,0,4,1,1,1,1,55,8,-1,-1,-1,-1,-1,-1,0,-1
2021070322307,2021,070322307,1,1,0,18,19,5,1,0,0,0,0,0,0,0,1,1,6,6,1,58,9,-1,-1,-1,-1,7,E01005152,0,-1
2021332100873,2021,332100873,1,9,0,2,2,0,0,0,0,0,0,0,0,0,0,1,6,6,2,60,9,-1,-1,-1,-1,8,E01025754,0,-1
2021332101066,2021,332101066,2,9,0,18,19,7,3,0,0,1,0,0,0,0,1,1,2,2,1,29,6,-1,-1,-1,-1,4,E01013662,0,-1
2021161114049,2021,161114049,2,19,0,18,19,7,3,0,0,0,0,0,0,0,4,1,6,6,3,-1,-1,-1,-1,-1,-1,-1,-1,0,-1
2021010331338,2021,010331338,1,19,0,6,6,7,7,0,0,8,0,0,0,0,3,1,1,1,1,19,4,-1,-1,-1,-1,3,E01001394,0,-1
2021010308248,2021,010308248,2,1,0,18,19,3,7,0,0,8,0,0,0,0,1,1,1,1,1,37,7,-1,-1,-1,-1,1,E01002034,0,-1
2021332101505,2021,332101505,1,9,0,18,19,3,7,0,0,0,0,0,0,0,0,1,6,6,1,58,9,-1,-1,-1,-1,-1,-1,0,-1
2021010296458,2021,010296458,2,20,0,99,99,9,9,99,99,0,9,99,9,99,1,9,6,6,3,-1,-1,-1,-1,-1,-1,-1,-1,0,-1
2021351060689,2021,351060689,2,1,0,18,19,8,4,0,0,0,0,0,0,0,1,1,6,6,1,54,8,-1,-1,-1,-1,8,E01018003,0,-1
2021101036473,2021,101036473,2,1,0,17,19,4,8,9,9,1,5,0,0,0,1,1,6,6,1,-1,-1,-1,-1,-1,-1,-1,-1,0,-1
2021101069702,2021,101069702,1,21,1,12,12,3,7,0,0,0,0,0,0,0,4,1,6,6,3,-1,-1,-1,-1,-1,-1,-1,-1,0,-1
2021052101257,2021,052101257,1,9,0,18,19,4,8,0,0,0,0,0,0,0,1,1,6,6,3,-1,-1,-1,-1,-1,-1,-1,-1,0,-1
2021332101506,2021,332101506,2,1,0,-1,-1,7,3,0,0,0,0,0,0,0,0,1,6,6,1,54,8,-1,-1,-1,-1,-1,-1,0,-1
202131C027121,2021,31C027121,1,9,0,18,19,6,2,0,0,1,0,0,0,0,1,1,6,6,2,-1,-1,-1,-1,-1,-1,-1,-1,0,-1
2021010321703,2021,010321703,3,98,9,99,99,9,9,99,99,9,9,99,9,99,0,9,6,6,3,-1,-1,-1,-1,-1,-1,-1,-1,0,-1
2021501134980,2021,501134980,2,11,0,18,19,3,7,0,0,0,0,0,0,0,3,1,1,1,1,41,7,-1,-1,-1,-1,4,E01018829,0,-1
2021221015594,2021,221015594,2,9,0,18,19,5,1,0,0,0,1,0,4,6,1,1,5,6,1,37,7,-1,-1,-1,-1,4,E01032445,0,-1
2021541855421,2021,541855421,1,1,0,18,19,6,2,9,9,1,0,0,0,0,1,1,6,6,1,16,4,-1,-1,-1,-1,9,E01032701,0,-1
202163D067221,2021,63D067221,1,9,0,18,19,4,7,0,0,4,0,0,0,0,1,1,6,6,1,77,11,-1,-1,-1,-1,5,E01032214,0,-1
2021522101495,2021,522101495,2,1,0,18,19,3,5,0,0,3,0,0,1,0,1,1,6,6,1,36,7,-1,-1,-1,-1,1,E01014829,0,-1
2021010313206,2021,010313206,1,1,9,99,99,9,9,99,99,0,9,99,9,99,1,1,6,6,3,-1,-1,-1,-1,-1,-1,-1,-1,0,-1
2021010325126,2021,010325126,2,1,0,18,19,1,5,0,0,0,0,0,0,0,1,1,6,6,1,67,10,-1,-1,-1,-1,5,E01003863,0,-1
2021201137505,2021,201137505,3,9,0,18,19,1,5,0,0,0,0,0,0,0,3,1,6,6,3,-1,-1,-1,-1,-1,-1,-1,-1,0,-1
2021231022539,2021,231022539,2,1,0,18,19,7,3,0,0,0,0,0,1,9,4,1,5,6,1,21,5,-1,-1,-1,-1,6,E01009676,0,-1
2021010312363,2021,010312363,1,1,0,99,99,9,9,0,0,8,0,0,0,0,1,1,6,6,1,16,4,-1,-1,-1,-1,3,E01003585,0,-1
2021201141303,2021,201141303,1,1,0,18,19,6,2,0,0,8,5,0,0,0,3,1,6,6,1,37,7,-1,-1,-1,-1,6,E01009586,0,-1
2021052100487,2021,052100487,2,1,0,18,19,1,5,0,0,8,0,0,0,0,4,1,6,6,1,27,6,-1,-1,-1,-1,1,E01006697,0,-1
2021320589838,2021,320589838,2,9,0,18,19,2,6,0,0,0,0,0,0,0,2,1,6,6,3,-1,-1,-1,-1,-1,-1,-1,-1,0,-1
2021052102480,2021,052102480,2,1,0,5,5,1,5,0,0,0,0,0,0,0,1,1,6,6,2,49,8,-1,-1,-1,-1,-1,-1,0,-1
2021461091132,2021,461091132,2,9,0,9,9,2,8,0,0,0,0,0,0,0,3,1,6,6,1,-1,-1,-1,-1,-1,-1,3,E01024549,0,-1
2021401075136,2021,401075136,1,90,0,18,19,2,6,0,0,0,0,0,0,0,1,1,6,6,3,-1,-1,-1,-1,-1,-1,-1,-1,0,-1
2021332100600,2021,332100600,3,9,0,18,19,4,8,0,0,0,0,0,0,0,4,1,6,6,2,38,7,-1,-1,-1,-1,9,E01025998,0,-1
202160Z176802,2021,60Z176802,1,9,0,18,19,4,8,0,0,0,0,0,7,10,1,1,6,6,1,28,6,-1,-1,-1,-1,-1,-1,0,-1
2021010289448,2021,010289448,2,1,0,18,19,5,1,0,0,4,0,0,0,0,1,1,6,6,2,52,8,-1,-1,-1,-1,7,E01000704,0,-1
2021052101217,2021,052101217,1,9,0,9,9,5,3,0,0,6,0,0,0,0,1,1,2,2,2,28,6,-1,-1,-1,-1,3,E01007216,0,-1
2021332100180,2021,332100180,2,9,0,18,19,4,8,0,0,2,1,0,1,0,1,1,2,2,1,41,7,-1,-1,-1,-1,5,E01009710,0,-1
2021302102086,2021,302102086,3,9,0,2,2,0,0,0,0,0,0,0,0,0,3,1,6,6,3,-1,-1,-1,-1,-1,-1,-1,-1,0,-1
2021010292433,2021,010292433,1,1,9,99,99,9,9,99,99,9,9,99,9,99,2,1,2,2,2,36,7,-1,-1,-1,-1,2,E01004467,0,-1
2021131045669,2021,131045669,1,1,0,18,19,7,3,0,0,0,0,0,0,0,2,1,1,1,1,41,7,-1,-1,-1,-1,1,E01011361,0,-1
2021010289442,2021,010289442,1,1,9,99,99,9,9,99,99,9,9,99,9,99,1,1,6,6,1,55,8,-1,-1,-1,-1,8,E01004589,0,-1
2021471069878,2021,471069878,2,9,0,4,4,4,6,0,0,1,0,0,0,0,0,1,6,6,3,-1,-1,-1,-1,-1,-1,-1,-1,0,-1
2021010322924,2021,010322924,1,9,0,18,19,1,5,0,0,8,0,0,0,0,1,1,6,6,3,-1,-1,-1,-1,-1,-1,-1,-1,0,-1
2021320594797,2021,320594797,1,19,0,18,19,8,4,0,0,0,5,0,0,0,1,1,6,6,1,38,7,-1,-1,-1,-1,-1,-1,0,-1
2021302100522,2021,302100522,3,9,0,3,3,4,8,0,0,0,0,0,0,0,0,1,6,6,3,-1,-1,-1,-1,-1,-1,5,E01019456,0,-1
2021010295218,2021,010295218,1,9,0,18,19,1,5,0,0,0,0,11,0,0,1,1,6,6,3,-1,-1,-1,-1,-1,-1,-1,-1,0,-1
2021610026221,2021,610026221,1,9,0,10,10,3,1,0,0,1,0,0,0,0,1,1,1,1,1,37,7,-1,-1,-1,-1,-1,-1,0,-1
2021201017889,2021,201017889,2,9,0,18,19,6,2,0,0,4,0,0,0,0,1,1,6,6,1,44,7,-1,-1,-1,-1,6,E01009520,0,-1
2021332100554,2021,332100554,1,9,0,11,11,5,1,0,0,0,0,0,4,11,1,1,6,6,2,45,7,-1,-1,-1,-1,3,E01022286,0,-1
202134WNC3681,2021,34WNC3681,1,9,0,5,5,0,5,0,0,1,0,0,0,0,3,1,6,6,1,44,7,-1,-1,-1,-1,5,E01027134,0,-1
2021010291683,2021,010291683,1,1,0,18,19,5,1,0,0,0,1,0,0,0,1,1,1,1,1,22,5,-1,-1,-1,-1,4,E01001975,0,-1
2021440266913,2021,440266913,2,1,0,18,19,3,7,0,0,8,0,0,0,0,0,1,2,2,1,23,5,-1,-1,-1,-1,5,E01017030,0,-1
2021041030642,2021,041030642,1,9,0,1,1,3,7,0,0,1,0,0,0,0,2,1,6,6,1,35,6,-1,-1,-1,-1,1,E01012637,0,-1
2021522101902,2021,522101902,1,1,0,18,19,2,6,0,0,1,0,0,0,0,1,1,6,6,1,43,7,-1,-1,-1,-1,10,E01014932,0,-1
2021061098040,2021,061098040,2,1,5,18,19,1,1,0,0,0,0,0,0,0,1,1,6,6,1,39,7,-1,-1,-1,-1,-1,-1,0,-1
2021201110548,2021,201110548,1,9,0,18,19,1,5,0,0,1,0,0,0,0,4,1,6,6,1,-1,-1,-1,-1,-1,-1,-1,-1,0,-1
2021332100885,2021,332100885,1,9,0,18,19,3,7,0,0,8,0,0,0,0,1,1,2,2,2,49,8,-1,-1,-1,-1,8,E01006383,0,-1
2021302100259,2021,302100259,2,9,0,18,19,4,8,0,0,1,0,0,0,0,3,1,6,6,1,40,7,-1,-1,-1,-1,8,E01019609,0,-1
202134WNC3261,2021,34WNC3261,1,9,0,18,19,1,5,0,0,0,0,0,0,0,4,1,6,6,2,-1,-1,-1,-1,-1,-1,-1,-1,0,-1
2021010338408,2021,010338408,2,-1,0,14,14,1,5,0,0,1,0,0,0,0,4,1,1,1,1,44,7,-1,-1,-1,-1,4,E01000608,1,-1
2021610017721,2021,610017721,2,1,0,18,19,7,3,0,0,6,0,0,0,0,1,1,6,6,2,12,3,-1,-1,-1,-1,-1,-1,0,-1
2021522101725,2021,522101725,2,1,0,18,19,6,2,0,0,0,0,0,0,0,1,1,6,6,1,38,7,-1,-1,-1,-1,4,E01014586,0,-1
2021010301946,2021,010301946,2,1,0,4,4,5,1,0,0,1,0,0,0,0,0,1,6,6,2,27,6,-1,-1,-1,-1,7,E01004496,0,-1
2021332100018,2021,332100018,1,9,0,18,19,5,1,0,0,8,0,0,0,0,4,1,2,2,1,53,8,-1,-1,-1,-1,4,E01032101,0,-1
2021161074516,2021,161074516,2,1,0,18,19,8,4,0,0,0,0,0,0,0,1,1,6,6,1,43,7,-1,-1,-1,-1,1,E01012778,0,-1
2021302101642,2021,302101642,2,1,0,18,19,7,3,0,0,8,0,0,0,0,2,1,6,6,2,14,3,-1,-1,-1,-1,1,E01013584,0,-1
2021411049299,2021,411049299,3,9,0,3,3,1,5,0,0,0,0,0,0,0,0,1,1,1,1,41,7,-1,-1,-1,-1,10,E01025794,0,-1
2021471037804,2021,471037804,2,1,0,18,19,4,8,9,9,0,0,0,0,0,1,1,6,6,1,-1,-1,-1,-1,-1,-1,-1,-1,0,-1
2021201125172,2021,201125172,2,1,0,18,19,6,2,0,0,4,0,0,0,0,1,1,4,7,1,13,3,-1,-1,-1,-1,2,E01010400,0,-1
2021302100515,2021,302100515,1,1,0,18,19,8,4,9,9,0,0,0,0,0,1,1,6,6,3,-1,-1,-1,-1,-1,-1,5,E01019456,0,-1
2021501025514,2021,501025514,1,11,0,18,19,1,5,0,0,0,0,0,0,0,1,1,1,1,3,-1,-1,-1,-1,-1,-1,-1,-1,0,-1
2021122100359,2021,122100359,1,9,0,18,19,1,5,0,0,1,0,0,0,0,1,1,6,6,2,55,8,-1,-1,-1,-1,9,E01027917,0,-1
2021461144142,2021,461144142,2,1,0,18,19,8,4,0,0,0,0,0,0,0,1,1,6,6,1,50,8,-1,-1,-1,-1,1,E01024610,0,-1
2021010307445,2021,010307445,1,1,9,99,99,9,9,99,99,9,9,99,9,99,1,1,6,6,1,24,5,-1,-1,-1,-1,2,E01003021,0,-1
202106A080126,2021,06A080126,1,9,0,18,19,5,1,0,0,1,0,0,0,0,1,1,6,6,3,30,6,-1,-1,-1,-1,-1,-1,0,-1
2021991091819,2021,991091819,2,1,0,18,19,1,5,0,0,0,0,0,0,0,1,1,6,6,2,57,9,-1,-1,-1,-1,4,-1,0,-1
2021471067596,2021,471067596,1,90,0,18,19,5,1,0,0,1,0,0,0,0,1,1,6,6,3,-1,-1,-1,-1,-1,-1,-1,-1,0,-1
2021421072484,2021,421072484,2,9,0,4,4,3,7,0,0,0,0,0,0,0,2,1,1,1,1,39,7,-1,-1,-1,-1,5,E01021954,0,-1
2021430248553,2021,430248553,1,9,0,18,19,7,3,0,0,0,0,0,0,0,0,1,6,6,1,27,6,-1,-1,-1,-1,2,E01009505,0,-1
2021010304552,2021,010304552,2,1,0,18,19,3,7,0,0,1,5,0,0,0,0,1,6,6,1,51,8,-1,-1,-1,-1,7,E01000701,0,-1
2021461090895,2021,461090895,1,21,1,11,11,2,6,0,0,0,0,0,0,0,0,1,6,6,3,-1,-1,-1,-1,-1,-1,-1,-1,0,-1
2021141119022,2021,141119022,1,97,0,5,5,1,3,0,0,8,0,0,0,0,4,1,6,6,3,18,4,-1,-1,-1,-1,-1,-1,0,-1
202134WNC2901,2021,34WNC2901,2,1,0,18,19,7,3,0,0,8,0,0,0,0,4,1,6,6,1,28,6,-1,-1,-1,-1,7,E01027186,0,-1
2021010345952,2021,010345952,1,1,9,99,99,9,9,99,99,9,9,99,9,99,9,1,6,6,3,-1,-1,-1,-1,-1,-1,-1,-1,0,-1
202163D027621,2021,63D027621,2,9,0,18,19,1,1,0,0,0,0,0,0,0,0,1,6,6,3,-1,-1,-1,-1,-1,-1,-1,-1,0,-1
2021522102740,2021,522102740,1,11,0,18,19,3,7,0,0,2,0,0,0,0,3,1,6,6,3,-1,-1,-1,-1,-1,-1,-1,-1,0,-1