collision_index,collision_year,collision_ref_no,vehicle_reference,vehicle_type,towing_and_articulation,vehicle_manoeuvre_historic,vehicle_manoeuvre,vehicle_direction_from,vehicle_direction_to,vehicle_location_restricted_lane_historic,vehicle_location_restricted_lane,junction_location,skidding_and_overturning,hit_object_in_carriageway,vehicle_leaving_carriageway,hit_object_off_carriageway,first_point_of_impact,vehicle_left_hand_drive,journey_purpose_of_driver_historic,journey_purpose_of_driver,sex_of_driver,age_of_driver,age_band_of_driver,engine_capacity_cc,propulsion_code,age_of_vehicle,generic_make_model,driver_imd_decile,lsoa_of_driver,escooter_flag,driver_distance_banding
2021010315321,2021,010315321,2,9,0,9,9,5,3,0,0,1,0,0,0,0,0,1,6,6,3,-1,-1,-1,-1,-1,-1,-1,-1,0,-1
2021320087643,2021,320087643,1,21,1,10,10,8,5,0,0,8,3,0,0,0,1,2,1,1,1,53,8,-1,-1,-1,-1,-1,-1,0,-1
2021332100742,2021,332100742,2,9,0,18,19,7,3,0,0,0,0,0,0,0,1,1,6,6,1,45,7,-1,-1,-1,-1,1,E01013673,0,-1
2021052100016,2021,052100016,1,9,0,17,19,6,3,0,0,8,0,0,0,0,2,1,6,6,1,32,6,-1,-1,-1,-1,1,E01006540,0,-1
202131C075521,2021,31C075521,2,1,0,18,19,8,4,0,0,1,0,0,0,0,1,1,6,6,1,48,8,-1,-1,-1,-1,2,E01013829,0,-1
2021211063930,2021,211063930,1,1,0,17,19,3,3,0,0,0,0,0,0,0,1,1,6,6,1,40,7,-1,-1,-1,-1,1,E01014221,0,-1
2021010291835,2021,010291835,1,9,0,18,19,5,1,0,0,0,0,0,0,0,0,1,6,6,2,-1,-1,-1,-1,-1,-1,-1,-1,0,-1
2021332100364,2021,332100364,2,5,0,18,19,4,8,0,0,2,0,0,7,0,4,1,6,6,1,55,8,-1,-1,-1,-1,10,E01025869,0,-1
2021061052414,2021,061052414,1,90,0,3,3,4,6,0,0,0,0,0,0,0,2,1,6,6,2,30,6,-1,-1,-1,-1,8,E01024957,0,-1
2021461083948,2021,461083948,1,1,0,18,19,5,1,9,9,1,0,0,0,0,1,1,5,6,1,55,8,-1,-1,-1,-1,10,E01024850,0,-1
202131A195721,2021,31A195721,1,9,0,18,19,4,8,0,0,1,0,0,7,11,1,1,6,6,1,84,11,-1,-1,-1,-1,1,E01027968,0,-1
2021010308807,2021,010308807,2,1,0,18,19,1,5,9,9,8,0,4,0,0,1,1,1,1,1,37,7,-1,-1,-1,-1,3,E01004063,0,-1
2021461103172,2021,461103172,2,1,0,18,19,8,4,0,0,0,0,4,0,0,1,1,6,6,2,61,9,-1,-1,-1,-1,2,E01016064,0,-1
2021010302043,2021,010302043,2,1,0,18,19,7,3,4,4,0,5,0,0,0,1,1,6,6,1,59,9,-1,-1,-1,-1,3,E01003275,0,-1
2021010330623,2021,010330623,1,9,0,18,19,5,1,0,0,0,0,0,0,0,4,1,6,6,1,74,10,-1,-1,-1,-1,5,E01000607,0,-1
2021010288308,2021,010288308,1,9,4,13,13,3,7,0,0,1,0,0,7,0,4,1,2,2,1,20,4,-1,-1,-1,-1,5,E01001498,0,-1
2021122100901,2021,122100901,2,1,0,16,19,5,1,0,0,0,0,0,0,0,3,1,6,6,1,48,8,-1,-1,-1,-1,6,E01011697,0,-1
2021501097451,2021,501097451,1,9,0,17,19,8,4,0,0,0,5,0,1,11,1,1,5,6,2,31,6,-1,-1,-1,-1,4,E01018948,0,-1
2021501061545,2021,501061545,2,9,0,3,3,7,3,0,0,0,0,0,0,0,2,1,6,6,1,56,9,-1,-1,-1,-1,1,E01015046,0,-1
2021430152802,2021,430152802,2,9,0,2,2,0,0,0,0,0,0,0,0,0,2,1,6,6,1,55,8,-1,-1,-1,-1,6,E01016704,0,-1
2021141011425,2021,141011425,2,1,0,18,19,7,3,0,0,0,0,0,0,0,1,1,6,6,1,28,6,-1,-1,-1,-1,5,E01007746,0,-1
2021332101531,2021,332101531,2,9,0,2,2,0,0,0,0,0,0,0,0,0,0,1,6,6,3,-1,-1,-1,-1,-1,-1,-1,-1,0,-1
2021522105547,2021,522105547,2,9,0,7,7,3,5,0,0,8,0,0,0,0,1,1,6,6,1,30,6,-1,-1,-1,-1,-1,-1,0,-1
2021522105384,2021,522105384,1,-1,0,9,9,7,4,0,0,6,0,0,0,0,1,1,6,6,1,21,5,-1,-1,-1,-1,6,E01014733,1,-1
2021010313747,2021,010313747,1,1,9,99,99,9,9,99,99,9,9,99,9,99,9,1,2,2,2,27,6,-1,-1,-1,-1,8,E01004179,0,-1
2021991038822,2021,991038822,2,1,0,2,2,0,0,0,0,4,0,0,0,0,0,1,5,6,1,41,7,-1,-1,-1,-1,4,-1,0,-1
2021332100306,2021,332100306,1,19,0,18,19,4,8,0,0,8,0,0,0,0,3,1,6,6,1,73,10,-1,-1,-1,-1,8,E01013788,0,-1
2021461040729,2021,461040729,1,9,0,18,19,7,6,0,0,0,0,0,0,0,1,1,6,6,3,-1,-1,-1,-1,-1,-1,-1,-1,0,-1
2021061110298,2021,061110298,1,1,0,9,9,5,2,0,0,5,0,0,0,0,4,1,2,2,1,38,7,-1,-1,-1,-1,2,E01005222,0,-1
2021552100497,2021,552100497,2,1,0,10,10,4,2,0,0,5,0,0,0,0,2,1,6,6,1,26,6,-1,-1,-1,-1,4,E01015372,0,-1
2021201146109,2021,201146109,1,9,0,1,1,1,5,0,0,0,0,0,0,0,2,1,6,6,1,38,7,-1,-1,-1,-1,7,E01009898,0,-1
2021010305176,2021,010305176,2,19,0,18,19,1,5,0,0,3,0,0,0,0,1,1,1,1,1,31,6,-1,-1,-1,-1,4,E01017905,0,-1
202160Z130092,2021,60Z130092,2,3,0,3,3,4,8,0,0,0,0,0,0,0,0,1,2,2,1,18,4,-1,-1,-1,-1,-1,-1,0,-1
2021991050321,2021,991050321,1,1,0,18,19,7,3,0,0,0,0,0,0,0,3,1,4,7,2,15,3,-1,-1,-1,-1,-1,-1,0,-1
2021201095562,2021,201095562,2,1,0,2,2,0,0,0,0,1,0,10,7,0,1,1,6,6,1,42,7,-1,-1,-1,-1,3,E01009619,0,-1
2021010310557,2021,010310557,2,9,0,99,99,9,9,99,99,9,9,99,9,99,9,9,6,6,3,-1,-1,-1,-1,-1,-1,7,E01000317,0,-1
2021461022183,2021,461022183,2,21,1,18,19,7,3,0,0,0,0,0,0,0,2,1,1,1,1,43,7,-1,-1,-1,-1,-1,-1,0,-1
202134NNC5041,2021,34NNC5041,2,-1,0,18,19,7,3,0,0,8,0,0,0,0,4,1,6,6,2,25,5,-1,-1,-1,-1,7,E01027095,1,-1
2021070552073,2021,070552073,2,9,0,3,3,2,6,0,0,4,0,0,0,0,2,1,6,6,2,51,8,-1,-1,-1,-1,-1,-1,0,-1
2021531051503,2021,531051503,2,1,0,18,19,6,2,0,0,-1,0,0,0,0,3,1,6,6,1,-1,-1,-1,-1,-1,-1,10,E01022167,0,-1
2021522102550,2021,522102550,1,9,0,18,19,7,3,0,0,8,0,0,0,0,3,1,6,6,1,53,8,-1,-1,-1,-1,7,E01032677,0,-1
202163C018521,2021,63C018521,1,19,0,18,19,7,3,0,0,0,0,0,0,0,1,1,6,6,1,33,6,-1,-1,-1,-1,4,W01000591,0,-1
2021461113082,2021,461113082,1,9,0,18,19,1,3,0,0,1,0,0,0,0,1,1,5,6,1,-1,-1,-1,-1,-1,-1,10,E01024402,0,-1
2021522102129,2021,522102129,1,1,0,18,19,1,5,0,0,8,0,0,0,0,1,1,6,6,1,56,9,-1,-1,-1,-1,-1,-1,0,-1
2021031113372,2021,031113372,2,9,0,3,3,7,3,0,0,0,0,0,0,0,2,1,1,1,1,60,9,-1,-1,-1,-1,6,E01019320,0,-1
2021501033936,2021,501033936,2,9,0,18,19,4,8,0,0,0,0,4,0,0,1,1,1,1,1,54,8,-1,-1,-1,-1,4,E01020289,0,-1
2021131056975,2021,131056975,2,1,0,17,19,1,5,0,0,1,0,0,0,0,3,1,1,1,2,45,7,-1,-1,-1,-1,7,E01011692,0,-1
2021141127609,2021,141127609,1,9,0,4,4,2,6,0,0,0,0,0,0,0,1,1,6,6,1,38,7,-1,-1,-1,-1,7,E01007798,0,-1
2021520104060,2021,520104060,1,1,0,18,19,5,1,0,0,3,0,0,0,0,1,1,6,6,1,68,10,-1,-1,-1,-1,8,E01029225,0,-1
2021010327815,2021,010327815,3,9,0,1,1,3,7,9,9,0,0,0,0,0,3,1,6,6,2,56,9,-1,-1,-1,-1,-1,-1,0,-1
2021010293359,2021,010293359,1,1,9,99,99,9,9,99,99,9,9,99,9,99,9,1,2,2,1,44,7,-1,-1,-1,-1,6,E01002140,0,-1
2021421038593,2021,421038593,2,1,0,18,19,1,5,0,0,8,0,0,0,0,1,1,1,1,1,17,4,-1,-1,-1,-1,4,E01004366,0,-1
2021440155779,2021,440155779,1,9,0,18,19,3,7,0,0,8,0,0,0,0,1,1,6,6,3,-1,-1,-1,-1,-1,-1,-1,-1,0,-1
2021430519528,2021,430519528,2,1,0,18,19,3,7,0,0,8,0,0,0,0,1,1,6,6,1,25,5,-1,-1,-1,-1,9,E01016547,0,-1
2021070650409,2021,070650409,2,9,0,4,4,7,3,0,0,2,0,0,0,0,2,1,6,6,2,54,8,-1,-1,-1,-1,9,E01018389,0,-1
2021991014964,2021,991014964,2,1,0,18,19,4,1,0,0,8,0,0,0,0,3,1,6,6,1,28,6,-1,-1,-1,-1,8,-1,0,-1
2021161026846,2021,161026846,1,1,0,18,19,3,7,4,4,0,5,0,0,0,3,1,6,6,1,46,8,-1,-1,-1,-1,9,E01012956,0,-1
2021041104400,2021,041104400,2,1,0,18,19,1,5,0,0,8,5,0,0,0,4,1,5,6,1,19,4,-1,-1,-1,-1,1,E01012751,0,-1
2021361066048,2021,361066048,1,1,0,9,9,2,7,0,0,5,0,0,0,0,2,1,1,1,1,56,9,-1,-1,-1,-1,9,E01026448,0,-1
2021041071840,2021,041071840,1,11,0,-1,-1,5,1,0,0,0,0,0,0,0,1,1,6,6,3,-1,-1,-1,-1,-1,-1,-1,-1,0,-1
2021131092741,2021,131092741,1,90,0,18,19,1,5,0,0,2,0,0,0,0,3,1,4,7,1,11,3,-1,-1,-1,-1,1,E01011372,0,-1
2021421114546,2021,421114546,1,9,0,18,19,8,4,0,0,0,0,0,0,0,1,1,6,6,2,-1,-1,-1,-1,-1,-1,-1,-1,0,-1
2021430120577,2021,430120577,1,1,0,18,19,3,7,9,9,1,0,0,0,0,1,1,6,6,2,39,7,-1,-1,-1,-1,10,E01028727,0,-1
2021522103078,2021,522103078,2,9,0,18,19,8,3,0,0,8,0,0,0,0,3,1,6,6,1,32,6,-1,-1,-1,-1,8,E01011605,0,-1
2021451120073,2021,451120073,5,9,0,18,19,1,5,0,0,0,0,0,0,0,0,1,6,6,3,45,7,-1,-1,-1,-1,-1,-1,0,-1
2021371077298,2021,371077298,2,1,0,18,19,5,2,4,4,1,2,10,1,0,0,1,6,6,1,19,4,-1,-1,-1,-1,5,E01026902,0,-1
2021010321017,2021,010321017,1,1,9,99,99,9,9,99,99,9,9,99,9,99,9,1,6,6,1,35,6,-1,-1,-1,-1,6,E01004626,0,-1
2021041014590,2021,041014590,1,98,0,6,6,7,3,0,0,0,0,0,0,0,2,1,6,6,3,-1,-1,-1,-1,-1,-1,-1,-1,0,-1
2021371092095,2021,371092095,1,90,-1,-1,-1,-1,-1,-1,-1,0,-1,-1,-1,0,-1,1,6,6,3,-1,-1,-1,-1,-1,-1,-1,-1,0,-1
2021010328857,2021,010328857,2,1,0,18,19,5,1,0,0,8,0,0,0,0,1,1,6,6,1,19,4,-1,-1,-1,-1,4,E01011007,0,-1
2021351096311,2021,351096311,1,98,0,4,4,6,2,0,0,0,0,0,0,0,1,1,6,6,1,67,10,-1,-1,-1,-1,5,E01026591,0,-1
2021351063913,2021,351063913,1,8,0,9,9,-1,-1,0,0,8,0,0,0,0,1,1,6,6,1,40,7,-1,-1,-1,-1,-1,-1,0,-1
2021991121653,2021,991121653,2,4,0,18,19,7,3,0,0,0,1,0,0,0,2,1,6,6,1,30,6,-1,-1,-1,-1,6,-1,0,-1
2021041128423,2021,041128423,2,1,0,9,9,7,1,0,0,4,0,0,0,0,2,1,2,2,1,31,6,-1,-1,-1,-1,8,E01025513,0,-1
2021161030053,2021,161030053,2,19,0,18,19,8,4,0,0,1,0,0,0,0,3,1,5,6,1,39,7,-1,-1,-1,-1,1,E01013330,0,-1
2021552100293,2021,552100293,3,1,0,18,19,1,5,0,0,8,0,0,0,0,4,1,6,6,1,33,6,-1,-1,-1,-1,6,E01015358,0,-1
2021501134017,2021,501134017,1,9,0,9,9,1,5,0,0,0,0,0,0,0,1,1,6,6,3,-1,-1,-1,-1,-1,-1,-1,-1,0,-1
2021010289369,2021,010289369,1,1,0,14,14,2,6,9,9,1,1,0,0,0,1,1,1,1,1,33,6,-1,-1,-1,-1,2,E01003108,0,-1
2021471076976,2021,471076976,2,1,0,18,19,4,8,0,0,8,0,0,0,0,0,1,5,6,1,58,9,-1,-1,-1,-1,6,E01021021,0,-1
2021010325509,2021,010325509,2,9,0,99,99,9,9,99,99,9,9,99,9,99,1,9,6,6,3,-1,-1,-1,-1,-1,-1,2,E01001560,0,-1
202163A031521,2021,63A031521,1,9,0,3,3,4,8,0,0,0,0,0,0,0,2,1,6,6,2,37,7,-1,-1,-1,-1,-1,-1,0,-1
202163D077421,2021,63D077421,2,90,0,17,19,8,5,0,0,0,0,0,1,10,3,1,6,6,1,70,10,-1,-1,-1,-1,8,E01014868,0,-1
2021010339130,2021,010339130,1,11,0,99,99,9,9,99,99,9,9,99,9,99,9,9,6,6,3,-1,-1,-1,-1,-1,-1,-1,-1,0,-1
2021010288025,2021,010288025,3,9,0,4,4,1,5,0,0,5,0,0,0,0,2,1,6,6,2,-1,-1,-1,-1,-1,-1,-1,-1,0,-1
2021411016263,2021,411016263,1,98,1,11,11,3,7,0,0,0,0,0,0,0,1,1,1,1,1,22,5,-1,-1,-1,-1,-1,-1,0,-1
2021010312686,2021,010312686,2,9,0,99,99,9,9,99,99,9,9,99,9,99,2,9,6,6,3,-1,-1,-1,-1,-1,-1,-1,-1,0,-1
2021010311515,2021,010311515,2,9,0,99,99,9,9,99,99,9,9,99,9,99,1,9,6,6,3,-1,-1,-1,-1,-1,-1,-1,-1,0,-1
2021061023597,2021,061023597,2,1,0,3,3,3,3,0,0,1,0,0,0,0,1,1,6,6,1,31,6,-1,-1,-1,-1,5,E01032687,0,-1
202106F080158,2021,06F080158,1,9,0,4,4,2,6,0,0,8,0,0,0,0,1,1,6,6,1,50,8,-1,-1,-1,-1,-1,-1,0,-1
2021401101007,2021,401101007,1,9,0,3,3,8,4,4,4,0,0,0,0,0,3,1,6,6,3,-1,-1,-1,-1,-1,-1,-1,-1,0,-1
2021201086989,2021,201086989,2,-1,0,18,19,6,2,0,0,4,0,0,0,0,4,1,6,6,1,37,7,-1,-1,-1,-1,1,E01009366,1,-1
2021461012152,2021,461012152,1,9,-1,18,19,5,1,0,0,0,0,0,0,0,1,1,6,6,3,-1,-1,-1,-1,-1,-1,-1,-1,0,-1
2021332101033,2021,332101033,2,9,0,18,19,5,1,0,0,1,0,0,0,0,1,1,1,1,1,25,5,-1,-1,-1,-1,4,E01013747,0,-1
2021101037191,2021,101037191,2,19,0,18,19,5,1,0,0,0,0,0,0,0,2,1,2,2,2,27,6,-1,-1,-1,-1,-1,-1,0,-1
2021440285960,2021,440285960,1,9,0,18,19,6,2,0,0,0,0,0,0,0,1,1,6,6,1,-1,-1,-1,-1,-1,-1,-1,-1,0,-1
2021361115310,2021,361115310,1,9,0,18,19,8,3,0,0,0,2,0,0,0,1,1,6,6,1,54,8,-1,-1,-1,-1,3,E01026684,0,-1
2021122100380,2021,122100380,2,9,0,4,4,7,3,0,0,0,0,0,0,0,2,1,6,6,1,63,9,-1,-1,-1,-1,1,E01011510,0,-1
2021461050858,2021,461050858,1,1,0,18,19,8,5,0,0,8,5,0,0,0,1,1,6,6,1,67,10,-1,-1,-1,-1,10,E01001032,0,-1
2021010289773,2021,010289773,2,1,0,18,19,4,8,0,0,1,1,0,0,0,1,1,2,2,1,48,8,-1,-1,-1,-1,3,E01001668,0,-1
2021461102653,2021,461102653,5,9,0,2,2,1,5,0,0,0,0,0,0,0,1,1,6,6,3,-1,-1,-1,-1,-1,-1,-1,-1,0,-1
202160Z000283,2021,60Z000283,1,9,0,17,19,6,2,0,0,1,0,0,1,1,1,1,6,6,1,76,11,-1,-1,-1,-1,-1,-1,0,-1
2021010319271,2021,010319271,1,1,9,99,99,9,9,99,99,9,9,99,9,99,1,1,6,6,3,38,7,-1,-1,-1,-1,8,E01000859,0,-1
2021010298559,2021,010298559,2,9,0,99,99,9,9,99,99,9,9,99,9,99,9,9,6,6,3,-1,-1,-1,-1,-1,-1,-1,-1,0,-1
2021610021221,2021,610021221,2,9,0,18,19,7,2,0,0,0,0,0,0,0,1,1,6,6,2,34,6,-1,-1,-1,-1,-1,-1,0,-1
2021170S30581,2021,170S30581,1,19,0,18,19,5,1,0,0,0,0,0,0,0,0,1,6,6,3,-1,-1,-1,-1,-1,-1,-1,-1,0,-1
2021461103040,2021,461103040,1,1,0,18,19,3,7,0,0,0,0,4,0,0,4,1,1,1,1,23,5,-1,-1,-1,-1,1,E01016063,0,-1
2021501034885,2021,501034885,1,98,0,18,19,1,5,0,0,0,0,0,0,0,0,1,6,6,3,-1,-1,-1,-1,-1,-1,-1,-1,0,-1
2021201065157,2021,201065157,2,9,0,9,9,6,4,0,0,6,0,0,0,0,1,1,6,6,1,-1,-1,-1,-1,-1,-1,-1,-1,0,-1
2021211036212,2021,211036212,1,9,0,18,19,1,5,0,0,0,0,0,0,0,3,1,6,6,3,-1,-1,-1,-1,-1,-1,-1,-1,0,-1
2021010303602,2021,010303602,1,9,0,18,19,6,2,0,0,1,0,0,0,0,1,1,6,6,3,-1,-1,-1,-1,-1,-1,-1,-1,0,-1
2021010306289,2021,010306289,2,1,0,7,7,5,7,0,0,5,0,0,0,0,3,1,6,6,1,41,7,-1,-1,-1,-1,8,E01002985,0,-1
2021451030090,2021,451030090,2,1,0,4,4,6,2,5,5,1,0,0,0,0,3,1,2,2,1,36,7,-1,-1,-1,-1,6,E01030736,0,-1
2021461055376,2021,461055376,1,98,1,18,19,5,1,0,0,0,0,0,0,0,1,1,1,1,3,-1,-1,-1,-1,-1,-1,-1,-1,0,-1
2021010343085,2021,010343085,1,9,0,18,19,4,8,0,0,1,0,0,0,0,1,1,6,6,3,-1,-1,-1,-1,-1,-1,-1,-1,0,-1
2021471054117,2021,471054117,4,9,0,18,19,3,7,0,0,0,0,0,0,0,2,1,1,1,1,41,7,-1,-1,-1,-1,10,E01016998,0,-1
2021052101336,2021,052101336,1,9,0,18,19,3,7,0,0,8,0,0,0,0,1,1,2,2,1,53,8,-1,-1,-1,-1,1,E01006965,0,-1
2021547135421,2021,547135421,4,1,0,18,19,6,2,0,0,0,0,0,0,0,2,1,6,6,1,60,9,-1,-1,-1,-1,6,E01019967,0,-1
2021440157474,2021,440157474,1,97,0,7,7,3,5,0,0,8,0,0,0,0,1,1,6,6,1,15,3,-1,-1,-1,-1,8,E01022491,0,-1
2021501163240,2021,501163240,2,9,0,18,19,6,2,0,0,0,0,11,6,0,1,1,5,6,1,63,9,-1,-1,-1,-1,5,E01020050,0,-1
2021430408358,2021,430408358,1,9,0,18,19,5,1,0,0,1,0,0,0,0,1,1,6,6,3,-1,-1,-1,-1,-1,-1,-1,-1,0,-1
2021161026466,2021,161026466,2,9,0,18,19,5,1,0,0,8,0,0,0,0,1,1,6,6,3,-1,-1,-1,-1,-1,-1,-1,-1,0,-1
2021161099804,2021,161099804,3,1,0,18,19,1,5,0,0,8,0,0,0,0,1,1,6,6,1,22,5,-1,-1,-1,-1,1,E01012881,0,-1
2021131120996,2021,131120996,2,1,0,18,19,7,3,4,4,1,0,0,0,0,1,1,2,2,1,53,8,-1,-1,-1,-1,8,E01011459,0,-1
2021430232315,2021,430232315,1,9,0,18,19,1,5,0,0,6,0,0,0,0,1,1,6,6,3,-1,-1,-1,-1,-1,-1,-1,-1,0,-1
202160Z002213,2021,60Z002213,2,4,0,7,7,2,4,0,0,1,0,0,0,0,1,1,6,6,1,35,6,-1,-1,-1,-1,-1,-1,0,-1
2021010348353,2021,010348353,2,9,9,18,19,1,5,99,99,9,9,99,0,0,9,9,6,6,3,-1,-1,-1,-1,-1,-1,-1,-1,0,-1
2021041082018,2021,041082018,1,18,0,18,19,1,5,0,0,0,0,0,0,0,1,1,1,1,1,47,8,-1,-1,-1,-1,3,E01012777,0,-1
202163C089321,2021,63C089321,1,9,0,18,19,6,2,0,0,0,5,0,2,10,1,1,6,6,1,18,4,-1,-1,-1,-1,7,W01000684,0,-1
2021052101870,2021,052101870,1,19,0,18,19,3,7,0,0,0,0,0,0,0,3,1,6,6,3,-1,-1,-1,-1,-1,-1,-1,-1,0,-1
2021371093854,2021,371093854,2,9,0,18,19,5,1,0,0,8,0,0,0,0,4,1,1,1,1,35,6,-1,-1,-1,-1,2,E01033122,0,-1
2021471041282,2021,471041282,2,1,0,18,19,8,4,0,0,1,0,0,0,0,1,1,6,6,1,65,9,-1,-1,-1,-1,2,E01016941,0,-1
2021041028366,2021,041028366,2,1,0,18,19,7,3,0,0,1,0,0,0,0,1,1,6,6,1,53,8,-1,-1,-1,-1,8,E01024944,0,-1
2021332100184,2021,332100184,1,9,0,10,10,6,4,0,0,8,0,0,0,0,2,1,6,6,1,34,6,-1,-1,-1,-1,6,E01025824,0,-1
2021070471685,2021,070471685,2,9,0,2,2,0,0,0,0,0,0,0,0,0,2,1,6,6,2,-1,-1,-1,-1,-1,-1,2,E01012570,0,-1
2021010302084,2021,010302084,1,1,0,18,19,3,7,0,0,2,0,11,0,0,1,1,6,6,1,33,6,-1,-1,-1,-1,4,E01004234,0,-1
2021010288589,2021,010288589,3,9,0,99,99,9,9,99,99,9,9,99,9,99,9,9,6,6,1,-1,-1,-1,-1,-1,-1,-1,-1,0,-1
2021041028338,2021,041028338,1,9,0,7,7,1,7,0,0,1,0,0,0,0,2,1,6,6,3,-1,-1,-1,-1,-1,-1,-1,-1,0,-1
2021010308613,2021,010308613,2,9,0,99,99,9,9,99,99,1,9,99,9,99,1,9,6,6,3,-1,-1,-1,-1,-1,-1,-1,-1,0,-1
2021010335712,2021,010335712,2,1,0,18,19,1,5,0,0,1,0,0,0,0,0,1,6,6,1,73,10,-1,-1,-1,-1,9,E01002956,0,-1
2021010307605,2021,010307605,1,1,9,99,99,9,9,99,99,9,9,99,9,99,9,1,6,6,1,35,6,-1,-1,-1,-1,3,E01003145,0,-1
2021070410677,2021,070410677,2,1,0,9,9,4,3,0,0,1,0,0,0,0,4,1,6,6,1,47,8,-1,-1,-1,-1,8,E01018681,0,-1
2021351175151,2021,351175151,2,9,0,18,19,6,2,0,0,8,0,0,0,0,1,1,6,6,1,64,9,-1,-1,-1,-1,7,E01018140,0,-1
2021332100678,2021,332100678,2,9,0,18,19,1,5,0,0,0,0,0,0,0,3,1,6,6,1,35,6,-1,-1,-1,-1,9,E01025778,0,-1
2021221108791,2021,221108791,1,9,0,9,9,5,3,0,0,8,0,0,0,0,1,1,5,6,1,56,9,-1,-1,-1,-1,9,E01013987,0,-1
2021332100510,2021,332100510,2,9,0,18,19,4,8,0,0,8,0,0,0,0,4,1,6,6,2,71,10,-1,-1,-1,-1,8,E01025644,0,-1
2021161072740,2021,161072740,1,1,0,18,19,3,7,0,0,0,0,0,0,0,4,1,4,7,1,17,4,-1,-1,-1,-1,9,E01012998,0,-1
2021010312059,2021,010312059,2,1,9,99,99,9,9,99,99,9,9,99,9,99,9,9,6,6,3,-1,-1,-1,-1,-1,-1,-1,-1,0,-1
2021332101588,2021,332101588,1,9,0,18,19,2,6,0,0,0,0,0,0,0,1,1,6,6,1,22,5,-1,-1,-1,-1,-1,-1,0,-1
2021010288714,2021,010288714,1,9,0,9,9,4,1,0,0,1,0,0,0,0,1,1,6,6,2,45,7,-1,-1,-1,-1,3,E01030385,0,-1
202106A079432,2021,06A079432,1,9,0,5,5,3,7,0,0,2,0,0,0,0,1,1,6,6,3,30,6,-1,-1,-1,-1,-1,-1,0,-1
2021052101624,2021,052101624,3,9,0,18,19,5,1,0,0,1,0,0,0,0,0,1,6,6,2,38,7,-1,-1,-1,-1,9,E01006362,0,-1
2021451098454,2021,451098454,1,9,0,18,19,1,5,0,0,0,0,0,0,0,4,1,6,6,3,30,6,-1,-1,-1,-1,-1,-1,0,-1
2021471031104,2021,471031104,1,21,0,9,9,8,6,0,0,8,0,0,0,0,4,2,1,1,1,37,7,-1,-1,-1,-1,-1,-1,0,-1
2021471060084,2021,471060084,2,1,0,18,19,7,3,0,0,0,0,0,0,0,4,1,6,6,2,14,3,-1,-1,-1,-1,6,E01031408,0,-1
2021010303360,2021,010303360,2,-1,0,18,19,5,1,0,0,8,0,0,0,0,2,1,6,6,1,15,3,-1,-1,-1,-1,7,E01001027,1,-1
2021471042841,2021,471042841,1,1,0,7,7,5,1,0,0,0,0,0,0,0,1,1,5,6,1,52,8,-1,-1,-1,-1,7,E01031488,0,-1
2021061095846,2021,061095846,1,9,0,18,19,5,1,0,0,0,0,0,0,0,1,1,6,6,1,30,6,-1,-1,-1,-1,-1,-1,0,-1
2021010340294,2021,010340294,2,1,0,18,19,7,3,0,0,8,0,0,0,0,4,1,2,2,1,20,4,-1,-1,-1,-1,1,E01001732,0,-1
2021461072631,2021,461072631,2,1,0,18,19,1,5,0,0,0,0,0,0,0,1,1,6,6,2,37,7,-1,-1,-1,-1,6,E01024117,0,-1
2021010320457,2021,010320457,1,1,9,99,99,9,9,99,99,9,9,99,9,99,9,1,6,6,2,32,6,-1,-1,-1,-1,5,E01003054,0,-1
202134WNC4311,2021,34WNC4311,1,1,0,18,19,1,5,0,0,0,0,0,0,0,1,1,6,6,2,12,3,-1,-1,-1,-1,1,E01027177,0,-1
2021041136688,2021,041136688,1,1,0,9,9,1,5,0,0,8,0,0,0,0,1,1,4,7,1,21,5,-1,-1,-1,-1,1,E01025283,0,-1
2021430176689,2021,430176689,1,5,0,7,7,6,1,0,0,3,0,0,0,0,3,1,6,6,1,48,8,-1,-1,-1,-1,9,E01028504,0,-1
2021421013439,2021,421013439,1,9,0,5,5,7,3,0,0,4,0,0,0,0,1,1,2,2,1,42,7,-1,-1,-1,-1,3,E01021601,0,-1
2021010299674,2021,010299674,2,1,0,9,9,1,7,0,0,8,0,0,3,0,1,1,6,6,2,52,8,-1,-1,-1,-1,5,E01004648,0,-1
2021041022295,2021,041022295,2,1,0,18,19,7,3,0,0,0,0,0,0,0,2,1,6,6,2,40,7,-1,-1,-1,-1,4,E01033281,0,-1
2021351099705,2021,351099705,3,16,0,18,19,3,7,0,0,0,0,0,0,0,0,1,6,6,2,50,8,-1,-1,-1,-1,5,E01018214,0,-1
2021010298047,2021,010298047,1,9,0,99,99,9,9,99,99,9,9,99,9,99,2,9,6,6,3,-1,-1,-1,-1,-1,-1,-1,-1,0,-1
2021122101308,2021,122101308,2,9,0,5,5,6,1,0,0,4,0,0,0,0,1,1,6,6,3,-1,-1,-1,-1,-1,-1,-1,-1,0,-1
2021070285825,2021,070285825,2,9,0,18,19,5,1,0,0,3,0,0,0,0,1,2,6,6,1,17,4,-1,-1,-1,-1,7,E01012561,0,-1
2021421036418,2021,421036418,2,1,0,5,5,1,1,0,0,1,0,0,0,0,2,1,5,6,1,33,6,-1,-1,-1,-1,-1,-1,0,-1
2021010313790,2021,010313790,1,1,9,99,99,9,9,99,99,9,9,99,9,99,9,1,6,6,1,54,8,-1,-1,-1,-1,5,E01001718,0,-1
2021101074023,2021,101074023,1,19,0,7,7,5,8,0,0,1,0,0,0,0,4,1,6,6,1,44,7,-1,-1,-1,-1,5,E01033556,0,-1
2021161059960,2021,161059960,2,1,0,18,19,7,3,0,0,0,0,0,1,10,1,1,6,6,1,56,9,-1,-1,-1,-1,4,E01013079,0,-1
2021010355930,2021,010355930,1,97,9,18,19,3,7,0,0,1,9,0,0,0,1,1,6,6,1,47,8,-1,-1,-1,-1,2,E01004041,0,-1
2021440131793,2021,440131793,2,19,0,18,19,2,6,0,0,0,0,0,0,0,1,1,6,6,3,-1,-1,-1,-1,-1,-1,-1,-1,0,-1
2021991055063,2021,991055063,1,1,0,18,19,7,3,0,0,0,0,0,0,0,1,1,5,6,1,55,8,-1,-1,-1,-1,9,-1,0,-1
2021010294660,2021,010294660,2,9,0,99,99,9,9,0,0,4,0,0,0,0,1,9,6,6,3,-1,-1,-1,-1,-1,-1,-1,-1,0,-1