collision_index,collision_year,collision_ref_no,vehicle_reference,vehicle_type,towing_and_articulation,vehicle_manoeuvre_historic,vehicle_manoeuvre,vehicle_direction_from,vehicle_direction_to,vehicle_location_restricted_lane_historic,vehicle_location_restricted_lane,junction_location,skidding_and_overturning,hit_object_in_carriageway,vehicle_leaving_carriageway,hit_object_off_carriageway,first_point_of_impact,vehicle_left_hand_drive,journey_purpose_of_driver_historic,journey_purpose_of_driver,sex_of_driver,age_of_driver,age_band_of_driver,engine_capacity_cc,propulsion_code,age_of_vehicle,generic_make_model,driver_imd_decile,lsoa_of_driver,escooter_flag,driver_distance_banding
2021052102931,2021,052102931,1,1,0,18,19,5,1,0,0,0,0,0,0,0,1,1,1,1,3,-1,-1,-1,-1,-1,-1,-1,-1,0,-1
2021332100181,2021,332100181,2,9,0,18,19,1,5,0,0,8,0,0,0,0,1,1,6,6,1,32,6,-1,-1,-1,-1,1,E01013653,0,-1
202160Z005229,2021,60Z005229,3,98,0,4,4,8,4,0,0,1,0,0,0,0,0,1,6,6,1,30,6,-1,-1,-1,-1,-1,-1,0,-1
2021451091781,2021,451091781,1,9,0,18,19,5,1,0,0,1,0,0,0,0,1,1,6,6,3,25,5,-1,-1,-1,-1,-1,-1,0,-1
2021332100670,2021,332100670,1,9,0,16,19,5,8,0,0,4,5,7,1,2,1,1,1,1,2,21,5,-1,-1,-1,-1,1,E01013693,0,-1
2021101031452,2021,101031452,2,1,0,14,14,5,1,0,0,8,5,0,0,0,1,1,5,6,1,45,7,-1,-1,-1,-1,9,E01008184,0,-1
2021221121140,2021,221121140,2,16,0,4,4,6,2,0,0,0,0,0,0,0,3,1,5,6,2,23,5,-1,-1,-1,-1,5,E01028846,0,-1
2021010316934,2021,010316934,2,98,0,16,19,1,5,0,0,4,0,0,0,0,1,1,6,6,3,-1,-1,-1,-1,-1,-1,-1,-1,0,-1
2021170H10961,2021,170H10961,1,1,0,18,19,7,3,0,0,8,0,0,0,0,1,1,6,6,1,12,3,-1,-1,-1,-1,9,E01011965,0,-1
2021010313878,2021,010313878,1,1,9,99,99,9,9,99,99,9,9,99,9,99,2,1,6,6,1,45,7,-1,-1,-1,-1,4,E01003440,0,-1
2021501039603,2021,501039603,3,19,0,18,19,5,1,0,0,0,0,0,0,0,2,1,5,6,1,23,5,-1,-1,-1,-1,5,E01020256,0,-1
2021501048889,2021,501048889,1,9,0,15,15,3,7,0,0,0,0,0,0,0,3,1,5,6,1,35,6,-1,-1,-1,-1,1,E01015795,0,-1
2021010290815,2021,010290815,1,9,0,99,99,9,9,99,99,9,9,99,9,99,9,9,6,6,3,-1,-1,-1,-1,-1,-1,-1,-1,0,-1
2021231051684,2021,231051684,2,1,0,9,9,8,6,0,0,6,0,0,0,0,1,1,5,6,2,42,7,-1,-1,-1,-1,10,E01031287,0,-1
2021122100603,2021,122100603,1,17,0,18,19,1,5,0,0,0,0,0,0,0,3,1,6,6,3,-1,-1,-1,-1,-1,-1,-1,-1,0,-1
2021141064963,2021,141064963,2,9,0,18,19,7,2,0,0,0,0,0,0,0,4,1,6,6,3,-1,-1,-1,-1,-1,-1,-1,-1,0,-1
2021411049200,2021,411049200,1,1,0,18,19,3,7,0,0,1,2,0,0,0,1,1,5,6,1,39,7,-1,-1,-1,-1,7,E01023492,0,-1
2021351128618,2021,351128618,2,1,0,7,7,4,7,0,0,1,5,0,0,0,1,1,6,6,2,45,7,-1,-1,-1,-1,8,E01018000,0,-1
2021201080644,2021,201080644,2,1,0,18,19,7,3,0,0,1,0,0,0,0,1,1,6,6,1,15,3,-1,-1,-1,-1,1,E01009511,0,-1
2021010297577,2021,010297577,1,19,0,7,7,7,1,4,4,5,0,0,0,0,4,1,6,6,1,53,8,-1,-1,-1,-1,2,E01004341,0,-1
2021421121539,2021,421121539,2,9,0,18,19,5,1,0,0,1,0,0,0,0,1,1,6,6,3,-1,-1,-1,-1,-1,-1,-1,-1,0,-1
2021991088558,2021,991088558,1,9,0,18,19,1,5,0,0,1,0,0,0,0,1,1,6,6,1,30,6,-1,-1,-1,-1,-1,-1,0,-1
2021430309017,2021,430309017,1,1,0,16,19,4,8,0,0,0,0,0,0,0,3,1,6,6,1,40,7,-1,-1,-1,-1,6,E01022210,0,-1
2021421027298,2021,421027298,2,1,0,18,19,5,1,0,0,0,0,0,0,0,0,1,5,6,2,41,7,-1,-1,-1,-1,9,E01021462,0,-1
2021430466226,2021,430466226,2,9,0,18,19,3,7,0,0,0,0,0,0,0,1,1,6,6,2,-1,-1,-1,-1,-1,-1,-1,-1,0,-1
202163A092721,2021,63A092721,1,9,0,7,7,8,2,0,0,6,0,0,0,0,1,1,6,6,3,-1,-1,-1,-1,-1,-1,-1,-1,0,-1
2021010315532,2021,010315532,2,1,0,18,19,1,5,0,0,0,0,0,0,0,2,1,2,2,1,36,7,-1,-1,-1,-1,10,E01000707,0,-1
2021010323780,2021,010323780,2,1,0,18,19,1,5,0,0,8,0,0,0,0,1,1,6,6,2,33,6,-1,-1,-1,-1,1,E01004285,0,-1
2021351020362,2021,351020362,2,1,-1,-1,-1,-1,-1,-1,-1,0,-1,-1,-1,0,1,1,6,6,1,72,10,-1,-1,-1,-1,9,E01018171,0,-1
2021010289545,2021,010289545,2,1,0,18,19,5,1,0,0,1,2,0,0,0,4,1,1,1,2,34,6,-1,-1,-1,-1,4,E01003166,0,-1
202160Z171961,2021,60Z171961,1,9,0,16,19,1,2,0,0,0,0,0,0,0,1,1,6,6,1,36,7,-1,-1,-1,-1,-1,-1,0,-1
2021991104433,2021,991104433,2,11,0,2,2,0,0,0,0,0,0,0,0,0,0,1,6,6,3,-1,-1,-1,-1,-1,-1,-1,-1,0,-1
2021010295967,2021,010295967,2,19,0,18,19,3,7,0,0,0,0,0,0,0,2,1,6,6,1,-1,-1,-1,-1,-1,-1,-1,-1,0,-1
2021461078962,2021,461078962,2,2,0,10,10,3,1,0,0,1,2,0,0,0,4,1,5,6,1,16,4,-1,-1,-1,-1,8,E01016082,0,-1
2021052200016,2021,052200016,2,1,0,18,19,5,1,0,0,8,0,0,0,0,1,1,6,6,2,47,8,-1,-1,-1,-1,7,E01006973,0,-1
2021010340703,2021,010340703,1,1,0,18,19,1,5,0,0,2,0,0,0,0,1,1,6,6,1,25,5,-1,-1,-1,-1,6,E01001741,0,-1
2021440156037,2021,440156037,2,1,0,18,19,5,1,0,0,8,0,0,0,0,0,1,1,1,1,33,6,-1,-1,-1,-1,3,E01017123,0,-1
2021010352364,2021,010352364,1,9,0,99,99,9,9,99,99,9,9,99,9,99,9,9,6,6,3,-1,-1,-1,-1,-1,-1,-1,-1,0,-1
2021141127927,2021,141127927,2,1,0,18,19,1,5,5,5,0,5,0,0,0,3,1,6,6,1,12,3,-1,-1,-1,-1,4,E01007329,0,-1
2021010322852,2021,010322852,2,9,0,99,99,9,9,99,99,9,9,99,9,99,9,9,6,6,3,-1,-1,-1,-1,-1,-1,-1,-1,0,-1
202154A556221,2021,54A556221,2,1,0,18,19,5,1,0,0,8,0,0,0,0,3,1,6,6,1,21,5,-1,-1,-1,-1,6,E01032083,0,-1
2021430409110,2021,430409110,2,9,0,7,7,5,7,0,0,8,0,0,0,0,1,1,6,6,2,23,5,-1,-1,-1,-1,9,E01028433,0,-1
2021401090173,2021,401090173,2,1,0,18,19,5,1,0,0,1,0,0,0,0,1,1,6,6,1,21,5,-1,-1,-1,-1,2,E01015794,0,-1
2021332100792,2021,332100792,1,9,0,4,4,6,2,0,0,1,0,0,1,0,2,1,2,2,2,65,9,-1,-1,-1,-1,9,E01028408,0,-1
2021010306559,2021,010306559,2,1,0,12,12,5,1,4,4,7,0,0,0,0,2,1,6,6,2,36,7,-1,-1,-1,-1,3,E01004437,0,-1
2021161070710,2021,161070710,2,9,0,4,4,3,7,0,0,0,0,0,0,0,2,1,6,6,3,-1,-1,-1,-1,-1,-1,-1,-1,0,-1
2021010311587,2021,010311587,2,97,0,18,19,7,3,0,0,1,0,0,0,0,1,1,6,6,3,-1,-1,-1,-1,-1,-1,-1,-1,0,-1
2021010299153,2021,010299153,1,90,0,99,99,9,9,99,99,9,9,99,9,99,9,9,6,6,3,-1,-1,-1,-1,-1,-1,-1,-1,0,-1
202131D122021,2021,31D122021,2,1,0,17,19,6,3,0,0,8,0,0,0,0,4,1,2,2,2,56,9,-1,-1,-1,-1,3,E01028212,0,-1
202160Z120787,2021,60Z120787,1,9,0,17,19,1,5,0,0,0,2,0,0,0,2,1,6,6,2,67,10,-1,-1,-1,-1,-1,-1,0,-1
2021010309136,2021,010309136,2,1,0,18,19,4,8,0,0,8,0,0,3,0,1,1,6,6,2,38,7,-1,-1,-1,-1,8,E01003823,0,-1
2021010337791,2021,010337791,1,1,0,18,19,5,1,3,2,2,0,0,0,0,0,1,6,6,2,32,6,-1,-1,-1,-1,2,E01033341,0,-1
2021461089842,2021,461089842,1,9,0,18,19,3,7,0,0,1,0,0,0,0,1,1,5,6,3,-1,-1,-1,-1,-1,-1,-1,-1,0,-1
2021010332036,2021,010332036,2,1,0,18,19,7,3,0,0,1,0,0,0,0,1,1,6,6,1,20,4,-1,-1,-1,-1,7,E01001950,0,-1
2021052102338,2021,052102338,2,1,0,18,19,5,1,0,0,8,0,0,0,0,4,1,6,6,1,15,3,-1,-1,-1,-1,4,E01007053,0,-1
2021010335125,2021,010335125,1,9,0,99,99,9,9,99,99,9,9,99,9,99,3,1,6,6,3,31,6,-1,-1,-1,-1,-1,-1,0,-1
2021161042344,2021,161042344,2,1,0,5,5,2,6,0,0,0,0,0,0,0,1,1,4,7,1,9,2,-1,-1,-1,-1,1,E01013311,0,-1
2021991072516,2021,991072516,2,9,0,3,3,8,4,0,0,4,0,0,0,0,2,1,5,6,2,26,6,-1,-1,-1,-1,3,-1,0,-1
2021501095330,2021,501095330,2,9,0,18,19,3,7,0,0,0,0,0,0,0,1,1,6,6,1,77,11,-1,-1,-1,-1,4,E01018926,0,-1
2021061090412,2021,061090412,1,9,0,2,2,0,0,0,0,0,0,0,0,0,4,1,6,6,3,-1,-1,-1,-1,-1,-1,-1,-1,0,-1
2021522201585,2021,522201585,2,1,0,18,19,7,3,0,0,0,0,0,0,0,4,1,6,6,1,21,5,-1,-1,-1,-1,3,E01014569,0,-1
202160Z023126,2021,60Z023126,2,10,0,18,19,6,2,0,0,0,0,0,0,0,3,1,2,2,1,35,6,-1,-1,-1,-1,-1,-1,0,-1
2021161106923,2021,161106923,1,1,0,3,3,6,2,9,9,2,0,0,0,0,3,1,6,6,1,53,8,-1,-1,-1,-1,3,E01012759,0,-1
2021411099779,2021,411099779,2,9,0,18,19,5,1,0,0,0,0,0,0,0,1,1,5,6,1,31,6,-1,-1,-1,-1,10,E01023471,0,-1
2021440057281,2021,440057281,2,1,0,9,9,2,8,0,0,5,0,0,0,0,1,1,2,2,1,55,8,-1,-1,-1,-1,10,E01023101,0,-1
2021440225758,2021,440225758,1,9,0,18,19,4,8,0,0,0,0,0,0,0,4,1,6,6,1,-1,-1,-1,-1,-1,-1,-1,-1,0,-1
202160Z094843,2021,60Z094843,1,9,0,17,19,7,3,0,0,0,0,0,1,10,1,1,6,6,1,27,6,-1,-1,-1,-1,-1,-1,0,-1
2021221113689,2021,221113689,3,9,0,2,2,0,0,0,0,0,0,0,0,0,4,1,5,6,2,27,6,-1,-1,-1,-1,3,E01032478,0,-1
2021010337860,2021,010337860,1,9,0,99,99,9,9,99,99,0,9,99,9,99,1,9,6,6,3,-1,-1,-1,-1,-1,-1,-1,-1,0,-1
2021320549236,2021,320549236,2,1,0,18,19,6,2,0,0,0,0,0,0,0,3,1,6,6,1,66,10,-1,-1,-1,-1,8,E01026013,0,-1
2021010335227,2021,010335227,1,1,0,99,99,9,9,0,0,9,0,0,0,0,9,1,1,1,1,42,7,-1,-1,-1,-1,2,E01000509,0,-1
202163A013021,2021,63A013021,1,9,0,17,19,8,5,0,0,1,0,0,1,2,1,1,6,6,1,60,9,-1,-1,-1,-1,4,W01000697,0,-1
2021211085862,2021,211085862,1,1,-1,-1,-1,-1,-1,9,9,-1,-1,-1,0,0,1,1,5,6,1,42,7,-1,-1,-1,-1,6,E01029756,0,-1
2021010309491,2021,010309491,2,1,0,4,4,1,5,5,5,1,0,11,0,0,2,1,2,2,1,54,8,-1,-1,-1,-1,5,E01004347,0,-1
2021010318867,2021,010318867,2,1,9,99,99,9,9,99,99,9,9,99,9,99,9,1,6,6,2,-1,-1,-1,-1,-1,-1,2,E01001750,0,-1
2021501061966,2021,501061966,1,9,0,9,9,7,5,0,0,0,0,0,0,0,3,1,5,6,2,61,9,-1,-1,-1,-1,6,E01014379,0,-1
2021122101005,2021,122101005,3,9,0,18,19,7,3,0,0,4,0,0,0,0,1,1,6,6,1,66,10,-1,-1,-1,-1,3,E01027840,0,-1
2021320186517,2021,320186517,2,1,0,18,19,4,8,0,0,0,5,0,0,0,2,1,6,6,1,11,3,-1,-1,-1,-1,9,E01026211,0,-1
2021332100472,2021,332100472,2,9,0,7,7,1,3,0,0,5,0,0,0,0,1,1,6,6,2,32,6,-1,-1,-1,-1,2,E01013694,0,-1
2021161116478,2021,161116478,2,9,0,18,19,2,6,0,0,0,0,0,0,0,4,1,6,6,2,-1,-1,-1,-1,-1,-1,-1,-1,0,-1
2021010313358,2021,010313358,2,9,0,99,99,9,9,99,99,9,9,99,9,99,1,9,6,6,3,-1,-1,-1,-1,-1,-1,-1,-1,0,-1
2021610050321,2021,610050321,1,9,0,5,5,4,8,0,0,0,0,0,1,1,4,1,1,1,2,26,6,-1,-1,-1,-1,-1,-1,0,-1
2021540840421,2021,540840421,1,1,0,18,19,6,2,0,0,0,0,0,1,0,2,1,6,6,1,20,4,-1,-1,-1,-1,5,E01032698,0,-1
2021161039640,2021,161039640,1,1,0,18,19,7,3,0,0,8,0,0,0,0,1,1,4,7,1,13,3,-1,-1,-1,-1,1,E01012852,0,-1
2021302100251,2021,302100251,2,1,0,18,19,4,8,0,0,1,0,0,0,0,2,1,2,2,1,37,7,-1,-1,-1,-1,4,E01013503,0,-1
2021421045406,2021,421045406,1,1,0,18,19,1,5,0,0,0,0,0,0,0,4,1,4,7,1,15,3,-1,-1,-1,-1,1,E01021576,0,-1
2021302100412,2021,302100412,3,9,0,2,2,0,0,0,0,1,0,0,0,0,0,1,6,6,3,-1,-1,-1,-1,-1,-1,-1,-1,0,-1
2021052101608,2021,052101608,2,1,0,18,19,2,6,0,0,0,0,0,0,0,3,1,2,2,1,20,4,-1,-1,-1,-1,6,E01025495,0,-1
2021138181427,2021,138181427,2,9,0,18,19,5,1,0,0,0,0,0,0,0,1,1,6,6,1,-1,-1,-1,-1,-1,-1,5,E01010992,0,-1
2021421115980,2021,421115980,1,98,1,1,1,1,5,0,0,0,0,0,-1,0,2,1,6,6,3,-1,-1,-1,-1,-1,-1,-1,-1,0,-1
2021052100780,2021,052100780,2,1,0,18,19,5,1,0,0,8,0,0,0,0,4,1,6,6,1,67,10,-1,-1,-1,-1,8,E01006829,0,-1
2021610021121,2021,610021121,1,9,0,18,19,1,5,0,0,4,0,0,0,0,2,1,6,6,1,47,8,-1,-1,-1,-1,-1,-1,0,-1
2021302100556,2021,302100556,1,1,0,5,5,6,2,0,0,6,0,4,0,0,2,1,6,6,1,16,4,-1,-1,-1,-1,8,E01013546,0,-1
2021201144598,2021,201144598,1,9,0,18,19,5,1,0,0,0,0,0,0,0,1,1,1,1,1,48,8,-1,-1,-1,-1,1,E01010450,0,-1
2021070709065,2021,070709065,2,1,0,18,19,5,1,4,4,1,0,0,0,0,1,1,1,1,1,39,7,-1,-1,-1,-1,9,E01018531,0,-1
2021122100923,2021,122100923,1,9,0,1,1,3,6,0,0,0,0,0,0,0,2,1,6,6,3,-1,-1,-1,-1,-1,-1,-1,-1,0,-1
2021201136759,2021,201136759,2,1,0,18,19,-1,-1,0,0,0,0,0,0,0,0,1,6,6,2,40,7,-1,-1,-1,-1,2,E01010412,0,-1
2021010295812,2021,010295812,1,21,1,18,19,1,5,0,0,1,0,0,0,0,1,2,1,1,1,20,4,-1,-1,-1,-1,-1,-1,0,-1
2021010316903,2021,010316903,2,1,0,18,19,1,5,0,0,1,0,0,0,0,2,1,6,6,1,26,6,-1,-1,-1,-1,-1,-1,0,-1
2021471029498,2021,471029498,1,5,0,16,19,1,4,0,0,0,0,0,1,0,3,1,5,6,1,47,8,-1,-1,-1,-1,8,E01031518,0,-1
2021471115774,2021,471115774,2,1,0,18,19,7,3,0,0,0,0,0,0,0,3,1,2,2,1,52,8,-1,-1,-1,-1,4,E01031550,0,-1
2021010298908,2021,010298908,2,1,0,17,19,3,1,0,0,8,0,0,0,0,0,1,2,2,2,31,6,-1,-1,-1,-1,6,E01003952,0,-1
202163A105221,2021,63A105221,2,9,0,18,19,4,8,0,0,8,0,0,7,10,4,1,6,6,2,53,8,-1,-1,-1,-1,2,W01000625,0,-1
2021101032769,2021,101032769,1,1,0,18,19,8,4,0,0,0,0,0,0,0,1,1,5,6,1,19,4,-1,-1,-1,-1,2,E01008383,0,-1
2021501065082,2021,501065082,2,5,0,15,15,5,1,0,0,1,5,0,0,0,1,1,2,2,1,52,8,-1,-1,-1,-1,2,E01015218,0,-1
2021010308846,2021,010308846,2,1,0,18,19,7,3,4,4,1,0,0,0,0,1,1,6,6,1,37,7,-1,-1,-1,-1,5,E01000855,0,-1
2021302101737,2021,302101737,1,9,0,17,19,8,4,0,0,3,0,0,0,0,1,1,6,6,3,-1,-1,-1,-1,-1,-1,5,E01019456,0,-1
2021211053751,2021,211053751,1,1,0,18,19,8,3,0,0,1,0,0,0,0,1,1,6,6,1,13,3,-1,-1,-1,-1,7,E01029376,0,-1
2021461076529,2021,461076529,2,9,0,4,4,6,2,0,0,0,0,0,0,0,2,1,6,6,1,29,6,-1,-1,-1,-1,1,E01016017,0,-1
2021010320462,2021,010320462,2,9,0,99,99,9,9,99,99,9,9,99,9,99,9,9,6,6,3,-1,-1,-1,-1,-1,-1,-1,-1,0,-1
2021161011357,2021,161011357,2,9,0,4,4,8,4,0,0,0,0,0,0,0,2,1,6,6,2,54,8,-1,-1,-1,-1,-1,-1,0,-1
202131C072321,2021,31C072321,1,18,0,5,5,7,3,1,1,0,0,0,0,0,4,1,1,1,3,-1,-1,-1,-1,-1,-1,-1,-1,0,-1
2021131098818,2021,131098818,1,9,0,-1,-1,-1,-1,-1,-1,0,-1,-1,-1,-1,-1,1,6,6,3,-1,-1,-1,-1,-1,-1,-1,-1,0,-1
2021421022341,2021,421022341,2,1,0,18,19,2,3,0,0,8,0,0,0,0,4,1,2,2,1,47,8,-1,-1,-1,-1,10,E01018263,0,-1
2021010319923,2021,010319923,1,1,9,99,99,9,9,99,99,9,9,99,9,99,9,1,6,6,1,70,10,-1,-1,-1,-1,5,E01003071,0,-1
2021010321347,2021,010321347,3,9,0,99,99,9,9,99,99,9,9,99,9,99,1,9,6,6,3,-1,-1,-1,-1,-1,-1,7,E01000842,0,-1
2021501113748,2021,501113748,1,9,0,18,19,2,6,0,0,3,0,0,3,0,0,1,6,6,3,-1,-1,-1,-1,-1,-1,-1,-1,0,-1
2021522102687,2021,522102687,1,1,0,18,19,7,3,0,0,0,0,0,0,0,3,1,6,6,1,32,6,-1,-1,-1,-1,3,E01014588,0,-1
2021461124501,2021,461124501,2,1,-1,5,5,3,7,0,0,0,0,0,0,0,4,1,6,6,2,56,9,-1,-1,-1,-1,5,E01024494,0,-1
2021201144798,2021,201144798,2,9,0,5,5,6,2,0,0,6,0,0,0,0,3,1,6,6,1,32,6,-1,-1,-1,-1,1,E01009640,0,-1
2021332100109,2021,332100109,2,9,0,9,9,5,3,0,0,8,0,0,0,0,1,1,6,6,1,33,6,-1,-1,-1,-1,1,E01013726,0,-1
2021010322619,2021,010322619,2,9,0,99,99,9,9,99,99,9,9,99,9,99,1,9,6,6,3,-1,-1,-1,-1,-1,-1,-1,-1,0,-1
2021332100465,2021,332100465,1,9,0,18,19,6,2,0,0,8,1,0,0,0,1,1,1,1,2,22,5,-1,-1,-1,-1,-1,-1,0,-1
2021101091208,2021,101091208,2,1,0,15,15,5,8,0,0,8,0,0,0,0,3,1,5,6,1,35,6,-1,-1,-1,-1,2,E01008810,0,-1
202160Z184434,2021,60Z184434,2,9,0,18,19,5,1,0,0,1,0,0,0,0,2,1,6,6,1,33,6,-1,-1,-1,-1,-1,-1,0,-1
2021010330412,2021,010330412,2,1,0,18,19,1,5,0,0,2,0,0,0,0,4,1,6,6,1,40,7,-1,-1,-1,-1,6,E01003437,0,-1
2021451089159,2021,451089159,2,1,0,18,19,7,3,0,0,8,5,0,0,0,3,1,5,6,1,20,4,-1,-1,-1,-1,10,E01030756,0,-1
2021522101572,2021,522101572,2,9,0,18,19,6,2,0,0,1,0,0,0,0,3,1,6,6,3,40,7,-1,-1,-1,-1,-1,-1,0,-1
2021010298957,2021,010298957,2,1,0,18,19,2,6,0,0,0,0,0,0,0,2,1,6,6,1,49,8,-1,-1,-1,-1,10,E01002960,0,-1
2021010314118,2021,010314118,2,1,0,5,5,5,1,4,4,1,0,0,0,0,4,1,1,1,1,43,7,-1,-1,-1,-1,1,E01001979,0,-1
2021421060957,2021,421060957,1,23,0,18,19,7,3,0,0,1,0,0,0,0,1,1,6,6,1,-1,-1,-1,-1,-1,-1,-1,-1,0,-1
2021430556474,2021,430556474,2,1,0,10,10,1,7,0,0,1,0,0,0,0,2,1,1,1,1,69,10,-1,-1,-1,-1,-1,-1,0,-1
2021430279390,2021,430279390,1,1,0,9,9,7,5,0,0,1,0,0,0,0,1,1,4,7,2,12,3,-1,-1,-1,-1,3,E01028546,0,-1
2021451090942,2021,451090942,1,1,0,18,19,1,3,0,0,8,0,0,0,0,0,1,5,6,1,44,7,-1,-1,-1,-1,10,E01002978,0,-1
2021201124651,2021,201124651,2,9,0,9,9,2,8,0,0,8,0,0,0,0,0,1,6,6,3,-1,-1,-1,-1,-1,-1,-1,-1,0,-1
2021070547156,2021,070547156,3,8,0,2,2,0,0,0,0,1,0,0,0,0,0,1,6,6,3,-1,-1,-1,-1,-1,-1,-1,-1,0,-1
2021332100449,2021,332100449,1,9,0,18,19,7,3,0,0,6,0,0,3,0,1,1,6,6,1,31,6,-1,-1,-1,-1,2,E01015632,0,-1
2021430494248,2021,430494248,1,1,0,18,19,7,3,0,0,2,0,0,0,0,3,1,4,7,1,13,3,-1,-1,-1,-1,-1,-1,0,-1
2021131120010,2021,131120010,1,9,0,1,1,-1,-1,9,9,0,0,0,0,0,-1,1,6,6,3,-1,-1,-1,-1,-1,-1,-1,-1,0,-1
2021010309004,2021,010309004,1,8,0,18,19,1,5,0,0,0,0,0,0,0,1,1,6,6,3,-1,-1,-1,-1,-1,-1,-1,-1,0,-1
2021101056698,2021,101056698,1,9,-1,-1,-1,-1,-1,-1,-1,0,-1,-1,-1,0,-1,1,6,6,3,-1,-1,-1,-1,-1,-1,-1,-1,0,-1
2021061154634,2021,061154634,1,9,0,18,19,1,1,0,0,0,0,0,0,0,1,1,6,6,3,30,6,-1,-1,-1,-1,-1,-1,0,-1
202163B078321,2021,63B078321,2,1,0,18,19,5,1,0,0,0,0,0,0,0,1,1,6,6,1,64,9,-1,-1,-1,-1,7,W01000494,0,-1
2021211076396,2021,211076396,2,9,0,18,19,1,5,0,0,1,0,0,0,0,3,1,5,6,2,63,9,-1,-1,-1,-1,-1,-1,0,-1
2021430133199,2021,430133199,2,1,0,18,19,2,6,0,0,2,0,0,0,0,3,1,6,6,1,58,9,-1,-1,-1,-1,5,E01016461,0,-1
2021522106134,2021,522106134,2,-1,0,18,19,3,7,0,0,1,0,0,0,0,1,1,6,6,1,35,6,-1,-1,-1,-1,-1,-1,1,-1
2021010310947,2021,010310947,2,9,0,18,19,1,5,0,0,8,9,0,0,0,1,1,6,6,3,-1,-1,-1,-1,-1,-1,-1,-1,0,-1
2021332101043,2021,332101043,1,98,0,4,4,5,1,0,0,0,0,0,0,0,1,1,1,1,1,29,6,-1,-1,-1,-1,3,E01001673,0,-1
2021041152761,2021,041152761,2,1,0,18,19,1,2,0,0,0,0,0,0,0,2,1,1,1,1,54,8,-1,-1,-1,-1,8,E01025280,0,-1
2021010307179,2021,010307179,2,11,0,5,5,3,7,0,0,8,0,0,0,0,1,1,6,6,3,-1,-1,-1,-1,-1,-1,-1,-1,0,-1
2021010320062,2021,010320062,1,9,0,99,99,9,9,99,99,4,9,99,9,99,2,9,2,2,1,32,6,-1,-1,-1,-1,3,E01000009,0,-1
2021070730120,2021,070730120,1,9,0,18,19,3,7,0,0,0,0,0,0,0,1,1,6,6,3,-1,-1,-1,-1,-1,-1,-1,-1,0,-1
2021430200447,2021,430200447,1,21,0,12,12,4,8,0,0,0,0,0,0,0,1,2,1,1,1,27,6,-1,-1,-1,-1,-1,-1,0,-1
2021231053831,2021,231053831,2,1,0,5,5,1,7,8,6,0,1,0,0,0,2,1,2,2,1,17,4,-1,-1,-1,-1,5,E01031311,0,-1
2021461023361,2021,461023361,2,9,0,3,3,3,7,0,0,0,0,0,0,0,2,1,6,6,1,55,8,-1,-1,-1,-1,9,E01024298,0,-1
2021522103631,2021,522103631,2,9,0,18,19,1,5,0,0,1,0,0,0,0,1,1,6,6,1,45,7,-1,-1,-1,-1,-1,-1,0,-1
2021401086982,2021,401086982,1,9,0,1,1,8,4,9,9,0,0,0,0,0,2,1,6,6,1,-1,-1,-1,-1,-1,-1,-1,-1,0,-1
2021461019236,2021,461019236,1,21,1,18,19,1,5,0,0,3,0,0,0,0,3,1,1,1,1,27,6,-1,-1,-1,-1,-1,-1,0,-1
202160Z179207,2021,60Z179207,3,9,0,3,3,5,1,0,0,0,0,0,0,0,3,1,6,6,1,61,9,-1,-1,-1,-1,-1,-1,0,-1
2021552101343,2021,552101343,2,1,0,18,19,4,8,0,0,8,0,0,0,0,1,1,6,6,1,39,7,-1,-1,-1,-1,7,E01020345,0,-1
2021061093136,2021,061093136,4,9,0,2,2,3,7,0,0,0,0,0,0,0,3,1,6,6,3,-1,-1,-1,-1,-1,-1,-1,-1,0,-1
2021440362913,2021,440362913,2,1,0,18,19,7,3,0,0,8,0,0,0,0,1,1,3,7,1,12,3,-1,-1,-1,-1,7,E01022648,0,-1
2021522105895,2021,522105895,2,9,0,18,19,2,6,0,0,4,0,0,0,0,1,1,6,6,1,65,9,-1,-1,-1,-1,-1,-1,0,-1
2021070069366,2021,070069366,1,19,0,18,19,5,1,0,0,0,0,0,0,0,1,1,6,6,1,-1,-1,-1,-1,-1,-1,-1,-1,0,-1
2021010330244,2021,010330244,2,9,0,15,15,3,7,0,0,0,0,0,0,0,3,1,6,6,3,-1,-1,-1,-1,-1,-1,-1,-1,0,-1
2021161084710,2021,161084710,2,1,0,18,19,4,8,0,0,8,0,0,0,0,4,1,2,2,1,43,7,-1,-1,-1,-1,1,E01012837,0,-1
2021610014321,2021,610014321,1,9,0,9,9,6,4,0,0,1,0,0,0,0,1,1,6,6,2,26,6,-1,-1,-1,-1,-1,-1,0,-1
2021401100667,2021,401100667,1,9,0,18,19,5,1,0,0,0,0,0,0,0,4,1,5,6,1,28,6,-1,-1,-1,-1,5,E01023705,0,-1
2021520105196,2021,520105196,1,-1,0,18,19,1,5,0,0,1,0,0,0,0,4,1,6,6,2,24,5,-1,-1,-1,-1,5,E01029283,1,-1
2021131091877,2021,131091877,1,9,0,-1,-1,-1,-1,-1,-1,0,-1,-1,-1,-1,-1,1,6,6,3,-1,-1,-1,-1,-1,-1,-1,-1,0,-1
2021201023672,2021,201023672,2,1,0,18,19,6,2,0,0,1,0,10,0,0,1,1,6,6,1,24,5,-1,-1,-1,-1,-1,-1,0,-1
2021302100009,2021,302100009,1,-1,0,18,19,6,2,0,0,0,0,0,0,0,0,1,6,6,1,10,2,-1,-1,-1,-1,1,E01013479,1,-1
2021010351717,2021,010351717,2,1,9,99,99,9,9,99,99,9,9,99,9,99,1,1,6,6,1,-1,-1,-1,-1,-1,-1,-1,-1,0,-1
2021440122105,2021,440122105,1,9,0,5,5,7,3,0,0,1,0,0,0,0,1,1,1,1,1,50,8,-1,-1,-1,-1,9,E01022971,0,-1
2021332100417,2021,332100417,2,9,0,18,19,8,4,0,0,0,0,0,0,0,1,1,2,2,1,31,6,-1,-1,-1,-1,10,E01025896,0,-1
2021010290361,2021,010290361,1,97,0,18,19,7,3,9,9,0,0,0,0,0,1,1,6,6,3,-1,-1,-1,-1,-1,-1,-1,-1,0,-1
2021010296513,2021,010296513,2,1,0,4,4,2,6,0,0,0,0,0,0,0,0,1,6,6,2,56,9,-1,-1,-1,-1,3,E01004528,0,-1
202106L079484,2021,06L079484,2,9,0,2,2,0,0,0,0,0,0,0,0,0,2,1,6,6,1,56,9,-1,-1,-1,-1,8,E01006363,0,-1