collision_index,collision_year,collision_ref_no,vehicle_reference,vehicle_type,towing_and_articulation,vehicle_manoeuvre_historic,vehicle_manoeuvre,vehicle_direction_from,vehicle_direction_to,vehicle_location_restricted_lane_historic,vehicle_location_restricted_lane,junction_location,skidding_and_overturning,hit_object_in_carriageway,vehicle_leaving_carriageway,hit_object_off_carriageway,first_point_of_impact,vehicle_left_hand_drive,journey_purpose_of_driver_historic,journey_purpose_of_driver,sex_of_driver,age_of_driver,age_band_of_driver,engine_capacity_cc,propulsion_code,age_of_vehicle,generic_make_model,driver_imd_decile,lsoa_of_driver,escooter_flag,driver_distance_banding
2021201146476,2021,201146476,1,9,0,18,19,5,1,0,0,0,0,0,0,0,1,1,6,6,3,-1,-1,-1,-1,-1,-1,-1,-1,0,-1
2021411103681,2021,411103681,2,98,0,18,19,1,5,0,0,0,0,0,0,0,3,1,1,1,1,39,7,-1,-1,-1,-1,-1,-1,0,-1
2021141086400,2021,141086400,3,90,0,-1,-1,-1,-1,-1,-1,8,-1,-1,-1,0,-1,1,6,6,3,-1,-1,-1,-1,-1,-1,-1,-1,0,-1
2021520104815,2021,520104815,2,-1,0,18,19,5,1,0,0,8,0,0,0,0,3,1,6,6,1,10,2,-1,-1,-1,-1,8,E01029124,1,-1
2021522200974,2021,522200974,2,1,0,18,19,7,3,5,5,6,0,0,0,0,1,1,6,6,3,20,4,-1,-1,-1,-1,-1,-1,0,-1
2021031065174,2021,031065174,1,9,0,18,19,6,8,0,0,0,0,0,0,0,1,1,5,6,1,78,11,-1,-1,-1,-1,4,E01019186,0,-1
2021302100672,2021,302100672,1,5,0,5,5,5,8,0,0,0,0,0,0,0,0,1,6,6,1,27,6,-1,-1,-1,-1,9,E01025917,0,-1
2021332100624,2021,332100624,1,9,0,2,2,0,0,0,0,0,0,0,0,0,3,1,6,6,1,32,6,-1,-1,-1,-1,6,E01025903,0,-1
2021332100574,2021,332100574,2,9,0,12,12,1,5,0,0,0,0,0,0,0,1,1,6,6,2,25,5,-1,-1,-1,-1,-1,-1,0,-1
2021061040577,2021,061040577,2,9,0,18,19,5,1,0,0,1,0,0,0,0,1,1,6,6,1,48,8,-1,-1,-1,-1,-1,-1,0,-1
2021010314502,2021,010314502,1,1,9,99,99,9,9,99,99,9,9,99,9,99,1,1,2,2,2,25,5,-1,-1,-1,-1,5,E01003233,0,-1
2021302102088,2021,302102088,3,9,0,2,2,0,0,0,0,0,0,0,0,0,0,1,6,6,3,-1,-1,-1,-1,-1,-1,-1,-1,0,-1
2021332101017,2021,332101017,2,9,0,18,19,1,5,0,0,0,0,0,0,0,2,1,6,6,1,34,6,-1,-1,-1,-1,8,E01025668,0,-1
2021070561662,2021,070561662,2,1,0,18,19,5,1,0,0,8,0,0,0,0,2,1,2,2,1,19,4,-1,-1,-1,-1,8,E01018469,0,-1
2021010287167,2021,010287167,1,9,0,18,19,5,1,0,0,2,0,4,0,0,1,1,6,6,1,25,5,-1,-1,-1,-1,3,E01002064,0,-1
2021201041978,2021,201041978,2,1,0,18,19,1,5,0,0,8,0,0,0,0,1,1,6,6,1,21,5,-1,-1,-1,-1,8,E01009722,0,-1
2021520200758,2021,520200758,2,9,0,3,3,5,1,0,0,0,0,0,0,0,1,1,6,6,1,53,8,-1,-1,-1,-1,5,E01029053,0,-1
2021320040753,2021,320040753,1,9,0,18,19,1,5,0,0,0,1,0,1,0,1,1,1,1,1,35,6,-1,-1,-1,-1,-1,-1,0,-1
2021440023094,2021,440023094,1,9,0,18,19,5,1,0,0,1,0,0,0,0,1,1,2,2,2,43,7,-1,-1,-1,-1,7,E01022795,0,-1
2021041070856,2021,041070856,1,90,0,18,19,5,1,0,0,0,0,0,0,0,1,1,1,1,1,60,9,-1,-1,-1,-1,8,E01025159,0,-1
2021302102002,2021,302102002,2,1,0,18,19,6,2,9,9,0,0,0,0,0,4,1,6,6,1,14,3,-1,-1,-1,-1,3,E01013455,0,-1
2021332100223,2021,332100223,2,9,0,5,5,5,1,0,0,8,0,0,5,6,1,1,6,6,1,37,7,-1,-1,-1,-1,9,E01025980,0,-1
2021010301391,2021,010301391,1,1,0,18,19,1,5,0,0,8,9,0,0,0,1,1,2,2,1,61,9,-1,-1,-1,-1,10,E01004104,0,-1
2021440272024,2021,440272024,2,1,0,18,19,6,2,0,0,1,0,0,0,0,3,1,6,6,1,68,10,-1,-1,-1,-1,10,E01023173,0,-1
2021440212669,2021,440212669,2,9,0,4,4,3,7,0,0,0,0,0,0,0,2,1,6,6,2,33,6,-1,-1,-1,-1,1,E01016031,0,-1
2021010334567,2021,010334567,2,9,0,99,99,9,9,99,99,9,9,99,9,99,9,9,6,6,3,-1,-1,-1,-1,-1,-1,-1,-1,0,-1
2021991087653,2021,991087653,2,1,0,5,5,7,4,0,0,0,0,0,0,0,1,1,6,6,1,22,5,-1,-1,-1,-1,-1,-1,0,-1
202160Z088793,2021,60Z088793,2,9,0,7,7,1,3,0,0,1,0,0,1,0,2,1,6,6,2,57,9,-1,-1,-1,-1,-1,-1,0,-1
2021332100270,2021,332100270,1,9,0,18,19,5,1,0,0,5,1,0,2,1,1,1,2,2,2,25,5,-1,-1,-1,-1,2,E01025856,0,-1
2021111075401,2021,111075401,1,19,0,18,19,1,5,0,0,1,0,0,0,0,4,1,6,6,3,30,6,-1,-1,-1,-1,-1,-1,0,-1
2021010319563,2021,010319563,3,90,9,99,99,9,9,99,99,0,9,99,9,99,9,9,6,6,3,-1,-1,-1,-1,-1,-1,-1,-1,0,-1
2021070654683,2021,070654683,1,1,0,18,19,8,4,5,5,1,0,0,0,0,3,1,6,6,1,64,9,-1,-1,-1,-1,7,E01018360,0,-1
2021430055095,2021,430055095,2,9,0,3,3,1,5,0,0,0,0,0,0,0,2,1,2,2,1,24,5,-1,-1,-1,-1,5,E01000516,0,-1
2021221024068,2021,221024068,2,1,0,18,19,4,8,0,0,8,0,0,0,0,1,1,5,6,2,8,2,-1,-1,-1,-1,4,E01013991,0,-1
202160Z086345,2021,60Z086345,2,9,0,9,9,7,5,0,0,1,0,0,0,0,4,1,6,6,1,58,9,-1,-1,-1,-1,-1,-1,0,-1
2021010344596,2021,010344596,1,1,9,99,99,9,9,99,99,9,9,99,9,99,1,1,1,1,1,20,4,-1,-1,-1,-1,7,E01033093,0,-1
2021332100090,2021,332100090,1,9,0,18,19,7,3,0,0,1,0,0,0,0,1,1,6,6,2,-1,-1,-1,-1,-1,-1,-1,-1,0,-1
2021411058036,2021,411058036,1,9,0,18,19,-1,-1,0,0,8,0,0,0,0,1,1,6,6,3,-1,-1,-1,-1,-1,-1,-1,-1,0,-1
2021332100055,2021,332100055,2,9,0,17,19,8,5,0,0,8,0,0,0,0,1,1,6,6,2,83,11,-1,-1,-1,-1,9,E01025838,0,-1
2021522103881,2021,522103881,2,1,0,18,19,2,6,0,0,0,0,0,0,0,3,1,6,6,1,29,6,-1,-1,-1,-1,6,E01014910,0,-1
2021411016263,2021,411016263,3,98,1,18,19,3,7,0,0,0,0,1,0,0,1,1,1,1,1,53,8,-1,-1,-1,-1,-1,-1,0,-1
2021010313609,2021,010313609,1,1,0,18,19,7,3,0,0,1,0,0,0,0,1,1,6,6,2,29,6,-1,-1,-1,-1,3,E01033583,0,-1
2021421034186,2021,421034186,1,1,0,18,19,7,4,0,0,0,0,0,0,0,1,1,5,6,2,14,3,-1,-1,-1,-1,9,E01021577,0,-1
202131B097321,2021,31B097321,1,9,0,1,1,8,4,9,9,1,0,0,0,0,2,1,6,6,1,52,8,-1,-1,-1,-1,6,E01028016,0,-1
2021061140361,2021,061140361,2,90,0,18,19,3,7,0,0,0,0,0,0,0,1,1,6,6,3,30,6,-1,-1,-1,-1,-1,-1,0,-1
2021440494729,2021,440494729,2,21,0,18,19,5,1,0,0,0,0,0,0,0,2,2,1,1,1,31,6,-1,-1,-1,-1,-1,-1,0,-1
2021421014923,2021,421014923,1,9,0,18,19,1,5,0,0,1,0,0,0,0,0,1,6,6,3,-1,-1,-1,-1,-1,-1,-1,-1,0,-1
2021101018865,2021,101018865,2,1,-1,18,19,8,5,0,0,0,-1,-1,-1,0,1,1,6,6,1,23,5,-1,-1,-1,-1,-1,-1,0,-1
2021052102201,2021,052102201,2,9,9,18,19,1,5,0,0,0,0,0,0,0,0,9,6,6,3,-1,-1,-1,-1,-1,-1,-1,-1,0,-1
2021052101923,2021,052101923,1,-1,0,18,19,5,1,0,0,8,0,0,0,0,1,1,6,6,1,21,5,-1,-1,-1,-1,1,E01006673,1,-1
2021010332102,2021,010332102,2,19,0,99,99,9,9,99,99,9,9,99,9,99,1,9,6,6,3,-1,-1,-1,-1,-1,-1,-1,-1,0,-1
2021440418733,2021,440418733,2,9,0,2,2,0,0,0,0,0,0,0,0,0,3,1,6,6,1,-1,-1,-1,-1,-1,-1,-1,-1,0,-1
2021520105845,2021,520105845,2,22,0,5,5,3,7,0,0,0,0,0,0,0,1,1,6,6,1,84,11,-1,-1,-1,-1,4,E01029171,0,-1
2021010357796,2021,010357796,1,9,0,99,99,9,9,99,99,9,9,99,9,99,2,9,6,6,3,-1,-1,-1,-1,-1,-1,-1,-1,0,-1
2021430090388,2021,430090388,1,3,0,7,7,3,5,0,0,2,0,0,0,0,4,1,2,2,1,50,8,-1,-1,-1,-1,8,E01028704,0,-1
2021520201656,2021,520201656,1,1,0,18,19,7,5,0,0,3,0,4,0,0,4,1,6,6,2,49,8,-1,-1,-1,-1,3,E01029062,0,-1
2021122101113,2021,122101113,2,9,0,7,7,1,3,0,0,0,0,0,0,0,1,1,1,1,3,-1,-1,-1,-1,-1,-1,-1,-1,0,-1
2021141096731,2021,141096731,1,9,0,18,19,5,1,0,0,0,0,0,0,0,1,1,6,6,3,30,6,-1,-1,-1,-1,-1,-1,0,-1
2021421030183,2021,421030183,2,1,0,18,19,3,7,0,0,1,1,0,0,0,3,1,6,6,1,47,8,-1,-1,-1,-1,9,E01021479,0,-1
2021052102197,2021,052102197,2,1,0,18,19,5,1,0,0,1,0,0,0,0,3,1,2,2,1,22,5,-1,-1,-1,-1,2,E01006751,0,-1
2021010288481,2021,010288481,1,-1,0,18,19,3,7,0,0,1,0,0,0,0,3,1,6,6,1,21,5,-1,-1,-1,-1,4,E01004375,1,-1
2021010294137,2021,010294137,1,9,0,7,7,2,4,0,0,8,0,0,0,0,4,1,6,6,3,-1,-1,-1,-1,-1,-1,-1,-1,0,-1
2021411119659,2021,411119659,1,1,0,18,19,3,7,0,0,0,0,0,0,0,1,1,5,6,1,19,4,-1,-1,-1,-1,6,E01023754,0,-1
2021010314383,2021,010314383,1,1,9,99,99,9,9,99,99,9,9,99,9,99,9,1,6,6,1,38,7,-1,-1,-1,-1,3,E01001548,0,-1
2021440124278,2021,440124278,1,-1,0,18,19,6,2,0,0,0,0,10,0,0,1,1,6,6,2,14,3,-1,-1,-1,-1,2,E01017109,1,-1
2021201137511,2021,201137511,1,9,0,18,19,2,6,0,0,1,0,0,0,0,3,1,6,6,1,-1,-1,-1,-1,-1,-1,-1,-1,0,-1
2021122101045,2021,122101045,4,9,0,6,6,6,6,0,0,0,0,0,0,0,0,1,6,6,3,-1,-1,-1,-1,-1,-1,-1,-1,0,-1
2021522104622,2021,522104622,1,-1,0,18,19,8,4,0,0,2,0,7,7,0,3,1,6,6,1,20,4,-1,-1,-1,-1,3,E01014499,1,-1
2021010310460,2021,010310460,2,-1,0,9,9,5,3,0,0,6,0,0,0,0,4,1,6,6,1,29,6,-1,-1,-1,-1,2,E01033586,1,-1
2021461118868,2021,461118868,1,9,-1,18,19,1,5,0,0,0,0,0,0,0,1,1,6,6,3,-1,-1,-1,-1,-1,-1,-1,-1,0,-1
2021170S10231,2021,170S10231,2,1,0,18,19,6,2,0,0,8,0,0,0,0,1,1,6,6,2,63,9,-1,-1,-1,-1,4,E01012192,0,-1
2021161117783,2021,161117783,2,1,0,18,19,1,5,0,0,8,0,0,0,0,1,1,6,6,1,12,3,-1,-1,-1,-1,9,E01012998,0,-1
202131C003721,2021,31C003721,2,19,0,18,19,5,1,0,0,1,0,0,0,0,2,1,6,6,1,46,8,-1,-1,-1,-1,9,E01028169,0,-1
2021610030521,2021,610030521,2,9,0,18,19,7,3,0,0,0,1,0,0,6,4,1,6,6,1,31,6,-1,-1,-1,-1,-1,-1,0,-1
2021401109748,2021,401109748,2,1,0,18,19,1,5,0,0,0,0,0,0,0,3,1,2,2,2,23,5,-1,-1,-1,-1,7,E01017510,0,-1
2021471124381,2021,471124381,1,11,0,15,15,8,4,0,0,0,0,0,0,0,4,1,6,6,3,-1,-1,-1,-1,-1,-1,-1,-1,0,-1
2021101061088,2021,101061088,2,1,0,17,19,3,1,0,0,3,0,0,0,0,2,1,2,2,1,34,6,-1,-1,-1,-1,10,E01008355,0,-1
2021430442771,2021,430442771,2,9,0,18,19,8,4,0,0,8,0,0,0,0,3,1,2,2,2,26,6,-1,-1,-1,-1,4,E01028466,0,-1
2021451110067,2021,451110067,6,9,0,18,19,5,1,0,0,0,0,0,0,0,2,1,1,1,1,27,6,-1,-1,-1,-1,4,E01031428,0,-1
2021421092515,2021,421092515,1,98,-1,18,19,1,5,0,0,0,0,0,0,0,4,1,6,6,2,-1,-1,-1,-1,-1,-1,-1,-1,0,-1
2021010307064,2021,010307064,1,1,0,18,19,7,3,9,9,2,0,0,0,0,1,1,6,6,1,20,4,-1,-1,-1,-1,-1,-1,0,-1
2021070804029,2021,070804029,2,1,0,18,19,6,5,0,0,1,0,0,0,0,3,1,6,6,1,31,6,-1,-1,-1,-1,6,E01033670,0,-1
202160Z055033,2021,60Z055033,1,1,0,18,19,4,8,0,0,2,0,0,0,0,4,1,6,6,1,23,5,-1,-1,-1,-1,-1,-1,0,-1
2021031089651,2021,031089651,1,5,0,18,19,1,5,0,0,1,0,0,0,0,2,1,6,6,1,56,9,-1,-1,-1,-1,5,E01020723,0,-1
2021010338465,2021,010338465,1,9,0,7,7,3,5,0,0,6,0,0,0,0,1,1,6,6,1,58,9,-1,-1,-1,-1,2,E01003189,0,-1
2021052102253,2021,052102253,1,97,0,18,19,1,5,0,0,1,0,0,0,0,1,1,6,6,1,16,4,-1,-1,-1,-1,8,E01018345,0,-1
2021010315150,2021,010315150,2,1,0,5,5,5,1,0,0,8,5,0,0,0,1,1,6,6,1,44,7,-1,-1,-1,-1,8,E01003795,0,-1
2021170S10131,2021,170S10131,1,9,0,18,19,6,2,0,0,1,0,0,0,0,1,1,6,6,3,-1,-1,-1,-1,-1,-1,-1,-1,0,-1
2021471100877,2021,471100877,2,1,0,17,19,3,1,0,0,1,0,0,0,0,1,1,2,2,1,52,8,-1,-1,-1,-1,3,E01031430,0,-1
2021211073395,2021,211073395,1,19,0,18,19,4,1,0,0,4,0,0,0,0,1,1,6,6,3,30,6,-1,-1,-1,-1,-1,-1,0,-1
2021302100223,2021,302100223,2,9,0,2,2,0,0,0,0,0,0,0,0,0,3,1,6,6,2,24,5,-1,-1,-1,-1,2,E01019471,0,-1
2021552100349,2021,552100349,2,1,0,18,19,6,2,0,0,0,0,0,0,0,1,1,6,6,1,6,2,-1,-1,-1,-1,3,E01015308,0,-1
2021010314441,2021,010314441,1,1,9,99,99,9,9,99,99,9,9,99,9,99,9,1,2,2,1,30,6,-1,-1,-1,-1,8,E01004498,0,-1
2021201113759,2021,201113759,2,9,0,18,19,4,7,0,0,0,0,0,0,0,1,1,6,6,3,-1,-1,-1,-1,-1,-1,-1,-1,0,-1
2021010325543,2021,010325543,2,9,0,99,99,9,9,99,99,0,9,99,9,99,1,9,6,6,3,-1,-1,-1,-1,-1,-1,-1,-1,0,-1
2021141091692,2021,141091692,1,9,0,18,19,7,3,0,0,0,0,0,0,0,1,1,6,6,3,-1,-1,-1,-1,-1,-1,-1,-1,0,-1
2021332100241,2021,332100241,1,19,0,7,7,6,2,9,9,5,0,0,0,0,4,1,6,6,1,49,8,-1,-1,-1,-1,10,E01025624,0,-1
2021010289255,2021,010289255,2,9,0,99,99,9,9,99,99,9,9,99,9,99,9,9,6,6,3,-1,-1,-1,-1,-1,-1,-1,-1,0,-1
2021332100827,2021,332100827,2,1,0,18,19,1,5,0,0,8,0,0,0,0,1,1,6,6,1,29,6,-1,-1,-1,-1,10,E01026004,0,-1
2021010330372,2021,010330372,2,1,0,14,14,2,6,0,0,8,0,0,0,0,2,1,6,6,2,25,5,-1,-1,-1,-1,8,E01001906,0,-1
2021052101416,2021,052101416,2,1,0,18,19,6,2,0,0,8,0,0,0,0,3,1,2,2,2,29,6,-1,-1,-1,-1,1,E01006861,0,-1
202134WNC5521,2021,34WNC5521,3,9,0,3,3,4,8,0,0,8,0,0,0,0,2,1,6,6,3,-1,-1,-1,-1,-1,-1,-1,-1,0,-1
2021302101962,2021,302101962,1,9,0,9,9,4,8,0,0,8,0,0,0,0,0,1,6,6,3,-1,-1,-1,-1,-1,-1,5,E01019456,0,-1
2021351097848,2021,351097848,1,11,0,4,4,-1,-1,0,0,0,0,0,0,0,0,1,1,1,1,47,8,-1,-1,-1,-1,6,E01018264,0,-1
2021451033879,2021,451033879,2,1,0,18,19,6,2,0,0,8,5,0,0,0,3,1,5,6,1,43,7,-1,-1,-1,-1,8,E01002945,0,-1
2021231030225,2021,231030225,3,9,0,4,4,5,1,0,0,1,0,0,0,0,0,1,5,6,3,38,7,-1,-1,-1,-1,-1,-1,0,-1
202160Z031057,2021,60Z031057,1,9,0,18,19,8,4,0,0,0,0,0,0,0,1,1,6,6,1,73,10,-1,-1,-1,-1,-1,-1,0,-1
2021010316241,2021,010316241,2,1,0,15,15,1,5,0,0,0,5,0,0,0,4,1,2,2,1,35,6,-1,-1,-1,-1,3,E01003531,0,-1
2021471117055,2021,471117055,2,1,0,18,19,3,7,0,0,8,0,0,0,0,3,1,2,2,2,38,7,-1,-1,-1,-1,7,E01016979,0,-1
202160Z008953,2021,60Z008953,1,9,0,7,7,2,4,0,0,6,0,0,0,0,1,1,6,6,1,37,7,-1,-1,-1,-1,-1,-1,0,-1
202131C000821,2021,31C000821,2,1,0,18,19,7,3,0,0,8,0,0,0,0,1,1,1,1,1,17,4,-1,-1,-1,-1,4,E01033408,0,-1
2021070461868,2021,070461868,1,9,0,16,19,1,2,0,0,3,0,0,0,0,4,1,6,6,2,-1,-1,-1,-1,-1,-1,-1,-1,0,-1
2021010327932,2021,010327932,2,19,0,5,5,5,1,0,0,4,0,0,0,0,4,2,1,1,1,73,10,-1,-1,-1,-1,6,E01000585,0,-1
2021320574724,2021,320574724,2,9,0,18,19,6,2,0,0,0,0,0,0,0,1,1,6,6,3,-1,-1,-1,-1,-1,-1,-1,-1,0,-1
2021351060852,2021,351060852,2,1,0,13,13,8,4,0,0,2,0,0,0,0,3,1,6,6,2,79,11,-1,-1,-1,-1,9,E01018250,0,-1
2021122200020,2021,122200020,2,9,0,7,7,5,7,0,0,1,1,0,0,0,1,1,1,1,1,58,9,-1,-1,-1,-1,4,E01012934,0,-1
2021070784437,2021,070784437,1,9,0,18,19,4,8,0,0,0,0,0,0,0,3,2,6,6,1,-1,-1,-1,-1,-1,-1,-1,-1,0,-1
2021421068591,2021,421068591,2,1,0,18,19,7,3,0,0,1,0,0,0,0,1,1,5,6,1,23,5,-1,-1,-1,-1,4,E01021265,0,-1
2021221053492,2021,221053492,2,1,0,7,7,4,6,0,0,6,0,0,0,0,3,1,2,2,1,33,6,-1,-1,-1,-1,6,E01028943,0,-1
2021010288267,2021,010288267,2,1,0,18,19,5,1,5,5,0,0,0,0,0,1,1,6,6,2,21,5,-1,-1,-1,-1,-1,-1,0,-1
2021101089244,2021,101089244,2,1,0,18,19,1,5,0,0,1,0,0,0,0,2,1,6,6,1,37,7,-1,-1,-1,-1,-1,-1,0,-1
2021201063661,2021,201063661,1,90,0,18,19,-1,-1,0,0,0,0,0,0,0,1,1,6,6,3,-1,-1,-1,-1,-1,-1,-1,-1,0,-1
2021411107128,2021,411107128,1,9,0,18,19,3,1,0,0,3,0,0,0,0,3,1,6,6,3,-1,-1,-1,-1,-1,-1,-1,-1,0,-1
202134WNC7551,2021,34WNC7551,1,8,0,9,9,1,3,0,0,6,0,0,0,0,1,1,6,6,1,38,7,-1,-1,-1,-1,-1,-1,0,-1
2021041147306,2021,041147306,1,17,0,7,7,3,7,0,0,8,0,0,7,11,0,1,6,6,3,18,4,-1,-1,-1,-1,-1,-1,0,-1
2021471013432,2021,471013432,2,9,0,2,2,0,0,0,0,0,0,0,0,0,3,1,6,6,3,-1,-1,-1,-1,-1,-1,-1,-1,0,-1
2021010305335,2021,010305335,2,1,0,18,19,1,5,0,0,1,0,0,0,0,2,1,6,6,1,-1,-1,-1,-1,-1,-1,-1,-1,0,-1
2021461057826,2021,461057826,1,9,0,18,19,1,5,0,0,0,0,0,0,0,3,1,6,6,3,-1,-1,-1,-1,-1,-1,-1,-1,0,-1
2021101068739,2021,101068739,1,9,0,5,5,5,1,0,0,0,0,0,3,0,4,1,6,6,3,32,6,-1,-1,-1,-1,-1,-1,0,-1
2021010306568,2021,010306568,2,9,0,99,99,9,9,99,99,9,9,99,9,99,0,9,6,6,3,-1,-1,-1,-1,-1,-1,-1,-1,0,-1
2021010304394,2021,010304394,1,9,0,99,99,9,9,99,99,0,9,99,9,99,1,9,6,6,3,-1,-1,-1,-1,-1,-1,-1,-1,0,-1
2021371072509,2021,371072509,1,1,0,18,19,5,1,4,4,0,0,0,0,0,0,1,1,1,2,24,5,-1,-1,-1,-1,7,E01030125,0,-1
2021010293549,2021,010293549,1,9,0,99,99,9,9,99,99,9,9,99,9,99,9,9,6,6,3,-1,-1,-1,-1,-1,-1,-1,-1,0,-1
2021101103095,2021,101103095,2,1,0,12,12,2,8,0,0,0,2,0,0,0,2,1,6,6,1,41,7,-1,-1,-1,-1,7,E01008320,0,-1
2021430276643,2021,430276643,2,1,0,13,13,5,1,2,2,1,0,0,0,0,2,1,2,2,1,41,7,-1,-1,-1,-1,10,E01028565,0,-1
2021010295330,2021,010295330,2,19,9,99,99,9,9,99,99,9,9,99,9,99,2,9,6,6,1,60,9,-1,-1,-1,-1,1,E01000602,0,-1
2021061043050,2021,061043050,1,9,-1,9,9,7,5,0,0,6,0,0,0,0,1,1,6,6,3,30,6,-1,-1,-1,-1,-1,-1,0,-1
2021421080238,2021,421080238,2,8,0,3,3,6,2,0,0,0,5,4,0,0,2,1,1,1,1,39,7,-1,-1,-1,-1,4,E01002267,0,-1
2021070436226,2021,070436226,1,9,0,5,5,3,7,0,0,2,5,10,0,1,4,2,2,2,1,63,9,-1,-1,-1,-1,-1,-1,0,-1
2021221051150,2021,221051150,1,19,0,14,14,1,5,0,0,8,0,0,0,0,1,1,1,1,1,61,9,-1,-1,-1,-1,2,E01014162,0,-1
2021421105779,2021,421105779,2,1,0,17,19,1,1,0,0,8,0,0,0,0,2,1,6,6,2,51,8,-1,-1,-1,-1,6,E01021796,0,-1
202106A079575,2021,06A079575,2,1,0,18,19,1,5,0,0,8,0,0,0,0,3,1,6,6,1,36,7,-1,-1,-1,-1,1,E01005615,0,-1
2021010350789,2021,010350789,1,4,0,18,19,7,3,1,1,0,0,0,0,0,1,1,6,6,3,-1,-1,-1,-1,-1,-1,-1,-1,0,-1
2021440268959,2021,440268959,1,1,0,18,19,1,5,0,0,3,0,0,0,0,2,1,2,2,1,46,8,-1,-1,-1,-1,8,E01023132,0,-1
202131D186921,2021,31D186921,2,1,0,18,19,8,4,0,0,1,0,0,0,0,1,1,2,2,1,29,6,-1,-1,-1,-1,6,E01028100,0,-1
2021421066988,2021,421066988,2,1,0,18,19,3,7,0,0,0,0,0,0,0,2,1,6,6,1,50,8,-1,-1,-1,-1,6,E01022095,0,-1
2021201052084,2021,201052084,1,1,0,18,19,1,5,0,0,8,0,0,0,0,0,1,6,6,1,33,6,-1,-1,-1,-1,1,E01010440,0,-1
2021010330034,2021,010330034,2,2,0,18,19,3,7,0,0,1,5,0,0,0,4,1,2,2,1,20,4,-1,-1,-1,-1,-1,-1,0,-1
2021010307042,2021,010307042,1,9,0,3,3,1,5,0,0,0,0,0,0,0,1,1,1,1,1,50,8,-1,-1,-1,-1,6,E01029891,0,-1
2021010335573,2021,010335573,2,9,0,5,5,7,3,2,2,1,0,0,0,0,3,1,6,6,3,-1,-1,-1,-1,-1,-1,-1,-1,0,-1
202163A060521,2021,63A060521,2,1,0,17,19,6,3,0,0,0,0,0,0,0,3,1,6,6,1,60,9,-1,-1,-1,-1,4,W01000688,0,-1
2021440368222,2021,440368222,2,1,0,18,19,3,7,9,9,1,0,0,0,0,1,1,4,7,1,13,3,-1,-1,-1,-1,7,E01022946,0,-1
202131D021921,2021,31D021921,2,1,0,18,19,6,2,0,0,8,0,0,0,0,1,1,6,6,1,40,7,-1,-1,-1,-1,9,E01025750,0,-1
2021221070010,2021,221070010,1,90,0,18,19,3,7,0,0,0,0,0,0,0,1,1,5,6,1,17,4,-1,-1,-1,-1,3,E01009294,0,-1
2021010343713,2021,010343713,2,90,0,16,19,7,3,0,0,1,0,0,0,0,1,1,6,6,3,-1,-1,-1,-1,-1,-1,-1,-1,0,-1
2021010292510,2021,010292510,2,98,9,99,99,9,9,0,0,0,9,99,9,99,0,2,6,6,3,-1,-1,-1,-1,-1,-1,-1,-1,0,-1
2021522104975,2021,522104975,1,-1,0,16,19,2,5,0,0,0,0,8,0,0,1,1,6,6,1,44,7,-1,-1,-1,-1,2,E01014626,1,-1
2021010298760,2021,010298760,2,-1,0,18,19,3,7,0,0,8,0,0,0,0,3,1,6,6,1,14,3,-1,-1,-1,-1,3,E01004678,1,-1
2021010298022,2021,010298022,2,1,0,9,9,7,5,0,0,0,2,0,0,0,2,1,6,6,1,15,3,-1,-1,-1,-1,3,E01000176,0,-1
2021111057944,2021,111057944,2,1,0,18,19,3,7,0,0,1,0,0,0,0,1,1,6,6,1,19,4,-1,-1,-1,-1,8,E01019330,0,-1
2021010335893,2021,010335893,2,-1,0,18,19,5,1,0,0,1,0,0,0,0,1,1,1,1,1,29,6,-1,-1,-1,-1,3,E01021641,1,-1
2021451113660,2021,451113660,1,1,0,4,4,5,1,0,0,0,0,0,0,0,1,1,1,1,1,33,6,-1,-1,-1,-1,10,E01030762,0,-1
2021010318421,2021,010318421,2,9,0,5,5,0,1,0,0,0,0,0,0,0,1,1,6,6,1,34,6,-1,-1,-1,-1,6,E01002822,0,-1
2021111046814,2021,111046814,2,9,0,8,8,1,5,0,0,0,0,0,0,0,2,1,6,6,2,29,6,-1,-1,-1,-1,8,E01020817,0,-1
2021522105478,2021,522105478,2,19,0,18,19,6,2,0,0,8,0,0,0,0,1,1,6,6,3,-1,-1,-1,-1,-1,-1,-1,-1,0,-1
2021010334221,2021,010334221,2,1,0,18,19,1,5,0,0,7,0,0,0,0,4,1,2,2,2,31,6,-1,-1,-1,-1,2,E01001758,0,-1
2021041038896,2021,041038896,2,9,0,18,19,1,5,0,0,1,0,0,0,0,1,1,2,2,1,61,9,-1,-1,-1,-1,3,E01012606,0,-1
2021061051382,2021,061051382,1,9,0,13,13,2,6,0,0,0,0,0,0,0,1,1,6,6,1,50,8,-1,-1,-1,-1,-1,-1,0,-1
2021052102488,2021,052102488,2,1,0,18,19,3,7,0,0,0,0,0,0,0,1,1,6,6,1,53,8,-1,-1,-1,-1,1,E01006632,0,-1
2021138350935,2021,138350935,2,9,0,18,19,5,1,0,0,0,1,0,1,11,1,1,1,1,1,48,8,-1,-1,-1,-1,8,E01010645,0,-1
2021332100732,2021,332100732,1,9,0,18,19,1,5,0,0,4,0,0,0,0,3,1,6,6,1,32,6,-1,-1,-1,-1,3,E01013656,0,-1
20211383D0300,2021,1383D0300,1,9,0,18,19,7,3,0,0,0,5,0,2,7,4,1,1,1,1,41,7,-1,-1,-1,-1,6,E01006389,0,-1
2021522103099,2021,522103099,2,9,0,1,1,7,3,0,0,8,0,0,0,0,2,1,6,6,1,40,7,-1,-1,-1,-1,-1,-1,0,-1
202160Z140818,2021,60Z140818,1,9,0,18,19,3,7,0,0,0,0,0,0,0,1,1,6,6,1,27,6,-1,-1,-1,-1,-1,-1,0,-1
2021430467602,2021,430467602,1,1,0,18,19,6,2,0,0,8,0,0,0,0,2,1,2,2,1,58,9,-1,-1,-1,-1,10,E01032761,0,-1
2021461101088,2021,461101088,1,1,0,15,15,7,3,0,0,0,0,0,0,0,3,1,6,6,1,92,11,-1,-1,-1,-1,8,E01000680,0,-1
2021010290685,2021,010290685,2,9,9,99,99,9,9,99,99,9,9,99,9,99,0,9,6,6,3,-1,-1,-1,-1,-1,-1,-1,-1,0,-1
2021010332520,2021,010332520,1,1,9,99,99,9,9,99,99,9,9,99,9,99,9,1,2,2,1,28,6,-1,-1,-1,-1,2,E01001820,0,-1
2021332100603,2021,332100603,1,3,0,7,7,7,1,0,0,5,0,0,0,0,4,1,6,6,1,20,4,-1,-1,-1,-1,4,E01013733,0,-1