collision_index,collision_year,collision_ref_no,vehicle_reference,vehicle_type,towing_and_articulation,vehicle_manoeuvre_historic,vehicle_manoeuvre,vehicle_direction_from,vehicle_direction_to,vehicle_location_restricted_lane_historic,vehicle_location_restricted_lane,junction_location,skidding_and_overturning,hit_object_in_carriageway,vehicle_leaving_carriageway,hit_object_off_carriageway,first_point_of_impact,vehicle_left_hand_drive,journey_purpose_of_driver_historic,journey_purpose_of_driver,sex_of_driver,age_of_driver,age_band_of_driver,engine_capacity_cc,propulsion_code,age_of_vehicle,generic_make_model,driver_imd_decile,lsoa_of_driver,escooter_flag,driver_distance_banding
2021522101432,2021,522101432,1,9,0,18,19,3,7,0,0,8,0,0,0,0,1,1,6,6,1,47,8,-1,-1,-1,-1,2,E01014575,0,-1
2021052102867,2021,052102867,1,9,0,18,19,5,1,0,0,0,0,0,0,0,4,1,6,6,3,-1,-1,-1,-1,-1,-1,-1,-1,0,-1
2021332100605,2021,332100605,2,1,0,18,19,2,7,0,0,0,0,0,0,0,1,1,6,6,1,39,7,-1,-1,-1,-1,3,E01025894,0,-1
2021991089760,2021,991089760,2,1,0,18,19,7,3,4,4,1,0,0,0,0,1,1,5,6,1,51,8,-1,-1,-1,-1,9,-1,0,-1
2021430252318,2021,430252318,1,1,0,18,19,1,5,0,0,8,0,0,0,0,4,1,6,6,1,56,9,-1,-1,-1,-1,8,E01017671,0,-1
2021010339272,2021,010339272,3,9,0,99,99,9,9,99,99,9,9,99,9,99,9,9,6,6,3,-1,-1,-1,-1,-1,-1,-1,-1,0,-1
2021221038576,2021,221038576,3,9,0,4,4,4,7,0,0,1,0,0,0,0,0,1,5,6,2,51,8,-1,-1,-1,-1,8,W01000446,0,-1
2021552100642,2021,552100642,1,9,0,18,19,7,3,0,0,1,0,0,0,0,1,1,6,6,3,-1,-1,-1,-1,-1,-1,-1,-1,0,-1
2021522105709,2021,522105709,2,9,0,18,19,4,8,0,0,1,0,0,0,0,1,1,6,6,1,32,6,-1,-1,-1,-1,1,E01014589,0,-1
2021320564578,2021,320564578,2,1,0,18,19,6,2,0,0,1,0,0,0,0,1,1,6,6,1,16,4,-1,-1,-1,-1,1,E01026308,0,-1
2021070497765,2021,070497765,2,1,0,7,7,5,7,0,0,2,0,0,0,0,4,1,6,6,1,59,9,-1,-1,-1,-1,10,E01018456,0,-1
2021211153350,2021,211153350,1,9,0,6,6,4,1,0,0,0,0,0,0,0,2,1,6,6,1,63,9,-1,-1,-1,-1,7,E01029618,0,-1
2021010349990,2021,010349990,2,1,5,18,19,3,7,0,0,1,5,8,0,0,1,1,6,6,2,31,6,-1,-1,-1,-1,4,E01001945,0,-1
202131A038521,2021,31A038521,1,9,0,5,5,2,6,0,0,2,0,0,0,0,0,1,6,6,3,-1,-1,-1,-1,-1,-1,-1,-1,0,-1
2021421071582,2021,421071582,1,21,1,18,19,4,7,0,0,0,0,0,0,0,1,1,1,1,1,59,9,-1,-1,-1,-1,-1,-1,0,-1
2021052101282,2021,052101282,1,9,0,18,19,3,7,0,0,8,0,0,0,0,1,1,6,6,3,-1,-1,-1,-1,-1,-1,-1,-1,0,-1
2021451044663,2021,451044663,1,11,0,5,5,6,8,0,0,1,0,0,0,0,4,1,6,6,1,30,6,-1,-1,-1,-1,-1,-1,0,-1
2021201104582,2021,201104582,2,1,0,18,19,5,1,0,0,0,0,0,0,0,1,1,6,6,1,8,2,-1,-1,-1,-1,3,E01010566,0,-1
2021351063184,2021,351063184,1,9,0,3,3,4,8,0,0,4,0,0,3,0,2,1,5,6,2,47,8,-1,-1,-1,-1,8,E01033181,0,-1
2021332100417,2021,332100417,1,9,0,18,19,4,8,0,0,0,0,10,0,0,3,1,2,2,1,44,7,-1,-1,-1,-1,5,E01013608,0,-1
2021501118828,2021,501118828,1,-1,0,18,19,5,1,0,0,0,0,0,0,0,0,1,5,6,1,-1,-1,-1,-1,-1,-1,-1,-1,1,-1
2021440113503,2021,440113503,1,11,0,5,5,1,5,0,0,0,0,0,0,0,0,1,1,1,3,-1,-1,-1,-1,-1,-1,-1,-1,0,-1
2021131092751,2021,131092751,2,1,0,9,9,5,7,0,0,8,0,0,0,0,1,1,5,6,1,27,6,-1,-1,-1,-1,2,E01011540,0,-1
2021122101276,2021,122101276,1,1,0,18,19,6,2,0,0,0,1,0,0,0,4,1,6,6,1,60,9,-1,-1,-1,-1,9,E01020850,0,-1
2021161052401,2021,161052401,2,9,0,2,2,0,0,0,0,1,0,0,0,0,3,1,6,6,3,-1,-1,-1,-1,-1,-1,-1,-1,0,-1
2021141106421,2021,141106421,2,1,0,5,5,6,2,0,0,8,0,0,0,0,3,1,6,6,1,19,4,-1,-1,-1,-1,9,E01007862,0,-1
2021461045261,2021,461045261,2,9,0,18,19,3,7,0,0,1,0,0,0,0,4,1,1,1,1,28,6,-1,-1,-1,-1,5,E01024366,0,-1
202160Z078800,2021,60Z078800,1,9,0,7,7,1,3,0,0,6,0,0,0,0,3,1,6,6,1,70,10,-1,-1,-1,-1,-1,-1,0,-1
2021461058646,2021,461058646,1,2,0,18,19,6,8,0,0,0,0,0,0,0,1,1,6,6,1,-1,-1,-1,-1,-1,-1,-1,-1,0,-1
2021522103266,2021,522103266,1,1,0,18,19,3,7,0,0,0,0,0,0,0,1,1,4,7,1,17,4,-1,-1,-1,-1,10,E01014785,0,-1
2021991070846,2021,991070846,2,1,0,18,19,3,7,0,0,8,0,0,0,0,1,1,5,6,1,40,7,-1,-1,-1,-1,8,-1,0,-1
2021610001321,2021,610001321,1,19,0,18,19,8,3,0,0,0,0,0,0,11,1,1,4,7,1,30,6,-1,-1,-1,-1,-1,-1,0,-1
2021010342721,2021,010342721,2,1,0,18,19,7,3,4,4,8,0,10,0,0,3,1,6,6,2,39,7,-1,-1,-1,-1,5,E01001935,0,-1
2021544381821,2021,544381821,1,1,0,6,6,8,8,0,0,1,0,0,0,0,4,1,6,6,1,70,10,-1,-1,-1,-1,-1,-1,0,-1
2021010340045,2021,010340045,1,1,0,18,19,5,1,0,0,1,0,10,1,0,1,1,2,2,2,24,5,-1,-1,-1,-1,8,E01001987,0,-1
2021141066197,2021,141066197,2,9,0,18,19,1,1,0,0,0,0,0,0,0,1,2,6,6,1,-1,-1,-1,-1,-1,-1,-1,-1,0,-1
2021161034111,2021,161034111,1,1,0,18,19,2,4,0,0,0,5,0,0,0,2,1,2,2,1,54,8,-1,-1,-1,-1,1,E01013196,0,-1
2021430180900,2021,430180900,2,9,0,9,9,5,3,0,0,5,0,0,0,0,4,1,6,6,2,40,7,-1,-1,-1,-1,3,E01028516,0,-1
2021440134912,2021,440134912,1,9,0,18,19,8,4,0,0,1,0,0,0,0,3,1,6,6,3,-1,-1,-1,-1,-1,-1,-1,-1,0,-1
2021201095561,2021,201095561,2,1,0,18,19,8,4,9,9,8,0,0,0,0,4,1,6,6,1,16,4,-1,-1,-1,-1,3,E01009768,0,-1
2021041077789,2021,041077789,3,9,0,18,19,5,3,0,0,1,0,0,0,0,0,1,6,6,1,38,7,-1,-1,-1,-1,8,E01025463,0,-1
2021161035648,2021,161035648,2,1,0,18,19,8,4,0,0,4,0,0,0,0,2,1,6,6,1,54,8,-1,-1,-1,-1,6,E01013285,0,-1
202160Z158714,2021,60Z158714,1,9,0,18,19,6,2,9,9,0,0,10,1,0,1,1,6,6,3,-1,-1,-1,-1,-1,-1,-1,-1,0,-1
2021031024429,2021,031024429,2,1,0,18,19,6,3,0,0,2,0,0,0,0,1,1,6,6,1,15,3,-1,-1,-1,-1,6,E01019178,0,-1
2021010322676,2021,010322676,1,1,9,99,99,9,9,99,99,9,9,99,9,99,9,1,6,6,1,43,7,-1,-1,-1,-1,1,E01033207,0,-1
2021170S10421,2021,170S10421,3,90,0,18,19,8,4,0,0,0,5,0,1,4,2,1,6,6,1,49,8,-1,-1,-1,-1,-1,-1,0,-1
2021131083757,2021,131083757,1,97,0,13,13,5,1,0,0,1,0,0,0,0,4,1,6,6,1,19,4,-1,-1,-1,-1,2,E01010628,0,-1
2021461039027,2021,461039027,2,9,0,2,2,0,0,9,9,0,0,0,0,0,3,1,6,6,2,-1,-1,-1,-1,-1,-1,5,E01016151,0,-1
2021552101341,2021,552101341,1,9,0,2,2,0,0,0,0,0,0,0,0,0,3,1,6,6,3,-1,-1,-1,-1,-1,-1,-1,-1,0,-1
2021610026521,2021,610026521,3,9,0,9,9,1,8,0,0,1,0,0,0,0,0,1,6,6,3,-1,-1,-1,-1,-1,-1,-1,-1,0,-1
2021332101562,2021,332101562,1,9,0,5,5,3,7,0,0,6,0,0,0,0,1,1,6,6,1,72,10,-1,-1,-1,-1,-1,-1,0,-1
2021332100576,2021,332100576,2,9,0,18,19,2,6,0,0,0,0,0,0,0,1,1,6,6,1,19,4,-1,-1,-1,-1,8,E01025881,0,-1
2021471089216,2021,471089216,2,1,0,18,19,6,2,0,0,0,0,0,0,0,1,1,5,6,1,36,7,-1,-1,-1,-1,4,E01020914,0,-1
2021332100358,2021,332100358,2,3,0,18,19,5,1,0,0,8,0,0,0,0,1,1,2,2,1,20,4,-1,-1,-1,-1,9,E01025913,0,-1
2021421037513,2021,421037513,3,19,0,2,2,0,0,0,0,2,0,0,0,0,3,1,6,6,3,-1,-1,-1,-1,-1,-1,-1,-1,0,-1
2021010300486,2021,010300486,2,1,0,4,4,3,7,0,0,1,5,0,0,0,3,1,6,6,2,61,9,-1,-1,-1,-1,2,E01002053,0,-1
2021302100251,2021,302100251,1,19,0,9,9,6,4,0,0,6,0,0,0,0,1,1,6,6,3,-1,-1,-1,-1,-1,-1,5,E01019456,0,-1
2021201074946,2021,201074946,1,9,0,18,19,6,2,9,9,0,0,10,0,0,4,1,6,6,1,-1,-1,-1,-1,-1,-1,7,E01029863,0,-1
2021520102663,2021,520102663,2,1,0,18,19,8,4,0,0,0,0,0,0,0,2,1,4,7,1,11,3,-1,-1,-1,-1,5,E01029071,0,-1
2021501103486,2021,501103486,2,1,0,18,19,2,6,0,0,4,0,0,0,0,1,1,5,6,1,32,6,-1,-1,-1,-1,4,E01020055,0,-1
2021052102537,2021,052102537,1,9,0,4,4,6,2,0,0,0,0,0,0,0,1,1,6,6,3,-1,-1,-1,-1,-1,-1,-1,-1,0,-1
2021430222518,2021,430222518,2,1,0,18,19,6,2,0,0,8,0,0,0,0,4,1,6,6,1,53,8,-1,-1,-1,-1,10,E01016653,0,-1
2021010335998,2021,010335998,2,1,0,18,19,3,7,4,4,1,0,0,0,0,1,1,6,6,1,30,6,-1,-1,-1,-1,8,E01003861,0,-1
2021201060879,2021,201060879,1,1,0,18,19,-1,-1,0,0,3,0,0,0,0,0,1,1,1,1,39,7,-1,-1,-1,-1,3,E01009216,0,-1
2021451041375,2021,451041375,2,1,0,18,19,2,6,0,0,0,2,0,0,0,1,1,5,6,1,46,8,-1,-1,-1,-1,10,E01016551,0,-1
202131B039621,2021,31B039621,2,9,0,3,3,6,2,0,0,1,0,0,0,0,2,1,6,6,3,-1,-1,-1,-1,-1,-1,-1,-1,0,-1
2021131107316,2021,131107316,2,1,0,18,19,1,5,0,0,8,0,0,0,0,2,1,6,6,1,20,4,-1,-1,-1,-1,4,E01011678,0,-1
2021430073029,2021,430073029,2,17,4,3,3,5,1,0,0,0,0,0,0,0,2,1,1,1,1,64,9,-1,-1,-1,-1,6,E01031130,0,-1
2021430529988,2021,430529988,2,11,0,5,5,2,5,0,0,8,0,0,0,0,1,1,1,1,1,68,10,-1,-1,-1,-1,4,E01015509,0,-1
2021421044249,2021,421044249,2,1,0,18,19,2,6,9,9,0,0,0,0,0,1,1,2,2,1,41,7,-1,-1,-1,-1,5,E01021680,0,-1
2021610026121,2021,610026121,1,19,0,17,19,5,2,0,0,1,0,0,0,0,1,1,1,1,1,33,6,-1,-1,-1,-1,-1,-1,0,-1
2021552101199,2021,552101199,1,98,0,17,19,8,4,0,0,0,0,0,0,0,3,1,1,1,3,-1,-1,-1,-1,-1,-1,-1,-1,0,-1
2021231030931,2021,231030931,1,1,0,18,19,7,3,0,0,6,0,0,0,0,1,1,5,6,1,47,8,-1,-1,-1,-1,3,E01031173,0,-1
2021351054786,2021,351054786,2,1,0,18,19,5,1,0,0,4,0,0,0,0,1,1,6,6,2,24,5,-1,-1,-1,-1,9,E01018287,0,-1
2021471042709,2021,471042709,1,9,0,18,19,5,1,0,0,2,0,0,0,0,4,1,6,6,3,-1,-1,-1,-1,-1,-1,-1,-1,0,-1
2021430359307,2021,430359307,2,9,0,18,19,8,2,0,0,8,0,0,0,0,2,1,6,6,1,23,5,-1,-1,-1,-1,7,E01028713,0,-1
2021332100818,2021,332100818,3,9,0,16,19,8,3,0,0,0,0,0,1,10,1,1,6,6,2,24,5,-1,-1,-1,-1,8,E01025958,0,-1
2021010307995,2021,010307995,1,9,0,18,19,6,2,0,0,1,0,0,0,0,1,1,6,6,3,-1,-1,-1,-1,-1,-1,-1,-1,0,-1
202160Z099133,2021,60Z099133,2,9,0,18,19,4,8,0,0,3,0,0,0,0,1,1,6,6,1,23,5,-1,-1,-1,-1,-1,-1,0,-1
2021542714421,2021,542714421,3,9,0,18,19,5,1,0,0,2,0,0,0,0,0,1,6,6,3,-1,-1,-1,-1,-1,-1,-1,-1,0,-1
2021430566899,2021,430566899,1,9,0,18,19,5,1,0,0,8,0,0,0,0,1,1,6,6,1,47,8,-1,-1,-1,-1,-1,-1,0,-1
2021332100328,2021,332100328,2,9,0,4,4,4,8,0,0,2,0,0,0,0,2,1,2,2,2,26,6,-1,-1,-1,-1,10,E01025741,0,-1
2021141067036,2021,141067036,1,9,0,3,3,3,7,0,0,0,0,0,0,0,2,1,5,6,1,48,8,-1,-1,-1,-1,5,E01019494,0,-1
2021201073205,2021,201073205,1,1,0,18,19,-1,-1,9,9,0,0,0,0,0,1,1,6,6,3,-1,-1,-1,-1,-1,-1,-1,-1,0,-1
2021332100445,2021,332100445,1,9,0,2,2,0,0,0,0,0,0,0,0,0,3,1,6,6,2,27,6,-1,-1,-1,-1,7,E01025825,0,-1
2021170H10711,2021,170H10711,1,9,0,18,19,1,5,0,0,0,0,0,0,0,1,1,1,1,1,22,5,-1,-1,-1,-1,9,E01012147,0,-1
202160Z109251,2021,60Z109251,2,9,0,4,4,5,1,0,0,0,0,0,1,0,2,1,2,2,1,28,6,-1,-1,-1,-1,-1,-1,0,-1
2021332100870,2021,332100870,2,9,0,18,19,2,6,0,0,0,0,0,0,0,2,1,6,6,2,26,6,-1,-1,-1,-1,8,E01033389,0,-1
2021061053311,2021,061053311,1,9,0,18,19,1,5,0,0,0,0,0,0,0,2,1,6,6,2,56,9,-1,-1,-1,-1,10,E01005803,0,-1
2021052102247,2021,052102247,1,1,0,18,19,7,3,0,0,2,0,0,0,0,1,1,6,6,1,53,8,-1,-1,-1,-1,7,E01007225,0,-1
2021131065395,2021,131065395,1,9,0,4,4,7,3,0,0,0,0,0,0,0,1,1,5,6,1,21,5,-1,-1,-1,-1,1,E01007643,0,-1
2021440405235,2021,440405235,2,5,0,18,19,3,7,0,0,1,0,0,7,9,1,1,6,6,1,21,5,-1,-1,-1,-1,6,E01022925,0,-1
2021351111122,2021,351111122,1,1,0,18,19,1,4,0,0,1,0,0,0,0,4,1,1,1,1,55,8,-1,-1,-1,-1,10,E01018222,0,-1
202134NNC7021,2021,34NNC7021,2,22,0,18,19,6,2,0,0,0,0,0,0,0,2,1,6,6,2,22,5,-1,-1,-1,-1,2,E01027349,0,-1
2021520101806,2021,520101806,1,9,0,3,3,7,3,0,0,0,0,0,0,0,3,1,6,6,1,40,7,-1,-1,-1,-1,1,E01029293,0,-1
2021010313267,2021,010313267,1,1,0,12,12,1,5,0,0,2,0,0,0,0,1,1,6,6,2,38,7,-1,-1,-1,-1,2,E01001947,0,-1
2021131119451,2021,131119451,1,9,0,-1,-1,-1,-1,-1,-1,0,-1,-1,-1,-1,-1,1,6,6,3,-1,-1,-1,-1,-1,-1,-1,-1,0,-1
2021440222391,2021,440222391,1,1,0,18,19,2,6,9,9,0,0,0,0,0,1,1,6,6,2,9,2,-1,-1,-1,-1,10,E01032856,0,-1
2021302101521,2021,302101521,2,1,0,14,14,6,2,0,0,1,0,0,0,0,1,1,6,6,1,26,6,-1,-1,-1,-1,2,E01013538,0,-1
2021010317167,2021,010317167,2,1,0,18,19,7,3,0,0,1,0,0,0,0,1,1,2,2,1,35,6,-1,-1,-1,-1,3,E01003296,0,-1
202134WNC7091,2021,34WNC7091,2,1,0,18,19,3,7,0,0,0,0,0,0,0,1,1,6,6,1,51,8,-1,-1,-1,-1,-1,-1,0,-1
2021201021085,2021,201021085,1,9,0,18,19,8,4,0,0,1,0,0,0,0,1,1,6,6,1,-1,-1,-1,-1,-1,-1,1,E01009141,0,-1
2021010328633,2021,010328633,1,-1,0,18,19,7,3,9,9,0,0,0,0,0,1,1,6,6,1,17,4,-1,-1,-1,-1,2,E01000523,1,-1
2021010310237,2021,010310237,2,1,0,18,19,5,1,0,0,2,0,4,0,0,1,1,6,6,2,30,6,-1,-1,-1,-1,10,E01003851,0,-1
2021461066764,2021,461066764,1,9,0,18,19,8,4,0,0,1,0,0,0,0,1,1,6,6,1,39,7,-1,-1,-1,-1,2,E01024249,0,-1
2021201029826,2021,201029826,1,9,0,7,7,7,2,0,0,6,0,0,0,0,1,1,6,6,1,-1,-1,-1,-1,-1,-1,-1,-1,0,-1
2021332101021,2021,332101021,1,9,0,18,19,3,7,0,0,0,0,0,0,0,4,1,6,6,2,46,8,-1,-1,-1,-1,1,E01013651,0,-1
2021010323190,2021,010323190,1,1,9,99,99,9,9,99,99,0,9,99,9,99,9,1,2,2,1,22,5,-1,-1,-1,-1,2,E01003501,0,-1
2021070773276,2021,070773276,1,1,0,18,19,1,5,0,0,0,0,0,0,0,1,1,6,6,1,22,5,-1,-1,-1,-1,3,E01018326,0,-1
2021311121893,2021,311121893,1,11,0,18,19,5,1,0,0,0,0,0,0,0,0,1,1,1,1,37,7,-1,-1,-1,-1,-1,-1,0,-1
2021991096487,2021,991096487,2,9,0,18,19,5,1,0,0,1,0,0,0,0,1,1,6,6,1,59,9,-1,-1,-1,-1,-1,-1,0,-1
2021361083861,2021,361083861,2,1,0,15,15,7,3,0,0,8,0,0,0,0,3,1,5,6,1,18,4,-1,-1,-1,-1,1,E01026808,0,-1
2021991048968,2021,991048968,1,9,0,4,4,5,1,0,0,4,0,0,0,0,0,1,6,6,3,50,8,-1,-1,-1,-1,-1,-1,0,-1
2021010315480,2021,010315480,1,1,9,99,99,9,9,99,99,9,9,99,9,99,9,1,6,6,1,28,6,-1,-1,-1,-1,8,E01002157,0,-1
2021010324963,2021,010324963,2,1,0,14,14,1,5,0,0,1,0,0,0,0,3,1,2,2,1,33,6,-1,-1,-1,-1,4,E01002042,0,-1
2021010332946,2021,010332946,1,9,0,18,19,3,7,1,1,0,0,0,0,0,1,2,1,1,1,35,6,-1,-1,-1,-1,2,E01003994,0,-1
2021131092404,2021,131092404,1,97,0,18,19,3,7,0,0,0,0,0,0,0,3,1,6,6,1,12,3,-1,-1,-1,-1,1,E01010812,0,-1
2021010345723,2021,010345723,1,9,0,99,99,9,9,99,99,9,9,99,9,99,1,9,6,6,3,-1,-1,-1,-1,-1,-1,-1,-1,0,-1
2021201149115,2021,201149115,1,9,0,5,5,4,8,0,0,1,0,0,0,0,1,1,6,6,1,-1,-1,-1,-1,-1,-1,-1,-1,0,-1
2021010287232,2021,010287232,1,1,0,18,19,5,1,4,4,8,0,0,0,0,3,1,1,1,1,18,4,-1,-1,-1,-1,-1,-1,0,-1
2021332100133,2021,332100133,1,9,0,18,19,1,5,0,0,0,0,0,0,0,1,1,6,6,1,37,7,-1,-1,-1,-1,3,E01013777,0,-1
202131B077421,2021,31B077421,1,1,0,18,19,1,5,0,0,6,1,0,0,0,1,1,6,6,1,36,7,-1,-1,-1,-1,8,E01028348,0,-1
202134WNC2641,2021,34WNC2641,1,19,0,11,11,7,3,0,0,0,0,0,0,0,1,1,1,1,1,36,7,-1,-1,-1,-1,-1,-1,0,-1
2021522102689,2021,522102689,1,1,0,18,19,8,4,4,4,8,0,0,0,0,1,1,6,6,1,36,7,-1,-1,-1,-1,6,E01014505,0,-1
202163A001821,2021,63A001821,1,9,0,18,19,8,4,0,0,0,1,0,1,10,1,1,1,1,1,30,6,-1,-1,-1,-1,5,W01000662,0,-1
2021522104741,2021,522104741,1,1,0,18,19,2,6,0,0,0,0,0,0,0,1,1,6,6,1,43,7,-1,-1,-1,-1,3,E01014730,0,-1
2021351137255,2021,351137255,1,98,1,18,19,8,4,0,0,0,0,0,0,0,1,1,1,1,1,35,6,-1,-1,-1,-1,-1,-1,0,-1
2021010305093,2021,010305093,1,1,0,99,99,9,9,0,0,1,0,0,0,0,3,1,6,6,3,50,8,-1,-1,-1,-1,7,E01002891,0,-1
2021501062019,2021,501062019,2,1,0,18,19,2,8,0,0,0,0,0,0,0,1,1,5,6,1,20,4,-1,-1,-1,-1,3,E01020005,0,-1
2021332100776,2021,332100776,2,9,0,18,19,7,3,0,0,8,0,0,0,0,1,1,1,1,1,73,10,-1,-1,-1,-1,4,E01013733,0,-1
2021471039174,2021,471039174,1,-1,0,18,19,4,8,4,4,0,0,0,0,0,1,1,6,6,1,62,9,-1,-1,-1,-1,6,E01016862,1,-1
2021041086102,2021,041086102,1,9,0,18,19,1,5,0,0,1,0,0,0,0,1,1,6,6,2,48,8,-1,-1,-1,-1,6,E01025020,0,-1
2021010305791,2021,010305791,1,1,9,99,99,9,9,99,99,0,9,99,9,99,9,1,2,2,2,27,6,-1,-1,-1,-1,5,E01001935,0,-1
2021332101513,2021,332101513,2,9,0,18,19,5,1,0,0,0,0,0,0,0,0,1,6,6,1,83,11,-1,-1,-1,-1,-1,-1,0,-1
2021361075512,2021,361075512,1,9,0,18,19,4,8,0,0,0,0,0,0,0,4,1,6,6,3,-1,-1,-1,-1,-1,-1,-1,-1,0,-1
2021101086581,2021,101086581,1,10,0,18,19,7,3,0,0,0,0,0,0,0,-1,1,6,6,3,-1,-1,-1,-1,-1,-1,-1,-1,0,-1
2021131082799,2021,131082799,1,1,0,18,19,8,4,0,0,8,0,0,0,0,1,1,5,6,1,22,5,-1,-1,-1,-1,1,E01011472,0,-1
2021440408814,2021,440408814,2,1,0,18,19,1,5,0,0,0,0,0,0,0,4,1,6,6,1,14,3,-1,-1,-1,-1,4,E01023083,0,-1
2021332100668,2021,332100668,1,9,0,5,5,5,1,0,0,6,0,0,0,0,3,1,6,6,1,44,7,-1,-1,-1,-1,10,E01025641,0,-1
202160Z115777,2021,60Z115777,3,19,0,4,4,8,4,0,0,0,0,0,0,0,2,1,6,6,1,59,9,-1,-1,-1,-1,-1,-1,0,-1
2021010351171,2021,010351171,1,1,9,99,99,9,9,99,99,9,9,99,9,99,9,1,2,2,1,32,6,-1,-1,-1,-1,5,E01003760,0,-1
2021201142688,2021,201142688,2,1,0,18,19,-1,-1,0,0,0,0,0,0,0,2,1,1,1,1,16,4,-1,-1,-1,-1,2,E01009966,0,-1
2021010323396,2021,010323396,1,1,9,99,99,9,9,99,99,9,9,99,9,99,9,1,6,6,1,48,8,-1,-1,-1,-1,6,E01000160,0,-1
2021440068231,2021,440068231,1,9,0,18,19,4,8,0,0,0,0,0,0,0,1,1,1,1,1,33,6,-1,-1,-1,-1,5,E01031986,0,-1
2021411120612,2021,411120612,1,9,0,7,7,6,8,0,0,0,0,0,0,0,0,1,6,6,3,-1,-1,-1,-1,-1,-1,-1,-1,0,-1
2021471042668,2021,471042668,2,1,0,18,19,7,3,4,4,0,0,0,0,0,1,1,2,2,1,33,6,-1,-1,-1,-1,7,E01016946,0,-1
202134WNC2791,2021,34WNC2791,2,9,0,9,9,5,3,0,0,8,0,0,0,0,1,1,6,6,2,61,9,-1,-1,-1,-1,3,E01027147,0,-1
2021052100624,2021,052100624,1,9,0,18,19,8,4,0,0,1,0,0,0,0,1,1,6,6,3,-1,-1,-1,-1,-1,-1,-1,-1,0,-1
2021371115829,2021,371115829,2,1,0,2,2,0,0,6,6,0,0,0,0,0,2,1,5,6,1,48,8,-1,-1,-1,-1,8,E01026930,0,-1
2021471127132,2021,471127132,1,9,0,18,19,1,5,0,0,1,0,0,0,0,1,1,6,6,3,-1,-1,-1,-1,-1,-1,-1,-1,0,-1
2021010313313,2021,010313313,1,1,0,18,19,7,3,9,9,0,0,0,0,0,3,1,6,6,1,26,6,-1,-1,-1,-1,-1,-1,0,-1
2021361056456,2021,361056456,1,22,0,18,19,6,2,0,0,1,0,0,0,0,4,1,5,6,2,85,11,-1,-1,-1,-1,8,E01026561,0,-1
2021010343276,2021,010343276,1,1,0,18,19,7,3,4,4,1,0,0,0,0,4,1,6,6,1,37,7,-1,-1,-1,-1,3,E01003491,0,-1
2021461144142,2021,461144142,1,9,0,18,19,8,4,0,0,0,0,0,0,0,4,1,6,6,1,56,9,-1,-1,-1,-1,1,E01024610,0,-1
2021010333963,2021,010333963,2,1,0,3,3,5,1,0,0,4,0,0,0,0,2,1,1,1,2,29,6,-1,-1,-1,-1,2,E01001014,0,-1
2021991069797,2021,991069797,1,20,0,18,19,7,3,0,0,0,2,0,7,11,1,1,1,1,1,35,6,-1,-1,-1,-1,5,E01019226,0,-1
2021101105270,2021,101105270,1,9,0,18,19,1,5,0,0,0,0,0,0,0,1,1,6,6,1,55,8,-1,-1,-1,-1,-1,-1,0,-1
2021010325134,2021,010325134,1,1,9,99,99,9,9,99,99,9,9,99,9,99,9,1,6,6,1,74,10,-1,-1,-1,-1,10,E01002917,0,-1
2021161040834,2021,161040834,2,1,0,18,19,4,8,0,0,1,0,0,0,0,1,1,6,6,1,18,4,-1,-1,-1,-1,5,E01013200,0,-1
2021010288660,2021,010288660,1,9,0,18,19,2,6,0,0,0,0,0,0,0,1,1,6,6,3,-1,-1,-1,-1,-1,-1,-1,-1,0,-1
2021501109604,2021,501109604,1,19,0,18,19,1,5,0,0,0,0,0,0,0,0,1,6,6,3,-1,-1,-1,-1,-1,-1,-1,-1,0,-1
2021010344606,2021,010344606,1,19,0,18,19,7,3,0,0,0,0,0,0,0,4,1,6,6,3,-1,-1,-1,-1,-1,-1,-1,-1,0,-1
2021991016427,2021,991016427,1,9,0,18,19,1,5,0,0,1,0,0,0,0,1,1,5,6,1,28,6,-1,-1,-1,-1,1,-1,0,-1
2021421025961,2021,421025961,2,22,0,18,19,1,5,9,9,0,5,0,1,0,4,1,5,6,1,73,10,-1,-1,-1,-1,6,E01021334,0,-1
2021451053643,2021,451053643,2,1,0,18,19,5,1,0,0,8,2,0,0,0,2,1,5,6,2,57,9,-1,-1,-1,-1,9,E01030326,0,-1
2021332100346,2021,332100346,1,8,0,18,19,2,6,0,0,0,0,0,0,0,1,1,1,1,1,45,7,-1,-1,-1,-1,1,E01013760,0,-1
2021351105929,2021,351105929,1,-1,0,18,19,3,7,0,0,2,0,0,1,0,1,1,5,6,1,36,7,-1,-1,-1,-1,9,E01018287,1,-1
2021101091719,2021,101091719,1,11,0,17,19,3,7,0,0,0,0,0,0,0,0,1,1,1,2,40,7,-1,-1,-1,-1,-1,-1,0,-1
2021401051400,2021,401051400,1,9,0,18,19,1,5,0,0,0,0,0,0,0,1,1,5,6,1,18,4,-1,-1,-1,-1,10,E01017572,0,-1
2021548028521,2021,548028521,2,1,0,18,19,1,5,0,0,0,0,0,0,0,9,1,6,6,1,70,10,-1,-1,-1,-1,6,E01031893,0,-1
2021010319553,2021,010319553,1,9,0,7,7,5,7,0,0,1,0,0,0,0,1,9,6,6,3,-1,-1,-1,-1,-1,-1,-1,-1,0,-1
202131D148621,2021,31D148621,1,8,0,13,13,6,2,0,0,2,0,0,0,0,4,1,6,6,3,-1,-1,-1,-1,-1,-1,-1,-1,0,-1
202131B129721,2021,31B129721,1,1,0,18,19,6,2,0,0,0,0,0,0,0,4,1,1,1,2,31,6,-1,-1,-1,-1,3,E01028306,0,-1
2021061073372,2021,061073372,1,9,0,18,19,1,5,0,0,0,0,0,0,0,1,1,6,6,1,30,6,-1,-1,-1,-1,5,E01005543,0,-1
202163B102221,2021,63B102221,1,19,0,18,19,6,2,0,0,0,0,0,0,0,3,1,1,1,1,36,7,-1,-1,-1,-1,10,W01001936,0,-1
2021522103852,2021,522103852,2,1,0,18,19,8,4,0,0,2,0,8,0,0,1,1,6,6,1,17,4,-1,-1,-1,-1,7,E01014735,0,-1
2021010310088,2021,010310088,2,3,0,99,99,9,9,99,99,9,9,99,9,99,0,1,6,6,3,-1,-1,-1,-1,-1,-1,-1,-1,0,-1
2021052101868,2021,052101868,2,1,0,5,5,3,7,0,0,8,0,0,0,0,1,1,6,6,1,28,6,-1,-1,-1,-1,6,E01007164,0,-1