collision_index,collision_year,collision_ref_no,vehicle_reference,vehicle_type,towing_and_articulation,vehicle_manoeuvre_historic,vehicle_manoeuvre,vehicle_direction_from,vehicle_direction_to,vehicle_location_restricted_lane_historic,vehicle_location_restricted_lane,junction_location,skidding_and_overturning,hit_object_in_carriageway,vehicle_leaving_carriageway,hit_object_off_carriageway,first_point_of_impact,vehicle_left_hand_drive,journey_purpose_of_driver_historic,journey_purpose_of_driver,sex_of_driver,age_of_driver,age_band_of_driver,engine_capacity_cc,propulsion_code,age_of_vehicle,generic_make_model,driver_imd_decile,lsoa_of_driver,escooter_flag,driver_distance_banding
2021302100006,2021,302100006,2,9,0,18,19,4,8,0,0,0,0,0,0,0,0,1,6,6,1,37,7,-1,-1,-1,-1,1,E01011130,0,-1
2021622100959,2021,622100959,1,9,0,18,19,3,7,0,0,1,0,0,0,0,1,1,6,6,3,-1,-1,-1,-1,-1,-1,-1,-1,0,-1
2021170H10041,2021,170H10041,2,1,0,18,19,2,6,0,0,4,0,0,0,0,1,1,6,6,2,25,5,-1,-1,-1,-1,9,E01012003,0,-1
2021430393084,2021,430393084,1,9,0,18,19,5,1,0,0,6,0,0,0,0,4,1,6,6,3,-1,-1,-1,-1,-1,-1,-1,-1,0,-1
2021302100402,2021,302100402,1,1,0,18,19,2,6,0,0,1,0,0,0,0,1,1,6,6,1,67,10,-1,-1,-1,-1,8,E01019735,0,-1
202131C187221,2021,31C187221,1,9,0,18,19,5,1,0,0,2,0,0,0,0,1,1,6,6,3,-1,-1,-1,-1,-1,-1,-1,-1,0,-1
2021332100204,2021,332100204,2,9,0,18,19,7,3,0,0,8,0,0,0,0,1,1,6,6,1,52,8,-1,-1,-1,-1,8,E01026291,0,-1
2021061035195,2021,061035195,1,9,0,18,19,3,1,0,0,3,0,0,0,0,4,1,6,6,1,62,9,-1,-1,-1,-1,2,E01006322,0,-1
2021010288133,2021,010288133,1,9,0,18,19,8,4,0,0,2,0,4,0,0,3,1,6,6,1,17,4,-1,-1,-1,-1,1,E01001013,0,-1
2021010287818,2021,010287818,2,1,0,13,13,7,3,4,4,1,0,0,0,0,1,1,1,1,1,25,5,-1,-1,-1,-1,2,E01002906,0,-1
2021411120831,2021,411120831,1,9,0,18,19,1,5,0,0,0,0,0,0,0,1,1,6,6,3,-1,-1,-1,-1,-1,-1,-1,-1,0,-1
2021440215029,2021,440215029,1,1,0,18,19,7,3,9,9,1,0,0,0,0,1,1,6,6,3,-1,-1,-1,-1,-1,-1,-1,-1,0,-1
2021461033942,2021,461033942,2,1,0,12,12,1,5,5,5,1,0,0,0,0,4,1,5,6,2,43,7,-1,-1,-1,-1,3,E01024182,0,-1
2021332101537,2021,332101537,1,9,0,9,9,7,5,0,0,6,0,0,0,0,3,1,6,6,1,20,4,-1,-1,-1,-1,-1,-1,0,-1
2021320055381,2021,320055381,1,1,0,18,19,3,7,9,9,1,5,0,0,0,1,1,6,6,1,40,7,-1,-1,-1,-1,-1,-1,0,-1
2021010309760,2021,010309760,1,1,0,18,19,3,7,0,0,1,0,0,0,0,9,1,6,6,1,39,7,-1,-1,-1,-1,3,E01000010,0,-1
2021041076409,2021,041076409,1,1,0,18,19,7,5,0,0,0,0,0,0,0,1,1,6,6,2,62,9,-1,-1,-1,-1,1,E01012737,0,-1
2021501049940,2021,501049940,1,9,0,2,2,0,0,0,0,0,0,0,0,0,0,1,5,6,1,42,7,-1,-1,-1,-1,3,E01015212,0,-1
2021471038174,2021,471038174,1,1,0,18,19,7,3,2,2,0,1,0,0,0,1,1,6,6,1,-1,-1,-1,-1,-1,-1,-1,-1,0,-1
2021010305337,2021,010305337,1,1,0,18,19,5,1,0,0,0,2,0,0,0,4,1,6,6,1,28,6,-1,-1,-1,-1,8,E01004507,0,-1
2021010300335,2021,010300335,2,-1,0,18,19,1,5,0,0,1,0,0,0,0,3,1,6,6,1,20,4,-1,-1,-1,-1,3,E01000226,1,-1
2021010327533,2021,010327533,2,1,0,18,19,7,3,0,0,8,0,0,0,0,2,1,2,2,1,41,7,-1,-1,-1,-1,4,E01001671,0,-1
2021610001421,2021,610001421,2,9,0,4,4,8,4,0,0,0,0,0,0,0,2,1,6,6,1,23,5,-1,-1,-1,-1,-1,-1,0,-1
2021010331965,2021,010331965,2,1,0,18,19,3,7,0,0,0,0,0,0,0,1,1,1,1,1,21,5,-1,-1,-1,-1,2,E01003093,0,-1
2021131077129,2021,131077129,1,9,0,-1,-1,-1,-1,-1,-1,8,-1,-1,-1,0,-1,1,6,6,3,-1,-1,-1,-1,-1,-1,-1,-1,0,-1
2021201095872,2021,201095872,1,9,0,18,19,-1,-1,0,0,0,0,0,0,0,4,1,6,6,1,-1,-1,-1,-1,-1,-1,-1,-1,0,-1
2021430442055,2021,430442055,2,1,0,18,19,1,5,0,0,0,0,0,0,0,0,1,6,6,1,38,7,-1,-1,-1,-1,6,E01028676,0,-1
2021531086630,2021,531086630,2,1,0,18,19,2,8,5,5,0,0,0,2,0,1,1,1,1,1,48,8,-1,-1,-1,-1,3,E01032292,0,-1
202160Z182613,2021,60Z182613,1,9,0,14,14,1,5,0,0,0,0,0,0,0,1,1,6,6,1,32,6,-1,-1,-1,-1,-1,-1,0,-1
2021461076729,2021,461076729,1,9,0,18,19,7,3,0,0,0,0,0,0,0,1,1,6,6,3,-1,-1,-1,-1,-1,-1,-1,-1,0,-1
2021161116207,2021,161116207,2,19,0,18,19,4,8,0,0,0,0,0,0,0,0,1,6,6,3,-1,-1,-1,-1,-1,-1,-1,-1,0,-1
2021010337290,2021,010337290,1,1,9,99,99,9,9,99,99,9,9,99,9,99,1,1,2,2,1,29,6,-1,-1,-1,-1,6,E01002655,0,-1
2021430111112,2021,430111112,1,1,0,18,19,4,8,0,0,2,0,0,0,0,4,1,6,6,2,31,6,-1,-1,-1,-1,4,E01016435,0,-1
2021061105905,2021,061105905,1,9,0,7,7,1,5,0,0,1,0,0,0,0,-1,1,6,6,3,-1,-1,-1,-1,-1,-1,-1,-1,0,-1
2021520103568,2021,520103568,1,1,0,18,19,2,6,0,0,0,0,0,0,0,4,1,6,6,1,17,4,-1,-1,-1,-1,5,E01029286,0,-1
2021302101893,2021,302101893,1,9,0,5,5,1,5,8,6,0,0,0,0,0,4,1,1,1,1,51,8,-1,-1,-1,-1,3,E01028062,0,-1
2021430275713,2021,430275713,3,9,0,4,4,4,8,0,0,0,0,0,0,0,2,1,6,6,2,67,10,-1,-1,-1,-1,6,E01028570,0,-1
2021440506401,2021,440506401,2,1,0,9,9,5,3,0,0,4,0,0,0,0,3,1,2,2,1,51,8,-1,-1,-1,-1,2,E01022818,0,-1
2021070178397,2021,070178397,1,19,0,17,19,3,6,0,0,1,0,0,0,0,3,1,6,6,1,-1,-1,-1,-1,-1,-1,-1,-1,0,-1
2021421127044,2021,421127044,2,1,0,18,19,1,4,0,0,4,0,0,0,0,4,1,5,6,1,26,6,-1,-1,-1,-1,7,E01021511,0,-1
2021041091379,2021,041091379,1,9,0,-1,-1,-1,-1,0,0,8,0,0,0,0,-1,1,6,6,3,-1,-1,-1,-1,-1,-1,-1,-1,0,-1
2021540027221,2021,540027221,2,1,0,18,19,1,5,0,0,8,0,0,0,0,4,1,6,6,1,83,11,-1,-1,-1,-1,2,E01015570,0,-1
2021010296732,2021,010296732,2,1,0,18,19,3,7,0,0,1,0,0,1,0,1,1,6,6,1,47,8,-1,-1,-1,-1,2,E01002046,0,-1
2021010353805,2021,010353805,1,1,9,99,99,9,9,99,99,9,9,99,9,99,9,1,6,6,1,38,7,-1,-1,-1,-1,7,E01003820,0,-1
2021010347008,2021,010347008,1,9,9,99,99,9,9,99,99,9,9,99,9,99,9,1,6,6,3,-1,-1,-1,-1,-1,-1,-1,-1,0,-1
2021332100138,2021,332100138,2,9,0,10,10,5,3,0,0,8,0,0,0,0,2,1,6,6,2,59,9,-1,-1,-1,-1,5,E01013736,0,-1
2021545163421,2021,545163421,2,1,0,17,19,2,6,0,0,8,0,0,0,0,4,1,6,6,2,55,8,-1,-1,-1,-1,10,E01031948,0,-1
2021421062516,2021,421062516,1,9,0,5,5,3,7,0,0,2,0,0,0,0,3,1,5,6,2,43,7,-1,-1,-1,-1,4,E01022036,0,-1
2021122100780,2021,122100780,1,9,4,6,6,5,5,0,0,8,0,0,0,0,3,1,1,1,1,27,6,-1,-1,-1,-1,10,E01027731,0,-1
2021440493272,2021,440493272,1,3,0,18,19,3,7,0,0,1,1,0,0,0,0,1,6,6,1,31,6,-1,-1,-1,-1,10,E01022684,0,-1
2021010305941,2021,010305941,2,1,0,18,19,7,3,0,0,1,0,4,0,0,1,1,1,1,2,36,7,-1,-1,-1,-1,3,E01003251,0,-1
2021010294288,2021,010294288,1,1,9,99,99,9,9,99,99,9,9,99,9,99,9,1,6,6,1,47,8,-1,-1,-1,-1,2,E01004403,0,-1
2021010323804,2021,010323804,2,1,0,18,19,5,1,0,0,0,0,0,0,0,3,1,6,6,1,17,4,-1,-1,-1,-1,1,E01001958,0,-1
2021332100769,2021,332100769,1,9,0,9,9,7,5,0,0,6,0,0,0,0,1,1,2,2,1,19,4,-1,-1,-1,-1,8,E01025924,0,-1
202154C185121,2021,54C185121,2,1,0,18,19,3,7,0,0,3,0,0,0,0,2,1,1,1,1,58,9,-1,-1,-1,-1,8,E01015536,0,-1
2021010339257,2021,010339257,1,11,0,4,4,7,3,0,0,1,0,0,0,0,0,1,1,1,1,48,8,-1,-1,-1,-1,2,E01001702,0,-1
2021201059317,2021,201059317,2,1,0,18,19,3,7,0,0,1,0,0,0,0,1,1,6,6,1,25,5,-1,-1,-1,-1,1,E01009364,0,-1
2021522103767,2021,522103767,2,9,0,18,19,3,7,0,0,0,0,0,0,0,1,1,6,6,1,22,5,-1,-1,-1,-1,4,E01014587,0,-1
2021010313929,2021,010313929,2,1,0,18,19,5,1,0,0,1,0,0,0,0,3,1,6,6,1,-1,-1,-1,-1,-1,-1,3,E01003525,0,-1
2021010331332,2021,010331332,2,1,0,18,19,1,5,0,0,6,0,0,0,0,3,1,6,6,1,36,7,-1,-1,-1,-1,3,E01004200,0,-1
2021471084725,2021,471084725,2,1,0,18,19,7,3,0,0,1,0,0,0,0,3,1,5,6,2,54,8,-1,-1,-1,-1,10,E01031627,0,-1
2021622100861,2021,622100861,2,9,0,5,5,5,7,0,0,4,0,0,0,0,1,1,6,6,2,68,10,-1,-1,-1,-1,10,W01001730,0,-1
2021052100303,2021,052100303,1,90,1,6,6,1,1,0,0,0,0,0,0,0,1,1,1,1,1,56,9,-1,-1,-1,-1,1,E01006737,0,-1
202163C031721,2021,63C031721,1,19,0,18,19,2,6,0,0,0,0,0,0,0,1,1,6,6,3,-1,-1,-1,-1,-1,-1,-1,-1,0,-1
2021302101290,2021,302101290,2,1,0,18,19,2,6,0,0,8,0,0,0,0,1,1,6,6,2,29,6,-1,-1,-1,-1,7,E01007846,0,-1
2021131063942,2021,131063942,2,1,0,18,19,1,5,0,0,8,0,0,0,0,1,1,6,6,2,40,7,-1,-1,-1,-1,3,E01010983,0,-1
2021141119003,2021,141119003,1,1,0,18,19,6,2,0,0,0,5,0,0,0,3,1,1,1,1,17,4,-1,-1,-1,-1,-1,-1,0,-1
2021010305145,2021,010305145,2,1,0,8,8,7,1,0,0,5,0,0,0,0,0,1,6,6,1,53,8,-1,-1,-1,-1,3,E01001338,0,-1
2021010345190,2021,010345190,1,9,0,18,19,3,7,0,0,0,0,0,0,0,1,1,6,6,3,-1,-1,-1,-1,-1,-1,-1,-1,0,-1
2021010315753,2021,010315753,2,1,0,18,19,1,5,0,0,0,0,0,0,0,1,1,6,6,1,54,8,-1,-1,-1,-1,10,E01004556,0,-1
2021010325976,2021,010325976,2,1,0,18,19,1,5,5,5,1,0,0,0,0,1,1,6,6,1,61,9,-1,-1,-1,-1,2,E01000422,0,-1
2021471021743,2021,471021743,2,1,0,9,9,7,4,0,0,5,0,0,0,0,2,1,5,6,1,35,6,-1,-1,-1,-1,7,E01021212,0,-1
2021471023233,2021,471023233,3,9,0,18,19,2,6,0,0,2,0,0,0,0,1,1,5,6,1,62,9,-1,-1,-1,-1,7,E01032717,0,-1
2021010314106,2021,010314106,1,1,9,99,99,9,9,99,99,9,9,99,9,99,9,1,6,6,2,29,6,-1,-1,-1,-1,5,E01003953,0,-1
2021440486920,2021,440486920,1,1,0,18,19,5,1,0,0,0,0,0,0,0,3,1,6,6,1,71,10,-1,-1,-1,-1,9,E01022998,0,-1
2021010313409,2021,010313409,2,1,0,3,3,6,2,0,0,2,0,10,0,0,2,1,1,1,1,24,5,-1,-1,-1,-1,2,E01003303,0,-1
2021010302920,2021,010302920,1,1,9,99,99,9,9,99,99,9,9,99,9,99,9,1,6,6,2,34,6,-1,-1,-1,-1,1,E01000552,0,-1
2021010341099,2021,010341099,2,9,0,99,99,9,9,99,99,9,9,99,9,99,1,9,6,6,3,-1,-1,-1,-1,-1,-1,-1,-1,0,-1
2021070741430,2021,070741430,1,9,0,9,9,5,1,0,0,0,0,0,0,0,0,2,6,6,1,-1,-1,-1,-1,-1,-1,-1,-1,0,-1
2021010342647,2021,010342647,1,1,9,99,99,9,9,99,99,9,9,99,9,99,1,1,2,2,1,54,8,-1,-1,-1,-1,2,E01003922,0,-1
2021501134737,2021,501134737,2,1,0,18,19,5,1,0,0,1,0,0,0,0,3,1,2,2,1,48,8,-1,-1,-1,-1,9,E01020316,0,-1
2021430349012,2021,430349012,2,1,0,9,9,2,8,0,0,8,0,0,0,0,1,1,6,6,1,60,9,-1,-1,-1,-1,7,E01017730,0,-1
202160Z170482,2021,60Z170482,1,1,0,18,19,1,5,0,0,0,0,0,1,0,1,1,6,6,1,17,4,-1,-1,-1,-1,-1,-1,0,-1
2021332101557,2021,332101557,1,9,0,18,19,4,8,0,0,0,0,0,0,0,1,1,6,6,1,22,5,-1,-1,-1,-1,-1,-1,0,-1
2021010309328,2021,010309328,2,1,0,18,19,7,3,0,0,0,0,0,0,0,1,1,6,6,1,52,8,-1,-1,-1,-1,3,E01004630,0,-1
2021070593832,2021,070593832,2,9,0,7,7,2,3,0,0,5,0,0,0,0,4,1,6,6,2,35,6,-1,-1,-1,-1,-1,-1,0,-1
202106E080035,2021,06E080035,1,1,0,18,19,1,5,0,0,0,0,0,0,0,1,1,6,6,1,53,8,-1,-1,-1,-1,2,E01005915,0,-1
2021010325714,2021,010325714,1,9,0,9,9,1,7,0,0,6,0,0,0,0,1,1,6,6,1,40,7,-1,-1,-1,-1,1,E01003246,0,-1
2021010319030,2021,010319030,2,1,0,18,19,7,3,0,0,0,0,4,0,0,1,1,6,6,1,20,4,-1,-1,-1,-1,6,E01000566,0,-1
2021411103508,2021,411103508,1,9,0,13,13,7,3,0,0,0,0,0,0,0,3,1,6,6,3,-1,-1,-1,-1,-1,-1,-1,-1,0,-1
2021221082750,2021,221082750,1,1,0,18,19,2,5,0,0,0,0,11,0,0,1,1,5,6,2,58,9,-1,-1,-1,-1,9,E01014172,0,-1
2021131099090,2021,131099090,2,1,0,18,19,2,6,0,0,8,0,0,0,0,4,1,5,6,1,64,9,-1,-1,-1,-1,1,E01011904,0,-1
2021221070964,2021,221070964,1,1,0,9,9,5,3,0,0,5,0,0,0,0,3,1,5,6,1,43,7,-1,-1,-1,-1,5,E01032198,0,-1
2021010314661,2021,010314661,2,1,0,7,7,6,8,0,0,6,0,0,0,0,1,1,6,6,1,17,4,-1,-1,-1,-1,7,E01001134,0,-1
2021430409660,2021,430409660,1,11,0,13,13,8,4,0,0,0,0,0,0,0,4,1,1,1,1,-1,-1,-1,-1,-1,-1,-1,-1,0,-1
2021302100961,2021,302100961,1,1,0,18,19,4,8,0,0,1,0,0,0,0,1,1,6,6,1,26,6,-1,-1,-1,-1,8,E01019685,0,-1
2021052100598,2021,052100598,2,8,0,18,19,6,2,0,0,0,0,0,0,0,2,1,1,1,1,-1,-1,-1,-1,-1,-1,-1,-1,0,-1
2021010299590,2021,010299590,1,9,0,18,19,7,3,0,0,1,0,0,0,0,1,1,6,6,3,-1,-1,-1,-1,-1,-1,-1,-1,0,-1
2021010301444,2021,010301444,2,1,0,18,19,7,3,0,0,6,0,0,0,0,4,1,6,6,1,32,6,-1,-1,-1,-1,1,E01002036,0,-1
2021461033260,2021,461033260,1,1,0,18,19,7,3,0,0,8,0,0,0,0,1,1,5,6,1,19,4,-1,-1,-1,-1,3,E01016154,0,-1
2021010303603,2021,010303603,1,9,0,18,19,2,6,0,0,0,0,0,0,0,4,1,6,6,3,-1,-1,-1,-1,-1,-1,-1,-1,0,-1
2021522104802,2021,522104802,2,1,0,18,19,2,6,2,2,1,0,0,0,0,1,1,6,6,2,36,7,-1,-1,-1,-1,3,E01014572,0,-1
2021010318593,2021,010318593,2,-1,0,18,19,4,8,0,0,0,2,0,3,0,3,1,6,6,1,28,6,-1,-1,-1,-1,2,E01001357,1,-1
2021131083960,2021,131083960,1,1,0,18,19,3,7,9,9,8,0,0,0,0,1,1,5,6,1,14,3,-1,-1,-1,-1,-1,-1,0,-1
2021411102607,2021,411102607,1,9,0,9,9,8,4,0,0,8,1,0,0,0,1,1,6,6,2,-1,-1,-1,-1,-1,-1,-1,-1,0,-1
2021101011396,2021,101011396,1,9,0,18,19,5,1,0,0,0,1,0,1,4,3,1,6,6,2,35,6,-1,-1,-1,-1,5,E01008470,0,-1
2021501088194,2021,501088194,1,1,0,18,19,1,5,0,0,0,0,0,0,0,3,1,5,6,1,49,8,-1,-1,-1,-1,4,E01015173,0,-1
2021010298749,2021,010298749,2,1,0,18,19,5,1,0,0,1,0,0,0,0,1,1,6,6,2,30,6,-1,-1,-1,-1,3,E01033706,0,-1
2021332101527,2021,332101527,3,9,0,18,19,7,3,0,0,1,0,0,0,0,0,1,1,1,2,-1,-1,-1,-1,-1,-1,-1,-1,0,-1
2021361096012,2021,361096012,1,19,0,18,19,5,1,0,0,0,0,0,0,0,4,1,6,6,3,-1,-1,-1,-1,-1,-1,-1,-1,0,-1
2021010351019,2021,010351019,2,1,0,5,5,7,3,0,0,8,0,0,0,0,3,1,6,6,1,77,11,-1,-1,-1,-1,8,E01003710,0,-1
2021201136838,2021,201136838,1,9,0,18,19,-1,-1,0,0,0,0,0,0,0,1,1,6,6,1,-1,-1,-1,-1,-1,-1,-1,-1,0,-1
2021471060763,2021,471060763,2,1,0,18,19,5,1,0,0,0,0,0,0,0,3,1,5,6,1,5,1,-1,-1,-1,-1,1,E01020972,0,-1
2021302100378,2021,302100378,3,1,0,18,19,2,6,0,0,0,0,0,0,0,1,1,6,6,1,34,6,-1,-1,-1,-1,2,E01013522,0,-1
2021070617587,2021,070617587,2,1,0,18,19,5,1,0,0,1,0,0,0,0,1,1,6,6,1,72,10,-1,-1,-1,-1,9,E01012392,0,-1
2021522103261,2021,522103261,2,1,0,18,19,6,3,0,0,0,0,0,0,0,2,1,6,6,2,29,6,-1,-1,-1,-1,3,E01014499,0,-1
2021010309766,2021,010309766,1,9,0,99,99,9,9,99,99,9,9,99,9,99,2,9,6,6,1,35,6,-1,-1,-1,-1,9,E01002164,0,-1
2021461077070,2021,461077070,1,1,0,18,19,8,4,0,0,0,5,0,0,0,1,1,5,6,1,56,9,-1,-1,-1,-1,8,E01017196,0,-1
2021041026591,2021,041026591,2,1,0,18,19,7,3,0,0,1,0,0,0,0,1,1,6,6,1,47,8,-1,-1,-1,-1,3,E01025087,0,-1
2021991050160,2021,991050160,2,1,0,18,19,7,2,0,0,8,2,0,0,0,1,1,5,6,1,37,7,-1,-1,-1,-1,8,-1,0,-1
2021010306676,2021,010306676,2,1,0,18,19,7,3,4,4,7,0,0,0,0,4,1,6,6,2,47,8,-1,-1,-1,-1,-1,-1,0,-1
2021440109950,2021,440109950,2,1,0,17,19,6,2,0,0,8,0,0,0,0,1,1,6,6,2,44,7,-1,-1,-1,-1,3,E01023058,0,-1
2021411055571,2021,411055571,1,1,0,4,4,7,3,0,0,4,0,0,0,0,3,1,5,6,1,54,8,-1,-1,-1,-1,8,E01023692,0,-1
2021991040714,2021,991040714,2,1,0,18,19,7,3,0,0,1,0,0,0,0,3,1,6,6,2,41,7,-1,-1,-1,-1,8,-1,0,-1
202160Z018804,2021,60Z018804,2,20,0,17,19,3,1,0,0,0,0,0,0,0,1,1,1,1,1,55,8,-1,-1,-1,-1,-1,-1,0,-1
2021552101127,2021,552101127,2,1,0,18,19,6,4,0,0,8,0,0,0,0,4,1,6,6,1,68,10,-1,-1,-1,-1,10,E01020525,0,-1
202160Z003965,2021,60Z003965,1,9,0,18,19,6,2,0,0,2,0,4,0,0,1,1,6,6,1,31,6,-1,-1,-1,-1,-1,-1,0,-1
2021610060721,2021,610060721,2,9,0,18,19,1,5,0,0,8,0,0,0,0,1,1,6,6,1,19,4,-1,-1,-1,-1,-1,-1,0,-1
2021552100732,2021,552100732,2,1,0,18,19,6,2,0,0,0,0,4,0,0,1,1,2,2,1,58,9,-1,-1,-1,-1,6,E01015331,0,-1
2021131076856,2021,131076856,2,1,0,9,9,3,1,0,0,0,0,0,0,0,1,1,5,6,1,43,7,-1,-1,-1,-1,8,E01011556,0,-1
2021131049430,2021,131049430,1,1,0,18,19,1,5,0,0,1,0,0,0,0,1,1,6,6,1,13,3,-1,-1,-1,-1,2,E01011030,0,-1
2021201146403,2021,201146403,2,1,0,18,19,3,7,0,0,0,0,0,0,0,1,1,6,6,2,-1,-1,-1,-1,-1,-1,-1,-1,0,-1
2021451050713,2021,451050713,1,9,0,18,19,1,5,0,0,0,1,0,1,4,1,1,1,1,1,20,4,-1,-1,-1,-1,6,E01030819,0,-1
2021010331881,2021,010331881,2,8,0,2,2,0,0,0,0,0,0,0,0,0,3,1,6,6,3,-1,-1,-1,-1,-1,-1,-1,-1,0,-1
2021522105070,2021,522105070,2,1,0,18,19,7,3,9,9,8,0,0,0,0,1,1,6,6,1,34,6,-1,-1,-1,-1,7,E01014907,0,-1
2021010343975,2021,010343975,2,9,0,99,99,9,9,99,99,9,9,99,9,99,9,9,6,6,3,-1,-1,-1,-1,-1,-1,-1,-1,0,-1
2021430482029,2021,430482029,2,9,0,7,7,7,1,0,0,6,0,0,0,0,1,1,6,6,1,-1,-1,-1,-1,-1,-1,-1,-1,0,-1
2021010338614,2021,010338614,1,-1,9,99,99,9,9,99,99,9,9,99,9,99,9,9,6,6,3,-1,-1,-1,-1,-1,-1,-1,-1,1,-1
2021332101029,2021,332101029,2,9,0,18,19,1,5,0,0,8,0,0,0,0,1,1,6,6,1,20,4,-1,-1,-1,-1,10,E01025787,0,-1
2021041096700,2021,041096700,1,9,0,-1,-1,-1,-1,-1,-1,1,-1,-1,-1,0,-1,1,6,6,3,-1,-1,-1,-1,-1,-1,-1,-1,0,-1
2021010338115,2021,010338115,2,1,0,18,19,1,5,2,2,8,0,0,0,0,1,1,2,2,1,28,6,-1,-1,-1,-1,8,E01003138,0,-1
2021332100278,2021,332100278,2,9,0,9,9,7,5,0,0,5,0,0,7,0,4,1,6,6,2,27,6,-1,-1,-1,-1,1,E01013673,0,-1
2021131095498,2021,131095498,1,9,0,18,19,-1,-1,0,0,0,-1,-1,-1,-1,-1,1,6,6,3,-1,-1,-1,-1,-1,-1,-1,-1,0,-1
2021052100538,2021,052100538,1,90,0,18,19,3,7,0,0,0,0,0,0,0,1,1,6,6,3,-1,-1,-1,-1,-1,-1,-1,-1,0,-1
2021010322524,2021,010322524,2,-1,0,7,7,1,3,0,0,6,2,0,0,0,1,1,6,6,1,16,4,-1,-1,-1,-1,2,E01000133,1,-1
2021010364519,2021,010364519,2,1,9,99,99,9,9,0,0,1,9,99,0,0,9,1,6,6,1,32,6,-1,-1,-1,-1,4,E01004611,0,-1
2021010309740,2021,010309740,1,1,9,99,99,9,9,99,99,9,9,99,9,99,1,1,2,2,1,34,6,-1,-1,-1,-1,2,E01002068,0,-1
2021010331418,2021,010331418,2,1,0,18,19,5,1,0,0,1,2,0,0,0,4,1,6,6,1,45,7,-1,-1,-1,-1,6,E01004379,0,-1
2021010305566,2021,010305566,1,1,9,99,99,9,9,99,99,9,9,99,9,99,9,1,6,6,2,39,7,-1,-1,-1,-1,4,E01033320,0,-1
2021351037694,2021,351037694,2,1,0,18,19,2,4,0,0,3,0,0,0,0,3,1,5,6,1,35,6,-1,-1,-1,-1,2,E01017946,0,-1
2021052100712,2021,052100712,1,9,0,5,5,4,6,0,0,0,0,0,0,0,1,1,3,7,2,73,10,-1,-1,-1,-1,1,E01007275,0,-1
2021552101236,2021,552101236,1,9,0,4,4,8,5,9,9,3,0,0,0,0,1,1,1,1,1,58,9,-1,-1,-1,-1,6,E01020533,0,-1
2021201088702,2021,201088702,2,1,0,15,15,2,6,0,0,8,0,0,0,0,3,1,2,2,1,21,5,-1,-1,-1,-1,1,E01009344,0,-1
2021351087080,2021,351087080,2,1,0,18,19,8,6,9,9,8,0,0,0,0,4,1,5,6,2,68,10,-1,-1,-1,-1,7,E01017980,0,-1
2021421034833,2021,421034833,2,1,0,18,19,1,5,9,9,1,0,0,0,0,1,1,5,6,1,14,3,-1,-1,-1,-1,6,E01021917,0,-1
2021991055516,2021,991055516,1,9,0,13,13,6,2,0,0,0,5,0,7,0,3,1,5,6,2,23,5,-1,-1,-1,-1,2,W01001693,0,-1
2021430292406,2021,430292406,1,20,4,18,19,3,7,0,0,0,0,0,0,0,3,1,6,6,1,56,9,-1,-1,-1,-1,10,E01028615,0,-1
202160Z095255,2021,60Z095255,2,1,0,18,19,3,7,0,0,0,0,0,0,0,3,1,6,6,1,6,2,-1,-1,-1,-1,-1,-1,0,-1
2021041098462,2021,041098462,2,1,0,18,19,5,1,0,0,1,0,0,0,0,2,1,6,6,1,52,8,-1,-1,-1,-1,-1,-1,0,-1
2021332100558,2021,332100558,2,9,0,18,19,5,1,0,0,8,1,0,0,0,3,1,6,6,2,31,6,-1,-1,-1,-1,6,E01025912,0,-1
2021010324414,2021,010324414,2,1,0,18,19,8,4,0,0,1,0,0,0,0,3,1,6,6,2,46,8,-1,-1,-1,-1,10,E01002189,0,-1
2021332100478,2021,332100478,3,19,0,18,19,7,3,0,0,0,0,0,1,0,2,1,2,2,1,62,9,-1,-1,-1,-1,8,E01025730,0,-1
2021201054276,2021,201054276,1,19,0,13,13,6,2,0,0,1,0,0,0,0,1,1,1,1,1,27,6,-1,-1,-1,-1,1,E01008918,0,-1
2021332100721,2021,332100721,1,5,0,13,13,4,8,0,0,2,1,0,0,0,1,1,6,6,1,28,6,-1,-1,-1,-1,5,E01013689,0,-1
2021010341568,2021,010341568,3,1,0,18,19,6,2,0,0,0,0,4,0,0,1,1,6,6,1,38,7,-1,-1,-1,-1,3,E01003587,0,-1
2021131045814,2021,131045814,1,9,0,18,19,4,8,0,0,1,0,0,0,0,1,1,6,6,1,25,5,-1,-1,-1,-1,2,E01011450,0,-1
2021421053368,2021,421053368,1,19,0,18,19,3,5,0,0,4,0,0,0,0,0,1,6,6,1,-1,-1,-1,-1,-1,-1,-1,-1,0,-1
2021010312973,2021,010312973,1,9,0,99,99,9,9,99,99,9,9,99,9,99,9,9,6,6,1,28,6,-1,-1,-1,-1,3,E01001548,0,-1
2021211100299,2021,211100299,3,9,0,18,19,5,1,0,0,0,0,0,0,0,4,1,6,6,1,35,6,-1,-1,-1,-1,3,E01029597,0,-1
2021010346262,2021,010346262,2,97,0,99,99,9,9,99,99,9,9,99,9,99,1,9,6,6,3,-1,-1,-1,-1,-1,-1,-1,-1,0,-1
2021010347862,2021,010347862,1,9,0,9,9,3,2,0,0,6,0,0,0,0,1,1,1,1,1,53,8,-1,-1,-1,-1,3,E01003081,0,-1
2021010299715,2021,010299715,1,1,9,99,99,9,9,99,99,9,9,99,9,99,1,1,6,6,2,43,7,-1,-1,-1,-1,5,E01002689,0,-1
2021010297185,2021,010297185,2,1,0,18,19,1,5,0,0,8,0,0,0,0,1,1,2,2,1,38,7,-1,-1,-1,-1,1,E01000798,0,-1
2021061110211,2021,061110211,1,9,0,18,19,2,6,0,0,8,0,0,0,0,2,1,6,6,1,37,7,-1,-1,-1,-1,3,E01005066,0,-1
2021610034321,2021,610034321,1,9,0,18,19,6,2,0,0,1,0,0,0,6,1,1,6,6,1,65,9,-1,-1,-1,-1,-1,-1,0,-1
2021471094655,2021,471094655,1,9,0,4,4,7,3,0,0,0,0,0,0,0,1,1,1,1,1,27,6,-1,-1,-1,-1,6,E01031408,0,-1
2021991059072,2021,991059072,2,1,0,18,19,5,8,0,0,4,0,0,0,0,1,1,6,6,1,41,7,-1,-1,-1,-1,1,-1,0,-1