collision_index,collision_year,collision_ref_no,vehicle_reference,vehicle_type,towing_and_articulation,vehicle_manoeuvre_historic,vehicle_manoeuvre,vehicle_direction_from,vehicle_direction_to,vehicle_location_restricted_lane_historic,vehicle_location_restricted_lane,junction_location,skidding_and_overturning,hit_object_in_carriageway,vehicle_leaving_carriageway,hit_object_off_carriageway,first_point_of_impact,vehicle_left_hand_drive,journey_purpose_of_driver_historic,journey_purpose_of_driver,sex_of_driver,age_of_driver,age_band_of_driver,engine_capacity_cc,propulsion_code,age_of_vehicle,generic_make_model,driver_imd_decile,lsoa_of_driver,escooter_flag,driver_distance_banding
202134WNC4171,2021,34WNC4171,1,-1,0,5,5,5,1,0,0,8,0,0,0,0,1,1,6,6,1,21,5,-1,-1,-1,-1,4,E01027132,1,-1
2021522104254,2021,522104254,2,-1,0,18,19,4,8,0,0,8,0,0,0,0,1,1,6,6,1,30,6,-1,-1,-1,-1,-1,-1,1,-1
2021131069479,2021,131069479,1,9,0,18,19,6,2,0,0,8,0,0,0,0,4,1,6,6,3,-1,-1,-1,-1,-1,-1,-1,-1,0,-1
2021010343210,2021,010343210,1,1,9,99,99,9,9,99,99,9,9,99,9,99,9,1,2,2,1,26,6,-1,-1,-1,-1,9,E01003880,0,-1
2021010356594,2021,010356594,2,9,9,18,19,1,5,0,0,1,9,99,0,0,9,9,6,6,3,-1,-1,-1,-1,-1,-1,-1,-1,0,-1
2021010295518,2021,010295518,2,19,4,99,99,9,9,99,99,9,9,99,9,99,2,9,6,6,3,-1,-1,-1,-1,-1,-1,-1,-1,0,-1
2021061034091,2021,061034091,1,1,-1,3,3,3,7,0,0,0,0,0,0,0,-1,1,6,6,1,27,6,-1,-1,-1,-1,3,E01005128,0,-1
2021122101224,2021,122101224,1,9,0,17,19,3,7,0,0,1,1,0,7,9,3,1,2,2,1,24,5,-1,-1,-1,-1,3,E01013447,0,-1
2021010291330,2021,010291330,1,1,0,18,19,6,2,4,4,0,0,0,0,0,1,1,6,6,2,24,5,-1,-1,-1,-1,4,E01004531,0,-1
2021010325854,2021,010325854,1,1,9,99,99,9,9,99,99,9,9,99,9,99,2,1,6,6,1,13,3,-1,-1,-1,-1,6,E01000623,0,-1
2021141011409,2021,141011409,1,9,0,16,19,2,5,6,6,1,2,10,0,0,4,1,5,6,1,68,10,-1,-1,-1,-1,6,E01008128,0,-1
202160Z135493,2021,60Z135493,1,9,0,18,19,2,6,0,0,0,0,0,2,11,4,1,6,6,1,28,6,-1,-1,-1,-1,-1,-1,0,-1
202160Z118547,2021,60Z118547,2,97,0,18,19,2,6,0,0,1,0,0,1,9,3,1,6,6,1,57,9,-1,-1,-1,-1,-1,-1,0,-1
2021010341526,2021,010341526,2,9,0,18,19,7,3,0,0,4,0,0,0,0,1,1,6,6,3,-1,-1,-1,-1,-1,-1,-1,-1,0,-1
2021010334427,2021,010334427,2,23,0,10,10,1,6,5,5,1,0,0,0,0,1,1,1,1,1,18,4,-1,-1,-1,-1,4,E01004366,0,-1
2021440396279,2021,440396279,1,9,0,18,19,3,7,0,0,8,0,0,0,0,1,1,6,6,3,-1,-1,-1,-1,-1,-1,-1,-1,0,-1
2021052100163,2021,052100163,2,1,0,18,19,3,7,0,0,0,0,0,0,0,1,1,6,6,1,17,4,-1,-1,-1,-1,2,E01006708,0,-1
2021421025997,2021,421025997,1,8,0,16,19,1,5,0,0,0,0,0,0,0,1,1,6,6,1,49,8,-1,-1,-1,-1,1,E01022032,0,-1
2021010346964,2021,010346964,1,8,0,18,19,7,3,0,0,2,0,0,0,0,1,1,6,6,1,52,8,-1,-1,-1,-1,9,E01002339,0,-1
2021052100766,2021,052100766,1,9,0,1,1,1,5,0,0,0,0,0,0,0,2,1,6,6,3,-1,-1,-1,-1,-1,-1,-1,-1,0,-1
2021010306615,2021,010306615,2,1,0,18,19,7,3,4,4,1,5,0,0,0,1,1,2,2,1,50,8,-1,-1,-1,-1,7,E01001918,0,-1
2021430224581,2021,430224581,1,9,0,13,13,3,7,0,0,8,0,0,7,10,3,1,6,6,1,48,8,-1,-1,-1,-1,8,E01015588,0,-1
2021481122233,2021,481122233,1,1,0,18,19,1,5,0,0,8,0,0,0,0,1,1,2,2,1,20,4,-1,-1,-1,-1,2,E01003980,0,-1
202160Z005780,2021,60Z005780,1,98,0,15,15,4,8,0,0,1,0,0,0,0,2,1,1,1,3,-1,-1,-1,-1,-1,-1,-1,-1,0,-1
2021461156065,2021,461156065,2,1,0,18,19,5,1,0,0,8,0,0,0,0,1,1,6,6,1,74,10,-1,-1,-1,-1,8,E01024490,0,-1
2021141051134,2021,141051134,2,1,0,18,19,4,8,0,0,1,0,0,0,0,3,1,6,6,1,50,8,-1,-1,-1,-1,3,E01007667,0,-1
2021010342043,2021,010342043,1,1,9,99,99,9,9,99,99,9,9,99,9,99,1,1,2,2,1,65,9,-1,-1,-1,-1,4,E01001353,0,-1
2021010300664,2021,010300664,1,9,0,5,5,7,3,0,0,6,0,0,0,0,4,1,6,6,1,44,7,-1,-1,-1,-1,9,E01001299,0,-1
2021302100707,2021,302100707,1,9,0,18,19,4,8,0,0,0,0,0,0,0,1,1,6,6,1,53,8,-1,-1,-1,-1,6,E01019866,0,-1
2021010341143,2021,010341143,1,9,0,18,19,1,5,0,0,1,0,0,0,0,1,1,6,6,3,-1,-1,-1,-1,-1,-1,-1,-1,0,-1
2021131054800,2021,131054800,2,10,0,5,5,5,3,0,0,8,0,0,0,0,3,1,1,1,1,28,6,-1,-1,-1,-1,1,E01011475,0,-1
2021430445328,2021,430445328,2,1,0,18,19,6,2,0,0,8,0,0,0,0,0,1,2,2,1,41,7,-1,-1,-1,-1,2,E01028435,0,-1
2021451034335,2021,451034335,1,1,0,18,19,5,1,0,0,4,0,0,0,0,2,1,5,6,1,29,6,-1,-1,-1,-1,5,E01004560,0,-1
2021351018596,2021,351018596,1,21,1,18,19,6,2,0,0,0,0,0,0,0,1,2,1,1,1,55,8,-1,-1,-1,-1,-1,-1,0,-1
2021440262304,2021,440262304,1,1,0,7,7,7,1,0,0,0,0,10,1,0,1,1,6,6,1,51,8,-1,-1,-1,-1,10,E01030874,0,-1
2021522201267,2021,522201267,2,1,0,18,19,4,8,0,0,8,0,0,0,0,3,1,6,6,1,70,10,-1,-1,-1,-1,8,E01014921,0,-1
2021010333786,2021,010333786,1,1,9,99,99,9,9,99,99,9,9,99,9,99,9,1,2,2,1,24,5,-1,-1,-1,-1,2,E01001257,0,-1
2021010332929,2021,010332929,1,1,9,99,99,9,9,99,99,9,9,99,9,99,9,1,6,6,2,41,7,-1,-1,-1,-1,4,E01002894,0,-1
2021010324325,2021,010324325,2,9,0,99,99,9,9,99,99,9,9,99,9,99,1,9,6,6,3,-1,-1,-1,-1,-1,-1,-1,-1,0,-1
2021430358621,2021,430358621,3,9,0,18,19,3,7,0,0,8,0,0,0,0,4,1,1,1,1,40,7,-1,-1,-1,-1,3,E01026033,0,-1
2021411124802,2021,411124802,1,9,0,4,4,1,5,0,0,0,0,0,0,0,1,1,5,6,1,54,8,-1,-1,-1,-1,10,E01023851,0,-1
2021411068419,2021,411068419,2,1,0,18,19,2,6,0,0,1,0,0,0,0,1,1,5,6,1,19,4,-1,-1,-1,-1,9,E01023407,0,-1
2021522104743,2021,522104743,1,4,0,18,19,1,5,0,0,8,0,0,8,10,3,1,6,6,1,18,4,-1,-1,-1,-1,6,E01014960,0,-1
2021061076198,2021,061076198,2,1,0,9,9,3,1,0,0,3,0,0,0,0,4,1,6,6,1,49,8,-1,-1,-1,-1,-1,-1,0,-1
2021552100527,2021,552100527,2,1,0,18,19,3,7,0,0,8,0,0,0,0,3,1,6,6,1,43,7,-1,-1,-1,-1,5,E01015375,0,-1
2021201084823,2021,201084823,1,90,0,18,19,4,8,9,9,8,0,0,0,0,1,1,6,6,1,11,3,-1,-1,-1,-1,1,E01009322,0,-1
2021991132529,2021,991132529,1,9,0,7,7,2,6,0,0,3,0,0,0,0,1,1,6,6,1,35,6,-1,-1,-1,-1,-1,-1,0,-1
2021440133783,2021,440133783,2,1,0,18,19,7,3,0,0,1,0,0,0,0,1,1,6,6,1,57,9,-1,-1,-1,-1,1,E01017130,0,-1
2021440289884,2021,440289884,2,5,0,16,19,4,8,0,0,0,0,0,0,0,1,1,6,6,1,19,4,-1,-1,-1,-1,2,E01017331,0,-1
2021070301125,2021,070301125,2,22,0,18,19,6,2,0,0,1,0,0,0,0,4,1,6,6,1,91,11,-1,-1,-1,-1,8,E01012528,0,-1
2021010351179,2021,010351179,2,1,0,5,5,3,7,4,4,8,0,0,0,0,4,1,6,6,1,19,4,-1,-1,-1,-1,3,E01003127,0,-1
2021010306314,2021,010306314,2,-1,0,18,19,7,3,0,0,0,0,0,0,0,1,1,6,6,1,-1,-1,-1,-1,-1,-1,4,E01004345,1,-1
2021501031862,2021,501031862,1,9,0,4,4,5,1,0,0,0,0,0,0,0,1,1,6,6,3,-1,-1,-1,-1,-1,-1,-1,-1,0,-1
2021161015973,2021,161015973,1,1,0,9,9,7,5,0,0,8,0,0,0,0,3,1,6,6,1,22,5,-1,-1,-1,-1,9,E01012957,0,-1
2021302101591,2021,302101591,1,9,0,18,19,8,4,0,0,0,0,0,0,0,0,1,6,6,3,-1,-1,-1,-1,-1,-1,5,E01019456,0,-1
202163D035321,2021,63D035321,2,90,0,7,7,7,2,0,0,5,1,0,1,10,1,1,6,6,1,25,5,-1,-1,-1,-1,6,W01000500,0,-1
2021610013421,2021,610013421,2,9,0,18,19,3,5,0,0,1,0,0,0,0,3,1,2,2,2,51,8,-1,-1,-1,-1,-1,-1,0,-1
2021010318617,2021,010318617,2,-1,0,18,19,5,1,0,0,2,0,0,0,0,0,1,1,1,2,45,7,-1,-1,-1,-1,7,E01004512,1,-1
2021010341437,2021,010341437,1,1,9,99,99,9,9,99,99,9,9,99,9,99,1,1,2,2,2,49,8,-1,-1,-1,-1,3,E01003969,0,-1
2021052100916,2021,052100916,1,9,0,18,19,1,5,0,0,0,0,0,0,0,1,1,6,6,3,-1,-1,-1,-1,-1,-1,-1,-1,0,-1
2021430508793,2021,430508793,1,1,0,18,19,5,1,0,0,0,0,0,0,0,3,1,6,6,1,55,8,-1,-1,-1,-1,10,E01016629,0,-1
2021332101024,2021,332101024,1,9,0,17,19,3,8,0,0,0,5,0,1,9,1,1,6,6,1,17,4,-1,-1,-1,-1,8,E01025830,0,-1
2021501110416,2021,501110416,1,9,0,18,19,8,2,0,0,1,0,0,0,0,4,1,5,6,1,76,11,-1,-1,-1,-1,6,E01020202,0,-1
2021170S10421,2021,170S10421,2,90,0,18,19,8,4,0,0,0,5,0,1,4,2,1,6,6,1,51,8,-1,-1,-1,-1,6,E01012205,0,-1
2021122101041,2021,122101041,2,9,0,4,4,2,6,0,0,0,0,0,0,0,2,1,1,1,1,55,8,-1,-1,-1,-1,5,E01025431,0,-1
2021320497620,2021,320497620,2,1,0,18,19,6,2,0,0,3,5,0,0,0,2,1,6,6,1,43,7,-1,-1,-1,-1,8,E01032992,0,-1
2021332100975,2021,332100975,3,9,0,17,19,2,7,0,0,0,1,0,0,0,1,1,6,6,2,18,4,-1,-1,-1,-1,2,E01013690,0,-1
2021111128189,2021,111128189,2,1,0,18,19,7,3,0,0,1,0,0,0,0,1,1,6,6,1,40,7,-1,-1,-1,-1,3,E01012358,0,-1
2021451024661,2021,451024661,4,90,0,18,19,7,3,0,0,1,0,0,0,0,1,1,6,6,3,30,6,-1,-1,-1,-1,-1,-1,0,-1
2021010332781,2021,010332781,1,1,9,99,99,9,9,99,99,9,9,99,9,99,9,1,6,6,1,48,8,-1,-1,-1,-1,4,E01003329,0,-1
2021302101675,2021,302101675,2,1,0,18,19,4,8,9,9,0,0,0,0,0,1,1,6,6,1,22,5,-1,-1,-1,-1,3,E01013554,0,-1
2021010319335,2021,010319335,1,90,0,2,2,0,0,0,0,1,0,0,0,0,2,1,6,6,3,-1,-1,-1,-1,-1,-1,-1,-1,0,-1
2021991115227,2021,991115227,2,1,0,18,19,8,4,0,0,1,0,0,0,0,0,1,6,6,1,13,3,-1,-1,-1,-1,-1,-1,0,-1
2021221090977,2021,221090977,3,8,0,4,4,6,2,0,0,1,0,0,0,0,3,1,1,1,1,48,8,-1,-1,-1,-1,2,E01032307,0,-1
2021451053745,2021,451053745,2,1,0,9,9,5,1,0,0,1,0,0,0,0,3,1,5,6,1,36,7,-1,-1,-1,-1,8,E01016686,0,-1
2021052102295,2021,052102295,1,1,0,18,19,1,5,0,0,8,0,0,0,0,1,1,6,6,1,32,6,-1,-1,-1,-1,1,E01007179,0,-1
202160Z098366,2021,60Z098366,1,9,0,18,19,1,5,0,0,0,0,0,0,0,1,1,6,6,1,-1,-1,-1,-1,-1,-1,-1,-1,0,-1
2021440211780,2021,440211780,2,1,0,11,11,2,6,0,0,8,0,0,0,0,4,1,6,6,1,22,5,-1,-1,-1,-1,8,E01022651,0,-1
2021010334643,2021,010334643,2,4,0,13,13,7,3,0,0,1,0,0,0,0,1,1,1,1,1,44,7,-1,-1,-1,-1,-1,-1,0,-1
2021138211187,2021,138211187,1,9,0,4,4,3,7,0,0,0,0,0,0,0,2,1,6,6,1,30,6,-1,-1,-1,-1,5,E01010788,0,-1
2021332100947,2021,332100947,2,-1,0,18,19,3,7,0,0,8,0,0,0,0,4,1,6,6,1,18,4,-1,-1,-1,-1,4,E01013648,1,-1
2021201028910,2021,201028910,1,9,0,1,1,-1,-1,0,0,0,0,0,0,0,2,1,6,6,1,-1,-1,-1,-1,-1,-1,2,E01032369,0,-1
2021610009421,2021,610009421,1,9,0,18,19,5,1,6,6,0,2,0,0,4,1,1,1,1,1,27,6,-1,-1,-1,-1,-1,-1,0,-1
202163D035221,2021,63D035221,1,9,0,18,19,8,4,0,0,5,0,0,1,10,1,1,6,6,1,33,6,-1,-1,-1,-1,3,W01001408,0,-1
2021131103977,2021,131103977,2,1,0,18,19,3,7,0,0,1,0,0,0,0,2,1,6,6,1,41,7,-1,-1,-1,-1,3,E01011488,0,-1
2021610043621,2021,610043621,1,9,0,4,4,3,7,0,0,8,0,0,0,0,0,1,1,1,1,27,6,-1,-1,-1,-1,-1,-1,0,-1
2021161013803,2021,161013803,2,9,0,2,2,0,0,0,0,0,0,0,0,0,2,1,6,6,3,-1,-1,-1,-1,-1,-1,-1,-1,0,-1
2021010321011,2021,010321011,2,1,0,18,19,7,3,0,0,5,5,0,0,0,3,1,6,6,2,36,7,-1,-1,-1,-1,9,E01000191,0,-1
2021010295568,2021,010295568,1,9,0,18,19,3,7,0,0,1,0,0,0,0,1,1,1,1,2,28,6,-1,-1,-1,-1,6,E01000871,0,-1
202163B062521,2021,63B062521,1,9,0,17,19,4,2,0,0,0,5,0,1,10,1,1,6,6,2,21,5,-1,-1,-1,-1,10,W01000512,0,-1
2021122101408,2021,122101408,1,23,0,18,19,9,9,0,0,1,0,0,0,0,1,1,1,1,1,37,7,-1,-1,-1,-1,6,E01027915,0,-1
2021010318909,2021,010318909,2,1,0,18,19,5,1,0,0,0,0,4,0,0,1,1,2,2,1,30,6,-1,-1,-1,-1,6,E01003153,0,-1
2021501091142,2021,501091142,1,9,0,16,19,1,5,0,0,0,2,0,7,0,0,1,5,6,1,-1,-1,-1,-1,-1,-1,-1,-1,0,-1
2021010342043,2021,010342043,2,9,9,99,99,9,9,0,0,9,0,0,0,0,9,9,6,6,3,-1,-1,-1,-1,-1,-1,-1,-1,0,-1
2021201029148,2021,201029148,2,1,0,18,19,1,5,0,0,8,0,0,0,0,1,1,6,6,1,50,8,-1,-1,-1,-1,8,E01010373,0,-1
2021010313087,2021,010313087,2,9,0,99,99,9,9,99,99,9,9,99,9,99,1,9,6,6,1,-1,-1,-1,-1,-1,-1,-1,-1,0,-1
2021320668809,2021,320668809,2,1,0,18,19,6,2,4,4,8,0,0,0,0,1,1,6,6,1,13,3,-1,-1,-1,-1,8,E01026141,0,-1
2021440517841,2021,440517841,2,1,0,18,19,2,6,0,0,3,0,0,0,0,4,1,6,6,1,49,8,-1,-1,-1,-1,10,E01022972,0,-1
202131D146821,2021,31D146821,1,19,0,18,19,6,2,0,0,1,0,0,0,0,3,1,6,6,3,-1,-1,-1,-1,-1,-1,-1,-1,0,-1
2021031092879,2021,031092879,2,9,0,18,19,3,7,0,0,0,0,0,0,0,1,1,6,6,1,19,4,-1,-1,-1,-1,8,E01012389,0,-1
2021010294585,2021,010294585,2,9,0,4,4,5,1,0,0,0,0,0,0,0,1,1,1,1,1,19,4,-1,-1,-1,-1,6,E01002523,0,-1
2021430582825,2021,430582825,1,9,0,18,19,4,8,0,0,0,0,0,0,0,4,1,6,6,1,-1,-1,-1,-1,-1,-1,-1,-1,0,-1
2021010315760,2021,010315760,2,1,0,18,19,3,7,0,0,0,0,0,0,0,2,1,1,1,1,19,4,-1,-1,-1,-1,2,E01003497,0,-1
2021461072752,2021,461072752,2,1,0,10,10,3,7,0,0,0,0,0,0,0,1,1,2,2,1,16,4,-1,-1,-1,-1,3,E01024309,0,-1
2021430552213,2021,430552213,1,9,0,18,19,6,2,0,0,0,0,0,0,0,1,1,6,6,3,-1,-1,-1,-1,-1,-1,-1,-1,0,-1
2021522102936,2021,522102936,1,9,0,18,19,3,7,0,0,8,0,0,0,0,1,1,6,6,3,30,6,-1,-1,-1,-1,-1,-1,0,-1
2021440286981,2021,440286981,1,1,0,18,19,7,3,0,0,6,0,0,0,0,3,1,2,2,1,18,4,-1,-1,-1,-1,9,E01023263,0,-1
2021451034723,2021,451034723,1,1,0,18,19,1,1,0,0,0,0,0,0,0,4,1,5,6,1,58,9,-1,-1,-1,-1,10,E01030542,0,-1
2021311038539,2021,311038539,1,1,0,16,19,3,7,0,0,0,0,0,0,0,0,1,6,6,1,40,7,-1,-1,-1,-1,-1,-1,0,-1
202163C099021,2021,63C099021,2,9,0,18,19,4,8,0,0,8,0,0,0,0,4,1,6,6,1,22,5,-1,-1,-1,-1,6,W01000595,0,-1
2021440197342,2021,440197342,2,5,0,13,13,7,3,0,0,8,0,0,0,0,1,1,2,2,1,30,6,-1,-1,-1,-1,3,E01017191,0,-1
2021501114008,2021,501114008,2,1,-1,18,19,7,3,0,0,0,0,0,0,0,1,1,6,6,1,12,3,-1,-1,-1,-1,4,E01020247,0,-1
2021131098642,2021,131098642,1,9,0,-1,-1,1,5,0,0,0,-1,-1,-1,-1,-1,1,6,6,3,-1,-1,-1,-1,-1,-1,-1,-1,0,-1
2021010339934,2021,010339934,2,23,0,18,19,7,3,0,0,1,0,0,0,0,1,1,6,6,1,24,5,-1,-1,-1,-1,3,E01002047,0,-1
2021440313172,2021,440313172,2,1,0,18,19,5,1,0,0,8,0,0,0,0,4,1,1,1,1,21,5,-1,-1,-1,-1,3,E01017194,0,-1
2021320011789,2021,320011789,1,9,0,18,19,2,6,0,0,0,0,0,7,3,1,1,2,2,2,26,6,-1,-1,-1,-1,7,E01026051,0,-1
2021610013121,2021,610013121,2,2,0,18,19,3,7,0,0,1,0,0,0,0,4,1,6,6,1,30,6,-1,-1,-1,-1,-1,-1,0,-1
2021451042715,2021,451042715,2,9,0,16,19,3,7,0,0,0,0,0,0,0,1,1,6,6,3,35,6,-1,-1,-1,-1,-1,-1,0,-1
2021351098197,2021,351098197,1,9,0,9,9,7,4,0,0,5,0,0,0,0,3,1,6,6,1,35,6,-1,-1,-1,-1,-1,-1,0,-1
2021440344125,2021,440344125,1,1,0,7,7,1,7,0,0,1,0,0,0,0,2,1,2,2,1,33,6,-1,-1,-1,-1,8,E01031988,0,-1
2021411107802,2021,411107802,1,9,0,18,19,2,6,0,0,0,0,0,0,0,1,1,6,6,3,-1,-1,-1,-1,-1,-1,-1,-1,0,-1
2021411115453,2021,411115453,2,9,0,5,5,6,2,0,0,4,0,0,0,0,4,1,5,6,2,20,4,-1,-1,-1,-1,9,E01023833,0,-1
2021131086449,2021,131086449,2,1,0,18,19,8,4,0,0,8,5,0,0,0,3,1,6,6,1,20,4,-1,-1,-1,-1,3,E01011379,0,-1
2021471062504,2021,471062504,1,9,0,1,1,8,4,0,0,0,0,0,0,0,2,1,6,6,1,38,7,-1,-1,-1,-1,3,E01016919,0,-1
2021010331179,2021,010331179,2,19,0,18,19,7,3,0,0,8,0,0,0,0,1,1,6,6,3,-1,-1,-1,-1,-1,-1,-1,-1,0,-1
2021421037958,2021,421037958,3,9,0,18,19,7,3,0,0,0,0,0,0,0,2,1,1,1,1,40,7,-1,-1,-1,-1,7,E01023504,0,-1
2021010324875,2021,010324875,2,1,0,18,19,3,7,0,0,8,0,0,1,0,1,1,6,6,1,46,8,-1,-1,-1,-1,2,E01003302,0,-1
2021010315879,2021,010315879,1,9,0,5,5,3,7,0,0,3,0,0,0,0,1,1,6,6,3,-1,-1,-1,-1,-1,-1,-1,-1,0,-1
2021549300221,2021,549300221,1,1,0,18,19,7,3,0,0,1,0,0,0,0,9,1,6,6,2,21,5,-1,-1,-1,-1,3,E01015477,0,-1
2021461059483,2021,461059483,2,1,0,7,7,3,7,0,0,8,0,0,0,0,2,1,1,1,1,43,7,-1,-1,-1,-1,7,E01024691,0,-1
2021351054717,2021,351054717,1,9,0,9,9,4,2,0,0,6,0,0,0,0,4,1,6,6,3,-1,-1,-1,-1,-1,-1,-1,-1,0,-1
2021052100074,2021,052100074,2,9,0,3,3,7,3,0,0,1,0,0,0,0,2,1,6,6,2,54,8,-1,-1,-1,-1,1,E01007008,0,-1
2021991054157,2021,991054157,1,9,0,18,19,8,4,0,0,0,0,0,0,0,1,1,6,6,3,30,6,-1,-1,-1,-1,-1,-1,0,-1
2021461084544,2021,461084544,1,22,0,9,9,1,5,9,9,1,0,0,0,0,1,1,6,6,1,-1,-1,-1,-1,-1,-1,-1,-1,0,-1
2021201041673,2021,201041673,1,11,0,13,13,8,4,0,0,0,0,0,0,0,0,1,1,1,3,-1,-1,-1,-1,-1,-1,-1,-1,0,-1
2021010297877,2021,010297877,2,1,0,18,19,5,1,0,0,0,0,11,0,0,3,1,6,6,2,34,6,-1,-1,-1,-1,7,E01000347,0,-1
2021010319722,2021,010319722,1,1,9,18,19,5,1,4,4,8,5,0,0,99,3,1,2,2,2,47,8,-1,-1,-1,-1,5,E01004560,0,-1
2021070721825,2021,070721825,2,1,0,18,19,5,1,0,0,0,0,0,0,0,1,1,6,6,1,7,2,-1,-1,-1,-1,1,E01012508,0,-1
2021010323452,2021,010323452,1,-1,0,15,15,1,5,0,0,0,0,0,1,0,1,1,2,2,1,21,5,-1,-1,-1,-1,4,E01003029,1,-1
2021111037563,2021,111037563,2,1,0,18,19,3,7,0,0,0,0,0,0,0,3,1,6,6,1,50,8,-1,-1,-1,-1,5,E01020904,0,-1
2021161031755,2021,161031755,2,1,0,18,19,7,3,0,0,1,0,0,0,0,1,1,6,6,1,14,3,-1,-1,-1,-1,1,E01013208,0,-1
2021440384080,2021,440384080,1,9,0,18,19,1,5,0,0,0,0,0,0,0,4,1,6,6,1,-1,-1,-1,-1,-1,-1,-1,-1,0,-1
2021010290909,2021,010290909,1,9,0,18,19,1,5,8,6,0,1,10,1,3,1,1,6,6,1,55,8,-1,-1,-1,-1,-1,-1,0,-1
2021010315327,2021,010315327,2,1,0,18,19,5,1,0,0,8,0,0,0,0,1,1,2,2,1,37,7,-1,-1,-1,-1,4,E01003282,0,-1
2021010292727,2021,010292727,2,1,0,11,11,1,5,0,0,8,2,0,0,0,4,1,2,2,1,52,8,-1,-1,-1,-1,2,E01001633,0,-1
2021440345393,2021,440345393,1,1,0,18,19,1,5,0,0,0,0,0,0,0,0,1,6,6,1,15,3,-1,-1,-1,-1,4,E01022841,0,-1
2021430315156,2021,430315156,2,1,0,8,8,5,1,0,0,0,0,0,0,0,3,1,4,7,1,12,3,-1,-1,-1,-1,-1,-1,0,-1
2021070405775,2021,070405775,2,1,0,18,19,1,5,0,0,1,0,0,0,0,2,1,6,6,1,22,5,-1,-1,-1,-1,2,E01012384,0,-1
2021061033676,2021,061033676,2,1,0,18,19,5,1,0,0,8,2,0,0,0,1,1,5,6,2,43,7,-1,-1,-1,-1,-1,-1,0,-1
2021552100386,2021,552100386,2,21,1,9,9,5,3,0,0,3,0,0,0,0,3,2,1,1,1,73,10,-1,-1,-1,-1,-1,-1,0,-1
2021010320328,2021,010320328,2,-1,9,99,99,9,9,99,99,9,9,99,9,99,9,9,6,6,1,-1,-1,-1,-1,-1,-1,-1,-1,1,-1
2021332100985,2021,332100985,1,9,0,18,19,5,1,0,0,0,0,0,0,0,1,1,6,6,1,25,5,-1,-1,-1,-1,10,E01026812,0,-1
2021610003621,2021,610003621,1,9,0,6,6,5,5,0,0,0,0,0,0,0,1,1,2,2,1,35,6,-1,-1,-1,-1,-1,-1,0,-1
2021522201557,2021,522201557,2,9,0,18,19,6,2,0,0,0,0,0,0,0,1,1,6,6,1,65,9,-1,-1,-1,-1,7,E01014839,0,-1
2021010317416,2021,010317416,1,1,9,99,99,9,9,99,99,9,9,99,9,99,1,1,2,2,1,26,6,-1,-1,-1,-1,9,E01004555,0,-1
2021201047653,2021,201047653,1,90,0,18,19,-1,-1,0,0,0,0,0,0,0,4,1,6,6,1,-1,-1,-1,-1,-1,-1,-1,-1,0,-1
2021010300331,2021,010300331,2,1,0,3,3,3,7,0,0,2,0,0,0,0,1,1,6,6,2,26,6,-1,-1,-1,-1,8,E01003807,0,-1
2021010343381,2021,010343381,2,9,0,99,99,9,9,99,99,0,9,99,9,99,1,9,6,6,3,-1,-1,-1,-1,-1,-1,-1,-1,0,-1
2021201104454,2021,201104454,1,1,0,18,19,7,3,9,9,0,5,0,0,0,1,1,6,6,1,18,4,-1,-1,-1,-1,8,E01010565,0,-1
2021010289542,2021,010289542,1,9,0,7,7,3,5,0,0,5,0,0,0,0,4,1,6,6,3,-1,-1,-1,-1,-1,-1,-1,-1,0,-1
2021471025464,2021,471025464,2,1,0,18,19,7,3,0,0,0,0,0,1,0,3,1,5,6,1,46,8,-1,-1,-1,-1,4,E01016855,0,-1
2021481141678,2021,481141678,1,-1,0,18,19,7,3,5,5,0,0,0,0,0,1,1,2,2,1,33,6,-1,-1,-1,-1,4,E01004254,1,-1
2021010345272,2021,010345272,2,1,9,99,99,9,9,99,99,0,9,99,9,99,1,1,6,6,2,-1,-1,-1,-1,-1,-1,-1,-1,0,-1
202163C018821,2021,63C018821,2,9,0,4,4,8,3,0,0,1,0,0,0,0,2,1,6,6,1,23,5,-1,-1,-1,-1,10,W01001006,0,-1
2021131109345,2021,131109345,2,1,0,18,19,8,4,0,0,1,0,0,0,0,1,1,5,6,1,31,6,-1,-1,-1,-1,7,E01011042,0,-1
2021010328156,2021,010328156,2,1,0,18,19,5,1,4,4,2,0,0,0,0,2,1,6,6,1,55,8,-1,-1,-1,-1,4,E01003043,0,-1
2021010301858,2021,010301858,1,19,0,17,19,6,3,0,0,1,0,0,0,0,1,1,2,2,1,73,10,-1,-1,-1,-1,5,E01003140,0,-1
2021471066235,2021,471066235,5,9,0,9,9,6,4,0,0,5,0,0,0,0,0,1,6,6,1,52,8,-1,-1,-1,-1,9,E01021203,0,-1
2021430465859,2021,430465859,2,9,0,4,4,5,1,0,0,0,0,0,0,0,2,1,1,1,1,31,6,-1,-1,-1,-1,8,E01012581,0,-1
2021991126699,2021,991126699,2,1,0,18,19,5,1,0,0,0,0,0,0,0,3,1,6,6,1,30,6,-1,-1,-1,-1,10,-1,0,-1
2021440120724,2021,440120724,1,1,0,18,19,2,6,0,0,8,0,0,0,0,1,1,6,6,1,30,6,-1,-1,-1,-1,9,E01022837,0,-1
2021461101465,2021,461101465,1,9,0,10,10,6,5,0,0,0,0,0,0,0,1,1,1,1,2,44,7,-1,-1,-1,-1,5,E01002488,0,-1
2021010312458,2021,010312458,1,9,0,18,19,5,1,0,0,7,0,0,0,0,1,1,6,6,3,-1,-1,-1,-1,-1,-1,-1,-1,0,-1
2021332100717,2021,332100717,2,9,0,18,19,7,3,0,0,0,0,0,0,0,1,1,6,6,3,-1,-1,-1,-1,-1,-1,-1,-1,0,-1
2021010347740,2021,010347740,1,1,9,99,99,9,9,99,99,9,9,99,9,99,1,1,2,2,3,29,6,-1,-1,-1,-1,1,E01004382,0,-1
202106F079896,2021,06F079896,2,9,0,18,19,2,6,0,0,1,0,0,0,0,1,1,6,6,3,30,6,-1,-1,-1,-1,-1,-1,0,-1
2021201089824,2021,201089824,2,1,0,18,19,2,6,0,0,8,0,0,0,0,1,1,6,6,1,35,6,-1,-1,-1,-1,5,E01008954,0,-1
202131C114821,2021,31C114821,1,9,0,18,19,2,6,0,0,0,0,0,0,0,1,1,6,6,3,-1,-1,-1,-1,-1,-1,-1,-1,0,-1