collision_index,collision_year,collision_ref_no,vehicle_reference,vehicle_type,towing_and_articulation,vehicle_manoeuvre_historic,vehicle_manoeuvre,vehicle_direction_from,vehicle_direction_to,vehicle_location_restricted_lane_historic,vehicle_location_restricted_lane,junction_location,skidding_and_overturning,hit_object_in_carriageway,vehicle_leaving_carriageway,hit_object_off_carriageway,first_point_of_impact,vehicle_left_hand_drive,journey_purpose_of_driver_historic,journey_purpose_of_driver,sex_of_driver,age_of_driver,age_band_of_driver,engine_capacity_cc,propulsion_code,age_of_vehicle,generic_make_model,driver_imd_decile,lsoa_of_driver,escooter_flag,driver_distance_banding
2021052101201,2021,052101201,1,8,0,99,99,9,9,0,0,0,0,0,0,0,9,1,6,6,3,-1,-1,-1,-1,-1,-1,-1,-1,0,-1
2021010294090,2021,010294090,2,21,0,18,19,3,7,0,0,8,0,0,0,0,3,1,6,6,3,-1,-1,-1,-1,-1,-1,-1,-1,0,-1
2021061076467,2021,061076467,1,2,0,18,19,1,5,0,0,0,0,0,0,0,1,1,5,6,3,30,6,-1,-1,-1,-1,-1,-1,0,-1
202160Z115777,2021,60Z115777,2,9,0,4,4,8,4,0,0,0,0,0,0,0,2,1,6,6,1,55,8,-1,-1,-1,-1,-1,-1,0,-1
2021131101984,2021,131101984,1,9,0,18,19,5,1,0,0,1,1,0,0,0,1,2,6,6,1,25,5,-1,-1,-1,-1,1,E01011347,0,-1
2021061085638,2021,061085638,1,9,0,1,1,1,1,0,0,0,0,0,0,0,2,1,6,6,1,57,9,-1,-1,-1,-1,8,E01005768,0,-1
2021201058822,2021,201058822,1,97,0,18,19,8,4,0,0,1,0,0,0,0,2,1,6,6,3,-1,-1,-1,-1,-1,-1,-1,-1,0,-1
2021010345975,2021,010345975,2,21,1,18,19,7,3,0,0,2,0,0,0,0,3,2,1,1,1,28,6,-1,-1,-1,-1,-1,-1,0,-1
2021041062502,2021,041062502,2,1,0,18,19,3,5,0,0,1,0,0,0,0,1,1,6,6,1,27,6,-1,-1,-1,-1,6,E01006042,0,-1
2021332100707,2021,332100707,2,9,0,18,19,8,4,0,0,8,0,0,0,0,1,1,6,6,2,48,8,-1,-1,-1,-1,8,E01028353,0,-1
2021041064319,2021,041064319,2,1,0,18,19,5,7,0,0,1,0,0,0,0,1,1,6,6,1,32,6,-1,-1,-1,-1,3,E01012658,0,-1
2021610039121,2021,610039121,1,9,0,18,19,7,3,0,0,0,0,0,0,0,1,1,6,6,1,24,5,-1,-1,-1,-1,-1,-1,0,-1
2021552100480,2021,552100480,2,1,0,18,19,8,4,0,0,8,0,0,0,0,1,1,6,6,1,32,6,-1,-1,-1,-1,6,E01015454,0,-1
2021010287767,2021,010287767,2,9,0,99,99,9,9,99,99,9,9,99,9,99,1,9,6,6,3,-1,-1,-1,-1,-1,-1,-1,-1,0,-1
2021430193835,2021,430193835,2,9,0,18,19,2,6,0,0,8,1,10,1,1,3,1,6,6,2,32,6,-1,-1,-1,-1,10,E01032759,0,-1
2021302100233,2021,302100233,2,9,0,18,19,4,8,9,9,2,0,0,0,0,4,1,6,6,3,-1,-1,-1,-1,-1,-1,5,E01019456,0,-1
2021010339309,2021,010339309,2,1,0,18,19,1,5,9,9,1,1,0,0,0,1,1,6,6,1,13,3,-1,-1,-1,-1,3,E01024154,0,-1
2021471117431,2021,471117431,1,9,0,18,19,8,4,0,0,1,0,0,0,0,1,1,6,6,3,-1,-1,-1,-1,-1,-1,-1,-1,0,-1
2021010333471,2021,010333471,2,23,0,18,19,1,5,0,0,8,0,0,0,0,1,1,1,1,1,33,6,-1,-1,-1,-1,2,E01000934,0,-1
2021161107016,2021,161107016,1,9,0,18,19,1,5,0,0,1,0,0,0,0,1,1,6,6,3,-1,-1,-1,-1,-1,-1,-1,-1,0,-1
2021332100929,2021,332100929,1,98,0,4,4,6,2,0,0,0,0,0,0,0,0,1,6,6,3,-1,-1,-1,-1,-1,-1,-1,-1,0,-1
2021141063214,2021,141063214,2,9,0,4,4,7,3,0,0,0,1,0,0,0,1,1,1,1,1,54,8,-1,-1,-1,-1,-1,-1,0,-1
202131C167421,2021,31C167421,2,1,0,18,19,1,5,0,0,8,0,0,0,0,1,1,6,6,2,25,5,-1,-1,-1,-1,5,E01013938,0,-1
2021991062893,2021,991062893,1,1,0,18,19,2,6,0,0,0,2,0,0,0,3,1,5,6,2,65,9,-1,-1,-1,-1,6,-1,0,-1
2021010322108,2021,010322108,1,1,0,18,19,5,1,0,0,8,0,0,0,0,1,1,6,6,1,65,9,-1,-1,-1,-1,9,E01030394,0,-1
2021010297451,2021,010297451,1,2,0,14,14,6,2,0,0,2,0,0,0,0,1,1,6,6,3,-1,-1,-1,-1,-1,-1,-1,-1,0,-1
2021122100358,2021,122100358,2,19,0,18,19,5,1,0,0,1,0,0,0,0,1,1,2,2,1,30,6,-1,-1,-1,-1,4,E01027910,0,-1
2021010328598,2021,010328598,2,1,0,3,3,3,7,0,0,1,0,0,0,0,1,1,6,6,1,30,6,-1,-1,-1,-1,4,E01004611,0,-1
2021170M11871,2021,170M11871,1,1,0,18,19,5,1,0,0,1,0,0,0,0,1,1,6,6,1,9,2,-1,-1,-1,-1,1,E01012021,0,-1
2021122101373,2021,122101373,2,1,0,18,19,1,5,4,4,1,0,0,0,0,1,1,1,1,1,18,4,-1,-1,-1,-1,7,E01013428,0,-1
2021221065901,2021,221065901,2,1,0,12,12,2,6,0,0,0,0,0,0,0,1,1,5,6,1,50,8,-1,-1,-1,-1,5,E01028989,0,-1
2021211151002,2021,211151002,1,9,0,9,9,1,7,0,0,8,0,0,0,0,0,1,6,6,1,-1,-1,-1,-1,-1,-1,-1,-1,0,-1
2021332100215,2021,332100215,1,9,0,17,19,1,4,0,0,0,2,0,0,0,4,1,6,6,1,19,4,-1,-1,-1,-1,8,E01025871,0,-1
2021070303719,2021,070303719,2,9,0,5,5,7,3,0,0,0,0,0,0,0,1,1,6,6,1,-1,-1,-1,-1,-1,-1,-1,-1,0,-1
2021010334405,2021,010334405,1,1,9,99,99,9,9,99,99,9,9,99,9,99,9,1,1,1,1,45,7,-1,-1,-1,-1,4,E01003186,0,-1
2021041052565,2021,041052565,1,9,0,4,4,5,1,0,0,0,0,0,0,0,1,1,5,6,1,28,6,-1,-1,-1,-1,9,E01025538,0,-1
2021461030570,2021,461030570,1,9,0,7,7,1,5,0,0,1,0,0,0,0,1,1,6,6,3,-1,-1,-1,-1,-1,-1,-1,-1,0,-1
2021010339970,2021,010339970,1,1,9,99,99,9,9,99,99,9,9,99,9,99,9,1,2,2,1,36,7,-1,-1,-1,-1,6,E01000914,0,-1
2021010333139,2021,010333139,1,1,0,14,14,8,4,0,0,1,0,0,0,0,0,1,2,2,1,30,6,-1,-1,-1,-1,10,E01023851,0,-1
2021010325723,2021,010325723,1,1,0,18,19,7,3,0,0,1,0,0,0,0,2,1,6,6,2,55,8,-1,-1,-1,-1,9,E01004604,0,-1
2021201089362,2021,201089362,2,9,0,2,2,0,0,9,9,2,0,0,0,0,3,1,6,6,3,-1,-1,-1,-1,-1,-1,-1,-1,0,-1
2021501127501,2021,501127501,3,9,0,2,2,0,0,0,0,0,0,0,0,0,2,1,5,6,3,-1,-1,-1,-1,-1,-1,-1,-1,0,-1
2021332101544,2021,332101544,1,9,0,18,19,7,3,0,0,0,0,0,0,0,2,1,6,6,1,62,9,-1,-1,-1,-1,-1,-1,0,-1
2021430576963,2021,430576963,2,9,0,18,19,3,7,0,0,8,0,0,0,0,4,1,6,6,2,34,6,-1,-1,-1,-1,-1,-1,0,-1
2021430161180,2021,430161180,2,1,0,18,19,6,2,0,0,8,0,0,0,0,3,1,6,6,1,33,6,-1,-1,-1,-1,10,E01016621,0,-1
2021101083442,2021,101083442,1,97,0,18,19,5,1,0,0,2,0,0,0,0,4,1,5,6,1,18,4,-1,-1,-1,-1,-1,-1,0,-1
2021010343049,2021,010343049,1,1,9,99,99,9,9,99,99,9,9,99,9,99,9,1,2,2,1,33,6,-1,-1,-1,-1,4,E01003211,0,-1
202160Z179941,2021,60Z179941,1,9,0,9,9,6,4,0,0,1,0,0,0,0,2,1,6,6,1,65,9,-1,-1,-1,-1,-1,-1,0,-1
2021430286367,2021,430286367,1,19,0,6,6,4,4,0,0,0,0,0,0,0,3,1,1,1,1,30,6,-1,-1,-1,-1,6,E01002525,0,-1
2021010320308,2021,010320308,1,1,9,99,99,9,9,99,99,0,9,99,9,99,9,1,6,6,1,24,5,-1,-1,-1,-1,-1,-1,0,-1
2021052102625,2021,052102625,2,1,0,18,19,2,6,0,0,0,0,0,0,0,2,1,6,6,1,33,6,-1,-1,-1,-1,1,E01006563,0,-1
2021991074725,2021,991074725,2,1,0,18,19,5,7,0,0,1,0,0,0,0,3,1,2,2,1,45,7,-1,-1,-1,-1,4,-1,0,-1
2021141011324,2021,141011324,1,9,0,18,19,6,2,0,0,0,0,0,1,4,1,1,5,6,1,75,10,-1,-1,-1,-1,1,E01008102,0,-1
2021421075395,2021,421075395,1,9,0,7,7,3,5,0,0,2,0,0,0,0,1,1,6,6,3,-1,-1,-1,-1,-1,-1,-1,-1,0,-1
2021991024299,2021,991024299,1,1,0,16,19,7,3,5,5,8,0,0,0,0,1,1,5,6,1,49,8,-1,-1,-1,-1,7,-1,0,-1
2021010322827,2021,010322827,1,1,9,99,99,9,9,99,99,9,9,99,9,99,9,1,6,6,2,46,8,-1,-1,-1,-1,10,E01032624,0,-1
2021201107663,2021,201107663,1,11,0,18,19,-1,-1,0,0,0,0,0,0,0,3,1,6,6,3,-1,-1,-1,-1,-1,-1,-1,-1,0,-1
2021201085337,2021,201085337,2,1,0,18,19,8,4,0,0,3,0,0,0,0,3,1,6,6,1,54,8,-1,-1,-1,-1,5,E01009246,0,-1
2021401062750,2021,401062750,2,19,0,18,19,5,1,0,0,0,0,0,0,0,2,1,1,1,1,49,8,-1,-1,-1,-1,10,E01017866,0,-1
20211383T1465,2021,1383T1465,2,1,0,18,19,4,8,0,0,8,0,0,0,0,3,1,6,6,1,51,8,-1,-1,-1,-1,8,E01010767,0,-1
2021461116534,2021,461116534,1,9,-1,18,19,3,7,0,0,0,0,0,0,0,0,1,6,6,3,-1,-1,-1,-1,-1,-1,-1,-1,0,-1
2021122100299,2021,122100299,2,1,0,18,19,6,2,0,0,1,0,0,0,0,1,1,6,6,2,46,8,-1,-1,-1,-1,6,E01027878,0,-1
2021061127248,2021,061127248,1,1,0,18,19,3,7,4,4,8,0,0,0,0,1,1,2,2,2,36,7,-1,-1,-1,-1,5,E01006184,0,-1
2021010322577,2021,010322577,1,1,0,4,4,7,3,0,0,3,0,0,0,0,1,1,6,6,1,41,7,-1,-1,-1,-1,4,E01001297,0,-1
2021302101128,2021,302101128,1,3,0,7,7,4,6,0,0,2,0,0,0,0,1,1,6,6,1,18,4,-1,-1,-1,-1,10,E01019702,0,-1
2021461067430,2021,461067430,2,1,0,18,19,7,1,0,0,0,0,0,0,0,3,1,6,6,1,71,10,-1,-1,-1,-1,8,E01016028,0,-1
2021010293720,2021,010293720,2,-1,0,18,19,7,3,0,0,5,0,0,0,0,2,1,6,6,1,36,7,-1,-1,-1,-1,-1,-1,1,-1
2021991111716,2021,991111716,1,9,0,1,1,3,7,0,0,1,0,0,0,0,2,1,6,6,1,30,6,-1,-1,-1,-1,-1,-1,0,-1
2021010297763,2021,010297763,2,1,0,18,19,1,5,0,0,0,0,0,0,0,3,1,6,6,1,17,4,-1,-1,-1,-1,4,E01004465,0,-1
20211382P0787,2021,1382P0787,1,1,0,18,19,3,7,0,0,1,0,0,0,0,4,1,6,6,1,35,6,-1,-1,-1,-1,9,E01011641,0,-1
2021201114630,2021,201114630,2,1,0,14,14,8,4,0,0,0,0,0,0,0,1,1,1,1,1,19,4,-1,-1,-1,-1,1,E01009197,0,-1
2021471091887,2021,471091887,2,1,0,18,19,1,5,0,0,0,0,0,0,0,2,1,5,6,1,44,7,-1,-1,-1,-1,6,E01031579,0,-1
2021061107686,2021,061107686,1,9,0,18,19,7,3,0,0,0,0,0,0,0,0,1,6,6,3,-1,-1,-1,-1,-1,-1,-1,-1,0,-1
2021070680340,2021,070680340,1,21,1,18,19,4,7,0,0,1,0,0,0,0,1,2,1,1,1,33,6,-1,-1,-1,-1,-1,-1,0,-1
2021010294671,2021,010294671,2,1,0,18,19,7,3,0,0,1,0,0,0,0,3,1,6,6,1,49,8,-1,-1,-1,-1,4,E01003702,0,-1
2021522200111,2021,522200111,2,9,0,18,19,5,1,0,0,8,0,0,0,0,1,1,6,6,1,40,7,-1,-1,-1,-1,3,E01014687,0,-1
2021610022421,2021,610022421,1,9,0,18,19,5,1,0,0,1,0,0,0,0,3,1,2,2,2,52,8,-1,-1,-1,-1,-1,-1,0,-1
2021041117373,2021,041117373,2,1,0,18,19,5,1,0,0,1,0,0,0,0,4,1,6,6,2,35,6,-1,-1,-1,-1,3,E01025291,0,-1
2021332100581,2021,332100581,1,9,0,18,19,2,6,0,0,2,0,0,0,0,2,1,6,6,1,35,6,-1,-1,-1,-1,1,E01013619,0,-1
202134NNC0031,2021,34NNC0031,1,19,0,18,19,5,1,0,0,8,0,0,0,0,1,1,1,1,1,61,9,-1,-1,-1,-1,2,E01026966,0,-1
202160Z076331,2021,60Z076331,1,1,0,4,4,3,7,0,0,0,1,0,0,0,1,1,6,6,1,46,8,-1,-1,-1,-1,-1,-1,0,-1
2021361053853,2021,361053853,1,9,0,17,19,1,5,0,0,0,0,0,0,0,1,1,5,6,1,18,4,-1,-1,-1,-1,4,E01026609,0,-1
2021010342617,2021,010342617,1,1,9,99,99,9,9,99,99,0,9,99,9,99,1,1,2,2,1,37,7,-1,-1,-1,-1,2,E01001603,0,-1
2021440126569,2021,440126569,1,1,0,18,19,4,8,0,0,2,0,0,0,0,3,1,6,6,2,8,2,-1,-1,-1,-1,4,E01017192,0,-1
2021302101182,2021,302101182,1,21,0,9,9,2,8,0,0,1,0,0,0,0,1,2,1,1,1,44,7,-1,-1,-1,-1,-1,-1,0,-1
2021461024008,2021,461024008,1,9,0,18,19,1,5,0,0,0,0,0,0,0,1,1,6,6,3,-1,-1,-1,-1,-1,-1,-1,-1,0,-1
2021430478536,2021,430478536,1,1,0,14,14,6,2,0,0,1,0,10,7,0,3,1,6,6,1,89,11,-1,-1,-1,-1,4,E01032732,0,-1
2021041064600,2021,041064600,1,98,0,-1,-1,-1,-1,0,0,0,0,0,0,0,1,1,6,6,3,-1,-1,-1,-1,-1,-1,-1,-1,0,-1
2021451056998,2021,451056998,1,1,0,18,19,3,7,9,9,0,5,0,0,0,0,1,5,6,2,20,4,-1,-1,-1,-1,9,E01030470,0,-1
202131D115121,2021,31D115121,1,1,0,18,19,6,2,0,0,8,0,0,0,0,1,1,6,6,1,17,4,-1,-1,-1,-1,2,E01013957,0,-1
2021010316924,2021,010316924,1,9,0,99,99,9,9,0,0,0,0,99,0,0,1,9,6,6,3,-1,-1,-1,-1,-1,-1,-1,-1,0,-1
2021440219063,2021,440219063,1,9,0,18,19,2,6,0,0,1,0,0,0,0,1,1,6,6,2,26,6,-1,-1,-1,-1,9,E01031489,0,-1
2021010306356,2021,010306356,2,1,0,18,19,3,7,0,0,1,0,0,0,0,1,1,6,6,1,59,9,-1,-1,-1,-1,3,E01001807,0,-1
2021010287923,2021,010287923,3,9,0,18,19,7,3,0,0,1,0,0,0,0,2,1,6,6,1,64,9,-1,-1,-1,-1,6,E01016268,0,-1
2021101086710,2021,101086710,1,9,-1,-1,-1,-1,-1,-1,-1,-1,-1,-1,-1,0,-1,1,6,6,3,-1,-1,-1,-1,-1,-1,-1,-1,0,-1
2021170S12031,2021,170S12031,2,1,0,18,19,2,6,0,0,8,0,0,0,0,3,1,6,6,2,13,3,-1,-1,-1,-1,1,E01033477,0,-1
2021061081545,2021,061081545,2,1,0,18,19,1,1,0,0,0,0,0,0,0,1,1,6,6,1,9,2,-1,-1,-1,-1,1,E01005349,0,-1
2021101029536,2021,101029536,1,9,0,6,6,3,1,0,0,0,0,0,0,0,2,1,6,6,1,-1,-1,-1,-1,-1,-1,-1,-1,0,-1
202134WNC1571,2021,34WNC1571,2,5,0,18,19,6,2,0,0,0,0,0,0,0,1,1,6,6,2,52,8,-1,-1,-1,-1,8,E01027261,0,-1
2021010300934,2021,010300934,2,3,0,7,7,5,8,0,0,5,0,0,0,0,3,1,1,1,1,26,6,-1,-1,-1,-1,2,E01001332,0,-1
2021430443172,2021,430443172,1,9,0,9,9,5,3,0,0,8,0,0,0,0,1,1,6,6,2,64,9,-1,-1,-1,-1,7,E01028544,0,-1
2021332101538,2021,332101538,1,9,0,18,19,7,3,0,0,0,0,0,0,0,1,1,6,6,2,37,7,-1,-1,-1,-1,-1,-1,0,-1
2021461017400,2021,461017400,2,1,0,18,19,5,1,0,0,1,0,0,0,0,1,1,6,6,1,26,6,-1,-1,-1,-1,5,E01016116,0,-1
2021070302945,2021,070302945,1,9,0,18,19,3,7,0,0,1,0,0,0,0,1,1,6,6,3,-1,-1,-1,-1,-1,-1,-1,-1,0,-1
2021010306687,2021,010306687,2,9,0,99,99,9,9,99,99,9,9,99,9,99,1,9,6,6,3,-1,-1,-1,-1,-1,-1,-1,-1,0,-1
2021231107830,2021,231107830,1,1,0,18,19,1,5,0,0,0,0,0,0,0,1,1,5,6,2,11,3,-1,-1,-1,-1,5,E01031141,0,-1
2021332100470,2021,332100470,1,9,0,18,19,3,7,0,0,0,0,0,0,0,4,1,6,6,2,33,6,-1,-1,-1,-1,8,E01025990,0,-1
2021041073277,2021,041073277,1,-1,0,5,5,1,5,9,9,0,0,0,0,0,1,1,2,2,1,50,8,-1,-1,-1,-1,1,E01012671,1,-1
2021231072773,2021,231072773,1,9,0,1,1,5,1,0,0,2,0,0,0,0,2,1,6,6,2,34,6,-1,-1,-1,-1,-1,-1,0,-1
2021430479044,2021,430479044,2,9,0,18,19,1,5,0,0,3,0,0,0,0,4,1,6,6,3,-1,-1,-1,-1,-1,-1,-1,-1,0,-1
2021010310977,2021,010310977,1,19,9,99,99,9,9,99,99,9,9,99,9,99,1,9,6,6,1,55,8,-1,-1,-1,-1,1,E01004040,0,-1
2021332100483,2021,332100483,1,9,0,6,6,8,8,8,6,0,1,0,1,4,3,1,3,7,2,-1,-1,-1,-1,-1,-1,8,E01025792,0,-1
2021991109658,2021,991109658,2,1,0,18,19,5,1,0,0,1,5,0,0,0,4,1,5,6,2,6,2,-1,-1,-1,-1,7,-1,0,-1
2021471013535,2021,471013535,2,9,0,2,2,0,0,0,0,2,0,0,0,0,2,1,6,6,3,-1,-1,-1,-1,-1,-1,-1,-1,0,-1
2021548188221,2021,548188221,1,9,0,18,19,1,5,0,0,0,0,0,0,0,4,1,6,6,1,-1,-1,-1,-1,-1,-1,-1,-1,0,-1
2021351039082,2021,351039082,1,1,0,18,19,5,2,0,0,1,0,0,0,0,3,1,6,6,1,43,7,-1,-1,-1,-1,9,E01017958,0,-1
2021010330216,2021,010330216,1,1,9,99,99,9,9,99,99,9,9,99,9,99,1,1,2,2,1,23,5,-1,-1,-1,-1,9,E01001039,0,-1
20211382F1304,2021,1382F1304,1,9,0,17,19,6,2,0,0,0,0,0,1,11,1,1,6,6,1,55,8,-1,-1,-1,-1,5,E01010633,0,-1
2021010331038,2021,010331038,2,1,0,18,19,5,1,0,0,0,0,0,0,0,3,1,6,6,1,35,6,-1,-1,-1,-1,4,E01032773,0,-1
2021610005021,2021,610005021,2,9,0,4,4,2,6,0,0,4,0,0,0,0,2,1,6,6,2,49,8,-1,-1,-1,-1,-1,-1,0,-1
2021302101414,2021,302101414,2,1,0,18,19,6,2,0,0,0,0,0,1,0,2,1,4,7,1,11,3,-1,-1,-1,-1,5,E01013582,0,-1
2021010329566,2021,010329566,1,1,0,5,5,5,1,4,4,0,0,0,0,0,1,1,6,6,1,39,7,-1,-1,-1,-1,7,E01000909,0,-1
2021101036938,2021,101036938,2,1,-1,18,19,1,7,0,0,0,0,0,0,0,2,1,2,2,1,23,5,-1,-1,-1,-1,4,E01008455,0,-1
2021061097883,2021,061097883,2,1,0,18,19,1,5,0,0,0,0,0,0,0,1,1,6,6,1,52,8,-1,-1,-1,-1,10,E01025353,0,-1
2021430540188,2021,430540188,1,11,0,9,9,3,1,0,0,8,0,0,0,0,4,1,1,1,1,31,6,-1,-1,-1,-1,-1,-1,0,-1
2021610023221,2021,610023221,1,9,0,18,19,2,6,0,0,0,0,12,0,11,1,1,2,2,2,58,9,-1,-1,-1,-1,-1,-1,0,-1
2021010332574,2021,010332574,1,9,0,18,19,3,7,0,0,3,0,0,0,0,1,1,1,1,1,31,6,-1,-1,-1,-1,2,E01001082,0,-1
2021221080716,2021,221080716,2,19,0,2,2,0,0,0,0,1,0,0,0,0,0,1,6,6,3,34,6,-1,-1,-1,-1,-1,-1,0,-1
2021421054821,2021,421054821,1,21,1,4,4,6,2,0,0,0,0,0,0,0,1,1,1,1,1,-1,-1,-1,-1,-1,-1,-1,-1,0,-1
2021010318919,2021,010318919,1,1,9,99,99,9,9,99,99,9,9,99,9,99,1,1,6,6,1,34,6,-1,-1,-1,-1,8,E01003426,0,-1
2021430126431,2021,430126431,2,1,0,9,9,6,3,0,0,1,0,0,1,0,3,1,6,6,2,12,3,-1,-1,-1,-1,6,E01028757,0,-1
2021320413003,2021,320413003,2,9,0,18,19,1,5,0,0,8,0,0,0,0,1,1,6,6,3,-1,-1,-1,-1,-1,-1,-1,-1,0,-1
2021302100156,2021,302100156,2,1,0,18,19,8,4,0,0,0,0,0,0,0,0,1,6,6,2,41,7,-1,-1,-1,-1,7,E01013488,0,-1
2021041038664,2021,041038664,1,-1,0,18,19,3,7,0,0,8,5,0,0,0,1,1,6,6,1,22,5,-1,-1,-1,-1,2,E01025152,1,-1
202131D120621,2021,31D120621,2,1,0,18,19,4,8,0,0,2,0,0,1,0,3,1,6,6,1,48,8,-1,-1,-1,-1,10,E01028373,0,-1
2021401031613,2021,401031613,2,1,0,18,19,7,3,0,0,8,0,0,0,0,4,1,5,6,2,32,6,-1,-1,-1,-1,2,E01017537,0,-1
2021010314295,2021,010314295,1,3,0,14,14,5,1,0,0,1,0,0,0,0,4,1,1,1,1,30,6,-1,-1,-1,-1,4,E01004526,0,-1
2021421039909,2021,421039909,2,1,0,18,19,3,1,0,0,8,0,0,0,0,2,1,5,6,1,47,8,-1,-1,-1,-1,6,E01021886,0,-1
2021010298700,2021,010298700,2,1,0,17,19,6,2,0,0,0,0,0,0,0,1,1,6,6,2,17,4,-1,-1,-1,-1,3,E01004630,0,-1
2021610005721,2021,610005721,1,9,0,18,19,4,8,0,0,0,2,0,1,4,3,1,6,6,1,20,4,-1,-1,-1,-1,-1,-1,0,-1
2021010323106,2021,010323106,1,19,0,17,19,1,5,9,9,0,0,0,1,0,4,1,6,6,1,20,4,-1,-1,-1,-1,5,E01002682,0,-1
2021430298116,2021,430298116,1,9,0,17,19,8,4,0,0,0,0,0,0,0,1,1,1,1,1,36,7,-1,-1,-1,-1,10,E01031250,0,-1
2021010343370,2021,010343370,1,9,0,18,19,1,5,0,0,0,0,8,0,0,1,2,6,6,1,27,6,-1,-1,-1,-1,7,E01022067,0,-1
2021461080226,2021,461080226,2,-1,0,3,3,4,8,0,0,0,0,0,0,0,1,1,5,6,1,-1,-1,-1,-1,-1,-1,7,E01024173,1,-1
2021010342401,2021,010342401,2,1,0,18,19,6,2,0,0,1,0,0,0,0,1,1,2,2,1,46,8,-1,-1,-1,-1,2,E01004238,0,-1
2021041084974,2021,041084974,1,9,0,18,19,-1,-1,0,0,0,0,0,0,0,0,1,6,6,3,-1,-1,-1,-1,-1,-1,-1,-1,0,-1
2021010327633,2021,010327633,1,1,0,18,19,4,8,0,0,1,2,0,0,0,4,1,6,6,1,38,7,-1,-1,-1,-1,3,E01001884,0,-1
2021031136709,2021,031136709,1,9,0,17,19,2,6,0,0,0,2,10,1,11,1,1,1,1,1,32,6,-1,-1,-1,-1,8,-1,0,-1
2021010340145,2021,010340145,2,11,0,99,99,9,9,99,99,9,9,99,9,99,0,9,6,6,3,-1,-1,-1,-1,-1,-1,-1,-1,0,-1
2021461068840,2021,461068840,2,1,0,18,19,5,1,0,0,1,5,0,0,0,4,1,6,6,1,-1,-1,-1,-1,-1,-1,-1,-1,0,-1
2021052101918,2021,052101918,1,9,0,4,4,5,1,0,0,8,0,0,0,0,1,1,6,6,3,-1,-1,-1,-1,-1,-1,-1,-1,0,-1
2021610002121,2021,610002121,1,9,0,18,19,3,7,0,0,0,1,0,1,7,1,1,1,1,1,21,5,-1,-1,-1,-1,-1,-1,0,-1
2021101107256,2021,101107256,2,1,0,18,19,5,1,0,0,0,0,0,0,0,1,1,5,6,1,20,4,-1,-1,-1,-1,1,E01008382,0,-1
2021991041928,2021,991041928,2,1,0,18,19,1,4,0,0,2,0,4,0,0,1,1,6,6,1,48,8,-1,-1,-1,-1,9,-1,0,-1
2021401074225,2021,401074225,1,9,0,-1,-1,4,8,0,0,0,0,0,1,10,4,1,6,6,1,29,6,-1,-1,-1,-1,2,E01017618,0,-1
2021010320749,2021,010320749,2,9,0,99,99,9,9,99,99,9,9,99,9,99,1,9,6,6,3,-1,-1,-1,-1,-1,-1,-1,-1,0,-1
2021170S10141,2021,170S10141,2,9,0,18,19,5,1,0,0,0,0,0,0,0,1,1,6,6,3,-1,-1,-1,-1,-1,-1,-1,-1,0,-1
2021440519166,2021,440519166,1,9,0,1,1,1,5,0,0,0,0,0,0,0,2,1,6,6,3,-1,-1,-1,-1,-1,-1,-1,-1,0,-1
202131C058421,2021,31C058421,1,9,0,1,1,2,6,0,0,0,0,0,0,0,2,1,6,6,1,-1,-1,-1,-1,-1,-1,-1,-1,0,-1
2021010322098,2021,010322098,2,9,9,99,99,9,9,99,99,0,9,99,9,99,9,9,6,6,3,-1,-1,-1,-1,-1,-1,-1,-1,0,-1
2021010338818,2021,010338818,1,1,0,18,19,7,3,0,0,0,0,0,0,0,1,1,1,1,1,50,8,-1,-1,-1,-1,6,E01004749,0,-1
2021332100149,2021,332100149,2,9,0,18,19,4,8,0,0,0,0,0,2,0,3,1,6,6,1,35,6,-1,-1,-1,-1,3,E01013779,0,-1
2021041113909,2021,041113909,2,1,0,18,19,1,7,0,0,3,0,0,0,0,3,1,5,6,2,69,10,-1,-1,-1,-1,9,E01025558,0,-1
2021141031083,2021,141031083,2,9,0,18,19,5,1,0,0,0,0,0,0,0,1,1,6,6,3,-1,-1,-1,-1,-1,-1,-1,-1,0,-1
2021451100047,2021,451100047,2,1,0,16,19,7,3,0,0,8,2,0,0,0,1,1,2,2,1,38,7,-1,-1,-1,-1,-1,-1,0,-1
2021161082292,2021,161082292,2,9,0,18,19,5,1,0,0,0,0,0,0,0,4,1,6,6,1,-1,-1,-1,-1,-1,-1,-1,-1,0,-1
2021052102638,2021,052102638,2,1,0,18,19,3,7,0,0,1,0,0,0,0,3,1,6,6,1,16,4,-1,-1,-1,-1,3,E01007177,0,-1
2021471113856,2021,471113856,1,9,0,18,19,8,1,0,0,8,0,0,0,0,1,1,6,6,1,-1,-1,-1,-1,-1,-1,-1,-1,0,-1
2021332100722,2021,332100722,1,9,0,16,19,1,4,0,0,5,5,0,8,7,1,1,6,6,2,19,4,-1,-1,-1,-1,3,E01027931,0,-1
2021010310814,2021,010310814,1,1,0,99,99,9,9,0,0,0,0,0,0,0,9,1,6,6,1,28,6,-1,-1,-1,-1,6,E01003002,0,-1
2021061070715,2021,061070715,2,9,0,18,19,3,7,0,0,1,0,0,0,0,1,1,6,6,3,30,6,-1,-1,-1,-1,-1,-1,0,-1
2021440469569,2021,440469569,1,9,0,11,11,2,6,0,0,8,0,0,0,0,4,1,1,1,1,30,6,-1,-1,-1,-1,-1,-1,0,-1
2021440498527,2021,440498527,2,9,0,17,19,1,5,0,0,0,0,11,1,0,1,1,1,1,1,60,9,-1,-1,-1,-1,7,E01017050,0,-1
2021302101861,2021,302101861,1,9,0,18,19,4,8,9,9,0,1,0,1,11,1,1,6,6,2,51,8,-1,-1,-1,-1,6,E01019617,0,-1
2021461018255,2021,461018255,1,4,0,17,19,3,7,0,0,0,1,4,0,0,3,1,5,6,1,34,6,-1,-1,-1,-1,-1,-1,0,-1
2021041109402,2021,041109402,1,9,0,18,19,3,7,0,0,1,0,0,0,0,-1,1,6,6,3,-1,-1,-1,-1,-1,-1,-1,-1,0,-1
2021201053860,2021,201053860,2,1,0,18,19,6,2,0,0,0,0,0,0,0,0,1,6,6,1,35,6,-1,-1,-1,-1,6,E01009036,0,-1
2021010331188,2021,010331188,2,9,0,99,99,9,9,99,99,9,9,99,9,99,9,9,6,6,3,-1,-1,-1,-1,-1,-1,-1,-1,0,-1