collision_index,collision_year,collision_ref_no,vehicle_reference,vehicle_type,towing_and_articulation,vehicle_manoeuvre_historic,vehicle_manoeuvre,vehicle_direction_from,vehicle_direction_to,vehicle_location_restricted_lane_historic,vehicle_location_restricted_lane,junction_location,skidding_and_overturning,hit_object_in_carriageway,vehicle_leaving_carriageway,hit_object_off_carriageway,first_point_of_impact,vehicle_left_hand_drive,journey_purpose_of_driver_historic,journey_purpose_of_driver,sex_of_driver,age_of_driver,age_band_of_driver,engine_capacity_cc,propulsion_code,age_of_vehicle,generic_make_model,driver_imd_decile,lsoa_of_driver,escooter_flag,driver_distance_banding
2021052101143,2021,052101143,1,8,0,18,19,1,5,0,0,1,0,0,0,0,1,1,1,1,3,-1,-1,-1,-1,-1,-1,-1,-1,0,-1
2021451074507,2021,451074507,2,9,0,18,19,1,5,0,0,0,0,0,0,0,0,1,6,6,3,40,7,-1,-1,-1,-1,-1,-1,0,-1
2021440201242,2021,440201242,1,1,0,14,14,1,5,0,0,0,0,4,0,0,3,1,6,6,1,69,10,-1,-1,-1,-1,5,E01017084,0,-1
2021031062783,2021,031062783,1,21,-1,-1,-1,5,1,-1,-1,0,-1,-1,-1,0,-1,1,6,6,3,-1,-1,-1,-1,-1,-1,-1,-1,0,-1
2021201125614,2021,201125614,1,9,0,18,19,3,7,0,0,0,0,0,0,0,1,1,6,6,1,-1,-1,-1,-1,-1,-1,-1,-1,0,-1
2021231093893,2021,231093893,2,21,1,18,19,1,6,0,0,8,0,0,0,0,4,1,5,6,3,40,7,-1,-1,-1,-1,-1,-1,0,-1
2021201107274,2021,201107274,1,1,0,9,9,6,5,0,0,5,0,0,0,0,2,1,1,1,1,18,4,-1,-1,-1,-1,4,E01009139,0,-1
2021411014519,2021,411014519,2,9,0,18,19,5,1,0,0,0,0,0,0,0,0,1,6,6,3,-1,-1,-1,-1,-1,-1,-1,-1,0,-1
2021070342360,2021,070342360,2,1,0,13,13,2,6,0,0,1,0,0,0,0,4,1,2,2,1,45,7,-1,-1,-1,-1,3,E01006335,0,-1
2021320235454,2021,320235454,1,19,0,18,19,4,1,0,0,2,0,0,0,0,3,1,6,6,1,45,7,-1,-1,-1,-1,-1,-1,0,-1
2021010331435,2021,010331435,2,1,0,18,19,3,7,0,0,1,1,0,0,0,2,1,6,6,2,56,9,-1,-1,-1,-1,2,E01001340,0,-1
202160Z164851,2021,60Z164851,1,1,0,18,19,6,2,0,0,6,0,0,0,0,3,1,4,7,1,13,3,-1,-1,-1,-1,-1,-1,0,-1
2021522101997,2021,522101997,2,19,0,9,9,7,5,0,0,5,0,0,0,0,2,1,6,6,1,26,6,-1,-1,-1,-1,8,E01032668,0,-1
2021061112069,2021,061112069,1,19,0,5,5,7,3,0,0,8,0,0,0,0,0,1,6,6,3,-1,-1,-1,-1,-1,-1,-1,-1,0,-1
2021440147143,2021,440147143,1,9,0,18,19,8,4,0,0,0,0,2,0,0,1,1,6,6,3,-1,-1,-1,-1,-1,-1,-1,-1,0,-1
2021991034824,2021,991034824,2,9,0,9,9,8,3,0,0,5,0,0,0,0,3,1,2,2,1,56,9,-1,-1,-1,-1,8,-1,0,-1
2021201111376,2021,201111376,1,98,0,18,19,2,6,0,0,8,0,0,0,0,4,1,2,2,1,62,9,-1,-1,-1,-1,7,E01032590,0,-1
2021010305682,2021,010305682,2,9,0,18,19,5,1,0,0,9,0,0,0,0,1,9,6,6,3,-1,-1,-1,-1,-1,-1,-1,-1,0,-1
2021010342710,2021,010342710,2,1,0,5,5,5,1,0,0,8,0,0,0,0,1,1,6,6,1,38,7,-1,-1,-1,-1,9,E01000831,0,-1
2021010346546,2021,010346546,2,1,0,18,19,7,3,0,0,8,0,0,0,0,4,1,6,6,1,39,7,-1,-1,-1,-1,1,E01004199,0,-1
2021332100214,2021,332100214,1,9,0,5,5,4,8,0,0,0,0,0,0,0,3,1,6,6,2,70,10,-1,-1,-1,-1,4,E01025930,0,-1
2021991088447,2021,991088447,2,1,0,18,19,6,2,0,0,1,0,0,0,0,1,1,4,7,1,13,3,-1,-1,-1,-1,-1,-1,0,-1
2021010319267,2021,010319267,1,9,0,99,99,9,9,99,99,9,9,99,9,99,1,1,6,6,3,-1,-1,-1,-1,-1,-1,-1,-1,0,-1
2021041115602,2021,041115602,1,9,0,18,19,1,5,0,0,1,0,0,0,0,0,1,6,6,3,-1,-1,-1,-1,-1,-1,-1,-1,0,-1
2021351039696,2021,351039696,2,1,0,18,19,6,2,0,0,0,0,0,0,0,1,1,5,6,1,34,6,-1,-1,-1,-1,7,E01018002,0,-1
2021332100739,2021,332100739,1,9,0,18,19,8,4,0,0,0,0,0,0,0,1,1,6,6,2,35,6,-1,-1,-1,-1,9,E01025758,0,-1
2021052100478,2021,052100478,1,9,0,18,19,7,3,0,0,2,0,0,0,0,1,1,6,6,3,-1,-1,-1,-1,-1,-1,-1,-1,0,-1
2021201149051,2021,201149051,1,9,0,7,7,6,8,0,0,1,0,0,0,0,4,1,6,6,3,-1,-1,-1,-1,-1,-1,-1,-1,0,-1
202131C008621,2021,31C008621,1,9,0,7,7,4,6,0,0,6,0,0,0,0,1,1,6,6,3,-1,-1,-1,-1,-1,-1,-1,-1,0,-1
2021131072370,2021,131072370,1,9,0,-1,-1,-1,-1,-1,-1,0,-1,-1,-1,0,-1,1,6,6,3,-1,-1,-1,-1,-1,-1,-1,-1,0,-1
2021010293398,2021,010293398,1,21,2,12,12,7,3,0,0,0,0,0,0,0,1,2,6,6,1,27,6,-1,-1,-1,-1,-1,-1,0,-1
2021211100255,2021,211100255,2,9,0,18,19,1,5,0,0,0,0,0,0,0,2,1,6,6,1,36,7,-1,-1,-1,-1,-1,-1,0,-1
2021010297522,2021,010297522,2,1,0,18,19,3,7,4,4,8,0,0,0,0,3,1,6,6,2,26,6,-1,-1,-1,-1,4,E01026009,0,-1
2021101011372,2021,101011372,1,1,0,18,19,1,5,0,0,0,5,0,0,0,1,1,6,6,1,20,4,-1,-1,-1,-1,-1,-1,0,-1
2021131068928,2021,131068928,1,90,0,4,4,4,8,0,0,0,0,0,0,0,1,1,1,1,1,25,5,-1,-1,-1,-1,4,E01011323,0,-1
2021320267288,2021,320267288,2,1,0,18,19,5,1,0,0,1,0,0,0,0,3,1,6,6,1,54,8,-1,-1,-1,-1,2,E01026030,0,-1
2021522104781,2021,522104781,1,1,0,4,4,3,7,0,0,0,1,0,0,0,0,1,6,6,1,12,3,-1,-1,-1,-1,3,E01014942,0,-1
2021991103291,2021,991103291,2,1,0,18,19,1,8,0,0,8,0,0,0,0,4,1,5,6,1,30,6,-1,-1,-1,-1,1,-1,0,-1
2021052102388,2021,052102388,2,1,0,18,19,1,5,0,0,0,0,0,0,0,3,1,6,6,1,13,3,-1,-1,-1,-1,1,E01006716,0,-1
2021010346695,2021,010346695,2,1,0,18,19,5,1,0,0,1,0,0,0,0,1,1,6,6,1,35,6,-1,-1,-1,-1,8,E01026490,0,-1
2021302101462,2021,302101462,1,1,0,18,19,4,8,0,0,0,0,0,7,10,1,1,6,6,1,58,9,-1,-1,-1,-1,9,E01019610,0,-1
2021991029237,2021,991029237,2,19,0,15,15,6,3,0,0,0,2,0,0,0,4,1,1,1,1,53,8,-1,-1,-1,-1,1,-1,0,-1
2021430381128,2021,430381128,1,1,0,18,19,7,3,0,0,8,0,0,0,0,2,1,1,1,1,39,7,-1,-1,-1,-1,4,E01016360,0,-1
2021440034151,2021,440034151,2,1,0,18,19,2,6,0,0,8,0,0,0,0,1,1,2,2,1,58,9,-1,-1,-1,-1,1,E01017036,0,-1
2021501023026,2021,501023026,1,1,0,18,19,1,5,0,0,8,5,0,0,0,4,1,5,6,2,47,8,-1,-1,-1,-1,3,E01015059,0,-1
2021010343737,2021,010343737,1,9,0,18,19,3,7,0,0,8,0,0,0,0,1,1,6,6,3,-1,-1,-1,-1,-1,-1,-1,-1,0,-1
2021430376702,2021,430376702,1,1,0,18,19,1,5,0,0,8,0,0,0,0,0,1,6,6,2,58,9,-1,-1,-1,-1,9,E01028790,0,-1
2021231036150,2021,231036150,2,19,0,4,4,8,4,0,0,0,0,0,0,0,2,1,1,1,1,60,9,-1,-1,-1,-1,-1,-1,0,-1
2021010342458,2021,010342458,2,98,0,18,19,3,7,0,0,0,0,0,0,0,4,1,6,6,3,-1,-1,-1,-1,-1,-1,-1,-1,0,-1
2021131090805,2021,131090805,2,1,0,18,19,1,5,0,0,8,0,0,0,0,2,1,5,6,1,42,7,-1,-1,-1,-1,3,E01011085,0,-1
2021221016051,2021,221016051,2,1,0,18,19,2,6,0,0,0,0,0,1,10,2,1,5,6,1,54,8,-1,-1,-1,-1,-1,-1,0,-1
2021351042463,2021,351042463,2,98,0,9,9,7,1,0,0,0,0,0,0,0,4,1,1,1,1,64,9,-1,-1,-1,-1,5,E01018041,0,-1
2021302101971,2021,302101971,2,1,0,18,19,6,2,9,9,0,0,0,0,0,1,1,6,6,1,22,5,-1,-1,-1,-1,1,E01019568,0,-1
2021010310794,2021,010310794,1,1,9,99,99,9,9,99,99,9,9,99,9,99,1,1,6,6,2,22,5,-1,-1,-1,-1,2,E01001709,0,-1
2021332100810,2021,332100810,3,9,0,14,14,5,1,0,0,1,0,0,0,0,0,1,6,6,2,47,8,-1,-1,-1,-1,7,E01025937,0,-1
2021010317387,2021,010317387,1,9,0,6,6,2,2,0,0,1,0,0,0,0,0,1,6,6,3,-1,-1,-1,-1,-1,-1,-1,-1,0,-1
2021501087371,2021,501087371,1,98,-1,7,7,5,1,5,5,0,0,0,0,0,4,1,1,1,1,35,6,-1,-1,-1,-1,8,E01020251,0,-1
2021010307265,2021,010307265,2,1,0,13,13,1,5,0,0,1,0,0,0,0,4,1,2,2,1,36,7,-1,-1,-1,-1,7,E01001569,0,-1
2021061100563,2021,061100563,1,9,0,5,5,1,1,0,0,0,0,0,0,0,1,1,6,6,3,30,6,-1,-1,-1,-1,-1,-1,0,-1
202160Z055533,2021,60Z055533,2,1,0,18,19,3,7,0,0,1,1,0,0,0,0,1,6,6,1,54,8,-1,-1,-1,-1,-1,-1,0,-1
2021010297866,2021,010297866,1,3,0,99,99,9,9,99,99,9,9,99,9,99,1,1,6,6,1,33,6,-1,-1,-1,-1,2,E01003502,0,-1
2021041118232,2021,041118232,2,1,0,16,19,1,1,0,0,4,0,8,0,0,1,1,5,6,1,42,7,-1,-1,-1,-1,8,E01025420,0,-1
2021201063236,2021,201063236,2,9,0,3,3,4,8,0,0,0,0,0,0,0,2,1,6,6,1,44,7,-1,-1,-1,-1,1,E01009566,0,-1
2021010318538,2021,010318538,1,1,9,99,99,9,9,99,99,8,9,99,9,99,9,1,6,6,2,65,9,-1,-1,-1,-1,5,E01003945,0,-1
2021522104658,2021,522104658,1,9,0,18,19,6,2,0,0,8,0,0,0,0,1,1,6,6,3,-1,-1,-1,-1,-1,-1,-1,-1,0,-1
2021351054045,2021,351054045,1,1,0,9,9,5,1,0,0,8,0,0,0,0,4,1,6,6,1,35,6,-1,-1,-1,-1,-1,-1,0,-1
202134NNC6391,2021,34NNC6391,1,9,0,18,19,7,3,0,0,4,0,0,0,0,4,1,6,6,1,36,7,-1,-1,-1,-1,3,E01027319,0,-1
2021522101452,2021,522101452,1,1,0,18,19,1,5,0,0,8,0,0,0,0,3,1,6,6,1,40,7,-1,-1,-1,-1,-1,-1,0,-1
202106J080135,2021,06J080135,2,90,0,2,2,0,0,0,0,0,0,0,0,0,2,1,6,6,1,62,9,-1,-1,-1,-1,-1,-1,0,-1
2021430141532,2021,430141532,2,9,0,11,11,7,3,0,0,0,0,0,0,0,2,1,1,1,1,40,7,-1,-1,-1,-1,5,E01028440,0,-1
202160Z182064,2021,60Z182064,2,19,0,18,19,8,4,0,0,0,0,0,0,0,1,1,6,6,1,54,8,-1,-1,-1,-1,-1,-1,0,-1
2021451046221,2021,451046221,1,20,0,9,9,5,3,0,0,5,0,0,0,0,4,1,6,6,3,40,7,-1,-1,-1,-1,-1,-1,0,-1
2021440123890,2021,440123890,1,9,0,18,19,5,1,0,0,0,5,0,2,4,1,1,6,6,1,35,6,-1,-1,-1,-1,1,E01017037,0,-1
202134WNC9151,2021,34WNC9151,1,-1,0,18,19,3,7,0,0,8,0,0,0,0,3,1,6,6,2,21,5,-1,-1,-1,-1,7,E01016783,1,-1
2021332100970,2021,332100970,1,9,0,18,19,5,1,0,0,0,0,0,0,0,1,1,6,6,2,27,6,-1,-1,-1,-1,9,E01025737,0,-1
2021131072418,2021,131072418,1,1,0,18,19,1,5,0,0,8,2,0,0,0,1,1,5,6,1,51,8,-1,-1,-1,-1,5,E01010795,0,-1
2021201066419,2021,201066419,2,1,0,18,19,6,2,0,0,1,0,0,0,0,1,1,6,6,1,42,7,-1,-1,-1,-1,8,E01010329,0,-1
2021010301943,2021,010301943,2,5,0,99,99,9,9,99,99,1,9,99,9,99,9,1,6,6,3,-1,-1,-1,-1,-1,-1,-1,-1,0,-1
2021122200046,2021,122200046,2,1,0,18,19,7,3,0,0,8,0,0,0,0,2,1,6,6,1,79,11,-1,-1,-1,-1,6,E01013441,0,-1
2021501016636,2021,501016636,1,19,0,13,13,7,3,0,0,0,0,0,0,0,0,1,1,1,3,-1,-1,-1,-1,-1,-1,-1,-1,0,-1
2021070658066,2021,070658066,1,1,0,18,19,7,1,0,0,1,0,0,0,0,1,1,6,6,1,9,2,-1,-1,-1,-1,1,E01012438,0,-1
2021010351698,2021,010351698,2,1,0,14,14,5,1,0,0,1,1,0,0,0,2,1,1,1,1,18,4,-1,-1,-1,-1,2,E01003121,0,-1
2021010300509,2021,010300509,2,1,0,9,9,5,2,0,0,1,0,0,0,0,1,1,6,6,1,38,7,-1,-1,-1,-1,4,E01002583,0,-1
2021401031703,2021,401031703,2,21,1,9,9,7,3,0,0,8,0,0,0,0,1,1,1,1,1,41,7,-1,-1,-1,-1,-1,-1,0,-1
2021010335447,2021,010335447,2,9,0,2,2,0,0,0,0,1,0,4,0,0,1,1,6,6,3,-1,-1,-1,-1,-1,-1,-1,-1,0,-1
2021411073550,2021,411073550,1,1,0,15,15,5,1,0,0,0,0,0,0,0,1,1,1,1,2,52,8,-1,-1,-1,-1,5,E01023303,0,-1
2021361102673,2021,361102673,3,9,0,2,2,8,8,0,0,1,0,0,0,0,2,1,1,1,1,58,9,-1,-1,-1,-1,1,E01026622,0,-1
2021351148800,2021,351148800,1,-1,0,18,19,8,4,0,0,6,0,0,0,0,1,1,5,6,1,25,5,-1,-1,-1,-1,10,E01018293,1,-1
2021471014567,2021,471014567,3,9,0,18,19,6,2,0,0,1,0,0,0,0,0,1,6,6,3,-1,-1,-1,-1,-1,-1,-1,-1,0,-1
202160Z130323,2021,60Z130323,2,9,0,18,19,8,4,0,0,0,0,0,0,0,1,1,6,6,1,64,9,-1,-1,-1,-1,-1,-1,0,-1
2021332100798,2021,332100798,2,9,0,9,9,5,2,0,0,5,0,0,0,0,1,1,2,2,1,42,7,-1,-1,-1,-1,2,E01013659,0,-1
2021440316628,2021,440316628,1,9,0,5,5,4,8,0,0,0,0,0,0,0,1,1,6,6,1,56,9,-1,-1,-1,-1,10,E01032870,0,-1
2021201058844,2021,201058844,1,-1,0,18,19,6,2,0,0,1,0,0,0,0,1,1,6,6,1,20,4,-1,-1,-1,-1,1,E01009204,1,-1
2021351121448,2021,351121448,1,9,0,14,14,4,6,0,0,0,2,0,0,0,4,1,5,6,1,19,4,-1,-1,-1,-1,6,E01026242,0,-1
2021552101016,2021,552101016,2,9,0,18,19,6,2,0,0,0,0,0,0,0,4,1,6,6,2,62,9,-1,-1,-1,-1,7,E01020375,0,-1
2021010318951,2021,010318951,1,1,9,99,99,9,9,99,99,0,9,99,9,99,9,1,6,6,1,35,6,-1,-1,-1,-1,2,E01004238,0,-1
2021161039390,2021,161039390,1,1,0,18,19,5,1,9,9,0,0,0,0,0,1,1,6,6,3,25,5,-1,-1,-1,-1,-1,-1,0,-1
2021201056340,2021,201056340,1,9,0,18,19,-1,-1,0,0,0,0,0,0,0,1,1,6,6,3,-1,-1,-1,-1,-1,-1,-1,-1,0,-1
2021430148150,2021,430148150,1,1,0,7,7,7,1,4,4,8,0,0,0,0,1,1,1,1,1,25,5,-1,-1,-1,-1,4,E01028532,0,-1
2021010299104,2021,010299104,2,1,0,18,19,3,7,0,0,8,0,0,0,0,4,1,6,6,1,14,3,-1,-1,-1,-1,2,E01002703,0,-1
2021522105215,2021,522105215,1,1,0,18,19,1,3,0,0,3,0,0,0,0,1,1,6,6,1,29,6,-1,-1,-1,-1,-1,-1,0,-1
2021231053066,2021,231053066,2,1,0,18,19,2,6,0,0,1,0,0,1,0,4,1,5,6,1,20,4,-1,-1,-1,-1,10,E01031313,0,-1
2021332100507,2021,332100507,1,1,0,18,19,5,1,9,9,2,0,0,0,2,1,1,6,6,1,37,7,-1,-1,-1,-1,2,E01013742,0,-1
2021430181243,2021,430181243,2,19,0,13,13,4,8,0,0,0,0,0,0,0,4,1,6,6,1,45,7,-1,-1,-1,-1,-1,-1,0,-1
2021231116725,2021,231116725,1,9,0,7,7,7,1,0,0,5,0,0,0,0,4,1,5,6,2,40,7,-1,-1,-1,-1,-1,-1,0,-1
2021010334389,2021,010334389,2,1,0,7,7,7,1,0,0,6,0,0,0,0,0,1,6,6,1,39,7,-1,-1,-1,-1,6,E01004703,0,-1
2021010350632,2021,010350632,1,19,0,18,19,1,5,0,0,0,0,0,0,0,1,1,6,6,1,31,6,-1,-1,-1,-1,2,E01003594,0,-1
2021010297808,2021,010297808,1,1,9,99,99,9,9,99,99,9,9,99,9,99,9,1,6,6,1,25,5,-1,-1,-1,-1,3,E01003214,0,-1
2021430011092,2021,430011092,2,9,0,18,19,6,2,0,0,0,0,0,0,0,1,1,6,6,1,23,5,-1,-1,-1,-1,3,E01016459,0,-1
2021351019508,2021,351019508,1,3,0,4,4,1,5,0,0,0,0,0,0,0,3,1,6,6,1,19,4,-1,-1,-1,-1,5,E01015651,0,-1
2021041157102,2021,041157102,1,9,0,18,19,1,5,0,0,8,0,0,1,0,3,1,1,1,2,69,10,-1,-1,-1,-1,8,E01025348,0,-1
2021010295128,2021,010295128,2,1,0,18,19,7,3,0,0,1,0,0,0,0,1,1,1,1,1,27,6,-1,-1,-1,-1,3,E01003734,0,-1
202154B410721,2021,54B410721,1,1,0,18,19,8,4,0,0,0,0,0,0,0,4,1,6,6,1,40,7,-1,-1,-1,-1,9,E01015485,0,-1
2021471024122,2021,471024122,2,19,-1,9,9,3,2,0,0,1,0,0,0,0,0,1,6,6,3,-1,-1,-1,-1,-1,-1,-1,-1,0,-1
2021170S20461,2021,170S20461,1,20,0,9,9,4,2,0,0,8,0,0,0,0,3,2,1,1,1,31,6,-1,-1,-1,-1,-1,-1,0,-1
2021332101522,2021,332101522,4,9,0,18,19,1,5,0,0,0,0,0,0,0,0,1,6,6,1,19,4,-1,-1,-1,-1,-1,-1,0,-1
2021122100925,2021,122100925,2,9,0,4,4,5,1,0,0,2,0,0,0,0,4,1,6,6,3,-1,-1,-1,-1,-1,-1,-1,-1,0,-1
2021010311172,2021,010311172,1,1,9,99,99,9,9,99,99,9,9,99,9,99,9,1,6,6,1,23,5,-1,-1,-1,-1,9,E01004504,0,-1
2021131127319,2021,131127319,2,1,0,18,19,1,5,0,0,1,0,0,0,0,0,1,1,1,1,19,4,-1,-1,-1,-1,1,E01011433,0,-1
2021371096914,2021,371096914,1,9,0,9,9,5,2,0,0,2,1,0,0,0,-1,1,5,6,2,73,10,-1,-1,-1,-1,6,E01030154,0,-1
2021332100835,2021,332100835,1,9,0,6,6,6,6,0,0,0,0,0,0,0,3,1,6,6,1,31,6,-1,-1,-1,-1,2,E01013667,0,-1
2021332100021,2021,332100021,1,2,0,18,19,1,5,9,9,0,0,0,0,0,1,1,6,6,3,-1,-1,-1,-1,-1,-1,-1,-1,0,-1
2021332100983,2021,332100983,1,9,0,18,19,2,6,0,0,1,0,10,0,0,1,1,6,6,3,-1,-1,-1,-1,-1,-1,-1,-1,0,-1
2021302101970,2021,302101970,2,1,0,18,19,1,5,0,0,4,0,0,1,0,3,1,6,6,1,29,6,-1,-1,-1,-1,5,E01013542,0,-1
2021531069968,2021,531069968,2,1,0,9,9,-1,-1,0,0,8,0,0,0,0,3,1,5,6,1,61,9,-1,-1,-1,-1,6,E01032372,0,-1
2021201137048,2021,201137048,5,9,0,3,3,4,8,0,0,1,0,0,0,0,2,1,6,6,1,50,8,-1,-1,-1,-1,1,E01033644,0,-1
2021501066652,2021,501066652,2,1,0,11,11,3,7,0,0,3,0,0,0,0,1,1,6,6,1,34,6,-1,-1,-1,-1,6,E01020142,0,-1
2021010343889,2021,010343889,1,3,0,15,15,4,8,0,0,0,1,0,0,0,4,1,6,6,3,-1,-1,-1,-1,-1,-1,-1,-1,0,-1
202160Z028124,2021,60Z028124,1,9,0,9,9,1,7,0,0,6,0,0,0,0,3,1,6,6,1,-1,-1,-1,-1,-1,-1,-1,-1,0,-1
2021440363887,2021,440363887,2,9,0,18,19,1,5,0,0,0,0,0,0,0,1,1,1,1,1,32,6,-1,-1,-1,-1,10,E01022588,0,-1
2021111037061,2021,111037061,2,9,0,18,19,7,3,0,0,8,0,0,0,0,1,1,5,6,1,38,7,-1,-1,-1,-1,7,E01008691,0,-1
2021070283878,2021,070283878,2,9,0,2,2,0,0,0,0,0,0,0,0,0,3,1,6,6,1,21,5,-1,-1,-1,-1,1,E01006463,0,-1
2021201146445,2021,201146445,1,9,0,18,19,2,6,0,0,4,0,0,0,0,4,1,6,6,3,-1,-1,-1,-1,-1,-1,-1,-1,0,-1
2021430426510,2021,430426510,2,9,0,5,5,2,6,9,9,6,0,0,0,0,1,1,6,6,2,-1,-1,-1,-1,-1,-1,-1,-1,0,-1
2021041112392,2021,041112392,1,1,0,18,19,7,3,0,0,0,0,0,0,0,0,1,5,6,1,47,8,-1,-1,-1,-1,7,E01024955,0,-1
2021052100600,2021,052100600,1,9,0,18,19,8,4,0,0,0,0,4,0,0,1,1,6,6,3,-1,-1,-1,-1,-1,-1,-1,-1,0,-1
2021010319002,2021,010319002,1,1,9,99,99,9,9,99,99,9,9,99,9,99,9,1,6,6,1,62,9,-1,-1,-1,-1,8,E01000880,0,-1
2021041112419,2021,041112419,1,9,0,18,19,1,5,0,0,0,0,0,0,0,1,1,5,6,1,64,9,-1,-1,-1,-1,7,E01012717,0,-1
2021480303154,2021,480303154,1,1,0,18,19,7,3,0,0,1,0,0,1,0,1,1,6,6,1,22,5,-1,-1,-1,-1,4,E01000005,0,-1
202131A035021,2021,31A035021,2,1,0,18,19,6,2,0,0,6,0,0,0,0,1,1,6,6,1,17,4,-1,-1,-1,-1,2,E01028231,0,-1
2021010302077,2021,010302077,2,23,0,7,7,5,7,0,0,8,0,0,0,0,1,1,6,6,1,53,8,-1,-1,-1,-1,5,E01000583,0,-1
2021221053444,2021,221053444,2,9,0,18,19,5,1,0,0,0,0,8,0,0,4,1,6,6,3,34,6,-1,-1,-1,-1,-1,-1,0,-1
2021201044066,2021,201044066,3,9,2,18,19,7,3,0,0,0,0,0,0,0,1,1,1,1,1,30,6,-1,-1,-1,-1,8,E01009819,0,-1
2021010315156,2021,010315156,1,1,0,18,19,5,1,0,0,0,0,0,0,0,3,1,1,1,1,21,5,-1,-1,-1,-1,3,E01003525,0,-1
2021501031817,2021,501031817,1,19,0,18,19,5,1,0,0,0,0,0,0,0,3,1,1,1,1,25,5,-1,-1,-1,-1,4,E01019980,0,-1
20211381M1277,2021,1381M1277,2,4,0,18,19,5,1,0,0,1,0,0,0,0,1,1,6,6,1,26,6,-1,-1,-1,-1,1,E01011910,0,-1
2021031067185,2021,031067185,1,1,0,18,19,7,3,9,9,0,0,0,0,0,1,1,6,6,1,43,7,-1,-1,-1,-1,6,E01019235,0,-1
2021201014029,2021,201014029,2,1,0,18,19,7,3,0,0,8,0,0,0,0,4,1,6,6,2,18,4,-1,-1,-1,-1,4,E01009011,0,-1
202160Z183328,2021,60Z183328,1,9,0,18,19,4,8,0,0,1,0,0,0,0,4,1,6,6,1,-1,-1,-1,-1,-1,-1,-1,-1,0,-1
2021041041943,2021,041041943,2,1,0,18,19,3,7,0,0,0,5,0,0,0,1,1,5,6,2,36,7,-1,-1,-1,-1,6,E01025132,0,-1
2021122101527,2021,122101527,2,9,0,17,19,2,7,0,0,0,0,0,0,0,0,1,6,6,3,-1,-1,-1,-1,-1,-1,-1,-1,0,-1
2021411121340,2021,411121340,1,90,0,18,19,5,1,0,0,6,0,0,0,0,1,1,6,6,3,-1,-1,-1,-1,-1,-1,-1,-1,0,-1
2021320278438,2021,320278438,1,9,0,18,19,4,8,0,0,1,0,0,0,0,1,1,6,6,1,40,7,-1,-1,-1,-1,-1,-1,0,-1
2021141063425,2021,141063425,2,9,0,14,14,7,3,0,0,1,0,0,0,0,0,1,6,6,3,-1,-1,-1,-1,-1,-1,-1,-1,0,-1
2021010334302,2021,010334302,1,9,9,99,99,9,9,99,99,9,9,99,9,99,9,9,6,6,3,-1,-1,-1,-1,-1,-1,-1,-1,0,-1
2021201060817,2021,201060817,2,1,0,18,19,4,8,0,0,0,0,0,0,0,3,1,4,7,1,14,3,-1,-1,-1,-1,2,E01010277,0,-1
2021991062242,2021,991062242,1,9,0,18,19,3,7,0,0,0,0,0,0,0,1,1,5,6,1,34,6,-1,-1,-1,-1,5,-1,0,-1
2021010303652,2021,010303652,1,1,9,99,99,9,9,99,99,0,9,99,9,99,9,1,6,6,1,28,6,-1,-1,-1,-1,9,E01000754,0,-1
2021430347822,2021,430347822,1,9,0,13,13,8,4,0,0,0,0,0,0,0,1,1,6,6,1,19,4,-1,-1,-1,-1,8,E01022209,0,-1
2021501039518,2021,501039518,4,9,0,16,19,1,4,0,0,1,0,0,0,0,0,1,5,6,3,-1,-1,-1,-1,-1,-1,-1,-1,0,-1
2021430307420,2021,430307420,2,9,0,1,1,7,3,0,0,0,0,0,0,0,2,1,6,6,1,-1,-1,-1,-1,-1,-1,7,E01017925,0,-1
2021549743721,2021,549743721,1,9,0,18,19,6,2,0,0,0,0,0,0,0,1,1,6,6,3,-1,-1,-1,-1,-1,-1,-1,-1,0,-1
2021010337942,2021,010337942,2,9,9,99,99,9,9,99,99,9,9,99,9,99,9,9,6,6,3,-1,-1,-1,-1,-1,-1,-1,-1,0,-1
2021010328913,2021,010328913,2,9,0,15,15,8,4,0,0,1,0,0,0,0,1,1,3,7,2,41,7,-1,-1,-1,-1,10,E01003825,0,-1
2021546080421,2021,546080421,2,1,0,18,19,7,3,0,0,8,0,0,0,0,4,1,6,6,2,66,10,-1,-1,-1,-1,9,E01031913,0,-1
2021010288273,2021,010288273,2,1,0,18,19,2,6,0,0,1,0,0,0,0,4,1,6,6,1,48,8,-1,-1,-1,-1,6,E01021743,0,-1
2021010317269,2021,010317269,1,1,0,17,19,7,3,0,0,0,0,0,1,9,0,1,6,6,1,39,7,-1,-1,-1,-1,8,E01003807,0,-1
2021610011021,2021,610011021,2,1,0,18,19,7,3,0,0,3,0,0,0,0,4,1,6,6,2,23,5,-1,-1,-1,-1,-1,-1,0,-1
2021052102637,2021,052102637,1,-1,0,18,19,7,3,0,0,1,0,0,0,0,1,1,6,6,2,29,6,-1,-1,-1,-1,1,E01006548,1,-1
2021041024035,2021,041024035,1,98,0,17,19,5,1,0,0,1,0,0,0,0,1,1,6,6,3,-1,-1,-1,-1,-1,-1,-1,-1,0,-1
2021010314077,2021,010314077,2,9,0,99,99,9,9,99,99,0,9,99,9,99,9,9,6,6,3,-1,-1,-1,-1,-1,-1,-1,-1,0,-1
2021010293051,2021,010293051,2,9,0,99,99,9,9,99,99,0,9,99,9,99,4,9,6,6,3,-1,-1,-1,-1,-1,-1,-1,-1,0,-1
2021451091662,2021,451091662,1,1,0,18,19,2,6,4,4,0,0,0,0,0,1,1,5,6,1,51,8,-1,-1,-1,-1,10,E01032610,0,-1
2021522104006,2021,522104006,1,1,0,18,19,1,5,0,0,2,0,0,0,0,2,1,6,6,1,44,7,-1,-1,-1,-1,8,E01014637,0,-1
2021010297740,2021,010297740,1,1,9,9,9,6,4,0,0,8,5,0,0,99,2,1,6,6,1,44,7,-1,-1,-1,-1,6,E01003033,0,-1
2021461107099,2021,461107099,1,9,0,1,1,5,1,0,0,0,0,0,0,0,2,1,6,6,2,-1,-1,-1,-1,-1,-1,-1,-1,0,-1
2021332100440,2021,332100440,2,9,0,18,19,4,8,0,0,0,0,0,0,0,3,1,2,2,1,60,9,-1,-1,-1,-1,9,E01025638,0,-1
2021201059278,2021,201059278,1,9,0,18,19,1,5,0,0,1,0,0,0,0,1,1,6,6,1,-1,-1,-1,-1,-1,-1,-1,-1,0,-1
2021552101095,2021,552101095,1,22,0,18,19,6,2,0,0,8,5,0,0,0,3,1,6,6,1,71,10,-1,-1,-1,-1,3,E01015442,0,-1