collision_index,collision_year,collision_ref_no,vehicle_reference,vehicle_type,towing_and_articulation,vehicle_manoeuvre_historic,vehicle_manoeuvre,vehicle_direction_from,vehicle_direction_to,vehicle_location_restricted_lane_historic,vehicle_location_restricted_lane,junction_location,skidding_and_overturning,hit_object_in_carriageway,vehicle_leaving_carriageway,hit_object_off_carriageway,first_point_of_impact,vehicle_left_hand_drive,journey_purpose_of_driver_historic,journey_purpose_of_driver,sex_of_driver,age_of_driver,age_band_of_driver,engine_capacity_cc,propulsion_code,age_of_vehicle,generic_make_model,driver_imd_decile,lsoa_of_driver,escooter_flag,driver_distance_banding
202160Z184016,2021,60Z184016,2,1,0,18,19,5,1,0,0,0,0,0,0,0,3,1,6,6,1,64,9,-1,-1,-1,-1,-1,-1,0,-1
202160Z162855,2021,60Z162855,1,9,0,17,19,7,4,0,0,2,5,0,1,1,1,1,6,6,1,23,5,-1,-1,-1,-1,-1,-1,0,-1
2021332100193,2021,332100193,1,9,0,3,3,5,1,0,0,1,0,0,0,0,2,1,6,6,2,42,7,-1,-1,-1,-1,3,E01013626,0,-1
2021221083204,2021,221083204,2,9,0,18,19,2,6,0,0,0,0,0,0,0,1,1,6,6,1,74,10,-1,-1,-1,-1,6,E01029667,0,-1
2021440098429,2021,440098429,1,-1,0,9,9,3,1,0,0,8,0,0,0,0,3,1,6,6,1,20,4,-1,-1,-1,-1,-1,-1,1,-1
2021041067875,2021,041067875,2,9,0,18,19,2,2,0,0,1,0,0,0,0,3,1,2,2,1,37,7,-1,-1,-1,-1,4,E01024927,0,-1
202163A012821,2021,63A012821,2,9,0,18,19,7,2,0,0,1,0,0,0,0,1,1,6,6,3,-1,-1,-1,-1,-1,-1,-1,-1,0,-1
2021010306741,2021,010306741,1,9,0,4,4,5,1,5,5,0,0,0,0,0,4,1,1,1,1,35,6,-1,-1,-1,-1,2,E01004007,0,-1
2021161108669,2021,161108669,1,1,0,18,19,4,8,4,4,0,0,0,0,0,1,1,6,6,1,23,5,-1,-1,-1,-1,7,E01033108,0,-1
2021010314249,2021,010314249,1,1,9,99,99,9,9,99,99,0,9,99,9,99,1,1,2,2,1,39,7,-1,-1,-1,-1,1,E01004272,0,-1
2021010319383,2021,010319383,2,4,0,18,19,1,5,0,0,1,0,0,0,0,1,1,6,6,1,19,4,-1,-1,-1,-1,7,E01000791,0,-1
2021351085216,2021,351085216,1,9,0,9,9,7,3,0,0,2,0,0,0,0,1,1,1,1,2,44,7,-1,-1,-1,-1,7,E01018082,0,-1
2021351090906,2021,351090906,2,1,0,18,19,8,5,4,4,0,0,0,0,0,3,1,2,2,1,27,6,-1,-1,-1,-1,9,E01017988,0,-1
2021061081088,2021,061081088,2,1,0,18,19,1,1,4,4,0,0,0,0,0,1,1,5,6,2,28,6,-1,-1,-1,-1,-1,-1,0,-1
2021332100178,2021,332100178,2,9,0,10,10,4,2,0,0,8,0,0,0,0,3,1,6,6,2,35,6,-1,-1,-1,-1,10,E01025803,0,-1
2021622100789,2021,622100789,2,9,0,3,3,4,8,0,0,0,0,0,0,0,2,1,6,6,2,21,5,-1,-1,-1,-1,5,W01001056,0,-1
2021401113122,2021,401113122,2,1,0,18,19,5,1,0,0,1,0,0,0,0,1,1,6,6,1,14,3,-1,-1,-1,-1,5,E01015740,0,-1
2021010296756,2021,010296756,1,1,9,99,99,9,9,99,99,0,9,99,9,99,1,1,6,6,1,25,5,-1,-1,-1,-1,3,E01001043,0,-1
2021501135527,2021,501135527,3,90,0,18,19,7,3,0,0,0,0,0,0,0,0,1,5,6,3,-1,-1,-1,-1,-1,-1,-1,-1,0,-1
2021010292954,2021,010292954,1,1,0,15,15,7,3,0,0,1,0,10,1,0,0,1,1,1,1,19,4,-1,-1,-1,-1,4,E01001090,0,-1
2021161087707,2021,161087707,3,1,0,18,19,3,7,0,0,1,5,0,0,0,1,1,6,6,2,26,6,-1,-1,-1,-1,9,E01013015,0,-1
2021451114339,2021,451114339,1,1,0,18,19,5,1,0,0,1,5,0,0,0,1,1,6,6,1,35,6,-1,-1,-1,-1,-1,-1,0,-1
2021031046452,2021,031046452,2,9,0,4,4,1,5,0,0,1,0,0,0,0,1,1,6,6,1,29,6,-1,-1,-1,-1,4,E01019257,0,-1
2021361023291,2021,361023291,1,9,0,18,19,3,7,0,0,0,2,0,0,0,1,1,5,6,2,27,6,-1,-1,-1,-1,4,E01026729,0,-1
2021010308422,2021,010308422,3,19,0,4,4,6,2,0,0,0,0,0,0,0,2,1,6,6,3,-1,-1,-1,-1,-1,-1,-1,-1,0,-1
2021430586999,2021,430586999,2,9,0,18,19,4,8,0,0,4,0,0,0,0,1,1,6,6,1,30,6,-1,-1,-1,-1,-1,-1,0,-1
2021520104463,2021,520104463,1,9,0,3,3,5,1,0,0,0,0,0,0,0,2,1,6,6,1,51,8,-1,-1,-1,-1,7,E01029250,0,-1
2021061102921,2021,061102921,2,19,0,7,7,2,4,0,0,1,0,0,0,0,1,1,5,6,3,30,6,-1,-1,-1,-1,-1,-1,0,-1
2021471043256,2021,471043256,2,1,0,18,19,5,1,0,0,8,0,0,0,0,1,1,6,6,2,54,8,-1,-1,-1,-1,3,E01016954,0,-1
2021010318009,2021,010318009,1,3,0,99,99,9,9,99,99,9,9,99,9,99,9,9,6,6,3,-1,-1,-1,-1,-1,-1,-1,-1,0,-1
2021371073547,2021,371073547,3,19,0,3,3,5,1,0,0,0,0,0,0,0,2,1,6,6,3,-1,-1,-1,-1,-1,-1,-1,-1,0,-1
2021332100053,2021,332100053,1,9,0,16,19,4,7,0,0,0,0,0,2,1,1,1,1,1,1,46,8,-1,-1,-1,-1,-1,-1,0,-1
2021138391454,2021,138391454,1,4,0,18,19,7,3,0,0,0,0,0,0,0,1,1,6,6,1,20,4,-1,-1,-1,-1,5,E01011192,0,-1
2021320734147,2021,320734147,2,1,0,18,19,5,1,0,0,8,5,0,0,0,2,1,6,6,1,58,9,-1,-1,-1,-1,10,E01026302,0,-1
202160Z136026,2021,60Z136026,1,9,0,13,13,6,2,0,0,0,0,0,0,0,0,1,6,6,3,-1,-1,-1,-1,-1,-1,-1,-1,0,-1
202131D048621,2021,31D048621,2,9,4,18,19,8,4,0,0,8,3,0,0,0,1,1,6,6,1,42,7,-1,-1,-1,-1,10,E01025885,0,-1
2021010299099,2021,010299099,1,1,9,99,99,9,9,99,99,9,9,99,9,99,9,1,2,2,1,28,6,-1,-1,-1,-1,3,E01033594,0,-1
2021010348978,2021,010348978,4,11,0,3,3,1,5,0,0,1,0,0,0,0,0,1,1,1,2,-1,-1,-1,-1,-1,-1,-1,-1,0,-1
2021010313276,2021,010313276,2,1,0,18,19,1,5,0,0,6,0,0,0,0,0,1,6,6,1,56,9,-1,-1,-1,-1,1,E01001850,0,-1
2021010343502,2021,010343502,1,1,9,99,99,9,9,99,99,9,9,99,9,99,1,1,2,2,2,26,6,-1,-1,-1,-1,4,E01003077,0,-1
2021201088298,2021,201088298,2,1,0,18,19,-1,-1,4,4,8,0,0,0,0,2,1,6,6,2,22,5,-1,-1,-1,-1,5,E01009295,0,-1
2021461056286,2021,461056286,2,1,0,-1,-1,-1,-1,-1,-1,-1,-1,-1,-1,0,-1,1,6,6,1,44,7,-1,-1,-1,-1,7,E01024844,0,-1
202134WNC0061,2021,34WNC0061,2,1,0,9,9,1,7,0,0,8,0,0,0,0,4,1,2,2,1,30,6,-1,-1,-1,-1,4,E01027247,0,-1
2021411110640,2021,411110640,1,9,0,18,19,1,5,0,0,4,0,0,0,0,1,1,6,6,2,-1,-1,-1,-1,-1,-1,-1,-1,0,-1
2021991022724,2021,991022724,2,1,0,18,19,5,1,0,0,1,0,0,0,0,2,1,5,6,1,21,5,-1,-1,-1,-1,7,-1,0,-1
2021010322764,2021,010322764,2,9,0,99,99,9,9,99,99,9,9,99,9,99,9,9,6,6,3,-1,-1,-1,-1,-1,-1,-1,-1,0,-1
2021010312620,2021,010312620,1,1,9,18,19,4,8,0,0,2,5,0,0,99,2,1,2,2,2,36,7,-1,-1,-1,-1,3,E01002404,0,-1
2021461105421,2021,461105421,2,21,1,18,19,3,7,0,0,3,0,0,0,0,3,1,5,6,1,34,6,-1,-1,-1,-1,-1,-1,0,-1
2021010297750,2021,010297750,2,1,0,18,19,5,1,0,0,0,0,4,0,0,1,1,2,2,1,56,9,-1,-1,-1,-1,2,E01003947,0,-1
2021991082140,2021,991082140,1,9,0,8,8,7,3,0,0,4,0,0,0,0,1,1,6,6,1,25,5,-1,-1,-1,-1,-1,-1,0,-1
2021041125743,2021,041125743,2,23,0,18,19,6,2,0,0,2,5,0,0,0,1,1,5,6,1,39,7,-1,-1,-1,-1,8,E01025178,0,-1
2021461106333,2021,461106333,1,9,0,17,19,7,3,0,0,0,0,4,0,0,1,1,5,6,1,27,6,-1,-1,-1,-1,4,E01024195,0,-1
2021201149540,2021,201149540,1,9,0,18,19,8,4,0,0,1,0,0,0,0,4,1,6,6,2,43,7,-1,-1,-1,-1,1,E01032887,0,-1
2021201141106,2021,201141106,1,9,0,18,19,6,2,0,0,0,0,0,0,0,1,1,6,6,1,-1,-1,-1,-1,-1,-1,-1,-1,0,-1
2021610021021,2021,610021021,1,5,0,16,19,7,2,0,0,0,0,0,0,0,1,1,6,6,1,59,9,-1,-1,-1,-1,-1,-1,0,-1
2021142200230,2021,142200230,1,9,0,17,19,2,8,0,0,0,0,0,1,11,1,1,6,6,1,53,8,-1,-1,-1,-1,6,W01000614,0,-1
2021010341902,2021,010341902,2,1,0,18,19,5,1,0,0,8,0,0,0,0,1,1,6,6,1,41,7,-1,-1,-1,-1,3,E01002313,0,-1
2021471109782,2021,471109782,1,1,0,18,19,5,1,5,5,0,0,0,1,0,0,1,5,6,2,47,8,-1,-1,-1,-1,1,E01020982,0,-1
2021531048109,2021,531048109,2,1,0,7,7,1,5,0,0,1,0,0,0,0,4,1,6,6,1,23,5,-1,-1,-1,-1,4,E01022161,0,-1
2021031141682,2021,031141682,2,9,0,18,19,6,2,0,0,8,0,0,0,0,3,1,6,6,2,31,6,-1,-1,-1,-1,4,E01019218,0,-1
2021031011999,2021,031011999,1,9,0,16,19,1,1,0,0,2,1,0,0,0,4,1,6,6,1,28,6,-1,-1,-1,-1,3,E01019204,0,-1
2021122101467,2021,122101467,1,1,0,18,19,1,5,0,0,8,0,0,0,0,1,1,2,2,2,53,8,-1,-1,-1,-1,10,E01013436,0,-1
2021430507031,2021,430507031,1,9,0,9,9,4,2,0,0,5,0,0,0,0,1,1,6,6,1,41,7,-1,-1,-1,-1,7,E01017851,0,-1
2021131066290,2021,131066290,1,9,0,-1,-1,-1,-1,-1,-1,-1,-1,-1,-1,-1,-1,1,1,1,1,50,8,-1,-1,-1,-1,1,E01011371,0,-1
2021430496174,2021,430496174,1,9,0,13,13,3,7,0,0,1,0,0,0,0,4,1,6,6,3,-1,-1,-1,-1,-1,-1,-1,-1,0,-1
2021461036731,2021,461036731,1,9,0,18,19,3,7,0,0,0,0,11,0,0,1,1,6,6,1,24,5,-1,-1,-1,-1,3,E01024795,0,-1
2021461112571,2021,461112571,1,9,0,18,19,1,5,0,0,0,2,0,0,0,3,1,6,6,1,29,6,-1,-1,-1,-1,7,E01024252,0,-1
202106F079702,2021,06F079702,3,90,0,4,4,8,4,0,0,1,0,0,0,0,1,1,6,6,1,56,9,-1,-1,-1,-1,6,E01005693,0,-1
202154B646821,2021,54B646821,1,9,0,7,7,5,7,0,0,1,0,0,0,0,1,1,6,6,1,-1,-1,-1,-1,-1,-1,-1,-1,0,-1
2021010314315,2021,010314315,1,9,0,99,99,9,9,99,99,9,9,99,9,99,1,9,6,6,3,-1,-1,-1,-1,-1,-1,-1,-1,0,-1
2021101037890,2021,101037890,2,1,0,18,19,5,1,0,0,1,0,0,0,0,1,1,5,6,1,16,4,-1,-1,-1,-1,9,E01008526,0,-1
2021201085709,2021,201085709,2,1,0,16,19,1,4,0,0,0,0,0,0,0,2,1,1,1,1,26,6,-1,-1,-1,-1,1,E01009929,0,-1
2021010288529,2021,010288529,3,11,0,5,5,0,1,0,0,0,0,0,0,0,0,1,1,1,1,46,8,-1,-1,-1,-1,4,E01001165,0,-1
2021010341744,2021,010341744,2,1,9,99,99,9,9,99,99,0,9,99,9,99,9,1,6,6,3,-1,-1,-1,-1,-1,-1,-1,-1,0,-1
202106A079992,2021,06A079992,1,1,0,18,19,1,5,4,4,8,0,0,0,0,1,1,6,6,1,35,6,-1,-1,-1,-1,-1,-1,0,-1
2021010317002,2021,010317002,2,23,9,99,99,9,9,99,99,9,9,99,9,99,9,1,6,6,1,-1,-1,-1,-1,-1,-1,-1,-1,0,-1
2021320293023,2021,320293023,1,9,0,9,9,6,4,0,0,1,0,0,0,0,3,1,3,7,1,40,7,-1,-1,-1,-1,4,E01026057,0,-1
2021520101631,2021,520101631,1,9,0,7,7,2,4,0,0,4,0,0,0,0,1,1,6,6,1,49,8,-1,-1,-1,-1,8,E01029282,0,-1
2021010312878,2021,010312878,2,-1,0,18,19,1,5,0,0,4,0,0,0,0,1,1,6,6,2,16,4,-1,-1,-1,-1,5,E01001658,1,-1
2021520201003,2021,520201003,2,1,0,18,19,3,7,0,0,1,0,0,0,0,1,1,6,6,2,48,8,-1,-1,-1,-1,10,E01029302,0,-1
2021010339434,2021,010339434,2,9,0,99,99,9,9,0,0,9,0,0,0,0,4,1,6,6,3,-1,-1,-1,-1,-1,-1,-1,-1,0,-1
2021451057701,2021,451057701,1,9,0,18,19,5,1,0,0,1,0,4,0,0,1,1,2,2,1,28,6,-1,-1,-1,-1,9,E01030733,0,-1
2021010306510,2021,010306510,2,9,0,99,99,9,9,99,99,9,9,99,9,99,0,9,6,6,3,-1,-1,-1,-1,-1,-1,5,E01001998,0,-1
2021010328230,2021,010328230,2,9,0,5,5,1,5,0,0,0,0,0,0,0,1,1,6,6,3,-1,-1,-1,-1,-1,-1,-1,-1,0,-1
2021010329498,2021,010329498,1,1,9,99,99,9,9,99,99,0,9,99,9,99,9,1,6,6,1,23,5,-1,-1,-1,-1,2,E01001731,0,-1
2021471051277,2021,471051277,2,1,0,18,19,3,8,4,4,2,0,0,0,0,1,1,6,6,1,44,7,-1,-1,-1,-1,2,E01016944,0,-1
2021471068469,2021,471068469,2,1,0,18,19,1,5,0,0,8,0,0,0,0,2,1,5,6,1,68,10,-1,-1,-1,-1,10,E01031485,0,-1
202131D075821,2021,31D075821,2,1,0,18,19,1,5,0,0,0,0,0,0,0,1,1,6,6,1,56,9,-1,-1,-1,-1,9,E01013985,0,-1
2021061119369,2021,061119369,2,9,0,9,9,1,7,0,0,1,0,0,0,0,3,1,2,2,2,55,8,-1,-1,-1,-1,7,E01005771,0,-1
2021201038036,2021,201038036,1,9,0,5,5,-1,-1,0,0,0,0,0,0,0,1,1,6,6,3,-1,-1,-1,-1,-1,-1,-1,-1,0,-1
2021010304253,2021,010304253,1,1,9,99,99,9,9,99,99,9,9,99,9,99,1,1,2,2,1,28,6,-1,-1,-1,-1,1,E01004340,0,-1
2021052200001,2021,052200001,2,90,0,18,19,3,7,0,0,8,0,0,0,0,3,1,2,2,2,28,6,-1,-1,-1,-1,1,E01006522,0,-1
2021111064031,2021,111064031,1,9,0,9,9,2,8,0,0,2,0,0,0,0,1,1,6,6,3,30,6,-1,-1,-1,-1,-1,-1,0,-1
2021052100240,2021,052100240,1,23,0,7,7,1,3,0,0,8,1,0,0,0,0,1,6,6,1,22,5,-1,-1,-1,-1,1,E01006913,0,-1
2021010303075,2021,010303075,1,1,9,99,99,9,9,99,99,9,9,99,9,99,9,1,6,6,1,24,5,-1,-1,-1,-1,2,E01000889,0,-1
2021052101201,2021,052101201,2,1,0,99,99,9,9,0,0,0,0,0,0,0,9,1,2,2,1,41,7,-1,-1,-1,-1,1,E01006746,0,-1
2021501116512,2021,501116512,2,1,0,18,19,1,5,0,0,0,5,0,0,0,3,1,5,6,1,36,7,-1,-1,-1,-1,4,E01015029,0,-1
2021201060462,2021,201060462,1,9,0,18,19,-1,-1,0,0,1,0,0,1,0,2,1,6,6,2,-1,-1,-1,-1,-1,-1,-1,-1,0,-1
2021201071886,2021,201071886,2,9,0,16,19,4,6,0,0,0,0,0,0,0,1,1,1,1,1,47,8,-1,-1,-1,-1,3,E01009783,0,-1
2021010310381,2021,010310381,2,9,0,99,99,9,9,0,0,9,9,99,9,99,9,9,6,6,3,-1,-1,-1,-1,-1,-1,-1,-1,0,-1
2021221053492,2021,221053492,1,9,0,13,13,2,6,0,0,8,0,0,0,0,4,1,6,6,3,34,6,-1,-1,-1,-1,-1,-1,0,-1
2021161095542,2021,161095542,2,9,0,18,19,7,3,0,0,0,0,0,0,0,1,1,1,1,1,34,6,-1,-1,-1,-1,2,E01007638,0,-1
2021010287516,2021,010287516,1,1,0,18,19,5,1,0,0,8,0,0,0,0,3,1,2,2,1,25,5,-1,-1,-1,-1,1,E01001955,0,-1
2021451099432,2021,451099432,2,1,0,18,19,1,5,0,0,0,0,0,0,0,1,1,6,6,1,35,6,-1,-1,-1,-1,10,E01030532,0,-1
2021440249348,2021,440249348,1,11,0,18,19,6,2,0,0,0,0,0,0,0,0,1,1,1,3,-1,-1,-1,-1,-1,-1,-1,-1,0,-1
2021610019921,2021,610019921,2,1,0,18,19,7,3,0,0,4,0,0,0,0,2,1,6,6,1,43,7,-1,-1,-1,-1,-1,-1,0,-1
2021131039228,2021,131039228,1,9,0,5,5,7,3,0,0,2,0,0,0,0,1,1,6,6,1,38,7,-1,-1,-1,-1,1,E01011038,0,-1
2021170H10551,2021,170H10551,1,1,0,7,7,3,1,0,0,8,0,0,0,0,1,1,4,7,1,13,3,-1,-1,-1,-1,3,E01032541,0,-1
2021421096769,2021,421096769,2,1,0,18,19,5,1,0,0,0,0,0,1,0,2,1,6,6,1,58,9,-1,-1,-1,-1,1,E01003188,0,-1
2021170M21051,2021,170M21051,1,9,0,7,7,4,7,0,0,2,0,0,0,0,1,1,6,6,3,-1,-1,-1,-1,-1,-1,-1,-1,0,-1
2021161045467,2021,161045467,2,1,0,18,19,4,8,0,0,8,0,0,0,0,1,1,6,6,1,13,3,-1,-1,-1,-1,6,E01012912,0,-1
2021041078832,2021,041078832,1,9,0,-1,-1,-1,-1,0,0,1,0,0,0,0,-1,1,6,6,3,-1,-1,-1,-1,-1,-1,-1,-1,0,-1
2021170L30321,2021,170L30321,2,1,0,18,19,7,3,0,0,8,0,0,0,0,1,1,6,6,1,73,10,-1,-1,-1,-1,-1,-1,0,-1
2021461043796,2021,461043796,2,1,0,15,15,8,4,0,0,1,0,0,0,0,1,1,2,2,1,47,8,-1,-1,-1,-1,7,E01024060,0,-1
2021522104143,2021,522104143,2,9,0,13,13,4,8,0,0,8,0,0,0,0,1,1,6,6,2,37,7,-1,-1,-1,-1,4,E01014951,0,-1
2021010287898,2021,010287898,1,4,0,18,19,5,1,0,0,1,5,0,0,0,2,1,6,6,1,17,4,-1,-1,-1,-1,3,E01000635,0,-1
2021522201341,2021,522201341,2,9,0,9,9,3,1,0,0,8,0,0,0,0,1,1,6,6,1,54,8,-1,-1,-1,-1,6,E01020433,0,-1
2021461063113,2021,461063113,1,9,0,18,19,3,7,0,0,0,0,0,0,0,1,1,6,6,1,31,6,-1,-1,-1,-1,6,E01024700,0,-1
2021010315173,2021,010315173,2,9,9,99,99,9,9,99,99,9,9,99,9,99,9,9,6,6,3,-1,-1,-1,-1,-1,-1,-1,-1,0,-1
2021461107822,2021,461107822,1,9,0,18,19,3,7,0,0,0,0,0,0,0,1,1,6,6,1,-1,-1,-1,-1,-1,-1,-1,-1,0,-1
202163B097821,2021,63B097821,1,9,0,16,19,1,5,0,0,8,0,0,7,10,1,1,6,6,1,45,7,-1,-1,-1,-1,6,W01000519,0,-1
2021052200016,2021,052200016,1,9,0,17,19,5,1,0,0,4,0,0,0,0,3,1,6,6,3,-1,-1,-1,-1,-1,-1,-1,-1,0,-1
2021371039961,2021,371039961,2,1,0,9,9,7,5,0,0,8,0,0,0,0,2,1,2,2,1,45,7,-1,-1,-1,-1,5,E01029958,0,-1
2021302101401,2021,302101401,1,9,0,7,7,4,6,0,0,6,0,10,1,0,4,1,6,6,3,-1,-1,-1,-1,-1,-1,5,E01019456,0,-1
2021361084454,2021,361084454,2,1,0,18,19,7,3,0,0,1,0,0,0,0,4,1,3,7,2,45,7,-1,-1,-1,-1,7,E01033434,0,-1
2021451038423,2021,451038423,1,1,0,18,19,1,5,0,0,8,0,0,0,0,4,1,5,6,2,40,7,-1,-1,-1,-1,7,E01030414,0,-1
2021052102084,2021,052102084,1,9,0,18,19,5,1,0,0,1,0,0,0,0,1,1,3,7,1,39,7,-1,-1,-1,-1,4,E01006543,0,-1
2021522103820,2021,522103820,2,-1,0,18,19,8,4,0,0,8,0,0,0,0,1,1,6,6,2,21,5,-1,-1,-1,-1,4,E01014645,1,-1
2021440163612,2021,440163612,1,1,0,9,9,1,7,0,0,8,0,0,0,0,1,1,6,6,1,13,3,-1,-1,-1,-1,5,E01022842,0,-1
202134WNC5631,2021,34WNC5631,2,9,0,18,19,5,1,0,0,0,0,0,0,0,4,1,6,6,1,41,7,-1,-1,-1,-1,-1,-1,0,-1
202160Z029492,2021,60Z029492,2,19,0,18,19,3,7,0,0,1,0,0,1,1,1,1,1,1,1,60,9,-1,-1,-1,-1,-1,-1,0,-1
2021501066351,2021,501066351,1,-1,0,18,19,1,5,0,0,1,0,0,0,0,0,1,6,6,1,31,6,-1,-1,-1,-1,4,E01015056,1,-1
2021471040692,2021,471040692,2,1,0,18,19,2,6,0,0,8,0,0,0,0,1,1,2,2,1,26,6,-1,-1,-1,-1,-1,-1,0,-1
2021161030308,2021,161030308,2,1,0,18,19,1,5,0,0,2,0,0,0,0,2,1,4,7,2,13,3,-1,-1,-1,-1,1,E01012790,0,-1
2021320595261,2021,320595261,2,1,0,18,19,4,2,0,0,1,5,0,0,0,3,1,4,7,1,11,3,-1,-1,-1,-1,9,E01026263,0,-1
202160Z114313,2021,60Z114313,1,9,0,9,9,2,6,0,0,2,0,0,3,11,1,1,6,6,1,21,5,-1,-1,-1,-1,-1,-1,0,-1
2021430522880,2021,430522880,3,9,0,2,2,0,0,0,0,0,0,0,0,0,2,1,6,6,3,-1,-1,-1,-1,-1,-1,-1,-1,0,-1
2021371085070,2021,371085070,2,1,0,-1,-1,-1,-1,0,0,0,0,0,0,0,3,1,6,6,2,66,10,-1,-1,-1,-1,3,E01030025,0,-1
202131D186721,2021,31D186721,1,9,0,9,9,2,8,0,0,6,0,0,0,0,1,1,6,6,3,-1,-1,-1,-1,-1,-1,-1,-1,0,-1
2021421071410,2021,421071410,1,98,0,18,19,8,4,0,0,0,0,0,0,0,1,1,6,6,1,57,9,-1,-1,-1,-1,-1,-1,0,-1
2021010310491,2021,010310491,1,9,0,9,9,5,3,0,0,2,0,0,0,0,0,1,6,6,1,-1,-1,-1,-1,-1,-1,-1,-1,0,-1
2021622100548,2021,622100548,2,1,0,18,19,2,6,0,0,8,0,0,0,0,3,1,6,6,2,36,7,-1,-1,-1,-1,4,W01001834,0,-1
2021440113878,2021,440113878,1,90,0,4,4,8,4,0,0,0,0,0,0,0,1,1,2,2,1,56,9,-1,-1,-1,-1,3,E01017091,0,-1
2021010335182,2021,010335182,2,1,0,18,19,7,3,0,0,8,0,0,0,0,1,1,6,6,1,41,7,-1,-1,-1,-1,4,E01004569,0,-1
202134WNC7331,2021,34WNC7331,1,9,0,18,19,3,7,0,0,0,0,0,0,0,4,1,6,6,1,-1,-1,-1,-1,-1,-1,-1,-1,0,-1
2021010293139,2021,010293139,1,2,0,99,99,9,9,99,99,9,9,99,9,99,9,1,6,6,1,29,6,-1,-1,-1,-1,5,E01023924,0,-1
2021010338918,2021,010338918,2,1,9,99,99,9,9,99,99,9,9,99,9,99,9,1,6,6,3,38,7,-1,-1,-1,-1,7,E01023897,0,-1
2021010313949,2021,010313949,2,1,0,18,19,6,2,0,0,1,0,0,0,0,3,1,6,6,1,38,7,-1,-1,-1,-1,8,E01003795,0,-1
2021061043078,2021,061043078,2,1,0,18,19,5,1,0,0,8,0,0,0,0,1,1,6,6,1,47,8,-1,-1,-1,-1,-1,-1,0,-1
2021101126930,2021,101126930,1,9,0,18,19,3,7,0,0,2,0,0,0,0,1,1,6,6,1,25,5,-1,-1,-1,-1,-1,-1,0,-1
202163D082121,2021,63D082121,1,9,0,16,19,4,7,0,0,0,1,0,1,10,1,1,6,6,2,52,8,-1,-1,-1,-1,3,W01001009,0,-1
2021061050851,2021,061050851,1,1,0,18,19,2,6,2,2,1,0,0,0,0,3,1,1,1,1,28,6,-1,-1,-1,-1,4,E01005896,0,-1
2021101034308,2021,101034308,1,9,0,5,5,7,7,0,0,1,0,0,0,0,1,1,1,1,1,30,6,-1,-1,-1,-1,4,E01008565,0,-1
2021201082904,2021,201082904,1,9,0,4,4,4,8,0,0,1,0,0,0,0,2,1,6,6,2,-1,-1,-1,-1,-1,-1,-1,-1,0,-1
2021471076380,2021,471076380,2,9,0,18,19,5,1,0,0,2,0,0,0,0,1,1,6,6,1,28,6,-1,-1,-1,-1,5,E01031442,0,-1
2021052102094,2021,052102094,2,-1,0,12,12,6,2,0,0,0,0,0,0,0,3,1,2,2,1,19,4,-1,-1,-1,-1,3,E01006588,1,-1
2021010313571,2021,010313571,1,1,9,99,99,9,9,99,99,9,9,99,9,99,9,1,6,6,1,20,4,-1,-1,-1,-1,4,E01000921,0,-1
2021052101504,2021,052101504,2,8,0,9,9,1,7,0,0,8,0,0,0,0,1,1,6,6,3,-1,-1,-1,-1,-1,-1,-1,-1,0,-1
202154A623321,2021,54A623321,2,9,0,18,19,3,7,0,0,8,0,0,0,0,1,1,6,6,1,34,6,-1,-1,-1,-1,9,E01032038,0,-1
2021451022877,2021,451022877,2,1,0,18,19,1,3,0,0,0,0,0,0,0,1,1,6,6,1,40,7,-1,-1,-1,-1,5,E01003855,0,-1
2021010315949,2021,010315949,2,-1,9,18,19,3,7,99,99,0,9,99,9,0,9,1,6,6,1,30,6,-1,-1,-1,-1,1,E01004469,1,-1
2021010322347,2021,010322347,2,9,0,18,19,3,7,0,0,8,0,0,0,0,1,1,6,6,3,-1,-1,-1,-1,-1,-1,-1,-1,0,-1
2021122101511,2021,122101511,2,1,0,7,7,1,4,0,0,3,0,0,0,0,4,1,6,6,2,46,8,-1,-1,-1,-1,10,E01010646,0,-1
2021332100980,2021,332100980,1,9,0,9,9,2,8,0,0,6,0,0,0,0,3,1,6,6,2,76,11,-1,-1,-1,-1,5,E01025865,0,-1
2021010309691,2021,010309691,1,1,9,99,99,9,9,99,99,0,9,99,9,99,1,1,6,6,1,17,4,-1,-1,-1,-1,2,E01000021,0,-1
2021101032765,2021,101032765,1,9,0,7,7,7,1,0,0,2,0,0,0,0,1,1,6,6,3,-1,-1,-1,-1,-1,-1,-1,-1,0,-1
2021010309082,2021,010309082,2,9,0,99,99,9,9,99,99,9,9,99,9,99,1,9,6,6,3,-1,-1,-1,-1,-1,-1,-1,-1,0,-1
202160Z091613,2021,60Z091613,1,9,0,18,19,3,7,0,0,0,0,0,0,0,1,1,6,6,1,-1,-1,-1,-1,-1,-1,-1,-1,0,-1
2021131050149,2021,131050149,1,9,0,18,19,6,2,0,0,0,0,0,0,0,4,1,6,6,3,-1,-1,-1,-1,-1,-1,-1,-1,0,-1
202160Z090302,2021,60Z090302,2,9,0,5,5,4,8,0,0,8,0,0,0,0,2,1,6,6,2,50,8,-1,-1,-1,-1,-1,-1,0,-1
2021010308051,2021,010308051,1,-1,0,99,99,9,9,99,99,0,9,99,9,99,1,9,6,6,3,-1,-1,-1,-1,-1,-1,-1,-1,1,-1
2021332100667,2021,332100667,1,9,0,1,1,3,7,0,0,0,0,0,0,0,2,1,6,6,1,66,10,-1,-1,-1,-1,2,E01013654,0,-1
2021161038634,2021,161038634,1,9,0,18,19,1,7,0,0,3,0,0,0,0,0,1,6,6,3,-1,-1,-1,-1,-1,-1,-1,-1,0,-1
2021461061221,2021,461061221,2,1,0,18,19,7,3,0,0,1,0,0,0,0,1,1,6,6,1,61,9,-1,-1,-1,-1,1,E01024148,0,-1
2021622100380,2021,622100380,2,1,0,18,19,3,7,0,0,1,0,0,0,0,1,1,1,1,1,38,7,-1,-1,-1,-1,5,W01001837,0,-1
2021320173046,2021,320173046,2,1,0,18,19,4,8,0,0,8,0,0,0,0,2,1,6,6,1,23,5,-1,-1,-1,-1,7,E01026397,0,-1
2021421089999,2021,421089999,2,1,0,15,15,2,6,0,0,1,0,0,1,0,0,1,4,7,1,11,3,-1,-1,-1,-1,7,E01021655,0,-1
2021161012604,2021,161012604,1,9,0,17,19,3,7,0,0,0,5,0,8,4,1,1,1,1,1,41,7,-1,-1,-1,-1,8,E01012977,0,-1