collision_index,collision_year,collision_ref_no,vehicle_reference,vehicle_type,towing_and_articulation,vehicle_manoeuvre_historic,vehicle_manoeuvre,vehicle_direction_from,vehicle_direction_to,vehicle_location_restricted_lane_historic,vehicle_location_restricted_lane,junction_location,skidding_and_overturning,hit_object_in_carriageway,vehicle_leaving_carriageway,hit_object_off_carriageway,first_point_of_impact,vehicle_left_hand_drive,journey_purpose_of_driver_historic,journey_purpose_of_driver,sex_of_driver,age_of_driver,age_band_of_driver,engine_capacity_cc,propulsion_code,age_of_vehicle,generic_make_model,driver_imd_decile,lsoa_of_driver,escooter_flag,driver_distance_banding
2021440111133,2021,440111133,2,1,0,18,19,1,5,0,0,0,0,0,0,0,1,1,6,6,1,16,4,-1,-1,-1,-1,4,E01017028,0,-1
2021201049317,2021,201049317,1,9,0,5,5,2,6,0,0,6,0,0,0,0,1,1,6,6,1,40,7,-1,-1,-1,-1,3,E01009392,0,-1
2021440299734,2021,440299734,3,9,0,18,19,1,5,0,0,0,0,0,0,0,0,1,6,6,1,47,8,-1,-1,-1,-1,8,E01032845,0,-1
2021010314326,2021,010314326,2,9,0,99,99,9,9,99,99,9,9,99,9,99,9,9,6,6,1,42,7,-1,-1,-1,-1,6,E01000250,0,-1
2021451082050,2021,451082050,1,1,0,18,19,5,1,0,0,0,0,0,0,0,4,1,5,6,1,60,9,-1,-1,-1,-1,8,E01030847,0,-1
2021522104436,2021,522104436,1,-1,0,18,19,8,4,9,9,8,0,0,0,0,1,1,6,6,2,25,5,-1,-1,-1,-1,8,E01014672,1,-1
2021061034151,2021,061034151,1,9,0,18,19,3,1,0,0,0,0,0,0,0,1,1,6,6,3,30,6,-1,-1,-1,-1,-1,-1,0,-1
2021991074008,2021,991074008,1,9,0,18,19,8,4,0,0,0,0,0,0,0,3,1,1,1,1,49,8,-1,-1,-1,-1,2,-1,0,-1
2021010325537,2021,010325537,2,1,0,18,19,4,8,0,0,1,0,0,0,0,0,1,6,6,1,27,6,-1,-1,-1,-1,3,E01016445,0,-1
2021061109571,2021,061109571,1,90,0,18,19,1,5,0,0,0,0,0,0,0,4,1,6,6,3,30,6,-1,-1,-1,-1,-1,-1,0,-1
2021421087680,2021,421087680,1,1,0,18,19,7,7,0,0,0,0,0,1,9,2,1,5,6,2,62,9,-1,-1,-1,-1,-1,-1,0,-1
2021041043346,2021,041043346,1,9,0,-1,-1,-1,-1,-1,-1,-1,-1,-1,-1,0,-1,1,6,6,3,-1,-1,-1,-1,-1,-1,-1,-1,0,-1
202131C090821,2021,31C090821,2,-1,0,18,19,2,6,9,9,0,0,0,0,0,1,1,6,6,1,14,3,-1,-1,-1,-1,1,E01013940,1,-1
2021131079550,2021,131079550,2,1,0,-1,-1,-1,-1,-1,-1,-1,-1,-1,-1,-1,-1,1,6,6,1,21,5,-1,-1,-1,-1,4,E01010669,0,-1
2021141096993,2021,141096993,2,9,0,9,9,5,3,0,0,5,0,0,0,0,1,1,6,6,1,66,10,-1,-1,-1,-1,4,E01033264,0,-1
202131B007721,2021,31B007721,1,1,0,18,19,5,1,0,0,1,0,0,0,0,0,1,1,1,2,49,8,-1,-1,-1,-1,6,E01028046,0,-1
2021401061162,2021,401061162,1,1,0,18,19,6,2,9,9,1,0,0,0,0,1,1,5,6,1,10,2,-1,-1,-1,-1,9,E01033193,0,-1
2021010293512,2021,010293512,1,1,0,4,4,3,7,9,9,4,0,0,0,0,1,1,6,6,1,50,8,-1,-1,-1,-1,6,E01004608,0,-1
2021332101560,2021,332101560,1,19,0,18,19,1,5,0,0,0,0,0,0,0,1,1,6,6,1,38,7,-1,-1,-1,-1,-1,-1,0,-1
2021101048878,2021,101048878,1,1,0,18,19,5,1,5,5,0,0,0,0,0,1,1,6,6,1,14,3,-1,-1,-1,-1,-1,-1,0,-1
2021010306359,2021,010306359,2,3,0,99,99,9,9,99,99,0,9,99,9,99,1,1,6,6,3,-1,-1,-1,-1,-1,-1,-1,-1,0,-1
2021501055812,2021,501055812,2,1,0,18,19,7,4,0,0,8,0,0,0,0,4,1,2,2,1,41,7,-1,-1,-1,-1,5,E01015091,0,-1
2021101050652,2021,101050652,1,9,0,18,19,3,7,0,0,1,0,0,0,0,4,1,6,6,2,79,11,-1,-1,-1,-1,8,E01027370,0,-1
2021440471096,2021,440471096,2,9,0,18,19,1,4,0,0,5,0,0,0,0,2,1,6,6,2,21,5,-1,-1,-1,-1,3,E01022959,0,-1
2021201142505,2021,201142505,2,19,0,18,19,2,6,0,0,8,0,0,0,0,0,1,1,1,2,-1,-1,-1,-1,-1,-1,-1,-1,0,-1
2021010314912,2021,010314912,1,1,9,99,99,9,9,99,99,0,9,99,9,99,1,1,6,6,3,-1,-1,-1,-1,-1,-1,-1,-1,0,-1
2021101121599,2021,101121599,1,98,0,9,9,2,8,0,0,8,0,0,0,0,4,1,6,6,1,64,9,-1,-1,-1,-1,2,E01027519,0,-1
2021161055901,2021,161055901,2,1,0,18,19,1,5,0,0,8,0,0,0,0,4,1,6,6,2,55,8,-1,-1,-1,-1,1,E01012837,0,-1
2021440339226,2021,440339226,1,9,0,5,5,6,3,0,0,6,0,0,0,0,1,1,6,6,2,63,9,-1,-1,-1,-1,9,E01020373,0,-1
2021332101559,2021,332101559,2,9,0,18,19,3,7,0,0,8,0,0,0,0,1,1,6,6,1,25,5,-1,-1,-1,-1,-1,-1,0,-1
2021201061089,2021,201061089,1,11,-1,3,3,-1,-1,0,0,0,0,0,0,0,4,1,6,6,3,-1,-1,-1,-1,-1,-1,-1,-1,0,-1
2021010316134,2021,010316134,2,9,0,99,99,9,9,99,99,9,9,99,9,99,1,9,6,6,3,-1,-1,-1,-1,-1,-1,-1,-1,0,-1
2021041121203,2021,041121203,1,9,0,18,19,5,1,0,0,1,0,0,0,0,1,1,2,2,1,30,6,-1,-1,-1,-1,6,E01025546,0,-1
2021070270013,2021,070270013,2,8,0,18,19,2,6,0,0,8,0,0,0,0,3,1,1,1,1,59,9,-1,-1,-1,-1,5,E01012405,0,-1
2021010338317,2021,010338317,1,1,9,99,99,9,9,99,99,9,9,99,9,99,9,1,6,6,1,23,5,-1,-1,-1,-1,1,E01002751,0,-1
2021430042433,2021,430042433,1,4,0,18,19,6,2,0,0,4,1,0,0,0,1,1,6,6,1,30,6,-1,-1,-1,-1,-1,-1,0,-1
2021421063431,2021,421063431,1,9,0,7,7,4,8,0,0,0,0,0,0,0,0,1,6,6,3,-1,-1,-1,-1,-1,-1,-1,-1,0,-1
2021010304907,2021,010304907,1,3,0,7,7,7,1,0,0,3,0,0,0,0,4,1,6,6,1,43,7,-1,-1,-1,-1,6,E01001295,0,-1
2021461138547,2021,461138547,2,9,0,14,14,3,7,0,0,0,0,0,0,0,1,1,6,6,3,-1,-1,-1,-1,-1,-1,-1,-1,0,-1
202160Z179911,2021,60Z179911,1,9,0,18,19,7,3,0,0,0,1,0,4,6,1,1,6,6,1,18,4,-1,-1,-1,-1,-1,-1,0,-1
2021231071400,2021,231071400,1,9,0,18,19,1,4,0,0,1,0,0,0,0,1,1,5,6,2,40,7,-1,-1,-1,-1,1,E01009475,0,-1
2021522105103,2021,522105103,3,9,0,4,4,7,3,0,0,0,9,0,0,0,2,1,6,6,3,-1,-1,-1,-1,-1,-1,-1,-1,0,-1
2021141057504,2021,141057504,1,98,0,18,19,2,8,0,0,0,0,0,0,0,1,1,6,6,3,-1,-1,-1,-1,-1,-1,-1,-1,0,-1
202131C094521,2021,31C094521,2,1,0,18,19,2,6,2,2,8,0,0,0,0,1,1,6,6,1,60,9,-1,-1,-1,-1,2,E01013961,0,-1
2021101077090,2021,101077090,1,9,0,9,9,7,5,0,0,6,0,0,0,0,1,1,6,6,3,21,5,-1,-1,-1,-1,-1,-1,0,-1
2021052100859,2021,052100859,1,9,0,18,19,1,5,0,0,0,0,0,1,2,1,1,6,6,3,-1,-1,-1,-1,-1,-1,-1,-1,0,-1
2021041113219,2021,041113219,2,1,0,16,19,3,7,0,0,3,0,0,0,0,4,1,2,2,1,60,9,-1,-1,-1,-1,4,E01025149,0,-1
2021161110113,2021,161110113,1,9,0,18,19,8,4,0,0,8,0,0,0,0,1,1,6,6,1,20,4,-1,-1,-1,-1,-1,-1,0,-1
2021010296060,2021,010296060,2,1,0,18,19,3,7,0,0,8,0,0,0,0,2,1,2,2,1,56,9,-1,-1,-1,-1,6,E01004491,0,-1
202131B127121,2021,31B127121,1,9,0,18,19,4,8,0,0,1,0,0,7,0,0,1,6,6,3,-1,-1,-1,-1,-1,-1,-1,-1,0,-1
2021041034924,2021,041034924,1,9,0,4,4,3,7,0,0,1,1,0,0,0,1,1,1,1,1,58,9,-1,-1,-1,-1,7,E01025373,0,-1
2021010332580,2021,010332580,1,9,0,99,99,9,9,99,99,9,9,99,9,99,2,9,6,6,2,49,8,-1,-1,-1,-1,4,E01001142,0,-1
2021332100859,2021,332100859,2,9,0,18,19,6,2,0,0,0,1,0,1,0,3,1,6,6,1,20,4,-1,-1,-1,-1,7,E01025752,0,-1
2021052101152,2021,052101152,1,9,0,18,19,3,7,0,0,3,0,0,0,0,1,1,6,6,3,-1,-1,-1,-1,-1,-1,-1,-1,0,-1
202131C009021,2021,31C009021,1,9,0,18,19,8,4,0,0,6,0,0,1,0,4,1,6,6,2,29,6,-1,-1,-1,-1,5,E01013973,0,-1
2021430427322,2021,430427322,1,1,0,18,19,7,3,0,0,8,0,0,0,0,4,1,2,2,1,33,6,-1,-1,-1,-1,5,E01017913,0,-1
2021471061486,2021,471061486,2,1,0,18,19,7,3,9,9,0,0,0,0,0,1,1,5,6,1,56,9,-1,-1,-1,-1,6,E01031408,0,-1
2021010327065,2021,010327065,1,3,0,99,99,9,9,99,99,0,9,99,9,99,1,1,6,6,2,37,7,-1,-1,-1,-1,5,E01004519,0,-1
2021522101974,2021,522101974,1,9,0,4,4,5,1,0,0,0,0,0,0,0,2,1,6,6,2,24,5,-1,-1,-1,-1,10,E01014969,0,-1
2021010328814,2021,010328814,2,1,0,18,19,5,1,0,0,8,0,0,0,0,2,1,6,6,1,69,10,-1,-1,-1,-1,9,E01003382,0,-1
2021201054022,2021,201054022,1,19,0,18,19,6,2,0,0,2,0,0,0,0,1,1,6,6,3,-1,-1,-1,-1,-1,-1,-1,-1,0,-1
2021231078209,2021,231078209,3,9,3,18,19,5,1,0,0,2,0,0,0,0,0,1,6,6,3,55,8,-1,-1,-1,-1,-1,-1,0,-1
2021531066917,2021,531066917,1,9,0,9,9,1,7,0,0,8,0,0,0,0,1,1,1,1,1,50,8,-1,-1,-1,-1,7,E01032296,0,-1
2021471110762,2021,471110762,3,9,0,18,19,7,3,0,0,0,1,0,0,0,1,1,2,2,1,56,9,-1,-1,-1,-1,5,E01018213,0,-1
2021010301031,2021,010301031,1,9,9,99,99,9,9,99,99,9,9,99,9,99,9,9,6,6,3,-1,-1,-1,-1,-1,-1,-1,-1,0,-1
2021010290271,2021,010290271,1,21,1,18,19,2,6,0,0,1,0,0,0,0,2,1,6,6,3,-1,-1,-1,-1,-1,-1,-1,-1,0,-1
2021361060365,2021,361060365,2,1,0,7,7,1,5,0,0,8,0,0,0,0,4,1,5,6,2,35,6,-1,-1,-1,-1,5,E01026831,0,-1
2021231037926,2021,231037926,1,11,0,18,19,5,1,0,0,6,0,0,0,0,1,1,1,1,2,37,7,-1,-1,-1,-1,5,E01031262,0,-1
2021430081168,2021,430081168,1,11,0,18,19,8,4,0,0,0,0,0,0,0,1,1,1,1,1,66,10,-1,-1,-1,-1,4,E01028574,0,-1
2021010343924,2021,010343924,1,1,9,99,99,9,9,99,99,9,9,99,9,99,9,1,2,2,2,28,6,-1,-1,-1,-1,6,E01000865,0,-1
2021010325967,2021,010325967,1,1,9,99,99,9,9,99,99,9,9,99,9,99,9,1,1,1,1,29,6,-1,-1,-1,-1,1,E01002790,0,-1
2021041038792,2021,041038792,1,-1,0,18,19,1,5,0,0,0,0,0,0,0,0,1,5,6,1,41,7,-1,-1,-1,-1,1,E01006005,1,-1
2021052102627,2021,052102627,1,1,0,18,19,6,2,0,0,1,0,0,0,0,1,1,6,6,1,34,6,-1,-1,-1,-1,1,E01006776,0,-1
2021141033824,2021,141033824,3,9,0,-1,-1,-1,-1,-1,-1,8,-1,-1,-1,0,-1,1,6,6,3,-1,-1,-1,-1,-1,-1,-1,-1,0,-1
202134NNC6191,2021,34NNC6191,2,9,0,17,19,3,7,0,0,0,0,0,0,0,2,1,2,2,1,30,6,-1,-1,-1,-1,9,E01027125,0,-1
2021161110565,2021,161110565,1,19,0,18,19,1,5,0,0,0,0,0,0,0,4,1,6,6,3,-1,-1,-1,-1,-1,-1,-1,-1,0,-1
202106J080117,2021,06J080117,2,9,0,18,19,1,5,0,0,1,0,0,0,0,1,1,6,6,2,46,8,-1,-1,-1,-1,2,E01005774,0,-1
2021411028011,2021,411028011,1,90,0,15,15,5,1,0,0,0,0,0,0,0,1,1,6,6,3,-1,-1,-1,-1,-1,-1,-1,-1,0,-1
2021320113980,2021,320113980,2,1,0,18,19,2,6,0,0,1,0,0,0,0,1,1,1,1,2,41,7,-1,-1,-1,-1,-1,-1,0,-1
2021010296335,2021,010296335,2,19,0,99,99,9,9,99,99,9,9,99,9,99,1,9,6,6,3,28,6,-1,-1,-1,-1,-1,-1,0,-1
2021302100643,2021,302100643,2,9,0,18,19,2,6,0,0,0,0,0,0,0,1,1,6,6,1,35,6,-1,-1,-1,-1,-1,-1,0,-1
202160Z105382,2021,60Z105382,1,9,0,18,19,2,5,0,0,0,1,0,1,11,3,1,6,6,1,93,11,-1,-1,-1,-1,-1,-1,0,-1
2021131124198,2021,131124198,1,9,0,18,19,4,8,0,0,0,0,0,0,0,1,1,6,6,3,-1,-1,-1,-1,-1,-1,-1,-1,0,-1
2021531059473,2021,531059473,1,9,0,18,19,5,1,0,0,0,0,0,0,0,1,1,6,6,3,-1,-1,-1,-1,-1,-1,-1,-1,0,-1
2021010325418,2021,010325418,2,9,0,99,99,9,9,0,0,1,0,0,0,0,9,1,6,6,3,-1,-1,-1,-1,-1,-1,-1,-1,0,-1
2021010314252,2021,010314252,2,98,0,99,99,9,9,99,99,9,9,99,9,99,1,9,6,6,3,-1,-1,-1,-1,-1,-1,-1,-1,0,-1
202160Z062681,2021,60Z062681,2,10,0,18,19,3,7,0,0,0,0,0,0,0,4,1,6,6,1,42,7,-1,-1,-1,-1,-1,-1,0,-1
2021131078415,2021,131078415,2,9,0,2,2,0,0,9,9,0,0,0,0,0,3,2,6,6,3,-1,-1,-1,-1,-1,-1,-1,-1,0,-1
2021052100993,2021,052100993,1,9,0,18,19,6,2,0,0,6,0,0,0,0,1,1,6,6,2,36,7,-1,-1,-1,-1,6,E01007065,0,-1
2021991035955,2021,991035955,1,9,0,5,5,4,8,0,0,1,0,0,3,11,1,1,5,6,1,45,7,-1,-1,-1,-1,4,-1,0,-1
2021010302489,2021,010302489,1,1,9,99,99,9,9,99,99,9,9,99,9,99,9,1,2,2,2,26,6,-1,-1,-1,-1,4,E01000475,0,-1
2021070819523,2021,070819523,1,1,0,18,19,3,7,9,9,1,0,0,0,0,1,1,6,6,1,14,3,-1,-1,-1,-1,-1,-1,0,-1
202131A030821,2021,31A030821,1,19,0,14,14,6,2,0,0,0,0,0,0,0,4,1,6,6,3,-1,-1,-1,-1,-1,-1,-1,-1,0,-1
2021421087000,2021,421087000,2,21,1,18,19,4,2,0,0,0,0,0,0,0,2,1,1,1,3,-1,-1,-1,-1,-1,-1,-1,-1,0,-1
2021101115408,2021,101115408,1,9,0,18,19,3,1,0,0,1,0,0,0,0,1,1,6,6,3,-1,-1,-1,-1,-1,-1,-1,-1,0,-1
2021141070766,2021,141070766,2,1,0,5,5,1,1,0,0,0,5,0,0,0,1,1,6,6,1,42,7,-1,-1,-1,-1,10,E01007931,0,-1
2021221020933,2021,221020933,1,19,0,5,5,8,4,0,0,4,0,0,0,0,1,1,6,6,3,40,7,-1,-1,-1,-1,-1,-1,0,-1
202134NNC2311,2021,34NNC2311,2,9,0,12,12,3,7,0,0,0,0,0,0,0,2,1,1,1,1,38,7,-1,-1,-1,-1,3,E01027197,0,-1
2021201025602,2021,201025602,1,9,-1,9,9,-1,-1,0,0,5,0,0,0,0,1,1,6,6,3,-1,-1,-1,-1,-1,-1,-1,-1,0,-1
2021332101542,2021,332101542,1,1,0,18,19,5,1,0,0,0,0,0,0,0,0,1,6,6,1,25,5,-1,-1,-1,-1,-1,-1,0,-1
2021070169755,2021,070169755,2,1,0,11,11,8,6,0,0,3,0,0,1,0,2,1,2,2,1,48,8,-1,-1,-1,-1,1,E01018740,0,-1
2021430316204,2021,430316204,1,9,0,17,19,8,5,0,0,0,2,0,7,4,1,1,6,6,1,18,4,-1,-1,-1,-1,7,E01017915,0,-1
2021361065384,2021,361065384,2,1,0,18,19,3,7,9,9,0,0,0,0,0,4,1,5,6,1,18,4,-1,-1,-1,-1,4,E01026474,0,-1
2021547292921,2021,547292921,1,9,0,18,19,7,3,0,0,1,0,0,0,0,1,1,6,6,1,39,7,-1,-1,-1,-1,9,E01031841,0,-1
2021991051994,2021,991051994,2,1,0,18,19,1,5,4,4,1,0,0,0,0,1,1,6,6,1,33,6,-1,-1,-1,-1,6,-1,0,-1
2021010345939,2021,010345939,2,9,4,99,99,9,9,99,99,0,9,99,9,99,2,9,6,6,3,-1,-1,-1,-1,-1,-1,-1,-1,0,-1
2021010328282,2021,010328282,1,-1,0,18,19,1,5,0,0,1,0,0,0,0,1,1,6,6,3,-1,-1,-1,-1,-1,-1,-1,-1,1,-1
2021440381637,2021,440381637,1,3,0,14,14,4,8,0,0,0,0,0,0,0,1,1,1,1,1,17,4,-1,-1,-1,-1,9,E01022699,0,-1
2021010310908,2021,010310908,2,-1,0,18,19,7,3,4,4,1,0,0,0,0,1,1,6,6,1,42,7,-1,-1,-1,-1,4,E01004642,1,-1
2021201025292,2021,201025292,1,9,0,18,19,-1,-1,0,0,8,0,0,0,0,1,1,6,6,3,-1,-1,-1,-1,-1,-1,-1,-1,0,-1
2021401087474,2021,401087474,2,1,0,18,19,-1,-1,0,0,8,0,0,0,0,3,1,4,7,1,13,3,-1,-1,-1,-1,8,E01017591,0,-1
2021430018061,2021,430018061,1,9,0,9,9,5,3,0,0,5,0,0,0,0,1,1,6,6,3,-1,-1,-1,-1,-1,-1,-1,-1,0,-1
2021131124199,2021,131124199,4,9,0,4,4,7,3,0,0,1,0,0,0,0,1,1,1,1,1,22,5,-1,-1,-1,-1,7,E01011067,0,-1
2021421110353,2021,421110353,2,1,0,18,19,1,5,0,0,0,0,0,0,0,4,1,5,6,1,41,7,-1,-1,-1,-1,3,E01021845,0,-1
2021131068734,2021,131068734,2,1,0,18,19,4,8,0,0,8,5,0,0,0,2,1,6,6,1,59,9,-1,-1,-1,-1,7,E01011159,0,-1
2021501051750,2021,501051750,1,9,0,18,19,1,5,0,0,1,1,0,0,0,1,1,1,1,1,28,6,-1,-1,-1,-1,4,E01020321,0,-1
2021991038252,2021,991038252,1,9,0,18,19,7,2,0,0,0,0,0,0,0,4,1,6,6,3,73,10,-1,-1,-1,-1,-1,-1,0,-1
2021010348141,2021,010348141,1,9,0,5,5,8,4,0,0,1,0,0,0,0,1,1,6,6,3,-1,-1,-1,-1,-1,-1,-1,-1,0,-1
2021141077954,2021,141077954,3,98,0,18,19,5,1,0,0,0,0,0,0,0,1,1,6,6,1,31,6,-1,-1,-1,-1,8,E01007672,0,-1
2021041046883,2021,041046883,1,90,0,18,19,7,3,0,0,8,0,0,0,0,1,1,1,1,1,37,7,-1,-1,-1,-1,3,E01024887,0,-1
202163C068621,2021,63C068621,1,4,0,17,19,2,7,0,0,0,1,0,7,10,1,1,6,6,1,17,4,-1,-1,-1,-1,1,W01000570,0,-1
2021471096653,2021,471096653,2,9,0,13,13,2,6,0,0,0,0,0,0,0,4,1,5,6,2,51,8,-1,-1,-1,-1,9,E01021151,0,-1
20211383R1449,2021,1383R1449,2,1,0,18,19,7,3,0,0,1,0,0,0,0,1,1,6,6,1,60,9,-1,-1,-1,-1,10,E01011454,0,-1
2021201084905,2021,201084905,1,9,0,11,11,5,1,0,0,4,0,0,0,0,4,1,6,6,2,-1,-1,-1,-1,-1,-1,-1,-1,0,-1
2021141013654,2021,141013654,2,1,0,18,19,6,2,0,0,1,0,0,0,0,1,1,6,6,1,73,10,-1,-1,-1,-1,7,E01007596,0,-1
202134NNC2011,2021,34NNC2011,2,9,0,2,2,0,0,0,0,0,0,0,0,0,2,1,6,6,1,31,6,-1,-1,-1,-1,8,E01027162,0,-1
2021010315658,2021,010315658,1,1,0,18,19,3,7,0,0,0,0,0,0,0,0,1,6,6,1,65,9,-1,-1,-1,-1,10,E01003424,0,-1
2021332100284,2021,332100284,1,9,0,13,13,2,6,0,0,8,0,0,1,10,1,1,6,6,1,25,5,-1,-1,-1,-1,-1,-1,0,-1
2021320222339,2021,320222339,1,9,0,16,19,6,2,0,0,0,0,0,0,0,1,1,6,6,1,40,7,-1,-1,-1,-1,-1,-1,0,-1
2021320342742,2021,320342742,2,1,0,9,9,6,6,0,0,8,5,0,0,0,1,1,6,6,1,73,10,-1,-1,-1,-1,-1,-1,0,-1
2021302100927,2021,302100927,2,9,0,18,19,2,6,9,9,1,0,0,0,0,2,1,6,6,3,-1,-1,-1,-1,-1,-1,5,E01019456,0,-1
2021371031409,2021,371031409,2,1,0,5,5,1,6,9,9,8,0,0,0,0,2,1,5,6,2,24,5,-1,-1,-1,-1,5,E01030266,0,-1
2021161063779,2021,161063779,1,1,0,18,19,4,8,4,4,0,0,0,0,0,3,1,6,6,2,35,6,-1,-1,-1,-1,4,E01012760,0,-1
2021010294347,2021,010294347,1,1,9,99,99,9,9,99,99,9,9,99,9,99,9,1,6,6,1,31,6,-1,-1,-1,-1,9,E01003356,0,-1
202131B023621,2021,31B023621,1,9,0,18,19,4,8,0,0,0,0,0,0,0,1,1,6,6,3,-1,-1,-1,-1,-1,-1,-1,-1,0,-1
2021451055897,2021,451055897,1,97,0,18,19,5,1,9,9,0,0,0,0,0,0,1,1,1,3,38,7,-1,-1,-1,-1,-1,-1,0,-1
2021610042821,2021,610042821,1,9,0,16,19,2,5,0,0,0,0,0,0,0,1,1,6,6,1,76,11,-1,-1,-1,-1,-1,-1,0,-1
2021430579041,2021,430579041,1,9,0,18,19,3,7,0,0,1,0,0,0,0,1,1,6,6,3,-1,-1,-1,-1,-1,-1,-1,-1,0,-1
2021010328319,2021,010328319,2,-1,0,7,7,1,3,0,0,1,0,0,0,0,3,1,6,6,1,43,7,-1,-1,-1,-1,1,E01033153,1,-1
2021010351794,2021,010351794,1,9,0,18,19,5,1,0,0,8,0,0,0,0,1,1,6,6,3,-1,-1,-1,-1,-1,-1,-1,-1,0,-1
2021010335203,2021,010335203,2,9,0,99,99,9,9,99,99,9,9,99,9,99,1,9,6,6,2,39,7,-1,-1,-1,-1,10,E01023878,0,-1
2021201025296,2021,201025296,1,1,0,18,19,4,8,9,9,0,0,0,0,0,1,1,6,6,1,30,6,-1,-1,-1,-1,1,E01008932,0,-1
2021010344337,2021,010344337,2,9,0,18,19,5,1,0,0,1,0,0,0,0,1,2,2,2,1,34,6,-1,-1,-1,-1,7,E01001534,0,-1
2021101030349,2021,101030349,1,9,-1,11,11,5,2,4,4,0,0,0,0,0,2,1,6,6,1,35,6,-1,-1,-1,-1,-1,-1,0,-1
2021471041131,2021,471041131,1,9,0,18,19,1,5,0,0,0,0,0,0,0,3,1,6,6,3,-1,-1,-1,-1,-1,-1,-1,-1,0,-1
2021010323281,2021,010323281,1,8,0,5,5,0,2,0,0,1,0,0,0,0,3,1,1,1,1,58,9,-1,-1,-1,-1,4,E01000477,0,-1
2021302100148,2021,302100148,1,9,0,14,14,2,6,0,0,0,0,0,0,0,1,1,6,6,3,-1,-1,-1,-1,-1,-1,5,E01019456,0,-1
2021052102456,2021,052102456,2,1,0,6,6,4,4,0,0,0,0,0,0,0,1,1,1,1,1,38,7,-1,-1,-1,-1,1,E01033764,0,-1
2021471088110,2021,471088110,2,9,0,3,3,5,1,0,0,1,0,0,0,0,2,1,5,6,1,35,6,-1,-1,-1,-1,10,E01031725,0,-1
2021471038205,2021,471038205,2,1,0,9,9,1,7,0,0,3,0,0,0,0,3,1,2,2,1,43,7,-1,-1,-1,-1,4,E01031785,0,-1
2021430179460,2021,430179460,1,1,0,18,19,4,8,0,0,0,0,0,0,0,3,1,6,6,2,65,9,-1,-1,-1,-1,8,E01016275,0,-1
2021061087247,2021,061087247,2,1,0,12,12,7,3,9,9,0,0,0,0,0,1,1,2,2,1,62,9,-1,-1,-1,-1,6,E01005420,0,-1
2021201110571,2021,201110571,1,9,0,5,5,2,6,0,0,0,0,0,0,0,4,1,6,6,1,54,8,-1,-1,-1,-1,3,E01009732,0,-1
2021430469383,2021,430469383,2,1,0,18,19,5,1,0,0,8,0,0,0,0,1,1,6,6,1,15,3,-1,-1,-1,-1,9,E01027250,0,-1
2021421047956,2021,421047956,2,9,0,18,19,7,3,0,0,4,0,0,0,0,1,1,2,2,1,63,9,-1,-1,-1,-1,5,E01015928,0,-1
202160Z087238,2021,60Z087238,1,9,0,18,19,2,6,0,0,4,0,0,0,0,1,1,6,6,2,36,7,-1,-1,-1,-1,-1,-1,0,-1
2021201145894,2021,201145894,1,1,0,18,19,6,2,0,0,0,0,0,0,0,0,1,6,6,1,38,7,-1,-1,-1,-1,2,E01009405,0,-1
2021061097525,2021,061097525,1,90,0,18,19,1,5,0,0,1,0,0,0,0,3,1,6,6,1,30,6,-1,-1,-1,-1,-1,-1,0,-1
202160Z046982,2021,60Z046982,1,9,0,18,19,4,8,0,0,8,0,0,0,0,1,1,6,6,1,52,8,-1,-1,-1,-1,-1,-1,0,-1
2021031077733,2021,031077733,2,9,0,7,7,3,7,0,0,6,0,0,0,0,3,1,6,6,1,57,9,-1,-1,-1,-1,3,E01019209,0,-1
2021010348914,2021,010348914,1,9,0,17,19,1,6,0,0,1,1,0,1,0,1,1,6,6,3,-1,-1,-1,-1,-1,-1,-1,-1,0,-1
2021052101646,2021,052101646,2,19,0,3,3,2,6,0,0,0,0,0,0,0,2,1,6,6,3,-1,-1,-1,-1,-1,-1,-1,-1,0,-1
2021070514084,2021,070514084,2,1,0,9,9,1,5,0,0,1,0,0,0,0,3,1,6,6,1,38,7,-1,-1,-1,-1,-1,-1,0,-1
2021481153470,2021,481153470,2,1,0,15,15,2,6,4,4,0,0,0,0,0,1,1,2,2,1,36,7,-1,-1,-1,-1,-1,-1,0,-1
2021332100387,2021,332100387,2,5,0,18,19,2,6,0,0,1,0,0,0,0,1,1,6,6,1,52,8,-1,-1,-1,-1,5,E01025920,0,-1
2021111028117,2021,111028117,2,19,0,18,19,5,1,0,0,0,0,0,0,0,1,1,6,6,3,20,4,-1,-1,-1,-1,-1,-1,0,-1
2021070692263,2021,070692263,1,1,0,18,19,8,4,4,4,1,0,0,0,0,0,1,6,6,1,42,7,-1,-1,-1,-1,10,E01018700,0,-1
2021061136031,2021,061136031,2,1,0,18,19,5,8,0,0,1,0,0,0,0,4,1,6,6,1,44,7,-1,-1,-1,-1,8,E01005852,0,-1
2021440167535,2021,440167535,1,1,0,18,19,7,3,0,0,0,0,0,0,0,3,1,4,7,1,15,3,-1,-1,-1,-1,10,E01022512,0,-1
2021131118809,2021,131118809,1,9,0,-1,-1,-1,-1,-1,-1,0,-1,-1,-1,-1,-1,1,6,6,3,-1,-1,-1,-1,-1,-1,-1,-1,0,-1
2021361025986,2021,361025986,4,9,0,2,2,0,0,0,0,0,0,0,0,0,2,1,6,6,3,-1,-1,-1,-1,-1,-1,-1,-1,0,-1
2021440174546,2021,440174546,1,1,0,9,9,1,7,0,0,1,0,0,0,0,3,1,1,1,2,59,9,-1,-1,-1,-1,5,E01022832,0,-1
2021141119841,2021,141119841,2,9,0,1,1,1,5,0,0,0,0,0,0,0,2,1,6,6,3,-1,-1,-1,-1,-1,-1,-1,-1,0,-1
2021430510559,2021,430510559,1,9,0,9,9,3,1,0,0,6,0,0,1,0,3,1,6,6,1,37,7,-1,-1,-1,-1,9,E01028759,0,-1
202163D025521,2021,63D025521,1,9,0,10,10,1,7,0,0,8,0,0,0,0,2,1,1,1,2,37,7,-1,-1,-1,-1,6,W01000487,0,-1
2021201137065,2021,201137065,1,1,0,18,19,8,4,9,9,0,0,0,0,0,3,1,6,6,2,62,9,-1,-1,-1,-1,2,E01010506,0,-1
2021070659269,2021,070659269,1,8,0,5,5,3,7,0,0,1,0,0,0,0,1,1,1,1,1,18,4,-1,-1,-1,-1,3,E01018447,0,-1
2021332100629,2021,332100629,2,9,0,9,9,3,1,0,0,6,0,0,0,0,3,1,6,6,1,47,8,-1,-1,-1,-1,-1,-1,0,-1