collision_index,collision_year,collision_ref_no,vehicle_reference,vehicle_type,towing_and_articulation,vehicle_manoeuvre_historic,vehicle_manoeuvre,vehicle_direction_from,vehicle_direction_to,vehicle_location_restricted_lane_historic,vehicle_location_restricted_lane,junction_location,skidding_and_overturning,hit_object_in_carriageway,vehicle_leaving_carriageway,hit_object_off_carriageway,first_point_of_impact,vehicle_left_hand_drive,journey_purpose_of_driver_historic,journey_purpose_of_driver,sex_of_driver,age_of_driver,age_band_of_driver,engine_capacity_cc,propulsion_code,age_of_vehicle,generic_make_model,driver_imd_decile,lsoa_of_driver,escooter_flag,driver_distance_banding
2021371020283,2021,371020283,1,9,0,18,19,7,3,0,0,1,0,0,0,0,1,1,6,6,1,26,6,-1,-1,-1,-1,5,E01030174,0,-1
2021141071100,2021,141071100,2,9,0,9,9,2,8,0,0,1,0,0,0,0,1,1,6,6,3,-1,-1,-1,-1,-1,-1,-1,-1,0,-1
2021211034726,2021,211034726,1,19,0,18,19,8,4,0,0,0,0,0,0,0,3,1,6,6,1,42,7,-1,-1,-1,-1,6,E01014363,0,-1
2021351109284,2021,351109284,2,1,0,18,19,5,1,9,9,1,0,0,0,0,1,1,4,7,2,16,4,-1,-1,-1,-1,7,E01018002,0,-1
2021320411842,2021,320411842,2,1,0,17,19,7,3,0,0,8,0,0,0,0,0,1,6,6,1,58,9,-1,-1,-1,-1,9,E01026195,0,-1
2021141035477,2021,141035477,2,1,0,18,19,8,4,0,0,1,0,0,0,0,1,1,6,6,1,60,9,-1,-1,-1,-1,8,E01007561,0,-1
2021010322089,2021,010322089,1,4,0,18,19,4,8,0,0,1,0,0,0,0,1,1,6,6,1,60,9,-1,-1,-1,-1,10,E01017664,0,-1
2021610039221,2021,610039221,2,98,0,18,19,1,5,0,0,8,0,0,0,0,3,1,1,1,1,38,7,-1,-1,-1,-1,-1,-1,0,-1
202160Z165122,2021,60Z165122,1,9,0,9,9,7,4,0,0,2,0,0,0,0,1,1,6,6,1,56,9,-1,-1,-1,-1,-1,-1,0,-1
2021221119593,2021,221119593,1,19,0,7,7,3,5,0,0,5,0,0,0,0,4,1,1,1,2,48,8,-1,-1,-1,-1,1,E01022289,0,-1
2021070252891,2021,070252891,2,1,0,18,19,4,8,0,0,8,0,0,0,0,0,1,6,6,1,14,3,-1,-1,-1,-1,1,E01012546,0,-1
2021010301041,2021,010301041,2,1,0,4,4,7,3,0,0,1,0,0,0,0,3,1,6,6,1,38,7,-1,-1,-1,-1,2,E01000221,0,-1
2021131038468,2021,131038468,1,97,0,13,13,6,2,0,0,8,0,0,0,0,1,1,5,6,1,16,4,-1,-1,-1,-1,1,E01011616,0,-1
202163A100721,2021,63A100721,1,9,0,18,19,8,3,0,0,1,0,0,0,0,1,1,1,1,1,37,7,-1,-1,-1,-1,5,W01000696,0,-1
2021451114533,2021,451114533,2,9,0,7,7,1,5,0,0,3,0,0,0,0,4,1,6,6,3,35,6,-1,-1,-1,-1,-1,-1,0,-1
2021451037864,2021,451037864,1,1,0,16,19,5,1,0,0,0,0,0,0,0,3,1,5,6,1,52,8,-1,-1,-1,-1,10,E01030841,0,-1
2021010332056,2021,010332056,2,9,0,6,6,5,5,0,0,1,0,0,0,0,2,1,6,6,2,21,5,-1,-1,-1,-1,-1,-1,0,-1
2021010328069,2021,010328069,2,1,0,5,5,2,6,0,0,1,0,0,0,0,4,1,1,1,2,50,8,-1,-1,-1,-1,3,E01003275,0,-1
202134WNC7511,2021,34WNC7511,1,9,0,18,19,1,5,0,0,0,0,0,0,0,1,1,6,6,1,23,5,-1,-1,-1,-1,7,E01027281,0,-1
2021461093274,2021,461093274,2,19,0,18,19,4,8,0,0,0,0,0,0,0,4,1,2,2,1,50,8,-1,-1,-1,-1,5,E01024356,0,-1
2021010351731,2021,010351731,2,1,0,18,19,1,5,0,0,1,5,0,1,0,1,1,6,6,1,57,9,-1,-1,-1,-1,9,E01001454,0,-1
2021061131538,2021,061131538,1,9,-1,18,19,8,4,0,0,8,0,0,0,0,1,1,6,6,3,-1,-1,-1,-1,-1,-1,-1,-1,0,-1
2021461069938,2021,461069938,2,9,0,4,4,1,5,0,0,0,0,0,0,0,1,1,6,6,2,31,6,-1,-1,-1,-1,3,E01024717,0,-1
2021131071913,2021,131071913,1,9,0,-1,-1,-1,-1,-1,-1,-1,-1,-1,-1,-1,-1,1,6,6,3,-1,-1,-1,-1,-1,-1,-1,-1,0,-1
202106N079339,2021,06N079339,1,9,0,9,9,5,1,0,0,1,0,0,0,0,1,1,6,6,1,32,6,-1,-1,-1,-1,5,E01005040,0,-1
2021010300905,2021,010300905,2,9,0,99,99,9,9,99,99,9,9,99,9,99,9,9,6,6,3,-1,-1,-1,-1,-1,-1,-1,-1,0,-1
2021041063884,2021,041063884,2,1,0,18,19,5,1,0,0,1,0,0,0,0,1,1,2,2,1,53,8,-1,-1,-1,-1,8,E01024957,0,-1
2021111028795,2021,111028795,2,1,0,18,19,3,7,0,0,1,0,0,0,0,1,1,6,6,2,43,7,-1,-1,-1,-1,10,E01020713,0,-1
2021332100119,2021,332100119,2,19,0,9,9,2,8,0,0,6,0,0,0,0,3,1,1,1,1,23,5,-1,-1,-1,-1,2,E01019646,0,-1
2021031077322,2021,031077322,1,9,0,3,3,1,5,0,0,0,0,0,0,0,2,1,6,6,2,60,9,-1,-1,-1,-1,5,E01019363,0,-1
2021421110772,2021,421110772,1,-1,0,18,19,5,2,0,0,0,0,0,0,0,1,1,5,6,2,13,3,-1,-1,-1,-1,3,E01021423,1,-1
2021401077699,2021,401077699,2,9,0,2,2,0,0,0,0,2,0,0,0,0,3,1,6,6,3,-1,-1,-1,-1,-1,-1,-1,-1,0,-1
2021010341923,2021,010341923,1,9,9,99,99,9,9,99,99,9,0,0,9,99,9,9,2,2,2,54,8,-1,-1,-1,-1,2,E01003297,0,-1
202163D062421,2021,63D062421,2,9,0,17,19,5,2,0,0,0,0,0,0,0,1,1,6,6,1,80,11,-1,-1,-1,-1,8,W01000429,0,-1
2021522101551,2021,522101551,2,9,0,13,13,7,3,0,0,2,0,0,0,0,4,1,6,6,3,-1,-1,-1,-1,-1,-1,-1,-1,0,-1
2021201014177,2021,201014177,4,9,0,2,2,0,0,9,9,1,0,0,0,0,3,1,6,6,1,-1,-1,-1,-1,-1,-1,2,E01010403,0,-1
2021161056351,2021,161056351,2,1,0,9,9,3,1,0,0,0,0,0,0,0,1,1,6,6,1,28,6,-1,-1,-1,-1,5,E01012772,0,-1
2021302100521,2021,302100521,2,22,0,18,19,8,4,0,0,0,0,0,0,0,3,1,6,6,2,10,2,-1,-1,-1,-1,-1,-1,0,-1
2021522103618,2021,522103618,1,9,0,3,3,1,5,0,0,1,0,0,0,0,1,1,6,6,1,62,9,-1,-1,-1,-1,2,E01014626,0,-1
2021052101534,2021,052101534,2,1,0,18,19,7,3,0,0,0,0,0,0,0,4,1,6,6,1,39,7,-1,-1,-1,-1,1,E01006446,0,-1
2021421102676,2021,421102676,1,9,0,-1,-1,-1,-1,-1,-1,-1,-1,-1,-1,0,-1,1,6,6,3,-1,-1,-1,-1,-1,-1,-1,-1,0,-1
2021010320906,2021,010320906,1,9,0,99,99,9,9,0,0,8,9,0,0,99,4,9,6,6,3,-1,-1,-1,-1,-1,-1,-1,-1,0,-1
2021141089442,2021,141089442,3,9,0,4,4,8,5,0,0,1,0,0,0,0,1,1,5,6,1,41,7,-1,-1,-1,-1,1,E01007372,0,-1
2021302101605,2021,302101605,1,9,0,18,19,2,6,0,0,0,0,0,0,0,4,1,6,6,3,-1,-1,-1,-1,-1,-1,5,E01019456,0,-1
202131B113921,2021,31B113921,1,5,0,18,19,4,8,0,0,1,0,0,1,0,4,1,6,6,1,63,9,-1,-1,-1,-1,-1,-1,0,-1
2021430548125,2021,430548125,2,1,0,9,9,6,4,0,0,8,0,0,0,0,4,1,6,6,2,37,7,-1,-1,-1,-1,10,E01016630,0,-1
2021332100695,2021,332100695,1,9,0,9,9,3,1,0,0,6,0,0,0,0,1,1,3,7,2,35,6,-1,-1,-1,-1,7,E01025659,0,-1
2021010329261,2021,010329261,2,9,0,18,19,3,7,0,0,0,0,0,0,0,1,1,6,6,1,50,8,-1,-1,-1,-1,3,E01001841,0,-1
2021430164854,2021,430164854,1,9,0,7,7,1,3,0,0,3,0,0,0,0,3,1,6,6,2,-1,-1,-1,-1,-1,-1,-1,-1,0,-1
2021371085164,2021,371085164,2,1,0,18,19,4,4,0,0,2,2,0,0,0,2,1,5,6,2,12,3,-1,-1,-1,-1,2,E01030289,0,-1
2021161097880,2021,161097880,2,1,0,18,19,6,2,0,0,6,0,0,0,0,1,1,2,2,1,21,5,-1,-1,-1,-1,9,E01013172,0,-1
2021332100836,2021,332100836,2,9,0,18,19,3,7,0,0,8,0,0,0,0,1,1,6,6,2,29,6,-1,-1,-1,-1,7,E01025926,0,-1
2021070460350,2021,070460350,2,1,0,9,9,5,3,0,0,5,0,0,0,0,3,1,2,2,1,35,6,-1,-1,-1,-1,4,E01018454,0,-1
2021041031018,2021,041031018,3,1,0,18,19,8,4,0,0,1,0,0,0,0,0,1,6,6,1,61,9,-1,-1,-1,-1,5,E01025095,0,-1
2021440120724,2021,440120724,2,9,0,7,7,2,5,0,0,8,0,0,0,0,1,1,6,6,3,-1,-1,-1,-1,-1,-1,-1,-1,0,-1
202163D001221,2021,63D001221,4,3,0,16,19,5,8,0,0,0,1,0,0,0,1,1,2,2,1,24,5,-1,-1,-1,-1,7,W01000459,0,-1
2021991107941,2021,991107941,2,9,0,2,2,6,7,0,0,1,0,0,0,0,3,1,6,6,2,-1,-1,-1,-1,-1,-1,-1,-1,0,-1
2021610021321,2021,610021321,2,19,0,18,19,3,7,0,0,2,0,0,0,0,1,1,1,1,1,27,6,-1,-1,-1,-1,-1,-1,0,-1
2021010341950,2021,010341950,1,8,0,5,5,7,3,9,9,6,0,0,0,0,4,1,1,1,1,-1,-1,-1,-1,-1,-1,-1,-1,0,-1
2021010303291,2021,010303291,2,1,0,5,5,8,4,0,0,8,0,0,0,0,0,1,6,6,1,33,6,-1,-1,-1,-1,8,E01001963,0,-1
2021131109434,2021,131109434,3,9,0,18,19,5,1,0,0,0,1,0,0,0,1,1,1,1,1,36,7,-1,-1,-1,-1,9,E01012256,0,-1
2021430522672,2021,430522672,2,9,0,5,5,4,8,8,6,0,0,0,0,0,1,1,6,6,3,-1,-1,-1,-1,-1,-1,-1,-1,0,-1
2021010322385,2021,010322385,2,9,0,99,99,9,9,99,99,9,9,99,9,99,9,9,6,6,3,-1,-1,-1,-1,-1,-1,-1,-1,0,-1
2021302101222,2021,302101222,2,9,0,9,9,8,6,0,0,1,0,0,0,0,3,1,6,6,2,36,7,-1,-1,-1,-1,-1,-1,0,-1
2021041040236,2021,041040236,1,9,0,18,19,3,7,0,0,0,0,0,0,0,1,1,5,6,2,50,8,-1,-1,-1,-1,1,E01012686,0,-1
2021430525511,2021,430525511,1,9,0,7,7,2,4,0,0,8,0,0,0,0,3,1,6,6,1,24,5,-1,-1,-1,-1,8,E01002157,0,-1
2021010343904,2021,010343904,1,1,9,99,99,9,9,99,99,0,9,99,9,99,2,1,6,6,1,29,6,-1,-1,-1,-1,2,E01003595,0,-1
2021010337990,2021,010337990,1,1,0,18,19,5,1,0,0,2,0,0,0,0,4,1,6,6,1,-1,-1,-1,-1,-1,-1,1,E01003318,0,-1
2021061044699,2021,061044699,1,9,0,18,19,5,1,0,0,1,0,0,0,0,1,1,6,6,3,30,6,-1,-1,-1,-1,-1,-1,0,-1
2021010324514,2021,010324514,2,1,0,18,19,8,4,5,5,8,0,0,0,0,1,1,6,6,1,21,5,-1,-1,-1,-1,3,E01003708,0,-1
202163C039121,2021,63C039121,2,1,0,17,19,1,6,0,0,0,0,0,0,0,1,1,6,6,1,17,4,-1,-1,-1,-1,-1,-1,0,-1
2021101059471,2021,101059471,2,9,0,18,19,5,1,0,0,2,0,0,0,0,1,1,5,6,1,45,7,-1,-1,-1,-1,10,E01008548,0,-1
202134NNC3341,2021,34NNC3341,2,1,0,5,5,7,3,0,0,6,0,0,0,0,4,1,6,6,1,33,6,-1,-1,-1,-1,2,E01026961,0,-1
2021201075292,2021,201075292,2,1,0,10,10,4,8,0,0,5,0,0,0,0,0,1,6,6,1,67,10,-1,-1,-1,-1,1,E01009308,0,-1
2021440359134,2021,440359134,1,9,0,1,1,6,2,0,0,8,0,0,0,0,2,1,6,6,1,-1,-1,-1,-1,-1,-1,-1,-1,0,-1
2021610006521,2021,610006521,1,2,0,18,19,2,6,0,0,1,0,0,0,0,1,1,6,6,1,20,4,-1,-1,-1,-1,-1,-1,0,-1
2021549822021,2021,549822021,1,9,0,18,19,5,1,0,0,0,0,0,0,0,1,1,6,6,3,-1,-1,-1,-1,-1,-1,-1,-1,0,-1
2021522105877,2021,522105877,1,1,0,18,19,1,5,0,0,0,0,0,0,0,1,1,6,6,2,30,6,-1,-1,-1,-1,-1,-1,0,-1
2021552101192,2021,552101192,2,9,0,18,19,8,4,0,0,0,0,0,0,0,2,1,6,6,2,39,7,-1,-1,-1,-1,5,E01020412,0,-1
2021351032313,2021,351032313,2,19,0,10,10,7,3,0,0,0,0,0,0,0,2,1,6,6,1,65,9,-1,-1,-1,-1,6,E01032166,0,-1
2021552100312,2021,552100312,2,1,0,2,2,0,0,0,0,1,0,0,0,0,2,1,6,6,1,83,11,-1,-1,-1,-1,5,E01033283,0,-1
2021401071806,2021,401071806,2,-1,0,5,5,1,5,0,0,6,0,0,0,0,3,1,2,2,1,27,6,-1,-1,-1,-1,2,E01015791,1,-1
2021010319959,2021,010319959,1,-1,0,18,19,5,1,9,9,7,0,0,0,0,1,1,6,6,1,-1,-1,-1,-1,-1,-1,-1,-1,1,-1
2021302100384,2021,302100384,2,90,0,9,9,8,4,0,0,4,0,0,0,0,0,1,6,6,3,-1,-1,-1,-1,-1,-1,5,E01019456,0,-1
2021332101540,2021,332101540,2,9,0,18,19,2,6,0,0,8,0,0,0,0,1,1,6,6,1,29,6,-1,-1,-1,-1,-1,-1,0,-1
202163A100821,2021,63A100821,2,1,0,18,19,2,6,0,0,1,0,0,0,0,1,1,6,6,1,34,6,-1,-1,-1,-1,6,W01000630,0,-1
2021010314053,2021,010314053,2,1,0,18,19,3,7,4,4,1,0,0,0,0,1,1,6,6,2,25,5,-1,-1,-1,-1,3,E01003969,0,-1
2021010290049,2021,010290049,2,9,0,18,19,5,1,0,0,1,0,7,0,0,1,1,6,6,1,22,5,-1,-1,-1,-1,5,E01003195,0,-1
2021522103596,2021,522103596,2,-1,0,18,19,4,8,0,0,8,0,0,0,0,1,1,6,6,2,38,7,-1,-1,-1,-1,3,E01014674,1,-1
2021010338625,2021,010338625,1,9,0,99,99,9,9,99,99,9,9,99,9,99,1,9,6,6,3,-1,-1,-1,-1,-1,-1,-1,-1,0,-1
2021332100150,2021,332100150,1,9,0,18,19,2,6,0,0,0,1,0,0,0,1,1,6,6,1,25,5,-1,-1,-1,-1,1,E01025725,0,-1
2021010347983,2021,010347983,1,1,0,18,19,4,8,0,0,1,0,0,0,0,1,1,6,6,1,41,7,-1,-1,-1,-1,5,E01033325,0,-1
2021131114045,2021,131114045,1,9,0,4,4,8,-1,0,0,1,0,0,0,0,1,1,6,6,3,-1,-1,-1,-1,-1,-1,-1,-1,0,-1
2021371089975,2021,371089975,1,9,0,18,19,3,6,0,0,2,0,0,0,0,1,1,2,2,1,20,4,-1,-1,-1,-1,9,E01018037,0,-1
2021361088156,2021,361088156,2,9,0,18,19,5,1,0,0,8,1,0,7,0,1,1,5,6,1,62,9,-1,-1,-1,-1,10,E01026543,0,-1
2021332100781,2021,332100781,2,5,0,9,9,7,5,0,0,5,0,0,0,0,1,1,6,6,1,70,10,-1,-1,-1,-1,6,E01013505,0,-1
202160Z183127,2021,60Z183127,1,9,0,18,19,5,1,0,0,1,0,0,0,0,0,1,6,6,1,77,11,-1,-1,-1,-1,-1,-1,0,-1
2021332100535,2021,332100535,1,9,0,18,19,5,1,0,0,8,0,0,0,0,4,1,6,6,2,70,10,-1,-1,-1,-1,6,E01025746,0,-1
2021332100640,2021,332100640,2,5,0,9,9,1,7,0,0,3,0,0,0,0,1,1,2,2,1,60,9,-1,-1,-1,-1,4,E01019679,0,-1
2021440493256,2021,440493256,1,9,0,16,19,6,2,0,0,0,1,0,0,0,0,1,6,6,1,35,6,-1,-1,-1,-1,7,E01017316,0,-1
2021010295641,2021,010295641,2,9,0,99,99,9,9,99,99,9,9,99,9,99,9,9,6,6,3,-1,-1,-1,-1,-1,-1,-1,-1,0,-1
2021010314383,2021,010314383,2,9,0,99,99,9,9,99,99,9,9,99,9,99,1,9,6,6,3,-1,-1,-1,-1,-1,-1,-1,-1,0,-1
2021070615741,2021,070615741,1,22,0,18,19,6,2,9,9,1,5,0,0,0,3,1,6,6,1,74,10,-1,-1,-1,-1,10,E01012517,0,-1
2021351138227,2021,351138227,2,-1,0,9,9,5,4,0,0,8,0,0,0,0,3,1,5,6,2,21,5,-1,-1,-1,-1,7,E01018279,1,-1
2021421056757,2021,421056757,2,1,0,18,19,5,1,0,0,4,0,0,0,0,1,1,5,6,1,31,6,-1,-1,-1,-1,8,E01021371,0,-1
202134WNC7181,2021,34WNC7181,1,1,0,18,19,5,1,0,0,0,0,0,0,0,1,1,1,1,1,22,5,-1,-1,-1,-1,1,E01027195,0,-1
2021010307378,2021,010307378,2,1,9,99,99,9,9,99,99,0,9,99,9,99,1,1,6,6,1,-1,-1,-1,-1,-1,-1,-1,-1,0,-1
2021010320314,2021,010320314,1,1,0,16,19,7,3,0,0,1,0,0,0,0,1,1,2,2,1,24,5,-1,-1,-1,-1,4,E01001835,0,-1
2021010297415,2021,010297415,2,1,0,18,19,8,4,0,0,1,0,0,0,0,1,1,6,6,1,17,4,-1,-1,-1,-1,2,E01003256,0,-1
2021302100449,2021,302100449,1,22,0,4,4,1,8,0,0,6,0,0,0,0,0,1,6,6,1,37,7,-1,-1,-1,-1,2,E01013598,0,-1
2021010312162,2021,010312162,1,1,9,99,99,9,9,99,99,9,9,99,9,99,2,1,2,2,1,31,6,-1,-1,-1,-1,8,E01000181,0,-1
2021010322616,2021,010322616,1,11,9,99,99,9,9,0,0,4,9,99,9,99,9,9,6,6,1,50,8,-1,-1,-1,-1,7,E01002338,0,-1
2021461083541,2021,461083541,2,1,0,18,19,8,4,0,0,0,5,0,0,0,1,1,5,6,1,16,4,-1,-1,-1,-1,8,E01024043,0,-1
2021610058121,2021,610058121,1,23,0,16,19,5,8,0,0,3,0,0,0,0,1,1,1,1,1,55,8,-1,-1,-1,-1,3,W01001546,0,-1
202131P131621,2021,31P131621,1,21,1,12,12,4,8,0,0,8,0,0,0,0,3,2,1,1,1,60,9,-1,-1,-1,-1,-1,-1,0,-1
2021010348181,2021,010348181,1,9,0,17,19,1,5,0,0,8,0,0,0,0,1,1,6,6,3,-1,-1,-1,-1,-1,-1,-1,-1,0,-1
2021461071893,2021,461071893,1,1,0,18,19,7,3,0,0,0,0,0,0,0,1,1,6,6,1,62,9,-1,-1,-1,-1,4,E01032810,0,-1
2021010293148,2021,010293148,2,9,0,99,99,9,9,99,99,9,9,99,9,99,1,9,6,6,3,-1,-1,-1,-1,-1,-1,-1,-1,0,-1
2021010334843,2021,010334843,1,9,0,9,9,3,1,0,0,4,0,0,0,0,4,1,6,6,3,-1,-1,-1,-1,-1,-1,-1,-1,0,-1
2021131120839,2021,131120839,1,9,0,-1,-1,-1,-1,-1,-1,1,-1,-1,-1,-1,-1,1,6,6,3,-1,-1,-1,-1,-1,-1,-1,-1,0,-1
2021440312327,2021,440312327,1,1,0,18,19,2,6,0,0,0,0,0,0,0,3,1,6,6,2,27,6,-1,-1,-1,-1,1,E01017281,0,-1
2021170M11031,2021,170M11031,2,1,0,17,19,5,2,0,0,8,0,0,0,0,4,1,6,6,1,41,7,-1,-1,-1,-1,9,E01032593,0,-1
2021610041021,2021,610041021,2,1,0,18,19,5,1,0,0,4,0,0,0,0,1,1,4,7,1,12,3,-1,-1,-1,-1,-1,-1,0,-1
2021101026569,2021,101026569,1,1,0,9,9,6,2,0,0,6,0,0,0,0,1,1,5,6,1,37,7,-1,-1,-1,-1,2,E01008280,0,-1
2021010305669,2021,010305669,1,1,0,3,3,1,5,2,2,1,0,0,0,0,1,1,1,1,1,23,5,-1,-1,-1,-1,3,E01032774,0,-1
2021010309961,2021,010309961,2,1,9,99,99,9,9,99,99,9,9,99,9,99,9,1,6,6,3,-1,-1,-1,-1,-1,-1,-1,-1,0,-1
2021461105848,2021,461105848,1,9,0,18,19,5,1,0,0,0,0,0,1,0,4,1,6,6,3,-1,-1,-1,-1,-1,-1,-1,-1,0,-1
2021010328671,2021,010328671,2,9,0,99,99,9,9,99,99,9,9,99,9,99,1,9,6,6,3,-1,-1,-1,-1,-1,-1,5,E01001902,0,-1
2021122100405,2021,122100405,1,1,0,18,19,1,5,0,0,0,0,0,0,0,1,1,1,1,1,33,6,-1,-1,-1,-1,7,E01013406,0,-1
2021401027862,2021,401027862,2,1,0,18,19,2,2,0,0,0,0,0,0,0,1,1,4,7,1,12,3,-1,-1,-1,-1,10,E01017544,0,-1
2021010310234,2021,010310234,2,9,0,7,7,6,7,0,0,1,0,0,0,0,4,1,6,6,3,-1,-1,-1,-1,-1,-1,-1,-1,0,-1
2021451097215,2021,451097215,2,9,0,18,19,8,4,0,0,0,0,0,0,0,3,2,6,6,2,60,9,-1,-1,-1,-1,-1,-1,0,-1
2021430478291,2021,430478291,1,19,0,18,19,4,8,0,0,0,0,0,0,0,1,2,1,1,1,23,5,-1,-1,-1,-1,3,E01016721,0,-1
2021411039539,2021,411039539,1,9,0,2,2,0,0,0,0,1,0,0,0,0,1,1,6,6,3,-1,-1,-1,-1,-1,-1,-1,-1,0,-1
2021552101156,2021,552101156,1,1,0,18,19,6,2,0,0,0,0,4,0,0,1,1,6,6,1,63,9,-1,-1,-1,-1,5,E01020472,0,-1
202160Z052968,2021,60Z052968,1,20,0,18,19,7,3,0,0,0,0,0,0,0,4,1,6,6,3,-1,-1,-1,-1,-1,-1,-1,-1,0,-1
2021421106113,2021,421106113,2,9,0,18,19,5,5,0,0,0,0,0,0,0,1,1,2,2,1,60,9,-1,-1,-1,-1,6,E01021907,0,-1
2021031030431,2021,031030431,1,9,0,13,13,1,5,0,0,1,0,0,0,0,4,1,6,6,3,-1,-1,-1,-1,-1,-1,-1,-1,0,-1
2021451077128,2021,451077128,2,1,0,18,19,7,3,0,0,8,0,0,0,0,3,1,5,6,1,34,6,-1,-1,-1,-1,8,E01002946,0,-1
2021471082185,2021,471082185,2,1,0,18,19,7,3,0,0,0,0,0,0,0,3,1,5,6,2,65,9,-1,-1,-1,-1,6,E01016887,0,-1
2021411117899,2021,411117899,3,9,-1,18,19,1,5,0,0,0,0,0,0,0,2,1,6,6,3,-1,-1,-1,-1,-1,-1,-1,-1,0,-1
202131D074321,2021,31D074321,2,16,0,18,19,4,8,0,0,0,0,0,0,0,3,1,6,6,2,27,6,-1,-1,-1,-1,3,E01025697,0,-1
202160Z174586,2021,60Z174586,1,3,0,18,19,4,8,0,0,0,0,0,0,0,0,1,6,6,1,46,8,-1,-1,-1,-1,-1,-1,0,-1
2021010294068,2021,010294068,1,1,0,18,19,8,4,0,0,8,9,99,0,0,1,1,6,6,1,31,6,-1,-1,-1,-1,9,E01000351,0,-1
2021010312386,2021,010312386,2,9,0,99,99,9,9,99,99,9,9,99,9,99,1,9,6,6,3,-1,-1,-1,-1,-1,-1,-1,-1,0,-1
2021610039321,2021,610039321,2,9,0,18,19,4,8,0,0,1,0,11,0,0,1,1,6,6,2,31,6,-1,-1,-1,-1,-1,-1,0,-1
2021070234777,2021,070234777,2,1,0,18,19,8,4,0,0,8,0,0,0,0,1,1,6,6,1,42,7,-1,-1,-1,-1,5,E01018501,0,-1
2021010328849,2021,010328849,2,1,0,18,19,7,3,0,0,2,0,0,0,0,1,1,2,2,1,40,7,-1,-1,-1,-1,3,E01003618,0,-1
2021332100716,2021,332100716,2,3,0,18,19,4,8,0,0,8,1,0,0,0,1,1,6,6,1,29,6,-1,-1,-1,-1,3,E01025706,0,-1
2021430470651,2021,430470651,1,9,0,18,19,5,1,0,0,0,0,0,0,0,1,1,6,6,3,-1,-1,-1,-1,-1,-1,-1,-1,0,-1
202131B188521,2021,31B188521,2,1,0,18,19,1,5,0,0,3,0,0,0,0,4,1,6,6,1,54,8,-1,-1,-1,-1,5,E01028336,0,-1
2021221034694,2021,221034694,1,1,0,18,19,6,2,0,0,0,0,4,0,0,1,1,6,6,1,18,4,-1,-1,-1,-1,-1,-1,0,-1
2021061114858,2021,061114858,2,-1,0,18,19,1,5,0,0,8,0,0,0,0,1,1,6,6,1,55,8,-1,-1,-1,-1,3,E01005271,1,-1
2021010315089,2021,010315089,2,9,9,99,99,9,9,99,99,9,9,12,9,99,9,9,6,6,3,-1,-1,-1,-1,-1,-1,-1,-1,0,-1
2021531048040,2021,531048040,1,9,0,1,1,5,1,0,0,0,0,0,0,0,2,1,6,6,3,-1,-1,-1,-1,-1,-1,-1,-1,0,-1
2021361064082,2021,361064082,2,97,0,7,7,8,3,0,0,8,0,0,0,0,4,1,6,6,3,-1,-1,-1,-1,-1,-1,-1,-1,0,-1
2021371014111,2021,371014111,2,9,0,18,19,-1,-1,0,0,0,0,0,0,0,4,1,6,6,2,47,8,-1,-1,-1,-1,5,E01030219,0,-1
2021461106388,2021,461106388,2,11,-1,-1,-1,-1,-1,-1,-1,-1,-1,-1,-1,0,-1,1,1,1,1,29,6,-1,-1,-1,-1,3,E01024715,0,-1
2021161019023,2021,161019023,1,22,0,7,7,1,3,0,0,2,0,0,0,0,3,1,6,6,1,56,9,-1,-1,-1,-1,1,E01013136,0,-1
2021010329608,2021,010329608,2,19,0,18,19,7,3,0,0,1,2,0,0,0,1,1,2,2,1,38,7,-1,-1,-1,-1,4,E01000980,0,-1
2021101114953,2021,101114953,1,1,0,7,7,2,4,0,0,8,0,0,0,0,1,1,6,6,3,-1,-1,-1,-1,-1,-1,-1,-1,0,-1
2021010341358,2021,010341358,1,1,9,99,99,9,9,99,99,9,9,99,9,99,1,1,2,2,2,26,6,-1,-1,-1,-1,4,E01032766,0,-1
2021430452548,2021,430452548,1,1,0,9,9,8,6,0,0,6,0,0,0,0,3,1,6,6,1,11,3,-1,-1,-1,-1,-1,-1,0,-1
202160Z140118,2021,60Z140118,2,98,0,9,9,2,8,0,0,3,0,0,0,0,1,1,6,6,1,56,9,-1,-1,-1,-1,-1,-1,0,-1
2021170H10061,2021,170H10061,2,1,0,18,19,8,4,0,0,8,0,0,0,0,1,1,6,6,1,17,4,-1,-1,-1,-1,9,E01011971,0,-1
2021141119003,2021,141119003,2,9,0,18,19,6,2,0,0,0,0,0,0,0,1,1,6,6,3,-1,-1,-1,-1,-1,-1,-1,-1,0,-1
2021430003181,2021,430003181,1,9,0,16,19,7,1,0,0,8,0,0,0,0,3,1,6,6,1,-1,-1,-1,-1,-1,-1,-1,-1,0,-1
2021010342139,2021,010342139,1,1,0,99,99,9,9,0,0,8,0,0,0,0,3,1,2,2,1,33,6,-1,-1,-1,-1,5,E01003392,0,-1
2021471038767,2021,471038767,1,1,0,5,5,2,6,0,0,8,0,0,0,0,4,1,6,6,1,40,7,-1,-1,-1,-1,7,E01031540,0,-1
2021332100077,2021,332100077,1,9,0,9,9,1,7,0,0,5,0,0,0,0,1,1,1,1,1,42,7,-1,-1,-1,-1,1,E01013603,0,-1
2021010301806,2021,010301806,2,1,0,18,19,3,7,5,5,1,0,0,0,0,1,1,1,1,1,36,7,-1,-1,-1,-1,3,E01002781,0,-1
2021451056960,2021,451056960,3,1,0,18,19,2,6,0,0,8,1,0,0,0,3,1,5,6,1,26,6,-1,-1,-1,-1,2,E01004263,0,-1
2021411102607,2021,411102607,2,1,0,9,9,8,6,0,0,8,0,0,0,0,2,1,2,2,1,24,5,-1,-1,-1,-1,9,E01023419,0,-1
2021010315575,2021,010315575,1,1,0,18,19,7,3,9,9,1,0,0,0,0,1,1,6,6,1,21,5,-1,-1,-1,-1,10,E01027732,0,-1
2021610011921,2021,610011921,2,9,0,18,19,0,0,0,0,0,0,0,0,0,1,1,6,6,1,67,10,-1,-1,-1,-1,-1,-1,0,-1
2021461073488,2021,461073488,3,90,5,2,2,0,0,6,6,0,0,0,0,0,1,1,1,1,1,60,9,-1,-1,-1,-1,8,E01024652,0,-1
2021440190565,2021,440190565,1,1,0,4,4,5,1,0,0,0,0,0,1,0,3,1,6,6,1,51,8,-1,-1,-1,-1,10,E01016282,0,-1
2021991066260,2021,991066260,4,1,0,18,19,2,6,0,0,1,0,0,0,0,3,1,5,6,1,44,7,-1,-1,-1,-1,3,-1,0,-1