collision_index,collision_year,collision_ref_no,vehicle_reference,vehicle_type,towing_and_articulation,vehicle_manoeuvre_historic,vehicle_manoeuvre,vehicle_direction_from,vehicle_direction_to,vehicle_location_restricted_lane_historic,vehicle_location_restricted_lane,junction_location,skidding_and_overturning,hit_object_in_carriageway,vehicle_leaving_carriageway,hit_object_off_carriageway,first_point_of_impact,vehicle_left_hand_drive,journey_purpose_of_driver_historic,journey_purpose_of_driver,sex_of_driver,age_of_driver,age_band_of_driver,engine_capacity_cc,propulsion_code,age_of_vehicle,generic_make_model,driver_imd_decile,lsoa_of_driver,escooter_flag,driver_distance_banding
2021461121897,2021,461121897,2,1,0,14,14,3,1,0,0,0,0,0,0,0,1,1,5,6,1,-1,-1,-1,-1,-1,-1,6,E01024052,0,-1
2021371140194,2021,371140194,1,9,0,18,19,-1,-1,0,0,0,0,0,0,0,1,1,6,6,3,-1,-1,-1,-1,-1,-1,-1,-1,0,-1
2021991088151,2021,991088151,1,1,0,18,19,2,6,0,0,1,1,0,0,0,1,1,6,6,1,74,10,-1,-1,-1,-1,10,-1,0,-1
2021122200151,2021,122200151,1,9,0,18,19,1,5,0,0,1,0,0,0,0,1,1,6,6,3,-1,-1,-1,-1,-1,-1,-1,-1,0,-1
2021430516026,2021,430516026,1,9,0,18,19,4,8,2,2,8,0,0,0,0,1,1,6,6,2,21,5,-1,-1,-1,-1,4,E01016517,0,-1
2021010331701,2021,010331701,2,1,9,99,99,9,9,99,99,0,9,99,9,99,9,1,6,6,3,-1,-1,-1,-1,-1,-1,-1,-1,0,-1
2021010348832,2021,010348832,2,1,0,17,19,5,1,0,0,1,0,0,0,0,1,1,2,2,1,28,6,-1,-1,-1,-1,4,E01002088,0,-1
2021010297763,2021,010297763,1,9,0,18,19,1,5,0,0,0,0,0,0,0,4,1,6,6,3,-1,-1,-1,-1,-1,-1,-1,-1,0,-1
2021430460604,2021,430460604,1,9,0,18,19,5,1,0,0,0,0,0,0,0,1,1,6,6,2,44,7,-1,-1,-1,-1,3,E01016846,0,-1
2021411065251,2021,411065251,2,1,0,-1,-1,-1,-1,0,0,1,0,0,0,0,-1,1,6,6,3,-1,-1,-1,-1,-1,-1,-1,-1,0,-1
2021010327825,2021,010327825,2,1,0,12,12,5,1,0,0,0,0,0,0,0,3,1,6,6,1,26,6,-1,-1,-1,-1,3,E01001831,0,-1
2021411115425,2021,411115425,1,1,0,12,12,7,3,0,0,0,0,0,0,0,1,1,5,6,1,21,5,-1,-1,-1,-1,6,E01023868,0,-1
2021010300653,2021,010300653,2,9,0,5,5,3,7,0,0,8,0,0,0,0,1,1,1,1,1,25,5,-1,-1,-1,-1,5,E01004046,0,-1
2021552101349,2021,552101349,2,1,0,18,19,8,4,0,0,8,0,0,0,0,1,1,6,6,1,27,6,-1,-1,-1,-1,2,E01032662,0,-1
2021991150602,2021,991150602,1,9,0,1,1,8,4,0,0,0,0,0,0,0,2,1,6,6,1,65,9,-1,-1,-1,-1,-1,-1,0,-1
2021201064153,2021,201064153,2,1,0,18,19,3,7,0,0,1,0,0,0,0,1,1,6,6,1,43,7,-1,-1,-1,-1,4,E01009394,0,-1
2021010311726,2021,010311726,2,9,0,99,99,9,9,99,99,9,9,99,9,99,9,9,6,6,3,-1,-1,-1,-1,-1,-1,-1,-1,0,-1
2021552101361,2021,552101361,2,1,0,18,19,3,8,0,0,8,0,0,0,0,4,1,6,6,1,24,5,-1,-1,-1,-1,2,E01015367,0,-1
2021361143411,2021,361143411,2,1,0,18,19,1,7,0,0,1,0,0,0,0,0,1,4,7,1,13,3,-1,-1,-1,-1,7,E01026556,0,-1
2021610011121,2021,610011121,1,9,0,18,19,1,5,0,0,0,0,0,0,0,1,1,6,6,1,95,11,-1,-1,-1,-1,-1,-1,0,-1
2021332100249,2021,332100249,4,98,0,18,19,1,5,0,0,0,0,0,0,0,2,1,1,1,1,54,8,-1,-1,-1,-1,3,E01019515,0,-1
2021161031430,2021,161031430,2,1,0,18,19,4,8,0,0,8,0,0,0,0,1,1,6,6,1,16,4,-1,-1,-1,-1,1,E01012906,0,-1
2021010318677,2021,010318677,1,2,9,99,99,9,9,99,99,9,9,99,9,99,9,1,6,6,1,24,5,-1,-1,-1,-1,2,E01033485,0,-1
2021010328689,2021,010328689,1,9,0,18,19,5,1,0,0,8,0,0,0,0,1,1,6,6,3,-1,-1,-1,-1,-1,-1,-1,-1,0,-1
2021010335035,2021,010335035,2,9,0,1,1,3,7,0,0,5,0,0,1,0,0,1,6,6,1,31,6,-1,-1,-1,-1,3,E01023873,0,-1
2021991038439,2021,991038439,2,9,0,2,2,0,0,0,0,0,0,0,0,0,1,1,6,6,3,-1,-1,-1,-1,-1,-1,-1,-1,0,-1
202131D028721,2021,31D028721,2,9,0,18,19,6,2,0,0,8,0,0,0,0,1,1,6,6,1,55,8,-1,-1,-1,-1,8,E01028371,0,-1
2021461063191,2021,461063191,2,1,0,18,19,1,5,0,0,1,0,0,0,0,3,1,6,6,1,-1,-1,-1,-1,-1,-1,-1,-1,0,-1
2021332100572,2021,332100572,1,9,0,18,19,1,5,0,0,0,0,0,0,0,1,1,6,6,3,-1,-1,-1,-1,-1,-1,-1,-1,0,-1
2021332100246,2021,332100246,2,19,0,17,19,2,7,0,0,0,0,0,0,0,1,1,1,1,1,31,6,-1,-1,-1,-1,5,E01025653,0,-1
2021070392894,2021,070392894,1,9,0,18,19,4,8,0,0,0,0,0,0,0,0,1,6,6,2,-1,-1,-1,-1,-1,-1,-1,-1,0,-1
2021451084437,2021,451084437,1,1,0,18,19,3,7,0,0,8,0,0,0,0,2,1,5,6,2,37,7,-1,-1,-1,-1,8,E01030732,0,-1
2021031116832,2021,031116832,1,97,0,18,19,8,3,9,9,0,0,10,1,2,1,1,6,6,1,16,4,-1,-1,-1,-1,1,E01019197,0,-1
2021131095249,2021,131095249,1,1,0,18,19,4,2,9,9,1,0,0,0,0,1,1,6,6,1,11,3,-1,-1,-1,-1,2,E01011105,0,-1
202134WNC2391,2021,34WNC2391,2,1,0,18,19,1,5,0,0,0,0,0,0,0,2,1,6,6,1,60,9,-1,-1,-1,-1,7,E01027354,0,-1
2021010304064,2021,010304064,2,1,0,18,19,7,3,4,4,1,2,0,0,0,1,1,6,6,1,30,6,-1,-1,-1,-1,3,E01001832,0,-1
2021010343060,2021,010343060,2,1,0,5,5,8,4,0,0,8,0,0,0,0,1,1,1,1,1,17,4,-1,-1,-1,-1,5,E01032789,0,-1
2021010311492,2021,010311492,1,1,9,99,99,9,9,99,99,0,9,99,9,99,9,1,6,6,2,47,8,-1,-1,-1,-1,3,E01000490,0,-1
2021031052966,2021,031052966,2,9,0,13,13,5,1,0,0,0,0,0,0,0,0,1,6,6,3,-1,-1,-1,-1,-1,-1,-1,-1,0,-1
2021201105144,2021,201105144,1,9,0,18,19,1,5,0,0,8,0,0,0,0,1,1,6,6,3,-1,-1,-1,-1,-1,-1,-1,-1,0,-1
2021461061766,2021,461061766,1,19,0,16,19,6,1,0,0,0,0,0,1,0,1,1,6,6,1,27,6,-1,-1,-1,-1,-1,-1,0,-1
2021052102803,2021,052102803,1,9,0,15,15,5,1,0,0,0,0,0,0,0,1,1,6,6,3,-1,-1,-1,-1,-1,-1,-1,-1,0,-1
2021010341195,2021,010341195,2,98,0,18,19,8,4,0,0,1,0,0,0,0,3,1,6,6,3,-1,-1,-1,-1,-1,-1,-1,-1,0,-1
2021991086155,2021,991086155,1,9,0,18,19,2,7,0,0,1,0,0,0,0,1,1,6,6,1,30,6,-1,-1,-1,-1,-1,-1,0,-1
202134NNC7171,2021,34NNC7171,2,1,0,9,9,7,5,0,0,8,0,0,0,0,4,1,6,6,1,59,9,-1,-1,-1,-1,4,E01027315,0,-1
2021010341398,2021,010341398,1,9,0,18,19,3,7,0,0,8,0,0,0,0,1,1,6,6,3,-1,-1,-1,-1,-1,-1,-1,-1,0,-1
202163B082421,2021,63B082421,1,9,0,16,19,1,4,0,0,0,2,0,1,9,4,1,6,6,1,68,10,-1,-1,-1,-1,6,W01000701,0,-1
2021010310440,2021,010310440,2,97,0,99,99,9,9,99,99,0,9,99,9,99,1,1,6,6,3,-1,-1,-1,-1,-1,-1,-1,-1,0,-1
202160Z101942,2021,60Z101942,2,1,0,18,19,5,1,0,0,0,0,0,0,0,2,1,6,6,1,22,5,-1,-1,-1,-1,-1,-1,0,-1
2021332100689,2021,332100689,3,19,0,18,19,3,7,0,0,1,0,0,0,0,4,1,2,2,1,46,8,-1,-1,-1,-1,6,E01025657,0,-1
2021430268348,2021,430268348,1,9,0,9,9,8,6,0,0,8,0,0,0,0,4,1,1,1,1,46,8,-1,-1,-1,-1,4,E01016360,0,-1
2021010345773,2021,010345773,1,9,0,3,3,5,1,0,0,2,0,0,0,0,1,1,1,1,1,28,6,-1,-1,-1,-1,2,E01022023,0,-1
2021010304372,2021,010304372,2,-1,0,18,19,3,7,0,0,2,0,0,0,0,3,1,6,6,1,16,4,-1,-1,-1,-1,4,E01004465,1,-1
2021010344762,2021,010344762,1,19,0,99,99,9,9,99,99,9,9,99,9,99,9,9,6,6,3,-1,-1,-1,-1,-1,-1,-1,-1,0,-1
2021010319370,2021,010319370,2,9,0,99,99,9,9,99,99,9,9,99,9,99,9,9,6,6,3,-1,-1,-1,-1,-1,-1,-1,-1,0,-1
2021201047129,2021,201047129,2,1,0,18,19,5,1,0,0,8,0,0,0,0,2,1,2,2,1,47,8,-1,-1,-1,-1,2,E01009747,0,-1
2021138170200,2021,138170200,1,9,0,18,19,4,8,0,0,0,1,4,0,0,1,1,6,6,1,23,5,-1,-1,-1,-1,-1,-1,0,-1
2021501088605,2021,501088605,2,1,0,18,19,5,1,0,0,0,0,0,0,0,4,1,5,6,2,17,4,-1,-1,-1,-1,5,E01019050,0,-1
2021471091808,2021,471091808,2,1,0,18,19,6,2,0,0,8,0,0,0,0,1,1,5,6,1,21,5,-1,-1,-1,-1,4,E01020927,0,-1
2021041034271,2021,041034271,1,9,0,13,13,5,1,0,0,0,0,0,0,0,0,1,6,6,3,-1,-1,-1,-1,-1,-1,-1,-1,0,-1
2021010319207,2021,010319207,1,1,9,99,99,9,9,99,99,9,9,99,9,99,1,1,2,2,1,44,7,-1,-1,-1,-1,4,E01001723,0,-1
20211381A1371,2021,1381A1371,2,9,0,18,19,4,2,0,0,8,0,0,0,0,1,1,6,6,1,28,6,-1,-1,-1,-1,5,E01010688,0,-1
2021531100117,2021,531100117,2,1,0,18,19,-1,-1,0,0,1,1,0,0,0,3,1,5,6,1,50,8,-1,-1,-1,-1,9,E01032413,0,-1
2021540511421,2021,540511421,1,9,0,18,19,4,8,0,0,6,0,0,0,0,1,1,2,2,1,66,10,-1,-1,-1,-1,6,E01015478,0,-1
2021461119667,2021,461119667,1,1,0,18,19,1,5,0,0,0,0,0,0,0,1,1,5,6,1,56,9,-1,-1,-1,-1,9,E01016147,0,-1
2021010300996,2021,010300996,2,9,0,9,9,5,3,0,0,6,0,0,0,0,1,1,6,6,1,57,9,-1,-1,-1,-1,2,E01000729,0,-1
2021010308856,2021,010308856,2,1,0,15,15,8,4,0,0,1,0,0,0,0,1,1,6,6,1,47,8,-1,-1,-1,-1,8,E01002021,0,-1
2021041062804,2021,041062804,1,9,0,18,19,2,6,0,0,1,0,0,0,0,4,1,1,1,1,63,9,-1,-1,-1,-1,2,E01012576,0,-1
2021010345456,2021,010345456,2,1,0,18,19,2,6,0,0,1,5,0,0,0,1,1,6,6,1,18,4,-1,-1,-1,-1,5,E01000494,0,-1
2021451069657,2021,451069657,1,98,0,18,19,2,6,0,0,0,0,0,0,0,2,1,6,6,3,35,6,-1,-1,-1,-1,-1,-1,0,-1
2021610000921,2021,610000921,1,5,0,4,4,4,8,0,0,4,0,0,0,0,1,1,6,6,1,42,7,-1,-1,-1,-1,-1,-1,0,-1
2021010351496,2021,010351496,1,9,0,99,99,9,9,99,99,0,9,99,9,99,2,1,6,6,1,36,7,-1,-1,-1,-1,5,E01003706,0,-1
2021231108414,2021,231108414,1,9,0,5,5,8,4,0,0,8,0,0,0,0,3,1,5,6,3,25,5,-1,-1,-1,-1,-1,-1,0,-1
202160Z109028,2021,60Z109028,1,9,0,18,19,3,7,0,0,0,1,0,0,0,1,1,1,1,1,37,7,-1,-1,-1,-1,-1,-1,0,-1
2021440011711,2021,440011711,2,19,0,18,19,8,4,0,0,8,0,0,0,0,1,1,2,2,1,35,6,-1,-1,-1,-1,1,E01022933,0,-1
202134WNC5481,2021,34WNC5481,1,9,0,18,19,5,1,0,0,0,0,0,0,0,1,1,6,6,3,-1,-1,-1,-1,-1,-1,-1,-1,0,-1
2021052102030,2021,052102030,2,1,0,18,19,7,3,0,0,0,0,0,0,0,3,1,6,6,1,11,3,-1,-1,-1,-1,-1,-1,0,-1
2021201116241,2021,201116241,1,9,0,5,5,8,4,0,0,1,0,0,0,0,1,1,6,6,3,-1,-1,-1,-1,-1,-1,-1,-1,0,-1
2021461030977,2021,461030977,1,1,0,9,9,3,1,0,0,2,5,0,3,0,1,1,6,6,1,50,8,-1,-1,-1,-1,9,E01024754,0,-1
2021201023986,2021,201023986,3,9,0,2,2,0,0,0,0,0,0,0,0,0,3,1,6,6,2,32,6,-1,-1,-1,-1,5,E01009895,0,-1
2021010308743,2021,010308743,2,-1,0,14,14,2,6,0,0,1,0,0,0,0,1,1,4,7,2,19,4,-1,-1,-1,-1,5,E01003080,1,-1
2021010333063,2021,010333063,2,1,0,18,19,7,3,0,0,8,5,0,0,0,1,1,6,6,2,49,8,-1,-1,-1,-1,3,E01002727,0,-1
2021010325972,2021,010325972,1,1,9,99,99,9,9,99,99,9,9,99,9,99,1,1,6,6,3,-1,-1,-1,-1,-1,-1,-1,-1,0,-1
2021991119399,2021,991119399,1,97,0,18,19,7,2,9,9,0,2,0,0,0,1,1,6,6,1,30,6,-1,-1,-1,-1,2,-1,0,-1
2021010347952,2021,010347952,2,19,0,99,99,9,9,99,99,0,9,99,9,99,9,1,6,6,3,-1,-1,-1,-1,-1,-1,-1,-1,0,-1
2021010308536,2021,010308536,2,9,0,7,7,1,4,99,99,9,9,99,9,99,2,9,6,6,2,-1,-1,-1,-1,-1,-1,-1,-1,0,-1
2021371081169,2021,371081169,2,1,0,18,19,2,7,0,0,3,2,0,0,0,1,1,5,6,2,34,6,-1,-1,-1,-1,1,E01030247,0,-1
2021138120296,2021,138120296,2,1,0,18,19,4,8,0,0,2,0,0,0,0,1,1,6,6,1,49,8,-1,-1,-1,-1,5,E01010849,0,-1
2021471092760,2021,471092760,2,1,0,17,19,5,2,0,0,0,0,0,0,0,4,1,2,2,1,57,9,-1,-1,-1,-1,7,E01021212,0,-1
2021070511322,2021,070511322,1,5,0,16,19,1,5,0,0,0,1,0,0,0,1,1,6,6,1,60,9,-1,-1,-1,-1,2,E01018388,0,-1
2021010303834,2021,010303834,1,1,0,9,9,3,2,0,0,5,0,0,0,0,4,1,6,6,1,64,9,-1,-1,-1,-1,3,E01033594,0,-1
2021461050729,2021,461050729,1,9,0,5,5,5,3,0,0,4,0,0,0,0,1,1,2,2,2,34,6,-1,-1,-1,-1,4,E01016141,0,-1
2021010329285,2021,010329285,1,1,9,99,99,9,9,99,99,0,9,99,9,99,9,1,6,6,1,27,6,-1,-1,-1,-1,6,E01004651,0,-1
2021531096895,2021,531096895,1,9,0,12,12,3,7,0,0,0,0,0,7,4,1,1,1,1,1,67,10,-1,-1,-1,-1,10,E01022505,0,-1
2021122100406,2021,122100406,1,9,0,1,1,6,3,0,0,0,0,0,0,0,2,1,1,1,1,60,9,-1,-1,-1,-1,9,E01027619,0,-1
2021201014882,2021,201014882,1,9,0,18,19,7,3,9,9,0,0,10,2,3,1,1,5,6,1,48,8,-1,-1,-1,-1,-1,-1,0,-1
2021010346458,2021,010346458,1,1,9,99,99,9,9,99,99,9,9,99,9,99,9,1,2,2,1,33,6,-1,-1,-1,-1,3,E01004280,0,-1
2021010351585,2021,010351585,2,5,0,18,19,6,2,0,0,1,0,0,0,0,1,1,6,6,1,20,4,-1,-1,-1,-1,3,E01003618,0,-1
2021461031264,2021,461031264,2,9,0,9,9,3,7,0,0,1,0,0,0,0,0,1,5,6,3,-1,-1,-1,-1,-1,-1,-1,-1,0,-1
2021430423792,2021,430423792,1,19,0,18,19,4,8,0,0,0,0,0,0,0,1,1,6,6,1,-1,-1,-1,-1,-1,-1,-1,-1,0,-1
202160Z031885,2021,60Z031885,1,9,0,17,19,3,7,0,0,0,1,10,8,4,1,1,1,1,2,20,4,-1,-1,-1,-1,-1,-1,0,-1
2021010340257,2021,010340257,1,9,0,3,3,7,3,0,0,0,0,0,0,0,0,1,6,6,3,-1,-1,-1,-1,-1,-1,-1,-1,0,-1
2021332101068,2021,332101068,1,9,0,9,9,8,6,0,0,5,0,0,0,0,3,1,6,6,1,76,11,-1,-1,-1,-1,6,E01025939,0,-1
2021010292688,2021,010292688,1,9,0,99,99,9,9,99,99,9,9,99,9,99,1,9,2,2,1,37,7,-1,-1,-1,-1,8,E01030565,0,-1
2021041153378,2021,041153378,2,1,0,18,19,5,1,0,0,0,0,0,0,0,1,1,6,6,3,-1,-1,-1,-1,-1,-1,-1,-1,0,-1
2021302100179,2021,302100179,2,9,0,11,11,4,2,0,0,3,0,0,0,0,4,1,6,6,3,-1,-1,-1,-1,-1,-1,5,E01019456,0,-1
2021451112138,2021,451112138,2,98,1,18,19,2,7,0,0,0,0,0,0,0,2,2,1,1,1,29,6,-1,-1,-1,-1,-1,-1,0,-1
2021522201028,2021,522201028,2,1,0,18,19,1,5,0,0,0,0,0,0,0,1,1,6,6,2,47,8,-1,-1,-1,-1,3,E01014942,0,-1
2021552200213,2021,552200213,1,90,0,1,1,6,3,0,0,5,0,0,0,0,2,1,1,1,3,-1,-1,-1,-1,-1,-1,-1,-1,0,-1
2021010320187,2021,010320187,1,98,0,99,99,9,9,99,99,9,9,99,9,99,9,9,6,6,3,-1,-1,-1,-1,-1,-1,-1,-1,0,-1
2021430125918,2021,430125918,2,9,0,3,3,2,6,0,0,1,0,0,0,0,2,1,6,6,1,58,9,-1,-1,-1,-1,5,E01001880,0,-1
2021010300802,2021,010300802,2,1,0,18,19,3,7,0,0,1,0,0,0,0,3,1,2,2,1,34,6,-1,-1,-1,-1,5,E01000619,0,-1
2021052102797,2021,052102797,1,19,0,1,1,3,7,0,0,1,0,0,0,0,2,1,6,6,3,-1,-1,-1,-1,-1,-1,-1,-1,0,-1
2021070561869,2021,070561869,2,1,0,18,19,6,2,0,0,8,5,0,0,0,4,1,2,2,1,55,8,-1,-1,-1,-1,2,E01012525,0,-1
2021332100201,2021,332100201,2,9,0,2,2,0,0,0,0,0,0,0,0,0,1,1,6,6,2,33,6,-1,-1,-1,-1,7,E01025929,0,-1
2021010305339,2021,010305339,2,19,0,99,99,9,9,99,99,9,9,99,9,99,9,9,6,6,3,-1,-1,-1,-1,-1,-1,-1,-1,0,-1
2021549104621,2021,549104621,1,1,0,18,19,5,1,0,0,0,0,0,0,0,1,1,6,6,1,20,4,-1,-1,-1,-1,-1,-1,0,-1
2021010335731,2021,010335731,1,1,9,99,99,9,9,99,99,9,9,99,9,99,1,1,2,2,2,26,6,-1,-1,-1,-1,4,E01003913,0,-1
202160Z047528,2021,60Z047528,2,1,0,18,19,1,5,0,0,1,0,0,0,0,1,1,6,6,1,32,6,-1,-1,-1,-1,-1,-1,0,-1
2021522104225,2021,522104225,2,1,0,17,19,1,7,0,0,8,0,0,0,0,1,1,6,6,1,57,9,-1,-1,-1,-1,5,E01014662,0,-1
2021070333650,2021,070333650,2,1,0,3,3,7,3,0,0,0,0,0,0,0,2,1,6,6,1,-1,-1,-1,-1,-1,-1,-1,-1,0,-1
2021451023724,2021,451023724,2,9,0,18,19,1,4,0,0,8,0,0,0,0,1,1,6,6,3,55,8,-1,-1,-1,-1,-1,-1,0,-1
2021320378344,2021,320378344,2,1,0,18,19,6,2,0,0,1,0,0,0,0,1,1,6,6,1,34,6,-1,-1,-1,-1,8,E01026313,0,-1
2021122100999,2021,122100999,1,1,0,16,19,5,1,0,0,0,0,0,0,0,1,1,6,6,2,58,9,-1,-1,-1,-1,9,E01027632,0,-1
2021622100598,2021,622100598,2,1,0,18,19,7,3,0,0,0,0,0,0,0,2,1,6,6,1,53,8,-1,-1,-1,-1,10,W01001847,0,-1
2021052101031,2021,052101031,2,9,0,18,19,3,7,0,0,0,0,0,0,0,2,1,6,6,3,-1,-1,-1,-1,-1,-1,-1,-1,0,-1
2021461090877,2021,461090877,1,19,0,5,5,7,3,0,0,0,0,0,0,0,3,1,6,6,2,73,10,-1,-1,-1,-1,6,E01016076,0,-1
2021430327573,2021,430327573,1,1,0,18,19,4,8,0,0,8,0,0,0,0,3,1,6,6,1,-1,-1,-1,-1,-1,-1,6,E01016473,0,-1
2021461112557,2021,461112557,1,-1,0,18,19,3,3,0,0,0,0,0,0,0,4,1,6,6,3,-1,-1,-1,-1,-1,-1,-1,-1,0,-1
2021451127345,2021,451127345,1,98,0,18,19,1,4,0,0,0,0,0,0,0,1,2,1,1,1,28,6,-1,-1,-1,-1,-1,-1,0,-1
2021070840124,2021,070840124,2,9,0,18,19,2,6,0,0,0,0,0,0,0,4,1,1,1,1,30,6,-1,-1,-1,-1,1,E01005088,0,-1
2021141063744,2021,141063744,3,9,0,15,15,3,7,0,0,1,0,0,0,0,1,1,5,6,1,23,5,-1,-1,-1,-1,1,E01008011,0,-1
2021010295010,2021,010295010,2,1,0,18,19,1,5,0,0,8,0,0,0,0,1,1,6,6,2,31,6,-1,-1,-1,-1,2,E01003987,0,-1
2021061027370,2021,061027370,2,1,0,18,19,4,8,0,0,1,0,0,0,0,2,1,6,6,3,23,5,-1,-1,-1,-1,2,E01005140,0,-1
2021501029416,2021,501029416,3,9,0,4,4,3,7,0,0,1,0,0,0,0,2,1,6,6,1,38,7,-1,-1,-1,-1,4,E01020279,0,-1
2021302102068,2021,302102068,2,9,0,18,19,2,6,0,0,0,0,0,0,0,0,1,6,6,3,-1,-1,-1,-1,-1,-1,5,E01019456,0,-1
2021991030557,2021,991030557,1,1,0,18,19,1,5,0,0,1,0,0,0,0,0,1,6,6,1,44,7,-1,-1,-1,-1,4,-1,0,-1
2021522200920,2021,522200920,1,4,0,18,19,3,6,9,9,8,0,0,0,0,1,1,6,6,3,-1,-1,-1,-1,-1,-1,-1,-1,0,-1
2021531084782,2021,531084782,2,1,0,18,19,7,3,0,0,8,0,0,0,0,4,1,5,6,1,33,6,-1,-1,-1,-1,6,E01022127,0,-1
2021411120565,2021,411120565,1,90,0,17,19,4,8,0,0,8,0,0,1,0,1,1,6,6,3,-1,-1,-1,-1,-1,-1,-1,-1,0,-1
2021471032584,2021,471032584,2,1,0,18,19,2,6,0,0,1,2,0,0,0,1,1,5,6,1,18,4,-1,-1,-1,-1,7,E01020986,0,-1
2021440248715,2021,440248715,2,1,0,18,19,2,6,0,0,8,0,0,0,0,4,1,2,2,1,41,7,-1,-1,-1,-1,10,E01030898,0,-1
2021421016391,2021,421016391,1,9,0,17,19,8,4,0,0,0,1,10,2,7,4,1,5,6,2,64,9,-1,-1,-1,-1,2,E01022006,0,-1
202160Z177116,2021,60Z177116,1,9,0,9,9,5,3,0,0,1,0,0,0,0,4,1,6,6,1,44,7,-1,-1,-1,-1,-1,-1,0,-1
2021421039379,2021,421039379,1,1,0,18,19,5,1,0,0,0,0,12,0,0,1,1,6,6,1,50,8,-1,-1,-1,-1,5,E01021492,0,-1
2021221092993,2021,221092993,3,9,0,3,3,5,1,0,0,0,0,0,0,0,2,1,6,6,1,34,6,-1,-1,-1,-1,-1,-1,0,-1
2021010297892,2021,010297892,2,9,9,99,99,9,9,99,99,9,9,99,9,99,1,9,6,6,1,28,6,-1,-1,-1,-1,5,E01000239,0,-1
2021201042414,2021,201042414,1,97,0,17,19,1,6,0,0,0,0,0,0,0,0,1,6,6,1,-1,-1,-1,-1,-1,-1,-1,-1,0,-1
2021371068776,2021,371068776,2,9,0,18,19,1,5,0,0,0,0,0,0,0,0,1,6,6,3,-1,-1,-1,-1,-1,-1,-1,-1,0,-1
2021010294376,2021,010294376,2,1,9,99,99,9,9,99,99,0,9,99,9,99,9,1,2,2,1,47,8,-1,-1,-1,-1,3,E01002568,0,-1
2021201059569,2021,201059569,2,1,0,5,5,-1,-1,0,0,1,0,0,0,0,1,1,6,6,2,13,3,-1,-1,-1,-1,-1,-1,0,-1
2021991044451,2021,991044451,1,9,0,18,19,7,3,0,0,1,0,0,0,0,1,1,6,6,3,18,4,-1,-1,-1,-1,-1,-1,0,-1
2021170S20381,2021,170S20381,1,1,0,16,19,7,1,0,0,0,0,0,0,0,1,1,6,6,1,12,3,-1,-1,-1,-1,-1,-1,0,-1
2021211106716,2021,211106716,1,9,0,-1,-1,-1,-1,-1,-1,0,-1,-1,-1,0,-1,1,6,6,3,-1,-1,-1,-1,-1,-1,-1,-1,0,-1
2021010341468,2021,010341468,1,1,9,99,99,9,9,99,99,9,9,99,9,99,9,1,2,2,1,34,6,-1,-1,-1,-1,5,E01001803,0,-1
2021440196465,2021,440196465,2,1,0,7,7,5,7,0,0,2,0,0,1,0,3,1,2,2,1,38,7,-1,-1,-1,-1,3,E01017266,0,-1
2021461084073,2021,461084073,1,9,0,18,19,1,5,0,0,1,0,0,0,0,1,1,6,6,3,-1,-1,-1,-1,-1,-1,-1,-1,0,-1
2021610019721,2021,610019721,2,9,0,18,19,1,5,0,0,4,0,0,0,0,1,1,6,6,3,36,7,-1,-1,-1,-1,-1,-1,0,-1
2021010351507,2021,010351507,2,1,0,18,19,1,5,0,0,1,0,4,0,0,1,1,6,6,1,45,7,-1,-1,-1,-1,2,E01000930,0,-1
2021430137496,2021,430137496,1,1,0,18,19,5,1,0,0,1,0,0,0,0,1,1,6,6,1,26,6,-1,-1,-1,-1,6,E01028548,0,-1
2021401082322,2021,401082322,2,1,0,18,19,4,8,0,0,1,0,0,0,0,3,1,6,6,2,48,8,-1,-1,-1,-1,10,E01016736,0,-1
2021461061508,2021,461061508,1,9,0,5,5,7,1,0,0,4,0,0,0,0,1,1,6,6,1,35,6,-1,-1,-1,-1,3,E01024567,0,-1
2021522104983,2021,522104983,2,1,0,18,19,7,3,9,9,1,0,0,0,0,4,1,6,6,1,31,6,-1,-1,-1,-1,1,E01014654,0,-1
2021201029318,2021,201029318,2,1,0,18,19,6,2,0,0,1,0,0,0,0,3,1,6,6,1,23,5,-1,-1,-1,-1,2,E01009263,0,-1
2021421016216,2021,421016216,2,1,0,9,9,1,8,0,0,1,1,0,0,0,1,1,6,6,1,61,9,-1,-1,-1,-1,6,E01021794,0,-1
2021010292520,2021,010292520,2,1,9,99,99,9,9,99,99,9,9,99,9,99,9,1,6,6,1,31,6,-1,-1,-1,-1,-1,-1,0,-1
2021411132826,2021,411132826,1,9,0,15,15,7,5,0,0,5,0,0,0,0,4,1,6,6,3,-1,-1,-1,-1,-1,-1,-1,-1,0,-1
2021411023480,2021,411023480,1,90,0,4,4,7,3,0,0,0,0,0,0,0,1,1,6,6,3,-1,-1,-1,-1,-1,-1,-1,-1,0,-1
2021440214230,2021,440214230,1,1,0,18,19,3,7,9,9,8,0,0,0,0,3,1,6,6,1,76,11,-1,-1,-1,-1,4,E01017022,0,-1
2021501028519,2021,501028519,2,1,0,18,19,6,2,0,0,8,0,0,0,0,4,1,5,6,2,19,4,-1,-1,-1,-1,7,E01018813,0,-1
2021231108771,2021,231108771,1,9,0,11,11,3,7,0,0,0,0,0,0,0,4,1,6,6,3,38,7,-1,-1,-1,-1,-1,-1,0,-1
2021010336151,2021,010336151,1,10,0,18,19,2,6,0,0,1,0,0,0,0,1,1,3,7,1,64,9,-1,-1,-1,-1,8,E01000777,0,-1
2021332100150,2021,332100150,4,9,0,2,2,0,0,0,0,0,0,0,0,0,2,1,6,6,3,-1,-1,-1,-1,-1,-1,10,E01025713,0,-1
2021010336884,2021,010336884,1,9,0,18,19,7,3,9,9,8,0,10,0,0,1,1,6,6,1,19,4,-1,-1,-1,-1,6,E01004078,0,-1
2021010337468,2021,010337468,1,1,9,99,99,9,9,99,99,9,9,99,9,99,1,1,6,6,1,23,5,-1,-1,-1,-1,5,E01003951,0,-1
2021622100641,2021,622100641,1,1,0,9,9,2,8,0,0,1,0,0,0,0,3,1,6,6,1,44,7,-1,-1,-1,-1,9,W01001773,0,-1
2021010340962,2021,010340962,2,9,0,18,19,4,8,0,0,1,0,0,0,0,1,1,6,6,1,48,8,-1,-1,-1,-1,4,E01003409,0,-1
2021430292228,2021,430292228,5,9,0,18,19,5,1,0,0,0,0,0,0,0,1,1,6,6,2,27,6,-1,-1,-1,-1,3,E01020572,0,-1