collision_index,collision_year,collision_ref_no,vehicle_reference,vehicle_type,towing_and_articulation,vehicle_manoeuvre_historic,vehicle_manoeuvre,vehicle_direction_from,vehicle_direction_to,vehicle_location_restricted_lane_historic,vehicle_location_restricted_lane,junction_location,skidding_and_overturning,hit_object_in_carriageway,vehicle_leaving_carriageway,hit_object_off_carriageway,first_point_of_impact,vehicle_left_hand_drive,journey_purpose_of_driver_historic,journey_purpose_of_driver,sex_of_driver,age_of_driver,age_band_of_driver,engine_capacity_cc,propulsion_code,age_of_vehicle,generic_make_model,driver_imd_decile,lsoa_of_driver,escooter_flag,driver_distance_banding
2021221033093,2021,221033093,2,19,0,4,4,3,7,0,0,0,0,0,0,0,2,1,1,1,1,58,9,-1,-1,-1,-1,8,E01032308,0,-1
2021041045619,2021,041045619,1,9,0,18,19,5,1,0,0,0,0,0,0,0,1,2,6,6,1,57,9,-1,-1,-1,-1,7,E01025027,0,-1
2021061055406,2021,061055406,2,98,0,18,19,7,3,0,0,0,0,0,0,0,3,1,6,6,1,30,6,-1,-1,-1,-1,-1,-1,0,-1
2021010299933,2021,010299933,1,9,0,18,19,5,1,0,0,0,0,0,0,0,1,1,6,6,3,-1,-1,-1,-1,-1,-1,-1,-1,0,-1
2021421125509,2021,421125509,1,1,0,18,19,7,3,0,0,1,0,0,0,0,1,1,5,6,2,54,8,-1,-1,-1,-1,4,E01015853,0,-1
2021010303213,2021,010303213,2,8,0,99,99,9,9,0,0,0,0,0,0,0,2,9,6,6,3,-1,-1,-1,-1,-1,-1,-1,-1,0,-1
2021010305649,2021,010305649,2,1,0,18,19,7,3,0,0,1,0,0,0,0,1,1,6,6,1,68,10,-1,-1,-1,-1,7,E01001600,0,-1
2021141096485,2021,141096485,1,9,0,18,19,6,2,0,0,1,0,0,0,0,2,1,6,6,2,38,7,-1,-1,-1,-1,1,E01007500,0,-1
2021010314163,2021,010314163,1,1,9,99,99,9,9,99,99,9,9,99,9,99,9,1,6,6,1,13,3,-1,-1,-1,-1,-1,-1,0,-1
202163D098021,2021,63D098021,1,9,0,16,19,5,8,0,0,0,0,0,7,10,1,1,6,6,1,45,7,-1,-1,-1,-1,9,W01000441,0,-1
202160Z138365,2021,60Z138365,2,9,0,17,19,7,3,0,0,0,5,0,1,11,4,1,6,6,2,28,6,-1,-1,-1,-1,-1,-1,0,-1
2021010327463,2021,010327463,2,1,0,18,19,3,7,0,0,1,5,0,0,0,4,1,6,6,2,29,6,-1,-1,-1,-1,5,E01003279,0,-1
2021052100639,2021,052100639,2,1,0,18,19,5,1,0,0,8,0,0,0,0,4,1,6,6,1,79,11,-1,-1,-1,-1,9,E01007151,0,-1
2021010329231,2021,010329231,1,9,0,18,19,1,5,0,0,5,0,0,0,0,1,1,1,1,1,51,8,-1,-1,-1,-1,10,E01023455,0,-1
2021010294356,2021,010294356,2,1,0,4,4,7,3,0,0,1,0,0,0,0,4,1,6,6,1,55,8,-1,-1,-1,-1,10,E01000694,0,-1
2021010293869,2021,010293869,1,1,9,99,99,9,9,99,99,9,9,99,9,99,1,1,6,6,2,27,6,-1,-1,-1,-1,5,E01004616,0,-1
2021501080610,2021,501080610,1,9,0,18,19,7,3,0,0,0,0,0,0,0,1,1,6,6,1,50,8,-1,-1,-1,-1,9,E01015105,0,-1
2021471038928,2021,471038928,2,1,0,14,14,1,5,0,0,0,0,0,0,0,1,1,6,6,1,32,6,-1,-1,-1,-1,8,E01016893,0,-1
2021131089770,2021,131089770,1,90,0,18,19,1,2,0,0,8,0,0,0,0,2,1,1,1,1,48,8,-1,-1,-1,-1,7,E01011571,0,-1
202134WNC0691,2021,34WNC0691,1,1,0,18,19,1,5,0,0,1,0,0,0,0,1,1,6,6,1,27,6,-1,-1,-1,-1,-1,-1,0,-1
2021501088372,2021,501088372,2,9,0,18,19,5,1,0,0,8,0,0,0,0,3,1,6,6,1,24,5,-1,-1,-1,-1,5,E01018828,0,-1
2021122101366,2021,122101366,1,9,0,11,11,3,7,0,0,0,0,0,1,1,1,1,6,6,2,17,4,-1,-1,-1,-1,6,E01027774,0,-1
2021010298302,2021,010298302,1,5,0,18,19,7,3,0,0,1,0,0,0,0,4,1,2,2,1,29,6,-1,-1,-1,-1,2,E01002830,0,-1
2021061027348,2021,061027348,2,2,0,18,19,2,6,0,0,7,0,0,0,0,1,1,6,6,1,30,6,-1,-1,-1,-1,1,E01005662,0,-1
2021010305750,2021,010305750,2,1,0,18,19,5,1,5,5,1,0,0,0,0,4,1,6,6,1,40,7,-1,-1,-1,-1,1,E01001772,0,-1
202160Z004747,2021,60Z004747,1,9,0,18,19,7,3,0,0,0,0,0,7,11,1,1,2,2,1,62,9,-1,-1,-1,-1,-1,-1,0,-1
2021161108469,2021,161108469,2,1,0,18,19,3,7,4,4,1,2,0,0,0,1,1,6,6,1,60,9,-1,-1,-1,-1,4,E01012896,0,-1
2021010306067,2021,010306067,1,1,0,18,19,5,1,0,0,0,0,0,0,0,2,1,6,6,1,37,7,-1,-1,-1,-1,2,E01003125,0,-1
2021041030395,2021,041030395,2,1,0,18,19,1,5,0,0,1,0,0,0,0,1,1,6,6,1,70,10,-1,-1,-1,-1,3,E01025391,0,-1
2021421054346,2021,421054346,1,9,0,4,4,7,3,0,0,1,0,0,0,0,1,1,6,6,3,-1,-1,-1,-1,-1,-1,-1,-1,0,-1
202160Z080091,2021,60Z080091,1,9,0,18,19,6,3,0,0,3,0,0,3,10,1,1,6,6,1,80,11,-1,-1,-1,-1,-1,-1,0,-1
2021622100746,2021,622100746,2,9,0,2,2,0,0,0,0,0,0,0,0,0,2,1,6,6,3,-1,-1,-1,-1,-1,-1,-1,-1,0,-1
2021010316607,2021,010316607,1,1,9,99,99,9,9,99,99,9,9,99,9,99,2,1,2,2,1,45,7,-1,-1,-1,-1,4,E01001179,0,-1
2021522201002,2021,522201002,2,1,0,18,19,2,6,0,0,0,0,0,0,0,1,1,6,6,2,35,6,-1,-1,-1,-1,10,E01014875,0,-1
2021332101579,2021,332101579,1,9,0,18,19,5,1,0,0,0,0,0,0,0,0,1,6,6,1,-1,-1,-1,-1,-1,-1,-1,-1,0,-1
2021010290634,2021,010290634,2,-1,0,18,19,7,3,0,0,6,0,0,0,0,3,1,6,6,1,18,4,-1,-1,-1,-1,1,E01004249,1,-1
2021061146501,2021,061146501,2,1,0,18,19,3,7,0,0,8,0,0,0,0,1,1,5,6,2,54,8,-1,-1,-1,-1,6,E01004973,0,-1
2021010287283,2021,010287283,1,1,0,18,19,8,4,0,0,8,0,0,0,0,1,1,6,6,1,30,6,-1,-1,-1,-1,5,E01002221,0,-1
2021070793869,2021,070793869,2,9,0,17,19,5,2,0,0,0,0,0,0,0,0,1,6,6,3,-1,-1,-1,-1,-1,-1,-1,-1,0,-1
202160Z064892,2021,60Z064892,1,9,0,18,19,8,4,0,0,0,0,0,0,0,3,1,6,6,3,-1,-1,-1,-1,-1,-1,-1,-1,0,-1
2021010326060,2021,010326060,1,-1,0,18,19,7,3,0,0,1,0,0,1,0,1,1,6,6,3,20,4,-1,-1,-1,-1,-1,-1,1,-1
2021010317678,2021,010317678,1,1,0,18,19,6,2,0,0,1,1,0,0,0,0,1,2,2,1,28,6,-1,-1,-1,-1,7,E01001411,0,-1
2021522106120,2021,522106120,2,1,0,18,19,7,3,0,0,0,0,0,0,0,1,1,6,6,2,21,5,-1,-1,-1,-1,6,E01014631,0,-1
2021231021586,2021,231021586,2,1,0,18,19,6,2,0,0,8,0,0,0,0,1,1,5,6,1,44,7,-1,-1,-1,-1,7,E01031167,0,-1
2021320117322,2021,320117322,1,11,0,15,15,3,7,0,0,0,0,0,0,0,4,1,1,1,1,40,7,-1,-1,-1,-1,-1,-1,0,-1
2021010333412,2021,010333412,2,1,9,99,99,9,9,99,99,9,9,99,9,99,9,1,6,6,3,-1,-1,-1,-1,-1,-1,-1,-1,0,-1
2021521065074,2021,521065074,1,9,0,-1,-1,-1,-1,0,0,0,-1,-1,-1,0,-1,1,6,6,3,-1,-1,-1,-1,-1,-1,-1,-1,0,-1
2021302102138,2021,302102138,1,9,0,18,19,2,6,0,0,0,0,4,0,0,1,1,6,6,2,40,7,-1,-1,-1,-1,7,E01019546,0,-1
2021522106066,2021,522106066,2,9,0,2,2,0,0,0,0,0,0,0,0,0,1,1,6,6,1,40,7,-1,-1,-1,-1,7,E01010504,0,-1
2021010294420,2021,010294420,2,1,0,18,19,1,5,0,0,0,0,8,0,0,1,1,1,1,2,28,6,-1,-1,-1,-1,2,E01004226,0,-1
2021010289827,2021,010289827,1,1,0,18,19,4,8,0,0,8,0,99,9,99,4,1,6,6,1,19,4,-1,-1,-1,-1,4,E01000428,0,-1
2021122101327,2021,122101327,2,1,0,18,19,4,8,0,0,8,0,0,0,0,3,1,6,6,1,62,9,-1,-1,-1,-1,4,E01027906,0,-1
2021461030179,2021,461030179,2,9,0,16,19,1,5,0,0,1,0,0,0,0,1,1,2,2,1,23,5,-1,-1,-1,-1,7,E01024388,0,-1
2021461121852,2021,461121852,1,19,0,1,1,7,3,0,0,1,0,0,0,0,2,1,1,1,3,-1,-1,-1,-1,-1,-1,-1,-1,0,-1
2021161040589,2021,161040589,1,9,0,18,19,7,3,0,0,1,0,0,0,0,4,1,6,6,1,-1,-1,-1,-1,-1,-1,-1,-1,0,-1
2021361087011,2021,361087011,2,1,0,18,19,5,1,0,0,1,0,0,0,0,4,1,6,6,2,58,9,-1,-1,-1,-1,1,E01026826,0,-1
2021010329115,2021,010329115,2,1,0,17,19,1,5,0,0,2,0,0,0,0,3,1,6,6,1,52,8,-1,-1,-1,-1,8,E01030825,0,-1
2021010302096,2021,010302096,1,9,0,99,99,9,9,99,99,8,9,99,9,99,9,9,6,6,1,32,6,-1,-1,-1,-1,6,E01004634,0,-1
2021010288338,2021,010288338,1,1,9,99,99,9,9,99,99,9,9,99,9,99,1,1,6,6,1,35,6,-1,-1,-1,-1,5,E01004736,0,-1
2021010337106,2021,010337106,3,1,9,99,99,9,9,99,99,9,9,99,9,99,0,1,6,6,3,-1,-1,-1,-1,-1,-1,5,E01003368,0,-1
2021221090791,2021,221090791,2,1,0,9,9,6,4,0,0,6,0,0,0,0,1,1,5,6,1,9,2,-1,-1,-1,-1,-1,-1,0,-1
2021991073239,2021,991073239,1,1,0,16,19,5,1,0,0,0,0,4,7,11,1,1,5,6,1,31,6,-1,-1,-1,-1,10,E01022578,0,-1
2021010318439,2021,010318439,2,1,0,10,10,1,7,0,0,6,0,0,0,0,4,1,6,6,1,17,4,-1,-1,-1,-1,4,E01003913,0,-1
2021430403483,2021,430403483,2,9,0,9,9,2,8,0,0,5,0,0,0,0,1,1,6,6,2,-1,-1,-1,-1,-1,-1,-1,-1,0,-1
2021122100305,2021,122100305,2,1,0,5,5,3,7,0,0,4,0,0,0,0,1,1,6,6,1,72,10,-1,-1,-1,-1,8,E01013338,0,-1
2021010291674,2021,010291674,1,9,0,6,6,7,7,0,0,0,0,0,0,0,1,1,6,6,1,53,8,-1,-1,-1,-1,7,E01000983,0,-1
2021010339120,2021,010339120,1,1,9,99,99,9,9,99,99,9,9,99,9,99,1,1,2,2,1,22,5,-1,-1,-1,-1,4,E01001355,0,-1
2021141034875,2021,141034875,1,98,0,18,19,8,3,0,0,6,0,0,7,1,4,1,1,1,1,26,6,-1,-1,-1,-1,1,E01008689,0,-1
2021461072980,2021,461072980,1,9,0,18,19,7,3,0,0,0,0,0,0,0,0,1,6,6,2,-1,-1,-1,-1,-1,-1,-1,-1,0,-1
2021010341213,2021,010341213,2,-1,0,18,19,4,8,5,5,0,0,0,0,0,3,1,2,2,1,33,6,-1,-1,-1,-1,4,E01003482,1,-1
2021141124710,2021,141124710,1,9,0,3,3,2,6,0,0,4,0,0,0,0,2,1,6,6,2,40,7,-1,-1,-1,-1,6,E01007787,0,-1
2021231084840,2021,231084840,1,1,0,18,19,4,8,0,0,0,0,0,0,0,3,1,5,6,1,14,3,-1,-1,-1,-1,8,E01031230,0,-1
2021520104734,2021,520104734,1,9,0,18,19,5,1,0,0,0,0,0,0,6,1,1,6,6,1,47,8,-1,-1,-1,-1,2,E01015186,0,-1
2021991099204,2021,991099204,1,9,0,6,6,2,2,0,0,8,0,0,0,0,3,1,6,6,3,-1,-1,-1,-1,-1,-1,-1,-1,0,-1
2021111020185,2021,111020185,2,9,0,18,19,3,7,0,0,1,0,0,0,0,4,1,1,1,1,61,9,-1,-1,-1,-1,5,E01020660,0,-1
2021610002721,2021,610002721,2,1,0,18,19,7,3,0,0,0,0,0,0,0,1,1,6,6,1,45,7,-1,-1,-1,-1,-1,-1,0,-1
2021010307259,2021,010307259,2,1,0,18,19,5,1,0,0,0,0,0,0,0,1,1,1,1,1,23,5,-1,-1,-1,-1,5,E01001536,0,-1
2021010342402,2021,010342402,2,9,0,99,99,9,9,0,0,0,0,0,0,0,2,1,6,6,3,-1,-1,-1,-1,-1,-1,-1,-1,0,-1
2021320174307,2021,320174307,2,9,0,4,4,8,4,0,0,1,0,0,0,0,2,1,6,6,1,78,11,-1,-1,-1,-1,6,E01026344,0,-1
2021122100810,2021,122100810,1,1,0,99,99,9,9,0,0,1,0,0,1,0,1,1,6,6,1,47,8,-1,-1,-1,-1,8,E01027566,0,-1
2021010296736,2021,010296736,1,1,9,99,99,9,9,99,99,9,9,99,0,0,9,1,6,6,1,52,8,-1,-1,-1,-1,10,E01000115,0,-1
2021010348584,2021,010348584,2,98,9,1,1,3,7,99,99,0,9,99,0,0,9,2,6,6,3,-1,-1,-1,-1,-1,-1,-1,-1,0,-1
202160Z114132,2021,60Z114132,1,9,0,9,9,2,8,0,0,1,0,0,0,0,4,1,6,6,2,85,11,-1,-1,-1,-1,-1,-1,0,-1
2021201057816,2021,201057816,1,90,0,18,19,8,4,0,0,1,0,0,0,0,0,1,6,6,1,-1,-1,-1,-1,-1,-1,-1,-1,0,-1
2021430087425,2021,430087425,1,1,0,18,19,3,7,0,0,2,0,0,0,0,1,1,6,6,2,54,8,-1,-1,-1,-1,6,E01016332,0,-1
2021010350756,2021,010350756,1,1,0,9,9,7,4,9,9,1,0,0,0,0,4,1,6,6,1,36,7,-1,-1,-1,-1,3,E01000372,0,-1
2021552100478,2021,552100478,1,-1,0,18,19,6,2,0,0,8,0,0,0,0,2,1,6,6,2,14,3,-1,-1,-1,-1,9,E01020370,1,-1
2021010314720,2021,010314720,2,9,0,9,9,1,8,0,0,2,0,0,0,0,1,1,6,6,3,20,4,-1,-1,-1,-1,-1,-1,0,-1
2021332101546,2021,332101546,2,9,0,18,19,8,4,0,0,0,0,0,0,0,2,1,6,6,1,39,7,-1,-1,-1,-1,-1,-1,0,-1
202160Z102795,2021,60Z102795,1,9,0,9,9,3,8,0,0,6,0,0,0,0,1,1,6,6,2,34,6,-1,-1,-1,-1,-1,-1,0,-1
2021101115884,2021,101115884,1,9,0,9,9,1,8,0,0,0,0,0,0,0,1,1,6,6,3,40,7,-1,-1,-1,-1,-1,-1,0,-1
2021361104534,2021,361104534,1,-1,0,18,19,-1,-1,9,9,1,0,0,0,0,1,1,6,6,1,15,3,-1,-1,-1,-1,-1,-1,1,-1
2021010318285,2021,010318285,3,9,0,5,5,5,1,0,0,0,0,4,0,0,1,1,6,6,2,28,6,-1,-1,-1,-1,5,E01017901,0,-1
2021041021764,2021,041021764,1,97,0,17,19,2,6,0,0,1,2,0,1,0,3,1,5,6,1,16,4,-1,-1,-1,-1,5,E01012633,0,-1
2021332100805,2021,332100805,2,1,0,18,19,3,7,0,0,8,0,0,0,0,1,1,6,6,1,55,8,-1,-1,-1,-1,8,E01023245,0,-1
2021501109576,2021,501109576,1,3,0,18,19,7,3,0,0,1,0,0,0,0,1,1,1,1,1,19,4,-1,-1,-1,-1,1,E01015257,0,-1
2021138261487,2021,138261487,1,9,0,7,7,5,8,0,0,5,0,0,0,0,1,1,6,6,1,20,4,-1,-1,-1,-1,-1,-1,0,-1
202163A100621,2021,63A100621,2,22,0,18,19,8,4,0,0,0,0,0,0,0,1,1,2,2,2,57,9,-1,-1,-1,-1,1,W01000631,0,-1
2021070867992,2021,070867992,2,1,0,18,19,5,1,0,0,1,0,0,0,0,3,1,6,6,2,49,8,-1,-1,-1,-1,9,E01018374,0,-1
2021430458431,2021,430458431,2,9,0,4,4,6,2,0,0,0,0,0,0,0,1,1,1,1,1,63,9,-1,-1,-1,-1,4,E01017295,0,-1
2021471077320,2021,471077320,2,3,0,18,19,5,1,0,0,8,0,0,0,0,1,1,5,6,1,32,6,-1,-1,-1,-1,4,E01016882,0,-1
2021010335250,2021,010335250,1,1,0,7,7,3,5,0,0,1,1,0,0,0,0,1,6,6,2,38,7,-1,-1,-1,-1,9,E01003158,0,-1
2021161101191,2021,161101191,2,1,0,18,19,3,7,4,4,8,0,0,0,0,2,1,6,6,2,-1,-1,-1,-1,-1,-1,-1,-1,0,-1
2021622100735,2021,622100735,3,9,0,4,4,6,2,0,0,0,0,0,0,0,2,1,6,6,1,63,9,-1,-1,-1,-1,6,W01000842,0,-1
2021010350256,2021,010350256,2,1,0,9,9,1,6,4,4,1,2,0,0,0,3,1,1,1,1,21,5,-1,-1,-1,-1,2,E01004011,0,-1
202131C166221,2021,31C166221,1,-1,0,18,19,1,2,0,0,6,0,0,0,0,4,1,6,6,1,19,4,-1,-1,-1,-1,5,E01028161,1,-1
2021221094430,2021,221094430,1,9,0,5,5,8,4,0,0,2,0,0,0,0,1,1,6,6,2,50,8,-1,-1,-1,-1,-1,-1,0,-1
2021061051446,2021,061051446,1,9,0,18,19,7,3,0,0,2,0,0,0,0,1,1,6,6,2,32,6,-1,-1,-1,-1,1,E01005206,0,-1
2021061034693,2021,061034693,3,9,0,18,19,1,1,0,0,0,0,0,0,0,2,1,6,6,1,54,8,-1,-1,-1,-1,8,E01009730,0,-1
2021221028886,2021,221028886,1,1,0,7,7,1,2,0,0,3,0,0,0,0,2,1,2,2,1,36,7,-1,-1,-1,-1,7,E01032249,0,-1
2021010335668,2021,010335668,1,9,0,18,19,1,5,0,0,3,0,0,0,0,1,1,6,6,3,-1,-1,-1,-1,-1,-1,-1,-1,0,-1
2021101114851,2021,101114851,1,9,0,18,19,7,3,0,0,1,0,0,0,0,1,1,6,6,2,-1,-1,-1,-1,-1,-1,-1,-1,0,-1
2021161085759,2021,161085759,2,9,0,18,19,6,2,0,0,1,0,0,-1,0,4,1,6,6,3,-1,-1,-1,-1,-1,-1,-1,-1,0,-1
2021351055464,2021,351055464,2,1,0,18,19,7,3,0,0,4,0,0,0,0,1,1,6,6,2,41,7,-1,-1,-1,-1,3,E01018083,0,-1
2021320158899,2021,320158899,1,9,0,12,12,5,1,0,0,8,0,0,0,0,0,1,6,6,1,40,7,-1,-1,-1,-1,-1,-1,0,-1
2021471029647,2021,471029647,2,1,0,18,19,1,5,0,0,2,0,0,0,0,4,1,1,1,1,38,7,-1,-1,-1,-1,3,E01016860,0,-1
2021440376526,2021,440376526,1,9,0,18,19,5,1,0,0,0,0,0,0,0,4,1,6,6,3,-1,-1,-1,-1,-1,-1,-1,-1,0,-1
2021041056416,2021,041056416,2,98,0,2,2,5,1,0,0,0,0,0,0,0,0,2,1,1,1,40,7,-1,-1,-1,-1,-1,-1,0,-1
2021520104667,2021,520104667,2,9,0,18,19,2,6,0,0,6,0,0,0,0,1,1,6,6,1,40,7,-1,-1,-1,-1,6,E01029240,0,-1
2021010331399,2021,010331399,2,9,0,99,99,9,9,99,99,9,9,99,9,99,0,9,6,6,1,-1,-1,-1,-1,-1,-1,-1,-1,0,-1
2021461014091,2021,461014091,1,1,0,7,7,7,5,0,0,2,0,0,0,0,0,1,5,6,1,56,9,-1,-1,-1,-1,3,E01024481,0,-1
202160Z075007,2021,60Z075007,2,9,0,18,19,1,5,0,0,0,0,0,0,0,0,1,6,6,1,18,4,-1,-1,-1,-1,-1,-1,0,-1
2021451037465,2021,451037465,2,9,0,18,19,3,7,0,0,0,0,0,0,0,3,1,6,6,1,45,7,-1,-1,-1,-1,-1,-1,0,-1
2021411061687,2021,411061687,1,1,0,18,19,8,4,0,0,1,0,0,0,0,1,1,5,6,1,38,7,-1,-1,-1,-1,10,E01023816,0,-1
2021010293362,2021,010293362,1,-1,9,99,99,9,9,99,99,9,9,99,9,99,1,1,6,6,1,14,3,-1,-1,-1,-1,3,E01000245,1,-1
2021451062226,2021,451062226,2,9,0,9,9,3,1,0,0,2,0,11,0,0,1,1,2,2,1,35,6,-1,-1,-1,-1,9,E01030521,0,-1
2021332100281,2021,332100281,1,90,0,18,19,8,4,0,0,0,0,0,0,0,1,1,6,6,3,-1,-1,-1,-1,-1,-1,-1,-1,0,-1
2021010289748,2021,010289748,2,1,0,18,19,1,5,0,0,1,0,0,0,0,1,1,6,6,2,34,6,-1,-1,-1,-1,1,E01001730,0,-1
2021302102138,2021,302102138,2,9,0,2,2,0,0,0,0,0,0,0,0,0,2,1,6,6,2,50,8,-1,-1,-1,-1,4,E01019554,0,-1
2021531021795,2021,531021795,2,9,0,18,19,4,8,0,0,0,0,0,0,0,1,1,6,6,3,-1,-1,-1,-1,-1,-1,-1,-1,0,-1
2021010335943,2021,010335943,2,9,0,99,99,9,9,99,99,9,9,99,9,99,9,9,6,6,3,-1,-1,-1,-1,-1,-1,-1,-1,0,-1
2021320519081,2021,320519081,1,1,0,18,19,4,8,0,0,0,5,4,0,0,1,1,6,6,1,19,4,-1,-1,-1,-1,4,E01026254,0,-1
2021010326366,2021,010326366,3,1,0,18,19,1,5,0,0,2,0,0,0,0,1,1,2,2,1,41,7,-1,-1,-1,-1,9,E01000205,0,-1
2021610003921,2021,610003921,2,9,0,18,19,1,5,0,0,1,0,0,7,11,1,1,6,6,2,34,6,-1,-1,-1,-1,-1,-1,0,-1
2021061044043,2021,061044043,1,9,0,18,19,7,3,0,0,1,0,0,0,0,1,1,5,6,1,30,6,-1,-1,-1,-1,-1,-1,0,-1
2021010296651,2021,010296651,2,1,0,18,19,5,1,0,0,1,0,0,0,0,1,1,6,6,1,24,5,-1,-1,-1,-1,1,E01033605,0,-1
202160Z142954,2021,60Z142954,2,9,0,18,19,5,1,0,0,0,0,0,0,0,1,1,6,6,2,50,8,-1,-1,-1,-1,-1,-1,0,-1
202163A012121,2021,63A012121,1,19,0,9,9,8,5,0,0,6,0,0,0,0,1,1,1,1,1,26,6,-1,-1,-1,-1,4,W01000809,0,-1
2021430576953,2021,430576953,1,9,0,18,19,8,4,0,0,8,0,0,0,0,4,1,1,1,1,57,9,-1,-1,-1,-1,10,E01017866,0,-1
2021010301748,2021,010301748,2,9,0,99,99,9,9,99,99,9,9,99,9,99,0,9,6,6,3,-1,-1,-1,-1,-1,-1,-1,-1,0,-1
2021010309444,2021,010309444,2,1,0,18,19,2,6,2,2,8,0,99,0,0,3,1,6,6,2,44,7,-1,-1,-1,-1,3,E01001858,0,-1
202131B129621,2021,31B129621,2,1,0,18,19,8,4,4,4,0,0,0,0,0,3,1,4,7,1,12,3,-1,-1,-1,-1,6,E01028050,0,-1
2021471048120,2021,471048120,1,16,0,18,19,1,5,0,0,0,0,0,7,0,1,1,5,6,2,66,10,-1,-1,-1,-1,8,E01031707,0,-1
2021461069180,2021,461069180,2,9,0,18,19,7,3,0,0,0,0,0,0,0,2,1,6,6,1,32,6,-1,-1,-1,-1,9,E01024818,0,-1
2021052101444,2021,052101444,1,9,0,18,19,9,9,0,0,0,0,0,0,0,9,9,6,6,3,-1,-1,-1,-1,-1,-1,-1,-1,0,-1
2021451026586,2021,451026586,2,-1,0,7,7,5,1,0,0,0,0,0,0,0,1,1,5,6,1,17,4,-1,-1,-1,-1,10,E01030682,1,-1
2021161019490,2021,161019490,2,9,-1,-1,-1,-1,-1,-1,-1,-1,-1,-1,-1,0,-1,1,6,6,1,-1,-1,-1,-1,-1,-1,-1,-1,0,-1
2021522105671,2021,522105671,1,19,0,9,9,1,7,0,0,8,0,0,0,0,1,1,6,6,1,52,8,-1,-1,-1,-1,9,E01014898,0,-1
2021052102142,2021,052102142,2,1,0,18,19,3,7,0,0,8,0,0,0,0,3,1,6,6,1,33,6,-1,-1,-1,-1,6,E01007159,0,-1
2021552100699,2021,552100699,2,1,0,18,19,3,7,0,0,0,0,0,0,0,3,1,6,6,2,64,9,-1,-1,-1,-1,5,E01020364,0,-1
2021010298410,2021,010298410,2,1,0,15,15,5,1,0,0,1,2,0,0,0,1,1,2,2,1,40,7,-1,-1,-1,-1,3,E01003145,0,-1
2021440329367,2021,440329367,4,10,0,18,19,7,3,0,0,0,0,0,0,0,2,1,2,2,2,48,8,-1,-1,-1,-1,7,E01017017,0,-1
2021332100185,2021,332100185,1,9,0,18,19,7,3,0,0,0,0,7,0,0,1,1,6,6,1,78,11,-1,-1,-1,-1,6,E01025746,0,-1
2021371071409,2021,371071409,1,9,0,-1,-1,-1,-1,0,0,0,5,0,0,0,-1,1,6,6,3,-1,-1,-1,-1,-1,-1,-1,-1,0,-1
2021010348981,2021,010348981,1,1,0,4,4,1,5,0,0,1,1,0,0,0,0,1,2,2,1,57,9,-1,-1,-1,-1,5,E01001530,0,-1
2021201133469,2021,201133469,2,98,0,18,19,1,5,0,0,4,0,0,0,0,0,1,6,6,3,-1,-1,-1,-1,-1,-1,-1,-1,0,-1
2021010302300,2021,010302300,2,9,0,99,99,9,9,99,99,9,9,99,9,99,1,9,6,6,3,-1,-1,-1,-1,-1,-1,-1,-1,0,-1
2021010316486,2021,010316486,1,1,0,4,4,3,7,0,0,1,0,10,0,0,1,1,2,2,1,23,5,-1,-1,-1,-1,3,E01004303,0,-1
2021461042452,2021,461042452,2,1,0,18,19,7,3,0,0,1,0,0,0,0,4,1,5,6,1,65,9,-1,-1,-1,-1,5,E01016151,0,-1
2021010337250,2021,010337250,2,9,0,11,11,6,2,0,0,8,0,0,0,0,0,1,6,6,3,-1,-1,-1,-1,-1,-1,-1,-1,0,-1
2021461103656,2021,461103656,1,9,0,11,11,3,7,0,0,0,0,0,0,0,2,1,6,6,3,-1,-1,-1,-1,-1,-1,-1,-1,0,-1
2021401017746,2021,401017746,2,1,0,16,19,-1,-1,0,0,8,0,0,0,0,4,1,5,6,1,15,3,-1,-1,-1,-1,1,E01015771,0,-1
2021451020736,2021,451020736,2,9,0,18,19,3,1,0,0,0,0,0,0,0,1,1,6,6,3,36,7,-1,-1,-1,-1,-1,-1,0,-1
2021302101917,2021,302101917,1,9,0,17,19,2,8,0,0,0,0,0,0,0,1,1,1,1,1,25,5,-1,-1,-1,-1,1,E01014256,0,-1
2021010301466,2021,010301466,2,9,0,99,99,9,9,99,99,9,9,99,9,99,1,9,6,6,3,-1,-1,-1,-1,-1,-1,-1,-1,0,-1
2021520104298,2021,520104298,2,1,0,18,19,1,5,0,0,1,0,0,0,0,1,1,6,6,2,42,7,-1,-1,-1,-1,2,E01029100,0,-1
2021010312386,2021,010312386,1,1,9,99,99,9,9,99,99,9,9,99,9,99,2,1,2,2,2,33,6,-1,-1,-1,-1,4,E01002785,0,-1
2021061114525,2021,061114525,1,9,0,18,19,2,6,0,0,0,0,0,0,0,1,1,6,6,1,-1,-1,-1,-1,-1,-1,-1,-1,0,-1
2021010313270,2021,010313270,2,-1,0,18,19,3,7,0,0,1,0,0,0,0,1,1,6,6,1,24,5,-1,-1,-1,-1,3,E01000176,1,-1
2021010339094,2021,010339094,1,9,0,4,4,3,7,0,0,0,0,0,0,0,0,1,6,6,1,41,7,-1,-1,-1,-1,2,E01000008,0,-1
2021461070927,2021,461070927,1,1,0,18,19,4,8,0,0,0,0,0,0,0,1,1,6,6,1,42,7,-1,-1,-1,-1,6,E01024238,0,-1
2021010328225,2021,010328225,2,9,0,99,99,9,9,99,99,9,9,99,9,99,9,9,6,6,3,-1,-1,-1,-1,-1,-1,-1,-1,0,-1
2021131080410,2021,131080410,1,19,0,-1,-1,-1,-1,-1,-1,0,-1,-1,-1,-1,-1,1,6,6,3,-1,-1,-1,-1,-1,-1,-1,-1,0,-1
2021010333286,2021,010333286,2,98,1,99,99,9,9,99,99,9,9,99,9,99,2,9,6,6,3,-1,-1,-1,-1,-1,-1,-1,-1,0,-1
2021010343312,2021,010343312,1,97,0,99,99,9,9,99,99,9,9,99,9,99,9,1,6,6,3,-1,-1,-1,-1,-1,-1,-1,-1,0,-1
2021440424992,2021,440424992,1,9,0,18,19,2,6,0,0,0,0,0,0,0,4,1,6,6,2,51,8,-1,-1,-1,-1,9,E01022654,0,-1
2021122101054,2021,122101054,2,9,0,13,13,5,1,0,0,1,0,0,0,0,1,1,6,6,3,-1,-1,-1,-1,-1,-1,-1,-1,0,-1
2021060377807,2021,060377807,2,9,0,17,19,7,5,0,0,8,0,0,0,0,1,1,6,6,1,20,4,-1,-1,-1,-1,10,E01018666,0,-1