collision_index,collision_year,collision_ref_no,vehicle_reference,vehicle_type,towing_and_articulation,vehicle_manoeuvre_historic,vehicle_manoeuvre,vehicle_direction_from,vehicle_direction_to,vehicle_location_restricted_lane_historic,vehicle_location_restricted_lane,junction_location,skidding_and_overturning,hit_object_in_carriageway,vehicle_leaving_carriageway,hit_object_off_carriageway,first_point_of_impact,vehicle_left_hand_drive,journey_purpose_of_driver_historic,journey_purpose_of_driver,sex_of_driver,age_of_driver,age_band_of_driver,engine_capacity_cc,propulsion_code,age_of_vehicle,generic_make_model,driver_imd_decile,lsoa_of_driver,escooter_flag,driver_distance_banding
2021010295208,2021,010295208,1,1,9,99,99,9,9,99,99,0,9,99,9,99,2,1,6,6,2,27,6,-1,-1,-1,-1,4,E01000875,0,-1
2021302101443,2021,302101443,1,9,0,18,19,6,2,0,0,0,0,0,0,0,4,1,6,6,3,-1,-1,-1,-1,-1,-1,5,E01019456,0,-1
2021451052533,2021,451052533,3,9,0,13,13,2,1,0,0,0,0,0,0,0,0,1,6,6,3,50,8,-1,-1,-1,-1,-1,-1,0,-1
2021161093875,2021,161093875,2,1,0,18,19,8,4,0,0,8,0,0,0,0,-1,1,6,6,1,58,9,-1,-1,-1,-1,7,E01012954,0,-1
2021351156282,2021,351156282,2,98,0,18,19,5,1,0,0,0,0,0,1,0,1,1,1,1,1,39,7,-1,-1,-1,-1,2,E01026026,0,-1
2021010328426,2021,010328426,2,9,0,99,99,9,9,99,99,0,9,99,9,99,2,9,6,6,3,-1,-1,-1,-1,-1,-1,-1,-1,0,-1
2021351051204,2021,351051204,1,1,0,9,9,5,3,0,0,6,0,0,0,0,3,1,5,6,1,17,4,-1,-1,-1,-1,7,E01017969,0,-1
2021471096656,2021,471096656,2,1,0,18,19,2,6,0,0,0,0,0,1,0,1,1,6,6,3,-1,-1,-1,-1,-1,-1,6,E01031673,0,-1
2021332100279,2021,332100279,1,9,0,18,19,1,5,0,0,0,0,11,4,4,1,1,2,2,1,66,10,-1,-1,-1,-1,9,E01018181,0,-1
2021010287986,2021,010287986,2,3,0,4,4,3,7,0,0,1,0,0,0,0,1,1,6,6,1,27,6,-1,-1,-1,-1,5,E01004522,0,-1
2021010339901,2021,010339901,1,19,0,99,99,9,9,0,0,1,0,0,0,0,9,1,6,6,3,-1,-1,-1,-1,-1,-1,-1,-1,0,-1
2021501023389,2021,501023389,3,9,0,4,4,8,4,0,0,0,0,0,0,0,0,1,6,6,3,-1,-1,-1,-1,-1,-1,-1,-1,0,-1
2021041091655,2021,041091655,3,9,0,18,19,5,1,0,0,2,0,0,0,0,3,1,5,6,1,41,7,-1,-1,-1,-1,3,E01025063,0,-1
2021010317161,2021,010317161,1,1,9,99,99,9,9,99,99,9,9,99,9,99,9,1,6,6,1,27,6,-1,-1,-1,-1,1,E01002853,0,-1
2021070048666,2021,070048666,2,9,0,3,3,4,8,0,0,1,0,0,0,0,1,1,6,6,1,-1,-1,-1,-1,-1,-1,-1,-1,0,-1
2021010325206,2021,010325206,1,97,0,18,19,7,3,0,0,0,0,0,0,0,1,1,6,6,1,21,5,-1,-1,-1,-1,3,E01033583,0,-1
2021041016539,2021,041016539,2,1,0,18,19,3,7,0,0,0,0,0,0,0,3,1,5,6,1,61,9,-1,-1,-1,-1,7,E01025457,0,-1
2021101030815,2021,101030815,1,19,0,1,1,3,7,0,0,0,0,0,0,0,2,1,6,6,1,35,6,-1,-1,-1,-1,-1,-1,0,-1
2021010330268,2021,010330268,2,1,0,15,15,7,3,0,0,1,0,0,0,0,3,1,6,6,1,36,7,-1,-1,-1,-1,9,E01003458,0,-1
2021421067769,2021,421067769,2,1,0,17,19,8,5,0,0,8,5,0,0,0,4,1,6,6,2,43,7,-1,-1,-1,-1,3,E01021594,0,-1
2021552100838,2021,552100838,2,1,0,9,9,6,3,0,0,8,0,0,0,0,4,1,6,6,1,28,6,-1,-1,-1,-1,7,E01020405,0,-1
2021201029307,2021,201029307,2,1,0,18,19,6,2,0,0,8,0,0,0,0,1,1,6,6,1,31,6,-1,-1,-1,-1,7,E01009974,0,-1
2021991070721,2021,991070721,1,9,0,1,1,8,8,9,9,0,0,0,0,0,2,1,5,6,2,41,7,-1,-1,-1,-1,7,-1,0,-1
2021221030077,2021,221030077,2,1,0,18,19,1,5,0,0,8,0,0,0,0,1,1,5,6,1,25,5,-1,-1,-1,-1,2,E01014071,0,-1
2021440271956,2021,440271956,1,1,0,14,14,7,3,0,0,0,0,0,0,0,0,1,6,6,1,70,10,-1,-1,-1,-1,9,E01022989,0,-1
2021451052007,2021,451052007,2,1,0,18,19,3,7,0,0,8,0,0,0,0,4,1,5,6,2,21,5,-1,-1,-1,-1,-1,-1,0,-1
2021320261885,2021,320261885,2,1,0,18,19,8,2,0,0,2,0,0,0,0,1,1,6,6,2,26,6,-1,-1,-1,-1,8,E01026065,0,-1
2021161128681,2021,161128681,2,1,0,18,19,1,5,0,0,0,0,0,0,0,2,1,6,6,1,57,9,-1,-1,-1,-1,9,E01013275,0,-1
2021461086392,2021,461086392,1,9,0,18,19,7,3,0,0,0,0,0,0,0,1,1,2,2,1,36,7,-1,-1,-1,-1,9,E01024818,0,-1
2021371067513,2021,371067513,2,9,0,3,3,1,4,0,0,4,0,0,0,0,2,1,1,1,1,23,5,-1,-1,-1,-1,5,E01018273,0,-1
2021070491050,2021,070491050,1,9,0,4,4,1,5,0,0,1,0,0,0,0,1,1,6,6,1,-1,-1,-1,-1,-1,-1,-1,-1,0,-1
2021131067284,2021,131067284,2,1,0,18,19,7,3,9,9,0,5,0,1,2,1,1,5,6,1,36,7,-1,-1,-1,-1,2,E01011913,0,-1
2021161072407,2021,161072407,3,98,0,18,19,5,1,0,0,0,0,0,0,0,2,1,1,1,1,20,4,-1,-1,-1,-1,6,E01013175,0,-1
2021421130478,2021,421130478,1,97,0,-1,-1,-1,-1,-1,-1,0,-1,-1,-1,0,-1,1,6,6,3,-1,-1,-1,-1,-1,-1,-1,-1,0,-1
2021201112583,2021,201112583,2,1,0,18,19,8,4,0,0,8,0,0,0,0,3,1,1,1,1,31,6,-1,-1,-1,-1,1,E01009396,0,-1
2021010317442,2021,010317442,1,1,9,99,99,9,9,99,99,0,9,99,9,99,1,1,6,6,1,34,6,-1,-1,-1,-1,6,E01004530,0,-1
2021461057756,2021,461057756,1,98,0,8,8,2,6,0,0,1,0,0,0,0,1,1,6,6,3,-1,-1,-1,-1,-1,-1,-1,-1,0,-1
2021302100852,2021,302100852,1,21,1,9,9,8,4,0,0,8,0,0,0,0,1,2,1,1,1,41,7,-1,-1,-1,-1,-1,-1,0,-1
2021010328397,2021,010328397,1,1,0,99,99,9,9,0,0,9,9,11,9,10,9,1,6,6,1,36,7,-1,-1,-1,-1,9,E01003874,0,-1
2021302100562,2021,302100562,2,1,0,18,19,6,2,0,0,0,0,0,0,0,0,1,6,6,1,54,8,-1,-1,-1,-1,9,E01008074,0,-1
2021010336526,2021,010336526,1,11,0,5,5,1,5,0,0,1,0,0,0,0,0,1,1,1,1,50,8,-1,-1,-1,-1,1,E01001510,0,-1
2021070654883,2021,070654883,2,9,0,5,5,5,1,0,0,1,0,0,0,0,1,1,1,1,1,39,7,-1,-1,-1,-1,7,E01018488,0,-1
2021211132617,2021,211132617,1,17,0,13,13,3,7,0,0,0,0,0,0,0,3,1,6,6,1,30,6,-1,-1,-1,-1,-1,-1,0,-1
202160Z167028,2021,60Z167028,2,9,0,16,19,1,3,0,0,2,0,0,0,0,3,1,6,6,2,21,5,-1,-1,-1,-1,-1,-1,0,-1
2021201080647,2021,201080647,1,9,0,9,9,1,6,0,0,6,0,0,0,0,4,1,6,6,3,-1,-1,-1,-1,-1,-1,-1,-1,0,-1
2021010333276,2021,010333276,2,22,0,18,19,1,5,0,0,1,0,0,0,0,3,1,6,6,1,95,11,-1,-1,-1,-1,2,E01000027,0,-1
2021610040821,2021,610040821,1,19,0,18,19,2,6,0,0,0,0,0,0,0,3,1,2,2,1,50,8,-1,-1,-1,-1,-1,-1,0,-1
2021010348455,2021,010348455,1,1,9,99,99,9,9,99,99,9,9,99,9,99,9,1,6,6,1,21,5,-1,-1,-1,-1,5,E01003953,0,-1
2021332100855,2021,332100855,1,9,0,18,19,1,5,0,0,0,1,0,1,4,1,1,6,6,1,27,6,-1,-1,-1,-1,6,E01032603,0,-1
2021041059071,2021,041059071,1,-1,0,18,19,3,7,0,0,0,0,0,0,0,0,1,5,6,2,17,4,-1,-1,-1,-1,4,E01012607,1,-1
2021010321995,2021,010321995,2,1,0,18,19,5,1,0,0,5,0,0,0,0,3,1,6,6,1,23,5,-1,-1,-1,-1,9,E01025340,0,-1
2021041120190,2021,041120190,1,9,0,1,1,0,0,0,0,0,0,0,0,0,2,1,6,6,2,72,10,-1,-1,-1,-1,4,E01024871,0,-1
2021430337167,2021,430337167,2,1,0,18,19,4,8,5,5,8,0,0,0,0,1,1,2,2,1,25,5,-1,-1,-1,-1,3,E01028524,0,-1
2021421060091,2021,421060091,2,17,1,4,4,5,3,9,9,0,0,0,0,0,4,1,1,1,1,41,7,-1,-1,-1,-1,8,E01021911,0,-1
2021361040551,2021,361040551,2,1,0,18,19,3,7,0,0,8,2,0,0,0,3,1,6,6,2,44,7,-1,-1,-1,-1,8,E01026434,0,-1
2021440062791,2021,440062791,1,9,0,4,4,7,3,0,0,0,0,0,1,11,1,1,6,6,2,35,6,-1,-1,-1,-1,8,E01032845,0,-1
2021421075931,2021,421075931,3,9,0,18,19,5,1,0,0,0,0,0,0,0,4,1,6,6,1,54,8,-1,-1,-1,-1,8,E01022052,0,-1
2021052101378,2021,052101378,1,1,0,13,13,5,1,0,0,1,0,0,0,0,3,1,6,6,1,61,9,-1,-1,-1,-1,10,E01007200,0,-1
2021010294869,2021,010294869,2,9,0,99,99,9,9,99,99,9,9,99,9,99,9,9,6,6,3,-1,-1,-1,-1,-1,-1,-1,-1,0,-1
2021461108096,2021,461108096,2,1,0,16,19,5,7,0,0,8,5,0,0,0,3,1,6,6,1,21,5,-1,-1,-1,-1,2,E01024093,0,-1
202160Z159661,2021,60Z159661,1,9,0,18,19,5,1,0,0,3,0,0,7,11,1,1,6,6,1,27,6,-1,-1,-1,-1,-1,-1,0,-1
2021430155935,2021,430155935,1,9,0,18,19,2,6,0,0,2,0,0,0,0,1,1,6,6,2,38,7,-1,-1,-1,-1,6,E01016564,0,-1
2021010314345,2021,010314345,2,-1,9,18,19,1,5,0,0,9,9,0,9,0,2,9,6,6,1,47,8,-1,-1,-1,-1,5,E01000847,1,-1
2021010339906,2021,010339906,2,-1,0,18,19,6,2,0,0,1,0,0,1,0,1,1,1,1,1,56,9,-1,-1,-1,-1,3,E01002839,1,-1
2021041073454,2021,041073454,2,-1,0,18,19,5,7,0,0,1,0,0,0,0,1,1,6,6,1,17,4,-1,-1,-1,-1,-1,-1,1,-1
2021471040443,2021,471040443,1,1,0,18,19,7,2,0,0,8,0,0,0,0,1,1,6,6,2,-1,-1,-1,-1,-1,-1,-1,-1,0,-1
2021501095376,2021,501095376,1,9,0,5,5,1,5,0,0,6,0,0,0,0,1,1,5,6,1,27,6,-1,-1,-1,-1,8,E01020110,0,-1
202134WNC6471,2021,34WNC6471,2,1,0,18,19,5,1,0,0,8,0,0,0,0,1,1,4,7,1,18,4,-1,-1,-1,-1,2,E01027229,0,-1
2021070743146,2021,070743146,2,3,0,18,19,1,5,0,0,0,0,0,0,0,1,1,2,2,1,31,6,-1,-1,-1,-1,4,E01005632,0,-1
2021302101393,2021,302101393,1,9,0,1,1,0,0,0,0,0,0,0,0,0,2,1,6,6,1,36,7,-1,-1,-1,-1,1,E01013487,0,-1
2021361086351,2021,361086351,2,1,0,18,19,5,1,0,0,8,5,0,0,0,1,1,4,7,1,16,4,-1,-1,-1,-1,1,E01026800,0,-1
2021010302882,2021,010302882,2,1,0,13,13,7,3,0,0,8,0,0,0,0,1,1,2,2,1,28,6,-1,-1,-1,-1,2,E01001631,0,-1
2021010345976,2021,010345976,2,98,9,99,99,9,9,99,99,9,9,99,9,99,9,9,6,6,3,-1,-1,-1,-1,-1,-1,-1,-1,0,-1
2021010320351,2021,010320351,2,1,0,15,15,7,3,0,0,2,0,0,0,0,1,1,6,6,1,20,4,-1,-1,-1,-1,7,E01000683,0,-1
2021010343189,2021,010343189,1,1,9,99,99,9,9,99,99,9,9,99,9,99,1,1,2,2,2,28,6,-1,-1,-1,-1,3,E01002770,0,-1
2021440476531,2021,440476531,2,9,0,18,19,8,4,0,0,8,0,0,0,0,1,1,6,6,3,-1,-1,-1,-1,-1,-1,-1,-1,0,-1
202154C333821,2021,54C333821,1,1,0,18,19,5,1,0,0,0,0,0,0,0,1,1,6,6,1,9,2,-1,-1,-1,-1,6,E01032065,0,-1
2021141068243,2021,141068243,2,9,0,7,7,7,7,0,0,2,0,0,0,0,-1,1,6,6,3,-1,-1,-1,-1,-1,-1,-1,-1,0,-1
2021010329026,2021,010329026,2,1,0,18,19,5,1,0,0,1,0,0,0,0,0,1,6,6,1,19,4,-1,-1,-1,-1,8,E01002207,0,-1
2021461038305,2021,461038305,2,9,0,3,3,2,6,0,0,1,0,0,0,0,2,1,1,1,1,47,8,-1,-1,-1,-1,9,E01021231,0,-1
2021010313667,2021,010313667,2,1,0,18,19,7,3,0,0,2,0,0,0,0,4,1,6,6,1,70,10,-1,-1,-1,-1,5,E01004579,0,-1
2021451087003,2021,451087003,1,1,0,8,8,5,3,0,0,6,5,0,0,0,3,1,6,6,1,29,6,-1,-1,-1,-1,5,E01002651,0,-1
2021122100036,2021,122100036,2,9,0,9,9,7,3,0,0,1,0,0,0,0,1,1,6,6,1,35,6,-1,-1,-1,-1,4,E01027835,0,-1
202131C107021,2021,31C107021,2,-1,0,18,19,2,6,0,0,8,0,0,0,0,1,1,6,6,1,14,3,-1,-1,-1,-1,2,E01013945,1,-1
2021041088488,2021,041088488,2,1,0,9,9,7,3,4,4,0,0,0,0,0,2,1,5,6,1,68,10,-1,-1,-1,-1,8,E01025280,0,-1
2021201077623,2021,201077623,2,9,0,1,1,4,8,0,0,2,0,0,0,0,2,1,6,6,2,-1,-1,-1,-1,-1,-1,-1,-1,0,-1
2021991051568,2021,991051568,2,98,4,16,19,2,5,0,0,7,0,0,1,0,2,1,6,6,1,30,6,-1,-1,-1,-1,-1,-1,0,-1
2021201028156,2021,201028156,1,90,0,18,19,-1,-1,0,0,0,0,0,0,0,1,1,6,6,3,-1,-1,-1,-1,-1,-1,-1,-1,0,-1
2021622100472,2021,622100472,2,1,0,18,19,6,2,0,0,0,0,0,0,0,1,1,6,6,1,26,6,-1,-1,-1,-1,3,W01001009,0,-1
2021070074893,2021,070074893,1,8,0,5,5,1,5,0,0,0,0,0,0,0,0,1,1,1,3,-1,-1,-1,-1,-1,-1,-1,-1,0,-1
2021361136599,2021,361136599,1,9,0,13,13,7,3,0,0,2,0,0,0,0,0,1,6,6,3,-1,-1,-1,-1,-1,-1,-1,-1,0,-1
2021111030745,2021,111030745,1,9,0,18,19,7,3,0,0,0,0,2,0,0,4,1,6,6,3,30,6,-1,-1,-1,-1,-1,-1,0,-1
202160Z018031,2021,60Z018031,1,9,0,18,19,2,6,0,0,2,0,12,0,0,1,1,6,6,1,59,9,-1,-1,-1,-1,-1,-1,0,-1
2021501090375,2021,501090375,1,19,0,14,14,5,1,0,0,0,0,0,0,0,1,1,1,1,1,65,9,-1,-1,-1,-1,4,E01018956,0,-1
2021061055072,2021,061055072,1,9,0,18,19,8,4,0,0,0,0,0,0,0,0,1,6,6,3,30,6,-1,-1,-1,-1,-1,-1,0,-1
2021010331533,2021,010331533,2,1,0,9,9,5,3,0,0,1,0,0,0,0,3,1,6,6,1,19,4,-1,-1,-1,-1,4,E01000728,0,-1
2021010342278,2021,010342278,2,1,0,18,19,1,5,5,5,1,5,0,0,0,3,1,2,2,2,54,8,-1,-1,-1,-1,2,E01001754,0,-1
2021101057656,2021,101057656,1,9,0,18,19,3,7,0,0,1,0,0,0,0,1,1,6,6,1,18,4,-1,-1,-1,-1,-1,-1,0,-1
2021440455085,2021,440455085,1,9,0,18,19,6,2,0,0,0,0,0,0,0,1,1,6,6,2,64,9,-1,-1,-1,-1,6,E01023022,0,-1
2021052102811,2021,052102811,1,9,0,9,9,6,4,0,0,8,0,0,0,0,0,1,6,6,1,21,5,-1,-1,-1,-1,5,E01007109,0,-1
2021010296868,2021,010296868,2,9,0,99,99,9,9,99,99,0,9,99,9,99,1,1,6,6,3,-1,-1,-1,-1,-1,-1,-1,-1,0,-1
2021131099917,2021,131099917,1,5,0,18,19,1,5,0,0,0,0,0,0,0,3,1,1,1,1,50,8,-1,-1,-1,-1,10,E01024325,0,-1
2021010292518,2021,010292518,2,1,0,18,19,1,5,0,0,1,2,0,0,0,4,1,1,1,1,33,6,-1,-1,-1,-1,3,E01000499,0,-1
2021010338300,2021,010338300,3,1,0,18,19,7,3,0,0,2,0,0,0,0,1,1,6,6,1,59,9,-1,-1,-1,-1,3,E01000312,0,-1
2021201084889,2021,201084889,1,1,0,18,19,4,8,0,0,0,0,4,0,0,1,1,6,6,1,23,5,-1,-1,-1,-1,4,E01033617,0,-1
2021010298506,2021,010298506,2,9,0,99,99,9,9,99,99,9,9,99,9,99,9,9,6,6,3,-1,-1,-1,-1,-1,-1,-1,-1,0,-1
2021610033921,2021,610033921,1,9,0,18,19,3,7,0,0,0,0,0,0,0,1,1,6,6,1,23,5,-1,-1,-1,-1,-1,-1,0,-1
2021010299185,2021,010299185,1,1,9,18,19,2,6,4,4,1,5,0,0,99,1,1,6,6,1,46,8,-1,-1,-1,-1,7,E01004619,0,-1
2021201134545,2021,201134545,2,1,0,18,19,2,6,0,0,8,0,0,0,0,1,1,4,7,1,15,3,-1,-1,-1,-1,1,E01009132,0,-1
2021010312895,2021,010312895,1,9,0,4,4,8,4,0,0,0,0,0,0,0,1,2,2,2,1,31,6,-1,-1,-1,-1,3,E01004533,0,-1
2021451076886,2021,451076886,1,1,0,18,19,8,4,9,9,1,2,4,0,0,1,1,6,6,1,15,3,-1,-1,-1,-1,7,E01030613,0,-1
2021010295736,2021,010295736,1,90,0,4,4,5,1,0,0,2,0,0,0,0,2,1,1,1,1,31,6,-1,-1,-1,-1,4,E01000472,0,-1
2021010290262,2021,010290262,1,9,0,18,19,1,5,0,0,5,0,0,0,0,1,9,6,6,3,-1,-1,-1,-1,-1,-1,-1,-1,0,-1
2021052102023,2021,052102023,2,1,0,18,19,5,1,0,0,0,0,0,0,0,2,1,6,6,1,21,5,-1,-1,-1,-1,1,E01006606,0,-1
2021010312362,2021,010312362,2,-1,0,18,19,1,5,9,9,0,0,0,0,0,1,1,6,6,1,28,6,-1,-1,-1,-1,1,E01001765,1,-1
2021451034157,2021,451034157,1,9,0,18,19,1,5,0,0,0,0,0,0,0,1,1,1,1,1,42,7,-1,-1,-1,-1,7,E01023100,0,-1
2021221066219,2021,221066219,2,1,0,18,19,5,1,0,0,0,0,0,0,0,3,1,5,6,1,64,9,-1,-1,-1,-1,8,E01009949,0,-1
2021430258727,2021,430258727,1,-1,0,18,19,4,8,0,0,0,0,0,0,0,1,1,6,6,1,29,6,-1,-1,-1,-1,4,E01017905,1,-1
2021401019551,2021,401019551,1,90,0,18,19,2,6,0,0,0,0,0,0,0,1,1,6,6,3,-1,-1,-1,-1,-1,-1,-1,-1,0,-1
2021371020094,2021,371020094,1,9,0,18,19,5,1,0,0,0,0,0,1,4,1,1,6,6,1,-1,-1,-1,-1,-1,-1,-1,-1,0,-1
2021041047751,2021,041047751,1,9,0,9,9,3,1,0,0,8,0,0,0,0,3,1,2,2,2,55,8,-1,-1,-1,-1,7,E01024874,0,-1
2021610032921,2021,610032921,1,9,0,18,19,7,3,0,0,1,0,0,1,11,3,1,6,6,2,23,5,-1,-1,-1,-1,-1,-1,0,-1
2021211073597,2021,211073597,1,8,0,1,1,2,8,0,0,0,0,0,0,0,4,1,1,1,1,40,7,-1,-1,-1,-1,-1,-1,0,-1
2021610052621,2021,610052621,3,9,0,18,19,8,4,0,0,0,0,0,0,0,2,1,6,6,1,50,8,-1,-1,-1,-1,-1,-1,0,-1
2021131108918,2021,131108918,2,1,0,18,19,3,7,0,0,0,0,0,0,0,2,1,5,6,1,55,8,-1,-1,-1,-1,7,E01011708,0,-1
2021361045304,2021,361045304,2,9,0,18,19,3,7,0,0,0,0,0,0,0,1,1,1,1,1,49,8,-1,-1,-1,-1,4,E01026859,0,-1
2021010324161,2021,010324161,2,9,0,16,19,7,1,0,0,8,0,0,1,0,1,1,1,1,1,42,7,-1,-1,-1,-1,3,E01003331,0,-1
2021552101408,2021,552101408,2,1,0,18,19,2,6,0,0,8,0,0,0,0,1,1,1,1,1,27,6,-1,-1,-1,-1,5,E01015345,0,-1
2021332101567,2021,332101567,1,9,0,18,19,4,8,0,0,8,0,0,0,0,3,1,6,6,2,34,6,-1,-1,-1,-1,-1,-1,0,-1
2021371095842,2021,371095842,2,1,0,18,19,4,8,0,0,8,5,0,0,0,4,1,5,6,1,56,9,-1,-1,-1,-1,5,E01030030,0,-1
2021311114657,2021,311114657,3,9,0,4,4,5,1,0,0,0,1,0,0,0,1,1,6,6,1,57,9,-1,-1,-1,-1,6,E01015672,0,-1
2021520104844,2021,520104844,2,9,0,18,19,8,4,0,0,8,0,0,0,0,1,1,6,6,1,35,6,-1,-1,-1,-1,-1,-1,0,-1
202160Z124760,2021,60Z124760,2,3,0,18,19,2,6,0,0,8,0,0,0,0,4,1,6,6,1,19,4,-1,-1,-1,-1,-1,-1,0,-1
2021501064970,2021,501064970,2,1,0,18,19,7,3,0,0,1,0,0,0,0,1,1,6,6,1,9,2,-1,-1,-1,-1,1,E01018997,0,-1
2021010289202,2021,010289202,2,97,0,99,99,9,9,99,99,9,9,99,9,99,1,9,6,6,3,-1,-1,-1,-1,-1,-1,-1,-1,0,-1
2021010302233,2021,010302233,2,1,0,4,4,3,7,0,0,1,0,0,0,0,1,1,6,6,1,61,9,-1,-1,-1,-1,3,E01003570,0,-1
2021451069365,2021,451069365,2,9,0,18,19,5,3,0,0,0,0,0,0,0,0,1,6,6,3,35,6,-1,-1,-1,-1,-1,-1,0,-1
2021371045368,2021,371045368,2,1,0,18,19,6,1,0,0,0,0,0,0,0,3,1,5,6,1,13,3,-1,-1,-1,-1,8,E01029883,0,-1
2021231120906,2021,231120906,1,9,0,9,9,3,1,0,0,5,0,0,0,0,1,1,2,2,2,32,6,-1,-1,-1,-1,4,E01029838,0,-1
2021061097991,2021,061097991,1,9,0,18,19,1,1,0,0,0,0,0,0,0,1,1,6,6,3,30,6,-1,-1,-1,-1,-1,-1,0,-1
2021070557239,2021,070557239,2,9,0,10,10,4,8,0,0,6,0,0,0,0,4,1,6,6,2,-1,-1,-1,-1,-1,-1,5,E01029542,0,-1
2021430226690,2021,430226690,2,1,0,18,19,1,5,0,0,0,0,0,0,0,3,1,4,7,1,15,3,-1,-1,-1,-1,5,E01028542,0,-1
2021052101026,2021,052101026,1,23,0,7,7,5,7,0,0,6,1,10,1,11,1,1,6,6,1,17,4,-1,-1,-1,-1,1,E01007209,0,-1
2021131088116,2021,131088116,2,1,0,18,19,5,1,0,0,8,0,0,0,0,3,1,5,6,2,68,10,-1,-1,-1,-1,7,E01011181,0,-1
2021052102562,2021,052102562,4,9,0,2,2,0,0,0,0,0,0,0,0,0,4,1,1,1,3,-1,-1,-1,-1,-1,-1,-1,-1,0,-1
2021610028221,2021,610028221,2,9,0,18,19,4,7,0,0,3,0,0,0,0,1,1,6,6,1,36,7,-1,-1,-1,-1,-1,-1,0,-1
2021010351410,2021,010351410,1,1,9,99,99,9,9,99,99,9,9,99,9,99,1,1,6,6,1,24,5,-1,-1,-1,-1,2,E01001940,0,-1
2021010334810,2021,010334810,2,9,0,99,99,9,9,99,99,9,9,99,9,99,1,9,6,6,3,-1,-1,-1,-1,-1,-1,-1,-1,0,-1
2021361085769,2021,361085769,2,1,0,18,19,7,3,0,0,8,0,0,0,0,1,1,6,6,2,72,10,-1,-1,-1,-1,5,E01026866,0,-1
2021052100186,2021,052100186,2,1,0,15,15,3,7,0,0,0,0,0,0,0,3,1,6,6,1,73,10,-1,-1,-1,-1,4,E01007288,0,-1
2021122100820,2021,122100820,1,1,0,18,19,6,7,0,0,0,0,0,0,0,1,1,6,6,1,3,1,-1,-1,-1,-1,7,E01027616,0,-1
2021010351951,2021,010351951,2,9,0,9,9,5,3,0,0,1,0,0,0,0,1,1,6,6,3,-1,-1,-1,-1,-1,-1,-1,-1,0,-1
2021471044362,2021,471044362,1,9,0,5,5,5,7,9,9,6,0,0,0,0,1,2,6,6,3,-1,-1,-1,-1,-1,-1,-1,-1,0,-1
202160Z183986,2021,60Z183986,2,9,0,18,19,4,8,0,0,2,0,0,0,0,3,1,6,6,1,77,11,-1,-1,-1,-1,-1,-1,0,-1
2021221105743,2021,221105743,2,9,0,18,19,1,5,0,0,0,1,0,0,0,1,1,5,6,2,33,6,-1,-1,-1,-1,3,E01012417,0,-1
2021411127519,2021,411127519,2,1,0,18,19,7,3,0,0,8,0,0,0,0,4,1,5,6,2,41,7,-1,-1,-1,-1,10,E01023749,0,-1
2021010329868,2021,010329868,1,1,9,99,99,9,9,99,99,9,9,99,9,99,1,1,6,6,1,29,6,-1,-1,-1,-1,4,E01004232,0,-1
2021430304040,2021,430304040,3,9,4,4,4,5,1,0,0,0,0,0,0,0,2,1,2,2,1,56,9,-1,-1,-1,-1,6,E01030767,0,-1
202134NNC7081,2021,34NNC7081,2,19,0,11,11,3,7,0,0,0,0,0,0,0,1,1,1,1,1,63,9,-1,-1,-1,-1,9,E01027346,0,-1
2021101081670,2021,101081670,1,3,0,18,19,1,5,0,0,0,2,0,0,0,3,1,6,6,3,17,4,-1,-1,-1,-1,-1,-1,0,-1
2021131098556,2021,131098556,2,1,0,18,19,7,3,0,0,0,0,0,0,0,2,1,2,2,1,35,6,-1,-1,-1,-1,1,E01010731,0,-1
2021010345613,2021,010345613,2,9,0,18,19,3,7,0,0,8,0,0,0,0,1,1,1,1,1,73,10,-1,-1,-1,-1,3,E01002015,0,-1
2021061110389,2021,061110389,1,1,0,18,19,6,2,4,4,0,0,0,0,0,2,1,5,6,1,51,8,-1,-1,-1,-1,10,E01006147,0,-1
2021440281454,2021,440281454,2,22,0,18,19,8,4,0,0,1,0,0,0,0,2,1,6,6,1,70,10,-1,-1,-1,-1,4,E01017260,0,-1
2021010308614,2021,010308614,2,1,0,18,19,1,5,0,0,1,0,0,0,0,2,1,6,6,1,54,8,-1,-1,-1,-1,5,E01003314,0,-1
2021141023181,2021,141023181,2,9,0,-1,-1,-1,-1,-1,-1,8,-1,-1,-1,0,-1,1,6,6,3,-1,-1,-1,-1,-1,-1,-1,-1,0,-1
2021430571866,2021,430571866,1,1,0,18,19,5,1,0,0,8,0,0,0,0,3,1,6,6,1,43,7,-1,-1,-1,-1,3,E01016511,0,-1
2021522103656,2021,522103656,2,4,0,12,12,2,6,0,0,1,0,0,0,0,3,1,6,6,1,56,9,-1,-1,-1,-1,7,E01014907,0,-1
2021401040129,2021,401040129,2,1,0,18,19,-1,-1,0,0,8,0,12,0,0,3,1,6,6,1,45,7,-1,-1,-1,-1,9,E01017556,0,-1
2021461093299,2021,461093299,2,9,0,18,19,1,5,0,0,0,0,0,0,0,4,1,1,1,2,32,6,-1,-1,-1,-1,7,E01024037,0,-1
2021471074456,2021,471074456,3,11,0,18,19,5,1,0,0,0,0,0,0,0,0,1,6,6,3,-1,-1,-1,-1,-1,-1,-1,-1,0,-1
2021430528067,2021,430528067,2,9,0,9,9,8,6,0,0,1,0,0,0,0,4,1,6,6,1,-1,-1,-1,-1,-1,-1,-1,-1,0,-1
2021010325765,2021,010325765,2,1,0,18,19,5,1,4,4,0,0,4,0,0,1,1,6,6,2,46,8,-1,-1,-1,-1,3,E01000742,0,-1
2021610037021,2021,610037021,1,9,0,18,19,5,1,0,0,1,0,0,0,0,3,1,6,6,2,23,5,-1,-1,-1,-1,-1,-1,0,-1
2021501051614,2021,501051614,1,1,0,18,19,7,3,0,0,0,0,0,0,0,0,1,6,6,2,60,9,-1,-1,-1,-1,3,E01018762,0,-1
2021010302827,2021,010302827,2,1,0,15,15,5,1,0,0,0,0,8,0,0,1,1,6,6,1,29,6,-1,-1,-1,-1,7,E01001965,0,-1
2021610033821,2021,610033821,2,9,0,9,9,5,2,0,0,1,0,0,0,0,1,1,2,2,1,52,8,-1,-1,-1,-1,-1,-1,0,-1