collision_index,collision_year,collision_ref_no,vehicle_reference,vehicle_type,towing_and_articulation,vehicle_manoeuvre_historic,vehicle_manoeuvre,vehicle_direction_from,vehicle_direction_to,vehicle_location_restricted_lane_historic,vehicle_location_restricted_lane,junction_location,skidding_and_overturning,hit_object_in_carriageway,vehicle_leaving_carriageway,hit_object_off_carriageway,first_point_of_impact,vehicle_left_hand_drive,journey_purpose_of_driver_historic,journey_purpose_of_driver,sex_of_driver,age_of_driver,age_band_of_driver,engine_capacity_cc,propulsion_code,age_of_vehicle,generic_make_model,driver_imd_decile,lsoa_of_driver,escooter_flag,driver_distance_banding
202131C123821,2021,31C123821,1,9,0,18,19,4,8,0,0,1,0,0,0,0,1,1,6,6,3,-1,-1,-1,-1,-1,-1,-1,-1,0,-1
2021332100820,2021,332100820,2,1,0,18,19,8,4,0,0,0,0,10,7,10,1,1,6,6,1,70,10,-1,-1,-1,-1,9,E01019641,0,-1
2021010349385,2021,010349385,1,9,0,2,2,0,0,0,0,2,0,0,0,0,2,1,6,6,3,-1,-1,-1,-1,-1,-1,-1,-1,0,-1
2021461106057,2021,461106057,2,1,0,18,19,8,4,4,4,0,0,0,0,0,1,1,5,6,1,37,7,-1,-1,-1,-1,10,E01024817,0,-1
2021201125673,2021,201125673,1,97,0,18,19,2,6,0,0,0,0,0,0,0,1,1,6,6,1,15,3,-1,-1,-1,-1,-1,-1,0,-1
202163A087221,2021,63A087221,2,17,4,4,4,3,7,0,0,0,0,0,0,0,0,1,1,1,1,64,9,-1,-1,-1,-1,6,W01000954,0,-1
2021010297938,2021,010297938,2,9,0,18,19,7,3,0,0,1,0,0,0,0,1,1,6,6,1,21,5,-1,-1,-1,-1,-1,-1,0,-1
2021122200011,2021,122200011,1,1,0,18,19,5,1,0,0,0,1,0,0,0,4,1,6,6,2,37,7,-1,-1,-1,-1,3,E01013445,0,-1
2021101120165,2021,101120165,1,9,0,18,19,3,7,0,0,1,0,0,0,0,1,1,6,6,3,-1,-1,-1,-1,-1,-1,-1,-1,0,-1
2021052102815,2021,052102815,1,9,0,18,19,5,1,0,0,0,0,0,0,0,1,1,6,6,3,-1,-1,-1,-1,-1,-1,-1,-1,0,-1
2021548721021,2021,548721021,1,-1,0,18,19,3,7,0,0,0,0,0,0,0,1,1,6,6,1,35,6,-1,-1,-1,-1,3,E01015503,1,-1
202131B028421,2021,31B028421,2,9,0,14,14,3,7,0,0,0,0,8,0,0,4,1,6,6,3,-1,-1,-1,-1,-1,-1,-1,-1,0,-1
2021430448364,2021,430448364,1,21,0,12,12,1,5,0,0,0,0,0,0,0,1,2,1,1,1,65,9,-1,-1,-1,-1,-1,-1,0,-1
2021010287582,2021,010287582,1,1,9,99,99,9,9,99,99,9,9,99,9,99,2,1,2,2,2,21,5,-1,-1,-1,-1,2,E01004044,0,-1
2021320753360,2021,320753360,1,9,0,18,19,3,7,0,0,0,0,0,7,9,0,1,6,6,1,75,10,-1,-1,-1,-1,6,E01018208,0,-1
2021010304621,2021,010304621,2,4,0,18,19,5,1,0,0,0,0,0,0,0,1,1,6,6,1,-1,-1,-1,-1,-1,-1,-1,-1,0,-1
2021411090051,2021,411090051,2,19,0,18,19,5,1,0,0,0,0,0,0,0,0,1,2,2,3,-1,-1,-1,-1,-1,-1,10,E01023657,0,-1
2021501039606,2021,501039606,2,16,0,18,19,1,5,0,0,1,0,0,0,0,0,1,5,6,2,35,6,-1,-1,-1,-1,4,E01020310,0,-1
2021531118196,2021,531118196,1,9,0,18,19,-1,-1,0,0,0,0,0,0,0,4,1,6,6,1,-1,-1,-1,-1,-1,-1,-1,-1,0,-1
2021320045857,2021,320045857,2,1,0,18,19,1,5,0,0,1,5,0,0,0,3,1,6,6,2,62,9,-1,-1,-1,-1,8,E01026138,0,-1
2021101059524,2021,101059524,2,1,0,18,19,2,2,0,0,1,0,0,0,0,2,1,5,6,1,60,9,-1,-1,-1,-1,7,E01008792,0,-1
2021010332303,2021,010332303,1,9,0,18,19,5,1,0,0,8,0,0,0,0,4,1,6,6,3,-1,-1,-1,-1,-1,-1,-1,-1,0,-1
2021622100260,2021,622100260,2,-1,0,18,19,2,6,0,0,0,0,0,0,0,3,1,6,6,1,29,6,-1,-1,-1,-1,8,W01001940,1,-1
2021010312181,2021,010312181,2,1,0,12,12,5,1,0,0,0,0,0,0,0,4,1,2,2,1,32,6,-1,-1,-1,-1,8,E01004498,0,-1
2021522105422,2021,522105422,1,2,0,2,2,0,0,0,0,0,0,0,0,0,2,1,6,6,2,25,5,-1,-1,-1,-1,1,E01033367,0,-1
2021061056876,2021,061056876,1,9,0,18,19,8,4,0,0,2,0,0,0,0,1,1,6,6,3,30,6,-1,-1,-1,-1,-1,-1,0,-1
2021461084237,2021,461084237,2,9,0,18,19,4,8,0,0,0,0,0,0,0,2,1,6,6,2,19,4,-1,-1,-1,-1,7,E01024675,0,-1
2021101104243,2021,101104243,2,1,0,18,19,7,3,0,0,1,0,0,0,0,3,1,5,6,1,60,9,-1,-1,-1,-1,10,E01008550,0,-1
2021451073220,2021,451073220,2,9,0,18,19,3,7,0,0,1,0,0,0,0,1,1,6,6,3,30,6,-1,-1,-1,-1,-1,-1,0,-1
2021201074347,2021,201074347,2,90,0,18,19,4,8,0,0,1,0,0,0,0,0,1,6,6,1,-1,-1,-1,-1,-1,-1,-1,-1,0,-1
2021101037543,2021,101037543,1,98,0,4,4,6,6,6,6,0,0,0,0,0,1,1,1,1,1,36,7,-1,-1,-1,-1,-1,-1,0,-1
202131B034321,2021,31B034321,1,9,0,18,19,4,8,0,0,0,0,0,0,0,1,1,6,6,1,23,5,-1,-1,-1,-1,8,E01028303,0,-1
2021010311429,2021,010311429,2,1,9,99,99,9,9,99,99,9,9,99,9,99,9,1,6,6,3,-1,-1,-1,-1,-1,-1,-1,-1,0,-1
2021545210621,2021,545210621,2,1,0,18,19,4,8,0,0,8,0,0,0,0,1,1,6,6,1,64,9,-1,-1,-1,-1,10,E01032080,0,-1
2021552100906,2021,552100906,1,9,0,18,19,1,5,0,0,0,0,0,0,0,0,1,6,6,3,-1,-1,-1,-1,-1,-1,-1,-1,0,-1
2021320574724,2021,320574724,1,9,0,18,19,2,6,0,0,0,1,0,1,0,1,1,6,6,1,31,6,-1,-1,-1,-1,3,E01026113,0,-1
202160Z071041,2021,60Z071041,1,5,0,4,4,3,7,6,6,5,2,0,0,0,4,1,6,6,1,61,9,-1,-1,-1,-1,-1,-1,0,-1
2021501083454,2021,501083454,1,19,0,5,5,3,7,0,0,2,0,0,0,0,0,1,6,6,3,-1,-1,-1,-1,-1,-1,-1,-1,0,-1
2021010314982,2021,010314982,1,1,0,18,19,5,1,0,0,8,9,0,0,0,9,1,6,6,1,27,6,-1,-1,-1,-1,8,E01030611,0,-1
2021440200058,2021,440200058,1,9,0,18,19,8,4,0,0,8,0,0,0,0,1,1,6,6,3,-1,-1,-1,-1,-1,-1,-1,-1,0,-1
2021010344737,2021,010344737,1,9,0,99,99,9,9,99,99,9,9,99,9,99,1,9,6,6,3,-1,-1,-1,-1,-1,-1,-1,-1,0,-1
202160Z130323,2021,60Z130323,1,9,0,18,19,4,8,0,0,0,1,0,0,0,1,1,6,6,1,22,5,-1,-1,-1,-1,-1,-1,0,-1
2021010352038,2021,010352038,2,-1,0,17,19,1,7,0,0,8,5,0,0,0,4,1,6,6,1,38,7,-1,-1,-1,-1,2,E01000626,1,-1
2021141083708,2021,141083708,2,98,0,18,19,2,6,0,0,0,0,0,0,0,0,1,6,6,3,-1,-1,-1,-1,-1,-1,-1,-1,0,-1
2021520200541,2021,520200541,1,9,0,18,19,5,1,0,0,8,0,0,0,0,1,1,6,6,3,-1,-1,-1,-1,-1,-1,-1,-1,0,-1
2021610062821,2021,610062821,1,9,0,18,19,2,6,0,0,0,0,0,4,4,1,1,6,6,1,57,9,-1,-1,-1,-1,-1,-1,0,-1
2021610029721,2021,610029721,2,9,0,18,19,1,5,0,0,4,0,0,1,0,1,1,6,6,2,29,6,-1,-1,-1,-1,-1,-1,0,-1
2021501091410,2021,501091410,2,9,0,16,19,1,5,0,0,0,0,0,0,0,3,1,6,6,1,45,7,-1,-1,-1,-1,5,E01020068,0,-1
202160Z104762,2021,60Z104762,2,9,0,4,4,6,2,0,0,1,0,0,0,0,2,1,6,6,2,48,8,-1,-1,-1,-1,-1,-1,0,-1
2021010327377,2021,010327377,2,11,0,4,4,3,7,0,0,0,0,0,0,0,2,1,6,6,1,53,8,-1,-1,-1,-1,3,E01001488,0,-1
2021451069595,2021,451069595,2,1,0,3,3,5,1,0,0,1,0,0,0,0,4,1,6,6,1,40,7,-1,-1,-1,-1,9,E01030715,0,-1
2021131120746,2021,131120746,2,9,0,9,9,7,5,0,0,8,0,0,0,0,3,1,2,2,1,30,6,-1,-1,-1,-1,4,E01010890,0,-1
2021061132357,2021,061132357,2,9,0,5,5,6,3,0,0,0,0,0,0,0,1,1,6,6,3,30,6,-1,-1,-1,-1,-1,-1,0,-1
2021131112778,2021,131112778,1,9,0,-1,-1,-1,-1,-1,-1,0,-1,-1,-1,-1,-1,1,6,6,3,-1,-1,-1,-1,-1,-1,-1,-1,0,-1
2021451088269,2021,451088269,1,-1,0,18,19,2,6,5,5,0,0,0,0,0,3,1,5,6,1,15,3,-1,-1,-1,-1,-1,-1,1,-1
2021141068078,2021,141068078,1,9,0,18,19,3,7,0,0,1,0,0,0,0,2,1,6,6,2,54,8,-1,-1,-1,-1,6,E01032551,0,-1
2021041092001,2021,041092001,1,9,0,18,19,1,5,0,0,6,0,0,0,0,1,1,5,6,1,21,5,-1,-1,-1,-1,3,E01012691,0,-1
2021010315811,2021,010315811,2,97,0,99,99,9,9,99,99,9,9,99,9,99,1,9,6,6,3,-1,-1,-1,-1,-1,-1,-1,-1,0,-1
2021440089413,2021,440089413,2,1,0,18,19,6,2,0,0,8,0,0,0,0,2,1,6,6,2,62,9,-1,-1,-1,-1,6,E01017015,0,-1
2021010329025,2021,010329025,2,19,0,99,99,9,9,99,99,9,9,99,9,99,9,9,6,6,3,-1,-1,-1,-1,-1,-1,-1,-1,0,-1
2021421070954,2021,421070954,1,9,-1,18,19,8,4,0,0,0,0,0,0,0,1,1,6,6,1,25,5,-1,-1,-1,-1,-1,-1,0,-1
202131C002221,2021,31C002221,1,1,0,18,19,1,5,0,0,2,0,0,0,0,1,1,6,6,1,14,3,-1,-1,-1,-1,3,E01013969,0,-1
2021361068131,2021,361068131,2,1,0,18,19,3,7,0,0,8,0,0,0,0,4,1,5,6,2,45,7,-1,-1,-1,-1,7,E01033434,0,-1
2021302101542,2021,302101542,3,98,1,18,19,8,4,0,0,0,0,0,0,0,0,1,6,6,3,-1,-1,-1,-1,-1,-1,5,E01019456,0,-1
2021520104475,2021,520104475,2,1,0,17,19,5,1,0,0,1,0,0,0,0,1,1,6,6,1,52,8,-1,-1,-1,-1,10,E01029310,0,-1
2021332100595,2021,332100595,1,9,0,7,7,7,1,0,0,6,0,0,0,0,1,1,1,1,2,66,10,-1,-1,-1,-1,9,E01025660,0,-1
2021010295611,2021,010295611,2,1,0,18,19,5,1,0,0,1,0,0,0,0,1,1,6,6,1,29,6,-1,-1,-1,-1,4,E01001023,0,-1
2021010288689,2021,010288689,2,1,9,99,99,9,9,99,99,9,9,99,9,99,1,1,6,6,3,-1,-1,-1,-1,-1,-1,-1,-1,0,-1
2021332100504,2021,332100504,1,9,0,18,19,3,7,0,0,8,0,0,0,0,2,1,6,6,1,24,5,-1,-1,-1,-1,9,E01025979,0,-1
2021622200090,2021,622200090,1,9,0,18,19,6,2,0,0,1,0,0,0,0,1,1,6,6,3,-1,-1,-1,-1,-1,-1,-1,-1,0,-1
2021010333539,2021,010333539,1,1,9,99,99,9,9,99,99,9,9,99,9,99,9,1,6,6,1,33,6,-1,-1,-1,-1,4,E01000155,0,-1
2021122100369,2021,122100369,1,98,0,12,12,5,2,0,0,0,0,0,0,0,2,1,6,6,3,-1,-1,-1,-1,-1,-1,-1,-1,0,-1
2021520103666,2021,520103666,1,4,0,18,19,7,3,0,0,0,0,0,0,0,1,1,6,6,1,23,5,-1,-1,-1,-1,2,E01029107,0,-1
2021471054004,2021,471054004,1,22,0,18,19,1,5,0,0,0,0,0,0,0,3,1,5,6,2,78,11,-1,-1,-1,-1,9,E01021231,0,-1
2021371018986,2021,371018986,1,9,0,13,13,6,2,0,0,1,5,4,1,0,4,1,5,6,2,30,6,-1,-1,-1,-1,7,E01030020,0,-1
2021052101314,2021,052101314,2,1,0,18,19,3,7,0,0,8,0,0,0,0,1,1,6,6,1,43,7,-1,-1,-1,-1,8,E01007082,0,-1
2021010295126,2021,010295126,1,9,0,18,19,5,1,4,4,6,0,0,0,0,1,1,6,6,3,-1,-1,-1,-1,-1,-1,-1,-1,0,-1
2021122101010,2021,122101010,1,9,0,1,1,9,9,0,0,0,0,0,0,0,2,1,6,6,3,-1,-1,-1,-1,-1,-1,-1,-1,0,-1
2021361053615,2021,361053615,1,-1,0,18,19,5,1,0,0,8,0,0,0,0,3,1,5,6,1,19,4,-1,-1,-1,-1,1,E01026598,1,-1
2021131055599,2021,131055599,1,9,0,18,19,2,6,0,0,0,0,0,0,0,-1,1,6,6,3,-1,-1,-1,-1,-1,-1,-1,-1,0,-1
2021201044269,2021,201044269,1,9,0,18,19,5,1,0,0,0,0,0,0,0,1,1,6,6,3,-1,-1,-1,-1,-1,-1,-1,-1,0,-1
2021141126440,2021,141126440,1,9,0,18,19,1,4,0,0,3,1,10,6,0,1,1,6,6,1,19,4,-1,-1,-1,-1,8,E01007610,0,-1
2021141037390,2021,141037390,1,1,0,2,2,1,5,0,0,0,0,0,0,0,3,1,6,6,1,68,10,-1,-1,-1,-1,9,E01007752,0,-1
2021421074160,2021,421074160,1,9,0,18,19,1,5,0,0,4,0,0,0,0,1,1,6,6,2,60,9,-1,-1,-1,-1,-1,-1,0,-1
2021522104936,2021,522104936,3,9,0,18,19,4,8,0,0,0,0,0,0,0,1,1,6,6,1,42,7,-1,-1,-1,-1,4,E01014676,0,-1
2021440014486,2021,440014486,1,1,0,18,19,3,7,0,0,8,0,0,0,0,2,1,2,2,1,36,7,-1,-1,-1,-1,8,E01022757,0,-1
2021522200135,2021,522200135,1,1,0,18,19,1,5,0,0,0,0,0,0,0,1,1,6,6,1,39,7,-1,-1,-1,-1,6,E01014923,0,-1
2021010306939,2021,010306939,2,1,0,18,19,3,7,0,0,1,0,0,0,0,1,1,2,2,1,41,7,-1,-1,-1,-1,6,E01002567,0,-1
2021010329609,2021,010329609,1,9,0,18,19,4,8,0,0,3,0,0,0,0,1,1,6,6,3,-1,-1,-1,-1,-1,-1,-1,-1,0,-1
2021440347645,2021,440347645,2,22,0,18,19,7,3,0,0,1,0,0,0,0,2,1,6,6,1,45,7,-1,-1,-1,-1,3,E01022904,0,-1
2021451105250,2021,451105250,2,1,0,18,19,8,4,0,0,1,5,0,7,0,4,1,5,6,1,63,9,-1,-1,-1,-1,9,E01004095,0,-1
2021010313984,2021,010313984,2,1,0,17,19,1,5,0,0,8,0,0,0,0,1,1,1,1,1,57,9,-1,-1,-1,-1,1,E01003963,0,-1
2021070342688,2021,070342688,1,9,0,18,19,1,5,0,0,8,0,0,0,0,4,1,6,6,3,-1,-1,-1,-1,-1,-1,-1,-1,0,-1
2021010294116,2021,010294116,2,1,0,18,19,5,1,4,4,1,0,0,0,0,1,1,6,6,2,32,6,-1,-1,-1,-1,5,E01002689,0,-1
2021101025030,2021,101025030,2,1,0,18,19,5,1,0,0,3,0,0,0,0,2,1,6,6,2,46,8,-1,-1,-1,-1,1,E01008671,0,-1
2021010287361,2021,010287361,1,9,0,18,19,3,7,0,0,1,0,0,0,0,1,1,6,6,3,-1,-1,-1,-1,-1,-1,-1,-1,0,-1
202134WNC3241,2021,34WNC3241,2,1,0,18,19,1,5,0,0,0,0,0,0,0,0,1,6,6,1,15,3,-1,-1,-1,-1,4,E01027012,0,-1
2021320682224,2021,320682224,2,9,0,3,3,6,2,0,0,1,0,0,0,0,1,1,6,6,2,37,7,-1,-1,-1,-1,3,E01026032,0,-1
2021471079165,2021,471079165,1,9,0,2,2,0,0,0,0,0,0,0,0,0,3,1,6,6,3,-1,-1,-1,-1,-1,-1,-1,-1,0,-1
2021440059773,2021,440059773,1,1,0,18,19,8,4,0,0,6,0,0,0,0,1,1,6,6,2,38,7,-1,-1,-1,-1,5,E01017067,0,-1
2021430322687,2021,430322687,2,1,0,18,19,8,4,0,0,8,0,0,0,0,1,1,6,6,1,46,8,-1,-1,-1,-1,9,E01017722,0,-1
2021010334182,2021,010334182,1,1,9,99,99,9,9,99,99,9,9,99,9,99,1,1,6,6,1,25,5,-1,-1,-1,-1,7,E01003039,0,-1
2021061076703,2021,061076703,2,9,0,18,19,1,1,0,0,0,0,0,0,0,1,1,6,6,3,30,6,-1,-1,-1,-1,-1,-1,0,-1
2021010323719,2021,010323719,2,1,0,18,19,3,7,4,4,0,0,0,0,0,1,1,6,6,1,49,8,-1,-1,-1,-1,7,E01000837,0,-1
2021610011021,2021,610011021,1,9,0,7,7,7,2,0,0,3,0,0,0,0,1,1,6,6,2,49,8,-1,-1,-1,-1,-1,-1,0,-1
2021201098993,2021,201098993,1,-1,0,18,19,-1,-1,9,9,0,0,0,0,0,1,1,6,6,1,-1,-1,-1,-1,-1,-1,2,E01010065,1,-1
2021421068059,2021,421068059,1,-1,0,18,19,3,7,9,9,0,0,0,0,0,1,1,6,6,1,-1,-1,-1,-1,-1,-1,-1,-1,1,-1
2021440132234,2021,440132234,2,9,0,18,19,6,2,0,0,8,0,0,0,0,1,1,6,6,1,-1,-1,-1,-1,-1,-1,-1,-1,0,-1
2021440344783,2021,440344783,2,-1,0,18,19,1,5,0,0,0,0,0,0,0,2,1,6,6,2,31,6,-1,-1,-1,-1,1,E01017039,1,-1
2021041096762,2021,041096762,1,1,0,4,4,1,5,0,0,2,0,0,0,0,0,1,5,6,2,68,10,-1,-1,-1,-1,8,E01025542,0,-1
2021430237899,2021,430237899,2,9,0,7,7,2,4,0,0,6,0,0,0,0,1,1,6,6,2,43,7,-1,-1,-1,-1,5,E01032731,0,-1
2021010351394,2021,010351394,2,1,0,18,19,1,5,0,0,1,0,0,0,0,1,1,6,6,2,61,9,-1,-1,-1,-1,3,E01001844,0,-1
2021440332211,2021,440332211,2,9,0,18,19,2,5,0,0,0,0,0,0,0,1,1,6,6,3,-1,-1,-1,-1,-1,-1,-1,-1,0,-1
2021010292190,2021,010292190,1,9,0,18,19,7,3,9,9,0,0,0,0,0,9,9,6,6,3,-1,-1,-1,-1,-1,-1,-1,-1,0,-1
2021010303770,2021,010303770,2,1,0,18,19,5,1,0,0,1,0,0,0,0,4,1,3,7,1,15,3,-1,-1,-1,-1,2,E01033485,0,-1
2021010319970,2021,010319970,1,1,9,99,99,9,9,99,99,9,9,99,9,99,2,1,6,6,2,43,7,-1,-1,-1,-1,2,E01000501,0,-1
2021411061624,2021,411061624,2,1,0,18,19,7,3,0,0,0,0,0,0,0,2,1,6,6,1,41,7,-1,-1,-1,-1,-1,-1,0,-1
2021131120067,2021,131120067,1,1,0,18,19,1,5,0,0,8,0,0,0,0,1,1,5,6,1,14,3,-1,-1,-1,-1,2,E01010796,0,-1
202160Z144584,2021,60Z144584,1,9,0,18,19,8,4,0,0,1,0,0,0,0,1,1,6,6,1,-1,-1,-1,-1,-1,-1,-1,-1,0,-1
2021201116409,2021,201116409,1,9,0,18,19,-1,-1,0,0,0,0,0,0,0,0,1,6,6,3,-1,-1,-1,-1,-1,-1,-1,-1,0,-1
2021010345958,2021,010345958,1,1,9,99,99,9,9,99,99,9,9,99,9,99,1,1,6,6,2,61,9,-1,-1,-1,-1,1,E01033701,0,-1
2021010294435,2021,010294435,2,1,0,18,19,3,7,0,0,8,0,0,0,0,1,1,6,6,1,50,8,-1,-1,-1,-1,4,E01004614,0,-1
2021101051922,2021,101051922,1,90,0,18,19,5,1,0,0,4,5,0,0,0,3,1,1,1,1,-1,-1,-1,-1,-1,-1,-1,-1,0,-1
2021332100291,2021,332100291,2,1,0,18,19,6,2,0,0,6,0,0,0,0,1,1,6,6,2,12,3,-1,-1,-1,-1,2,E01013631,0,-1
2021440422658,2021,440422658,2,1,0,18,19,3,1,0,0,8,0,0,0,0,4,1,6,6,1,60,9,-1,-1,-1,-1,10,E01022873,0,-1
2021332100711,2021,332100711,1,9,0,18,19,3,7,0,0,1,0,0,3,4,1,1,6,6,1,76,11,-1,-1,-1,-1,6,E01025655,0,-1
2021201130551,2021,201130551,2,1,0,18,19,6,2,0,0,4,0,0,0,0,3,1,6,6,1,29,6,-1,-1,-1,-1,7,E01010461,0,-1
2021440001374,2021,440001374,2,1,0,18,19,6,2,0,0,8,0,0,0,0,4,1,6,6,2,19,4,-1,-1,-1,-1,10,E01022726,0,-1
2021010315550,2021,010315550,1,1,9,99,99,9,9,99,99,9,9,99,9,99,1,1,6,6,1,18,4,-1,-1,-1,-1,3,E01004317,0,-1
2021411053988,2021,411053988,2,1,0,18,19,7,3,0,0,8,0,0,0,0,4,1,5,6,2,32,6,-1,-1,-1,-1,9,E01023448,0,-1
2021070395450,2021,070395450,1,1,0,13,13,5,1,0,0,1,0,0,0,0,1,1,6,6,2,49,8,-1,-1,-1,-1,1,E01018310,0,-1
2021991054602,2021,991054602,1,1,0,18,19,2,6,0,0,8,0,0,0,0,1,1,6,6,1,35,6,-1,-1,-1,-1,4,-1,0,-1
2021201113759,2021,201113759,1,-1,0,18,19,4,7,0,0,0,0,0,0,0,1,1,6,6,1,15,3,-1,-1,-1,-1,5,E01009432,1,-1
2021522101550,2021,522101550,1,1,0,5,5,7,3,0,0,0,0,0,0,0,2,1,6,6,1,49,8,-1,-1,-1,-1,4,E01014488,0,-1
2021471059996,2021,471059996,1,9,0,18,19,3,7,0,0,0,0,0,0,0,1,1,6,6,3,-1,-1,-1,-1,-1,-1,-1,-1,0,-1
2021451029514,2021,451029514,1,9,0,18,19,1,5,0,0,1,0,0,0,0,1,1,1,1,2,50,8,-1,-1,-1,-1,9,E01022874,0,-1
2021061078604,2021,061078604,1,-1,0,18,19,6,2,0,0,8,0,0,0,0,1,1,6,6,3,30,6,-1,-1,-1,-1,-1,-1,0,-1
2021041181840,2021,041181840,2,1,0,18,19,5,1,0,0,0,0,0,0,0,0,1,6,6,1,24,5,-1,-1,-1,-1,2,E01012580,0,-1
202163D101821,2021,63D101821,2,9,4,4,4,2,6,0,0,1,0,0,0,0,2,1,1,1,1,22,5,-1,-1,-1,-1,6,W01000487,0,-1
2021131038515,2021,131038515,1,8,0,18,19,7,3,0,0,1,0,0,0,0,-1,1,6,6,3,40,7,-1,-1,-1,-1,-1,-1,0,-1
2021010292201,2021,010292201,1,9,0,4,4,5,1,0,0,0,0,0,0,0,3,1,6,6,2,77,11,-1,-1,-1,-1,3,E01001970,0,-1
2021041117170,2021,041117170,1,9,0,4,4,2,2,0,0,0,0,0,0,0,1,1,6,6,1,52,8,-1,-1,-1,-1,2,E01025369,0,-1
2021052100997,2021,052100997,2,1,0,18,19,3,7,0,0,1,0,0,0,0,3,1,6,6,1,88,11,-1,-1,-1,-1,5,E01007106,0,-1
202134WNC5031,2021,34WNC5031,1,1,0,18,19,1,5,0,0,8,0,0,0,0,1,1,1,1,1,18,4,-1,-1,-1,-1,2,E01027226,0,-1
2021221043713,2021,221043713,2,19,0,9,9,4,2,0,0,5,0,0,0,0,1,1,5,6,1,42,7,-1,-1,-1,-1,5,E01014013,0,-1
2021371065619,2021,371065619,1,98,0,18,19,3,7,0,0,0,0,0,0,0,0,1,1,1,1,40,7,-1,-1,-1,-1,10,E01033319,0,-1
2021010347960,2021,010347960,2,9,0,99,99,9,9,99,99,9,9,99,9,99,4,9,6,6,3,-1,-1,-1,-1,-1,-1,-1,-1,0,-1
2021501108156,2021,501108156,2,19,0,9,9,7,3,0,0,1,1,0,7,0,2,1,5,6,2,58,9,-1,-1,-1,-1,3,E01015063,0,-1
2021111091054,2021,111091054,1,9,0,18,19,7,3,0,0,0,0,0,0,0,1,1,6,6,2,37,7,-1,-1,-1,-1,2,E01008753,0,-1
2021461110373,2021,461110373,1,1,0,18,19,5,1,0,0,0,0,0,0,0,1,1,6,6,2,41,7,-1,-1,-1,-1,-1,-1,0,-1
2021052102830,2021,052102830,2,1,0,18,19,2,6,0,0,6,0,0,0,0,3,1,1,1,1,19,4,-1,-1,-1,-1,2,E01006723,0,-1
2021010317516,2021,010317516,2,1,0,11,11,7,3,0,0,2,1,0,0,0,1,1,2,2,1,25,5,-1,-1,-1,-1,1,E01002069,0,-1
2021461078259,2021,461078259,1,9,0,18,19,3,7,0,0,4,0,0,0,0,-1,1,6,6,1,-1,-1,-1,-1,-1,-1,-1,-1,0,-1
2021052101249,2021,052101249,2,-1,0,18,19,5,1,0,0,6,0,0,0,0,3,1,2,2,1,30,6,-1,-1,-1,-1,1,E01006560,1,-1
2021010331370,2021,010331370,2,1,0,18,19,1,5,0,0,1,0,0,0,0,1,1,2,2,1,23,5,-1,-1,-1,-1,5,E01003156,0,-1
2021010313054,2021,010313054,2,9,0,15,15,6,2,2,2,0,0,0,0,0,3,1,6,6,3,-1,-1,-1,-1,-1,-1,-1,-1,0,-1
2021411107110,2021,411107110,1,9,0,9,9,4,1,0,0,8,0,0,0,0,4,1,6,6,3,-1,-1,-1,-1,-1,-1,-1,-1,0,-1
2021552100883,2021,552100883,2,1,0,18,19,2,6,0,0,8,1,0,0,0,1,1,6,6,1,42,7,-1,-1,-1,-1,10,E01015455,0,-1
2021552100333,2021,552100333,1,9,0,11,11,2,6,0,0,1,0,0,0,0,4,1,6,6,3,-1,-1,-1,-1,-1,-1,-1,-1,0,-1
2021161029523,2021,161029523,1,9,0,18,19,6,2,0,0,0,0,0,0,0,4,1,6,6,3,-1,-1,-1,-1,-1,-1,-1,-1,0,-1
2021332100263,2021,332100263,2,9,0,18,19,6,2,0,0,0,0,0,0,0,1,1,6,6,3,-1,-1,-1,-1,-1,-1,-1,-1,0,-1
2021481141695,2021,481141695,1,1,0,7,7,7,1,5,5,8,0,0,0,0,0,1,2,2,1,30,6,-1,-1,-1,-1,-1,-1,0,-1
202163D102021,2021,63D102021,1,1,0,18,19,8,4,0,0,0,0,0,0,0,1,1,6,6,1,50,8,-1,-1,-1,-1,-1,-1,0,-1
2021501027150,2021,501027150,5,9,0,4,4,3,7,0,0,0,0,0,0,0,2,1,6,6,3,-1,-1,-1,-1,-1,-1,-1,-1,0,-1
2021070611622,2021,070611622,1,9,0,7,7,5,7,0,0,5,0,0,0,0,0,1,6,6,1,-1,-1,-1,-1,-1,-1,-1,-1,0,-1
2021461030424,2021,461030424,2,21,0,18,19,4,8,0,0,0,0,0,0,0,2,1,1,1,1,43,7,-1,-1,-1,-1,-1,-1,0,-1
2021201145487,2021,201145487,2,9,0,18,19,4,8,0,0,1,0,0,0,0,1,1,6,6,2,23,5,-1,-1,-1,-1,2,E01009630,0,-1
2021041078372,2021,041078372,1,9,0,18,19,5,1,0,0,0,0,0,0,0,1,1,6,6,3,-1,-1,-1,-1,-1,-1,-1,-1,0,-1
2021061095771,2021,061095771,2,9,0,18,19,1,5,0,0,0,0,0,0,0,1,1,6,6,1,30,6,-1,-1,-1,-1,4,E01005481,0,-1
2021161124798,2021,161124798,2,9,0,2,2,8,4,0,0,0,0,0,0,0,2,1,1,1,1,31,6,-1,-1,-1,-1,4,E01013303,0,-1
2021010320419,2021,010320419,1,11,0,18,19,3,7,0,0,1,0,0,0,0,4,1,6,6,3,-1,-1,-1,-1,-1,-1,-1,-1,0,-1
2021201025320,2021,201025320,2,1,0,9,9,5,2,0,0,3,0,0,0,0,4,1,6,6,1,47,8,-1,-1,-1,-1,6,E01009968,0,-1
202163B104321,2021,63B104321,2,9,0,4,4,8,4,0,0,0,0,0,0,0,2,1,6,6,2,61,9,-1,-1,-1,-1,5,W01000535,0,-1
2021471066992,2021,471066992,2,1,0,18,19,7,3,0,0,1,0,0,0,0,1,1,5,6,1,21,5,-1,-1,-1,-1,6,E01031538,0,-1
2021010327768,2021,010327768,2,1,0,18,19,5,1,0,0,0,0,0,0,0,1,1,6,6,1,30,6,-1,-1,-1,-1,5,E01000519,0,-1
2021052101129,2021,052101129,1,9,0,18,19,3,7,0,0,0,0,0,0,0,1,1,6,6,3,-1,-1,-1,-1,-1,-1,-1,-1,0,-1
2021421038394,2021,421038394,1,9,0,5,5,3,7,0,0,3,0,0,0,0,1,1,6,6,3,-1,-1,-1,-1,-1,-1,-1,-1,0,-1
2021141100104,2021,141100104,1,1,0,7,7,1,4,0,0,1,2,0,0,0,0,1,2,2,1,35,6,-1,-1,-1,-1,5,E01007803,0,-1
2021010294791,2021,010294791,1,2,0,6,6,1,1,0,0,8,0,0,0,0,2,1,6,6,3,-1,-1,-1,-1,-1,-1,-1,-1,0,-1