collision_index,collision_year,collision_ref_no,vehicle_reference,vehicle_type,towing_and_articulation,vehicle_manoeuvre_historic,vehicle_manoeuvre,vehicle_direction_from,vehicle_direction_to,vehicle_location_restricted_lane_historic,vehicle_location_restricted_lane,junction_location,skidding_and_overturning,hit_object_in_carriageway,vehicle_leaving_carriageway,hit_object_off_carriageway,first_point_of_impact,vehicle_left_hand_drive,journey_purpose_of_driver_historic,journey_purpose_of_driver,sex_of_driver,age_of_driver,age_band_of_driver,engine_capacity_cc,propulsion_code,age_of_vehicle,generic_make_model,driver_imd_decile,lsoa_of_driver,escooter_flag,driver_distance_banding
2021471051105,2021,471051105,3,1,0,18,19,3,7,0,0,1,0,0,0,0,1,1,5,6,1,50,8,-1,-1,-1,-1,8,E01021107,0,-1
2021451035205,2021,451035205,1,9,0,9,9,5,1,0,0,0,0,0,1,0,1,1,2,2,1,31,6,-1,-1,-1,-1,1,E01009273,0,-1
2021411075815,2021,411075815,1,3,0,9,9,6,4,0,0,5,0,0,0,0,4,1,5,6,1,20,4,-1,-1,-1,-1,3,E01023437,0,-1
2021141020451,2021,141020451,2,1,0,18,19,1,5,0,0,1,0,0,0,0,1,1,6,6,1,21,5,-1,-1,-1,-1,6,E01008046,0,-1
2021421016492,2021,421016492,5,9,0,2,2,0,0,0,0,1,0,0,0,0,3,1,6,6,3,-1,-1,-1,-1,-1,-1,-1,-1,0,-1
2021991059977,2021,991059977,1,90,0,18,19,5,1,0,0,3,2,0,0,0,1,1,5,6,1,60,9,-1,-1,-1,-1,2,-1,0,-1
2021010312006,2021,010312006,1,1,9,99,99,9,9,99,99,9,9,99,9,99,1,1,2,2,1,30,6,-1,-1,-1,-1,4,E01002042,0,-1
2021010344683,2021,010344683,1,5,0,13,13,3,7,0,0,1,0,0,0,0,4,1,1,1,1,49,8,-1,-1,-1,-1,6,E01002968,0,-1
2021010309819,2021,010309819,2,9,0,18,19,5,1,0,0,4,0,99,9,99,4,1,6,6,3,-1,-1,-1,-1,-1,-1,-1,-1,0,-1
2021161095542,2021,161095542,3,9,0,18,19,7,3,0,0,0,0,0,0,0,0,1,1,1,1,27,6,-1,-1,-1,-1,7,E01007493,0,-1
2021421036136,2021,421036136,1,9,0,3,3,7,3,0,0,4,0,0,0,0,1,1,6,6,1,35,6,-1,-1,-1,-1,-1,-1,0,-1
2021411083395,2021,411083395,1,1,0,17,19,7,8,0,0,0,5,0,1,0,1,1,6,6,1,70,10,-1,-1,-1,-1,10,E01023595,0,-1
2021111092647,2021,111092647,1,19,0,18,19,7,3,0,0,0,0,0,0,0,3,1,1,1,3,30,6,-1,-1,-1,-1,-1,-1,0,-1
2021320734264,2021,320734264,1,9,0,9,9,3,1,0,0,6,0,0,0,0,3,1,2,2,1,58,9,-1,-1,-1,-1,-1,-1,0,-1
2021471053280,2021,471053280,1,1,0,18,19,8,4,0,0,0,0,4,0,0,4,1,4,7,1,17,4,-1,-1,-1,-1,6,E01016938,0,-1
2021451031239,2021,451031239,1,1,0,16,19,4,8,0,0,0,0,0,7,0,0,1,5,6,2,12,3,-1,-1,-1,-1,8,E01030734,0,-1
2021991090570,2021,991090570,2,1,0,18,19,4,8,0,0,8,0,0,0,0,3,1,6,6,1,61,9,-1,-1,-1,-1,9,-1,0,-1
2021041063397,2021,041063397,2,1,0,18,19,5,1,0,0,1,0,0,0,0,1,1,6,6,1,24,5,-1,-1,-1,-1,2,E01025185,0,-1
202131C036021,2021,31C036021,2,1,0,3,3,6,2,0,0,1,0,0,0,0,4,1,6,6,1,24,5,-1,-1,-1,-1,1,E01013844,0,-1
2021161110406,2021,161110406,1,97,0,18,19,4,8,0,0,2,0,0,0,0,4,1,6,6,1,-1,-1,-1,-1,-1,-1,-1,-1,0,-1
2021440175321,2021,440175321,1,1,0,18,19,7,3,0,0,0,0,10,1,10,1,1,4,7,1,13,3,-1,-1,-1,-1,1,E01017112,0,-1
2021501109167,2021,501109167,1,9,0,18,19,6,2,0,0,0,0,0,0,0,4,1,6,6,3,-1,-1,-1,-1,-1,-1,-1,-1,0,-1
2021010294665,2021,010294665,1,1,9,99,99,9,9,99,99,9,9,99,9,99,9,1,6,6,2,27,6,-1,-1,-1,-1,10,E01004556,0,-1
2021010319664,2021,010319664,2,1,0,18,19,5,1,0,0,1,0,4,0,0,1,1,6,6,1,28,6,-1,-1,-1,-1,8,E01004623,0,-1
2021440345003,2021,440345003,2,1,0,17,19,2,7,0,0,1,0,0,0,0,1,1,6,6,1,49,8,-1,-1,-1,-1,10,E01023047,0,-1
2021531059473,2021,531059473,2,1,0,18,19,-1,-1,5,5,0,5,0,0,0,3,1,4,7,2,13,3,-1,-1,-1,-1,8,E01032938,0,-1
2021451044295,2021,451044295,1,1,0,12,12,1,5,9,9,1,1,0,0,0,1,1,5,6,1,57,9,-1,-1,-1,-1,9,E01000715,0,-1
2021451074412,2021,451074412,2,9,0,1,1,1,1,0,0,0,0,0,0,0,2,1,6,6,1,50,8,-1,-1,-1,-1,-1,-1,0,-1
2021010345161,2021,010345161,1,9,0,18,19,5,1,0,0,0,0,0,0,0,0,1,2,2,1,23,5,-1,-1,-1,-1,7,E01004500,0,-1
2021061062325,2021,061062325,2,1,0,5,5,6,2,0,0,1,0,0,0,0,1,1,6,6,1,11,3,-1,-1,-1,-1,6,E01005694,0,-1
2021351131019,2021,351131019,3,21,1,4,4,8,4,0,0,0,0,0,0,0,2,1,1,1,1,56,9,-1,-1,-1,-1,-1,-1,0,-1
2021411029949,2021,411029949,3,9,0,2,2,0,0,0,0,2,0,0,0,0,2,1,5,6,3,-1,-1,-1,-1,-1,-1,-1,-1,0,-1
2021332100242,2021,332100242,2,9,0,18,19,4,8,0,0,0,0,0,0,0,1,1,2,2,2,29,6,-1,-1,-1,-1,5,E01013790,0,-1
2021610058221,2021,610058221,3,9,0,2,2,0,0,0,0,0,0,0,0,0,3,1,6,6,1,-1,-1,-1,-1,-1,-1,4,W01001411,0,-1
202160Z161289,2021,60Z161289,3,9,0,4,4,5,1,0,0,1,0,0,0,0,2,1,6,6,1,18,4,-1,-1,-1,-1,-1,-1,0,-1
2021610045821,2021,610045821,1,9,0,18,19,3,7,0,0,1,0,0,0,0,0,1,1,1,1,69,10,-1,-1,-1,-1,-1,-1,0,-1
2021430211945,2021,430211945,1,21,1,11,11,8,4,0,0,0,0,0,0,0,4,1,1,1,1,30,6,-1,-1,-1,-1,-1,-1,0,-1
2021471089288,2021,471089288,3,9,0,2,2,0,0,0,0,0,0,0,0,0,2,1,6,6,3,-1,-1,-1,-1,-1,-1,-1,-1,0,-1
202131D124021,2021,31D124021,1,19,0,5,5,7,3,0,0,8,0,0,1,1,3,1,6,6,1,44,7,-1,-1,-1,-1,6,E01028191,0,-1
2021010351853,2021,010351853,2,9,0,99,99,9,9,99,99,9,9,99,9,99,9,9,6,6,3,-1,-1,-1,-1,-1,-1,4,E01000805,0,-1
2021010337660,2021,010337660,1,9,0,18,19,3,7,0,0,0,0,0,0,0,1,1,6,6,3,-1,-1,-1,-1,-1,-1,-1,-1,0,-1
2021461062759,2021,461062759,1,98,0,1,1,1,5,0,0,0,0,0,0,0,4,1,1,1,1,-1,-1,-1,-1,-1,-1,-1,-1,0,-1
2021421030663,2021,421030663,3,19,0,18,19,2,6,0,0,1,0,0,0,0,0,1,6,6,3,-1,-1,-1,-1,-1,-1,-1,-1,0,-1
2021010315099,2021,010315099,2,9,0,18,19,5,1,0,0,1,0,0,0,0,4,1,6,6,3,-1,-1,-1,-1,-1,-1,-1,-1,0,-1
2021201134502,2021,201134502,1,9,0,5,5,3,7,0,0,0,0,0,0,0,1,1,6,6,3,-1,-1,-1,-1,-1,-1,-1,-1,0,-1
2021501028449,2021,501028449,2,9,0,18,19,5,1,0,0,0,0,0,0,0,4,1,1,1,2,59,9,-1,-1,-1,-1,1,E01015153,0,-1
2021501071810,2021,501071810,2,9,0,3,3,8,4,0,0,4,0,0,0,0,2,1,1,1,1,54,8,-1,-1,-1,-1,4,E01002876,0,-1
2021211035000,2021,211035000,1,97,0,7,7,8,2,0,0,0,0,0,0,0,1,1,6,6,1,21,5,-1,-1,-1,-1,4,E01029528,0,-1
2021991014362,2021,991014362,1,9,0,17,19,4,7,0,0,0,2,0,7,0,3,1,6,6,1,35,6,-1,-1,-1,-1,-1,-1,0,-1
2021131077131,2021,131077131,1,1,0,18,19,5,1,0,0,8,0,0,0,0,3,1,5,6,1,57,9,-1,-1,-1,-1,9,E01011905,0,-1
2021610028121,2021,610028121,1,9,0,18,19,5,1,0,0,4,0,0,0,0,1,1,6,6,1,17,4,-1,-1,-1,-1,-1,-1,0,-1
2021010322273,2021,010322273,2,1,0,5,5,3,7,0,0,1,0,0,0,0,1,1,2,2,1,41,7,-1,-1,-1,-1,4,E01000029,0,-1
2021991052557,2021,991052557,2,9,0,18,19,4,8,0,0,8,0,0,0,0,4,1,5,6,1,42,7,-1,-1,-1,-1,3,-1,0,-1
2021481066779,2021,481066779,1,-1,0,18,19,3,7,9,9,0,0,0,0,0,1,1,2,2,1,30,6,-1,-1,-1,-1,-1,-1,1,-1
2021041034275,2021,041034275,1,9,0,1,1,7,1,0,0,1,0,0,0,0,2,1,6,6,3,-1,-1,-1,-1,-1,-1,-1,-1,0,-1
2021430232496,2021,430232496,2,98,0,18,19,3,7,0,0,1,0,0,0,0,1,1,6,6,1,-1,-1,-1,-1,-1,-1,-1,-1,0,-1
2021501100065,2021,501100065,1,19,0,18,19,5,1,0,0,0,0,0,0,0,1,1,6,6,2,55,8,-1,-1,-1,-1,2,E01018774,0,-1
2021010322808,2021,010322808,2,1,0,18,19,1,5,0,0,1,0,0,1,0,1,1,6,6,2,24,5,-1,-1,-1,-1,7,E01000963,0,-1
2021320666006,2021,320666006,2,1,0,18,19,7,3,0,0,8,0,0,0,0,4,1,2,2,2,58,9,-1,-1,-1,-1,7,E01026228,0,-1
2021332101551,2021,332101551,1,9,0,9,9,3,1,0,0,6,0,0,0,0,1,1,6,6,3,-1,-1,-1,-1,-1,-1,-1,-1,0,-1
2021010293919,2021,010293919,2,9,0,99,99,9,9,99,99,0,9,99,9,99,1,9,6,6,3,-1,-1,-1,-1,-1,-1,10,E01000838,0,-1
2021302101636,2021,302101636,2,1,0,18,19,6,2,0,0,1,0,0,0,0,3,1,6,6,1,53,8,-1,-1,-1,-1,6,E01019551,0,-1
202160Z100048,2021,60Z100048,1,19,0,18,19,2,5,0,0,4,0,0,3,1,1,1,1,1,1,58,9,-1,-1,-1,-1,-1,-1,0,-1
2021010307972,2021,010307972,1,1,9,99,99,9,9,99,99,9,9,99,9,99,2,1,2,2,1,31,6,-1,-1,-1,-1,-1,-1,0,-1
2021052102334,2021,052102334,2,1,0,4,4,5,1,0,0,1,0,0,0,0,3,1,1,1,1,25,5,-1,-1,-1,-1,1,E01006817,0,-1
202163DF00921,2021,63DF00921,4,5,0,17,19,4,2,0,0,0,0,0,0,0,0,1,6,6,1,57,9,-1,-1,-1,-1,1,W01001279,0,-1
2021010316007,2021,010316007,1,1,9,99,99,9,9,99,99,9,9,99,9,99,9,1,6,6,1,55,8,-1,-1,-1,-1,7,E01000217,0,-1
2021070652444,2021,070652444,1,1,0,9,9,2,7,0,0,5,0,0,0,0,4,1,6,6,2,56,9,-1,-1,-1,-1,10,W01000257,0,-1
2021320706459,2021,320706459,2,1,0,18,19,2,6,0,0,8,0,0,0,0,1,1,6,6,1,41,7,-1,-1,-1,-1,8,E01026258,0,-1
202163B069921,2021,63B069921,2,90,0,17,19,1,6,0,0,0,0,0,0,0,1,1,6,6,2,55,8,-1,-1,-1,-1,5,W01000535,0,-1
2021010314421,2021,010314421,1,1,9,99,99,9,9,99,99,9,9,99,9,99,9,1,2,2,2,51,8,-1,-1,-1,-1,6,E01000906,0,-1
2021010303952,2021,010303952,1,1,9,99,99,9,9,99,99,9,9,99,9,99,1,1,6,6,1,20,4,-1,-1,-1,-1,1,E01001145,0,-1
2021471048983,2021,471048983,1,9,0,18,19,3,7,0,0,8,0,0,0,0,3,1,1,1,1,67,10,-1,-1,-1,-1,2,E01016941,0,-1
2021451019819,2021,451019819,2,1,0,18,19,5,1,0,0,0,0,0,0,0,2,1,5,6,1,58,9,-1,-1,-1,-1,10,E01030445,0,-1
2021201118851,2021,201118851,2,9,0,18,19,-1,-1,0,0,4,0,0,0,0,1,1,6,6,3,-1,-1,-1,-1,-1,-1,-1,-1,0,-1
2021440327280,2021,440327280,2,90,0,18,19,3,7,0,0,3,0,0,0,0,1,1,6,6,1,19,4,-1,-1,-1,-1,10,E01023214,0,-1
2021070179989,2021,070179989,2,1,0,18,19,5,1,0,0,8,0,0,0,0,2,1,6,6,1,-1,-1,-1,-1,-1,-1,7,E01018597,0,-1
2021061054000,2021,061054000,2,19,-1,18,19,3,7,0,0,0,0,0,0,0,1,1,6,6,1,30,6,-1,-1,-1,-1,-1,-1,0,-1
2021010298718,2021,010298718,2,1,9,99,99,9,9,99,99,0,9,99,9,99,1,1,6,6,1,21,5,-1,-1,-1,-1,10,E01003835,0,-1
2021320443923,2021,320443923,2,1,0,5,5,1,5,0,0,8,0,0,0,0,3,1,6,6,1,64,9,-1,-1,-1,-1,3,E01026271,0,-1
2021201060939,2021,201060939,1,9,0,18,19,2,6,0,0,0,0,0,0,0,1,1,3,7,2,43,7,-1,-1,-1,-1,1,E01009400,0,-1
2021010318719,2021,010318719,1,1,9,99,99,9,9,99,99,9,9,99,9,99,9,1,6,6,1,20,4,-1,-1,-1,-1,3,E01003250,0,-1
2021411116955,2021,411116955,2,1,0,9,9,-1,-1,0,0,0,0,0,0,0,2,1,2,2,1,31,6,-1,-1,-1,-1,5,E01023593,0,-1
2021010350178,2021,010350178,2,1,0,18,19,7,3,0,0,6,0,0,0,0,1,1,2,2,1,54,8,-1,-1,-1,-1,2,E01002277,0,-1
2021010307298,2021,010307298,2,1,0,18,19,2,6,4,4,1,5,0,0,0,1,1,6,6,1,59,9,-1,-1,-1,-1,10,E01030637,0,-1
2021332100755,2021,332100755,2,1,0,18,19,4,8,0,0,8,0,0,0,0,1,1,6,6,1,30,6,-1,-1,-1,-1,1,E01013632,0,-1
2021991097443,2021,991097443,1,1,0,9,9,1,7,0,0,1,1,0,0,0,3,1,5,6,1,57,9,-1,-1,-1,-1,3,-1,0,-1
202160Z128854,2021,60Z128854,1,3,0,18,19,7,4,0,0,0,0,0,7,11,1,1,6,6,1,20,4,-1,-1,-1,-1,-1,-1,0,-1
2021010343018,2021,010343018,1,9,0,18,19,5,1,0,0,8,0,0,0,0,1,1,1,1,1,23,5,-1,-1,-1,-1,2,E01003783,0,-1
2021440273263,2021,440273263,1,23,0,18,19,6,2,0,0,0,0,0,0,0,1,1,6,6,1,-1,-1,-1,-1,-1,-1,-1,-1,0,-1
202131A101321,2021,31A101321,1,9,0,13,13,8,2,0,0,0,0,0,0,0,0,1,6,6,3,-1,-1,-1,-1,-1,-1,-1,-1,0,-1
2021430038929,2021,430038929,1,9,0,18,19,1,5,0,0,0,0,0,0,0,1,1,6,6,1,-1,-1,-1,-1,-1,-1,-1,-1,0,-1
2021610034121,2021,610034121,1,9,0,18,19,3,1,5,5,1,0,0,0,0,3,1,6,6,2,73,10,-1,-1,-1,-1,-1,-1,0,-1
2021010346225,2021,010346225,1,1,9,99,99,9,9,99,99,9,9,99,9,99,9,1,2,2,1,26,6,-1,-1,-1,-1,2,E01002056,0,-1
2021332100798,2021,332100798,1,9,0,7,7,8,3,0,0,5,0,0,0,0,1,1,6,6,2,24,5,-1,-1,-1,-1,3,E01033620,0,-1
2021501083460,2021,501083460,1,-1,0,18,19,1,5,0,0,0,2,0,0,0,0,1,5,6,1,55,8,-1,-1,-1,-1,3,E01015115,1,-1
2021332100009,2021,332100009,2,9,0,3,3,3,7,0,0,0,0,0,0,0,2,1,1,1,1,53,8,-1,-1,-1,-1,10,E01025893,0,-1
2021010299656,2021,010299656,1,1,9,99,99,9,9,99,99,9,9,99,9,99,1,1,6,6,2,31,6,-1,-1,-1,-1,7,E01004566,0,-1
2021061069023,2021,061069023,1,1,0,18,19,1,1,0,0,0,0,0,0,0,2,1,1,1,1,42,7,-1,-1,-1,-1,3,E01005158,0,-1
2021131105304,2021,131105304,1,9,0,1,1,2,1,9,9,8,0,0,0,0,2,1,6,6,3,-1,-1,-1,-1,-1,-1,-1,-1,0,-1
2021052101486,2021,052101486,1,8,0,18,19,4,8,0,0,0,0,0,0,0,4,1,6,6,3,-1,-1,-1,-1,-1,-1,-1,-1,0,-1
2021010306760,2021,010306760,2,-1,0,18,19,5,1,0,0,0,0,0,0,0,1,9,6,6,2,-1,-1,-1,-1,-1,-1,-1,-1,1,-1
2021320060950,2021,320060950,2,16,0,18,19,6,2,4,4,0,5,0,0,0,0,1,6,6,2,26,6,-1,-1,-1,-1,10,E01026206,0,-1
202131C093021,2021,31C093021,1,-1,0,17,19,2,4,9,9,8,0,12,0,0,1,1,6,6,3,-1,-1,-1,-1,-1,-1,-1,-1,1,-1
2021552101303,2021,552101303,1,9,0,9,9,2,8,0,0,6,0,0,0,0,3,1,1,1,2,44,7,-1,-1,-1,-1,8,E01015447,0,-1
202134WNC6521,2021,34WNC6521,1,11,0,18,19,7,3,0,0,1,0,0,0,0,3,1,1,1,1,-1,-1,-1,-1,-1,-1,-1,-1,0,-1
202163C028221,2021,63C028221,2,9,0,18,19,8,4,0,0,0,0,0,2,10,1,1,6,6,2,36,7,-1,-1,-1,-1,3,W01000608,0,-1
2021031118903,2021,031118903,1,1,0,7,7,7,3,0,0,2,0,0,0,0,0,1,6,6,1,20,4,-1,-1,-1,-1,5,E01019233,0,-1
2021170H10581,2021,170H10581,1,9,0,2,2,0,0,0,0,1,0,0,0,0,3,1,1,1,2,26,6,-1,-1,-1,-1,4,E01011986,0,-1
2021421035774,2021,421035774,3,9,0,18,19,3,7,0,0,0,1,0,7,0,1,1,2,2,1,23,5,-1,-1,-1,-1,7,E01015979,0,-1
2021010305567,2021,010305567,1,1,9,99,99,9,9,99,99,0,9,99,9,99,9,1,2,2,1,26,6,-1,-1,-1,-1,5,E01004486,0,-1
2021010333635,2021,010333635,1,1,0,99,99,9,9,0,0,0,0,0,0,0,1,1,2,2,1,20,4,-1,-1,-1,-1,3,E01004571,0,-1
2021201149225,2021,201149225,1,9,0,18,19,4,8,0,0,8,0,0,0,0,1,1,6,6,3,-1,-1,-1,-1,-1,-1,-1,-1,0,-1
2021351056850,2021,351056850,2,1,0,9,9,7,4,0,0,1,0,0,0,0,3,1,5,6,1,28,6,-1,-1,-1,-1,6,E01018170,0,-1
2021461084123,2021,461084123,2,1,0,18,19,1,5,0,0,0,0,0,0,0,2,1,2,2,2,55,8,-1,-1,-1,-1,7,E01032822,0,-1
202106K079366,2021,06K079366,2,9,0,18,19,1,5,0,0,8,0,0,0,0,0,1,6,6,2,63,9,-1,-1,-1,-1,5,E01004864,0,-1
2021461113875,2021,461113875,2,1,0,18,19,5,1,0,0,1,0,0,0,0,1,1,6,6,1,47,8,-1,-1,-1,-1,1,E01024612,0,-1
2021302100881,2021,302100881,1,9,0,9,9,4,2,0,0,5,0,0,0,0,3,1,6,6,1,54,8,-1,-1,-1,-1,9,E01019737,0,-1
2021430532890,2021,430532890,1,19,0,14,14,1,5,0,0,2,0,0,0,0,1,1,6,6,1,-1,-1,-1,-1,-1,-1,-1,-1,0,-1
2021302100369,2021,302100369,2,16,0,3,3,8,6,0,0,0,0,0,0,0,3,1,6,6,2,49,8,-1,-1,-1,-1,8,E01019616,0,-1
2021302101927,2021,302101927,1,9,0,18,19,8,4,0,0,0,0,0,0,0,4,1,6,6,3,-1,-1,-1,-1,-1,-1,5,E01019456,0,-1
2021430441977,2021,430441977,1,9,0,4,4,4,8,0,0,1,0,0,0,0,2,1,6,6,2,50,8,-1,-1,-1,-1,10,E01017629,0,-1
2021041050905,2021,041050905,1,9,0,18,19,1,5,0,0,1,0,0,0,0,0,1,6,6,3,-1,-1,-1,-1,-1,-1,-1,-1,0,-1
202134WNC3821,2021,34WNC3821,1,21,1,16,19,3,5,0,0,3,0,0,0,0,4,1,6,6,3,-1,-1,-1,-1,-1,-1,-1,-1,0,-1
2021371055586,2021,371055586,2,1,0,18,19,3,7,0,0,8,0,0,0,0,1,1,5,6,2,49,8,-1,-1,-1,-1,9,E01029999,0,-1
2021610011821,2021,610011821,1,9,0,4,4,5,1,0,0,0,0,0,0,0,2,1,6,6,1,-1,-1,-1,-1,-1,-1,-1,-1,0,-1
2021010293424,2021,010293424,2,1,0,18,19,3,7,0,0,8,0,0,0,0,2,1,6,6,1,40,7,-1,-1,-1,-1,6,E01032844,0,-1
2021332100240,2021,332100240,2,9,0,4,4,8,4,0,0,0,0,0,0,0,2,1,6,6,1,39,7,-1,-1,-1,-1,2,E01013753,0,-1
2021211120755,2021,211120755,2,2,0,15,15,0,0,0,0,0,5,4,0,0,1,1,6,6,1,30,6,-1,-1,-1,-1,-1,-1,0,-1
2021522102437,2021,522102437,1,9,0,18,19,7,3,0,0,0,0,0,0,0,1,1,6,6,1,40,7,-1,-1,-1,-1,-1,-1,0,-1
2021332101027,2021,332101027,2,9,0,18,19,6,2,0,0,8,0,0,0,0,1,1,6,6,2,54,8,-1,-1,-1,-1,8,E01025837,0,-1
202131D087621,2021,31D087621,1,9,0,7,7,8,2,0,0,5,0,0,0,0,0,1,6,6,3,-1,-1,-1,-1,-1,-1,-1,-1,0,-1
2021141090574,2021,141090574,1,9,0,7,7,3,5,0,0,2,-1,-1,0,0,-1,1,6,6,3,-1,-1,-1,-1,-1,-1,-1,-1,0,-1
202131A161221,2021,31A161221,1,9,0,5,5,6,2,0,0,8,0,0,0,0,1,1,6,6,3,-1,-1,-1,-1,-1,-1,-1,-1,0,-1
2021332100487,2021,332100487,2,1,0,18,19,3,7,0,0,6,0,0,0,0,1,1,6,6,1,6,2,-1,-1,-1,-1,2,E01013688,0,-1
2021101016527,2021,101016527,2,1,-1,18,19,3,7,0,0,1,0,0,0,0,2,1,5,6,1,38,7,-1,-1,-1,-1,3,E01008240,0,-1
2021041019348,2021,041019348,2,1,0,18,19,5,1,0,0,1,0,0,0,0,1,1,5,6,1,40,7,-1,-1,-1,-1,8,E01025549,0,-1
2021411108348,2021,411108348,1,9,0,18,19,3,7,0,0,0,0,0,0,0,1,1,6,6,3,-1,-1,-1,-1,-1,-1,-1,-1,0,-1
2021010346512,2021,010346512,2,1,0,13,13,7,3,0,0,1,2,0,0,0,2,1,6,6,1,21,5,-1,-1,-1,-1,1,E01004249,0,-1
2021131101208,2021,131101208,2,9,0,18,19,7,3,0,0,0,0,0,0,0,1,1,6,6,1,41,7,-1,-1,-1,-1,4,E01011799,0,-1
2021440481176,2021,440481176,1,9,0,9,9,5,3,0,0,2,0,0,0,0,3,1,6,6,3,-1,-1,-1,-1,-1,-1,-1,-1,0,-1
2021471125686,2021,471125686,1,9,0,18,19,8,4,0,0,1,0,0,0,0,1,1,6,6,1,-1,-1,-1,-1,-1,-1,7,E01021043,0,-1
2021332100512,2021,332100512,1,9,0,18,19,3,7,0,0,3,0,9,1,11,1,1,6,6,2,50,8,-1,-1,-1,-1,1,E01013725,0,-1
202160Z156430,2021,60Z156430,1,9,0,13,13,2,6,4,4,1,0,0,0,0,4,1,6,6,1,60,9,-1,-1,-1,-1,-1,-1,0,-1
2021221136150,2021,221136150,1,9,0,1,1,3,7,9,9,2,0,0,0,0,2,1,6,6,2,34,6,-1,-1,-1,-1,-1,-1,0,-1
2021351088709,2021,351088709,1,1,0,5,5,7,3,0,0,2,0,0,0,0,4,1,4,7,1,11,3,-1,-1,-1,-1,5,E01018163,0,-1
2021141011345,2021,141011345,1,9,0,18,19,7,3,0,0,1,0,0,0,0,1,1,6,6,3,-1,-1,-1,-1,-1,-1,-1,-1,0,-1
2021421070551,2021,421070551,2,97,0,7,7,5,1,0,0,0,0,0,0,0,4,1,5,6,1,19,4,-1,-1,-1,-1,6,E01021380,0,-1
2021351103500,2021,351103500,1,1,0,18,19,3,8,0,0,8,0,0,0,0,1,1,6,6,1,-1,-1,-1,-1,-1,-1,5,E01017997,0,-1
2021010318018,2021,010318018,2,-1,0,18,19,5,1,9,9,1,0,0,0,0,4,1,6,6,1,20,4,-1,-1,-1,-1,2,E01003168,1,-1
2021211089092,2021,211089092,2,9,0,-1,-1,1,5,0,0,0,0,0,0,0,1,1,6,6,3,-1,-1,-1,-1,-1,-1,-1,-1,0,-1
2021332100604,2021,332100604,3,9,0,18,19,5,1,0,0,0,0,0,4,6,1,1,6,6,2,32,6,-1,-1,-1,-1,10,E01025615,0,-1
2021070807547,2021,070807547,3,5,0,18,19,1,5,0,0,0,0,0,0,0,1,1,6,6,1,57,9,-1,-1,-1,-1,4,E01005916,0,-1
2021991012617,2021,991012617,1,9,0,18,19,7,3,0,0,8,1,0,0,0,4,1,6,6,1,62,9,-1,-1,-1,-1,2,-1,0,-1
2021522103249,2021,522103249,3,9,0,4,4,5,1,0,0,0,0,0,0,0,2,1,6,6,3,64,9,-1,-1,-1,-1,2,W01001885,0,-1
2021010313267,2021,010313267,2,9,0,13,13,1,5,0,0,1,0,0,0,0,2,1,6,6,3,-1,-1,-1,-1,-1,-1,-1,-1,0,-1
2021131091644,2021,131091644,3,9,0,17,19,6,6,0,0,0,0,0,0,0,1,1,5,6,1,53,8,-1,-1,-1,-1,10,E01032504,0,-1
2021451067377,2021,451067377,2,9,0,18,19,7,3,0,0,1,0,0,2,11,4,1,5,6,1,25,5,-1,-1,-1,-1,8,E01030630,0,-1
2021461107074,2021,461107074,1,21,0,12,12,3,7,0,0,0,0,0,1,0,3,1,6,6,1,48,8,-1,-1,-1,-1,-1,-1,0,-1
2021401020871,2021,401020871,1,9,0,5,5,-1,-1,0,0,6,0,0,0,0,4,1,6,6,1,30,6,-1,-1,-1,-1,-1,-1,0,-1
2021520104855,2021,520104855,1,1,0,18,19,3,7,0,0,8,0,0,0,0,3,1,6,6,1,50,8,-1,-1,-1,-1,2,E01014828,0,-1
2021610005921,2021,610005921,2,9,0,8,8,7,5,0,0,6,0,0,0,0,1,1,6,6,1,44,7,-1,-1,-1,-1,-1,-1,0,-1
2021010302454,2021,010302454,1,1,9,99,99,9,9,99,99,9,9,99,9,99,1,1,6,6,1,44,7,-1,-1,-1,-1,10,E01030407,0,-1
2021031048701,2021,031048701,1,9,0,4,4,3,7,0,0,0,0,0,0,0,0,1,6,6,3,-1,-1,-1,-1,-1,-1,-1,-1,0,-1
2021131060356,2021,131060356,2,1,0,18,19,2,6,0,0,2,0,0,0,0,3,1,6,6,1,19,4,-1,-1,-1,-1,5,E01011831,0,-1
202154A118621,2021,54A118621,1,9,0,18,19,5,1,0,0,0,0,0,0,0,1,1,6,6,3,-1,-1,-1,-1,-1,-1,-1,-1,0,-1
2021010341509,2021,010341509,2,9,0,99,99,9,9,99,99,9,9,99,9,99,9,9,6,6,3,-1,-1,-1,-1,-1,-1,-1,-1,0,-1
2021201041978,2021,201041978,1,9,0,7,7,7,1,0,0,6,0,0,0,0,1,1,6,6,1,-1,-1,-1,-1,-1,-1,-1,-1,0,-1
2021010330093,2021,010330093,1,1,9,99,99,9,9,99,99,9,9,99,9,99,1,1,6,6,1,31,6,-1,-1,-1,-1,2,E01002051,0,-1
2021411033655,2021,411033655,1,9,0,12,12,1,5,0,0,8,0,0,0,0,3,1,3,7,1,59,9,-1,-1,-1,-1,5,E01023342,0,-1
2021010310717,2021,010310717,1,1,0,18,19,5,1,0,0,0,0,0,0,0,1,1,6,6,1,19,4,-1,-1,-1,-1,2,E01003994,0,-1
2021161108687,2021,161108687,1,9,0,3,3,6,2,0,0,1,0,0,0,0,2,1,6,6,2,41,7,-1,-1,-1,-1,2,E01013038,0,-1
2021451052464,2021,451052464,2,1,0,18,19,1,5,0,0,2,0,0,0,0,1,1,6,6,1,47,8,-1,-1,-1,-1,7,E01030968,0,-1
2021421026712,2021,421026712,3,9,0,18,19,7,3,0,0,1,0,0,0,0,1,1,6,6,1,56,9,-1,-1,-1,-1,2,E01016004,0,-1
2021461014093,2021,461014093,2,9,0,13,13,5,1,0,0,0,0,0,0,0,4,1,1,1,1,54,8,-1,-1,-1,-1,9,E01021561,0,-1
2021351026925,2021,351026925,1,9,-1,-1,-1,5,1,-1,-1,-1,-1,-1,-1,0,-1,1,6,6,2,-1,-1,-1,-1,-1,-1,-1,-1,0,-1
2021522201059,2021,522201059,2,9,0,18,19,5,1,0,0,0,0,8,0,0,3,1,6,6,1,36,7,-1,-1,-1,-1,-1,-1,0,-1
2021401060909,2021,401060909,1,90,0,5,5,4,8,0,0,1,0,0,0,0,1,1,6,6,3,-1,-1,-1,-1,-1,-1,-1,-1,0,-1