collision_index,collision_year,collision_ref_no,vehicle_reference,vehicle_type,towing_and_articulation,vehicle_manoeuvre_historic,vehicle_manoeuvre,vehicle_direction_from,vehicle_direction_to,vehicle_location_restricted_lane_historic,vehicle_location_restricted_lane,junction_location,skidding_and_overturning,hit_object_in_carriageway,vehicle_leaving_carriageway,hit_object_off_carriageway,first_point_of_impact,vehicle_left_hand_drive,journey_purpose_of_driver_historic,journey_purpose_of_driver,sex_of_driver,age_of_driver,age_band_of_driver,engine_capacity_cc,propulsion_code,age_of_vehicle,generic_make_model,driver_imd_decile,lsoa_of_driver,escooter_flag,driver_distance_banding
2021302101024,2021,302101024,2,1,0,5,5,0,0,0,0,0,0,0,0,0,2,1,6,6,3,-1,-1,-1,-1,-1,-1,5,E01019456,0,-1
2021411049292,2021,411049292,2,1,0,18,19,5,1,0,0,8,0,0,0,0,1,1,6,6,1,22,5,-1,-1,-1,-1,9,E01015797,0,-1
202163C005021,2021,63C005021,1,21,0,18,19,8,4,0,0,8,0,0,0,0,1,1,1,1,1,55,8,-1,-1,-1,-1,7,W01000578,0,-1
2021010348104,2021,010348104,2,9,0,99,99,9,9,99,99,9,9,99,9,99,2,9,6,6,3,-1,-1,-1,-1,-1,-1,-1,-1,0,-1
2021010288058,2021,010288058,2,9,0,99,99,9,9,99,99,9,9,99,9,99,9,9,6,6,3,-1,-1,-1,-1,-1,-1,-1,-1,0,-1
2021010293789,2021,010293789,2,19,0,99,99,9,9,99,99,9,9,99,9,99,2,9,6,6,3,-1,-1,-1,-1,-1,-1,-1,-1,0,-1
2021221079905,2021,221079905,1,19,0,1,1,3,7,0,0,8,0,0,0,0,2,1,6,6,2,34,6,-1,-1,-1,-1,-1,-1,0,-1
2021061112146,2021,061112146,2,9,0,18,19,7,3,0,0,0,0,0,0,0,1,1,6,6,3,30,6,-1,-1,-1,-1,-1,-1,0,-1
2021361119793,2021,361119793,1,-1,0,18,19,7,3,0,0,1,0,0,0,0,1,1,6,6,1,30,6,-1,-1,-1,-1,-1,-1,1,-1
2021010317047,2021,010317047,2,-1,0,18,19,3,7,0,0,8,5,0,0,0,1,1,1,1,1,27,6,-1,-1,-1,-1,2,E01002872,1,-1
2021351085710,2021,351085710,2,1,0,18,19,1,5,0,0,8,5,0,0,0,4,1,6,6,2,20,4,-1,-1,-1,-1,8,E01018117,0,-1
2021010329493,2021,010329493,2,1,0,18,19,3,7,0,0,2,0,0,0,0,1,1,6,6,2,26,6,-1,-1,-1,-1,5,E01003022,0,-1
2021010314752,2021,010314752,1,1,0,18,19,8,4,0,0,2,0,0,0,0,1,1,1,1,1,18,4,-1,-1,-1,-1,5,E01002616,0,-1
2021010342039,2021,010342039,2,9,0,99,99,9,9,99,99,0,9,99,9,99,1,9,6,6,3,-1,-1,-1,-1,-1,-1,-1,-1,0,-1
202160Z175439,2021,60Z175439,1,9,0,18,19,3,7,0,0,1,0,0,0,0,1,1,6,6,1,-1,-1,-1,-1,-1,-1,-1,-1,0,-1
2021010316994,2021,010316994,1,9,0,7,7,5,7,0,0,5,0,0,0,0,3,1,6,6,3,-1,-1,-1,-1,-1,-1,-1,-1,0,-1
2021211041598,2021,211041598,1,1,0,18,19,8,4,0,0,8,0,0,0,0,-1,1,6,6,2,16,4,-1,-1,-1,-1,1,E01020112,0,-1
2021440322240,2021,440322240,2,3,0,18,19,1,5,0,0,0,0,0,0,0,1,1,1,1,1,41,7,-1,-1,-1,-1,8,E01022558,0,-1
2021131094706,2021,131094706,1,1,0,17,19,7,3,0,0,1,0,0,0,0,0,1,2,2,1,45,7,-1,-1,-1,-1,4,E01010637,0,-1
2021010346475,2021,010346475,2,1,9,99,99,9,9,99,99,9,9,99,9,99,9,1,2,2,2,31,6,-1,-1,-1,-1,3,E01001282,0,-1
2021010311278,2021,010311278,2,9,9,99,99,9,9,99,99,0,9,99,9,99,9,9,6,6,3,-1,-1,-1,-1,-1,-1,-1,-1,0,-1
2021430256689,2021,430256689,2,19,0,13,13,2,6,0,0,1,0,0,0,0,4,1,6,6,3,-1,-1,-1,-1,-1,-1,-1,-1,0,-1
202160Z088678,2021,60Z088678,1,9,0,18,19,5,1,0,0,1,0,0,0,0,1,1,2,2,1,32,6,-1,-1,-1,-1,-1,-1,0,-1
2021471012998,2021,471012998,2,19,0,2,2,0,0,0,0,1,0,0,0,0,1,1,6,6,3,-1,-1,-1,-1,-1,-1,-1,-1,0,-1
2021610021321,2021,610021321,1,9,0,2,2,0,0,0,0,2,0,0,0,0,2,1,6,6,2,49,8,-1,-1,-1,-1,-1,-1,0,-1
2021991087552,2021,991087552,1,19,0,15,15,4,8,0,0,0,0,0,0,0,3,1,1,1,1,55,8,-1,-1,-1,-1,6,-1,0,-1
2021052100113,2021,052100113,1,9,0,18,19,1,4,0,0,2,0,0,0,0,0,1,6,6,3,-1,-1,-1,-1,-1,-1,-1,-1,0,-1
2021122100078,2021,122100078,2,9,0,7,7,7,1,0,0,8,0,0,0,0,1,1,6,6,3,-1,-1,-1,-1,-1,-1,-1,-1,0,-1
2021010343323,2021,010343323,2,2,0,18,19,1,5,0,0,0,1,4,0,0,1,1,6,6,1,24,5,-1,-1,-1,-1,4,E01001087,0,-1
2021501097771,2021,501097771,2,1,0,18,19,4,8,5,5,0,0,0,0,0,1,1,6,6,2,28,6,-1,-1,-1,-1,8,E01019910,0,-1
2021061058563,2021,061058563,1,9,0,18,19,8,8,0,0,0,0,0,0,0,1,1,6,6,3,-1,-1,-1,-1,-1,-1,-1,-1,0,-1
202160Z181769,2021,60Z181769,1,9,0,18,19,8,4,0,0,1,0,0,0,0,4,1,6,6,1,72,10,-1,-1,-1,-1,-1,-1,0,-1
2021052100252,2021,052100252,1,9,0,18,19,4,8,0,0,1,0,0,0,0,1,1,6,6,3,-1,-1,-1,-1,-1,-1,-1,-1,0,-1
2021201111634,2021,201111634,2,1,0,18,19,-1,-1,0,0,0,0,0,0,0,1,1,1,1,1,30,6,-1,-1,-1,-1,1,E01009331,0,-1
2021010303047,2021,010303047,2,1,0,18,19,3,7,0,0,4,0,0,0,0,1,1,6,6,1,31,6,-1,-1,-1,-1,4,E01003257,0,-1
2021440166661,2021,440166661,3,90,0,18,19,4,8,0,0,0,0,0,0,0,1,1,1,1,1,27,6,-1,-1,-1,-1,9,E01023272,0,-1
2021201030600,2021,201030600,1,1,0,18,19,2,6,0,0,8,0,0,0,0,4,1,2,2,1,36,7,-1,-1,-1,-1,1,E01009047,0,-1
2021052102038,2021,052102038,1,8,0,13,13,5,1,0,0,0,0,0,0,0,0,1,1,1,3,-1,-1,-1,-1,-1,-1,-1,-1,0,-1
2021101034264,2021,101034264,2,1,0,18,19,6,2,0,0,0,0,0,1,0,2,1,5,6,1,64,9,-1,-1,-1,-1,10,E01027492,0,-1
2021610001021,2021,610001021,1,9,0,18,19,3,7,0,0,0,0,0,0,0,1,1,1,1,1,48,8,-1,-1,-1,-1,-1,-1,0,-1
2021111075868,2021,111075868,1,97,0,18,19,1,5,0,0,0,1,0,0,0,0,1,5,6,1,20,4,-1,-1,-1,-1,3,E01020869,0,-1
2021010291664,2021,010291664,2,9,0,99,99,9,9,99,99,9,9,99,9,99,1,9,6,6,3,-1,-1,-1,-1,-1,-1,-1,-1,0,-1
2021010291209,2021,010291209,1,1,0,18,19,3,7,0,0,8,0,0,0,0,1,1,1,1,1,57,9,-1,-1,-1,-1,3,E01001900,0,-1
2021010319454,2021,010319454,2,1,0,18,19,3,7,0,0,1,0,0,0,0,1,1,6,6,2,48,8,-1,-1,-1,-1,9,E01003802,0,-1
202131A057121,2021,31A057121,2,1,0,18,19,2,6,0,0,0,0,0,0,0,3,1,6,6,1,22,5,-1,-1,-1,-1,1,E01013851,0,-1
2021461119548,2021,461119548,1,19,0,17,19,7,3,0,0,1,0,0,7,0,3,1,2,2,1,49,8,-1,-1,-1,-1,2,E01024374,0,-1
2021481133294,2021,481133294,1,19,0,18,19,3,7,0,0,0,0,0,0,0,4,1,6,6,1,40,7,-1,-1,-1,-1,-1,-1,0,-1
202160Z078800,2021,60Z078800,2,9,0,18,19,7,3,0,0,1,0,0,0,0,4,1,6,6,1,52,8,-1,-1,-1,-1,-1,-1,0,-1
2021010297614,2021,010297614,1,9,0,18,19,5,1,0,0,1,0,0,0,0,4,1,6,6,3,-1,-1,-1,-1,-1,-1,-1,-1,0,-1
2021430201210,2021,430201210,2,1,0,18,19,1,5,0,0,8,0,0,0,0,0,1,6,6,1,24,5,-1,-1,-1,-1,10,E01028625,0,-1
202160Z159977,2021,60Z159977,1,9,0,17,19,6,2,0,0,8,1,10,2,1,1,1,6,6,3,-1,-1,-1,-1,-1,-1,-1,-1,0,-1
2021010298192,2021,010298192,1,1,9,99,99,9,9,99,99,9,9,99,9,99,9,1,2,2,1,32,6,-1,-1,-1,-1,9,E01000410,0,-1
2021461019442,2021,461019442,1,21,1,4,4,1,5,0,0,0,0,4,0,0,3,1,6,6,1,27,6,-1,-1,-1,-1,-1,-1,0,-1
2021552100826,2021,552100826,1,1,0,18,19,8,4,0,0,8,0,0,0,0,1,1,6,6,1,11,3,-1,-1,-1,-1,9,E01017988,0,-1
2021991040966,2021,991040966,2,1,0,18,19,5,1,0,0,1,0,0,0,0,1,1,6,6,2,12,3,-1,-1,-1,-1,2,-1,0,-1
2021010322336,2021,010322336,2,1,0,18,19,5,1,9,9,1,0,0,0,0,4,1,6,6,1,62,9,-1,-1,-1,-1,2,E01001731,0,-1
2021520201325,2021,520201325,1,9,0,18,19,4,8,0,0,0,0,11,0,0,1,1,6,6,1,40,7,-1,-1,-1,-1,3,E01029062,0,-1
2021010318645,2021,010318645,2,9,0,99,99,9,9,99,99,9,9,99,9,99,9,9,6,6,3,-1,-1,-1,-1,-1,-1,-1,-1,0,-1
202163A017721,2021,63A017721,1,9,0,14,14,4,8,0,0,0,0,0,0,0,1,1,6,6,3,-1,-1,-1,-1,-1,-1,-1,-1,0,-1
2021201084887,2021,201084887,2,1,-1,18,19,2,6,0,0,0,0,0,0,0,1,1,1,1,1,45,7,-1,-1,-1,-1,5,E01008954,0,-1
2021520104307,2021,520104307,3,9,0,18,19,5,1,0,0,1,0,0,0,0,1,1,6,6,1,19,4,-1,-1,-1,-1,4,E01009867,0,-1
2021010307147,2021,010307147,2,1,0,18,19,1,5,0,0,1,0,0,0,0,4,1,2,2,2,24,5,-1,-1,-1,-1,5,E01004052,0,-1
2021010301193,2021,010301193,2,9,0,99,99,9,9,99,99,9,9,99,9,99,9,9,6,6,3,-1,-1,-1,-1,-1,-1,-1,-1,0,-1
2021320680122,2021,320680122,1,9,0,18,19,5,1,0,0,0,0,0,0,0,1,1,6,6,1,-1,-1,-1,-1,-1,-1,-1,-1,0,-1
2021332100160,2021,332100160,1,9,0,18,19,5,1,0,0,0,5,0,0,0,1,1,6,6,1,55,8,-1,-1,-1,-1,6,E01025863,0,-1
2021070259275,2021,070259275,2,1,0,11,11,1,5,0,0,8,0,0,0,0,4,1,6,6,1,31,6,-1,-1,-1,-1,5,E01029542,0,-1
2021522106031,2021,522106031,1,9,0,11,11,5,1,0,0,0,0,0,0,0,4,1,6,6,1,39,7,-1,-1,-1,-1,4,E01003023,0,-1
2021010323772,2021,010323772,2,1,0,18,19,6,2,2,2,1,0,0,0,0,0,1,6,6,1,23,5,-1,-1,-1,-1,6,E01033742,0,-1
2021371061061,2021,371061061,1,9,0,18,19,1,5,0,0,0,5,10,0,0,1,1,6,6,1,26,6,-1,-1,-1,-1,5,E01033446,0,-1
2021440019105,2021,440019105,1,9,0,18,19,6,2,0,0,0,5,10,1,0,4,1,6,6,2,52,8,-1,-1,-1,-1,7,E01023168,0,-1
2021991101352,2021,991101352,2,9,0,18,19,5,1,0,0,1,0,0,0,0,1,1,5,6,1,58,9,-1,-1,-1,-1,8,-1,0,-1
2021351020820,2021,351020820,1,9,1,18,19,7,7,0,0,0,3,0,1,0,1,1,1,1,1,55,8,-1,-1,-1,-1,3,E01005421,0,-1
2021520102210,2021,520102210,2,1,0,18,19,4,8,0,0,0,0,0,0,0,1,1,6,6,1,15,3,-1,-1,-1,-1,-1,-1,0,-1
2021010311869,2021,010311869,2,1,0,18,19,5,1,0,0,1,1,0,0,0,4,1,3,7,2,39,7,-1,-1,-1,-1,3,E01001793,0,-1
202131D071121,2021,31D071121,1,11,0,4,4,7,3,8,6,1,0,0,0,0,0,1,1,1,1,37,7,-1,-1,-1,-1,-1,-1,0,-1
2021010331621,2021,010331621,2,1,0,1,1,1,5,0,0,8,0,0,0,0,1,1,6,6,1,25,5,-1,-1,-1,-1,2,E01004000,0,-1
2021010296389,2021,010296389,2,9,0,18,19,1,5,0,0,0,0,0,0,0,0,1,1,1,1,38,7,-1,-1,-1,-1,4,E01004142,0,-1
2021052100299,2021,052100299,1,9,0,18,19,8,4,0,0,1,0,0,0,0,1,1,6,6,3,-1,-1,-1,-1,-1,-1,-1,-1,0,-1
2021141023923,2021,141023923,1,1,0,18,19,5,2,0,0,1,0,0,0,0,2,1,2,2,1,30,6,-1,-1,-1,-1,10,E01007957,0,-1
2021401126883,2021,401126883,2,1,0,18,19,6,2,0,0,8,0,0,0,0,4,1,6,6,2,52,8,-1,-1,-1,-1,7,E01017527,0,-1
2021522102648,2021,522102648,1,1,0,18,19,5,1,0,0,8,1,0,0,0,1,1,6,6,1,57,9,-1,-1,-1,-1,8,E01014721,0,-1
2021501072596,2021,501072596,1,9,0,16,19,3,7,0,0,0,2,0,0,0,4,1,5,6,1,24,5,-1,-1,-1,-1,8,E01020158,0,-1
2021421116599,2021,421116599,1,9,0,18,19,7,3,0,0,1,0,0,0,0,1,1,6,6,3,-1,-1,-1,-1,-1,-1,-1,-1,0,-1
2021430196204,2021,430196204,2,-1,0,18,19,6,2,0,0,8,0,0,0,0,4,1,6,6,1,16,4,-1,-1,-1,-1,2,E01016729,1,-1
2021010332916,2021,010332916,2,9,0,99,99,9,9,99,99,9,9,99,9,99,9,9,6,6,3,-1,-1,-1,-1,-1,-1,-1,-1,0,-1
2021471029923,2021,471029923,2,1,0,18,19,6,2,4,4,8,0,0,0,0,4,1,6,6,1,40,7,-1,-1,-1,-1,6,E01031538,0,-1
2021461034936,2021,461034936,1,5,0,4,4,7,3,0,0,0,0,0,0,0,1,1,5,6,1,50,8,-1,-1,-1,-1,2,E01021020,0,-1
2021991082117,2021,991082117,1,1,0,18,19,2,6,0,0,8,0,0,0,0,3,1,5,6,1,30,6,-1,-1,-1,-1,4,-1,0,-1
2021991070792,2021,991070792,2,9,0,5,5,4,8,0,0,0,0,0,0,0,0,1,6,6,3,20,4,-1,-1,-1,-1,-1,-1,0,-1
2021320756465,2021,320756465,1,9,0,18,19,2,6,0,0,8,0,0,1,11,1,1,2,2,2,22,5,-1,-1,-1,-1,3,E01026104,0,-1
2021552100132,2021,552100132,1,9,0,5,5,8,2,9,9,6,0,0,0,0,1,1,6,6,3,-1,-1,-1,-1,-1,-1,-1,-1,0,-1
202160Z041617,2021,60Z041617,3,9,0,18,19,6,2,0,0,0,0,0,0,0,1,1,6,6,2,26,6,-1,-1,-1,-1,-1,-1,0,-1
2021170S21081,2021,170S21081,1,1,0,18,19,7,3,0,0,1,0,0,0,0,3,1,2,2,1,18,4,-1,-1,-1,-1,1,E01012245,0,-1
2021010291851,2021,010291851,1,1,9,99,99,9,9,99,99,9,9,99,9,99,1,1,6,6,1,41,7,-1,-1,-1,-1,8,E01000412,0,-1
2021430552505,2021,430552505,1,9,0,18,19,6,2,0,0,2,0,0,0,0,1,1,6,6,2,-1,-1,-1,-1,-1,-1,-1,-1,0,-1
2021471024176,2021,471024176,2,1,0,18,19,5,1,0,0,8,0,0,0,0,4,1,6,6,1,29,6,-1,-1,-1,-1,10,E01031485,0,-1
2021010317706,2021,010317706,1,1,9,99,99,9,9,99,99,9,9,99,9,99,1,1,6,6,1,33,6,-1,-1,-1,-1,8,E01003876,0,-1
2021010346091,2021,010346091,1,3,0,18,19,1,5,0,0,1,0,0,0,0,1,1,6,6,1,38,7,-1,-1,-1,-1,1,E01002790,0,-1
2021351058521,2021,351058521,2,1,0,18,19,3,7,0,0,0,0,0,0,0,4,1,5,6,1,9,2,-1,-1,-1,-1,9,E01018027,0,-1
2021010337073,2021,010337073,2,1,0,18,19,7,3,0,0,1,0,0,0,0,2,1,2,2,2,53,8,-1,-1,-1,-1,6,E01032740,0,-1
2021052100217,2021,052100217,1,19,0,9,9,6,4,0,0,2,0,0,0,0,1,1,6,6,1,38,7,-1,-1,-1,-1,2,E01006832,0,-1
2021421110634,2021,421110634,1,98,0,18,19,5,1,0,0,0,0,0,0,0,1,1,6,6,1,-1,-1,-1,-1,-1,-1,-1,-1,0,-1
2021610021821,2021,610021821,5,9,0,18,19,1,0,0,0,0,0,0,0,0,1,1,6,6,3,-1,-1,-1,-1,-1,-1,-1,-1,0,-1
202163C101621,2021,63C101621,2,9,0,4,4,5,2,0,0,1,0,0,0,0,2,1,6,6,2,21,5,-1,-1,-1,-1,6,W01000575,0,-1
2021010343943,2021,010343943,1,1,9,99,99,9,9,99,99,9,9,99,9,99,9,1,2,2,2,39,7,-1,-1,-1,-1,1,E01000508,0,-1
2021122100149,2021,122100149,3,21,1,18,19,5,1,0,0,0,0,0,0,0,4,2,1,1,1,54,8,-1,-1,-1,-1,-1,-1,0,-1
2021461116479,2021,461116479,1,19,0,18,19,7,3,0,0,0,1,0,0,0,1,1,6,6,1,31,6,-1,-1,-1,-1,8,E01021801,0,-1
2021501021792,2021,501021792,4,9,0,4,4,5,8,0,0,1,1,0,1,0,1,1,1,1,1,41,7,-1,-1,-1,-1,6,E01020237,0,-1
2021411101349,2021,411101349,1,1,0,18,19,3,7,0,0,4,0,10,0,0,3,1,5,6,1,49,8,-1,-1,-1,-1,10,E01023591,0,-1
2021522102747,2021,522102747,1,1,0,18,19,1,5,0,0,0,0,8,0,0,1,1,6,6,2,21,5,-1,-1,-1,-1,8,E01014637,0,-1
2021430424801,2021,430424801,1,90,0,18,19,6,2,0,0,8,1,10,7,0,4,1,1,1,1,33,6,-1,-1,-1,-1,10,E01016184,0,-1
2021131071121,2021,131071121,2,1,0,18,19,5,1,0,0,8,0,0,0,0,1,1,5,6,1,70,10,-1,-1,-1,-1,3,E01010825,0,-1
2021411080338,2021,411080338,3,9,0,4,4,5,1,0,0,0,0,0,0,0,0,1,6,6,3,-1,-1,-1,-1,-1,-1,-1,-1,0,-1
2021361086384,2021,361086384,2,1,0,9,9,7,5,0,0,8,5,0,0,0,1,1,6,6,1,-1,-1,-1,-1,-1,-1,-1,-1,0,-1
2021010318629,2021,010318629,2,1,0,9,9,7,5,0,0,3,0,0,0,0,4,1,2,2,1,51,8,-1,-1,-1,-1,6,E01002541,0,-1
2021471083981,2021,471083981,1,19,0,18,19,7,3,0,0,0,0,0,0,0,0,1,6,6,3,-1,-1,-1,-1,-1,-1,-1,-1,0,-1
2021010345727,2021,010345727,2,1,0,18,19,7,3,4,4,1,0,0,0,0,1,1,2,2,1,43,7,-1,-1,-1,-1,6,E01004634,0,-1
2021522103619,2021,522103619,2,9,0,18,19,5,8,0,0,1,0,0,0,0,1,1,6,6,2,30,6,-1,-1,-1,-1,7,E01014402,0,-1
2021411044947,2021,411044947,2,19,0,4,4,8,4,0,0,0,0,0,0,0,2,1,2,2,1,51,8,-1,-1,-1,-1,-1,-1,0,-1
2021041073095,2021,041073095,1,9,0,18,19,3,7,0,0,0,0,4,0,0,1,1,6,6,3,-1,-1,-1,-1,-1,-1,-1,-1,0,-1
2021411075909,2021,411075909,2,9,0,17,19,7,3,0,0,0,0,0,1,9,1,1,2,2,1,60,9,-1,-1,-1,-1,10,E01023289,0,-1
2021320100028,2021,320100028,1,21,0,3,3,8,4,0,0,1,0,0,0,0,2,1,6,6,3,40,7,-1,-1,-1,-1,-1,-1,0,-1
2021010314625,2021,010314625,2,97,9,99,99,9,9,99,99,9,9,99,9,99,9,9,6,6,3,-1,-1,-1,-1,-1,-1,-1,-1,0,-1
2021610019621,2021,610019621,2,5,0,18,19,1,4,0,0,1,0,0,0,11,1,1,6,6,1,26,6,-1,-1,-1,-1,-1,-1,0,-1
2021010336886,2021,010336886,1,1,9,99,99,9,9,99,99,0,9,99,9,99,9,1,6,6,2,39,7,-1,-1,-1,-1,4,E01003114,0,-1
2021430578745,2021,430578745,2,9,0,18,19,8,4,0,0,8,0,0,0,0,1,1,6,6,1,49,8,-1,-1,-1,-1,6,E01032959,0,-1
202163D032021,2021,63D032021,1,1,0,18,19,4,8,0,0,0,0,0,0,0,1,1,6,6,1,41,7,-1,-1,-1,-1,3,W01000454,0,-1
2021052100062,2021,052100062,1,9,0,18,19,8,4,0,0,0,0,0,0,0,1,1,6,6,3,-1,-1,-1,-1,-1,-1,-1,-1,0,-1
2021010321869,2021,010321869,2,1,0,14,14,7,3,0,0,1,0,4,0,0,1,1,6,6,2,30,6,-1,-1,-1,-1,3,E01033699,0,-1
2021141027363,2021,141027363,4,9,0,3,3,3,7,0,0,1,0,0,0,0,1,1,6,6,1,32,6,-1,-1,-1,-1,3,E01032550,0,-1
2021052102387,2021,052102387,1,9,0,18,19,5,1,0,0,0,0,0,0,0,1,1,6,6,3,-1,-1,-1,-1,-1,-1,-1,-1,0,-1
2021061035225,2021,061035225,2,1,-1,18,19,1,5,0,0,0,0,0,0,0,1,1,6,6,1,30,6,-1,-1,-1,-1,-1,-1,0,-1
2021122100614,2021,122100614,2,1,0,5,5,6,2,0,0,8,0,0,0,0,3,1,6,6,2,44,7,-1,-1,-1,-1,3,E01013386,0,-1
2021010309317,2021,010309317,2,1,0,5,5,3,7,0,0,1,0,0,0,0,3,1,6,6,2,34,6,-1,-1,-1,-1,2,E01001775,0,-1
2021332100654,2021,332100654,1,9,0,9,9,6,4,0,0,6,0,0,0,0,3,1,2,2,1,63,9,-1,-1,-1,-1,6,E01025903,0,-1
2021041194507,2021,041194507,1,9,0,18,19,4,2,0,0,0,0,0,0,0,1,1,6,6,3,-1,-1,-1,-1,-1,-1,-1,-1,0,-1
2021010334682,2021,010334682,1,3,0,18,19,7,3,0,0,1,1,0,0,0,4,1,1,1,1,25,5,-1,-1,-1,-1,3,E01001043,0,-1
2021010315190,2021,010315190,2,-1,0,18,19,8,4,0,0,0,0,0,0,0,1,1,6,6,1,22,5,-1,-1,-1,-1,3,E01003136,1,-1
2021052102346,2021,052102346,1,9,0,18,19,5,1,0,0,6,0,0,0,0,1,1,6,6,3,-1,-1,-1,-1,-1,-1,-1,-1,0,-1
2021138150124,2021,138150124,1,9,0,18,19,1,5,0,0,0,0,0,0,0,1,1,6,6,2,22,5,-1,-1,-1,-1,1,E01011348,0,-1
2021471069606,2021,471069606,2,90,0,18,19,6,2,0,0,0,0,0,0,0,1,1,5,6,2,51,8,-1,-1,-1,-1,7,E01030583,0,-1
2021461017494,2021,461017494,2,1,0,18,19,6,2,0,0,1,0,0,0,0,3,1,2,2,1,31,6,-1,-1,-1,-1,7,E01024388,0,-1
202131C058521,2021,31C058521,1,-1,0,18,19,4,8,9,9,1,0,0,1,1,1,1,6,6,1,27,6,-1,-1,-1,-1,2,E01013947,1,-1
2021411031933,2021,411031933,2,1,0,9,9,5,3,0,0,3,5,0,0,0,2,1,6,6,2,-1,-1,-1,-1,-1,-1,7,E01023351,0,-1
2021161044382,2021,161044382,1,9,0,18,19,3,7,0,0,1,0,0,0,0,1,1,6,6,3,-1,-1,-1,-1,-1,-1,-1,-1,0,-1
2021610024921,2021,610024921,2,9,0,18,19,1,5,0,0,1,0,0,0,10,4,1,6,6,2,61,9,-1,-1,-1,-1,-1,-1,0,-1
2021501067917,2021,501067917,2,1,0,5,5,3,7,0,0,1,0,0,0,0,1,1,1,1,2,35,6,-1,-1,-1,-1,2,E01020037,0,-1
2021131083358,2021,131083358,1,8,0,-1,-1,-1,-1,-1,-1,-1,-1,-1,-1,-1,-1,1,6,6,3,-1,-1,-1,-1,-1,-1,-1,-1,0,-1
2021010338509,2021,010338509,1,9,9,99,99,9,9,0,0,9,9,99,0,0,1,1,6,6,1,-1,-1,-1,-1,-1,-1,-1,-1,0,-1
2021052200031,2021,052200031,1,9,0,18,19,9,9,0,0,1,0,0,0,0,1,1,6,6,3,-1,-1,-1,-1,-1,-1,-1,-1,0,-1
2021010316334,2021,010316334,2,19,0,18,19,2,6,0,0,5,0,0,0,0,0,1,6,6,3,-1,-1,-1,-1,-1,-1,-1,-1,0,-1
2021451109848,2021,451109848,1,9,0,13,13,3,1,0,0,0,0,0,0,0,4,1,6,6,3,40,7,-1,-1,-1,-1,-1,-1,0,-1
2021531055017,2021,531055017,3,1,0,18,19,6,2,0,0,1,2,0,0,0,1,1,5,6,1,51,8,-1,-1,-1,-1,6,E01022227,0,-1
2021332100328,2021,332100328,1,9,0,4,4,4,8,0,0,2,0,0,0,0,1,1,6,6,1,56,9,-1,-1,-1,-1,10,E01025708,0,-1
2021211057390,2021,211057390,2,1,0,-1,-1,-1,-1,0,0,1,0,0,0,0,-1,1,2,2,1,20,4,-1,-1,-1,-1,4,E01014245,0,-1
2021221024983,2021,221024983,2,16,0,16,19,2,4,0,0,0,0,0,0,0,3,1,5,6,2,24,5,-1,-1,-1,-1,5,E01014045,0,-1
2021440262935,2021,440262935,3,9,0,2,2,0,0,0,0,0,0,4,0,0,2,1,6,6,1,-1,-1,-1,-1,-1,-1,-1,-1,0,-1
2021610029521,2021,610029521,1,9,0,18,19,6,2,0,0,0,0,0,0,4,1,1,2,2,1,50,8,-1,-1,-1,-1,-1,-1,0,-1
2021010316908,2021,010316908,2,9,0,18,19,3,7,0,0,8,1,0,0,0,1,2,6,6,1,52,8,-1,-1,-1,-1,2,E01002345,0,-1
2021991053016,2021,991053016,1,90,0,18,19,4,8,0,0,1,0,0,0,0,4,1,6,6,3,-1,-1,-1,-1,-1,-1,-1,-1,0,-1
2021522103804,2021,522103804,1,5,0,14,14,8,4,0,0,1,0,0,0,0,1,1,6,6,1,46,8,-1,-1,-1,-1,7,E01015010,0,-1
2021481114492,2021,481114492,2,1,0,18,19,3,7,0,0,1,0,0,0,0,3,1,2,2,1,34,6,-1,-1,-1,-1,2,E01004310,0,-1
2021010348049,2021,010348049,1,1,9,99,99,9,9,99,99,9,9,99,9,99,9,1,6,6,2,37,7,-1,-1,-1,-1,2,E01004224,0,-1
2021201130966,2021,201130966,2,9,0,18,19,8,4,0,0,0,0,7,0,0,1,1,1,1,1,32,6,-1,-1,-1,-1,-1,-1,0,-1
2021131083929,2021,131083929,1,9,0,18,19,4,8,0,0,1,0,0,0,0,4,1,5,6,1,22,5,-1,-1,-1,-1,2,E01011015,0,-1
2021440231193,2021,440231193,1,1,0,4,4,1,5,0,0,0,1,0,0,0,1,1,6,6,2,46,8,-1,-1,-1,-1,9,E01017147,0,-1
2021010312075,2021,010312075,1,1,9,99,99,9,9,99,99,9,9,99,9,99,0,1,2,2,1,44,7,-1,-1,-1,-1,4,E01015923,0,-1
2021061117890,2021,061117890,2,1,0,18,19,3,7,4,4,0,0,0,0,0,1,1,2,2,1,45,7,-1,-1,-1,-1,3,E01005210,0,-1
2021991113307,2021,991113307,2,1,0,18,19,8,4,0,0,1,0,0,0,0,1,1,5,6,1,58,9,-1,-1,-1,-1,-1,-1,0,-1
2021411125324,2021,411125324,2,1,0,18,19,4,8,0,0,8,5,0,0,0,4,1,2,2,1,42,7,-1,-1,-1,-1,10,E01023364,0,-1
202163C013621,2021,63C013621,2,9,0,3,3,2,6,0,0,0,0,0,0,0,2,1,6,6,2,58,9,-1,-1,-1,-1,-1,-1,0,-1
2021010325207,2021,010325207,2,1,0,18,19,1,5,0,0,1,0,0,0,0,2,1,6,6,1,29,6,-1,-1,-1,-1,4,E01003178,0,-1
202160Z076329,2021,60Z076329,2,9,0,18,19,5,1,0,0,0,1,0,0,0,1,1,6,6,1,73,10,-1,-1,-1,-1,-1,-1,0,-1
2021031111494,2021,031111494,1,9,0,9,9,8,6,0,0,6,0,0,0,0,1,1,6,6,1,75,10,-1,-1,-1,-1,5,E01031163,0,-1
2021430246533,2021,430246533,2,1,0,9,9,1,8,0,0,5,0,0,0,0,3,1,2,2,1,42,7,-1,-1,-1,-1,8,E01032725,0,-1
2021010313180,2021,010313180,2,1,0,7,7,5,7,0,0,5,0,0,0,0,3,1,6,6,2,54,8,-1,-1,-1,-1,4,E01001939,0,-1
2021440251684,2021,440251684,2,1,0,18,19,6,2,0,0,0,0,0,0,0,1,1,6,6,2,47,8,-1,-1,-1,-1,10,E01023044,0,-1
2021201146872,2021,201146872,1,98,0,3,3,2,6,0,0,8,0,0,0,0,1,1,6,6,3,-1,-1,-1,-1,-1,-1,-1,-1,0,-1