collision_index,collision_year,collision_ref_no,vehicle_reference,vehicle_type,towing_and_articulation,vehicle_manoeuvre_historic,vehicle_manoeuvre,vehicle_direction_from,vehicle_direction_to,vehicle_location_restricted_lane_historic,vehicle_location_restricted_lane,junction_location,skidding_and_overturning,hit_object_in_carriageway,vehicle_leaving_carriageway,hit_object_off_carriageway,first_point_of_impact,vehicle_left_hand_drive,journey_purpose_of_driver_historic,journey_purpose_of_driver,sex_of_driver,age_of_driver,age_band_of_driver,engine_capacity_cc,propulsion_code,age_of_vehicle,generic_make_model,driver_imd_decile,lsoa_of_driver,escooter_flag,driver_distance_banding
2021520105607,2021,520105607,1,-1,0,18,19,1,5,9,9,0,0,0,0,0,4,1,6,6,1,30,6,-1,-1,-1,-1,-1,-1,1,-1
202160Z150058,2021,60Z150058,1,9,0,18,19,2,6,0,0,1,0,0,0,0,4,1,6,6,1,32,6,-1,-1,-1,-1,-1,-1,0,-1
2021520105212,2021,520105212,2,17,0,18,19,1,5,0,0,2,0,0,0,0,1,1,6,6,1,34,6,-1,-1,-1,-1,10,E01014937,0,-1
2021052101588,2021,052101588,1,-1,0,18,19,5,1,0,0,8,0,0,0,0,3,1,6,6,1,36,7,-1,-1,-1,-1,1,E01006515,1,-1
2021061080958,2021,061080958,1,1,0,18,19,8,4,0,0,8,0,0,0,0,1,1,5,6,2,57,9,-1,-1,-1,-1,9,E01006088,0,-1
2021170S21871,2021,170S21871,1,-1,0,18,19,5,1,0,0,0,0,0,0,0,1,1,6,6,1,9,2,-1,-1,-1,-1,2,E01012275,1,-1
2021010293318,2021,010293318,2,1,0,18,19,1,5,0,0,8,2,0,0,0,1,1,2,2,1,43,7,-1,-1,-1,-1,7,E01000241,0,-1
202160Z033634,2021,60Z033634,1,9,0,6,6,1,1,0,0,0,0,0,7,0,3,1,1,1,2,30,6,-1,-1,-1,-1,-1,-1,0,-1
2021522101083,2021,522101083,2,1,0,7,7,3,5,0,0,6,0,0,0,0,1,1,6,6,1,28,6,-1,-1,-1,-1,-1,-1,0,-1
2021010288127,2021,010288127,3,9,0,18,19,7,3,0,0,0,0,0,0,0,1,1,6,6,1,42,7,-1,-1,-1,-1,4,E01004368,0,-1
2021351098176,2021,351098176,2,9,0,4,4,3,7,0,0,1,0,0,0,0,4,1,2,2,1,52,8,-1,-1,-1,-1,10,E01018055,0,-1
2021332100343,2021,332100343,3,9,0,9,9,3,1,0,0,6,0,0,0,0,1,1,6,6,1,63,9,-1,-1,-1,-1,6,E01025657,0,-1
2021461093498,2021,461093498,1,98,1,12,12,5,1,0,0,0,0,0,0,0,3,1,6,6,3,-1,-1,-1,-1,-1,-1,-1,-1,0,-1
2021401117757,2021,401117757,1,23,0,18,19,2,6,9,9,0,0,0,0,0,1,1,1,1,1,30,6,-1,-1,-1,-1,-1,-1,0,-1
2021501102301,2021,501102301,1,9,0,18,19,1,4,0,0,0,0,0,1,0,4,1,6,6,3,-1,-1,-1,-1,-1,-1,-1,-1,0,-1
2021430498470,2021,430498470,2,19,0,18,19,5,1,0,0,0,0,0,0,0,1,1,6,6,3,-1,-1,-1,-1,-1,-1,-1,-1,0,-1
2021552100307,2021,552100307,2,-1,0,18,19,5,1,0,0,8,0,0,0,0,3,1,6,6,1,15,3,-1,-1,-1,-1,9,E01020391,1,-1
2021461057769,2021,461057769,2,1,0,18,19,3,7,0,0,1,0,0,0,0,1,1,6,6,1,-1,-1,-1,-1,-1,-1,-1,-1,0,-1
2021010287947,2021,010287947,2,1,0,18,19,5,1,0,0,1,0,0,0,0,1,1,2,2,1,46,8,-1,-1,-1,-1,3,E01003017,0,-1
2021340182095,2021,340182095,1,9,0,18,19,4,8,0,0,1,0,0,0,0,1,1,6,6,1,32,6,-1,-1,-1,-1,6,E01031207,0,-1
2021361122165,2021,361122165,1,9,0,18,19,7,3,0,0,0,0,0,0,0,1,1,5,6,1,27,6,-1,-1,-1,-1,7,E01026502,0,-1
2021302101390,2021,302101390,2,9,0,7,7,6,8,0,0,6,0,0,0,0,3,1,2,2,2,23,5,-1,-1,-1,-1,8,E01019875,0,-1
202106K079127,2021,06K079127,2,9,0,18,19,3,7,0,0,0,0,0,0,0,1,1,6,6,3,30,6,-1,-1,-1,-1,-1,-1,0,-1
20211383C0212,2021,1383C0212,1,1,0,15,15,7,5,0,0,0,0,0,0,0,3,1,1,1,1,14,3,-1,-1,-1,-1,8,E01011825,0,-1
2021010327886,2021,010327886,2,9,0,99,99,9,9,99,99,9,9,99,9,99,2,9,6,6,3,-1,-1,-1,-1,-1,-1,-1,-1,0,-1
2021440041248,2021,440041248,1,1,0,18,19,4,2,9,9,8,0,0,0,0,4,1,6,6,2,44,7,-1,-1,-1,-1,7,E01022823,0,-1
2021161064527,2021,161064527,1,1,0,9,9,3,7,0,0,1,0,0,0,0,3,1,6,6,1,19,4,-1,-1,-1,-1,1,E01012851,0,-1
2021010315026,2021,010315026,1,9,0,18,19,5,1,0,0,3,0,0,0,0,0,1,1,1,1,33,6,-1,-1,-1,-1,10,E01023647,0,-1
2021061107611,2021,061107611,1,9,0,18,19,5,1,0,0,1,0,0,0,0,1,1,6,6,3,30,6,-1,-1,-1,-1,-1,-1,0,-1
2021361077405,2021,361077405,2,1,0,9,9,7,5,0,0,1,0,0,0,0,1,1,6,6,1,49,8,-1,-1,-1,-1,3,E01026631,0,-1
2021471040033,2021,471040033,2,1,0,18,19,2,6,9,9,8,0,0,0,0,4,1,4,7,1,15,3,-1,-1,-1,-1,-1,-1,0,-1
202131C064721,2021,31C064721,2,1,0,18,19,6,2,5,5,8,0,0,0,0,1,1,2,2,1,25,5,-1,-1,-1,-1,3,E01013932,0,-1
2021201063887,2021,201063887,2,1,0,18,19,2,6,0,0,1,0,4,0,0,3,1,6,6,2,53,8,-1,-1,-1,-1,3,E01009660,0,-1
2021451043732,2021,451043732,2,90,0,10,10,1,3,0,0,6,0,0,0,0,1,1,6,6,3,30,6,-1,-1,-1,-1,-1,-1,0,-1
2021010314494,2021,010314494,2,1,0,18,19,7,3,0,0,0,0,10,0,0,3,1,6,6,2,31,6,-1,-1,-1,-1,5,E01002529,0,-1
2021440349705,2021,440349705,1,90,0,17,19,6,2,0,0,1,0,0,0,0,1,1,6,6,1,26,6,-1,-1,-1,-1,3,E01017051,0,-1
2021070706918,2021,070706918,1,9,0,18,19,4,8,0,0,2,0,0,0,0,2,1,6,6,2,65,9,-1,-1,-1,-1,-1,-1,0,-1
2021141038206,2021,141038206,2,1,0,11,11,1,5,0,0,0,0,0,0,0,2,1,5,6,2,39,7,-1,-1,-1,-1,6,E01008154,0,-1
2021461087938,2021,461087938,1,9,0,18,19,7,1,0,0,0,0,0,0,0,0,1,6,6,3,-1,-1,-1,-1,-1,-1,-1,-1,0,-1
2021010321243,2021,010321243,2,1,0,18,19,3,7,4,4,5,0,0,0,0,1,1,2,2,2,35,6,-1,-1,-1,-1,5,E01004466,0,-1
2021031136579,2021,031136579,2,9,0,18,19,7,3,0,0,2,0,0,0,0,2,1,2,2,1,-1,-1,-1,-1,-1,-1,4,E01019202,0,-1
2021531127370,2021,531127370,2,1,0,18,19,5,1,0,0,0,0,0,0,0,2,1,5,6,1,37,7,-1,-1,-1,-1,9,E01022436,0,-1
2021010294845,2021,010294845,2,9,0,99,99,9,9,99,99,9,9,99,9,99,1,9,6,6,3,-1,-1,-1,-1,-1,-1,5,E01001682,0,-1
2021010345824,2021,010345824,2,9,0,7,7,7,1,0,0,9,0,0,0,0,1,1,6,6,3,-1,-1,-1,-1,-1,-1,-1,-1,0,-1
2021461044111,2021,461044111,1,9,0,18,19,3,7,0,0,1,0,0,0,0,0,1,6,6,3,-1,-1,-1,-1,-1,-1,-1,-1,0,-1
2021461035237,2021,461035237,2,1,0,18,19,5,1,0,0,0,0,0,0,0,1,1,6,6,1,12,3,-1,-1,-1,-1,3,E01024524,0,-1
2021440489099,2021,440489099,1,1,0,9,9,7,4,0,0,8,0,0,0,0,4,1,6,6,1,72,10,-1,-1,-1,-1,4,E01017157,0,-1
2021010327673,2021,010327673,1,9,0,18,19,3,7,0,0,1,0,0,0,0,1,1,6,6,3,-1,-1,-1,-1,-1,-1,-1,-1,0,-1
2021052102577,2021,052102577,1,9,0,18,19,3,7,0,0,8,0,0,0,0,1,1,6,6,3,-1,-1,-1,-1,-1,-1,-1,-1,0,-1
2021302100149,2021,302100149,2,9,0,18,19,5,2,0,0,0,0,0,0,0,0,1,1,1,1,-1,-1,-1,-1,-1,-1,5,E01019456,0,-1
2021010317517,2021,010317517,2,3,0,18,19,5,1,0,0,2,5,0,0,0,1,1,2,2,1,18,4,-1,-1,-1,-1,4,E01002970,0,-1
2021131066655,2021,131066655,1,9,0,18,19,3,7,0,0,0,-1,-1,-1,-1,-1,1,6,6,3,-1,-1,-1,-1,-1,-1,-1,-1,0,-1
2021430577840,2021,430577840,1,19,0,18,19,4,8,0,0,0,0,0,0,0,4,1,6,6,1,-1,-1,-1,-1,-1,-1,8,E01016686,0,-1
2021170M11801,2021,170M11801,1,19,0,1,1,7,3,0,0,6,0,0,0,0,2,1,6,6,3,-1,-1,-1,-1,-1,-1,-1,-1,0,-1
2021161118473,2021,161118473,2,9,0,18,19,7,3,0,0,8,0,0,0,0,0,1,6,6,3,35,6,-1,-1,-1,-1,-1,-1,0,-1
2021061061645,2021,061061645,2,1,0,18,19,5,1,0,0,1,0,0,0,0,4,1,4,7,1,13,3,-1,-1,-1,-1,4,E01006242,0,-1
2021548517321,2021,548517321,1,1,0,18,19,1,5,0,0,6,0,0,0,0,1,1,2,2,1,19,4,-1,-1,-1,-1,4,E01015511,0,-1
2021010351430,2021,010351430,2,9,0,99,99,9,9,99,99,0,9,99,9,99,2,9,6,6,3,-1,-1,-1,-1,-1,-1,-1,-1,0,-1
2021101050366,2021,101050366,1,1,0,18,19,2,6,0,0,0,0,0,0,0,1,1,6,6,1,19,4,-1,-1,-1,-1,-1,-1,0,-1
202160Z142864,2021,60Z142864,1,9,0,5,5,7,3,0,0,1,0,0,0,0,1,1,6,6,2,43,7,-1,-1,-1,-1,-1,-1,0,-1
2021052101168,2021,052101168,2,1,0,18,19,2,6,0,0,8,0,0,0,0,3,1,6,6,2,39,7,-1,-1,-1,-1,3,E01012458,0,-1
2021302100280,2021,302100280,2,19,0,18,19,3,7,0,0,0,0,0,0,0,2,1,1,1,1,58,9,-1,-1,-1,-1,2,E01004847,0,-1
2021122101056,2021,122101056,1,1,0,18,19,7,3,0,0,0,0,0,0,0,3,1,6,6,1,82,11,-1,-1,-1,-1,7,E01027781,0,-1
2021010310677,2021,010310677,1,1,0,18,19,3,7,0,0,0,0,0,0,0,1,1,6,6,1,59,9,-1,-1,-1,-1,9,E01000350,0,-1
2021010330968,2021,010330968,2,9,0,99,99,9,9,99,99,9,9,99,9,99,9,9,6,6,3,-1,-1,-1,-1,-1,-1,-1,-1,0,-1
2021010294745,2021,010294745,2,9,0,17,19,1,5,0,0,1,0,0,0,0,1,2,6,6,1,30,6,-1,-1,-1,-1,6,E01002125,0,-1
2021041050719,2021,041050719,2,9,0,9,9,7,3,0,0,8,0,0,0,0,3,1,5,6,1,41,7,-1,-1,-1,-1,4,E01025554,0,-1
2021010304935,2021,010304935,2,9,0,99,99,9,9,99,99,9,9,99,9,99,1,9,6,6,3,-1,-1,-1,-1,-1,-1,3,E01002909,0,-1
2021061098407,2021,061098407,1,-1,0,18,19,5,1,0,0,0,0,0,0,0,0,1,6,6,3,20,4,-1,-1,-1,-1,-1,-1,0,-1
2021361027692,2021,361027692,1,1,0,9,9,3,1,0,0,1,0,0,0,0,3,1,5,6,1,22,5,-1,-1,-1,-1,4,E01026792,0,-1
2021332100906,2021,332100906,3,9,0,18,19,1,5,0,0,0,0,0,0,0,2,1,6,6,2,25,5,-1,-1,-1,-1,1,E01013487,0,-1
2021211065982,2021,211065982,1,9,0,9,9,5,3,0,0,1,0,0,0,0,1,1,1,1,1,31,6,-1,-1,-1,-1,9,E01029377,0,-1
2021101034620,2021,101034620,1,9,0,13,13,8,4,0,0,1,0,0,0,0,1,1,1,1,1,32,6,-1,-1,-1,-1,4,E01008468,0,-1
2021320459503,2021,320459503,2,22,0,18,19,4,8,9,9,1,0,0,0,0,1,1,6,6,2,40,7,-1,-1,-1,-1,2,E01026172,0,-1
2021231083051,2021,231083051,2,9,0,18,19,5,1,0,0,0,0,0,0,0,1,1,6,6,2,24,5,-1,-1,-1,-1,2,E01009592,0,-1
2021991081693,2021,991081693,2,1,0,18,19,7,5,0,0,1,0,0,0,0,1,1,6,6,1,50,8,-1,-1,-1,-1,8,-1,0,-1
2021501074180,2021,501074180,1,9,0,18,19,1,5,0,0,0,0,0,0,0,0,1,6,6,1,54,8,-1,-1,-1,-1,8,E01029276,0,-1
2021061046033,2021,061046033,1,9,0,18,19,1,5,0,0,1,0,0,0,0,1,1,6,6,3,17,4,-1,-1,-1,-1,-1,-1,0,-1
2021070659134,2021,070659134,2,1,0,18,19,3,7,0,0,1,0,10,1,11,3,1,2,2,1,53,8,-1,-1,-1,-1,1,E01018462,0,-1
2021010300088,2021,010300088,1,1,9,99,99,9,9,99,99,9,9,99,9,99,1,1,2,2,1,51,8,-1,-1,-1,-1,3,E01004397,0,-1
2021401128558,2021,401128558,1,9,0,18,19,4,8,0,0,0,0,0,0,0,1,1,6,6,3,-1,-1,-1,-1,-1,-1,-1,-1,0,-1
202163D071121,2021,63D071121,1,9,0,18,19,2,6,9,9,0,0,0,0,0,4,1,6,6,3,-1,-1,-1,-1,-1,-1,-1,-1,0,-1
2021122100688,2021,122100688,2,1,0,16,19,8,4,0,0,0,0,0,0,0,1,1,2,2,1,39,7,-1,-1,-1,-1,2,E01027580,0,-1
2021111075884,2021,111075884,1,90,0,18,19,2,6,0,0,1,0,0,0,0,1,1,6,6,1,45,7,-1,-1,-1,-1,-1,-1,0,-1
2021610017021,2021,610017021,1,9,0,10,10,8,3,0,0,6,0,0,0,0,4,1,6,6,1,77,11,-1,-1,-1,-1,-1,-1,0,-1
2021332100999,2021,332100999,2,9,0,13,13,6,2,0,0,0,5,0,1,9,4,1,2,2,1,51,8,-1,-1,-1,-1,8,E01025942,0,-1
2021010350733,2021,010350733,1,1,9,99,99,9,9,99,99,0,9,99,9,99,9,1,6,6,1,33,6,-1,-1,-1,-1,1,E01004464,0,-1
2021101032840,2021,101032840,2,1,0,18,19,7,3,0,0,8,1,0,0,0,1,1,5,6,1,79,11,-1,-1,-1,-1,1,E01008737,0,-1
2021401110133,2021,401110133,1,9,0,18,19,1,5,0,0,0,0,0,0,0,1,1,6,6,3,45,7,-1,-1,-1,-1,4,E01017521,0,-1
2021010313459,2021,010313459,2,1,0,18,19,3,7,0,0,1,0,0,0,0,1,1,6,6,1,45,7,-1,-1,-1,-1,-1,-1,0,-1
2021070215762,2021,070215762,2,16,0,3,3,5,1,0,0,0,0,0,0,0,0,1,6,6,2,36,7,-1,-1,-1,-1,8,E01018609,0,-1
2021122100936,2021,122100936,2,1,0,5,5,5,1,0,0,0,0,8,1,0,4,1,6,6,1,51,8,-1,-1,-1,-1,9,E01013407,0,-1
2021141069078,2021,141069078,2,98,0,18,19,5,1,0,0,0,0,11,0,0,0,1,6,6,3,-1,-1,-1,-1,-1,-1,-1,-1,0,-1
2021332100578,2021,332100578,1,3,0,6,6,3,3,0,0,1,0,0,0,0,3,1,2,2,1,18,4,-1,-1,-1,-1,6,E01025759,0,-1
2021010337558,2021,010337558,1,1,0,3,3,8,4,99,99,1,9,99,0,0,3,1,2,2,1,48,8,-1,-1,-1,-1,1,E01002783,0,-1
2021361021698,2021,361021698,2,1,0,18,19,7,3,0,0,0,0,0,0,0,2,1,5,6,1,17,4,-1,-1,-1,-1,6,E01026593,0,-1
2021010319588,2021,010319588,1,1,9,99,99,9,9,99,99,9,9,99,9,99,9,1,2,2,2,23,5,-1,-1,-1,-1,4,E01033579,0,-1
202163D008921,2021,63D008921,1,9,0,18,19,2,6,0,0,0,1,0,7,9,1,1,6,6,2,50,8,-1,-1,-1,-1,7,W01000501,0,-1
2021141126971,2021,141126971,1,9,0,18,19,5,1,0,0,0,0,0,0,0,1,1,6,6,3,30,6,-1,-1,-1,-1,-1,-1,0,-1
2021461030533,2021,461030533,1,19,0,18,19,1,5,0,0,0,0,0,0,0,1,1,6,6,1,42,7,-1,-1,-1,-1,10,E01030839,0,-1
2021131085407,2021,131085407,1,1,0,18,19,5,1,0,0,8,0,0,0,0,1,1,5,6,1,15,3,-1,-1,-1,-1,1,E01010622,0,-1
2021440232867,2021,440232867,2,3,0,18,19,1,5,0,0,8,0,0,0,0,1,1,6,6,1,57,9,-1,-1,-1,-1,3,E01022901,0,-1
2021010308423,2021,010308423,1,97,9,99,99,9,9,99,99,9,9,99,9,99,2,1,6,6,3,-1,-1,-1,-1,-1,-1,-1,-1,0,-1
2021451076899,2021,451076899,1,1,0,18,19,7,3,0,0,8,0,0,0,0,1,1,5,6,1,58,9,-1,-1,-1,-1,8,E01030359,0,-1
2021332100103,2021,332100103,2,1,0,18,19,2,6,0,0,1,0,0,0,0,1,1,6,6,1,31,6,-1,-1,-1,-1,1,E01013600,0,-1
2021332101513,2021,332101513,1,19,0,18,19,5,1,0,0,0,0,0,0,0,0,1,6,6,1,44,7,-1,-1,-1,-1,-1,-1,0,-1
2021461047627,2021,461047627,1,21,0,7,7,6,1,0,0,3,0,0,0,0,3,1,1,1,1,53,8,-1,-1,-1,-1,-1,-1,0,-1
2021440339821,2021,440339821,1,9,0,18,19,7,3,0,0,8,0,0,0,0,1,1,6,6,3,-1,-1,-1,-1,-1,-1,-1,-1,0,-1
2021320319105,2021,320319105,1,9,0,18,19,3,7,0,0,0,0,0,7,9,1,1,6,6,2,56,9,-1,-1,-1,-1,1,E01018103,0,-1
2021332100070,2021,332100070,1,19,0,18,19,3,7,0,0,0,0,0,0,0,1,1,6,6,1,46,8,-1,-1,-1,-1,8,E01025837,0,-1
2021610064421,2021,610064421,1,9,0,5,5,3,6,0,0,8,0,0,0,0,1,1,6,6,1,-1,-1,-1,-1,-1,-1,-1,-1,0,-1
2021201064399,2021,201064399,2,1,0,18,19,7,3,0,0,8,0,0,0,0,4,1,1,1,1,49,8,-1,-1,-1,-1,2,E01032481,0,-1
2021501040182,2021,501040182,1,2,0,18,19,7,3,0,0,0,0,0,0,0,0,1,6,6,3,-1,-1,-1,-1,-1,-1,-1,-1,0,-1
2021141066414,2021,141066414,1,1,0,9,9,7,2,0,0,1,0,0,0,0,1,1,6,6,1,30,6,-1,-1,-1,-1,9,E01008069,0,-1
2021041104283,2021,041104283,1,1,0,18,19,1,5,0,0,0,0,0,0,0,1,1,5,6,1,13,3,-1,-1,-1,-1,-1,-1,0,-1
2021471095960,2021,471095960,2,90,0,9,9,1,6,0,0,5,0,0,0,0,0,1,6,6,1,24,5,-1,-1,-1,-1,6,E01016970,0,-1
2021041081316,2021,041081316,2,1,0,5,5,1,1,0,0,0,0,0,0,0,1,1,5,6,1,24,5,-1,-1,-1,-1,7,E01007098,0,-1
2021052101125,2021,052101125,1,9,0,2,2,0,0,0,0,0,0,0,0,0,3,1,6,6,3,-1,-1,-1,-1,-1,-1,-1,-1,0,-1
2021522100284,2021,522100284,1,9,0,18,19,4,8,0,0,1,0,0,0,0,4,1,6,6,2,70,10,-1,-1,-1,-1,-1,-1,0,-1
2021010287223,2021,010287223,2,9,0,9,9,1,6,0,0,8,0,0,0,0,0,1,6,6,3,-1,-1,-1,-1,-1,-1,-1,-1,0,-1
2021430306555,2021,430306555,1,9,0,18,19,3,7,0,0,0,0,0,0,0,1,1,6,6,3,-1,-1,-1,-1,-1,-1,-1,-1,0,-1
2021052101149,2021,052101149,1,9,0,7,7,3,5,0,0,6,0,0,0,0,1,1,6,6,1,63,9,-1,-1,-1,-1,2,E01006565,0,-1
2021461064974,2021,461064974,1,23,0,18,19,-1,-1,0,0,1,0,0,0,0,1,1,6,6,1,-1,-1,-1,-1,-1,-1,-1,-1,0,-1
2021010319068,2021,010319068,1,1,9,99,99,9,9,99,99,9,9,99,9,99,2,1,2,2,1,35,6,-1,-1,-1,-1,4,E01001197,0,-1
2021231027154,2021,231027154,2,9,0,6,6,8,8,7,6,0,5,0,0,0,3,1,5,6,1,43,7,-1,-1,-1,-1,9,E01029865,0,-1
2021430169017,2021,430169017,1,9,0,18,19,5,2,0,0,0,0,0,0,0,1,1,6,6,2,37,7,-1,-1,-1,-1,8,E01017695,0,-1
2021201117686,2021,201117686,1,9,0,18,19,6,2,0,0,1,0,0,0,0,1,1,6,6,1,50,8,-1,-1,-1,-1,-1,-1,0,-1
2021471100995,2021,471100995,2,1,0,4,4,4,8,0,0,8,0,0,0,0,4,1,6,6,1,69,10,-1,-1,-1,-1,10,E01031749,0,-1
2021302100133,2021,302100133,2,98,1,18,19,4,2,0,0,8,0,0,0,0,0,1,6,6,3,-1,-1,-1,-1,-1,-1,5,E01019456,0,-1
2021411024978,2021,411024978,2,9,0,18,19,8,4,0,0,0,0,0,0,0,2,1,1,1,1,46,8,-1,-1,-1,-1,7,E01002222,0,-1
2021141098350,2021,141098350,1,9,0,18,19,1,5,0,0,0,0,0,0,0,4,1,6,6,2,-1,-1,-1,-1,-1,-1,-1,-1,0,-1
2021161045747,2021,161045747,2,1,0,18,19,6,3,2,2,8,0,0,0,0,2,1,2,2,1,49,8,-1,-1,-1,-1,3,E01012860,0,-1
2021010297532,2021,010297532,2,9,0,2,2,0,0,0,0,0,0,0,0,0,4,1,6,6,3,-1,-1,-1,-1,-1,-1,-1,-1,0,-1
2021161062897,2021,161062897,1,90,0,1,1,7,3,0,0,0,0,0,0,0,2,1,1,1,1,34,6,-1,-1,-1,-1,1,E01012946,0,-1
2021520104387,2021,520104387,1,9,0,18,19,2,6,0,0,1,0,0,0,0,1,1,6,6,3,-1,-1,-1,-1,-1,-1,-1,-1,0,-1
2021122100715,2021,122100715,1,9,0,9,9,1,5,0,0,1,0,0,7,0,2,1,6,6,1,34,6,-1,-1,-1,-1,5,E01027798,0,-1
2021061026913,2021,061026913,4,90,0,3,3,4,2,0,0,0,0,0,0,0,2,1,6,6,3,30,6,-1,-1,-1,-1,-1,-1,0,-1
2021440359078,2021,440359078,1,1,0,10,10,4,2,0,0,8,0,0,0,0,4,1,6,6,1,23,5,-1,-1,-1,-1,3,E01017267,0,-1
2021221061910,2021,221061910,2,1,0,18,19,5,1,0,0,0,0,0,0,0,3,1,5,6,1,59,9,-1,-1,-1,-1,10,E01032363,0,-1
202163B085021,2021,63B085021,1,1,0,18,19,1,5,0,0,0,0,0,0,0,3,1,6,6,1,20,4,-1,-1,-1,-1,-1,-1,0,-1
2021010339773,2021,010339773,1,1,9,99,99,9,9,99,99,9,9,99,9,99,9,1,1,1,1,53,8,-1,-1,-1,-1,4,E01003053,0,-1
2021201102899,2021,201102899,2,1,0,18,19,4,8,0,0,0,0,0,0,0,4,1,2,2,3,34,6,-1,-1,-1,-1,3,E01008895,0,-1
2021430409666,2021,430409666,1,-1,0,18,19,1,5,0,0,0,0,0,0,0,3,1,6,6,1,47,8,-1,-1,-1,-1,-1,-1,1,-1
2021411042571,2021,411042571,2,9,0,3,3,5,4,0,0,1,0,0,0,0,2,1,5,6,2,61,9,-1,-1,-1,-1,6,E01023746,0,-1
2021991116843,2021,991116843,1,1,0,4,4,1,5,0,0,1,1,0,0,0,1,1,6,6,1,50,8,-1,-1,-1,-1,1,-1,0,-1
2021481132977,2021,481132977,1,9,0,18,19,3,7,0,0,0,0,0,0,0,1,1,6,6,1,40,7,-1,-1,-1,-1,-1,-1,0,-1
2021361100760,2021,361100760,2,1,0,18,19,6,2,0,0,0,5,0,0,0,2,1,6,6,1,11,3,-1,-1,-1,-1,5,E01026423,0,-1
2021471082087,2021,471082087,1,17,0,1,1,1,3,6,6,0,5,0,0,0,4,2,5,6,1,37,7,-1,-1,-1,-1,7,E01031508,0,-1
2021010336383,2021,010336383,2,1,0,16,19,1,5,0,0,1,0,0,0,0,0,1,6,6,1,38,7,-1,-1,-1,-1,4,E01001945,0,-1
2021332101009,2021,332101009,1,9,0,5,5,3,7,0,0,6,0,0,0,0,3,1,2,2,1,34,6,-1,-1,-1,-1,3,E01025718,0,-1
2021401130511,2021,401130511,1,9,0,18,19,-1,-1,0,0,0,0,0,0,0,1,1,6,6,1,-1,-1,-1,-1,-1,-1,-1,-1,0,-1
2021522200263,2021,522200263,2,9,0,18,19,7,3,0,0,1,0,0,0,0,3,1,6,6,1,47,8,-1,-1,-1,-1,1,E01014516,0,-1
2021010304853,2021,010304853,2,-1,0,18,19,1,5,0,0,1,0,0,0,0,1,1,1,1,2,21,5,-1,-1,-1,-1,5,E01003139,1,-1
2021010336266,2021,010336266,1,1,9,99,99,9,9,99,99,9,9,99,9,99,9,1,1,1,1,51,8,-1,-1,-1,-1,3,E01004006,0,-1
2021610011821,2021,610011821,2,9,0,4,4,5,1,0,0,0,0,0,0,0,1,1,6,6,1,-1,-1,-1,-1,-1,-1,-1,-1,0,-1
2021471089661,2021,471089661,2,1,0,18,19,1,5,4,4,8,0,0,0,0,1,1,6,6,1,39,7,-1,-1,-1,-1,9,E01031496,0,-1
202160Z057006,2021,60Z057006,1,9,0,18,19,3,7,0,0,0,0,0,0,0,4,1,6,6,2,27,6,-1,-1,-1,-1,-1,-1,0,-1
2021010327984,2021,010327984,1,9,0,11,11,8,4,0,0,6,0,0,0,0,1,1,6,6,3,-1,-1,-1,-1,-1,-1,-1,-1,0,-1
2021010347070,2021,010347070,2,1,9,99,99,9,9,99,99,9,9,99,9,99,1,1,6,6,3,-1,-1,-1,-1,-1,-1,-1,-1,0,-1
202134NNC9051,2021,34NNC9051,1,1,0,18,19,5,1,0,0,6,2,0,0,0,1,1,6,6,1,55,8,-1,-1,-1,-1,-1,-1,0,-1
202160Z142339,2021,60Z142339,1,9,0,16,19,6,1,0,0,0,0,0,0,0,1,1,6,6,1,65,9,-1,-1,-1,-1,-1,-1,0,-1
2021010340015,2021,010340015,1,1,9,99,99,9,9,99,99,9,9,99,9,99,0,1,6,6,2,63,9,-1,-1,-1,-1,8,E01004072,0,-1
2021010317872,2021,010317872,2,9,0,99,99,9,9,99,99,1,9,99,9,99,2,9,6,6,3,-1,-1,-1,-1,-1,-1,1,E01004670,0,-1
2021351074079,2021,351074079,2,9,-1,18,19,3,7,0,0,1,0,0,0,0,1,1,6,6,3,40,7,-1,-1,-1,-1,-1,-1,0,-1
2021010290825,2021,010290825,2,1,0,18,19,5,1,5,5,0,0,0,0,0,0,1,2,2,1,47,8,-1,-1,-1,-1,5,E01002004,0,-1
2021211090253,2021,211090253,1,9,0,18,19,3,3,0,0,6,0,0,0,0,1,2,1,1,1,35,6,-1,-1,-1,-1,8,E01032865,0,-1
2021520105610,2021,520105610,2,1,0,7,7,2,4,0,0,2,0,0,0,0,1,1,6,6,1,56,9,-1,-1,-1,-1,10,E01029083,0,-1
2021991048919,2021,991048919,2,1,0,5,5,1,5,0,0,0,0,0,0,0,1,1,6,6,1,63,9,-1,-1,-1,-1,8,-1,0,-1
2021440136589,2021,440136589,2,19,0,13,13,4,8,0,0,8,0,0,0,0,1,1,1,1,1,54,8,-1,-1,-1,-1,8,E01022975,0,-1
2021371062165,2021,371062165,1,1,0,18,19,1,5,0,0,2,5,0,0,0,1,1,5,6,1,33,6,-1,-1,-1,-1,1,E01033130,0,-1
2021302100173,2021,302100173,2,1,0,18,19,4,8,0,0,1,0,0,0,0,1,1,6,6,1,59,9,-1,-1,-1,-1,9,E01033531,0,-1
2021430519910,2021,430519910,1,9,0,18,19,6,2,0,0,8,0,0,0,0,1,1,6,6,3,-1,-1,-1,-1,-1,-1,-1,-1,0,-1
2021332100528,2021,332100528,1,9,0,16,19,2,5,0,0,1,1,0,8,11,1,1,6,6,1,20,4,-1,-1,-1,-1,5,E01025629,0,-1
2021041115588,2021,041115588,1,9,0,7,7,3,7,0,0,3,0,0,7,0,4,1,6,6,3,-1,-1,-1,-1,-1,-1,-1,-1,0,-1
2021010348400,2021,010348400,1,1,9,99,99,9,9,99,99,2,9,99,9,99,1,1,6,6,2,30,6,-1,-1,-1,-1,5,E01003019,0,-1
2021201133397,2021,201133397,2,1,0,18,19,3,7,0,0,1,0,0,0,0,2,1,6,6,1,16,4,-1,-1,-1,-1,1,E01009951,0,-1
2021531042167,2021,531042167,1,19,0,18,19,-1,-1,0,0,1,0,0,0,0,1,1,6,6,1,-1,-1,-1,-1,-1,-1,-1,-1,0,-1
2021131048088,2021,131048088,1,97,0,13,13,5,1,0,0,8,2,0,0,0,1,1,6,6,1,21,5,-1,-1,-1,-1,2,E01010916,0,-1