collision_index,collision_year,collision_ref_no,vehicle_reference,vehicle_type,towing_and_articulation,vehicle_manoeuvre_historic,vehicle_manoeuvre,vehicle_direction_from,vehicle_direction_to,vehicle_location_restricted_lane_historic,vehicle_location_restricted_lane,junction_location,skidding_and_overturning,hit_object_in_carriageway,vehicle_leaving_carriageway,hit_object_off_carriageway,first_point_of_impact,vehicle_left_hand_drive,journey_purpose_of_driver_historic,journey_purpose_of_driver,sex_of_driver,age_of_driver,age_band_of_driver,engine_capacity_cc,propulsion_code,age_of_vehicle,generic_make_model,driver_imd_decile,lsoa_of_driver,escooter_flag,driver_distance_banding
2021161029684,2021,161029684,1,3,-1,18,19,5,1,0,0,0,0,0,0,0,-1,1,6,6,3,-1,-1,-1,-1,-1,-1,-1,-1,0,-1
2021010344596,2021,010344596,2,9,0,99,99,9,9,99,99,9,9,99,9,99,9,9,6,6,3,-1,-1,-1,-1,-1,-1,-1,-1,0,-1
2021010309948,2021,010309948,2,1,9,99,99,9,9,99,99,9,9,99,9,99,9,1,6,6,1,44,7,-1,-1,-1,-1,2,E01033586,0,-1
2021302101259,2021,302101259,1,9,0,18,19,2,4,0,0,1,0,0,0,0,1,1,6,6,3,-1,-1,-1,-1,-1,-1,5,E01019456,0,-1
2021622100935,2021,622100935,1,20,0,9,9,7,5,0,0,5,0,0,0,0,1,1,1,1,1,22,5,-1,-1,-1,-1,1,W01001203,0,-1
2021041082581,2021,041082581,1,9,0,18,19,7,3,0,0,1,0,0,0,0,1,1,6,6,1,39,7,-1,-1,-1,-1,1,E01024885,0,-1
2021461052674,2021,461052674,1,9,0,3,3,8,4,0,0,0,0,0,0,0,2,1,1,1,1,22,5,-1,-1,-1,-1,9,E01024159,0,-1
202131C083021,2021,31C083021,2,1,0,18,19,4,8,0,0,6,0,0,0,0,1,1,6,6,1,13,3,-1,-1,-1,-1,4,E01013889,0,-1
2021430263123,2021,430263123,1,9,0,18,19,6,2,0,0,8,0,0,0,0,1,1,6,6,1,24,5,-1,-1,-1,-1,6,E01016574,0,-1
2021010305879,2021,010305879,2,9,0,99,99,9,9,99,99,9,9,99,9,99,1,9,6,6,3,-1,-1,-1,-1,-1,-1,2,E01001893,0,-1
2021461053978,2021,461053978,1,9,0,18,19,1,5,0,0,0,0,0,0,0,0,1,6,6,3,-1,-1,-1,-1,-1,-1,-1,-1,0,-1
2021010307246,2021,010307246,1,1,9,99,99,9,9,99,99,0,9,99,9,99,9,1,2,2,1,37,7,-1,-1,-1,-1,7,E01003677,0,-1
202163A057721,2021,63A057721,1,9,0,18,19,6,7,0,0,1,0,0,0,0,1,1,6,6,1,29,6,-1,-1,-1,-1,3,W01000633,0,-1
2021010302936,2021,010302936,2,1,0,15,15,4,8,0,0,8,0,0,0,0,3,1,2,2,1,64,9,-1,-1,-1,-1,3,E01001981,0,-1
2021430125351,2021,430125351,1,9,0,7,7,5,7,4,4,5,0,0,0,0,1,1,1,1,2,23,5,-1,-1,-1,-1,10,E01028461,0,-1
2021440024907,2021,440024907,1,9,0,2,2,0,0,0,0,0,0,0,0,0,2,1,2,2,1,18,4,-1,-1,-1,-1,6,E01022880,0,-1
2021231057132,2021,231057132,2,9,0,18,19,4,8,0,0,0,0,0,0,0,2,1,5,6,3,40,7,-1,-1,-1,-1,-1,-1,0,-1
2021332100959,2021,332100959,1,9,0,9,9,7,5,0,0,6,0,0,0,0,1,1,2,2,1,24,5,-1,-1,-1,-1,1,E01013746,0,-1
2021610019421,2021,610019421,1,9,0,18,19,7,3,8,6,0,0,0,0,4,4,1,1,1,2,28,6,-1,-1,-1,-1,-1,-1,0,-1
2021010328769,2021,010328769,2,9,0,18,19,3,7,0,0,0,0,0,0,0,1,1,6,6,2,25,5,-1,-1,-1,-1,6,E01003398,0,-1
2021411022745,2021,411022745,2,1,0,18,19,8,4,0,0,0,5,0,0,0,2,1,5,6,1,55,8,-1,-1,-1,-1,10,E01023559,0,-1
2021161018853,2021,161018853,2,9,0,9,9,8,6,0,0,1,0,0,0,0,3,2,1,1,1,57,9,-1,-1,-1,-1,-1,-1,0,-1
2021552100225,2021,552100225,2,1,0,17,19,4,2,0,0,8,0,0,0,0,4,1,6,6,2,33,6,-1,-1,-1,-1,6,E01020534,0,-1
202160Z118542,2021,60Z118542,2,17,0,4,4,6,2,0,0,0,1,0,0,0,0,1,1,1,1,66,10,-1,-1,-1,-1,-1,-1,0,-1
2021131059716,2021,131059716,2,1,0,18,19,7,3,9,9,8,0,0,0,0,1,1,5,6,1,25,5,-1,-1,-1,-1,2,E01011082,0,-1
2021461109354,2021,461109354,2,1,0,18,19,5,1,0,0,3,0,0,0,0,1,1,6,6,1,67,10,-1,-1,-1,-1,7,E01024522,0,-1
2021461093140,2021,461093140,1,9,0,18,19,5,1,0,0,1,0,0,0,0,1,1,5,6,1,22,5,-1,-1,-1,-1,5,E01024227,0,-1
2021332100894,2021,332100894,1,9,0,17,19,7,4,0,0,0,0,0,1,9,1,1,6,6,1,34,6,-1,-1,-1,-1,3,E01013629,0,-1
2021411088000,2021,411088000,2,-1,0,18,19,5,1,0,0,0,0,0,0,0,1,1,5,6,1,24,5,-1,-1,-1,-1,1,E01023844,1,-1
2021991066312,2021,991066312,2,1,0,18,19,8,5,0,0,8,0,0,0,0,3,1,6,6,1,30,6,-1,-1,-1,-1,3,-1,0,-1
2021010318929,2021,010318929,2,1,0,17,19,3,8,0,0,1,0,0,0,0,1,1,6,6,1,68,10,-1,-1,-1,-1,5,E01001632,0,-1
202160Z006832,2021,60Z006832,2,9,0,7,7,4,6,0,0,8,0,0,0,0,1,1,6,6,1,56,9,-1,-1,-1,-1,-1,-1,0,-1
2021471048533,2021,471048533,2,1,0,18,19,2,6,4,4,1,0,0,0,0,1,1,6,6,1,25,5,-1,-1,-1,-1,3,E01016907,0,-1
202134NNC7071,2021,34NNC7071,1,19,0,18,19,5,1,0,0,1,0,0,0,0,1,1,2,2,1,32,6,-1,-1,-1,-1,8,E01027344,0,-1
2021430050499,2021,430050499,2,1,0,18,19,2,6,0,0,8,0,0,0,0,1,1,6,6,1,46,8,-1,-1,-1,-1,8,E01028704,0,-1
2021520103330,2021,520103330,2,90,0,4,4,6,2,0,0,0,0,0,0,0,1,1,6,6,1,40,7,-1,-1,-1,-1,-1,-1,0,-1
2021461107623,2021,461107623,2,1,0,18,19,3,7,0,0,8,0,0,0,0,1,1,6,6,1,-1,-1,-1,-1,-1,-1,5,E01024356,0,-1
2021010297498,2021,010297498,2,10,9,99,99,9,9,99,99,9,9,99,9,99,9,9,6,6,1,54,8,-1,-1,-1,-1,6,E01027306,0,-1
2021520101537,2021,520101537,1,9,0,18,19,2,6,0,0,0,0,0,0,0,4,1,6,6,3,30,6,-1,-1,-1,-1,-1,-1,0,-1
2021522103473,2021,522103473,2,1,0,18,19,4,8,0,0,6,0,0,0,0,1,1,6,6,1,29,6,-1,-1,-1,-1,-1,-1,0,-1
2021010298938,2021,010298938,1,1,9,99,99,9,9,99,99,0,9,99,9,99,9,1,6,6,2,58,9,-1,-1,-1,-1,4,E01003074,0,-1
2021522105573,2021,522105573,1,9,0,18,19,6,2,0,0,0,0,0,0,0,4,1,6,6,1,35,6,-1,-1,-1,-1,7,E01029055,0,-1
2021010304440,2021,010304440,1,1,9,99,99,9,9,99,99,9,9,99,9,99,9,1,6,6,1,33,6,-1,-1,-1,-1,4,E01003186,0,-1
2021522105930,2021,522105930,2,9,0,18,19,3,7,0,0,2,0,0,0,0,1,1,6,6,2,30,6,-1,-1,-1,-1,-1,-1,0,-1
2021991033859,2021,991033859,1,19,0,1,1,8,4,0,0,0,0,0,0,0,2,1,1,1,1,42,7,-1,-1,-1,-1,8,-1,0,-1
202160Z153952,2021,60Z153952,1,21,0,18,19,8,4,0,0,2,5,0,1,7,1,1,1,1,1,51,8,-1,-1,-1,-1,-1,-1,0,-1
2021332100941,2021,332100941,2,9,0,18,19,6,2,0,0,0,0,0,0,0,3,1,6,6,1,64,9,-1,-1,-1,-1,7,E01025911,0,-1
2021201149831,2021,201149831,3,1,0,18,19,1,5,9,9,0,0,0,0,0,1,1,6,6,2,15,3,-1,-1,-1,-1,1,E01008978,0,-1
2021544778321,2021,544778321,2,9,0,18,19,2,8,0,0,8,0,0,0,0,0,1,6,6,3,30,6,-1,-1,-1,-1,-1,-1,0,-1
2021010344798,2021,010344798,1,11,0,5,5,1,5,2,2,0,0,0,0,0,0,1,6,6,3,-1,-1,-1,-1,-1,-1,-1,-1,0,-1
2021991042047,2021,991042047,1,9,0,5,5,8,4,0,0,6,0,0,0,0,4,1,2,2,1,35,6,-1,-1,-1,-1,6,-1,0,-1
2021070799965,2021,070799965,2,3,0,17,19,8,4,0,0,0,5,0,0,0,0,1,2,2,1,32,6,-1,-1,-1,-1,1,E01012396,0,-1
2021010301660,2021,010301660,1,1,9,99,99,9,9,99,99,9,9,99,9,99,1,1,6,6,1,24,5,-1,-1,-1,-1,6,E01004529,0,-1
2021010309771,2021,010309771,2,1,9,99,99,9,9,0,0,1,9,0,9,99,9,1,6,6,2,26,6,-1,-1,-1,-1,3,E01003250,0,-1
2021161136071,2021,161136071,1,1,0,4,4,2,6,0,0,1,0,0,0,0,1,1,6,6,1,32,6,-1,-1,-1,-1,1,E01012789,0,-1
2021552100717,2021,552100717,2,98,0,4,4,3,7,0,0,0,0,0,0,0,2,1,6,6,3,-1,-1,-1,-1,-1,-1,-1,-1,0,-1
2021531054362,2021,531054362,2,90,0,18,19,3,7,0,0,8,0,0,0,0,4,1,1,1,1,29,6,-1,-1,-1,-1,-1,-1,0,-1
2021201076262,2021,201076262,2,9,0,18,19,6,2,0,0,4,0,0,0,0,1,1,6,6,2,-1,-1,-1,-1,-1,-1,-1,-1,0,-1
2021141072195,2021,141072195,1,23,0,18,19,3,7,0,0,0,5,10,1,0,1,1,6,6,1,22,5,-1,-1,-1,-1,5,E01008105,0,-1
2021440029665,2021,440029665,1,9,0,9,9,8,6,0,0,8,0,0,0,0,4,1,6,6,3,-1,-1,-1,-1,-1,-1,-1,-1,0,-1
2021052100226,2021,052100226,1,9,0,18,19,9,9,0,0,8,0,0,0,0,1,1,6,6,2,-1,-1,-1,-1,-1,-1,-1,-1,0,-1
2021161054644,2021,161054644,1,1,0,18,19,3,7,0,0,1,0,0,0,0,1,1,5,6,2,19,4,-1,-1,-1,-1,4,E01012870,0,-1
2021010292653,2021,010292653,2,9,0,99,99,9,9,99,99,9,9,99,9,99,9,9,6,6,3,-1,-1,-1,-1,-1,-1,-1,-1,0,-1
2021401048875,2021,401048875,1,9,-1,9,9,7,4,0,0,6,0,0,0,0,1,1,3,7,2,45,7,-1,-1,-1,-1,-1,-1,0,-1
2021010310142,2021,010310142,2,1,0,18,19,3,7,0,0,8,5,0,0,0,3,1,1,1,1,23,5,-1,-1,-1,-1,2,E01003546,0,-1
2021421031214,2021,421031214,2,1,0,18,19,5,1,0,0,8,0,0,0,0,0,1,5,6,1,29,6,-1,-1,-1,-1,7,E01015955,0,-1
2021010311893,2021,010311893,2,1,0,18,19,8,4,0,0,1,0,0,0,0,1,1,6,6,1,28,6,-1,-1,-1,-1,9,E01003360,0,-1
2021041027818,2021,041027818,1,9,0,18,19,1,5,0,0,0,0,0,0,0,4,1,6,6,3,-1,-1,-1,-1,-1,-1,-1,-1,0,-1
202131D014321,2021,31D014321,2,1,0,18,19,6,2,0,0,8,0,0,0,0,4,1,6,6,1,24,5,-1,-1,-1,-1,1,E01013817,0,-1
2021430181889,2021,430181889,2,3,0,18,19,4,8,0,0,8,0,0,0,0,1,1,6,6,1,34,6,-1,-1,-1,-1,3,E01016475,0,-1
2021451040299,2021,451040299,1,9,0,18,19,1,5,9,9,0,0,10,1,1,1,1,5,6,1,67,10,-1,-1,-1,-1,9,E01030785,0,-1
2021201111533,2021,201111533,1,9,0,12,12,6,2,0,0,0,0,0,0,0,1,1,6,6,3,-1,-1,-1,-1,-1,-1,-1,-1,0,-1
2021010323102,2021,010323102,2,9,0,18,19,3,7,0,0,4,0,0,0,0,4,1,6,6,3,-1,-1,-1,-1,-1,-1,-1,-1,0,-1
2021061116857,2021,061116857,4,19,0,17,19,8,4,0,0,1,0,0,0,0,-1,1,6,6,1,-1,-1,-1,-1,-1,-1,-1,-1,0,-1
2021141037849,2021,141037849,2,11,0,9,9,7,3,0,0,8,0,0,0,0,1,1,1,1,1,59,9,-1,-1,-1,-1,7,E01028658,0,-1
2021170H11201,2021,170H11201,1,9,0,7,7,5,7,0,0,6,0,0,0,0,1,1,6,6,3,-1,-1,-1,-1,-1,-1,-1,-1,0,-1
2021010306903,2021,010306903,2,1,0,9,9,1,6,0,0,5,0,0,0,0,2,1,2,2,1,57,9,-1,-1,-1,-1,7,E01000983,0,-1
2021461102952,2021,461102952,1,21,0,9,9,7,3,0,0,0,0,0,0,0,0,1,1,1,1,30,6,-1,-1,-1,-1,-1,-1,0,-1
2021010305003,2021,010305003,1,-1,0,99,99,9,9,99,99,9,9,99,9,99,9,9,6,6,2,29,6,-1,-1,-1,-1,3,E01004677,1,-1
2021540115221,2021,540115221,2,9,0,18,19,6,2,0,0,0,0,0,0,0,2,1,6,6,1,27,6,-1,-1,-1,-1,9,E01030446,0,-1
2021101076425,2021,101076425,2,1,0,18,19,5,1,4,4,8,0,0,0,0,0,1,5,6,2,23,5,-1,-1,-1,-1,10,E01033550,0,-1
2021010345262,2021,010345262,1,9,0,18,19,7,3,0,0,0,0,0,0,0,1,1,6,6,3,-1,-1,-1,-1,-1,-1,-1,-1,0,-1
2021010300827,2021,010300827,2,11,0,18,19,3,7,0,0,8,0,0,0,0,1,1,1,1,1,39,7,-1,-1,-1,-1,9,E01000363,0,-1
2021610025621,2021,610025621,1,9,0,12,12,3,7,0,0,0,0,0,0,7,2,1,1,1,1,43,7,-1,-1,-1,-1,-1,-1,0,-1
2021010311819,2021,010311819,2,9,0,99,99,9,9,99,99,9,9,99,9,99,9,9,6,6,3,-1,-1,-1,-1,-1,-1,-1,-1,0,-1
2021332100609,2021,332100609,2,9,0,9,9,2,8,0,0,5,0,0,0,0,1,1,6,6,2,19,4,-1,-1,-1,-1,4,E01013618,0,-1
2021010308736,2021,010308736,2,1,9,99,99,9,9,99,99,9,9,99,9,99,1,1,6,6,1,-1,-1,-1,-1,-1,-1,-1,-1,0,-1
2021221035213,2021,221035213,2,3,0,14,14,8,4,0,0,8,0,0,0,0,1,1,5,6,1,19,4,-1,-1,-1,-1,1,E01032318,0,-1
2021351089822,2021,351089822,2,1,0,9,9,7,5,0,0,4,0,0,0,0,1,1,6,6,2,62,9,-1,-1,-1,-1,2,E01015660,0,-1
2021010325565,2021,010325565,1,1,0,18,19,3,7,4,4,1,0,0,0,0,1,1,6,6,1,35,6,-1,-1,-1,-1,7,E01003834,0,-1
2021421119217,2021,421119217,2,19,0,3,3,5,1,0,0,1,0,0,0,0,2,1,6,6,2,30,6,-1,-1,-1,-1,-1,-1,0,-1
2021010319419,2021,010319419,2,9,9,99,99,9,9,99,99,9,9,99,9,99,9,9,6,6,3,-1,-1,-1,-1,-1,-1,2,E01002799,0,-1
2021440411268,2021,440411268,1,9,0,18,19,3,7,0,0,1,0,0,0,0,1,1,6,6,2,52,8,-1,-1,-1,-1,7,E01017344,0,-1
2021471025402,2021,471025402,2,1,0,18,19,2,7,0,0,1,0,0,0,0,4,1,2,2,1,34,6,-1,-1,-1,-1,8,E01031814,0,-1
2021010295695,2021,010295695,2,9,0,5,5,1,5,0,0,0,0,0,0,0,3,1,6,6,1,51,8,-1,-1,-1,-1,-1,-1,0,-1
2021010300928,2021,010300928,1,1,9,99,99,9,9,99,99,0,9,99,9,99,9,1,2,2,1,-1,-1,-1,-1,-1,-1,1,E01004035,0,-1
202160Z018279,2021,60Z018279,1,2,0,4,4,1,5,0,0,0,0,0,1,11,1,1,6,6,1,52,8,-1,-1,-1,-1,-1,-1,0,-1
2021201042761,2021,201042761,2,98,0,18,19,1,6,0,0,0,0,0,0,0,2,1,6,6,3,-1,-1,-1,-1,-1,-1,-1,-1,0,-1
2021061078565,2021,061078565,2,9,0,14,14,4,8,0,0,0,0,0,0,0,3,1,5,6,1,30,6,-1,-1,-1,-1,-1,-1,0,-1
2021332101583,2021,332101583,2,97,0,18,19,3,7,0,0,8,0,0,0,0,1,1,6,6,1,18,4,-1,-1,-1,-1,-1,-1,0,-1
202134WNC3691,2021,34WNC3691,1,9,0,18,19,3,7,0,0,2,0,0,0,0,1,1,6,6,2,50,8,-1,-1,-1,-1,-1,-1,0,-1
2021211054027,2021,211054027,4,19,0,2,2,2,2,0,0,0,0,0,0,0,0,1,6,6,3,-1,-1,-1,-1,-1,-1,-1,-1,0,-1
2021052102413,2021,052102413,2,1,0,18,19,1,5,0,0,1,0,0,0,0,3,1,1,1,1,18,4,-1,-1,-1,-1,1,E01006952,0,-1
2021010308725,2021,010308725,2,1,0,18,19,3,7,0,0,8,0,0,0,0,3,1,6,6,1,39,7,-1,-1,-1,-1,-1,-1,0,-1
2021522101529,2021,522101529,1,9,0,18,19,2,6,0,0,0,0,10,1,2,4,1,6,6,1,84,11,-1,-1,-1,-1,8,E01014899,0,-1
2021451068248,2021,451068248,1,1,0,9,9,3,1,0,0,1,0,0,0,0,4,1,5,6,1,36,7,-1,-1,-1,-1,6,E01019876,0,-1
2021332100584,2021,332100584,2,3,0,4,4,1,5,0,0,1,0,0,0,0,1,1,6,6,1,20,4,-1,-1,-1,-1,1,E01013632,0,-1
2021421038820,2021,421038820,2,1,0,18,19,1,5,0,0,0,0,0,1,0,0,1,5,6,1,56,9,-1,-1,-1,-1,8,E01021436,0,-1
2021351048830,2021,351048830,2,1,0,18,19,2,6,9,9,1,0,0,0,0,1,1,2,2,1,32,6,-1,-1,-1,-1,4,E01015621,0,-1
2021010347132,2021,010347132,1,1,9,99,99,9,9,99,99,9,9,99,9,99,9,1,2,2,2,41,7,-1,-1,-1,-1,4,E01003410,0,-1
2021461027254,2021,461027254,1,20,0,6,6,3,7,9,9,0,0,0,0,0,2,1,1,1,1,-1,-1,-1,-1,-1,-1,-1,-1,0,-1
2021351027625,2021,351027625,1,1,0,5,5,4,5,0,0,0,0,0,0,0,1,1,5,6,2,30,6,-1,-1,-1,-1,10,E01018014,0,-1
2021122100259,2021,122100259,2,1,0,18,19,3,7,0,0,0,0,0,1,0,2,1,6,6,1,49,8,-1,-1,-1,-1,7,E01013442,0,-1
2021221071844,2021,221071844,2,1,0,18,19,3,7,9,9,8,0,0,0,0,1,1,5,6,1,17,4,-1,-1,-1,-1,8,E01010151,0,-1
2021221041601,2021,221041601,2,9,0,9,9,2,8,0,0,8,0,0,0,0,4,1,1,1,1,60,9,-1,-1,-1,-1,5,E01009135,0,-1
2021010343350,2021,010343350,1,1,0,99,99,9,9,0,0,8,0,0,0,0,2,1,3,7,1,40,7,-1,-1,-1,-1,3,E01003589,0,-1
2021302101019,2021,302101019,3,9,0,18,19,2,6,0,0,2,0,0,0,0,0,1,6,6,3,-1,-1,-1,-1,-1,-1,5,E01019456,0,-1
2021548859521,2021,548859521,1,-1,0,18,19,1,5,9,9,0,0,0,0,0,1,1,6,6,1,18,4,-1,-1,-1,-1,1,E01015545,1,-1
2021010309741,2021,010309741,2,9,0,99,99,9,9,0,0,1,0,0,0,0,9,1,6,6,1,-1,-1,-1,-1,-1,-1,-1,-1,0,-1
202106E080035,2021,06E080035,2,9,0,18,19,1,5,0,0,0,0,0,0,0,2,1,6,6,3,30,6,-1,-1,-1,-1,-1,-1,0,-1
2021201047192,2021,201047192,1,9,0,9,9,6,4,0,0,6,0,0,0,0,1,1,6,6,1,-1,-1,-1,-1,-1,-1,-1,-1,0,-1
2021010308539,2021,010308539,1,22,0,4,4,7,3,9,9,1,0,0,0,0,0,1,6,6,1,28,6,-1,-1,-1,-1,4,E01002098,0,-1
2021010348158,2021,010348158,3,9,0,99,99,9,9,99,99,0,9,99,9,99,1,9,6,6,3,-1,-1,-1,-1,-1,-1,-1,-1,0,-1
2021041066659,2021,041066659,2,1,0,18,19,7,2,9,9,0,0,0,0,0,3,1,6,6,1,13,3,-1,-1,-1,-1,1,E01025592,0,-1
2021010290583,2021,010290583,1,1,9,99,99,9,9,99,99,9,9,99,9,99,2,1,6,6,1,23,5,-1,-1,-1,-1,2,E01002765,0,-1
2021010320218,2021,010320218,1,90,0,9,9,3,1,0,0,8,0,0,0,0,3,1,1,1,1,44,7,-1,-1,-1,-1,5,E01001556,0,-1
2021010299573,2021,010299573,2,9,0,99,99,9,9,99,99,9,9,99,9,99,2,9,6,6,3,-1,-1,-1,-1,-1,-1,-1,-1,0,-1
2021131112071,2021,131112071,2,9,0,18,19,1,5,0,0,0,0,0,0,0,1,1,6,6,1,27,6,-1,-1,-1,-1,1,E01007416,0,-1
2021061083023,2021,061083023,2,1,0,-1,-1,-1,-1,-1,-1,-1,-1,-1,-1,0,-1,1,6,6,1,11,3,-1,-1,-1,-1,6,E01005969,0,-1
2021010319996,2021,010319996,2,98,4,99,99,9,9,99,99,9,9,99,9,99,9,9,6,6,3,-1,-1,-1,-1,-1,-1,-1,-1,0,-1
2021010296525,2021,010296525,1,9,0,9,9,7,5,0,0,6,0,0,0,0,0,1,6,6,3,-1,-1,-1,-1,-1,-1,-1,-1,0,-1
2021161090773,2021,161090773,2,1,0,18,19,5,1,0,0,4,0,0,0,0,1,1,6,6,1,20,4,-1,-1,-1,-1,5,E01013236,0,-1
2021451036199,2021,451036199,1,9,0,18,19,5,1,0,0,1,0,0,0,0,1,1,2,2,2,70,10,-1,-1,-1,-1,10,E01030430,0,-1
2021302100497,2021,302100497,2,1,0,18,19,4,8,0,0,0,0,0,0,0,1,1,4,7,1,15,3,-1,-1,-1,-1,7,E01019443,0,-1
202154B521721,2021,54B521721,1,9,0,18,19,6,2,0,0,0,0,0,0,0,4,1,6,6,3,-1,-1,-1,-1,-1,-1,-1,-1,0,-1
2021991015098,2021,991015098,1,9,0,7,7,2,6,0,0,0,2,0,7,11,1,1,5,6,1,22,5,-1,-1,-1,-1,8,-1,0,-1
2021010305634,2021,010305634,2,1,0,18,19,7,3,0,0,8,0,0,0,0,1,1,6,6,1,54,8,-1,-1,-1,-1,3,E01004012,0,-1
2021061045533,2021,061045533,2,1,0,18,19,2,6,0,0,0,0,0,0,0,1,1,6,6,1,45,7,-1,-1,-1,-1,6,E01005519,0,-1
2021471060729,2021,471060729,1,1,0,16,19,2,5,0,0,1,0,0,0,0,3,1,5,6,1,32,6,-1,-1,-1,-1,9,E01030916,0,-1
2021170S30161,2021,170S30161,2,9,0,7,7,1,3,0,0,8,0,0,0,0,1,1,6,6,3,-1,-1,-1,-1,-1,-1,-1,-1,0,-1
2021501018603,2021,501018603,1,9,0,18,19,1,5,0,0,0,0,2,0,0,1,1,1,1,1,46,8,-1,-1,-1,-1,3,E01020073,0,-1
2021010352198,2021,010352198,2,19,0,7,7,3,5,5,5,1,0,0,0,0,1,1,6,6,3,-1,-1,-1,-1,-1,-1,-1,-1,0,-1
202163A043221,2021,63A043221,1,1,0,18,19,6,2,0,0,0,0,0,0,0,1,1,6,6,2,49,8,-1,-1,-1,-1,3,W01000670,0,-1
2021052100342,2021,052100342,1,9,0,9,9,3,7,0,0,1,0,11,0,0,1,1,6,6,3,-1,-1,-1,-1,-1,-1,-1,-1,0,-1
2021201018863,2021,201018863,2,1,0,18,19,8,4,0,0,0,0,4,0,0,2,1,6,6,1,66,10,-1,-1,-1,-1,1,E01010410,0,-1
2021522200548,2021,522200548,1,9,0,18,19,5,1,0,0,0,0,0,0,0,1,1,6,6,1,23,5,-1,-1,-1,-1,10,E01031919,0,-1
2021161069097,2021,161069097,2,1,0,18,19,1,5,0,0,4,0,0,0,0,1,1,5,6,1,31,6,-1,-1,-1,-1,1,E01008054,0,-1
2021201108176,2021,201108176,2,1,0,18,19,6,2,0,0,8,0,0,0,0,1,1,1,1,1,45,7,-1,-1,-1,-1,5,E01009765,0,-1
202160Z158651,2021,60Z158651,2,9,0,9,9,1,6,0,0,1,0,0,0,0,1,1,6,6,1,42,7,-1,-1,-1,-1,-1,-1,0,-1
202160Z034891,2021,60Z034891,1,9,0,18,19,6,2,0,0,0,0,4,1,3,1,1,6,6,1,33,6,-1,-1,-1,-1,-1,-1,0,-1
2021371087358,2021,371087358,2,9,0,18,19,5,1,0,0,0,0,0,0,0,2,1,1,1,1,59,9,-1,-1,-1,-1,1,E01030291,0,-1
2021010345235,2021,010345235,2,9,0,5,5,0,3,0,0,2,0,0,0,0,4,1,2,2,1,31,6,-1,-1,-1,-1,5,E01000494,0,-1
2021522104811,2021,522104811,2,1,0,18,19,6,2,0,0,8,0,0,0,0,1,1,6,6,2,38,7,-1,-1,-1,-1,8,E01014509,0,-1
2021471018185,2021,471018185,5,9,0,2,2,0,0,0,0,0,0,0,0,0,1,1,6,6,3,-1,-1,-1,-1,-1,-1,-1,-1,0,-1
2021211070046,2021,211070046,1,19,-1,-1,-1,-1,-1,-1,-1,-1,-1,-1,-1,0,-1,1,1,1,1,51,8,-1,-1,-1,-1,1,E01014658,0,-1
2021010290218,2021,010290218,2,9,0,99,99,9,9,99,99,9,9,99,9,99,1,9,6,6,3,-1,-1,-1,-1,-1,-1,-1,-1,0,-1
2021221028922,2021,221028922,2,1,0,18,19,7,3,0,0,6,0,0,0,0,1,1,5,6,1,15,3,-1,-1,-1,-1,2,E01014151,0,-1
2021411053533,2021,411053533,2,9,0,4,4,6,2,0,0,1,0,0,0,0,1,1,1,1,1,48,8,-1,-1,-1,-1,-1,-1,0,-1
2021010319022,2021,010319022,2,9,0,4,4,4,8,0,0,1,0,0,0,0,1,1,6,6,1,37,7,-1,-1,-1,-1,7,E01002420,0,-1
2021010325868,2021,010325868,2,1,0,18,19,1,5,0,0,1,0,0,0,0,1,1,1,1,1,24,5,-1,-1,-1,-1,6,E01003272,0,-1
2021440100818,2021,440100818,1,-1,0,18,19,4,8,9,9,0,0,0,0,0,1,1,6,6,3,-1,-1,-1,-1,-1,-1,-1,-1,1,-1
2021610039921,2021,610039921,1,9,0,18,19,6,2,0,0,0,0,0,0,3,1,1,6,6,2,19,4,-1,-1,-1,-1,-1,-1,0,-1
2021451112952,2021,451112952,1,9,0,18,19,7,3,0,0,0,0,0,0,0,1,1,5,6,1,39,7,-1,-1,-1,-1,9,E01000436,0,-1
202160Z149133,2021,60Z149133,2,9,0,2,2,0,0,0,0,2,0,4,0,0,2,1,6,6,2,71,10,-1,-1,-1,-1,-1,-1,0,-1
2021421091755,2021,421091755,1,1,0,18,19,3,7,0,0,1,2,0,0,0,4,1,5,6,1,13,3,-1,-1,-1,-1,4,E01021707,0,-1
2021231045347,2021,231045347,1,21,1,18,19,7,3,0,0,0,0,0,0,0,1,1,5,6,1,45,7,-1,-1,-1,-1,-1,-1,0,-1
2021440107628,2021,440107628,2,21,0,18,19,6,2,0,0,0,0,0,0,0,3,1,6,6,3,-1,-1,-1,-1,-1,-1,-1,-1,0,-1
2021010293252,2021,010293252,2,1,0,18,19,6,2,0,0,1,0,0,0,0,1,1,2,2,2,41,7,-1,-1,-1,-1,7,E01002954,0,-1
2021010302611,2021,010302611,1,9,0,6,6,7,7,0,0,5,0,0,0,0,3,1,1,1,1,30,6,-1,-1,-1,-1,8,E01000678,0,-1
2021461117671,2021,461117671,1,1,0,18,19,6,2,0,0,0,0,0,0,0,1,1,6,6,1,39,7,-1,-1,-1,-1,-1,-1,0,-1
2021031030431,2021,031030431,2,1,0,18,19,1,5,0,0,1,0,0,0,0,3,1,1,1,1,38,7,-1,-1,-1,-1,1,E01019113,0,-1
202160Z181953,2021,60Z181953,1,19,0,18,19,8,4,0,0,1,0,0,0,0,1,1,2,2,2,52,8,-1,-1,-1,-1,-1,-1,0,-1
2021051078761,2021,051078761,1,9,0,18,19,5,1,0,0,0,0,0,0,0,1,1,6,6,3,30,6,-1,-1,-1,-1,-1,-1,0,-1
2021010321338,2021,010321338,2,1,9,99,99,9,9,99,99,9,9,99,9,99,1,1,6,6,1,-1,-1,-1,-1,-1,-1,-1,-1,0,-1
2021010349089,2021,010349089,1,9,0,18,19,8,4,9,9,8,0,0,0,0,1,1,6,6,1,35,6,-1,-1,-1,-1,2,E01003432,0,-1
2021010301938,2021,010301938,2,1,0,4,4,1,5,0,0,1,0,0,0,0,1,1,1,1,1,25,5,-1,-1,-1,-1,5,E01001381,0,-1
2021010315994,2021,010315994,2,1,0,4,4,7,3,0,0,4,0,0,0,0,2,1,6,6,1,35,6,-1,-1,-1,-1,4,E01015952,0,-1
2021421106372,2021,421106372,1,22,0,18,19,6,1,9,9,0,0,0,0,0,1,1,5,6,2,53,8,-1,-1,-1,-1,3,E01021588,0,-1