collision_index,collision_year,collision_ref_no,vehicle_reference,vehicle_type,towing_and_articulation,vehicle_manoeuvre_historic,vehicle_manoeuvre,vehicle_direction_from,vehicle_direction_to,vehicle_location_restricted_lane_historic,vehicle_location_restricted_lane,junction_location,skidding_and_overturning,hit_object_in_carriageway,vehicle_leaving_carriageway,hit_object_off_carriageway,first_point_of_impact,vehicle_left_hand_drive,journey_purpose_of_driver_historic,journey_purpose_of_driver,sex_of_driver,age_of_driver,age_band_of_driver,engine_capacity_cc,propulsion_code,age_of_vehicle,generic_make_model,driver_imd_decile,lsoa_of_driver,escooter_flag,driver_distance_banding
2021440499933,2021,440499933,2,1,0,18,19,3,7,0,0,1,0,0,0,0,3,1,4,7,1,17,4,-1,-1,-1,-1,5,E01017021,0,-1
2021010314092,2021,010314092,2,19,0,18,19,3,7,0,0,1,0,0,0,0,3,1,6,6,1,-1,-1,-1,-1,-1,-1,-1,-1,0,-1
2021522101384,2021,522101384,2,9,0,4,4,7,3,0,0,0,0,0,0,0,1,1,6,6,1,40,7,-1,-1,-1,-1,-1,-1,0,-1
2021201049535,2021,201049535,1,1,0,18,19,4,8,9,9,0,0,0,0,0,1,1,6,6,3,30,6,-1,-1,-1,-1,-1,-1,0,-1
2021010326762,2021,010326762,1,9,0,9,9,2,8,0,0,8,0,0,0,0,4,1,6,6,1,-1,-1,-1,-1,-1,-1,-1,-1,0,-1
2021010347842,2021,010347842,1,9,0,18,19,7,3,0,0,0,0,0,0,0,4,1,6,6,3,-1,-1,-1,-1,-1,-1,-1,-1,0,-1
2021052102549,2021,052102549,1,9,0,18,19,1,5,0,0,1,0,0,0,0,1,1,6,6,3,-1,-1,-1,-1,-1,-1,-1,-1,0,-1
2021201116649,2021,201116649,2,1,0,14,14,2,6,0,0,0,0,0,0,0,2,1,6,6,2,-1,-1,-1,-1,-1,-1,2,E01009537,0,-1
2021010336217,2021,010336217,2,1,0,18,19,2,6,2,2,1,0,0,0,0,3,1,1,1,1,46,8,-1,-1,-1,-1,1,E01033701,0,-1
2021010325105,2021,010325105,2,1,0,5,5,7,3,2,2,0,0,0,0,0,3,1,1,1,2,34,6,-1,-1,-1,-1,2,E01003991,0,-1
2021010306380,2021,010306380,1,-1,9,99,99,9,9,99,99,9,9,99,9,99,1,2,6,6,1,22,5,-1,-1,-1,-1,1,E01004222,1,-1
2021221096194,2021,221096194,1,9,0,18,19,2,6,0,0,0,0,0,0,0,1,1,5,6,1,33,6,-1,-1,-1,-1,2,E01032464,0,-1
2021010340140,2021,010340140,2,1,0,18,19,2,6,4,4,8,0,0,0,0,1,1,6,6,1,48,8,-1,-1,-1,-1,5,E01004616,0,-1
2021010342818,2021,010342818,2,9,0,7,7,3,5,0,0,1,0,0,0,0,1,1,6,6,3,-1,-1,-1,-1,-1,-1,-1,-1,0,-1
2021010312985,2021,010312985,2,1,0,9,9,1,6,0,0,5,0,0,0,0,3,1,1,1,1,36,7,-1,-1,-1,-1,3,E01002100,0,-1
2021010334741,2021,010334741,1,1,0,18,19,1,5,0,0,1,0,0,0,0,3,1,6,6,1,27,6,-1,-1,-1,-1,3,E01003201,0,-1
202163D040421,2021,63D040421,3,9,0,4,4,7,5,0,0,8,0,0,0,0,0,1,6,6,1,45,7,-1,-1,-1,-1,10,E01029747,0,-1
2021991031097,2021,991031097,2,1,0,10,10,1,6,0,0,2,0,0,0,0,2,1,5,6,1,49,8,-1,-1,-1,-1,9,-1,0,-1
2021461134271,2021,461134271,1,-1,0,18,19,3,7,9,9,0,1,0,0,0,1,1,6,6,1,-1,-1,-1,-1,-1,-1,-1,-1,1,-1
202160Z123131,2021,60Z123131,1,9,0,18,19,6,2,0,0,2,0,0,0,0,1,1,6,6,1,28,6,-1,-1,-1,-1,-1,-1,0,-1
2021522102773,2021,522102773,2,1,0,12,12,4,8,0,0,4,0,0,0,0,2,1,6,6,2,32,6,-1,-1,-1,-1,3,E01014731,0,-1
2021010338786,2021,010338786,2,9,0,99,99,9,9,99,99,9,9,99,9,99,9,9,6,6,3,-1,-1,-1,-1,-1,-1,-1,-1,0,-1
2021440491600,2021,440491600,2,9,0,18,19,6,2,0,0,1,0,0,0,0,1,1,6,6,1,37,7,-1,-1,-1,-1,3,E01032745,0,-1
2021010317436,2021,010317436,2,1,0,18,19,1,5,0,0,1,0,0,0,0,1,1,1,1,1,32,6,-1,-1,-1,-1,3,E01004443,0,-1
2021430327426,2021,430327426,2,1,0,18,19,2,6,0,0,0,0,0,0,0,3,1,6,6,1,36,7,-1,-1,-1,-1,10,E01016669,0,-1
2021610024521,2021,610024521,2,9,0,18,19,2,6,0,0,1,0,0,0,0,1,1,6,6,1,20,4,-1,-1,-1,-1,-1,-1,0,-1
2021070299446,2021,070299446,1,9,0,11,11,2,4,0,0,4,0,7,0,2,1,1,6,6,1,31,6,-1,-1,-1,-1,1,W01000409,0,-1
2021161037672,2021,161037672,1,1,0,18,19,7,3,9,9,1,0,0,0,0,1,1,6,6,1,19,4,-1,-1,-1,-1,1,E01012874,0,-1
2021010300535,2021,010300535,2,20,4,99,99,9,9,99,99,9,9,99,9,99,9,9,6,6,3,-1,-1,-1,-1,-1,-1,-1,-1,0,-1
2021440200877,2021,440200877,2,9,0,12,12,2,6,0,0,0,0,0,0,0,0,1,6,6,3,-1,-1,-1,-1,-1,-1,-1,-1,0,-1
2021461043793,2021,461043793,1,1,0,18,19,1,5,0,0,1,0,0,0,0,1,1,6,6,1,32,6,-1,-1,-1,-1,2,E01016062,0,-1
2021351066022,2021,351066022,1,9,-1,-1,-1,7,3,-1,-1,-1,-1,-1,-1,0,-1,1,6,6,1,-1,-1,-1,-1,-1,-1,-1,-1,0,-1
202160Z086345,2021,60Z086345,1,9,0,7,7,5,7,0,0,6,0,0,0,0,1,1,6,6,2,43,7,-1,-1,-1,-1,-1,-1,0,-1
2021430426411,2021,430426411,1,9,0,18,19,4,8,0,0,1,0,0,0,0,3,1,6,6,3,-1,-1,-1,-1,-1,-1,-1,-1,0,-1
2021421057660,2021,421057660,2,1,0,18,19,1,5,0,0,8,0,0,7,0,1,1,6,6,1,52,8,-1,-1,-1,-1,9,E01015883,0,-1
2021041020941,2021,041020941,1,98,0,9,9,5,1,0,0,1,0,0,0,0,4,1,2,2,1,62,9,-1,-1,-1,-1,8,E01025321,0,-1
2021351099753,2021,351099753,2,1,0,18,19,4,8,0,0,1,0,0,0,0,1,1,2,2,2,45,7,-1,-1,-1,-1,9,E01017988,0,-1
2021622100559,2021,622100559,2,1,0,18,19,4,8,0,0,6,0,0,0,0,1,1,6,6,1,24,5,-1,-1,-1,-1,1,W01001300,0,-1
2021010337399,2021,010337399,2,10,0,99,99,9,9,99,99,0,9,99,9,99,9,9,6,6,1,76,11,-1,-1,-1,-1,3,E01000403,0,-1
2021101029905,2021,101029905,1,97,0,18,19,6,2,0,0,1,0,0,0,0,1,1,6,6,1,23,5,-1,-1,-1,-1,1,E01027424,0,-1
2021351092277,2021,351092277,1,9,-1,-1,-1,-1,-1,-1,-1,0,-1,-1,-1,0,-1,1,6,6,3,-1,-1,-1,-1,-1,-1,-1,-1,0,-1
2021430443172,2021,430443172,2,1,0,18,19,1,5,4,4,8,0,0,0,0,3,1,6,6,2,26,6,-1,-1,-1,-1,9,E01033282,0,-1
2021610042621,2021,610042621,1,9,0,18,19,1,5,0,0,0,0,0,0,0,1,1,6,6,1,31,6,-1,-1,-1,-1,-1,-1,0,-1
2021411074270,2021,411074270,1,9,0,1,1,6,2,0,0,0,0,0,0,0,2,1,6,6,1,50,8,-1,-1,-1,-1,10,E01023559,0,-1
2021010346586,2021,010346586,2,3,0,13,13,1,5,0,0,0,1,0,0,0,1,1,1,1,1,20,4,-1,-1,-1,-1,-1,-1,0,-1
2021440146872,2021,440146872,1,9,0,18,19,3,7,0,0,0,0,0,1,7,4,1,1,1,1,39,7,-1,-1,-1,-1,8,E01023141,0,-1
2021221028193,2021,221028193,2,1,0,10,10,3,8,0,0,1,0,0,0,0,1,1,2,2,1,27,6,-1,-1,-1,-1,6,E01014133,0,-1
2021522105204,2021,522105204,1,1,0,18,19,3,7,0,0,3,0,0,0,0,4,1,6,6,2,31,6,-1,-1,-1,-1,1,E01033367,0,-1
2021010296394,2021,010296394,1,1,9,99,99,9,9,99,99,9,9,99,9,99,9,1,6,6,1,30,6,-1,-1,-1,-1,3,E01024182,0,-1
2021411078512,2021,411078512,2,1,0,18,19,5,1,4,4,8,0,0,0,0,4,1,6,6,2,65,9,-1,-1,-1,-1,3,E01023310,0,-1
2021542256621,2021,542256621,2,1,0,18,19,7,3,0,0,0,0,0,0,0,4,1,6,6,1,50,8,-1,-1,-1,-1,9,E01031915,0,-1
2021501114571,2021,501114571,2,9,0,17,19,4,1,0,0,0,0,0,0,0,1,1,6,6,1,35,6,-1,-1,-1,-1,5,E01018904,0,-1
2021010340680,2021,010340680,1,1,9,99,99,9,9,99,99,9,9,99,9,99,9,1,6,6,1,29,6,-1,-1,-1,-1,5,E01033711,0,-1
2021421082377,2021,421082377,2,1,0,18,19,1,1,0,0,0,0,0,1,11,-1,1,6,6,2,41,7,-1,-1,-1,-1,3,E01000062,0,-1
202160Z072815,2021,60Z072815,2,4,0,18,19,7,3,0,0,1,0,0,0,0,1,1,6,6,1,35,6,-1,-1,-1,-1,-1,-1,0,-1
202154B734821,2021,54B734821,1,9,0,18,19,7,1,0,0,1,0,0,0,0,-1,1,6,6,3,-1,-1,-1,-1,-1,-1,-1,-1,0,-1
2021010328885,2021,010328885,2,9,0,18,19,1,5,0,0,4,0,0,0,0,1,1,6,6,1,19,4,-1,-1,-1,-1,-1,-1,0,-1
2021522105444,2021,522105444,1,1,0,18,19,1,5,0,0,0,0,8,0,0,1,1,2,2,1,30,6,-1,-1,-1,-1,7,E01014698,0,-1
2021052101300,2021,052101300,2,1,0,18,19,2,6,0,0,0,0,0,0,0,1,1,6,6,1,62,9,-1,-1,-1,-1,10,E01007200,0,-1
2021070115727,2021,070115727,1,9,0,15,15,7,5,0,0,3,0,0,0,0,1,1,6,6,3,-1,-1,-1,-1,-1,-1,-1,-1,0,-1
2021010293083,2021,010293083,2,9,9,99,99,9,9,99,99,0,9,99,9,99,9,1,6,6,3,-1,-1,-1,-1,-1,-1,-1,-1,0,-1
2021131101945,2021,131101945,2,1,0,18,19,8,4,0,0,0,0,0,0,0,2,1,5,6,1,29,6,-1,-1,-1,-1,6,E01011551,0,-1
2021471116183,2021,471116183,2,98,0,18,19,3,7,0,0,8,0,0,0,0,1,2,1,1,1,27,6,-1,-1,-1,-1,-1,-1,0,-1
2021010303262,2021,010303262,2,19,0,99,99,9,9,99,99,9,9,99,9,99,1,9,6,6,3,-1,-1,-1,-1,-1,-1,-1,-1,0,-1
2021010299587,2021,010299587,1,-1,0,5,5,1,5,0,0,1,0,0,0,0,1,1,6,6,3,-1,-1,-1,-1,-1,-1,-1,-1,1,-1
2021010298773,2021,010298773,2,9,0,18,19,5,1,99,99,9,9,99,9,99,1,9,6,6,3,-1,-1,-1,-1,-1,-1,-1,-1,0,-1
2021522201519,2021,522201519,3,9,0,7,7,6,8,0,0,6,0,0,0,0,0,1,6,6,3,-1,-1,-1,-1,-1,-1,-1,-1,0,-1
2021501109380,2021,501109380,1,9,0,9,9,1,5,0,0,0,0,0,0,0,3,1,3,7,2,35,6,-1,-1,-1,-1,6,E01020221,0,-1
2021061139792,2021,061139792,3,1,0,18,19,1,1,0,0,0,0,0,0,0,1,1,6,6,3,30,6,-1,-1,-1,-1,-1,-1,0,-1
2021440476738,2021,440476738,1,9,0,18,19,7,3,0,0,0,0,0,0,0,3,1,6,6,1,49,8,-1,-1,-1,-1,2,E01017132,0,-1
202163A088321,2021,63A088321,2,9,0,18,19,6,2,0,0,0,0,0,0,0,1,1,6,6,2,59,9,-1,-1,-1,-1,-1,-1,0,-1
2021440153059,2021,440153059,1,9,0,1,1,0,5,0,0,0,0,0,0,0,2,1,6,6,3,-1,-1,-1,-1,-1,-1,-1,-1,0,-1
2021991012257,2021,991012257,2,1,0,18,19,3,6,0,0,0,0,0,0,0,3,1,6,6,2,50,8,-1,-1,-1,-1,8,-1,0,-1
2021371031999,2021,371031999,2,9,-1,-1,-1,-1,-1,-1,-1,0,-1,-1,-1,0,-1,1,5,6,1,30,6,-1,-1,-1,-1,3,E01029985,0,-1
2021101059023,2021,101059023,1,9,-1,18,19,4,8,0,0,1,0,0,0,0,1,1,6,6,3,-1,-1,-1,-1,-1,-1,-1,-1,0,-1
2021201119666,2021,201119666,1,9,0,12,12,1,5,0,0,0,0,0,0,0,2,1,5,6,1,79,11,-1,-1,-1,-1,10,E01010386,0,-1
2021421077853,2021,421077853,1,-1,0,18,19,5,1,5,5,0,0,0,0,0,1,1,6,6,1,-1,-1,-1,-1,-1,-1,-1,-1,1,-1
2021320443923,2021,320443923,1,9,0,7,7,2,4,0,0,5,0,0,0,0,1,1,6,6,3,40,7,-1,-1,-1,-1,-1,-1,0,-1
2021010316932,2021,010316932,1,1,9,99,99,9,9,99,99,9,9,99,9,99,1,1,6,6,1,40,7,-1,-1,-1,-1,5,E01003022,0,-1
2021411116986,2021,411116986,1,19,0,5,5,4,1,0,0,6,0,0,0,0,3,1,5,6,2,76,11,-1,-1,-1,-1,6,E01023722,0,-1
2021201139481,2021,201139481,1,9,0,18,19,-1,-1,0,0,0,0,8,0,0,4,1,6,6,3,-1,-1,-1,-1,-1,-1,-1,-1,0,-1
2021010316103,2021,010316103,2,9,9,99,99,9,9,99,99,9,9,99,9,99,9,9,6,6,3,-1,-1,-1,-1,-1,-1,-1,-1,0,-1
2021122100955,2021,122100955,2,1,0,18,19,4,8,0,0,0,0,0,0,0,3,1,6,6,1,60,9,-1,-1,-1,-1,8,E01027688,0,-1
2021131057612,2021,131057612,1,9,0,4,4,2,6,0,0,0,0,0,0,0,1,1,6,6,3,-1,-1,-1,-1,-1,-1,-1,-1,0,-1
2021131065900,2021,131065900,1,9,0,-1,-1,-1,-1,-1,-1,8,-1,-1,-1,0,-1,1,6,6,3,-1,-1,-1,-1,-1,-1,-1,-1,0,-1
202134WNC4151,2021,34WNC4151,1,1,0,9,9,8,4,0,0,5,0,0,0,0,4,1,1,1,1,40,7,-1,-1,-1,-1,3,E01027180,0,-1
2021010340155,2021,010340155,2,9,0,99,99,9,9,99,99,9,9,99,9,99,1,9,6,6,3,-1,-1,-1,-1,-1,-1,-1,-1,0,-1
2021122100447,2021,122100447,1,1,0,18,19,7,3,0,0,0,0,0,0,0,4,1,6,6,1,18,4,-1,-1,-1,-1,8,E01013344,0,-1
2021122100588,2021,122100588,2,1,0,18,19,2,4,0,0,4,0,0,0,0,2,1,6,6,1,-1,-1,-1,-1,-1,-1,8,E01011700,0,-1
202134NNC1501,2021,34NNC1501,2,1,0,18,19,1,5,0,0,8,0,0,0,0,1,1,6,6,1,14,3,-1,-1,-1,-1,1,E01027318,0,-1
2021430326007,2021,430326007,3,9,0,18,19,4,8,0,0,0,0,0,1,4,1,1,6,6,2,72,10,-1,-1,-1,-1,7,E01028713,0,-1
2021371083216,2021,371083216,2,1,0,18,19,7,3,0,0,0,0,0,0,0,0,1,6,6,1,74,10,-1,-1,-1,-1,4,E01030161,0,-1
2021991094033,2021,991094033,1,9,0,18,19,6,1,0,0,1,0,0,0,0,0,1,6,6,3,50,8,-1,-1,-1,-1,-1,-1,0,-1
2021401033317,2021,401033317,1,-1,0,18,19,3,7,9,9,6,0,0,0,0,4,1,5,6,2,13,3,-1,-1,-1,-1,3,E01017619,1,-1
2021501112572,2021,501112572,2,9,0,9,9,2,8,0,0,1,0,0,3,0,2,1,5,6,2,41,7,-1,-1,-1,-1,-1,-1,0,-1
2021610009621,2021,610009621,1,9,0,18,19,1,5,0,0,1,0,0,0,0,4,1,6,6,2,59,9,-1,-1,-1,-1,-1,-1,0,-1
2021010328541,2021,010328541,2,1,0,18,19,5,1,0,0,8,0,0,0,0,1,1,2,2,2,34,6,-1,-1,-1,-1,4,E01033725,0,-1
2021451061433,2021,451061433,1,1,0,18,19,7,3,0,0,0,0,0,0,0,3,1,5,6,1,72,10,-1,-1,-1,-1,8,E01001094,0,-1
2021430217052,2021,430217052,1,9,0,16,19,8,3,0,0,0,0,0,0,0,3,1,6,6,3,-1,-1,-1,-1,-1,-1,-1,-1,0,-1
2021010315945,2021,010315945,1,1,0,18,19,1,5,0,0,8,0,0,0,0,4,1,6,6,1,21,5,-1,-1,-1,-1,3,E01003017,0,-1
2021461137536,2021,461137536,1,19,0,18,19,8,4,0,0,0,0,0,0,0,0,1,6,6,3,-1,-1,-1,-1,-1,-1,-1,-1,0,-1
2021010291331,2021,010291331,2,9,0,99,99,9,9,0,0,5,9,99,0,0,9,1,6,6,3,-1,-1,-1,-1,-1,-1,-1,-1,0,-1
2021010333939,2021,010333939,1,1,0,18,19,5,1,4,4,8,0,0,0,0,1,1,2,2,1,35,6,-1,-1,-1,-1,3,E01003989,0,-1
2021361111842,2021,361111842,1,-1,0,18,19,6,8,0,0,0,0,0,0,0,1,1,5,6,2,31,6,-1,-1,-1,-1,9,E01026933,1,-1
2021010299922,2021,010299922,2,9,0,99,99,9,9,99,99,0,9,99,9,99,9,9,6,6,3,24,5,-1,-1,-1,-1,2,E01003061,0,-1
202131D136221,2021,31D136221,1,9,0,9,9,8,7,0,0,5,0,0,0,0,1,1,6,6,2,19,4,-1,-1,-1,-1,2,E01018770,0,-1
2021061026744,2021,061026744,1,1,0,7,7,3,5,0,0,6,0,0,0,0,4,1,5,6,1,22,5,-1,-1,-1,-1,1,E01005933,0,-1
2021031075028,2021,031075028,2,9,0,5,5,1,6,0,0,8,0,0,0,0,1,1,2,2,1,36,7,-1,-1,-1,-1,8,E01019253,0,-1
2021141117603,2021,141117603,4,9,0,2,2,0,0,0,0,1,0,0,0,0,3,1,6,6,3,-1,-1,-1,-1,-1,-1,-1,-1,0,-1
2021401056739,2021,401056739,4,9,0,4,4,1,5,0,0,0,0,0,0,0,2,1,6,6,3,-1,-1,-1,-1,-1,-1,-1,-1,0,-1
202106A078730,2021,06A078730,1,9,0,9,9,8,6,0,0,8,0,0,0,0,4,1,6,6,1,20,4,-1,-1,-1,-1,8,E01012581,0,-1
2021052102638,2021,052102638,1,9,0,13,13,3,7,0,0,1,0,0,0,0,4,1,6,6,3,-1,-1,-1,-1,-1,-1,-1,-1,0,-1
2021991103957,2021,991103957,2,1,0,4,4,5,8,0,0,6,0,0,0,0,1,1,5,6,1,13,3,-1,-1,-1,-1,-1,-1,0,-1
2021070808175,2021,070808175,1,-1,0,18,19,1,5,0,0,8,0,0,0,0,3,1,6,6,1,34,6,-1,-1,-1,-1,9,E01012568,1,-1
2021052100572,2021,052100572,1,9,0,2,2,0,0,0,0,0,0,0,0,0,3,1,6,6,1,64,9,-1,-1,-1,-1,1,E01006673,0,-1
2021320008542,2021,320008542,1,9,0,17,19,1,5,0,0,0,2,0,1,9,1,1,6,6,2,25,5,-1,-1,-1,-1,-1,-1,0,-1
2021010289230,2021,010289230,1,11,0,99,99,9,9,99,99,0,9,99,9,99,9,9,6,6,3,-1,-1,-1,-1,-1,-1,-1,-1,0,-1
2021332100158,2021,332100158,2,1,0,18,19,7,3,0,0,0,0,0,0,0,1,1,6,6,2,49,8,-1,-1,-1,-1,1,E01013675,0,-1
2021201142576,2021,201142576,1,9,0,9,9,2,8,0,0,6,0,0,0,0,1,1,6,6,1,31,6,-1,-1,-1,-1,1,E01009083,0,-1
2021170S11491,2021,170S11491,2,1,0,18,19,7,3,0,0,8,0,0,0,0,4,1,6,6,1,8,2,-1,-1,-1,-1,4,E01012264,0,-1
2021221043605,2021,221043605,3,19,0,7,7,7,1,0,0,5,0,0,0,0,0,1,6,6,3,34,6,-1,-1,-1,-1,-1,-1,0,-1
202160Z156467,2021,60Z156467,1,9,0,9,9,6,4,0,0,6,0,0,0,0,1,1,6,6,3,-1,-1,-1,-1,-1,-1,-1,-1,0,-1
2021332100357,2021,332100357,1,9,0,16,19,3,5,0,0,2,0,0,7,11,1,1,6,6,2,88,11,-1,-1,-1,-1,10,E01025902,0,-1
2021531017112,2021,531017112,1,1,0,18,19,1,5,0,0,0,1,0,0,0,1,1,6,6,2,66,10,-1,-1,-1,-1,6,E01022414,0,-1
2021041199662,2021,041199662,1,9,0,18,19,1,3,0,0,0,0,0,0,0,1,1,6,6,3,-1,-1,-1,-1,-1,-1,-1,-1,0,-1
202131C162221,2021,31C162221,1,-1,0,14,14,4,8,0,0,0,0,0,0,0,1,1,6,6,1,-1,-1,-1,-1,-1,-1,-1,-1,1,-1
2021010317769,2021,010317769,1,1,9,99,99,9,9,99,99,9,9,99,9,99,1,1,2,2,1,25,5,-1,-1,-1,-1,8,E01003428,0,-1
2021122101393,2021,122101393,1,9,0,18,19,8,4,0,0,0,0,0,0,0,4,1,6,6,3,-1,-1,-1,-1,-1,-1,-1,-1,0,-1
2021201137505,2021,201137505,1,9,0,13,13,1,5,0,0,0,0,0,0,0,2,1,6,6,3,-1,-1,-1,-1,-1,-1,-1,-1,0,-1
2021061069129,2021,061069129,1,22,0,5,5,7,3,0,0,1,0,0,0,0,1,1,6,6,1,63,9,-1,-1,-1,-1,3,E01006145,0,-1
2021430558855,2021,430558855,2,9,0,18,19,5,1,0,0,1,0,0,0,0,1,1,6,6,2,30,6,-1,-1,-1,-1,-1,-1,0,-1
2021221093778,2021,221093778,1,19,0,5,5,8,6,0,0,4,0,0,0,0,1,1,1,1,1,23,5,-1,-1,-1,-1,9,W01000778,0,-1
2021430473107,2021,430473107,2,9,0,18,19,7,3,0,0,8,0,0,0,0,1,1,2,2,1,65,9,-1,-1,-1,-1,10,E01028810,0,-1
2021010322396,2021,010322396,2,98,0,9,9,5,3,0,0,8,0,0,0,0,0,1,6,6,3,-1,-1,-1,-1,-1,-1,-1,-1,0,-1
2021101021513,2021,101021513,1,9,0,1,1,7,3,0,0,1,0,0,0,0,2,1,6,6,3,-1,-1,-1,-1,-1,-1,-1,-1,0,-1
2021451012482,2021,451012482,2,1,0,18,19,5,1,0,0,0,5,0,0,0,4,1,2,2,1,48,8,-1,-1,-1,-1,10,E01030374,0,-1
2021332100165,2021,332100165,1,5,0,18,19,4,8,0,0,3,0,0,1,0,1,1,6,6,1,-1,-1,-1,-1,-1,-1,-1,-1,0,-1
2021401018999,2021,401018999,1,1,0,10,10,5,2,0,0,1,0,0,0,0,1,1,2,2,1,37,7,-1,-1,-1,-1,5,E01015780,0,-1
2021010301616,2021,010301616,2,3,0,15,15,1,5,0,0,2,0,0,0,0,1,1,1,1,1,41,7,-1,-1,-1,-1,2,E01001761,0,-1
2021061125593,2021,061125593,2,1,0,18,19,1,5,0,0,0,0,0,0,0,0,1,6,6,1,26,6,-1,-1,-1,-1,-1,-1,0,-1
2021170M10441,2021,170M10441,2,9,0,1,1,3,7,0,0,1,0,0,0,0,2,1,6,6,3,-1,-1,-1,-1,-1,-1,-1,-1,0,-1
2021610056821,2021,610056821,1,9,0,7,7,5,7,0,0,8,0,0,0,0,1,1,6,6,3,-1,-1,-1,-1,-1,-1,-1,-1,0,-1
2021401028879,2021,401028879,1,1,0,18,19,5,1,0,0,0,0,0,0,0,4,1,4,7,1,16,4,-1,-1,-1,-1,1,E01017471,0,-1
2021471083993,2021,471083993,1,-1,0,18,19,3,7,0,0,0,0,0,0,0,1,1,6,6,1,20,4,-1,-1,-1,-1,-1,-1,1,-1
2021201070724,2021,201070724,2,-1,0,18,19,2,6,0,0,0,0,0,0,0,2,1,1,1,1,25,5,-1,-1,-1,-1,1,E01009079,1,-1
2021991037034,2021,991037034,1,19,0,18,19,8,4,0,0,0,0,0,0,0,1,1,6,6,1,50,8,-1,-1,-1,-1,-1,-1,0,-1
2021010297979,2021,010297979,2,1,0,4,4,7,3,4,4,1,0,0,0,0,1,1,2,2,2,44,7,-1,-1,-1,-1,2,E01003498,0,-1
2021610012821,2021,610012821,1,19,0,18,19,8,4,0,0,1,0,0,0,0,1,1,1,1,1,59,9,-1,-1,-1,-1,-1,-1,0,-1
2021440468150,2021,440468150,1,9,0,18,19,1,5,0,0,7,0,0,0,0,2,1,6,6,2,24,5,-1,-1,-1,-1,5,E01022543,0,-1
2021041056174,2021,041056174,2,1,0,18,19,5,1,0,0,0,0,0,0,0,0,1,6,6,1,37,7,-1,-1,-1,-1,5,E01025517,0,-1
2021471044852,2021,471044852,1,9,0,16,19,5,7,0,0,2,1,0,0,0,1,1,1,1,1,21,5,-1,-1,-1,-1,10,E01031296,0,-1
2021101044500,2021,101044500,3,9,0,2,2,5,1,0,0,0,0,0,0,0,1,1,1,1,1,26,6,-1,-1,-1,-1,7,E01020879,0,-1
2021371046283,2021,371046283,1,1,0,18,19,8,4,0,0,0,0,0,0,0,1,1,6,6,1,24,5,-1,-1,-1,-1,1,E01033130,0,-1
2021371109811,2021,371109811,2,1,0,18,19,2,5,0,0,0,0,0,0,0,3,1,6,6,1,21,5,-1,-1,-1,-1,7,E01018023,0,-1
2021440219602,2021,440219602,1,-1,0,18,19,8,4,0,0,8,0,0,0,0,1,1,6,6,2,20,4,-1,-1,-1,-1,4,E01000722,1,-1
202160Z143605,2021,60Z143605,1,9,0,9,9,1,8,0,0,1,0,0,0,0,1,1,6,6,2,37,7,-1,-1,-1,-1,-1,-1,0,-1
2021401043525,2021,401043525,4,9,0,4,4,1,5,0,0,1,0,0,0,0,2,1,5,6,2,49,8,-1,-1,-1,-1,7,E01015803,0,-1
2021522102631,2021,522102631,1,-1,0,18,19,3,7,5,5,0,0,0,0,0,4,1,6,6,1,16,4,-1,-1,-1,-1,4,E01014590,1,-1
2021411038352,2021,411038352,5,9,0,2,2,0,0,0,0,0,0,0,0,0,2,1,6,6,3,-1,-1,-1,-1,-1,-1,-1,-1,0,-1
2021010296487,2021,010296487,1,9,0,18,19,3,7,0,0,0,0,0,0,0,1,1,6,6,3,-1,-1,-1,-1,-1,-1,-1,-1,0,-1
2021991011388,2021,991011388,3,9,0,2,2,0,0,0,0,0,0,0,0,0,3,1,6,6,3,-1,-1,-1,-1,-1,-1,-1,-1,0,-1
2021010344867,2021,010344867,1,1,9,99,99,9,9,99,99,9,9,99,9,99,1,1,6,6,1,66,10,-1,-1,-1,-1,5,E01001381,0,-1
2021531080452,2021,531080452,2,1,0,18,19,6,4,4,4,0,0,0,0,0,3,1,6,6,1,46,8,-1,-1,-1,-1,10,E01022395,0,-1
2021332100889,2021,332100889,1,9,0,18,19,2,6,0,0,4,0,0,0,0,1,1,2,2,2,39,7,-1,-1,-1,-1,9,E01013797,0,-1
2021371139793,2021,371139793,1,98,0,18,19,5,1,0,0,0,1,0,0,0,4,1,6,6,3,-1,-1,-1,-1,-1,-1,-1,-1,0,-1
2021481052176,2021,481052176,2,1,0,18,19,7,3,0,0,8,0,0,0,0,1,1,2,2,2,41,7,-1,-1,-1,-1,2,E01004238,0,-1
2021471016475,2021,471016475,2,1,0,18,19,5,1,0,0,1,0,0,0,0,2,1,6,6,1,26,6,-1,-1,-1,-1,3,E01031548,0,-1
2021440358770,2021,440358770,1,1,0,18,19,1,5,4,4,8,0,0,0,0,3,1,6,6,2,29,6,-1,-1,-1,-1,1,E01017077,0,-1
2021361054351,2021,361054351,3,9,0,9,9,6,4,0,0,8,0,0,0,0,2,1,1,1,1,29,6,-1,-1,-1,-1,3,E01026721,0,-1
2021332100427,2021,332100427,2,1,0,18,19,2,5,0,0,8,0,0,0,0,1,1,6,6,1,54,8,-1,-1,-1,-1,9,E01025917,0,-1
202160Z114751,2021,60Z114751,1,9,0,5,5,6,2,0,0,2,0,0,0,0,3,1,6,6,2,50,8,-1,-1,-1,-1,-1,-1,0,-1
2021122101179,2021,122101179,3,1,0,13,13,5,1,0,0,0,0,0,0,0,1,1,6,6,1,41,7,-1,-1,-1,-1,6,E01027889,0,-1
2021070247954,2021,070247954,2,1,0,18,19,7,3,0,0,1,0,0,0,0,4,1,6,6,1,66,10,-1,-1,-1,-1,-1,-1,0,-1
2021010334005,2021,010334005,2,9,0,13,13,1,5,0,0,1,0,0,0,0,3,1,6,6,3,-1,-1,-1,-1,-1,-1,-1,-1,0,-1
2021320666475,2021,320666475,2,1,0,18,19,1,5,0,0,0,0,0,0,0,2,1,6,6,1,71,10,-1,-1,-1,-1,8,E01026291,0,-1
2021161059244,2021,161059244,2,1,0,18,19,1,5,0,0,8,0,0,0,0,2,1,6,6,2,29,6,-1,-1,-1,-1,1,E01013201,0,-1
2021010303113,2021,010303113,1,1,0,18,19,3,7,0,0,1,0,0,0,0,1,1,2,2,1,53,8,-1,-1,-1,-1,10,E01030507,0,-1
202163A030721,2021,63A030721,1,9,0,4,4,3,7,0,0,1,0,0,0,0,2,1,6,6,2,18,4,-1,-1,-1,-1,2,W01000705,0,-1
2021010313302,2021,010313302,2,1,0,18,19,1,5,0,0,1,0,0,0,0,1,1,6,6,1,45,7,-1,-1,-1,-1,4,E01032773,0,-1