collision_index,collision_year,collision_ref_no,vehicle_reference,vehicle_type,towing_and_articulation,vehicle_manoeuvre_historic,vehicle_manoeuvre,vehicle_direction_from,vehicle_direction_to,vehicle_location_restricted_lane_historic,vehicle_location_restricted_lane,junction_location,skidding_and_overturning,hit_object_in_carriageway,vehicle_leaving_carriageway,hit_object_off_carriageway,first_point_of_impact,vehicle_left_hand_drive,journey_purpose_of_driver_historic,journey_purpose_of_driver,sex_of_driver,age_of_driver,age_band_of_driver,engine_capacity_cc,propulsion_code,age_of_vehicle,generic_make_model,driver_imd_decile,lsoa_of_driver,escooter_flag,driver_distance_banding
2021361017091,2021,361017091,1,9,0,18,19,8,3,0,0,0,0,0,0,0,0,1,6,6,1,37,7,-1,-1,-1,-1,1,E01026833,0,-1
2021430251772,2021,430251772,1,1,0,18,19,5,1,0,0,0,0,0,0,0,1,1,6,6,1,62,9,-1,-1,-1,-1,6,E01017922,0,-1
2021461048896,2021,461048896,2,1,0,18,19,4,8,0,0,5,0,0,0,0,2,1,6,6,1,10,2,-1,-1,-1,-1,7,E01024689,0,-1
2021451089228,2021,451089228,1,1,0,9,9,5,2,0,0,8,0,0,0,0,0,1,6,6,1,18,4,-1,-1,-1,-1,9,E01031004,0,-1
2021161019403,2021,161019403,1,1,0,17,19,5,1,0,0,8,0,0,0,0,1,1,6,6,2,32,6,-1,-1,-1,-1,1,E01012864,0,-1
2021201028578,2021,201028578,2,1,0,9,9,4,2,0,0,2,0,0,0,0,2,1,1,1,1,42,7,-1,-1,-1,-1,3,E01009619,0,-1
2021501176801,2021,501176801,2,9,0,18,19,5,1,0,0,0,0,0,0,0,3,1,6,6,3,-1,-1,-1,-1,-1,-1,-1,-1,0,-1
2021461035743,2021,461035743,1,9,0,18,19,7,3,0,0,2,0,0,0,0,1,1,6,6,3,-1,-1,-1,-1,-1,-1,-1,-1,0,-1
2021010319100,2021,010319100,1,19,0,18,19,8,4,0,0,0,0,0,0,0,4,1,6,6,3,-1,-1,-1,-1,-1,-1,-1,-1,0,-1
2021610044321,2021,610044321,1,5,0,16,19,2,5,0,0,0,0,0,0,0,0,1,2,2,1,53,8,-1,-1,-1,-1,-1,-1,0,-1
2021010298295,2021,010298295,1,1,0,99,99,9,9,0,0,9,0,99,0,0,9,1,6,6,3,-1,-1,-1,-1,-1,-1,-1,-1,0,-1
2021531104853,2021,531104853,1,9,0,13,13,6,1,0,0,2,1,0,0,0,1,1,6,6,1,-1,-1,-1,-1,-1,-1,-1,-1,0,-1
2021451024638,2021,451024638,2,1,0,18,19,1,5,0,0,0,0,0,0,0,1,1,6,6,1,56,9,-1,-1,-1,-1,10,E01004117,0,-1
2021070727456,2021,070727456,1,90,0,7,7,5,7,0,0,0,0,0,0,0,1,1,6,6,1,20,4,-1,-1,-1,-1,-1,-1,0,-1
2021471018185,2021,471018185,2,9,0,2,2,0,0,0,0,0,0,0,0,0,1,1,6,6,3,-1,-1,-1,-1,-1,-1,-1,-1,0,-1
202131D013921,2021,31D013921,2,1,0,9,9,2,8,0,0,5,0,0,0,0,1,1,6,6,1,39,7,-1,-1,-1,-1,5,E01028134,0,-1
2021010302326,2021,010302326,1,9,0,99,99,9,9,99,99,9,9,99,9,99,9,9,6,6,3,-1,-1,-1,-1,-1,-1,3,E01004443,0,-1
2021031021536,2021,031021536,2,9,0,17,19,5,1,0,0,0,0,0,0,0,1,1,1,1,2,60,9,-1,-1,-1,-1,3,E01019126,0,-1
2021041087721,2021,041087721,1,97,0,-1,-1,-1,-1,-1,-1,0,-1,-1,-1,0,1,1,6,6,3,-1,-1,-1,-1,-1,-1,-1,-1,0,-1
2021501104919,2021,501104919,1,9,0,18,19,6,2,0,0,1,0,0,0,0,3,1,6,6,3,-1,-1,-1,-1,-1,-1,-1,-1,0,-1
2021131099509,2021,131099509,1,9,0,7,7,3,5,0,0,6,0,0,0,0,-1,1,6,6,3,-1,-1,-1,-1,-1,-1,-1,-1,0,-1
2021061131983,2021,061131983,1,9,-1,-1,-1,-1,-1,-1,-1,-1,-1,-1,-1,0,-1,1,6,6,2,-1,-1,-1,-1,-1,-1,-1,-1,0,-1
2021010304192,2021,010304192,2,9,0,99,99,9,9,99,99,9,9,99,9,99,1,9,6,6,3,-1,-1,-1,-1,-1,-1,-1,-1,0,-1
2021501049905,2021,501049905,1,9,0,16,19,2,1,0,0,7,0,0,0,0,1,1,2,2,1,63,9,-1,-1,-1,-1,9,E01023281,0,-1
2021531038954,2021,531038954,1,9,0,-1,-1,-1,-1,0,0,1,-1,-1,-1,0,4,1,6,6,3,-1,-1,-1,-1,-1,-1,-1,-1,0,-1
2021991019642,2021,991019642,2,1,0,4,4,8,4,0,0,1,0,0,0,0,2,1,2,2,1,49,8,-1,-1,-1,-1,9,-1,0,-1
2021320010665,2021,320010665,2,1,0,18,19,1,5,0,0,0,0,0,0,0,1,1,6,6,1,36,7,-1,-1,-1,-1,3,E01026140,0,-1
2021501017119,2021,501017119,2,1,0,3,3,6,2,0,0,1,0,0,0,0,1,1,6,6,1,51,8,-1,-1,-1,-1,6,E01018824,0,-1
2021610011421,2021,610011421,1,9,0,5,5,1,4,0,0,1,0,0,0,0,3,1,2,2,2,20,4,-1,-1,-1,-1,-1,-1,0,-1
2021122101228,2021,122101228,1,1,0,7,7,4,1,0,0,3,0,0,0,0,4,1,6,6,1,44,7,-1,-1,-1,-1,10,E01012124,0,-1
2021010298372,2021,010298372,2,8,0,99,99,9,9,99,99,0,9,99,9,99,9,9,6,6,3,-1,-1,-1,-1,-1,-1,-1,-1,0,-1
2021451119051,2021,451119051,2,1,0,18,19,1,5,0,0,0,5,0,0,0,4,1,6,6,1,36,7,-1,-1,-1,-1,7,E01030402,0,-1
202134NNC0561,2021,34NNC0561,1,19,0,2,2,0,0,0,0,0,0,0,0,0,0,1,1,1,1,-1,-1,-1,-1,-1,-1,-1,-1,0,-1
2021520106224,2021,520106224,1,1,0,18,19,3,7,0,0,8,0,0,0,0,1,1,6,6,1,46,8,-1,-1,-1,-1,7,E01029164,0,-1
2021991027849,2021,991027849,6,9,0,3,3,8,4,0,0,0,0,0,0,0,2,1,2,2,1,48,8,-1,-1,-1,-1,4,-1,0,-1
2021430383439,2021,430383439,2,1,0,18,19,6,2,0,0,8,0,0,0,0,1,1,6,6,1,65,9,-1,-1,-1,-1,10,E01022521,0,-1
2021061064972,2021,061064972,1,9,0,12,12,3,7,0,0,7,0,0,0,0,0,1,6,6,3,-1,-1,-1,-1,-1,-1,-1,-1,0,-1
2021010315637,2021,010315637,1,9,9,99,99,9,9,99,99,9,9,99,9,99,9,9,6,6,3,-1,-1,-1,-1,-1,-1,2,E01004253,0,-1
2021991017184,2021,991017184,1,90,0,18,19,6,2,0,0,1,5,0,3,0,4,1,2,2,1,23,5,-1,-1,-1,-1,1,-1,0,-1
202160Z043230,2021,60Z043230,1,9,0,4,4,1,5,0,0,0,0,0,0,0,2,1,6,6,1,19,4,-1,-1,-1,-1,-1,-1,0,-1
2021440211473,2021,440211473,1,1,0,18,19,2,6,0,0,0,0,0,0,0,1,1,6,6,2,58,9,-1,-1,-1,-1,8,E01015299,0,-1
2021201143554,2021,201143554,2,1,0,5,5,2,6,0,0,8,0,0,0,0,4,1,6,6,1,46,8,-1,-1,-1,-1,7,E01008949,0,-1
2021991054630,2021,991054630,2,-1,0,18,19,2,6,0,0,5,0,0,0,0,2,1,2,2,2,41,7,-1,-1,-1,-1,2,-1,1,-1
2021052101141,2021,052101141,2,9,0,18,19,5,1,0,0,1,0,0,0,0,3,1,3,7,2,34,6,-1,-1,-1,-1,1,E01006871,0,-1
2021501083084,2021,501083084,2,1,0,18,19,7,3,0,0,0,0,0,0,0,1,1,6,6,2,10,2,-1,-1,-1,-1,2,E01015176,0,-1
2021101022114,2021,101022114,2,1,0,16,19,2,4,0,0,4,0,0,0,0,3,1,5,6,1,49,8,-1,-1,-1,-1,3,E01027391,0,-1
2021052102563,2021,052102563,1,9,0,1,1,8,4,0,0,0,0,0,0,0,2,1,6,6,3,-1,-1,-1,-1,-1,-1,-1,-1,0,-1
2021052101426,2021,052101426,1,19,0,7,7,5,7,0,0,2,0,0,0,0,1,1,6,6,3,-1,-1,-1,-1,-1,-1,-1,-1,0,-1
2021461073820,2021,461073820,2,9,0,18,19,1,5,0,0,0,0,0,0,0,4,1,6,6,1,34,6,-1,-1,-1,-1,6,E01024340,0,-1
2021302101668,2021,302101668,2,9,0,18,19,6,2,0,0,0,0,0,0,0,1,1,6,6,2,69,10,-1,-1,-1,-1,8,E01019734,0,-1
202163D004321,2021,63D004321,2,21,0,5,5,8,4,0,0,6,0,0,0,0,1,1,1,1,1,43,7,-1,-1,-1,-1,5,E01022231,0,-1
2021161050491,2021,161050491,3,9,-1,4,4,2,6,0,0,0,0,0,0,0,0,1,6,6,3,-1,-1,-1,-1,-1,-1,-1,-1,0,-1
2021461054035,2021,461054035,1,98,0,12,12,7,3,0,0,0,0,0,0,0,0,1,6,6,3,-1,-1,-1,-1,-1,-1,-1,-1,0,-1
2021302100123,2021,302100123,1,20,0,18,19,6,2,0,0,0,0,0,0,0,4,1,6,6,3,-1,-1,-1,-1,-1,-1,5,E01019456,0,-1
2021052101213,2021,052101213,1,-1,0,18,19,1,5,0,0,0,0,0,0,0,0,1,6,6,1,-1,-1,-1,-1,-1,-1,1,E01006963,1,-1
2021061102921,2021,061102921,1,1,0,18,19,8,4,0,0,1,0,0,0,0,1,1,5,6,1,29,6,-1,-1,-1,-1,2,E01004969,0,-1
2021471045036,2021,471045036,2,9,0,2,2,0,0,0,0,0,0,0,0,0,2,1,6,6,3,-1,-1,-1,-1,-1,-1,-1,-1,0,-1
202160Z143818,2021,60Z143818,1,9,0,18,19,4,8,0,0,0,0,0,0,0,1,1,6,6,1,55,8,-1,-1,-1,-1,-1,-1,0,-1
2021461039574,2021,461039574,1,9,0,5,5,7,3,0,0,4,0,0,0,0,1,1,5,6,2,59,9,-1,-1,-1,-1,7,E01024794,0,-1
2021501112540,2021,501112540,1,19,0,18,19,3,3,0,0,0,0,0,0,0,1,1,6,6,3,-1,-1,-1,-1,-1,-1,-1,-1,0,-1
2021010312476,2021,010312476,1,1,9,99,99,9,9,99,99,9,9,99,9,99,0,1,6,6,1,43,7,-1,-1,-1,-1,8,E01003827,0,-1
2021451043661,2021,451043661,1,1,0,9,9,2,1,0,0,6,0,0,0,0,1,1,5,6,1,39,7,-1,-1,-1,-1,6,E01004529,0,-1
202131D126421,2021,31D126421,1,3,0,13,13,2,6,0,0,0,0,0,0,0,4,1,6,6,3,-1,-1,-1,-1,-1,-1,-1,-1,0,-1
2021010293487,2021,010293487,1,1,9,99,99,9,9,99,99,9,9,99,9,99,9,1,6,6,1,35,6,-1,-1,-1,-1,7,E01001538,0,-1
2021070579499,2021,070579499,2,23,0,2,2,0,0,5,5,0,0,0,0,0,0,1,6,6,3,-1,-1,-1,-1,-1,-1,-1,-1,0,-1
2021471071029,2021,471071029,2,1,0,18,19,2,6,0,0,0,0,0,0,0,3,1,6,6,2,42,7,-1,-1,-1,-1,8,E01016901,0,-1
2021471091507,2021,471091507,2,1,0,18,19,3,7,4,4,8,0,0,0,0,1,1,6,6,2,-1,-1,-1,-1,-1,-1,4,E01016871,0,-1
202163B010721,2021,63B010721,3,1,0,17,19,2,7,0,0,0,0,0,0,0,0,1,6,6,3,-1,-1,-1,-1,-1,-1,-1,-1,0,-1
2021332100333,2021,332100333,1,9,0,4,4,5,1,0,0,0,0,0,4,6,1,1,6,6,1,25,5,-1,-1,-1,-1,3,E01013915,0,-1
2021302100465,2021,302100465,1,1,0,5,5,8,4,0,0,6,0,0,0,0,1,1,6,6,2,17,4,-1,-1,-1,-1,8,E01028119,0,-1
2021461039427,2021,461039427,3,19,0,18,19,3,7,0,0,0,1,0,4,6,1,1,1,1,1,42,7,-1,-1,-1,-1,4,E01016013,0,-1
2021371057100,2021,371057100,2,1,-1,-1,-1,-1,-1,-1,-1,0,-1,-1,-1,0,-1,1,4,7,1,9,2,-1,-1,-1,-1,5,E01030141,0,-1
2021041120089,2021,041120089,1,9,0,4,4,7,3,0,0,1,0,0,0,0,4,2,2,2,2,28,6,-1,-1,-1,-1,10,E01025353,0,-1
202160Z093218,2021,60Z093218,1,9,0,6,6,5,5,0,0,8,0,0,0,0,0,1,6,6,1,35,6,-1,-1,-1,-1,-1,-1,0,-1
2021070426894,2021,070426894,1,1,0,18,19,1,5,0,0,0,0,4,0,0,4,1,4,7,1,14,3,-1,-1,-1,-1,1,E01018745,0,-1
2021320559713,2021,320559713,2,5,0,18,19,4,8,0,0,1,1,0,0,0,1,1,6,6,1,62,9,-1,-1,-1,-1,9,E01026355,0,-1
2021221121743,2021,221121743,2,19,0,18,19,4,8,0,0,0,0,0,0,0,2,1,5,6,1,66,10,-1,-1,-1,-1,2,E01009014,0,-1
2021041065402,2021,041065402,2,1,0,18,19,1,5,0,0,8,0,0,0,0,1,1,5,6,2,15,3,-1,-1,-1,-1,7,E01025489,0,-1
2021161042231,2021,161042231,1,9,0,13,13,2,6,0,0,0,0,0,0,0,4,1,6,6,2,-1,-1,-1,-1,-1,-1,-1,-1,0,-1
2021461100719,2021,461100719,1,9,0,16,19,1,5,0,0,1,0,0,0,0,4,1,6,6,2,-1,-1,-1,-1,-1,-1,-1,-1,0,-1
2021010305396,2021,010305396,1,-1,9,99,99,9,9,99,99,9,9,99,9,99,9,9,6,6,3,-1,-1,-1,-1,-1,-1,-1,-1,1,-1
2021522103470,2021,522103470,2,90,0,18,19,3,7,0,0,8,0,0,0,0,1,1,6,6,2,35,6,-1,-1,-1,-1,1,E01014594,0,-1
2021010328562,2021,010328562,2,9,0,99,99,9,9,99,99,9,9,99,9,99,9,9,6,6,3,-1,-1,-1,-1,-1,-1,-1,-1,0,-1
2021522101904,2021,522101904,1,90,0,18,19,3,7,0,0,1,0,0,0,0,1,1,6,6,1,18,4,-1,-1,-1,-1,3,E01014673,0,-1
2021471074561,2021,471074561,2,1,0,18,19,5,2,0,0,8,0,0,0,0,4,1,6,6,1,68,10,-1,-1,-1,-1,4,E01031809,0,-1
2021461086803,2021,461086803,1,9,0,18,19,3,7,0,0,0,0,0,0,0,2,1,5,6,1,56,9,-1,-1,-1,-1,6,E01024021,0,-1
2021302101705,2021,302101705,1,9,0,9,9,4,2,0,0,8,0,0,0,0,0,1,6,6,3,-1,-1,-1,-1,-1,-1,5,E01019456,0,-1
2021111075365,2021,111075365,2,1,0,18,19,3,7,0,0,1,0,0,0,0,1,1,5,6,1,67,10,-1,-1,-1,-1,8,E01008781,0,-1
2021010323637,2021,010323637,2,9,0,3,3,1,5,0,0,1,0,0,0,0,4,1,2,2,1,65,9,-1,-1,-1,-1,3,E01000944,0,-1
2021010340405,2021,010340405,2,1,0,18,19,1,5,0,0,8,0,0,0,0,1,1,6,6,2,25,5,-1,-1,-1,-1,5,E01002745,0,-1
2021010312268,2021,010312268,1,1,9,99,99,9,9,99,99,9,9,99,9,99,9,1,2,2,2,31,6,-1,-1,-1,-1,8,E01002989,0,-1
2021421053968,2021,421053968,2,-1,0,8,8,7,3,0,0,1,0,0,0,0,1,1,4,7,2,17,4,-1,-1,-1,-1,1,E01015867,1,-1
2021010327920,2021,010327920,1,9,9,18,19,1,5,0,0,9,9,0,9,0,1,9,6,6,3,-1,-1,-1,-1,-1,-1,-1,-1,0,-1
2021010314926,2021,010314926,2,9,0,99,99,9,9,99,99,9,9,99,9,99,1,9,6,6,3,43,7,-1,-1,-1,-1,4,E01001480,0,-1
2021052101856,2021,052101856,1,1,0,9,9,6,2,0,0,1,1,0,0,0,0,1,2,2,1,34,6,-1,-1,-1,-1,1,E01033228,0,-1
2021010291566,2021,010291566,2,98,0,6,6,2,2,99,99,0,9,99,9,99,1,9,6,6,3,-1,-1,-1,-1,-1,-1,-1,-1,0,-1
2021161013444,2021,161013444,2,9,0,2,2,0,0,0,0,0,0,0,0,0,2,1,6,6,3,-1,-1,-1,-1,-1,-1,-1,-1,0,-1
2021440515883,2021,440515883,2,1,0,18,19,8,4,0,0,8,0,0,0,0,4,1,6,6,1,17,4,-1,-1,-1,-1,2,E01022965,0,-1
2021010307910,2021,010307910,4,97,0,18,19,4,8,0,0,0,0,0,0,0,1,1,6,6,3,-1,-1,-1,-1,-1,-1,-1,-1,0,-1
2021332100246,2021,332100246,1,9,0,16,19,7,2,0,0,0,0,0,0,0,1,1,6,6,2,25,5,-1,-1,-1,-1,6,E01025910,0,-1
2021371125698,2021,371125698,2,3,0,18,19,3,7,0,0,0,0,0,0,0,4,1,1,1,1,19,4,-1,-1,-1,-1,2,E01030024,0,-1
2021991030481,2021,991030481,2,9,0,18,19,4,8,0,0,0,0,0,0,0,1,1,6,6,1,50,8,-1,-1,-1,-1,1,-1,0,-1
2021430466226,2021,430466226,1,1,0,18,19,1,5,0,0,0,0,0,0,0,4,1,2,2,1,20,4,-1,-1,-1,-1,2,E01033000,0,-1
2021101031704,2021,101031704,1,2,0,17,19,7,3,5,5,0,0,0,0,0,1,1,5,6,1,16,4,-1,-1,-1,-1,-1,-1,0,-1
2021052100200,2021,052100200,2,9,0,18,19,7,3,0,0,1,0,0,0,0,1,1,1,1,1,50,8,-1,-1,-1,-1,1,E01006760,0,-1
2021610020621,2021,610020621,1,9,0,5,5,1,5,0,0,1,0,0,0,0,1,1,6,6,1,55,8,-1,-1,-1,-1,-1,-1,0,-1
2021440222487,2021,440222487,1,1,0,18,19,2,6,0,0,8,0,0,0,0,1,1,6,6,1,20,4,-1,-1,-1,-1,4,E01023088,0,-1
2021201058679,2021,201058679,2,1,0,3,3,6,2,0,0,0,0,0,0,0,1,1,2,2,2,20,4,-1,-1,-1,-1,1,E01009410,0,-1
2021610037121,2021,610037121,2,19,0,4,4,1,5,0,0,1,0,0,0,0,2,1,1,1,1,35,6,-1,-1,-1,-1,-1,-1,0,-1
2021131056307,2021,131056307,1,1,0,9,9,5,1,0,0,2,0,0,0,0,1,1,5,6,1,17,4,-1,-1,-1,-1,1,E01010742,0,-1
2021010314053,2021,010314053,1,9,0,7,7,5,7,0,0,6,0,0,0,0,2,1,6,6,2,36,7,-1,-1,-1,-1,3,E01001244,0,-1
2021440342328,2021,440342328,1,-1,0,18,19,6,4,0,0,0,0,0,0,0,0,1,6,6,1,21,5,-1,-1,-1,-1,1,E01017118,1,-1
2021332100614,2021,332100614,1,9,0,18,19,1,5,0,0,8,0,0,0,0,1,1,1,1,2,46,8,-1,-1,-1,-1,8,E01032969,0,-1
2021041145009,2021,041145009,2,1,0,18,19,1,5,0,0,1,0,0,0,0,4,1,6,6,1,19,4,-1,-1,-1,-1,-1,-1,0,-1
202163C089721,2021,63C089721,2,19,0,4,4,7,3,0,0,0,0,0,0,0,2,1,2,2,1,49,8,-1,-1,-1,-1,7,W01000686,0,-1
2021231107788,2021,231107788,2,22,0,18,19,5,2,0,0,8,0,0,0,0,4,1,5,6,1,62,9,-1,-1,-1,-1,4,E01031170,0,-1
2021010330746,2021,010330746,1,9,9,99,99,9,9,99,99,9,9,99,9,99,9,9,6,6,3,-1,-1,-1,-1,-1,-1,-1,-1,0,-1
2021010299723,2021,010299723,2,9,0,99,99,9,9,99,99,9,9,99,9,99,1,9,6,6,3,-1,-1,-1,-1,-1,-1,-1,-1,0,-1
2021010307794,2021,010307794,1,9,0,5,5,1,5,0,0,8,0,0,0,0,1,1,6,6,3,-1,-1,-1,-1,-1,-1,-1,-1,0,-1
2021122100919,2021,122100919,1,1,0,18,19,2,6,0,0,0,0,0,0,0,1,1,6,6,1,44,7,-1,-1,-1,-1,4,E01027678,0,-1
2021332101060,2021,332101060,1,9,0,18,19,7,3,0,0,0,0,4,0,0,1,1,6,6,1,25,5,-1,-1,-1,-1,10,E01013803,0,-1
2021421012037,2021,421012037,2,1,0,18,19,3,8,0,0,8,5,0,0,0,4,1,6,6,2,46,8,-1,-1,-1,-1,-1,-1,0,-1
2021010317432,2021,010317432,1,1,9,99,99,9,9,99,99,0,9,99,9,99,9,1,6,6,1,27,6,-1,-1,-1,-1,3,E01003180,0,-1
2021010323996,2021,010323996,2,1,0,4,4,7,3,0,0,8,0,0,0,0,2,1,6,6,2,30,6,-1,-1,-1,-1,3,E01004063,0,-1
2021421084532,2021,421084532,1,9,0,18,19,4,2,0,0,0,0,0,0,0,0,1,6,6,3,-1,-1,-1,-1,-1,-1,-1,-1,0,-1
2021361116261,2021,361116261,1,90,-1,-1,-1,-1,-1,-1,-1,0,-1,-1,-1,0,-1,1,6,6,3,-1,-1,-1,-1,-1,-1,-1,-1,0,-1
2021320406134,2021,320406134,1,1,0,18,19,5,1,0,0,0,0,0,0,0,4,1,2,2,2,55,8,-1,-1,-1,-1,8,E01026141,0,-1
2021231094601,2021,231094601,2,1,0,18,19,5,1,0,0,8,0,0,0,0,3,1,5,6,1,54,8,-1,-1,-1,-1,7,E01031108,0,-1
2021501083139,2021,501083139,1,9,0,18,19,4,8,0,0,0,0,0,0,0,4,1,5,6,2,37,7,-1,-1,-1,-1,6,E01019893,0,-1
2021531120645,2021,531120645,1,8,0,13,13,7,3,0,0,1,0,0,0,0,4,1,1,1,2,23,5,-1,-1,-1,-1,3,E01001836,0,-1
2021440105429,2021,440105429,2,9,0,9,9,2,6,0,0,1,0,0,0,0,3,1,6,6,3,-1,-1,-1,-1,-1,-1,-1,-1,0,-1
2021622100180,2021,622100180,2,1,0,18,19,2,6,0,0,1,0,0,0,0,2,1,2,2,1,20,4,-1,-1,-1,-1,10,W01000870,0,-1
2021010319455,2021,010319455,1,9,0,5,5,5,1,0,0,1,0,0,0,0,1,1,6,6,3,-1,-1,-1,-1,-1,-1,-1,-1,0,-1
2021201108263,2021,201108263,2,90,0,18,19,4,3,0,0,1,0,0,0,0,3,1,1,1,1,24,5,-1,-1,-1,-1,1,E01033642,0,-1
2021332100305,2021,332100305,1,19,0,18,19,6,2,0,0,0,0,0,0,0,4,1,6,6,1,26,6,-1,-1,-1,-1,9,E01026357,0,-1
2021522104769,2021,522104769,4,9,0,3,3,4,8,0,0,0,0,0,0,0,2,1,6,6,2,45,7,-1,-1,-1,-1,10,W01001574,0,-1
2021010314408,2021,010314408,2,9,0,99,99,9,9,99,99,9,9,99,9,99,9,9,6,6,3,-1,-1,-1,-1,-1,-1,-1,-1,0,-1
2021201049978,2021,201049978,1,90,0,5,5,-1,-1,0,0,1,-1,-1,-1,0,-1,1,6,6,3,-1,-1,-1,-1,-1,-1,-1,-1,0,-1
2021010316733,2021,010316733,1,1,9,99,99,9,9,99,99,9,9,99,9,99,1,1,6,6,1,27,6,-1,-1,-1,-1,5,E01003161,0,-1
2021552100658,2021,552100658,2,9,0,17,19,1,7,0,0,8,0,0,1,11,1,1,6,6,2,17,4,-1,-1,-1,-1,10,E01020374,0,-1
2021010337302,2021,010337302,1,1,9,99,99,9,9,99,99,9,9,99,9,99,9,9,6,6,3,-1,-1,-1,-1,-1,-1,-1,-1,0,-1
2021061057384,2021,061057384,1,1,0,12,12,2,2,0,0,1,0,0,0,0,3,1,6,6,1,20,4,-1,-1,-1,-1,1,E01004946,0,-1
2021471085817,2021,471085817,2,1,0,18,19,7,3,0,0,2,0,0,0,0,1,1,6,6,1,22,5,-1,-1,-1,-1,3,E01016937,0,-1
2021531085342,2021,531085342,1,9,0,18,19,2,6,0,0,0,0,0,0,0,1,1,1,1,1,44,7,-1,-1,-1,-1,3,E01022294,0,-1
2021010307794,2021,010307794,2,1,0,5,5,1,5,0,0,8,0,0,0,0,2,1,6,6,1,52,8,-1,-1,-1,-1,3,E01004568,0,-1
202160Z070040,2021,60Z070040,2,9,0,17,19,1,5,0,0,0,0,0,0,0,1,1,6,6,2,69,10,-1,-1,-1,-1,-1,-1,0,-1
202160Z161948,2021,60Z161948,2,9,0,16,19,6,2,0,0,0,0,0,0,0,1,1,6,6,1,19,4,-1,-1,-1,-1,-1,-1,0,-1
2021991044463,2021,991044463,2,1,0,10,10,3,5,0,0,2,0,0,0,0,2,1,6,6,1,38,7,-1,-1,-1,-1,5,-1,0,-1
2021201147286,2021,201147286,2,9,0,3,3,3,7,0,0,1,0,0,0,0,2,1,6,6,2,35,6,-1,-1,-1,-1,5,E01009703,0,-1
2021461071465,2021,461071465,1,22,0,5,5,8,4,9,9,0,0,0,0,0,3,1,6,6,1,63,9,-1,-1,-1,-1,1,E01024667,0,-1
2021461100926,2021,461100926,2,1,0,18,19,8,4,0,0,1,5,0,0,0,1,1,6,6,1,-1,-1,-1,-1,-1,-1,6,E01024245,0,-1
202131C154321,2021,31C154321,1,9,0,1,1,8,4,0,0,0,0,0,0,0,2,1,6,6,3,-1,-1,-1,-1,-1,-1,-1,-1,0,-1
2021010349943,2021,010349943,1,9,0,99,99,9,9,99,99,0,9,99,9,99,1,9,6,6,3,-1,-1,-1,-1,-1,-1,-1,-1,0,-1
2021351108829,2021,351108829,1,-1,0,2,2,4,8,9,9,1,0,0,0,0,0,1,5,6,2,51,8,-1,-1,-1,-1,5,E01030229,1,-1
2021010296497,2021,010296497,2,1,0,7,7,7,2,0,0,8,0,0,0,0,1,1,6,6,1,75,10,-1,-1,-1,-1,3,E01001789,0,-1
2021522103620,2021,522103620,2,1,0,18,19,7,3,0,0,8,0,0,0,0,1,1,6,6,1,17,4,-1,-1,-1,-1,-1,-1,0,-1
2021610002821,2021,610002821,1,9,0,16,19,6,1,0,0,1,1,10,0,0,1,1,6,6,2,35,6,-1,-1,-1,-1,-1,-1,0,-1
2021122100660,2021,122100660,2,9,0,13,13,5,1,0,0,8,0,0,0,0,3,1,6,6,1,61,9,-1,-1,-1,-1,10,E01008557,0,-1
2021141076408,2021,141076408,2,9,0,4,4,7,3,0,0,0,1,0,0,0,1,1,1,1,1,26,6,-1,-1,-1,-1,6,E01007512,0,-1
2021010351620,2021,010351620,1,1,9,99,99,9,9,99,99,9,9,99,9,99,9,1,2,2,2,49,8,-1,-1,-1,-1,3,E01003536,0,-1
2021201116436,2021,201116436,1,9,0,18,19,4,8,0,0,1,0,0,0,0,3,1,6,6,1,-1,-1,-1,-1,-1,-1,-1,-1,0,-1
2021552100230,2021,552100230,2,1,0,17,19,4,8,0,0,8,0,0,0,0,1,1,6,6,1,43,7,-1,-1,-1,-1,3,E01015308,0,-1
2021351063680,2021,351063680,1,9,0,18,19,-1,-1,0,0,0,0,0,0,0,0,1,6,6,3,-1,-1,-1,-1,-1,-1,-1,-1,0,-1
2021430132697,2021,430132697,1,9,0,7,7,4,6,0,0,3,0,0,0,0,1,1,6,6,3,-1,-1,-1,-1,-1,-1,-1,-1,0,-1
202134WNC4191,2021,34WNC4191,1,1,0,18,19,1,5,0,0,8,0,0,0,0,1,1,6,6,1,21,5,-1,-1,-1,-1,1,E01027239,0,-1
2021332100414,2021,332100414,1,9,0,12,12,5,1,0,0,0,0,0,0,0,0,1,6,6,1,76,11,-1,-1,-1,-1,7,E01032425,0,-1
2021010351168,2021,010351168,2,9,0,99,99,9,9,99,99,9,9,99,9,99,2,9,6,6,3,31,6,-1,-1,-1,-1,-1,-1,0,-1
2021461038404,2021,461038404,1,9,0,17,19,6,2,0,0,0,0,0,1,0,1,1,5,6,1,57,9,-1,-1,-1,-1,8,E01024761,0,-1
2021131034749,2021,131034749,2,1,0,18,19,7,3,0,0,8,0,0,0,0,1,1,5,6,1,50,8,-1,-1,-1,-1,6,E01011802,0,-1
2021010344134,2021,010344134,2,1,9,99,99,9,9,99,99,9,9,99,9,99,9,1,6,6,3,-1,-1,-1,-1,-1,-1,-1,-1,0,-1
2021010343590,2021,010343590,1,1,9,99,99,9,9,99,99,9,9,99,9,99,9,1,2,2,1,54,8,-1,-1,-1,-1,2,E01004008,0,-1
2021010304086,2021,010304086,2,1,0,18,19,7,3,4,4,8,0,0,7,10,1,1,6,6,1,46,8,-1,-1,-1,-1,3,E01002620,0,-1
2021451067971,2021,451067971,2,1,0,18,19,1,6,0,0,8,0,0,0,0,4,1,5,6,1,63,9,-1,-1,-1,-1,10,E01030953,0,-1
2021201073522,2021,201073522,2,1,0,18,19,-1,-1,0,0,1,0,0,0,0,1,1,6,6,1,12,3,-1,-1,-1,-1,3,E01009876,0,-1
2021501092051,2021,501092051,1,22,0,16,19,6,2,0,0,0,2,0,0,0,0,1,5,6,1,77,11,-1,-1,-1,-1,8,E01022889,0,-1
2021161104844,2021,161104844,1,9,0,9,9,7,5,0,0,1,0,0,0,0,1,1,5,6,1,51,8,-1,-1,-1,-1,6,E01012987,0,-1
202160Z144577,2021,60Z144577,1,9,0,17,19,4,8,0,0,2,1,0,1,3,1,1,6,6,2,39,7,-1,-1,-1,-1,-1,-1,0,-1
2021041062800,2021,041062800,2,1,0,18,19,7,3,4,4,0,0,0,0,0,1,1,5,6,1,54,8,-1,-1,-1,-1,9,E01025441,0,-1