collision_index,collision_year,collision_ref_no,vehicle_reference,vehicle_type,towing_and_articulation,vehicle_manoeuvre_historic,vehicle_manoeuvre,vehicle_direction_from,vehicle_direction_to,vehicle_location_restricted_lane_historic,vehicle_location_restricted_lane,junction_location,skidding_and_overturning,hit_object_in_carriageway,vehicle_leaving_carriageway,hit_object_off_carriageway,first_point_of_impact,vehicle_left_hand_drive,journey_purpose_of_driver_historic,journey_purpose_of_driver,sex_of_driver,age_of_driver,age_band_of_driver,engine_capacity_cc,propulsion_code,age_of_vehicle,generic_make_model,driver_imd_decile,lsoa_of_driver,escooter_flag,driver_distance_banding
2021421062134,2021,421062134,1,1,0,9,9,5,3,0,0,0,0,0,0,0,1,1,6,6,1,20,4,-1,-1,-1,-1,3,E01021631,0,-1
2021622100997,2021,622100997,2,9,0,3,3,2,6,0,0,1,0,0,0,0,2,1,6,6,1,23,5,-1,-1,-1,-1,2,W01001660,0,-1
2021201073594,2021,201073594,2,1,0,18,19,6,2,0,0,6,0,0,0,0,4,1,6,6,1,22,5,-1,-1,-1,-1,3,E01009660,0,-1
2021471064558,2021,471064558,1,98,0,2,2,0,0,0,0,0,0,0,0,0,3,1,1,1,2,-1,-1,-1,-1,-1,-1,-1,-1,0,-1
2021361121812,2021,361121812,2,1,0,18,19,8,5,0,0,1,0,0,0,0,0,1,6,6,3,16,4,-1,-1,-1,-1,6,E01026797,0,-1
2021201064124,2021,201064124,2,9,0,18,19,7,3,0,0,0,0,0,0,0,2,1,6,6,1,38,7,-1,-1,-1,-1,4,E01009011,0,-1
2021010311467,2021,010311467,2,9,9,99,99,9,9,99,99,9,9,99,9,99,1,9,6,6,3,-1,-1,-1,-1,-1,-1,-1,-1,0,-1
2021041068256,2021,041068256,2,98,0,18,19,6,8,0,0,2,0,0,0,0,2,1,6,6,3,-1,-1,-1,-1,-1,-1,-1,-1,0,-1
2021010335937,2021,010335937,2,1,0,18,19,5,1,0,0,4,1,0,0,0,0,1,6,6,1,-1,-1,-1,-1,-1,-1,2,E01001875,0,-1
2021010335518,2021,010335518,1,1,9,99,99,9,9,99,99,0,9,99,9,99,9,1,2,2,1,35,6,-1,-1,-1,-1,7,E01000183,0,-1
2021421049426,2021,421049426,1,1,0,18,19,5,1,0,0,1,0,0,0,0,1,1,5,6,2,38,7,-1,-1,-1,-1,5,E01021393,0,-1
2021041090524,2021,041090524,2,1,-1,-1,-1,-1,-1,-1,-1,0,-1,-1,-1,0,1,1,6,6,1,14,3,-1,-1,-1,-1,1,E01012639,0,-1
2021061101705,2021,061101705,1,1,0,3,3,7,3,0,0,1,0,0,0,0,3,1,6,6,1,37,7,-1,-1,-1,-1,10,E01004842,0,-1
2021010305566,2021,010305566,2,1,9,99,99,9,9,99,99,9,9,99,9,99,1,1,6,6,3,-1,-1,-1,-1,-1,-1,-1,-1,0,-1
2021471105334,2021,471105334,2,1,0,9,9,7,5,0,0,0,0,0,0,0,1,1,5,6,1,52,8,-1,-1,-1,-1,7,E01031423,0,-1
2021332101522,2021,332101522,5,98,0,18,19,1,5,0,0,0,0,0,0,0,0,1,6,6,1,33,6,-1,-1,-1,-1,-1,-1,0,-1
2021010332406,2021,010332406,2,1,0,18,19,3,7,0,0,1,0,0,0,0,4,1,6,6,1,49,8,-1,-1,-1,-1,2,E01001152,0,-1
2021401050912,2021,401050912,2,-1,0,5,5,5,5,0,0,1,0,0,0,0,0,1,6,6,1,17,4,-1,-1,-1,-1,2,E01015779,1,-1
2021332100543,2021,332100543,1,9,0,5,5,6,2,0,0,0,0,0,0,0,2,1,6,6,1,47,8,-1,-1,-1,-1,10,E01025734,0,-1
2021501116398,2021,501116398,1,9,0,18,19,7,3,0,0,1,0,0,0,0,1,1,5,6,1,52,8,-1,-1,-1,-1,6,E01015264,0,-1
2021501096179,2021,501096179,2,4,0,14,14,6,3,0,0,1,0,0,0,0,1,1,5,6,1,48,8,-1,-1,-1,-1,8,E01014854,0,-1
2021010330263,2021,010330263,1,1,9,99,99,9,9,99,99,9,9,99,9,99,1,1,2,2,2,20,4,-1,-1,-1,-1,7,E01015848,0,-1
2021411015982,2021,411015982,2,9,0,18,19,7,3,0,0,4,0,0,0,0,3,1,6,6,3,-1,-1,-1,-1,-1,-1,-1,-1,0,-1
2021211130524,2021,211130524,2,90,-1,-1,-1,1,7,-1,-1,-1,-1,-1,-1,0,-1,1,2,2,1,30,6,-1,-1,-1,-1,2,E01029547,0,-1
2021221022143,2021,221022143,2,9,0,18,19,3,7,0,0,8,1,0,0,0,0,1,6,6,3,42,7,-1,-1,-1,-1,-1,-1,0,-1
202160Z002561,2021,60Z002561,3,9,0,2,2,0,0,0,0,0,0,0,0,0,1,1,6,6,1,66,10,-1,-1,-1,-1,-1,-1,0,-1
2021010303720,2021,010303720,2,-1,0,18,19,1,5,0,0,6,0,0,0,0,1,1,6,6,2,14,3,-1,-1,-1,-1,6,E01001678,1,-1
2021131086688,2021,131086688,1,9,0,16,19,3,7,-1,-1,8,1,0,0,0,-1,1,6,6,3,-1,-1,-1,-1,-1,-1,-1,-1,0,-1
2021010331727,2021,010331727,2,1,0,18,19,7,3,5,5,0,0,0,0,0,1,1,1,1,1,23,5,-1,-1,-1,-1,6,E01004474,0,-1
2021371093848,2021,371093848,1,9,0,18,19,-1,-1,0,0,0,0,0,0,0,1,1,6,6,1,-1,-1,-1,-1,-1,-1,-1,-1,0,-1
2021351046490,2021,351046490,2,19,-1,-1,-1,-1,-1,-1,-1,0,-1,-1,-1,0,-1,1,6,6,3,-1,-1,-1,-1,-1,-1,-1,-1,0,-1
2021332100494,2021,332100494,1,9,0,18,19,3,7,0,0,2,0,0,0,0,1,1,3,7,2,45,7,-1,-1,-1,-1,2,E01013687,0,-1
2021461202124,2021,461202124,2,1,0,18,19,1,5,0,0,0,0,0,0,0,1,1,5,6,1,-1,-1,-1,-1,-1,-1,6,E01024340,0,-1
2021010358124,2021,010358124,1,1,9,99,99,9,9,99,99,0,9,99,9,99,2,1,6,6,1,39,7,-1,-1,-1,-1,8,E01003422,0,-1
2021141067300,2021,141067300,2,9,0,-1,-1,-1,-1,-1,-1,0,-1,-1,-1,0,-1,1,6,6,3,-1,-1,-1,-1,-1,-1,-1,-1,0,-1
202160Z151952,2021,60Z151952,2,9,0,1,1,4,8,0,0,0,0,0,0,0,1,1,6,6,2,33,6,-1,-1,-1,-1,-1,-1,0,-1
2021332100746,2021,332100746,2,1,0,18,19,7,3,0,0,6,0,0,0,0,1,1,6,6,1,37,7,-1,-1,-1,-1,7,E01025658,0,-1
2021361108288,2021,361108288,2,1,0,18,19,7,3,0,0,0,5,0,0,0,1,1,6,6,2,-1,-1,-1,-1,-1,-1,-1,-1,0,-1
202160Z123311,2021,60Z123311,1,9,4,18,19,3,7,0,0,0,0,0,0,0,4,1,6,6,3,-1,-1,-1,-1,-1,-1,-1,-1,0,-1
2021610027521,2021,610027521,2,9,0,5,5,1,5,0,0,4,0,0,0,0,3,1,6,6,1,40,7,-1,-1,-1,-1,-1,-1,0,-1
2021421063155,2021,421063155,1,9,0,4,4,5,1,0,0,0,0,0,0,0,1,1,6,6,3,-1,-1,-1,-1,-1,-1,-1,-1,0,-1
2021010336673,2021,010336673,2,9,0,99,99,9,9,99,99,9,9,99,9,99,1,9,6,6,3,-1,-1,-1,-1,-1,-1,3,E01001391,0,-1
2021101049782,2021,101049782,2,1,0,-1,-1,-1,-1,-1,-1,0,-1,-1,-1,0,-1,1,6,6,1,-1,-1,-1,-1,-1,-1,-1,-1,0,-1
2021211037923,2021,211037923,2,1,0,17,19,2,6,0,0,8,0,0,0,0,2,1,2,2,1,44,7,-1,-1,-1,-1,6,E01019846,0,-1
2021031016022,2021,031016022,2,1,0,18,19,7,3,0,0,3,0,0,0,0,4,1,5,6,1,58,9,-1,-1,-1,-1,9,E01019328,0,-1
2021231054435,2021,231054435,1,1,0,18,19,4,8,9,9,6,0,0,0,0,1,1,5,6,1,15,3,-1,-1,-1,-1,5,E01031132,0,-1
2021501091271,2021,501091271,1,9,0,18,19,1,5,0,0,1,0,0,0,0,4,1,5,6,1,52,8,-1,-1,-1,-1,4,E01019064,0,-1
2021332100566,2021,332100566,1,9,0,13,13,2,6,0,0,2,0,0,0,0,1,1,6,6,1,23,5,-1,-1,-1,-1,9,E01025974,0,-1
2021201051739,2021,201051739,2,1,0,18,19,6,2,0,0,8,0,0,0,0,4,1,6,6,2,28,6,-1,-1,-1,-1,2,E01010404,0,-1
2021010337565,2021,010337565,1,9,0,18,19,7,3,0,0,1,0,0,0,0,1,1,6,6,1,28,6,-1,-1,-1,-1,5,E01002447,0,-1
2021010350871,2021,010350871,2,9,0,18,19,1,5,0,0,2,0,0,0,0,3,1,6,6,3,-1,-1,-1,-1,-1,-1,-1,-1,0,-1
2021461083589,2021,461083589,1,21,0,18,19,2,6,0,0,0,0,0,0,0,1,1,6,6,1,-1,-1,-1,-1,-1,-1,-1,-1,0,-1
2021991102567,2021,991102567,1,9,0,17,19,6,2,0,0,2,0,0,0,0,4,1,6,6,3,17,4,-1,-1,-1,-1,-1,-1,0,-1
2021010297694,2021,010297694,1,1,0,18,19,2,6,5,5,0,0,0,0,0,1,1,6,6,1,52,8,-1,-1,-1,-1,6,E01021263,0,-1
2021010332604,2021,010332604,2,97,0,99,99,9,9,99,99,9,9,99,9,99,1,9,6,6,3,-1,-1,-1,-1,-1,-1,-1,-1,0,-1
2021320049708,2021,320049708,2,1,0,9,9,5,3,0,0,2,5,0,0,0,2,1,6,6,1,56,9,-1,-1,-1,-1,8,E01026138,0,-1
2021201146942,2021,201146942,1,9,0,18,19,1,5,0,0,1,0,0,0,0,1,1,6,6,3,-1,-1,-1,-1,-1,-1,-1,-1,0,-1
2021522101836,2021,522101836,1,1,0,18,19,7,3,0,0,8,0,0,0,0,1,1,6,6,1,20,4,-1,-1,-1,-1,9,E01014796,0,-1
2021201147078,2021,201147078,1,9,0,14,14,8,4,0,0,0,0,4,0,0,1,1,6,6,1,45,7,-1,-1,-1,-1,2,E01010106,0,-1
2021211052873,2021,211052873,1,1,0,18,19,3,5,0,0,8,0,0,0,0,1,1,4,7,1,16,4,-1,-1,-1,-1,9,E01029860,0,-1
2021010305269,2021,010305269,2,1,9,99,99,9,9,99,99,9,9,99,9,99,1,1,6,6,3,-1,-1,-1,-1,-1,-1,8,E01004602,0,-1
2021501086327,2021,501086327,2,22,0,18,19,1,5,9,9,1,0,0,0,0,1,1,6,6,1,84,11,-1,-1,-1,-1,6,E01019971,0,-1
2021332100766,2021,332100766,1,19,0,13,13,6,2,0,0,0,0,0,0,0,4,1,6,6,3,-1,-1,-1,-1,-1,-1,-1,-1,0,-1
2021991040736,2021,991040736,1,9,0,9,9,7,3,0,0,5,0,0,0,0,0,1,6,6,3,-1,-1,-1,-1,-1,-1,-1,-1,0,-1
2021010333551,2021,010333551,2,1,9,99,99,9,9,99,99,0,9,99,9,99,1,1,6,6,3,-1,-1,-1,-1,-1,-1,4,E01004348,0,-1
2021010337311,2021,010337311,1,1,0,18,19,3,7,0,0,0,0,0,0,0,1,1,6,6,1,19,4,-1,-1,-1,-1,3,E01002568,0,-1
2021401109748,2021,401109748,1,9,0,7,7,6,2,0,0,0,0,0,0,0,1,1,2,2,1,-1,-1,-1,-1,-1,-1,-1,-1,0,-1
2021010320713,2021,010320713,1,1,9,99,99,9,9,99,99,9,9,99,9,99,9,1,2,2,2,26,6,-1,-1,-1,-1,3,E01000586,0,-1
2021041185243,2021,041185243,1,1,0,7,7,5,7,0,0,6,0,0,0,0,1,1,5,6,1,32,6,-1,-1,-1,-1,5,E01025314,0,-1
2021471104126,2021,471104126,2,-1,0,18,19,5,1,0,0,0,0,0,0,0,3,1,6,6,1,34,6,-1,-1,-1,-1,1,E01020984,1,-1
202131D008021,2021,31D008021,2,1,0,18,19,7,3,0,0,8,0,0,0,0,4,1,6,6,2,56,9,-1,-1,-1,-1,7,E01028417,0,-1
2021201058291,2021,201058291,1,9,0,18,19,4,8,9,9,0,0,7,6,0,1,1,6,6,1,72,10,-1,-1,-1,-1,3,E01009553,0,-1
202163DF00921,2021,63DF00921,3,5,0,17,19,4,2,0,0,0,0,0,0,0,0,1,6,6,1,35,6,-1,-1,-1,-1,1,W01001239,0,-1
2021401120932,2021,401120932,2,1,0,18,19,3,7,0,0,5,0,0,0,0,1,1,4,7,1,14,3,-1,-1,-1,-1,4,E01017567,0,-1
202160Z172155,2021,60Z172155,1,98,0,18,19,3,7,0,0,0,2,0,8,0,1,1,1,1,1,24,5,-1,-1,-1,-1,-1,-1,0,-1
2021471076440,2021,471076440,3,1,0,9,9,3,1,0,0,8,0,0,0,0,1,1,6,6,1,30,6,-1,-1,-1,-1,4,E01031344,0,-1
2021451032540,2021,451032540,2,9,0,4,4,1,5,0,0,8,0,0,0,0,4,1,1,1,1,43,7,-1,-1,-1,-1,8,E01017833,0,-1
2021320221951,2021,320221951,2,1,0,18,19,4,8,0,0,0,5,0,0,0,2,1,6,6,1,42,7,-1,-1,-1,-1,5,E01026232,0,-1
2021430159945,2021,430159945,2,1,0,18,19,4,8,0,0,1,0,0,0,0,1,1,6,6,1,33,6,-1,-1,-1,-1,8,E01017669,0,-1
2021320628270,2021,320628270,1,22,0,18,19,4,8,0,0,0,0,0,0,0,1,1,6,6,2,54,8,-1,-1,-1,-1,4,E01026288,0,-1
2021546380021,2021,546380021,1,9,0,18,19,7,3,0,0,0,5,0,2,10,1,1,6,6,2,58,9,-1,-1,-1,-1,10,E01021557,0,-1
2021010310851,2021,010310851,1,1,9,99,99,9,9,99,99,0,9,99,9,99,1,1,6,6,1,56,9,-1,-1,-1,-1,10,E01003858,0,-1
2021411036723,2021,411036723,2,9,0,3,3,5,1,0,0,1,0,0,0,0,1,1,6,6,1,22,5,-1,-1,-1,-1,8,E01018166,0,-1
2021501117269,2021,501117269,2,-1,0,7,7,1,3,0,0,8,0,0,0,0,1,1,5,6,1,15,3,-1,-1,-1,-1,7,E01015250,1,-1
2021332100175,2021,332100175,2,19,0,10,10,5,3,0,0,1,0,0,0,0,3,1,1,1,1,58,9,-1,-1,-1,-1,7,E01031140,0,-1
2021471089212,2021,471089212,2,1,0,18,19,5,3,0,0,8,0,0,0,0,1,1,5,6,1,71,10,-1,-1,-1,-1,8,E01021214,0,-1
2021411132826,2021,411132826,2,1,0,18,19,3,7,0,0,8,0,0,0,0,1,1,5,6,1,53,8,-1,-1,-1,-1,9,E01023962,0,-1
2021010304897,2021,010304897,2,1,0,18,19,3,7,0,0,2,0,0,0,0,0,1,1,1,1,19,4,-1,-1,-1,-1,2,E01001334,0,-1
2021451025289,2021,451025289,1,1,0,18,19,1,5,0,0,0,2,0,0,0,3,1,5,6,2,50,8,-1,-1,-1,-1,10,E01030512,0,-1
2021010295099,2021,010295099,1,1,9,99,99,9,9,99,99,9,9,99,9,99,1,1,2,2,1,36,7,-1,-1,-1,-1,9,E01000538,0,-1
2021010300289,2021,010300289,2,9,0,99,99,9,9,99,99,9,9,99,9,99,1,9,6,6,3,37,7,-1,-1,-1,-1,3,E01003989,0,-1
2021471113833,2021,471113833,1,9,0,5,5,8,2,0,0,6,0,0,0,0,1,1,1,1,1,28,6,-1,-1,-1,-1,9,E01020419,0,-1
2021111114985,2021,111114985,1,1,0,18,19,1,5,9,9,6,0,0,0,0,1,1,5,6,1,52,8,-1,-1,-1,-1,5,E01020687,0,-1
2021520102379,2021,520102379,1,9,0,18,19,8,4,0,0,0,0,0,0,0,3,1,6,6,1,49,8,-1,-1,-1,-1,10,E01029310,0,-1
2021061025086,2021,061025086,2,1,0,18,19,6,2,0,0,1,0,0,0,0,0,1,6,6,2,32,6,-1,-1,-1,-1,10,E01004893,0,-1
2021552100425,2021,552100425,2,1,0,18,19,4,8,0,0,8,1,0,0,0,1,1,2,2,1,18,4,-1,-1,-1,-1,5,E01020472,0,-1
202134NNC0341,2021,34NNC0341,1,9,0,10,10,5,1,0,0,8,0,0,0,0,1,1,6,6,1,32,6,-1,-1,-1,-1,-1,-1,0,-1
2021141115877,2021,141115877,2,9,0,-1,-1,-1,-1,-1,-1,0,-1,-1,-1,0,-1,1,6,6,3,-1,-1,-1,-1,-1,-1,-1,-1,0,-1
2021622100604,2021,622100604,1,21,4,18,19,4,8,0,0,0,0,0,0,0,1,2,1,1,1,41,7,-1,-1,-1,-1,-1,-1,0,-1
2021161115500,2021,161115500,2,-1,0,5,5,1,5,0,0,0,0,0,0,0,4,1,6,6,2,-1,-1,-1,-1,-1,-1,-1,-1,1,-1
2021430073798,2021,430073798,1,9,0,18,19,5,1,0,0,1,0,0,0,0,4,1,6,6,3,-1,-1,-1,-1,-1,-1,-1,-1,0,-1
2021440013526,2021,440013526,2,9,0,18,19,8,6,0,0,8,0,0,0,0,4,1,1,1,2,43,7,-1,-1,-1,-1,7,E01022710,0,-1
202163A027521,2021,63A027521,2,1,0,17,19,1,6,0,0,0,0,0,0,0,3,1,6,6,1,67,10,-1,-1,-1,-1,6,W01000709,0,-1
202131D096321,2021,31D096321,2,1,0,18,19,2,6,4,4,0,0,0,0,0,2,1,6,6,2,48,8,-1,-1,-1,-1,10,E01028364,0,-1
2021061041078,2021,061041078,1,1,0,18,19,4,8,0,0,8,0,0,0,0,1,1,6,6,1,67,10,-1,-1,-1,-1,2,E01005146,0,-1
2021440248920,2021,440248920,1,-1,0,18,19,7,3,0,0,0,0,0,0,0,0,1,6,6,1,35,6,-1,-1,-1,-1,3,E01017189,1,-1
2021411033618,2021,411033618,1,1,0,7,7,7,1,0,0,1,0,0,0,0,1,1,6,6,1,13,3,-1,-1,-1,-1,1,E01023844,0,-1
2021451035973,2021,451035973,2,1,0,18,19,7,3,0,0,0,1,4,0,0,1,1,2,2,2,24,5,-1,-1,-1,-1,9,E01030713,0,-1
2021170M30621,2021,170M30621,2,1,0,18,19,3,8,0,0,8,0,0,0,0,4,1,6,6,1,65,9,-1,-1,-1,-1,2,E01012042,0,-1
2021070628424,2021,070628424,2,1,0,18,19,3,7,0,0,0,5,0,0,0,3,1,4,7,2,13,3,-1,-1,-1,-1,-1,-1,0,-1
2021332100199,2021,332100199,1,9,0,17,19,7,5,0,0,8,0,0,0,0,1,1,6,6,2,39,7,-1,-1,-1,-1,1,E01013691,0,-1
2021061087495,2021,061087495,1,-1,0,18,19,8,2,5,5,1,0,0,0,0,1,1,5,6,1,18,4,-1,-1,-1,-1,1,E01005256,1,-1
2021010325935,2021,010325935,2,1,0,18,19,8,4,0,0,0,0,11,0,0,3,1,6,6,1,42,7,-1,-1,-1,-1,1,E01003318,0,-1
202160Z171606,2021,60Z171606,1,98,0,18,19,6,2,0,0,0,0,0,7,2,1,1,1,1,1,31,6,-1,-1,-1,-1,-1,-1,0,-1
2021540360121,2021,540360121,2,3,0,18,19,5,1,0,0,0,0,0,0,0,1,1,1,1,1,23,5,-1,-1,-1,-1,7,E01031866,0,-1
2021221134524,2021,221134524,1,9,0,16,19,4,7,0,0,0,0,0,1,10,1,1,5,6,1,52,8,-1,-1,-1,-1,7,E01013988,0,-1
2021221119696,2021,221119696,1,9,0,9,9,8,6,0,0,6,0,0,0,0,3,1,2,2,2,25,5,-1,-1,-1,-1,6,E01028923,0,-1
2021411117868,2021,411117868,2,1,0,18,19,-1,-1,0,0,8,0,0,0,0,1,1,6,6,1,28,6,-1,-1,-1,-1,6,E01023399,0,-1
2021211130617,2021,211130617,2,9,-1,-1,-1,-1,-1,-1,-1,0,-1,-1,-1,0,-1,1,5,6,2,41,7,-1,-1,-1,-1,1,E01014223,0,-1
2021351055917,2021,351055917,1,98,0,18,19,2,6,0,0,1,0,0,0,0,1,1,1,1,1,-1,-1,-1,-1,-1,-1,-1,-1,0,-1
2021201073010,2021,201073010,1,9,0,18,19,7,3,0,0,2,0,0,0,0,1,1,6,6,3,-1,-1,-1,-1,-1,-1,-1,-1,0,-1
2021451019441,2021,451019441,2,9,0,18,19,7,3,0,0,0,0,0,0,0,0,1,6,6,3,40,7,-1,-1,-1,-1,-1,-1,0,-1
2021471039091,2021,471039091,2,1,0,18,19,6,2,0,0,1,0,0,0,0,1,1,6,6,1,52,8,-1,-1,-1,-1,9,E01031751,0,-1
2021010322145,2021,010322145,1,1,9,99,99,9,9,99,99,9,9,99,9,99,9,1,1,1,1,27,6,-1,-1,-1,-1,-1,-1,0,-1
2021545630921,2021,545630921,2,1,0,18,19,3,7,0,0,0,0,0,0,0,1,1,6,6,1,61,9,-1,-1,-1,-1,4,E01015580,0,-1
2021010313186,2021,010313186,2,1,0,18,19,3,7,9,9,1,0,99,0,0,1,1,3,7,1,10,2,-1,-1,-1,-1,3,E01002564,0,-1
2021471094176,2021,471094176,2,1,0,18,19,4,8,0,0,0,0,0,0,0,1,1,5,6,1,48,8,-1,-1,-1,-1,1,E01020982,0,-1
2021421016355,2021,421016355,1,1,0,9,9,5,3,0,0,6,5,0,0,0,3,1,5,6,1,14,3,-1,-1,-1,-1,9,E01021555,0,-1
2021461029359,2021,461029359,1,9,0,18,19,3,7,0,0,1,0,0,0,0,1,1,5,6,3,-1,-1,-1,-1,-1,-1,-1,-1,0,-1
2021991099166,2021,991099166,1,-1,0,16,19,4,8,0,0,1,0,0,0,0,0,1,6,6,1,20,4,-1,-1,-1,-1,-1,-1,1,-1
2021010318114,2021,010318114,1,1,9,99,99,9,9,99,99,9,9,99,9,99,9,1,2,2,1,29,6,-1,-1,-1,-1,4,E01000926,0,-1
2021421014050,2021,421014050,1,20,1,12,12,6,3,0,0,0,0,0,0,0,4,1,1,1,1,42,7,-1,-1,-1,-1,-1,-1,0,-1
202160Z007730,2021,60Z007730,1,9,0,9,9,4,2,0,0,1,0,0,0,0,1,1,6,6,2,28,6,-1,-1,-1,-1,-1,-1,0,-1
2021991019285,2021,991019285,1,9,0,18,19,6,3,0,0,8,0,11,0,0,1,1,6,6,1,20,4,-1,-1,-1,-1,-1,-1,0,-1
2021221060617,2021,221060617,1,1,0,9,9,2,8,0,0,3,0,0,0,0,2,1,2,2,1,40,7,-1,-1,-1,-1,4,E01028876,0,-1
2021522103773,2021,522103773,1,1,0,18,19,5,1,0,0,1,0,0,0,0,3,1,6,6,1,49,8,-1,-1,-1,-1,10,E01014405,0,-1
2021010332376,2021,010332376,2,1,9,99,99,9,9,99,99,0,9,99,9,99,2,1,2,2,2,30,6,-1,-1,-1,-1,3,E01004228,0,-1
2021421065446,2021,421065446,1,1,0,18,19,8,4,0,0,8,0,0,1,0,1,1,5,6,1,13,3,-1,-1,-1,-1,7,E01021981,0,-1
2021332100081,2021,332100081,2,19,0,18,19,3,7,0,0,8,0,0,0,0,1,1,1,1,1,25,5,-1,-1,-1,-1,6,E01010011,0,-1
2021320150209,2021,320150209,2,9,0,18,19,8,4,0,0,1,0,0,0,0,1,1,6,6,2,22,5,-1,-1,-1,-1,8,E01026171,0,-1
202131C158021,2021,31C158021,2,9,0,18,19,6,2,0,0,8,0,0,0,0,3,1,6,6,3,-1,-1,-1,-1,-1,-1,-1,-1,0,-1
2021052101768,2021,052101768,1,1,0,18,19,3,7,0,0,0,0,0,0,0,1,1,6,6,3,-1,-1,-1,-1,-1,-1,-1,-1,0,-1
2021221070404,2021,221070404,2,1,0,18,19,7,3,0,0,8,0,0,0,0,1,1,5,6,1,65,9,-1,-1,-1,-1,7,E01014075,0,-1
202134WNC0671,2021,34WNC0671,2,9,0,18,19,7,3,0,0,0,0,0,0,0,2,1,6,6,1,22,5,-1,-1,-1,-1,-1,-1,0,-1
2021041018168,2021,041018168,1,1,0,18,19,5,1,0,0,2,0,0,0,0,4,1,5,6,2,38,7,-1,-1,-1,-1,5,E01025555,0,-1
2021531081912,2021,531081912,1,1,0,18,19,7,3,9,9,0,5,11,0,0,1,1,5,6,1,30,6,-1,-1,-1,-1,7,E01031488,0,-1
2021141065860,2021,141065860,1,1,0,18,19,1,5,0,0,8,5,0,0,0,3,1,2,2,2,48,8,-1,-1,-1,-1,4,E01007536,0,-1
2021070758500,2021,070758500,2,1,0,18,19,3,7,0,0,8,0,0,0,0,3,1,6,6,1,12,3,-1,-1,-1,-1,1,E01012424,0,-1
2021010287531,2021,010287531,2,9,0,99,99,9,9,99,99,9,9,99,9,99,1,9,6,6,3,-1,-1,-1,-1,-1,-1,-1,-1,0,-1
2021141017765,2021,141017765,2,98,0,2,2,1,1,0,0,0,0,0,0,0,2,1,6,6,1,-1,-1,-1,-1,-1,-1,-1,-1,0,-1
2021501133825,2021,501133825,1,9,0,18,19,1,5,0,0,0,0,0,1,10,1,1,6,6,1,81,11,-1,-1,-1,-1,5,E01018779,0,-1
2021141059013,2021,141059013,2,9,0,18,19,1,5,0,0,1,0,0,0,0,1,1,6,6,3,-1,-1,-1,-1,-1,-1,-1,-1,0,-1
2021010320722,2021,010320722,2,9,0,12,12,7,3,0,0,0,9,0,0,99,3,9,6,6,3,-1,-1,-1,-1,-1,-1,-1,-1,0,-1
2021010317624,2021,010317624,2,9,9,99,99,9,9,99,99,9,9,99,9,99,9,9,6,6,2,-1,-1,-1,-1,-1,-1,-1,-1,0,-1
2021320389492,2021,320389492,1,21,0,18,19,6,2,0,0,0,2,6,2,10,1,1,1,1,1,35,6,-1,-1,-1,-1,1,E01026168,0,-1
202160Z079907,2021,60Z079907,2,9,0,9,9,4,8,0,0,1,0,0,7,0,2,1,6,6,1,26,6,-1,-1,-1,-1,-1,-1,0,-1
2021010318594,2021,010318594,1,9,0,18,19,3,7,0,0,0,0,0,0,0,1,1,6,6,3,-1,-1,-1,-1,-1,-1,-1,-1,0,-1
2021401100645,2021,401100645,3,9,0,18,19,5,1,0,0,0,0,0,0,0,0,1,6,6,3,-1,-1,-1,-1,-1,-1,-1,-1,0,-1
2021010339676,2021,010339676,2,1,0,16,19,1,5,0,0,1,0,0,0,0,2,1,2,2,1,55,8,-1,-1,-1,-1,2,E01003350,0,-1
2021010318425,2021,010318425,2,1,0,18,19,4,8,0,0,1,0,0,0,0,3,1,1,1,2,28,6,-1,-1,-1,-1,7,E01002999,0,-1
2021501087471,2021,501087471,3,9,0,18,19,3,7,0,0,0,0,0,0,0,1,1,6,6,3,-1,-1,-1,-1,-1,-1,-1,-1,0,-1
202163A034821,2021,63A034821,1,9,0,18,19,7,4,0,0,8,0,0,0,0,1,1,6,6,2,25,5,-1,-1,-1,-1,-1,-1,0,-1
2021061056538,2021,061056538,2,9,0,7,7,8,2,0,0,1,0,0,0,0,1,1,5,6,3,30,6,-1,-1,-1,-1,-1,-1,0,-1
2021991059776,2021,991059776,2,1,0,18,19,2,6,0,0,8,5,0,0,0,3,1,4,7,1,9,2,-1,-1,-1,-1,9,-1,0,-1
2021010292967,2021,010292967,1,9,0,99,99,9,9,99,99,9,9,99,9,99,9,9,6,6,3,-1,-1,-1,-1,-1,-1,-1,-1,0,-1
2021170H10401,2021,170H10401,2,1,0,18,19,5,1,0,0,8,0,0,0,0,1,1,6,6,1,15,3,-1,-1,-1,-1,1,E01011999,0,-1
2021010297532,2021,010297532,3,9,0,2,2,0,0,0,0,0,0,0,0,0,3,1,6,6,3,-1,-1,-1,-1,-1,-1,-1,-1,0,-1
2021430261709,2021,430261709,2,1,0,18,19,8,4,9,9,8,0,0,0,0,1,1,4,7,1,12,3,-1,-1,-1,-1,10,E01016538,0,-1
2021052100162,2021,052100162,2,1,0,18,19,5,1,0,0,1,0,0,0,0,1,1,6,6,1,20,4,-1,-1,-1,-1,4,E01006501,0,-1
2021010304201,2021,010304201,1,9,0,9,9,5,3,0,0,5,0,0,1,0,4,1,6,6,3,-1,-1,-1,-1,-1,-1,-1,-1,0,-1
2021440408571,2021,440408571,2,1,0,17,19,6,2,0,0,0,0,0,0,0,4,1,6,6,1,51,8,-1,-1,-1,-1,9,E01023053,0,-1
2021351088792,2021,351088792,2,1,0,18,19,1,5,0,0,0,0,0,0,0,3,1,6,6,2,20,4,-1,-1,-1,-1,1,E01015603,0,-1
202134NNC2451,2021,34NNC2451,2,19,0,18,19,6,2,0,0,0,0,0,0,0,0,1,1,1,1,44,7,-1,-1,-1,-1,8,E01032966,0,-1
2021544031721,2021,544031721,1,1,0,18,19,2,6,0,0,0,5,0,0,0,1,1,6,6,1,45,7,-1,-1,-1,-1,8,E01015534,0,-1
2021141043729,2021,141043729,2,98,0,18,19,1,5,0,0,0,1,0,1,1,1,1,1,1,1,56,9,-1,-1,-1,-1,10,E01013527,0,-1
2021010309031,2021,010309031,1,1,9,18,19,1,5,0,0,8,9,0,0,0,1,1,6,6,1,46,8,-1,-1,-1,-1,4,E01003098,0,-1
2021010291649,2021,010291649,2,-1,9,99,99,9,9,99,99,9,9,99,9,99,9,1,6,6,3,-1,-1,-1,-1,-1,-1,-1,-1,1,-1