collision_index,collision_year,collision_ref_no,vehicle_reference,vehicle_type,towing_and_articulation,vehicle_manoeuvre_historic,vehicle_manoeuvre,vehicle_direction_from,vehicle_direction_to,vehicle_location_restricted_lane_historic,vehicle_location_restricted_lane,junction_location,skidding_and_overturning,hit_object_in_carriageway,vehicle_leaving_carriageway,hit_object_off_carriageway,first_point_of_impact,vehicle_left_hand_drive,journey_purpose_of_driver_historic,journey_purpose_of_driver,sex_of_driver,age_of_driver,age_band_of_driver,engine_capacity_cc,propulsion_code,age_of_vehicle,generic_make_model,driver_imd_decile,lsoa_of_driver,escooter_flag,driver_distance_banding
2021411118347,2021,411118347,2,1,0,18,19,7,3,0,0,8,0,0,0,0,1,1,6,6,1,53,8,-1,-1,-1,-1,6,E01023399,0,-1
2021411087947,2021,411087947,1,9,0,18,19,7,3,0,0,4,0,0,0,0,1,1,6,6,3,-1,-1,-1,-1,-1,-1,-1,-1,0,-1
2021010298787,2021,010298787,2,-1,0,18,19,5,1,9,9,0,0,0,0,0,1,1,6,6,1,54,8,-1,-1,-1,-1,2,E01000509,1,-1
2021141049826,2021,141049826,2,98,0,1,1,5,3,0,0,2,0,0,0,0,-1,1,1,1,1,25,5,-1,-1,-1,-1,1,E01008007,0,-1
2021361054103,2021,361054103,1,9,0,15,15,5,7,0,0,3,0,0,0,0,0,1,6,6,3,-1,-1,-1,-1,-1,-1,-1,-1,0,-1
2021010335349,2021,010335349,2,3,0,3,3,4,8,0,0,1,5,0,0,0,1,1,6,6,1,38,7,-1,-1,-1,-1,10,E01020062,0,-1
2021010328345,2021,010328345,2,1,0,5,5,5,1,0,0,0,0,0,0,0,2,1,6,6,2,52,8,-1,-1,-1,-1,7,E01000862,0,-1
2021010294164,2021,010294164,2,9,9,99,99,9,9,99,99,0,9,99,9,99,9,1,6,6,3,-1,-1,-1,-1,-1,-1,-1,-1,0,-1
2021170M10191,2021,170M10191,2,1,0,18,19,8,4,0,0,8,0,0,0,0,3,1,2,2,1,32,6,-1,-1,-1,-1,1,E01012016,0,-1
2021451124176,2021,451124176,2,9,0,17,19,5,1,0,0,0,0,0,0,0,1,1,1,1,1,57,9,-1,-1,-1,-1,8,E01003895,0,-1
2021141116024,2021,141116024,1,11,0,18,19,1,1,0,0,1,0,0,0,0,0,1,1,1,1,31,6,-1,-1,-1,-1,2,E01019576,0,-1
2021010331735,2021,010331735,1,1,9,99,99,9,9,99,99,9,9,99,9,99,1,1,6,6,1,34,6,-1,-1,-1,-1,1,E01004244,0,-1
2021451029675,2021,451029675,2,1,0,18,19,1,5,0,0,0,2,0,0,0,1,1,6,6,1,48,8,-1,-1,-1,-1,9,E01030605,0,-1
2021161084285,2021,161084285,1,8,0,5,5,3,7,0,0,6,0,0,0,0,1,1,1,1,2,-1,-1,-1,-1,-1,-1,4,E01013050,0,-1
2021302101929,2021,302101929,2,9,0,1,1,0,0,0,0,2,0,0,0,0,2,1,6,6,3,-1,-1,-1,-1,-1,-1,5,E01019456,0,-1
2021332100361,2021,332100361,1,9,0,4,4,5,1,0,0,0,0,0,0,0,2,1,6,6,2,31,6,-1,-1,-1,-1,4,E01030251,0,-1
2021991020880,2021,991020880,2,9,0,2,2,0,0,0,0,0,0,0,0,0,2,1,1,1,1,25,5,-1,-1,-1,-1,7,-1,0,-1
2021010320817,2021,010320817,1,9,0,18,19,7,3,0,0,0,0,0,0,0,1,1,6,6,3,-1,-1,-1,-1,-1,-1,-1,-1,0,-1
2021201076089,2021,201076089,2,1,0,18,19,3,7,0,0,1,0,0,0,0,3,1,6,6,2,24,5,-1,-1,-1,-1,4,E01009626,0,-1
2021471106935,2021,471106935,2,1,0,11,11,7,4,0,0,0,0,0,0,0,4,1,5,6,1,52,8,-1,-1,-1,-1,5,E01031565,0,-1
2021010324189,2021,010324189,2,1,0,18,19,7,3,0,0,0,0,0,0,0,1,1,6,6,1,35,6,-1,-1,-1,-1,9,E01003380,0,-1
2021141096093,2021,141096093,2,9,0,18,19,1,5,0,0,0,0,0,5,6,2,1,6,6,2,42,7,-1,-1,-1,-1,7,E01021971,0,-1
202160Z089584,2021,60Z089584,1,9,0,7,7,7,1,0,0,5,0,0,0,0,1,1,1,1,1,55,8,-1,-1,-1,-1,-1,-1,0,-1
2021070727416,2021,070727416,1,9,0,18,19,8,4,0,0,1,0,0,0,0,4,1,6,6,1,-1,-1,-1,-1,-1,-1,-1,-1,0,-1
2021411046428,2021,411046428,2,1,-1,18,19,3,7,0,0,1,0,0,0,0,1,1,6,6,1,48,8,-1,-1,-1,-1,9,E01023728,0,-1
2021010313495,2021,010313495,2,98,9,99,99,9,9,99,99,9,9,99,9,99,9,9,6,6,3,-1,-1,-1,-1,-1,-1,-1,-1,0,-1
2021010331675,2021,010331675,1,1,0,18,19,4,8,2,2,8,0,0,0,0,4,1,6,6,1,42,7,-1,-1,-1,-1,2,E01003304,0,-1
2021010342776,2021,010342776,1,9,0,18,19,3,7,0,0,8,0,0,0,0,3,1,6,6,1,-1,-1,-1,-1,-1,-1,-1,-1,0,-1
2021221030605,2021,221030605,2,19,0,7,7,3,6,0,0,3,0,0,0,0,1,1,5,6,1,27,6,-1,-1,-1,-1,9,E01029631,0,-1
2021430253855,2021,430253855,2,-1,0,18,19,1,5,0,0,8,0,0,0,0,1,1,6,6,2,25,5,-1,-1,-1,-1,4,E01017904,1,-1
2021302101735,2021,302101735,3,9,0,2,2,0,0,0,0,0,0,0,0,0,0,1,6,6,3,-1,-1,-1,-1,-1,-1,-1,-1,0,-1
2021332100119,2021,332100119,1,9,0,18,19,8,4,0,0,4,0,0,0,0,1,1,6,6,1,29,6,-1,-1,-1,-1,5,E01013612,0,-1
2021052101008,2021,052101008,2,1,0,18,19,7,3,0,0,8,0,0,0,0,3,1,6,6,1,80,11,-1,-1,-1,-1,3,E01029553,0,-1
2021010338232,2021,010338232,1,1,0,18,19,3,7,0,0,0,0,0,0,0,3,1,6,6,1,45,7,-1,-1,-1,-1,3,E01004425,0,-1
2021320212099,2021,320212099,1,9,0,7,7,2,4,0,0,8,0,0,0,0,4,1,6,6,1,40,7,-1,-1,-1,-1,-1,-1,0,-1
2021041047896,2021,041047896,1,9,0,9,9,-1,-1,-1,-1,7,-1,-1,-1,0,-1,1,6,6,3,-1,-1,-1,-1,-1,-1,-1,-1,0,-1
2021010312322,2021,010312322,2,2,0,9,9,5,3,0,0,1,0,0,0,0,4,1,6,6,1,39,7,-1,-1,-1,-1,3,E01001366,0,-1
202131C177321,2021,31C177321,2,9,0,7,7,2,4,0,0,6,0,0,0,0,1,1,6,6,3,-1,-1,-1,-1,-1,-1,-1,-1,0,-1
2021351112745,2021,351112745,1,9,0,18,19,3,5,0,0,1,0,0,0,0,1,1,6,6,3,-1,-1,-1,-1,-1,-1,-1,-1,0,-1
2021332100028,2021,332100028,1,9,0,18,19,2,6,0,0,0,0,0,0,0,1,1,2,2,1,32,6,-1,-1,-1,-1,3,E01013719,0,-1
2021138130789,2021,138130789,2,-1,0,18,19,4,8,0,0,0,0,0,0,0,1,1,6,6,1,15,3,-1,-1,-1,-1,4,E01011613,1,-1
2021131048863,2021,131048863,2,1,0,18,19,1,5,0,0,4,0,0,0,0,3,1,5,6,1,52,8,-1,-1,-1,-1,1,E01011140,0,-1
2021522201478,2021,522201478,2,1,0,12,12,6,2,0,0,8,0,0,0,0,0,1,6,6,3,25,5,-1,-1,-1,-1,-1,-1,0,-1
2021010329150,2021,010329150,1,1,9,99,99,9,9,99,99,9,9,99,9,99,1,1,6,6,1,24,5,-1,-1,-1,-1,8,E01004506,0,-1
2021131037041,2021,131037041,1,1,0,18,19,6,6,9,9,2,1,0,0,0,0,1,6,6,1,54,8,-1,-1,-1,-1,2,E01010889,0,-1
2021520101614,2021,520101614,1,9,0,18,19,7,3,0,0,8,0,0,0,0,1,1,6,6,1,29,6,-1,-1,-1,-1,5,E01029101,0,-1
2021411040146,2021,411040146,2,1,-1,-1,-1,-1,-1,0,0,0,2,0,-1,0,-1,1,6,6,1,14,3,-1,-1,-1,-1,-1,-1,0,-1
2021161099865,2021,161099865,2,1,0,18,19,6,2,4,4,8,0,0,0,0,1,1,6,6,1,27,6,-1,-1,-1,-1,1,E01012838,0,-1
2021332100321,2021,332100321,2,9,0,18,19,6,2,0,0,2,0,0,0,0,3,1,2,2,2,57,9,-1,-1,-1,-1,8,E01025671,0,-1
2021010308635,2021,010308635,1,97,0,18,19,1,5,0,0,0,0,0,0,0,1,1,6,6,3,-1,-1,-1,-1,-1,-1,-1,-1,0,-1
2021552200102,2021,552200102,1,1,0,9,9,2,6,0,0,8,0,0,0,0,1,1,6,6,1,45,7,-1,-1,-1,-1,9,E01020417,0,-1
2021610021821,2021,610021821,2,9,0,18,19,1,0,0,0,0,0,0,0,0,1,1,6,6,2,-1,-1,-1,-1,-1,-1,-1,-1,0,-1
2021010301204,2021,010301204,2,1,0,13,13,5,1,0,0,1,0,0,1,0,4,1,6,6,1,25,5,-1,-1,-1,-1,3,E01004735,0,-1
2021010349961,2021,010349961,2,1,0,18,19,7,3,0,0,8,0,0,0,0,1,1,6,6,1,27,6,-1,-1,-1,-1,2,E01003248,0,-1
2021430258412,2021,430258412,3,9,0,18,19,2,6,0,0,1,0,0,0,0,1,1,6,6,2,42,7,-1,-1,-1,-1,10,E01016184,0,-1
2021610023921,2021,610023921,3,9,0,18,19,8,4,0,0,4,0,0,0,0,0,1,6,6,1,-1,-1,-1,-1,-1,-1,-1,-1,0,-1
202160Z124760,2021,60Z124760,1,9,0,9,9,4,2,0,0,1,0,0,0,0,1,1,2,2,2,34,6,-1,-1,-1,-1,-1,-1,0,-1
2021010327812,2021,010327812,1,1,9,99,99,9,9,99,99,8,9,99,9,99,9,1,6,6,1,30,6,-1,-1,-1,-1,5,E01003054,0,-1
202134NNC0011,2021,34NNC0011,2,9,0,1,1,7,3,0,0,0,0,0,0,0,3,1,6,6,2,57,9,-1,-1,-1,-1,-1,-1,0,-1
2021361088008,2021,361088008,2,9,0,18,19,1,7,0,0,8,0,0,0,0,0,1,6,6,3,-1,-1,-1,-1,-1,-1,-1,-1,0,-1
2021501067504,2021,501067504,1,9,0,18,19,3,7,0,0,0,0,0,0,0,1,1,6,6,3,-1,-1,-1,-1,-1,-1,-1,-1,0,-1
2021141065860,2021,141065860,2,9,0,-1,-1,-1,-1,-1,-1,8,-1,-1,-1,0,-1,1,6,6,3,-1,-1,-1,-1,-1,-1,-1,-1,0,-1
2021122100355,2021,122100355,2,1,0,15,15,5,1,9,9,1,0,0,0,0,1,1,1,1,2,24,5,-1,-1,-1,-1,10,E01013340,0,-1
2021461060026,2021,461060026,1,17,0,9,9,5,1,0,0,0,0,0,0,0,1,1,5,6,1,-1,-1,-1,-1,-1,-1,-1,-1,0,-1
2021010342115,2021,010342115,1,1,9,99,99,9,9,99,99,9,9,99,9,99,9,1,6,6,1,60,9,-1,-1,-1,-1,3,E01001768,0,-1
2021010334092,2021,010334092,2,1,0,18,19,7,3,0,0,1,0,0,1,0,1,1,2,2,1,25,5,-1,-1,-1,-1,1,E01001822,0,-1
2021332100413,2021,332100413,2,1,0,18,19,1,5,0,0,6,0,0,0,0,3,1,6,6,2,11,3,-1,-1,-1,-1,8,E01025768,0,-1
2021010310189,2021,010310189,3,9,0,99,99,9,9,99,99,9,9,99,9,99,2,9,6,6,3,-1,-1,-1,-1,-1,-1,-1,-1,0,-1
2021070447135,2021,070447135,1,9,0,15,15,2,5,0,0,1,0,0,0,0,0,1,6,6,3,-1,-1,-1,-1,-1,-1,-1,-1,0,-1
2021010316802,2021,010316802,1,1,9,99,99,9,9,99,99,9,9,99,9,99,1,1,6,6,1,22,5,-1,-1,-1,-1,4,E01001180,0,-1
2021471014310,2021,471014310,2,9,0,5,5,5,1,0,0,0,0,0,0,0,2,1,2,2,2,26,6,-1,-1,-1,-1,6,E01031554,0,-1
2021332101053,2021,332101053,3,9,0,16,19,1,4,0,0,0,0,0,1,0,1,1,6,6,1,22,5,-1,-1,-1,-1,8,E01025810,0,-1
2021010305127,2021,010305127,1,9,0,4,4,3,7,0,0,1,0,0,0,0,1,1,6,6,1,60,9,-1,-1,-1,-1,10,E01030590,0,-1
2021041109036,2021,041109036,2,18,0,18,19,5,1,1,1,0,0,0,0,0,0,1,1,1,1,38,7,-1,-1,-1,-1,5,E01012729,0,-1
2021411049977,2021,411049977,2,1,0,18,19,1,5,9,9,1,0,0,0,0,1,1,6,6,1,11,3,-1,-1,-1,-1,4,E01023899,0,-1
2021332100867,2021,332100867,2,9,0,18,19,5,2,0,0,8,0,0,0,0,1,1,6,6,1,50,8,-1,-1,-1,-1,1,E01030256,0,-1
2021010325112,2021,010325112,2,1,0,3,3,5,1,0,0,1,0,0,0,0,2,1,6,6,1,25,5,-1,-1,-1,-1,4,E01004580,0,-1
2021131092386,2021,131092386,1,9,0,13,13,3,7,0,0,0,0,0,0,0,1,1,6,6,1,39,7,-1,-1,-1,-1,1,E01011494,0,-1
2021461023696,2021,461023696,1,9,0,18,19,1,5,0,0,0,0,0,0,0,1,1,6,6,3,-1,-1,-1,-1,-1,-1,-1,-1,0,-1
2021141107005,2021,141107005,1,9,0,-1,-1,-1,-1,-1,-1,2,-1,-1,-1,0,-1,1,6,6,3,-1,-1,-1,-1,-1,-1,-1,-1,0,-1
2021332100921,2021,332100921,2,9,0,18,19,2,6,0,0,2,0,0,0,0,1,1,6,6,3,-1,-1,-1,-1,-1,-1,-1,-1,0,-1
202160Z025400,2021,60Z025400,2,3,0,10,10,5,1,0,0,1,5,0,0,0,2,1,6,6,1,22,5,-1,-1,-1,-1,-1,-1,0,-1
2021221112834,2021,221112834,2,1,0,18,19,6,2,0,0,8,0,0,0,0,1,1,5,6,1,52,8,-1,-1,-1,-1,8,E01032463,0,-1
2021522106110,2021,522106110,2,1,0,18,19,3,7,0,0,8,0,0,0,0,1,1,6,6,1,17,4,-1,-1,-1,-1,3,E01014644,0,-1
202131C158021,2021,31C158021,1,-1,0,18,19,4,8,0,0,8,0,0,0,0,1,1,6,6,1,20,4,-1,-1,-1,-1,1,E01013846,1,-1
2021411085658,2021,411085658,3,1,0,18,19,1,5,0,0,0,0,0,0,0,1,1,4,7,1,15,3,-1,-1,-1,-1,10,E01023473,0,-1
2021010348830,2021,010348830,1,1,9,99,99,9,9,99,99,9,9,99,9,99,1,1,6,6,1,25,5,-1,-1,-1,-1,2,E01000889,0,-1
2021451050307,2021,451050307,2,98,1,18,19,7,3,0,0,8,0,0,0,0,4,2,1,1,1,59,9,-1,-1,-1,-1,-1,-1,0,-1
2021010318586,2021,010318586,1,9,0,18,19,1,5,0,0,1,0,0,0,0,1,1,6,6,1,-1,-1,-1,-1,-1,-1,-1,-1,0,-1
2021610029921,2021,610029921,2,4,0,18,19,1,5,0,0,1,0,0,0,0,1,1,6,6,1,20,4,-1,-1,-1,-1,-1,-1,0,-1
2021610062121,2021,610062121,1,9,0,18,19,3,7,0,0,8,0,0,0,0,1,1,1,1,1,37,7,-1,-1,-1,-1,2,W01001692,0,-1
2021070395330,2021,070395330,2,1,0,18,19,3,7,0,0,0,0,0,0,0,3,1,6,6,1,59,9,-1,-1,-1,-1,8,E01018440,0,-1
2021010328984,2021,010328984,1,-1,5,3,3,2,6,0,0,1,1,10,0,0,1,1,6,6,1,26,6,-1,-1,-1,-1,10,E01003007,1,-1
2021052102884,2021,052102884,1,9,0,18,19,3,7,0,0,0,0,0,0,0,1,1,6,6,3,-1,-1,-1,-1,-1,-1,-1,-1,0,-1
2021332100259,2021,332100259,1,9,0,9,9,7,5,0,0,6,0,0,0,0,1,1,2,2,1,54,8,-1,-1,-1,-1,8,E01019691,0,-1
2021010335844,2021,010335844,2,1,0,4,4,5,1,0,0,1,0,0,0,0,1,1,1,1,1,22,5,-1,-1,-1,-1,1,E01004206,0,-1
2021122101215,2021,122101215,2,1,0,10,10,1,5,0,0,1,0,0,0,0,4,1,6,6,1,22,5,-1,-1,-1,-1,6,E01013383,0,-1
2021520200927,2021,520200927,2,1,0,18,19,7,3,0,0,8,0,0,0,0,1,1,6,6,2,71,10,-1,-1,-1,-1,9,E01029252,0,-1
2021430186805,2021,430186805,2,1,0,18,19,5,1,0,0,8,0,0,0,0,1,1,6,6,1,33,6,-1,-1,-1,-1,2,E01016847,0,-1
2021010339744,2021,010339744,1,1,0,18,19,3,7,4,4,1,0,0,0,0,1,1,2,2,1,57,9,-1,-1,-1,-1,3,E01001669,0,-1
2021421124673,2021,421124673,2,1,0,18,19,3,7,9,9,1,0,4,0,0,1,1,6,6,2,30,6,-1,-1,-1,-1,7,E01021606,0,-1
2021461114487,2021,461114487,1,97,0,18,19,5,3,0,0,0,0,0,0,0,1,1,6,6,1,33,6,-1,-1,-1,-1,1,E01024563,0,-1
2021610006321,2021,610006321,2,9,0,18,19,7,3,0,0,0,0,0,0,0,1,1,6,6,2,60,9,-1,-1,-1,-1,-1,-1,0,-1
2021010296002,2021,010296002,2,-1,0,18,19,4,8,99,99,9,9,99,0,0,9,9,6,6,2,23,5,-1,-1,-1,-1,7,E01002470,1,-1
2021430346263,2021,430346263,2,9,0,18,19,6,2,0,0,1,0,0,0,0,1,1,6,6,2,50,8,-1,-1,-1,-1,6,E01016506,0,-1
2021332100490,2021,332100490,1,9,0,9,9,5,3,0,0,5,0,0,0,0,3,1,6,6,1,28,6,-1,-1,-1,-1,9,E01025998,0,-1
2021461094673,2021,461094673,2,1,0,3,3,1,5,0,0,0,0,0,0,0,4,1,5,6,1,51,8,-1,-1,-1,-1,9,E01024112,0,-1
2021332100589,2021,332100589,2,1,0,18,19,1,5,5,5,8,0,0,0,0,3,1,1,1,1,33,6,-1,-1,-1,-1,1,E01013748,0,-1
2021111095878,2021,111095878,2,1,0,18,19,5,1,0,0,8,0,0,0,0,4,1,6,6,1,83,11,-1,-1,-1,-1,4,E01020625,0,-1
2021010300323,2021,010300323,2,9,0,99,99,9,9,99,99,9,9,99,9,99,9,9,6,6,3,-1,-1,-1,-1,-1,-1,-1,-1,0,-1
2021522101232,2021,522101232,3,9,0,18,19,2,6,0,0,0,0,0,0,0,1,-1,6,6,3,30,6,-1,-1,-1,-1,-1,-1,0,-1
2021471024284,2021,471024284,1,1,0,18,19,7,3,0,0,1,0,0,0,0,1,1,6,6,1,-1,-1,-1,-1,-1,-1,3,E01016869,0,-1
2021161113999,2021,161113999,2,9,0,5,5,5,1,0,0,0,0,0,0,0,3,1,6,6,2,-1,-1,-1,-1,-1,-1,-1,-1,0,-1
2021610032821,2021,610032821,1,9,0,18,19,6,2,0,0,1,0,0,0,0,4,1,6,6,2,44,7,-1,-1,-1,-1,-1,-1,0,-1
2021221119117,2021,221119117,2,1,0,7,7,7,8,0,0,8,0,0,0,0,2,1,5,6,1,17,4,-1,-1,-1,-1,8,E01032195,0,-1
2021010295845,2021,010295845,1,9,0,18,19,5,1,0,0,0,0,0,0,0,1,1,6,6,1,-1,-1,-1,-1,-1,-1,-1,-1,0,-1
2021010336003,2021,010336003,1,1,9,99,99,9,9,99,99,9,9,99,9,99,2,1,1,1,1,25,5,-1,-1,-1,-1,2,E01003990,0,-1
2021201113229,2021,201113229,1,98,0,18,19,-1,-1,0,0,0,0,0,0,0,1,1,6,6,1,28,6,-1,-1,-1,-1,1,E01010054,0,-1
2021201144414,2021,201144414,2,1,0,18,19,8,4,1,1,8,0,0,0,0,4,1,6,6,2,54,8,-1,-1,-1,-1,7,E01010544,0,-1
2021421052181,2021,421052181,1,21,1,12,12,1,5,0,0,0,0,0,0,0,3,2,1,1,1,35,6,-1,-1,-1,-1,-1,-1,0,-1
202160Z185336,2021,60Z185336,1,9,0,17,19,6,2,0,0,0,1,0,1,4,1,1,6,6,1,18,4,-1,-1,-1,-1,-1,-1,0,-1
2021010321261,2021,010321261,2,9,0,99,99,9,9,99,99,9,9,99,9,99,0,9,6,6,3,-1,-1,-1,-1,-1,-1,2,E01000501,0,-1
2021351175157,2021,351175157,2,1,0,18,19,3,7,0,0,8,5,0,0,0,4,1,6,6,2,40,7,-1,-1,-1,-1,8,E01018280,0,-1
2021991094454,2021,991094454,1,1,0,18,19,7,3,0,0,8,0,0,0,0,4,1,1,1,1,31,6,-1,-1,-1,-1,-1,-1,0,-1
2021010333930,2021,010333930,2,1,0,18,19,7,3,0,0,1,0,0,0,0,1,1,6,6,1,36,7,-1,-1,-1,-1,6,E01000273,0,-1
2021610031421,2021,610031421,2,5,0,18,19,6,2,0,0,1,0,0,0,0,1,1,6,6,1,30,6,-1,-1,-1,-1,-1,-1,0,-1
2021010294409,2021,010294409,1,9,0,99,99,9,9,99,99,9,9,99,9,99,9,1,6,6,3,59,9,-1,-1,-1,-1,8,E01002868,0,-1
2021010331948,2021,010331948,1,1,9,99,99,9,9,99,99,0,9,99,9,99,1,1,6,6,1,51,8,-1,-1,-1,-1,2,E01001815,0,-1
2021010335087,2021,010335087,3,9,0,2,2,0,0,0,0,3,0,0,0,0,2,1,6,6,3,-1,-1,-1,-1,-1,-1,-1,-1,0,-1
2021010325530,2021,010325530,2,9,0,18,19,1,5,0,0,0,0,0,0,0,1,1,6,6,3,-1,-1,-1,-1,-1,-1,-1,-1,0,-1
2021122100127,2021,122100127,1,19,0,18,19,5,2,0,0,1,0,0,0,0,4,1,6,6,3,-1,-1,-1,-1,-1,-1,-1,-1,0,-1
2021101106016,2021,101106016,1,1,0,18,19,1,5,5,5,0,0,0,0,0,1,1,6,6,1,13,3,-1,-1,-1,-1,-1,-1,0,-1
2021070624485,2021,070624485,2,1,0,12,12,6,2,0,0,0,0,0,0,0,2,1,6,6,1,57,9,-1,-1,-1,-1,9,E01018470,0,-1
2021461095108,2021,461095108,1,9,0,18,19,5,1,0,0,0,0,0,0,0,1,1,6,6,3,-1,-1,-1,-1,-1,-1,-1,-1,0,-1
2021010308320,2021,010308320,1,1,9,99,99,9,9,99,99,9,9,99,9,99,0,1,2,2,1,26,6,-1,-1,-1,-1,8,E01003355,0,-1
2021332100532,2021,332100532,2,9,0,2,2,0,0,0,0,0,0,0,0,0,3,1,6,6,3,-1,-1,-1,-1,-1,-1,-1,-1,0,-1
2021010336046,2021,010336046,2,1,0,15,15,5,1,0,0,0,5,0,0,0,3,1,6,6,1,50,8,-1,-1,-1,-1,7,E01001890,0,-1
2021201025487,2021,201025487,2,1,0,18,19,4,8,0,0,0,0,0,0,0,4,1,6,6,1,16,4,-1,-1,-1,-1,5,E01010468,0,-1
2021991101084,2021,991101084,1,9,0,18,19,4,8,0,0,0,0,0,0,0,-1,1,6,6,3,-1,-1,-1,-1,-1,-1,-1,-1,0,-1
2021052101938,2021,052101938,2,1,0,18,19,3,7,0,0,8,0,0,0,0,3,1,6,6,2,61,9,-1,-1,-1,-1,3,E01006915,0,-1
2021531117993,2021,531117993,1,98,0,18,19,7,3,0,0,2,0,0,0,0,1,1,6,6,3,-1,-1,-1,-1,-1,-1,-1,-1,0,-1
2021421065432,2021,421065432,2,1,0,18,19,7,3,0,0,0,5,0,0,0,4,1,4,7,1,12,3,-1,-1,-1,-1,3,E01021845,0,-1
2021547719521,2021,547719521,2,1,0,18,19,1,5,0,0,0,0,0,0,0,4,1,6,6,1,40,7,-1,-1,-1,-1,10,E01023024,0,-1
2021010337737,2021,010337737,2,1,0,6,6,3,3,5,5,1,0,0,0,0,4,1,6,6,2,7,2,-1,-1,-1,-1,3,E01003141,0,-1
2021610017421,2021,610017421,1,9,0,4,4,3,7,0,0,1,0,0,0,0,2,1,6,6,2,41,7,-1,-1,-1,-1,-1,-1,0,-1
202163B043821,2021,63B043821,1,9,0,18,19,6,2,0,0,0,0,0,0,0,1,1,6,6,1,55,8,-1,-1,-1,-1,7,E01030095,0,-1
2021522105155,2021,522105155,2,9,0,7,7,3,5,0,0,6,0,0,0,0,1,1,6,6,3,-1,-1,-1,-1,-1,-1,-1,-1,0,-1
2021440473149,2021,440473149,1,9,0,9,9,1,7,0,0,8,0,0,0,0,3,1,6,6,2,-1,-1,-1,-1,-1,-1,-1,-1,0,-1
2021461112724,2021,461112724,1,98,1,12,12,3,7,0,0,0,0,0,0,0,3,1,6,6,3,-1,-1,-1,-1,-1,-1,-1,-1,0,-1
202131D023921,2021,31D023921,2,1,0,18,19,8,4,0,0,6,0,0,0,0,1,1,6,6,1,24,5,-1,-1,-1,-1,8,E01028079,0,-1
2021041067364,2021,041067364,2,90,0,4,4,4,8,0,0,0,0,0,1,0,2,1,5,6,1,50,8,-1,-1,-1,-1,1,E01012637,0,-1
2021440366603,2021,440366603,2,1,0,18,19,3,7,0,0,0,0,0,0,0,2,1,6,6,1,-1,-1,-1,-1,-1,-1,-1,-1,0,-1
2021141040388,2021,141040388,1,11,0,18,19,3,7,0,0,6,0,0,0,0,0,1,6,6,3,-1,-1,-1,-1,-1,-1,-1,-1,0,-1
202134WNC0831,2021,34WNC0831,2,1,0,18,19,6,2,0,0,0,0,0,0,0,4,1,6,6,1,30,6,-1,-1,-1,-1,-1,-1,0,-1
2021010304730,2021,010304730,2,1,0,9,9,5,3,0,0,8,0,0,0,0,2,1,6,6,1,54,8,-1,-1,-1,-1,10,E01002389,0,-1
2021052102290,2021,052102290,1,1,0,18,19,7,3,0,0,8,0,0,0,0,1,1,2,2,1,28,6,-1,-1,-1,-1,1,E01006738,0,-1
2021101100381,2021,101100381,2,9,0,2,2,-1,-1,0,0,0,0,0,0,0,2,1,5,6,2,23,5,-1,-1,-1,-1,3,E01008349,0,-1
2021501110881,2021,501110881,2,9,0,18,19,4,7,0,0,0,0,0,0,0,1,1,1,1,1,67,10,-1,-1,-1,-1,7,E01020193,0,-1
2021332100952,2021,332100952,1,3,0,18,19,5,1,0,0,6,0,0,3,0,1,1,6,6,1,26,6,-1,-1,-1,-1,4,E01013648,0,-1
2021052102788,2021,052102788,1,1,0,18,19,5,1,0,0,7,0,0,0,0,4,1,2,2,1,48,8,-1,-1,-1,-1,1,E01006754,0,-1
2021010341421,2021,010341421,1,1,9,99,99,9,9,99,99,9,9,99,9,99,1,1,2,2,1,30,6,-1,-1,-1,-1,10,E01002430,0,-1
2021371110088,2021,371110088,1,19,4,5,5,7,3,0,0,0,0,0,0,0,1,1,1,1,1,68,10,-1,-1,-1,-1,6,E01026887,0,-1
20211382F0375,2021,1382F0375,1,1,0,18,19,2,6,0,0,8,0,0,0,0,1,1,6,6,1,12,3,-1,-1,-1,-1,1,E01011348,0,-1
2021610058221,2021,610058221,1,4,0,18,19,4,8,0,0,0,0,4,0,0,1,1,6,6,1,28,6,-1,-1,-1,-1,4,W01001410,0,-1
2021010305979,2021,010305979,1,-1,0,18,19,4,8,0,0,1,0,0,0,0,1,1,6,6,3,-1,-1,-1,-1,-1,-1,-1,-1,1,-1
2021201050827,2021,201050827,2,9,0,18,19,6,2,0,0,0,0,0,0,0,2,1,6,6,1,69,10,-1,-1,-1,-1,7,E01009292,0,-1
2021421018903,2021,421018903,1,9,-1,18,19,2,6,0,0,0,0,0,0,0,1,1,6,6,1,20,4,-1,-1,-1,-1,-1,-1,0,-1
2021122100147,2021,122100147,1,9,0,5,5,7,4,0,0,4,0,0,0,0,1,1,1,1,1,66,10,-1,-1,-1,-1,9,E01027783,0,-1
2021221028674,2021,221028674,2,1,0,7,7,6,1,0,0,4,0,0,0,0,1,1,5,6,1,25,5,-1,-1,-1,-1,7,E01014012,0,-1
2021010302621,2021,010302621,2,9,0,2,2,0,0,0,0,0,0,0,0,0,1,1,6,6,3,-1,-1,-1,-1,-1,-1,-1,-1,0,-1
2021501097885,2021,501097885,2,1,0,18,19,3,7,0,0,0,0,0,0,0,2,1,6,6,1,49,8,-1,-1,-1,-1,8,E01015124,0,-1
202163D068421,2021,63D068421,1,5,0,16,19,2,5,0,0,1,0,0,1,10,3,1,6,6,1,53,8,-1,-1,-1,-1,2,W01001141,0,-1
2021052100247,2021,052100247,1,9,0,18,19,2,6,0,0,1,0,0,0,0,1,1,6,6,3,-1,-1,-1,-1,-1,-1,-1,-1,0,-1
2021170M10051,2021,170M10051,1,9,0,18,19,7,2,0,0,8,0,0,0,0,1,1,6,6,1,24,5,-1,-1,-1,-1,1,E01012040,0,-1
2021161116053,2021,161116053,1,9,0,18,19,1,5,0,0,0,0,0,0,0,2,1,6,6,2,28,6,-1,-1,-1,-1,-1,-1,0,-1
2021332100929,2021,332100929,2,19,0,18,19,6,2,0,0,0,0,0,0,0,2,1,1,1,1,31,6,-1,-1,-1,-1,7,E01019652,0,-1
2021101031453,2021,101031453,1,9,0,18,19,7,3,0,0,1,0,0,0,0,4,1,6,6,1,65,9,-1,-1,-1,-1,-1,-1,0,-1
202163A068321,2021,63A068321,2,9,0,13,13,6,2,0,0,0,0,0,7,10,1,1,6,6,1,21,5,-1,-1,-1,-1,6,W01000779,0,-1