collision_index,collision_year,collision_ref_no,vehicle_reference,vehicle_type,towing_and_articulation,vehicle_manoeuvre_historic,vehicle_manoeuvre,vehicle_direction_from,vehicle_direction_to,vehicle_location_restricted_lane_historic,vehicle_location_restricted_lane,junction_location,skidding_and_overturning,hit_object_in_carriageway,vehicle_leaving_carriageway,hit_object_off_carriageway,first_point_of_impact,vehicle_left_hand_drive,journey_purpose_of_driver_historic,journey_purpose_of_driver,sex_of_driver,age_of_driver,age_band_of_driver,engine_capacity_cc,propulsion_code,age_of_vehicle,generic_make_model,driver_imd_decile,lsoa_of_driver,escooter_flag,driver_distance_banding
202163A008821,2021,63A008821,2,9,0,4,4,8,4,0,0,0,0,0,0,0,2,1,1,1,2,56,9,-1,-1,-1,-1,7,W01000583,0,-1
2021411029669,2021,411029669,2,1,0,18,19,8,4,0,0,0,0,0,0,0,1,1,6,6,1,-1,-1,-1,-1,-1,-1,3,E01033706,0,-1
2021610050021,2021,610050021,2,9,0,16,19,3,6,0,0,0,0,0,0,0,4,1,6,6,2,31,6,-1,-1,-1,-1,-1,-1,0,-1
2021461116910,2021,461116910,1,9,0,18,19,7,3,0,0,0,0,0,0,0,1,1,6,6,2,43,7,-1,-1,-1,-1,9,E01024446,0,-1
2021010329777,2021,010329777,2,1,0,18,19,7,3,4,4,1,0,0,0,0,1,1,6,6,2,53,8,-1,-1,-1,-1,8,E01000859,0,-1
202134NNC5021,2021,34NNC5021,1,1,0,18,19,1,5,0,0,8,0,0,0,0,4,1,6,6,1,58,9,-1,-1,-1,-1,1,E01026968,0,-1
2021131042807,2021,131042807,1,9,0,18,19,4,8,0,0,1,0,0,0,0,1,1,6,6,3,25,5,-1,-1,-1,-1,-1,-1,0,-1
2021010305678,2021,010305678,2,9,0,99,99,9,9,99,99,9,9,99,9,99,1,9,6,6,3,-1,-1,-1,-1,-1,-1,-1,-1,0,-1
2021520105228,2021,520105228,2,19,0,18,19,2,6,9,9,8,0,0,0,0,1,1,6,6,1,35,6,-1,-1,-1,-1,-1,-1,0,-1
2021010325983,2021,010325983,1,10,9,99,99,9,9,99,99,0,9,99,9,99,9,9,6,6,3,39,7,-1,-1,-1,-1,8,E01002813,0,-1
2021010295110,2021,010295110,1,9,0,7,7,7,1,9,9,6,0,10,7,2,1,1,6,6,2,59,9,-1,-1,-1,-1,8,E01000248,0,-1
2021351128658,2021,351128658,2,1,0,18,19,4,8,0,0,1,0,10,1,0,0,1,2,2,2,26,6,-1,-1,-1,-1,3,E01017978,0,-1
2021010317907,2021,010317907,1,1,9,99,99,9,9,99,99,9,9,99,9,99,9,1,6,6,1,54,8,-1,-1,-1,-1,3,E01004408,0,-1
2021610006721,2021,610006721,2,9,0,4,4,4,8,0,0,1,0,0,0,0,1,1,6,6,2,18,4,-1,-1,-1,-1,-1,-1,0,-1
202131C133321,2021,31C133321,1,9,0,18,19,2,6,0,0,0,0,0,0,0,1,1,6,6,3,-1,-1,-1,-1,-1,-1,-1,-1,0,-1
2021010338971,2021,010338971,1,1,9,99,99,9,9,99,99,9,9,99,9,99,9,1,2,2,1,24,5,-1,-1,-1,-1,5,E01000927,0,-1
2021010301949,2021,010301949,1,1,9,99,99,9,9,99,99,1,9,99,9,99,1,1,6,6,1,39,7,-1,-1,-1,-1,3,E01004408,0,-1
2021531086520,2021,531086520,1,1,0,18,19,6,8,0,0,0,0,0,0,0,1,1,6,6,1,47,8,-1,-1,-1,-1,4,E01022309,0,-1
2021522201346,2021,522201346,1,1,0,18,19,7,3,0,0,8,0,0,0,0,1,1,6,6,1,22,5,-1,-1,-1,-1,6,E01032519,0,-1
2021501026607,2021,501026607,2,1,0,18,19,5,1,0,0,0,5,0,0,0,3,1,6,6,1,16,4,-1,-1,-1,-1,4,E01020070,0,-1
202134NNC2191,2021,34NNC2191,1,9,0,18,19,2,6,0,0,1,0,0,0,0,1,1,6,6,2,47,8,-1,-1,-1,-1,10,E01026955,0,-1
2021131081220,2021,131081220,2,1,0,18,19,3,7,0,0,0,0,0,0,0,1,1,5,6,1,50,8,-1,-1,-1,-1,2,E01011763,0,-1
2021451059652,2021,451059652,1,1,0,18,19,1,5,0,0,0,0,0,0,0,3,1,5,6,1,15,3,-1,-1,-1,-1,9,E01003889,0,-1
2021122101334,2021,122101334,2,9,0,18,19,7,3,0,0,0,0,0,0,0,2,1,1,1,1,26,6,-1,-1,-1,-1,3,E01011919,0,-1
202160Z027440,2021,60Z027440,1,9,0,4,4,6,2,0,0,2,0,0,0,0,2,1,6,6,2,27,6,-1,-1,-1,-1,-1,-1,0,-1
2021501016605,2021,501016605,2,1,0,18,19,1,5,0,0,0,0,0,0,0,1,1,6,6,2,40,7,-1,-1,-1,-1,3,E01019062,0,-1
2021991031553,2021,991031553,2,1,0,9,9,8,5,0,0,8,0,0,0,0,1,1,6,6,2,61,9,-1,-1,-1,-1,10,-1,0,-1
2021451048994,2021,451048994,1,9,0,18,19,3,7,0,0,1,0,0,0,0,1,1,2,2,1,41,7,-1,-1,-1,-1,4,E01031596,0,-1
2021211059486,2021,211059486,2,4,0,18,19,1,5,0,0,1,0,0,0,0,1,1,2,2,1,56,9,-1,-1,-1,-1,9,E01029380,0,-1
2021332100630,2021,332100630,2,9,0,18,19,8,4,0,0,0,0,0,6,0,1,1,6,6,3,-1,-1,-1,-1,-1,-1,-1,-1,0,-1
2021010327470,2021,010327470,1,3,0,18,19,1,5,0,0,0,0,0,0,0,1,1,6,6,1,25,5,-1,-1,-1,-1,7,E01000983,0,-1
2021522105939,2021,522105939,2,9,0,7,7,5,7,0,0,1,0,0,0,0,1,1,6,6,3,35,6,-1,-1,-1,-1,-1,-1,0,-1
2021401069384,2021,401069384,2,1,0,9,9,3,1,0,0,0,0,0,0,0,1,1,6,6,1,47,8,-1,-1,-1,-1,3,E01017518,0,-1
2021552100695,2021,552100695,3,22,0,18,19,6,2,0,0,0,0,0,0,0,0,1,6,6,3,33,6,-1,-1,-1,-1,-1,-1,0,-1
2021302101512,2021,302101512,2,1,0,18,19,4,8,0,0,0,0,0,0,0,3,1,6,6,1,33,6,-1,-1,-1,-1,2,E01029447,0,-1
2021361034195,2021,361034195,2,1,0,18,19,5,1,0,0,8,0,0,0,0,2,1,6,6,1,48,8,-1,-1,-1,-1,7,E01026810,0,-1
2021430028128,2021,430028128,2,1,0,18,19,8,4,0,0,0,0,0,0,0,3,1,6,6,1,65,9,-1,-1,-1,-1,2,E01028435,0,-1
2021010290342,2021,010290342,1,1,9,99,99,9,9,99,99,9,9,99,9,99,9,1,2,2,2,43,7,-1,-1,-1,-1,1,E01001220,0,-1
2021332100857,2021,332100857,2,9,0,3,3,3,7,0,0,1,0,0,0,0,2,1,6,6,1,53,8,-1,-1,-1,-1,8,E01025804,0,-1
2021361061716,2021,361061716,1,1,0,18,19,3,7,0,0,6,0,0,0,0,1,1,5,6,1,21,5,-1,-1,-1,-1,6,E01026612,0,-1
2021010341979,2021,010341979,2,9,0,99,99,9,9,99,99,9,9,99,9,99,1,9,6,6,1,60,9,-1,-1,-1,-1,5,E01003642,0,-1
2021371116958,2021,371116958,1,22,0,18,19,5,1,9,9,0,0,0,0,0,0,1,6,6,3,-1,-1,-1,-1,-1,-1,-1,-1,0,-1
2021061112167,2021,061112167,1,9,0,18,19,1,5,0,0,2,0,0,0,0,1,1,6,6,3,30,6,-1,-1,-1,-1,-1,-1,0,-1
2021430448445,2021,430448445,2,9,4,13,13,5,1,0,0,0,0,0,0,0,4,1,6,6,1,-1,-1,-1,-1,-1,-1,-1,-1,0,-1
202160Z077675,2021,60Z077675,1,19,0,9,9,8,5,0,0,1,0,0,0,0,4,1,6,6,1,72,10,-1,-1,-1,-1,-1,-1,0,-1
2021010304004,2021,010304004,2,1,0,18,19,5,1,0,0,1,5,0,0,0,3,1,6,6,1,52,8,-1,-1,-1,-1,9,E01001306,0,-1
2021545558221,2021,545558221,2,1,0,18,19,3,7,0,0,0,0,0,0,0,4,1,6,6,1,56,9,-1,-1,-1,-1,2,E01015573,0,-1
2021332100108,2021,332100108,2,9,0,13,13,3,7,0,0,0,2,0,7,4,1,1,2,2,1,42,7,-1,-1,-1,-1,5,E01026315,0,-1
20211383D0746,2021,1383D0746,2,1,0,18,19,5,1,0,0,2,0,0,0,0,2,1,6,6,1,20,4,-1,-1,-1,-1,5,E01011736,0,-1
2021052101161,2021,052101161,2,1,0,18,19,5,1,0,0,0,0,0,0,0,1,1,6,6,2,22,5,-1,-1,-1,-1,3,E01033754,0,-1
2021440266081,2021,440266081,2,1,0,6,6,2,2,0,0,0,0,0,0,0,1,1,6,6,1,20,4,-1,-1,-1,-1,4,E01017125,0,-1
2021471092302,2021,471092302,1,9,0,18,19,2,6,0,0,0,0,0,0,0,4,1,6,6,1,52,8,-1,-1,-1,-1,5,E01021001,0,-1
2021010307725,2021,010307725,1,9,0,9,9,2,8,0,0,6,1,10,0,0,1,2,6,6,2,46,8,-1,-1,-1,-1,4,E01002101,0,-1
202160Z168242,2021,60Z168242,1,9,0,4,4,4,8,0,0,2,0,0,0,0,1,1,6,6,1,32,6,-1,-1,-1,-1,-1,-1,0,-1
2021131064584,2021,131064584,1,9,0,9,9,1,3,0,0,5,0,0,0,0,0,1,6,6,1,24,5,-1,-1,-1,-1,8,E01011886,0,-1
202134WNC4301,2021,34WNC4301,2,1,0,18,19,4,8,0,0,0,0,0,0,0,3,1,6,6,1,50,8,-1,-1,-1,-1,8,E01027290,0,-1
2021010307827,2021,010307827,1,1,0,99,99,9,9,0,0,1,0,0,0,0,1,1,6,6,1,28,6,-1,-1,-1,-1,-1,-1,0,-1
202163C075521,2021,63C075521,1,9,0,18,19,4,8,0,0,0,0,0,1,10,3,1,6,6,1,25,5,-1,-1,-1,-1,8,W01000554,0,-1
2021010322178,2021,010322178,1,1,9,18,19,6,2,0,0,1,5,0,0,99,4,1,2,2,2,38,7,-1,-1,-1,-1,4,E01001855,0,-1
2021010291300,2021,010291300,2,9,0,13,13,5,1,0,0,0,0,0,0,0,0,1,6,6,3,-1,-1,-1,-1,-1,-1,-1,-1,0,-1
202160Z128262,2021,60Z128262,2,9,0,4,4,3,7,0,0,1,0,0,0,0,2,1,6,6,1,40,7,-1,-1,-1,-1,-1,-1,0,-1
2021231015577,2021,231015577,1,21,1,18,19,6,2,0,0,3,0,0,1,7,1,1,1,1,2,57,9,-1,-1,-1,-1,4,E01032397,0,-1
2021010312809,2021,010312809,1,11,0,2,2,0,0,8,6,0,0,0,0,0,4,1,1,1,3,-1,-1,-1,-1,-1,-1,-1,-1,0,-1
2021010294093,2021,010294093,1,2,0,18,19,8,4,0,0,0,1,0,0,0,0,1,6,6,1,20,4,-1,-1,-1,-1,3,E01004337,0,-1
2021041052405,2021,041052405,2,9,0,18,19,5,1,0,0,0,0,0,0,0,4,1,5,6,1,21,5,-1,-1,-1,-1,6,E01025496,0,-1
2021302100600,2021,302100600,2,9,0,18,19,6,2,0,0,0,0,0,0,0,1,1,6,6,3,-1,-1,-1,-1,-1,-1,5,E01019456,0,-1
2021531091741,2021,531091741,2,1,0,18,19,1,5,0,0,8,5,0,0,0,1,1,5,6,1,34,6,-1,-1,-1,-1,9,E01022422,0,-1
2021010293659,2021,010293659,2,9,0,7,7,3,4,0,0,5,0,0,0,0,4,1,6,6,3,-1,-1,-1,-1,-1,-1,-1,-1,0,-1
2021401032951,2021,401032951,2,1,0,18,19,5,1,0,0,0,-1,-1,-1,0,3,1,6,6,1,17,4,-1,-1,-1,-1,8,E01017480,0,-1
2021010323762,2021,010323762,2,9,0,10,10,3,2,0,0,2,0,0,0,0,1,1,6,6,1,30,6,-1,-1,-1,-1,6,E01001295,0,-1
2021010331233,2021,010331233,2,9,0,99,99,9,9,99,99,0,9,99,9,99,9,9,6,6,3,-1,-1,-1,-1,-1,-1,-1,-1,0,-1
2021991082148,2021,991082148,1,1,0,18,19,1,5,0,0,0,0,0,0,0,1,1,4,7,1,15,3,-1,-1,-1,-1,4,-1,0,-1
2021010343543,2021,010343543,2,1,0,18,19,1,5,0,0,1,0,0,0,0,1,1,2,2,1,45,7,-1,-1,-1,-1,5,E01002682,0,-1
2021430183521,2021,430183521,3,19,0,4,4,1,5,0,0,0,0,0,0,0,1,1,1,1,1,-1,-1,-1,-1,-1,-1,5,E01022420,0,-1
2021552101252,2021,552101252,2,1,0,18,19,4,8,0,0,0,0,0,0,0,3,1,6,6,1,78,11,-1,-1,-1,-1,10,E01015459,0,-1
2021010302317,2021,010302317,1,9,0,14,14,7,3,0,0,0,0,0,0,0,0,1,6,6,1,-1,-1,-1,-1,-1,-1,-1,-1,0,-1
2021201026536,2021,201026536,1,98,0,7,7,4,6,0,0,5,0,0,0,0,1,1,1,1,1,36,7,-1,-1,-1,-1,6,E01009737,0,-1
2021041129126,2021,041129126,2,1,0,18,19,3,7,0,0,3,0,0,0,0,4,1,5,6,1,83,11,-1,-1,-1,-1,7,E01025029,0,-1
2021010335519,2021,010335519,1,1,9,99,99,9,9,99,99,9,9,99,9,99,9,1,6,6,2,45,7,-1,-1,-1,-1,3,E01032764,0,-1
2021070331249,2021,070331249,1,9,0,5,5,1,5,0,0,6,0,0,1,0,4,1,6,6,1,60,9,-1,-1,-1,-1,3,E01006533,0,-1
2021461019181,2021,461019181,1,9,0,18,19,7,4,0,0,0,5,0,2,10,4,1,2,2,2,58,9,-1,-1,-1,-1,7,E01024707,0,-1
2021010319558,2021,010319558,1,1,9,99,99,9,9,99,99,9,9,99,9,99,1,1,6,6,2,33,6,-1,-1,-1,-1,2,E01003256,0,-1
2021010324619,2021,010324619,2,1,0,18,19,3,7,0,0,1,0,0,0,0,1,1,1,1,1,33,6,-1,-1,-1,-1,2,E01003988,0,-1
2021010346179,2021,010346179,2,19,0,99,99,9,9,99,99,9,9,99,9,99,9,9,6,6,1,-1,-1,-1,-1,-1,-1,-1,-1,0,-1
202160Z122539,2021,60Z122539,2,9,0,16,19,5,1,0,0,0,0,0,0,0,3,1,6,6,1,66,10,-1,-1,-1,-1,-1,-1,0,-1
2021010301041,2021,010301041,3,1,0,4,4,7,3,0,0,1,0,0,0,0,2,1,6,6,1,36,7,-1,-1,-1,-1,6,E01003750,0,-1
2021010304403,2021,010304403,2,1,0,15,15,7,3,0,0,1,0,0,0,0,1,1,6,6,2,56,9,-1,-1,-1,-1,8,E01004707,0,-1
2021320307483,2021,320307483,2,1,0,18,19,5,1,0,0,1,0,0,0,0,3,1,6,6,1,40,7,-1,-1,-1,-1,10,E01026294,0,-1
2021201113263,2021,201113263,2,9,0,18,19,-1,-1,0,0,4,0,0,0,0,1,1,6,6,1,48,8,-1,-1,-1,-1,4,E01013607,0,-1
2021010309840,2021,010309840,1,9,9,99,99,9,9,99,99,9,9,99,9,99,9,1,6,6,2,-1,-1,-1,-1,-1,-1,-1,-1,0,-1
2021010332760,2021,010332760,2,9,0,99,99,9,9,99,99,9,9,99,9,99,2,9,6,6,3,-1,-1,-1,-1,-1,-1,-1,-1,0,-1
2021332100162,2021,332100162,2,1,0,18,19,4,8,0,0,6,0,0,0,0,1,1,6,6,2,9,2,-1,-1,-1,-1,2,E01013694,0,-1
2021411066478,2021,411066478,2,90,0,18,19,4,8,0,0,0,0,0,0,0,0,1,6,6,3,-1,-1,-1,-1,-1,-1,-1,-1,0,-1
2021471076752,2021,471076752,2,1,0,18,19,1,5,0,0,0,0,0,0,0,3,1,2,2,2,20,4,-1,-1,-1,-1,8,E01017002,0,-1
2021461084031,2021,461084031,1,98,1,5,5,1,3,0,0,1,0,0,0,0,1,1,5,6,1,-1,-1,-1,-1,-1,-1,-1,-1,0,-1
2021610009921,2021,610009921,1,19,0,18,19,2,6,0,0,1,0,0,0,0,2,1,1,1,1,47,8,-1,-1,-1,-1,-1,-1,0,-1
2021070545573,2021,070545573,1,9,0,4,4,1,5,0,0,1,0,0,0,0,1,1,6,6,1,-1,-1,-1,-1,-1,-1,-1,-1,0,-1
2021138371548,2021,138371548,2,1,0,18,19,2,6,0,0,8,0,0,0,0,4,1,6,6,1,14,3,-1,-1,-1,-1,10,E01011567,0,-1
202160Z038791,2021,60Z038791,1,3,0,17,19,8,6,0,0,2,1,0,0,0,1,1,6,6,2,37,7,-1,-1,-1,-1,-1,-1,0,-1
2021991106543,2021,991106543,1,1,0,18,19,5,1,0,0,0,0,2,0,0,1,1,5,6,1,65,9,-1,-1,-1,-1,7,-1,0,-1
2021302100830,2021,302100830,1,19,0,18,19,6,2,0,0,0,0,0,0,0,4,1,6,6,3,-1,-1,-1,-1,-1,-1,5,E01019456,0,-1
2021041141649,2021,041141649,2,1,0,18,19,1,5,0,0,1,0,0,0,0,1,1,6,6,1,14,3,-1,-1,-1,-1,-1,-1,0,-1
2021052102176,2021,052102176,1,9,0,18,19,5,1,0,0,1,0,0,0,0,1,1,6,6,1,35,6,-1,-1,-1,-1,2,E01006428,0,-1
2021010315219,2021,010315219,2,1,9,99,99,9,9,99,99,9,9,99,9,99,9,1,6,6,1,-1,-1,-1,-1,-1,-1,-1,-1,0,-1
2021461119141,2021,461119141,3,9,0,2,2,0,0,0,0,1,0,0,0,0,2,1,6,6,3,-1,-1,-1,-1,-1,-1,-1,-1,0,-1
202134WNC3021,2021,34WNC3021,1,9,0,18,19,7,3,0,0,0,1,0,1,3,1,1,6,6,2,54,8,-1,-1,-1,-1,8,E01027285,0,-1
2021471062758,2021,471062758,1,1,0,18,19,7,3,9,9,8,0,0,0,0,1,1,5,6,1,43,7,-1,-1,-1,-1,6,E01031362,0,-1
2021010334488,2021,010334488,1,1,9,99,99,9,9,99,99,9,9,99,9,99,1,1,6,6,1,31,6,-1,-1,-1,-1,-1,-1,0,-1
2021440432835,2021,440432835,1,97,0,18,19,7,3,0,0,6,0,0,3,11,1,1,6,6,1,15,3,-1,-1,-1,-1,3,E01025469,0,-1
2021010290598,2021,010290598,1,9,0,18,19,4,8,0,0,1,0,0,0,0,1,1,6,6,1,31,6,-1,-1,-1,-1,1,E01004312,0,-1
2021221102052,2021,221102052,1,9,0,9,9,5,3,0,0,5,0,0,0,0,1,1,6,6,2,34,6,-1,-1,-1,-1,-1,-1,0,-1
2021010329448,2021,010329448,2,1,9,99,99,9,9,99,99,9,9,99,9,99,1,1,6,6,3,-1,-1,-1,-1,-1,-1,-1,-1,0,-1
2021010331727,2021,010331727,1,1,0,18,19,7,3,5,5,0,0,0,0,0,1,1,1,1,1,38,7,-1,-1,-1,-1,2,E01004755,0,-1
2021141067003,2021,141067003,2,9,0,18,19,8,4,0,0,0,0,4,0,0,1,1,6,6,3,-1,-1,-1,-1,-1,-1,-1,-1,0,-1
2021010316761,2021,010316761,2,9,0,99,99,9,9,99,99,9,9,99,9,99,2,9,6,6,3,-1,-1,-1,-1,-1,-1,4,E01001276,0,-1
2021361086636,2021,361086636,1,23,0,18,19,5,1,0,0,2,5,0,0,0,4,1,6,6,1,52,8,-1,-1,-1,-1,1,E01026595,0,-1
2021161117334,2021,161117334,2,1,0,16,19,1,3,0,0,8,0,0,0,0,3,1,6,6,1,15,3,-1,-1,-1,-1,1,E01013229,0,-1
202131C165421,2021,31C165421,1,11,0,18,19,8,4,3,2,0,0,0,0,0,2,1,1,1,1,-1,-1,-1,-1,-1,-1,2,E01028230,0,-1
2021122100213,2021,122100213,1,9,0,17,19,5,1,0,0,0,1,0,1,4,2,1,6,6,2,25,5,-1,-1,-1,-1,9,E01013408,0,-1
2021010325260,2021,010325260,2,1,9,99,99,9,9,99,99,9,9,99,9,99,1,1,6,6,2,-1,-1,-1,-1,-1,-1,-1,-1,0,-1
2021351049649,2021,351049649,2,1,0,9,9,7,4,9,9,5,0,0,0,0,0,1,5,6,1,47,8,-1,-1,-1,-1,8,E01017950,0,-1
2021052102669,2021,052102669,2,1,0,14,14,1,5,0,0,0,0,0,0,0,1,1,6,6,1,37,7,-1,-1,-1,-1,1,E01006984,0,-1
2021430191947,2021,430191947,2,3,0,18,19,5,1,0,0,0,0,0,0,0,3,1,2,2,2,22,5,-1,-1,-1,-1,5,E01028538,0,-1
2021061052290,2021,061052290,1,9,0,18,19,6,2,0,0,2,0,0,0,0,1,1,6,6,3,30,6,-1,-1,-1,-1,-1,-1,0,-1
2021010287327,2021,010287327,2,9,5,7,7,5,7,0,0,5,0,0,1,0,3,1,6,6,1,27,6,-1,-1,-1,-1,2,E01000023,0,-1
202163D084721,2021,63D084721,6,1,0,18,19,2,6,0,0,1,0,0,1,10,3,1,1,1,1,73,10,-1,-1,-1,-1,6,E01032352,0,-1
2021010345578,2021,010345578,2,1,0,18,19,5,1,0,0,8,0,0,0,0,3,1,6,6,1,22,5,-1,-1,-1,-1,4,E01001476,0,-1
2021440457844,2021,440457844,2,9,0,5,5,6,2,0,0,1,0,0,0,0,1,1,6,6,1,45,7,-1,-1,-1,-1,2,E01017208,0,-1
2021461107797,2021,461107797,1,9,0,1,1,7,3,0,0,1,0,0,0,0,2,1,6,6,1,-1,-1,-1,-1,-1,-1,-1,-1,0,-1
2021010313696,2021,010313696,2,1,0,18,19,5,1,0,0,2,0,0,0,0,2,1,1,1,1,38,7,-1,-1,-1,-1,6,E01001865,0,-1
2021141013331,2021,141013331,1,9,0,18,19,4,8,0,0,0,0,0,0,0,1,1,6,6,1,48,8,-1,-1,-1,-1,2,E01007578,0,-1
2021201090919,2021,201090919,2,1,0,18,19,4,8,0,0,1,0,0,0,0,4,1,6,6,2,54,8,-1,-1,-1,-1,1,E01008911,0,-1
2021411018441,2021,411018441,1,-1,0,3,3,3,7,0,0,1,0,0,0,0,1,1,6,6,2,14,3,-1,-1,-1,-1,3,E01023346,1,-1
2021520104250,2021,520104250,2,9,0,18,19,4,8,0,0,0,0,0,0,0,4,1,6,6,1,35,6,-1,-1,-1,-1,-1,-1,0,-1
2021421070325,2021,421070325,2,1,0,18,19,1,5,0,0,8,0,0,0,0,3,1,6,6,1,12,3,-1,-1,-1,-1,6,E01015816,0,-1
2021061046042,2021,061046042,2,9,0,18,19,1,1,0,0,0,0,0,1,0,3,1,5,6,1,55,8,-1,-1,-1,-1,8,E01005989,0,-1
2021010318422,2021,010318422,2,9,0,18,19,8,4,0,0,0,0,0,0,0,1,1,6,6,3,-1,-1,-1,-1,-1,-1,-1,-1,0,-1
2021010319563,2021,010319563,2,90,9,99,99,9,9,99,99,0,9,99,9,99,9,9,6,6,3,-1,-1,-1,-1,-1,-1,-1,-1,0,-1
2021440384222,2021,440384222,2,4,0,10,10,7,3,0,0,1,0,0,0,0,1,1,6,6,1,71,10,-1,-1,-1,-1,8,E01022815,0,-1
2021052102156,2021,052102156,1,19,0,18,19,3,7,0,0,2,0,0,0,0,4,1,6,6,3,-1,-1,-1,-1,-1,-1,-1,-1,0,-1
2021610000821,2021,610000821,1,9,0,14,14,3,7,9,9,1,0,0,0,0,1,1,6,6,1,82,11,-1,-1,-1,-1,-1,-1,0,-1
2021501079674,2021,501079674,2,1,0,18,19,7,3,0,0,1,0,0,0,0,1,1,6,6,1,50,8,-1,-1,-1,-1,5,E01015215,0,-1
2021440465339,2021,440465339,2,9,0,18,19,8,4,0,0,8,0,0,0,0,1,1,4,7,1,17,4,-1,-1,-1,-1,9,E01022755,0,-1
2021610027521,2021,610027521,1,9,0,18,19,7,3,0,0,3,0,0,0,0,1,1,6,6,1,29,6,-1,-1,-1,-1,-1,-1,0,-1
2021010289203,2021,010289203,2,2,0,99,99,9,9,99,99,1,9,99,9,99,9,1,6,6,3,-1,-1,-1,-1,-1,-1,-1,-1,0,-1
2021544733221,2021,544733221,2,1,0,18,19,7,3,0,0,6,0,0,0,0,3,1,6,6,2,11,3,-1,-1,-1,-1,7,E01015581,0,-1
2021221042456,2021,221042456,2,9,0,9,9,7,4,0,0,5,0,0,0,0,1,1,5,6,1,34,6,-1,-1,-1,-1,-1,-1,0,-1
2021421083427,2021,421083427,1,9,-1,18,19,2,6,0,0,0,0,0,0,0,1,1,6,6,3,-1,-1,-1,-1,-1,-1,-1,-1,0,-1
202160Z075429,2021,60Z075429,1,9,0,9,9,8,6,0,0,5,0,0,0,0,1,1,6,6,2,57,9,-1,-1,-1,-1,-1,-1,0,-1
2021461038495,2021,461038495,1,9,0,3,3,3,2,0,0,1,0,0,0,0,1,1,5,6,2,-1,-1,-1,-1,-1,-1,-1,-1,0,-1
2021451096799,2021,451096799,1,97,0,18,19,8,8,0,0,0,1,0,0,0,0,1,6,6,1,19,4,-1,-1,-1,-1,7,E01030410,0,-1
2021010314957,2021,010314957,1,9,0,7,7,5,7,0,0,1,0,0,0,0,9,1,6,6,1,-1,-1,-1,-1,-1,-1,-1,-1,0,-1
202163D038621,2021,63D038621,2,9,0,18,19,6,2,0,0,0,0,0,0,0,3,1,6,6,1,43,7,-1,-1,-1,-1,3,W01000480,0,-1
2021161136124,2021,161136124,1,11,0,18,19,3,7,0,0,0,0,0,0,0,0,1,1,1,2,29,6,-1,-1,-1,-1,1,E01012855,0,-1
2021451107464,2021,451107464,5,9,0,18,19,3,1,0,0,0,0,0,0,0,1,1,6,6,3,38,7,-1,-1,-1,-1,-1,-1,0,-1
2021010287527,2021,010287527,1,9,0,9,9,2,7,0,0,8,0,0,0,0,1,2,6,6,2,28,6,-1,-1,-1,-1,1,E01000721,0,-1
2021991051527,2021,991051527,2,9,0,18,19,5,1,0,0,0,0,0,0,0,1,1,5,6,1,73,10,-1,-1,-1,-1,3,-1,0,-1
2021522100566,2021,522100566,2,1,0,18,19,5,1,0,0,8,0,0,0,0,1,1,6,6,2,20,4,-1,-1,-1,-1,-1,-1,0,-1
2021332100758,2021,332100758,1,9,0,18,19,2,6,0,0,1,0,0,0,0,1,1,2,2,1,28,6,-1,-1,-1,-1,4,E01025666,0,-1
2021010294609,2021,010294609,1,9,0,99,99,9,9,99,99,9,9,99,9,99,9,9,6,6,3,-1,-1,-1,-1,-1,-1,-1,-1,0,-1
2021991016342,2021,991016342,1,9,0,9,9,7,5,0,0,1,0,0,0,0,1,1,5,6,1,20,4,-1,-1,-1,-1,4,-1,0,-1
2021531031799,2021,531031799,2,16,0,18,19,7,3,0,0,0,0,0,0,0,2,1,5,6,2,16,4,-1,-1,-1,-1,8,E01022166,0,-1
2021010299903,2021,010299903,1,98,0,99,99,9,9,99,99,9,9,99,9,99,4,9,6,6,3,-1,-1,-1,-1,-1,-1,-1,-1,0,-1
2021522101346,2021,522101346,2,9,0,11,11,6,2,0,0,1,0,0,0,0,4,1,6,6,3,-1,-1,-1,-1,-1,-1,-1,-1,0,-1
2021221022143,2021,221022143,3,2,0,18,19,3,7,0,0,8,0,0,0,0,3,1,5,6,2,20,4,-1,-1,-1,-1,-1,-1,0,-1
2021361087098,2021,361087098,5,1,0,2,2,0,0,9,9,0,0,0,0,0,1,1,6,6,3,-1,-1,-1,-1,-1,-1,-1,-1,0,-1
2021421057303,2021,421057303,1,9,0,18,19,1,6,0,0,0,0,0,1,0,1,1,5,6,2,23,5,-1,-1,-1,-1,6,E01033064,0,-1
202160Z010073,2021,60Z010073,2,1,0,17,19,6,3,0,0,0,1,0,0,0,1,1,6,6,1,32,6,-1,-1,-1,-1,-1,-1,0,-1
2021010324859,2021,010324859,2,9,0,99,99,9,9,99,99,9,9,99,9,99,1,9,6,6,3,-1,-1,-1,-1,-1,-1,-1,-1,0,-1
2021411115736,2021,411115736,1,-1,0,18,19,-1,-1,0,0,1,0,10,0,0,1,1,6,6,1,54,8,-1,-1,-1,-1,10,E01017745,1,-1
2021061068756,2021,061068756,2,-1,0,18,19,2,5,0,0,2,0,0,0,0,1,1,6,6,3,30,6,-1,-1,-1,-1,-1,-1,0,-1
202160Z121677,2021,60Z121677,2,98,0,2,2,0,0,0,0,0,0,0,0,0,2,1,6,6,3,-1,-1,-1,-1,-1,-1,-1,-1,0,-1
2021332100338,2021,332100338,1,9,0,18,19,5,1,0,0,0,0,0,4,7,1,1,6,6,1,33,6,-1,-1,-1,-1,7,E01030651,0,-1
2021440368836,2021,440368836,1,1,0,18,19,5,1,0,0,1,0,0,0,0,2,1,2,2,1,34,6,-1,-1,-1,-1,2,E01022818,0,-1
2021451047368,2021,451047368,1,1,0,18,19,6,4,0,0,1,0,0,3,0,4,1,2,2,2,57,9,-1,-1,-1,-1,5,E01030984,0,-1
2021052102007,2021,052102007,2,1,0,18,19,3,7,0,0,8,0,0,0,0,1,1,6,6,1,18,4,-1,-1,-1,-1,1,E01007155,0,-1
2021131120996,2021,131120996,1,90,0,9,9,3,7,0,0,5,0,0,0,0,4,1,6,6,3,-1,-1,-1,-1,-1,-1,-1,-1,0,-1
2021451027443,2021,451027443,1,90,0,18,19,1,5,0,0,0,0,0,0,0,4,1,6,6,3,45,7,-1,-1,-1,-1,-1,-1,0,-1