collision_index,collision_year,collision_ref_no,vehicle_reference,vehicle_type,towing_and_articulation,vehicle_manoeuvre_historic,vehicle_manoeuvre,vehicle_direction_from,vehicle_direction_to,vehicle_location_restricted_lane_historic,vehicle_location_restricted_lane,junction_location,skidding_and_overturning,hit_object_in_carriageway,vehicle_leaving_carriageway,hit_object_off_carriageway,first_point_of_impact,vehicle_left_hand_drive,journey_purpose_of_driver_historic,journey_purpose_of_driver,sex_of_driver,age_of_driver,age_band_of_driver,engine_capacity_cc,propulsion_code,age_of_vehicle,generic_make_model,driver_imd_decile,lsoa_of_driver,escooter_flag,driver_distance_banding
2021161030816,2021,161030816,2,1,0,18,19,5,1,0,0,6,0,0,0,0,1,1,6,6,1,14,3,-1,-1,-1,-1,3,E01013184,0,-1
2021501048826,2021,501048826,2,19,0,18,19,3,7,0,0,0,0,0,0,0,0,1,6,6,3,-1,-1,-1,-1,-1,-1,-1,-1,0,-1
2021332100494,2021,332100494,2,9,0,18,19,3,7,0,0,2,0,0,0,0,2,1,6,6,1,55,8,-1,-1,-1,-1,3,E01013778,0,-1
2021461073488,2021,461073488,4,9,0,2,2,0,0,6,6,0,0,0,0,0,0,1,6,6,1,63,9,-1,-1,-1,-1,2,E01023990,0,-1
2021302101223,2021,302101223,2,97,0,18,19,2,6,0,0,1,0,10,0,0,1,1,6,6,3,-1,-1,-1,-1,-1,-1,5,E01019456,0,-1
202163A018621,2021,63A018621,1,9,0,17,19,4,1,0,0,0,5,0,7,10,3,1,6,6,1,19,4,-1,-1,-1,-1,6,W01000671,0,-1
202131D095721,2021,31D095721,1,1,0,18,19,6,2,0,0,0,0,11,0,0,1,1,6,6,1,54,8,-1,-1,-1,-1,2,E01028334,0,-1
2021361020770,2021,361020770,1,9,0,18,19,1,5,0,0,0,0,0,0,0,2,1,2,2,1,41,7,-1,-1,-1,-1,5,E01026767,0,-1
2021231053804,2021,231053804,2,19,0,18,19,3,7,0,0,0,0,0,0,0,3,1,1,1,1,53,8,-1,-1,-1,-1,3,W01000925,0,-1
2021101036602,2021,101036602,1,1,0,18,19,7,3,0,0,8,0,0,0,0,1,1,5,6,1,7,2,-1,-1,-1,-1,-1,-1,0,-1
2021320359481,2021,320359481,1,9,0,18,19,8,4,0,0,1,0,0,0,0,1,1,6,6,3,40,7,-1,-1,-1,-1,-1,-1,0,-1
2021010347996,2021,010347996,1,9,0,99,99,9,9,99,99,9,9,99,9,99,2,9,1,1,2,30,6,-1,-1,-1,-1,8,E01023656,0,-1
2021461107917,2021,461107917,1,9,0,18,19,3,7,0,0,1,0,0,0,0,4,1,6,6,1,-1,-1,-1,-1,-1,-1,-1,-1,0,-1
2021010348847,2021,010348847,2,1,0,13,13,1,5,0,0,0,0,0,0,0,4,1,2,2,1,33,6,-1,-1,-1,-1,4,E01003332,0,-1
2021991071776,2021,991071776,2,1,0,18,19,8,4,0,0,0,0,0,1,0,1,1,5,6,1,57,9,-1,-1,-1,-1,9,E01017752,0,-1
2021421069831,2021,421069831,1,17,4,18,19,4,8,0,0,0,0,0,0,0,3,1,1,1,3,-1,-1,-1,-1,-1,-1,-1,-1,0,-1
2021010291740,2021,010291740,2,1,0,18,19,1,5,0,0,8,0,0,0,0,4,1,6,6,2,41,7,-1,-1,-1,-1,9,E01025955,0,-1
2021111032627,2021,111032627,2,1,0,18,19,5,1,0,0,1,0,0,0,0,1,1,6,6,1,15,3,-1,-1,-1,-1,9,E01020786,0,-1
2021010292224,2021,010292224,1,1,9,99,99,9,9,99,99,9,9,99,9,99,1,1,6,6,1,33,6,-1,-1,-1,-1,4,E01003343,0,-1
2021430209891,2021,430209891,1,9,0,5,5,6,2,0,0,1,0,0,0,0,3,1,2,2,2,23,5,-1,-1,-1,-1,3,E01028546,0,-1
20211381Q1647,2021,1381Q1647,1,9,0,18,19,2,7,0,0,8,0,0,0,0,1,1,6,6,3,-1,-1,-1,-1,-1,-1,-1,-1,0,-1
2021010319472,2021,010319472,2,1,0,18,19,7,3,9,9,8,0,0,0,0,4,1,6,6,1,20,4,-1,-1,-1,-1,2,E01004233,0,-1
2021461093374,2021,461093374,1,9,0,18,19,8,4,0,0,0,0,0,0,0,3,1,3,7,2,45,7,-1,-1,-1,-1,8,E01016126,0,-1
2021622100086,2021,622100086,1,9,0,18,19,1,5,0,0,4,0,0,0,0,1,1,2,2,2,34,6,-1,-1,-1,-1,3,W01001378,0,-1
2021131057428,2021,131057428,2,1,0,8,8,3,6,0,0,4,0,0,0,0,0,1,6,6,2,55,8,-1,-1,-1,-1,1,E01011918,0,-1
2021332100410,2021,332100410,1,3,0,10,10,4,2,0,0,1,0,0,0,0,2,1,6,6,1,64,9,-1,-1,-1,-1,4,E01025766,0,-1
2021010299461,2021,010299461,2,1,0,18,19,5,1,0,0,8,0,0,0,0,1,1,6,6,2,44,7,-1,-1,-1,-1,10,E01000794,0,-1
2021010299858,2021,010299858,1,1,0,18,19,1,5,0,0,1,0,0,0,0,2,1,6,6,2,53,8,-1,-1,-1,-1,6,E01002062,0,-1
2021221103810,2021,221103810,4,9,0,4,4,6,2,0,0,1,0,0,0,0,2,1,6,6,1,34,6,-1,-1,-1,-1,-1,-1,0,-1
202163B078721,2021,63B078721,1,5,0,16,19,6,1,0,0,2,0,0,0,0,1,1,6,6,1,42,7,-1,-1,-1,-1,6,W01000524,0,-1
2021610013021,2021,610013021,1,9,0,18,19,1,5,0,0,0,5,10,0,11,1,1,6,6,1,23,5,-1,-1,-1,-1,-1,-1,0,-1
2021501142054,2021,501142054,1,98,0,7,7,7,1,0,0,0,0,0,0,0,1,1,1,1,1,67,10,-1,-1,-1,-1,7,E01013188,0,-1
2021070246546,2021,070246546,1,1,0,18,19,4,8,0,0,1,0,0,0,0,4,1,1,1,2,30,6,-1,-1,-1,-1,1,E01012520,0,-1
2021430317755,2021,430317755,1,90,0,18,19,2,6,0,0,0,0,4,0,0,4,1,6,6,1,18,4,-1,-1,-1,-1,3,E01016382,0,-1
2021211145484,2021,211145484,1,9,-1,-1,-1,-1,-1,-1,-1,0,-1,-1,-1,0,-1,1,6,6,3,-1,-1,-1,-1,-1,-1,-1,-1,0,-1
2021052101697,2021,052101697,1,1,0,18,19,4,8,0,0,8,0,0,0,0,1,1,6,6,1,12,3,-1,-1,-1,-1,2,E01032506,0,-1
2021991046215,2021,991046215,1,1,0,18,19,3,7,0,0,0,0,0,0,0,3,1,6,6,1,10,2,-1,-1,-1,-1,6,-1,0,-1
2021411020949,2021,411020949,2,9,0,5,5,1,4,0,0,0,0,0,0,0,0,1,5,6,1,43,7,-1,-1,-1,-1,1,E01009359,0,-1
2021010309921,2021,010309921,2,1,0,15,15,6,2,0,0,1,0,0,0,0,1,1,2,2,2,41,7,-1,-1,-1,-1,7,E01003763,0,-1
2021320431964,2021,320431964,2,1,0,18,19,8,4,0,0,1,5,0,0,0,0,1,6,6,1,68,10,-1,-1,-1,-1,6,E01026380,0,-1
2021501105382,2021,501105382,1,11,0,18,19,8,4,0,0,0,0,11,0,0,1,1,1,1,1,57,9,-1,-1,-1,-1,2,E01015026,0,-1
2021101036229,2021,101036229,2,9,0,15,15,8,4,0,0,0,0,0,0,0,1,1,1,1,2,20,4,-1,-1,-1,-1,3,E01027359,0,-1
2021501048182,2021,501048182,1,1,0,16,19,6,3,0,0,0,0,0,0,0,1,1,6,6,1,36,7,-1,-1,-1,-1,7,E01019892,0,-1
202131A185321,2021,31A185321,1,-1,0,18,19,8,4,0,0,8,0,0,0,0,4,1,6,6,1,15,3,-1,-1,-1,-1,4,E01028343,1,-1
2021610023921,2021,610023921,2,9,0,18,19,8,4,0,0,4,0,0,0,0,2,1,6,6,1,57,9,-1,-1,-1,-1,-1,-1,0,-1
2021401126915,2021,401126915,2,1,0,17,19,5,1,0,0,8,1,0,0,0,1,1,5,6,1,16,4,-1,-1,-1,-1,5,E01017486,0,-1
2021041092073,2021,041092073,1,9,0,13,13,8,3,0,0,2,0,0,0,0,0,1,6,6,3,-1,-1,-1,-1,-1,-1,-1,-1,0,-1
2021010315631,2021,010315631,1,1,9,99,99,9,9,99,99,9,9,99,9,99,1,1,6,6,1,28,6,-1,-1,-1,-1,6,E01004532,0,-1
202163D004021,2021,63D004021,1,21,1,18,19,2,6,0,0,0,0,0,0,0,1,1,1,1,1,65,9,-1,-1,-1,-1,8,W01000506,0,-1
2021332101571,2021,332101571,1,9,0,18,19,5,1,0,0,0,0,0,0,0,0,1,6,6,1,40,7,-1,-1,-1,-1,-1,-1,0,-1
2021010343755,2021,010343755,2,9,0,99,99,9,9,99,99,9,9,99,9,99,9,9,6,6,3,-1,-1,-1,-1,-1,-1,-1,-1,0,-1
2021161124737,2021,161124737,1,1,0,12,12,4,1,0,0,0,0,0,0,0,3,1,6,6,1,42,7,-1,-1,-1,-1,1,E01012878,0,-1
2021411103490,2021,411103490,2,1,0,18,19,2,6,9,9,8,0,0,0,0,1,1,5,6,1,12,3,-1,-1,-1,-1,7,E01023589,0,-1
2021052101405,2021,052101405,1,9,0,18,19,7,3,0,0,1,0,0,0,0,1,1,6,6,3,-1,-1,-1,-1,-1,-1,-1,-1,0,-1
202160Z018227,2021,60Z018227,1,9,0,9,9,5,3,0,0,2,0,0,0,0,3,1,6,6,2,39,7,-1,-1,-1,-1,-1,-1,0,-1
2021131045642,2021,131045642,1,1,0,18,19,8,4,0,0,1,0,0,0,0,3,1,5,6,1,13,3,-1,-1,-1,-1,4,E01010978,0,-1
2021010296317,2021,010296317,2,9,0,18,19,5,1,0,0,1,0,0,0,0,1,1,6,6,2,23,5,-1,-1,-1,-1,10,E01004112,0,-1
2021411038001,2021,411038001,2,1,0,18,19,8,4,0,0,0,0,0,0,0,1,1,6,6,1,10,2,-1,-1,-1,-1,6,E01023409,0,-1
2021010342114,2021,010342114,2,9,0,99,99,9,9,99,99,9,9,99,9,99,2,9,6,6,3,-1,-1,-1,-1,-1,-1,-1,-1,0,-1
2021991089748,2021,991089748,2,1,0,18,19,8,4,0,0,1,0,0,0,0,1,1,5,6,1,40,7,-1,-1,-1,-1,8,-1,0,-1
2021010322921,2021,010322921,2,9,0,99,99,9,9,99,99,9,9,99,9,99,9,9,6,6,3,-1,-1,-1,-1,-1,-1,-1,-1,0,-1
2021302101245,2021,302101245,2,23,0,18,19,6,4,0,0,0,0,0,0,0,1,1,6,6,1,27,6,-1,-1,-1,-1,3,E01019531,0,-1
2021061095929,2021,061095929,1,1,0,9,9,7,5,0,0,6,0,0,0,0,3,1,6,6,1,30,6,-1,-1,-1,-1,-1,-1,0,-1
2021302101097,2021,302101097,1,9,0,2,2,0,0,0,0,0,0,0,0,0,0,1,6,6,3,-1,-1,-1,-1,-1,-1,-1,-1,0,-1
2021010331423,2021,010331423,1,11,0,18,19,7,3,0,0,8,0,0,0,0,4,1,6,6,3,-1,-1,-1,-1,-1,-1,-1,-1,0,-1
2021052100154,2021,052100154,2,1,0,18,19,2,5,0,0,8,0,0,0,0,1,1,2,2,1,47,8,-1,-1,-1,-1,6,E01007033,0,-1
2021332100597,2021,332100597,2,1,0,18,19,6,2,0,0,6,0,0,0,0,1,1,6,6,1,16,4,-1,-1,-1,-1,1,E01032602,0,-1
2021430198762,2021,430198762,3,9,0,3,3,3,7,0,0,1,0,0,0,0,2,1,6,6,1,48,8,-1,-1,-1,-1,-1,-1,0,-1
2021332100394,2021,332100394,1,9,0,7,7,6,8,0,0,5,0,0,0,0,1,1,6,6,1,20,4,-1,-1,-1,-1,4,E01013747,0,-1
2021010353530,2021,010353530,1,97,0,18,19,6,2,0,0,0,0,0,0,0,1,1,6,6,3,-1,-1,-1,-1,-1,-1,-1,-1,0,-1
2021440072621,2021,440072621,2,19,0,9,9,1,0,0,0,8,0,0,0,0,0,1,6,6,3,-1,-1,-1,-1,-1,-1,-1,-1,0,-1
2021302100200,2021,302100200,1,1,0,16,19,4,8,0,0,0,0,0,0,0,2,1,6,6,1,58,9,-1,-1,-1,-1,10,E01007927,0,-1
2021010324437,2021,010324437,2,9,9,99,99,9,9,0,0,0,9,99,9,99,9,1,6,6,3,-1,-1,-1,-1,-1,-1,-1,-1,0,-1
2021430454103,2021,430454103,2,1,0,18,19,6,2,0,0,2,0,0,0,0,4,1,6,6,2,12,3,-1,-1,-1,-1,10,E01017640,0,-1
2021070111675,2021,070111675,1,9,0,18,19,3,7,0,0,1,0,0,0,0,1,1,6,6,3,-1,-1,-1,-1,-1,-1,-1,-1,0,-1
2021332101033,2021,332101033,1,9,0,18,19,5,1,0,0,1,0,0,0,0,2,1,3,7,1,30,6,-1,-1,-1,-1,5,E01013612,0,-1
202160Z060770,2021,60Z060770,1,9,0,16,19,6,2,0,0,1,0,0,0,0,1,1,6,6,1,23,5,-1,-1,-1,-1,-1,-1,0,-1
2021332100521,2021,332100521,1,9,0,18,19,2,6,0,0,1,0,0,0,0,1,1,6,6,1,20,4,-1,-1,-1,-1,6,E01025956,0,-1
2021101117832,2021,101117832,2,1,0,18,19,6,2,0,0,1,0,0,0,0,1,1,2,2,1,22,5,-1,-1,-1,-1,-1,-1,0,-1
2021010313828,2021,010313828,2,1,0,7,7,5,6,0,0,8,0,0,0,0,1,1,2,2,2,33,6,-1,-1,-1,-1,5,E01004560,0,-1
2021131067740,2021,131067740,1,9,0,5,5,5,3,0,0,8,0,0,0,0,-1,1,6,6,3,-1,-1,-1,-1,-1,-1,-1,-1,0,-1
2021010306742,2021,010306742,2,-1,0,18,19,5,1,0,0,0,0,0,0,0,1,1,6,6,2,20,4,-1,-1,-1,-1,3,E01003091,1,-1
2021991088915,2021,991088915,3,9,0,18,19,2,6,0,0,0,0,0,0,0,1,1,5,6,1,46,8,-1,-1,-1,-1,5,-1,0,-1
2021440330250,2021,440330250,1,1,0,18,19,5,1,0,0,0,0,0,0,0,1,1,6,6,1,46,8,-1,-1,-1,-1,3,E01017239,0,-1
2021430414118,2021,430414118,2,19,0,9,9,8,6,0,0,5,0,0,0,0,3,1,6,6,1,36,7,-1,-1,-1,-1,-1,-1,0,-1
2021052101711,2021,052101711,2,1,0,18,19,3,7,0,0,0,0,0,0,0,1,1,6,6,2,19,4,-1,-1,-1,-1,2,E01007214,0,-1
2021201130721,2021,201130721,1,9,0,18,19,-1,-1,0,0,1,0,0,0,0,1,1,6,6,3,-1,-1,-1,-1,-1,-1,-1,-1,0,-1
2021010312323,2021,010312323,1,3,0,18,19,3,7,0,0,1,0,0,0,0,1,1,6,6,1,19,4,-1,-1,-1,-1,5,E01000606,0,-1
2021332100700,2021,332100700,2,9,0,3,3,1,4,0,0,8,0,0,0,0,2,1,6,6,1,54,8,-1,-1,-1,-1,9,E01025769,0,-1
2021231102253,2021,231102253,2,1,0,9,9,5,4,0,0,8,0,0,0,0,1,1,5,6,1,52,8,-1,-1,-1,-1,9,E01031315,0,-1
2021052102763,2021,052102763,1,19,0,9,9,3,1,0,0,8,0,0,0,0,1,1,6,6,3,-1,-1,-1,-1,-1,-1,-1,-1,0,-1
2021052101595,2021,052101595,1,1,0,14,14,2,6,0,0,2,0,0,0,0,2,1,6,6,1,45,7,-1,-1,-1,-1,7,E01006666,0,-1
202160Z022869,2021,60Z022869,1,9,0,14,14,2,6,0,0,0,0,0,0,0,1,1,1,1,1,23,5,-1,-1,-1,-1,-1,-1,0,-1
2021501042105,2021,501042105,1,9,0,18,19,1,5,0,0,0,0,0,0,0,1,1,6,6,3,-1,-1,-1,-1,-1,-1,-1,-1,0,-1
2021010319264,2021,010319264,1,1,9,18,19,9,9,0,0,0,9,8,0,99,1,1,2,2,2,34,6,-1,-1,-1,-1,6,E01004493,0,-1
2021351142657,2021,351142657,2,9,4,7,7,5,1,0,0,8,0,0,0,0,2,1,1,1,1,51,8,-1,-1,-1,-1,9,E01017495,0,-1
2021161089130,2021,161089130,2,98,0,2,2,0,0,0,0,2,0,0,0,0,2,1,6,6,3,-1,-1,-1,-1,-1,-1,-1,-1,0,-1
2021501034081,2021,501034081,2,5,0,18,19,1,5,0,0,1,2,0,0,0,1,1,6,6,1,31,6,-1,-1,-1,-1,5,E01019996,0,-1
2021361094636,2021,361094636,3,9,0,10,10,4,2,0,0,8,0,0,0,0,0,1,6,6,1,-1,-1,-1,-1,-1,-1,-1,-1,0,-1
2021010343088,2021,010343088,3,1,9,99,99,9,9,99,99,9,9,99,9,99,1,1,6,6,3,-1,-1,-1,-1,-1,-1,5,E01004523,0,-1
2021401091505,2021,401091505,5,19,0,4,4,8,6,0,0,0,0,0,0,0,1,1,6,6,3,-1,-1,-1,-1,-1,-1,-1,-1,0,-1
2021141075622,2021,141075622,1,1,0,18,19,3,7,0,0,0,5,10,1,0,1,1,5,6,2,44,7,-1,-1,-1,-1,4,E01007434,0,-1
2021351088792,2021,351088792,1,9,0,18,19,3,7,0,0,0,0,0,0,0,1,1,6,6,2,-1,-1,-1,-1,-1,-1,-1,-1,0,-1
2021481037684,2021,481037684,1,1,0,18,19,7,3,5,5,1,0,0,0,0,1,1,2,2,1,43,7,-1,-1,-1,-1,5,E01004745,0,-1
2021311109841,2021,311109841,1,9,0,18,19,7,8,0,0,0,0,0,0,0,1,1,6,6,3,16,4,-1,-1,-1,-1,-1,-1,0,-1
2021991018864,2021,991018864,2,90,4,18,19,5,1,0,0,8,0,0,7,0,1,1,1,1,1,31,6,-1,-1,-1,-1,7,-1,0,-1
2021991036624,2021,991036624,1,90,0,18,19,1,5,0,0,0,0,0,0,0,2,1,6,6,1,35,6,-1,-1,-1,-1,-1,-1,0,-1
2021161017712,2021,161017712,2,1,0,18,19,6,2,0,0,0,0,0,0,0,3,1,6,6,1,29,6,-1,-1,-1,-1,1,E01033110,0,-1
2021010298327,2021,010298327,2,1,3,18,19,5,1,0,0,2,0,0,0,0,1,1,6,6,1,34,6,-1,-1,-1,-1,6,E01003367,0,-1
2021430105828,2021,430105828,1,19,0,9,9,8,6,0,0,5,0,0,0,0,1,1,6,6,1,43,7,-1,-1,-1,-1,-1,-1,0,-1
2021010334927,2021,010334927,2,1,0,18,19,3,7,0,0,2,0,0,0,0,0,1,2,2,1,61,9,-1,-1,-1,-1,-1,-1,0,-1
2021061112147,2021,061112147,1,90,0,18,19,1,5,0,0,8,0,0,0,0,1,1,6,6,3,30,6,-1,-1,-1,-1,-1,-1,0,-1
2021041087450,2021,041087450,2,1,0,18,19,7,3,0,0,0,0,0,0,0,1,1,5,6,1,61,9,-1,-1,-1,-1,9,E01025566,0,-1
2021332100740,2021,332100740,2,3,0,18,19,4,8,0,0,8,0,0,3,0,1,1,6,6,1,17,4,-1,-1,-1,-1,8,E01033535,0,-1
2021302101452,2021,302101452,3,9,0,4,4,8,4,0,0,0,0,0,0,0,0,1,6,6,3,-1,-1,-1,-1,-1,-1,5,E01019456,0,-1
2021320379521,2021,320379521,1,1,0,9,9,8,6,9,9,2,0,0,0,0,1,1,2,2,1,26,6,-1,-1,-1,-1,2,E01026037,0,-1
2021010327430,2021,010327430,2,1,0,5,5,4,6,0,0,2,2,0,0,0,1,1,6,6,1,79,11,-1,-1,-1,-1,6,E01001309,0,-1
2021010319499,2021,010319499,1,1,9,99,99,9,9,99,99,9,9,99,9,99,1,1,2,2,2,30,6,-1,-1,-1,-1,2,E01001971,0,-1
2021031054928,2021,031054928,2,1,0,18,19,6,2,9,9,6,0,0,0,0,3,1,5,6,1,11,3,-1,-1,-1,-1,3,E01019222,0,-1
2021471114420,2021,471114420,2,9,0,18,19,7,3,0,0,0,0,0,0,0,2,1,2,2,1,32,6,-1,-1,-1,-1,3,E01031783,0,-1
2021010302632,2021,010302632,2,-1,0,18,19,3,7,9,9,0,0,0,0,0,1,1,6,6,1,15,3,-1,-1,-1,-1,4,E01033745,1,-1
2021461025798,2021,461025798,1,9,0,18,19,5,1,0,0,1,0,0,0,0,3,1,6,6,2,-1,-1,-1,-1,-1,-1,-1,-1,0,-1
2021332100447,2021,332100447,1,9,0,1,1,6,2,0,0,6,0,0,0,0,2,1,6,6,1,31,6,-1,-1,-1,-1,8,E01025793,0,-1
2021010300262,2021,010300262,2,1,0,18,19,7,3,5,5,1,0,0,0,0,1,1,6,6,1,21,5,-1,-1,-1,-1,3,E01001981,0,-1
2021501142020,2021,501142020,1,9,5,18,19,3,7,0,0,0,5,0,6,4,1,1,5,6,1,38,7,-1,-1,-1,-1,5,E01018785,0,-1
2021141067346,2021,141067346,1,1,0,18,19,3,7,9,9,0,0,0,0,0,2,1,6,6,1,13,3,-1,-1,-1,-1,6,E01008040,0,-1
2021302102019,2021,302102019,3,9,0,18,19,8,4,0,0,0,0,0,0,0,0,1,6,6,3,-1,-1,-1,-1,-1,-1,5,E01019456,0,-1
2021010309350,2021,010309350,2,1,0,18,19,1,5,0,0,1,1,0,0,0,1,1,6,6,1,27,6,-1,-1,-1,-1,5,E01003142,0,-1
2021052100980,2021,052100980,1,1,0,18,19,1,5,0,0,8,0,0,0,0,4,1,6,6,1,-1,-1,-1,-1,-1,-1,-1,-1,0,-1
2021991065299,2021,991065299,2,1,0,14,14,7,3,4,4,0,0,8,0,0,1,1,6,6,1,51,8,-1,-1,-1,-1,8,-1,0,-1
2021101119830,2021,101119830,2,1,0,18,19,5,1,0,0,8,0,0,0,0,1,1,6,6,1,39,7,-1,-1,-1,-1,8,E01008507,0,-1
2021010288825,2021,010288825,2,1,0,18,19,4,8,0,0,6,2,0,0,0,1,1,6,6,1,28,6,-1,-1,-1,-1,4,E01001137,0,-1
2021052100035,2021,052100035,1,9,0,18,19,1,5,0,0,1,0,0,0,0,1,1,6,6,3,-1,-1,-1,-1,-1,-1,-1,-1,0,-1
2021010318094,2021,010318094,2,1,0,18,19,3,7,0,0,8,0,0,0,0,4,1,2,2,1,25,5,-1,-1,-1,-1,3,E01003829,0,-1
2021052101958,2021,052101958,1,9,4,13,13,1,5,0,0,0,0,0,0,0,4,1,6,6,3,-1,-1,-1,-1,-1,-1,-1,-1,0,-1
2021622100769,2021,622100769,1,9,0,18,19,8,4,0,0,8,0,0,0,0,1,1,6,6,3,-1,-1,-1,-1,-1,-1,-1,-1,0,-1
2021501097491,2021,501097491,2,1,0,18,19,7,3,0,0,0,0,0,0,0,4,1,6,6,1,67,10,-1,-1,-1,-1,4,E01029179,0,-1
2021010300730,2021,010300730,1,1,9,99,99,9,9,99,99,9,9,99,9,99,1,1,6,6,1,22,5,-1,-1,-1,-1,4,E01003758,0,-1
2021332100791,2021,332100791,1,9,0,18,19,1,5,0,0,8,0,0,0,0,4,1,3,7,2,56,9,-1,-1,-1,-1,9,E01013796,0,-1
2021471031538,2021,471031538,1,21,0,18,19,4,8,0,0,1,0,0,0,0,1,2,1,1,1,64,9,-1,-1,-1,-1,-1,-1,0,-1
2021461063105,2021,461063105,1,-1,0,18,19,5,1,0,0,1,0,0,0,0,1,1,6,6,2,-1,-1,-1,-1,-1,-1,-1,-1,1,-1
2021332100457,2021,332100457,1,9,0,9,9,3,1,0,0,6,0,0,3,1,3,1,6,6,1,50,8,-1,-1,-1,-1,4,E01025899,0,-1
2021332100658,2021,332100658,1,3,0,7,7,4,6,0,0,4,0,0,0,0,1,1,6,6,1,36,7,-1,-1,-1,-1,6,E01013795,0,-1
2021010348481,2021,010348481,1,1,9,99,99,9,9,99,99,9,9,99,9,99,9,1,2,2,1,40,7,-1,-1,-1,-1,6,E01001159,0,-1
2021170S10191,2021,170S10191,1,9,0,18,19,6,2,0,0,8,0,0,0,0,1,1,6,6,1,82,11,-1,-1,-1,-1,8,E01012294,0,-1
2021201084551,2021,201084551,2,9,0,18,19,4,8,0,0,6,0,0,0,0,4,1,6,6,3,-1,-1,-1,-1,-1,-1,-1,-1,0,-1
2021332100623,2021,332100623,2,4,0,9,9,3,1,0,0,5,0,0,0,0,1,1,6,6,1,47,8,-1,-1,-1,-1,3,E01013763,0,-1
2021221018976,2021,221018976,1,9,0,18,19,1,5,0,0,0,0,0,0,0,1,1,6,6,3,-1,-1,-1,-1,-1,-1,-1,-1,0,-1
2021010289309,2021,010289309,2,1,0,16,19,5,7,0,0,2,1,0,0,0,3,1,2,2,1,29,6,-1,-1,-1,-1,8,E01002340,0,-1
202160Z185110,2021,60Z185110,1,9,0,18,19,3,7,0,0,0,0,0,0,0,1,1,6,6,1,74,10,-1,-1,-1,-1,-1,-1,0,-1
2021461031442,2021,461031442,2,1,0,4,4,7,3,0,0,1,2,0,7,0,1,1,5,6,1,44,7,-1,-1,-1,-1,1,E01024657,0,-1
2021610016821,2021,610016821,3,9,0,4,4,7,3,0,0,1,0,0,0,0,2,1,6,6,1,49,8,-1,-1,-1,-1,-1,-1,0,-1
2021622100299,2021,622100299,2,1,0,18,19,2,6,0,0,1,0,0,0,0,1,1,6,6,1,63,9,-1,-1,-1,-1,1,W01001022,0,-1
2021010296218,2021,010296218,1,1,9,99,99,9,9,99,99,9,9,99,9,99,1,1,2,2,1,43,7,-1,-1,-1,-1,3,E01002047,0,-1
2021061025149,2021,061025149,2,9,0,18,19,7,3,0,0,1,0,0,0,0,0,1,6,6,3,30,6,-1,-1,-1,-1,-1,-1,0,-1
2021440104107,2021,440104107,1,-1,0,18,19,5,1,0,0,0,0,0,0,0,1,1,6,6,1,57,9,-1,-1,-1,-1,9,E01023152,1,-1
2021371066508,2021,371066508,2,1,0,17,19,1,2,0,0,0,0,0,0,0,2,1,5,6,1,57,9,-1,-1,-1,-1,8,E01030065,0,-1
2021991030510,2021,991030510,1,1,0,18,19,7,3,0,0,0,5,11,0,0,1,1,5,6,1,56,9,-1,-1,-1,-1,8,-1,0,-1
2021430202691,2021,430202691,2,1,0,9,9,8,6,0,0,8,0,0,0,0,3,1,6,6,1,47,8,-1,-1,-1,-1,8,E01028737,0,-1
2021411108927,2021,411108927,1,9,0,18,19,6,2,0,0,0,0,0,0,0,1,1,1,1,1,48,8,-1,-1,-1,-1,3,E01015757,0,-1
2021052101475,2021,052101475,2,1,0,18,19,5,1,0,0,8,0,0,0,0,4,1,6,6,1,28,6,-1,-1,-1,-1,1,E01007220,0,-1
2021070425733,2021,070425733,2,1,0,5,5,3,7,0,0,0,0,4,0,0,3,1,6,6,2,58,9,-1,-1,-1,-1,4,E01012428,0,-1
2021010313679,2021,010313679,1,1,9,99,99,9,9,99,99,9,9,99,9,99,0,1,2,2,2,45,7,-1,-1,-1,-1,5,E01004517,0,-1
2021421085437,2021,421085437,3,1,0,18,19,3,7,0,0,0,0,0,0,0,1,1,6,6,1,31,6,-1,-1,-1,-1,6,E01021714,0,-1
2021610012221,2021,610012221,1,9,0,9,9,8,7,0,0,1,0,0,0,0,1,1,2,2,2,32,6,-1,-1,-1,-1,-1,-1,0,-1
2021010307552,2021,010307552,1,9,0,6,6,3,3,0,0,0,0,0,0,0,3,2,6,6,1,27,6,-1,-1,-1,-1,6,E01033575,0,-1
2021010293647,2021,010293647,1,8,0,18,19,5,1,0,0,0,0,0,0,0,1,1,6,6,1,58,9,-1,-1,-1,-1,3,E01002781,0,-1
2021332100284,2021,332100284,3,9,0,2,2,0,0,0,0,2,0,0,0,0,1,1,6,6,3,-1,-1,-1,-1,-1,-1,-1,-1,0,-1
2021440480850,2021,440480850,1,-1,0,18,19,6,2,0,0,8,0,0,3,11,1,1,6,6,1,39,7,-1,-1,-1,-1,5,E01017088,1,-1
2021361091003,2021,361091003,2,1,0,18,19,1,5,0,0,0,5,0,1,10,1,1,6,6,1,54,8,-1,-1,-1,-1,7,E01026928,0,-1
2021501092800,2021,501092800,2,1,0,18,19,1,5,0,0,1,5,0,0,0,1,1,1,1,2,47,8,-1,-1,-1,-1,7,E01019977,0,-1
2021332100873,2021,332100873,3,9,0,18,19,8,4,0,0,0,0,0,0,0,1,1,6,6,2,34,6,-1,-1,-1,-1,1,E01025699,0,-1
2021041121924,2021,041121924,2,9,0,18,19,1,5,0,0,1,0,0,0,0,1,1,5,6,1,34,6,-1,-1,-1,-1,1,E01012673,0,-1
2021461096103,2021,461096103,2,1,0,18,19,1,5,0,0,0,0,0,0,0,1,1,5,6,1,-1,-1,-1,-1,-1,-1,5,E01024033,0,-1
2021430278613,2021,430278613,1,9,0,18,19,7,3,0,0,1,0,0,0,0,1,1,6,6,1,55,8,-1,-1,-1,-1,1,E01009334,0,-1
2021201017526,2021,201017526,2,1,0,18,19,5,1,0,0,8,0,0,0,0,4,1,1,1,1,56,9,-1,-1,-1,-1,8,E01010179,0,-1
2021221091482,2021,221091482,1,9,5,18,19,4,8,0,0,0,5,0,8,0,4,1,5,6,1,44,7,-1,-1,-1,-1,3,E01028880,0,-1
2021411074016,2021,411074016,1,9,0,9,9,4,2,0,0,0,0,0,0,0,4,1,6,6,1,58,9,-1,-1,-1,-1,9,E01023407,0,-1