collision_index,collision_year,collision_ref_no,vehicle_reference,vehicle_type,towing_and_articulation,vehicle_manoeuvre_historic,vehicle_manoeuvre,vehicle_direction_from,vehicle_direction_to,vehicle_location_restricted_lane_historic,vehicle_location_restricted_lane,junction_location,skidding_and_overturning,hit_object_in_carriageway,vehicle_leaving_carriageway,hit_object_off_carriageway,first_point_of_impact,vehicle_left_hand_drive,journey_purpose_of_driver_historic,journey_purpose_of_driver,sex_of_driver,age_of_driver,age_band_of_driver,engine_capacity_cc,propulsion_code,age_of_vehicle,generic_make_model,driver_imd_decile,lsoa_of_driver,escooter_flag,driver_distance_banding
202163A041421,2021,63A041421,2,19,0,17,19,2,7,0,0,0,0,0,0,0,0,1,6,6,3,-1,-1,-1,-1,-1,-1,-1,-1,0,-1
2021010306208,2021,010306208,2,-1,0,18,19,7,3,0,0,8,0,0,0,0,1,1,6,6,1,31,6,-1,-1,-1,-1,3,E01002540,1,-1
2021520105548,2021,520105548,3,-1,0,18,19,8,4,0,0,0,0,0,0,0,2,1,6,6,1,22,5,-1,-1,-1,-1,7,E01029199,1,-1
2021052100432,2021,052100432,2,1,0,18,19,3,7,0,0,8,0,0,0,0,3,1,2,2,1,35,6,-1,-1,-1,-1,1,E01007007,0,-1
2021430384376,2021,430384376,1,9,0,18,19,8,4,0,0,4,0,0,1,2,1,1,6,6,2,34,6,-1,-1,-1,-1,5,E01028556,0,-1
2021430500090,2021,430500090,1,1,0,18,19,8,4,0,0,8,0,0,0,0,4,1,2,2,1,45,7,-1,-1,-1,-1,7,E01016355,0,-1
2021170H10501,2021,170H10501,1,19,0,10,10,6,4,0,0,1,0,0,0,0,2,1,1,1,1,38,7,-1,-1,-1,-1,2,E01011954,0,-1
2021371067714,2021,371067714,2,1,0,18,19,5,1,0,0,0,0,0,0,0,1,1,6,6,2,47,8,-1,-1,-1,-1,1,E01030250,0,-1
2021131087713,2021,131087713,1,9,0,1,1,1,5,0,0,8,0,0,0,0,2,1,6,6,2,50,8,-1,-1,-1,-1,8,E01011684,0,-1
2021201127377,2021,201127377,1,9,0,16,19,4,6,0,0,3,0,0,0,0,1,1,2,2,1,47,8,-1,-1,-1,-1,1,E01009494,0,-1
2021122100648,2021,122100648,1,1,0,14,14,7,5,0,0,1,0,0,0,0,1,1,6,6,2,50,8,-1,-1,-1,-1,9,E01013435,0,-1
2021991062229,2021,991062229,1,1,0,4,4,2,5,0,0,0,0,0,0,0,1,1,5,6,2,65,9,-1,-1,-1,-1,8,-1,0,-1
2021332100974,2021,332100974,1,3,0,18,19,8,4,0,0,5,0,0,0,0,1,1,6,6,1,24,5,-1,-1,-1,-1,1,E01013755,0,-1
202160Z091858,2021,60Z091858,1,9,0,5,5,8,4,0,0,0,0,0,0,0,3,1,6,6,2,56,9,-1,-1,-1,-1,-1,-1,0,-1
2021052102709,2021,052102709,2,1,0,3,3,3,7,0,0,1,0,0,0,0,3,1,4,7,1,12,3,-1,-1,-1,-1,1,E01007277,0,-1
2021440517912,2021,440517912,2,1,0,18,19,6,2,0,0,1,0,0,0,0,1,1,6,6,1,41,7,-1,-1,-1,-1,5,E01017307,0,-1
2021411033421,2021,411033421,1,9,0,18,19,7,3,0,0,2,0,-1,0,0,0,1,6,6,1,-1,-1,-1,-1,-1,-1,-1,-1,0,-1
2021122101249,2021,122101249,2,9,0,9,9,7,5,0,0,8,0,0,0,0,4,1,6,6,3,-1,-1,-1,-1,-1,-1,-1,-1,0,-1
2021052100344,2021,052100344,2,1,0,18,19,2,6,0,0,0,0,0,0,0,3,1,6,6,1,31,6,-1,-1,-1,-1,1,E01033767,0,-1
2021401052184,2021,401052184,1,9,0,5,5,5,1,0,0,0,0,0,0,0,3,1,6,6,1,-1,-1,-1,-1,-1,-1,-1,-1,0,-1
2021010315066,2021,010315066,2,1,0,18,19,1,5,9,9,1,0,0,0,0,1,1,6,6,1,20,4,-1,-1,-1,-1,3,E01015765,0,-1
2021170S11561,2021,170S11561,4,9,0,18,19,4,8,0,0,0,0,0,0,0,1,1,6,6,1,41,7,-1,-1,-1,-1,9,E01020702,0,-1
2021430442789,2021,430442789,1,19,0,18,19,6,2,0,0,6,0,0,0,0,1,1,1,1,1,24,5,-1,-1,-1,-1,3,E01002405,0,-1
2021010304950,2021,010304950,1,1,9,99,99,9,9,99,99,9,9,99,9,99,1,1,6,6,1,40,7,-1,-1,-1,-1,4,E01004484,0,-1
2021451051100,2021,451051100,1,1,0,18,19,7,3,0,0,0,5,11,0,0,1,1,5,6,2,39,7,-1,-1,-1,-1,10,E01030436,0,-1
2021461107917,2021,461107917,2,1,0,10,10,3,7,0,0,1,0,0,0,0,3,1,2,2,1,30,6,-1,-1,-1,-1,5,E01024082,0,-1
2021332100152,2021,332100152,2,9,0,18,19,2,6,0,0,0,0,0,0,0,1,1,6,6,1,38,7,-1,-1,-1,-1,5,E01013612,0,-1
2021332100804,2021,332100804,2,1,0,10,10,7,5,0,0,8,0,0,0,0,1,1,6,6,2,45,7,-1,-1,-1,-1,9,E01025805,0,-1
2021520201603,2021,520201603,1,9,0,18,19,4,8,0,0,0,0,0,0,0,1,1,6,6,1,21,5,-1,-1,-1,-1,6,E01029261,0,-1
2021481048240,2021,481048240,2,1,0,18,19,7,3,0,0,8,0,0,0,0,3,1,5,6,1,7,2,-1,-1,-1,-1,6,E01004216,0,-1
2021010303939,2021,010303939,2,1,0,5,5,5,1,0,0,2,0,0,0,0,1,1,6,6,1,13,3,-1,-1,-1,-1,1,E01001845,0,-1
2021351015411,2021,351015411,1,9,0,4,4,8,4,0,0,1,0,0,0,0,4,1,6,6,1,-1,-1,-1,-1,-1,-1,-1,-1,0,-1
2021010302222,2021,010302222,3,1,0,99,99,9,9,0,0,1,0,0,0,0,9,1,6,6,1,-1,-1,-1,-1,-1,-1,-1,-1,0,-1
2021351104325,2021,351104325,1,9,0,9,9,7,5,0,0,6,0,0,0,0,1,1,5,6,3,-1,-1,-1,-1,-1,-1,-1,-1,0,-1
2021440033400,2021,440033400,1,9,0,18,19,2,6,0,0,0,0,0,0,0,3,1,6,6,2,88,11,-1,-1,-1,-1,6,E01022940,0,-1
2021010346889,2021,010346889,2,1,0,9,9,1,8,0,0,5,0,0,0,0,3,1,6,6,1,67,10,-1,-1,-1,-1,3,E01002627,0,-1
2021010322854,2021,010322854,1,9,0,18,19,7,3,0,0,1,0,0,0,0,1,1,2,2,1,46,8,-1,-1,-1,-1,4,E01001476,0,-1
2021610032221,2021,610032221,1,9,0,18,19,6,1,0,0,3,1,0,0,4,3,1,2,2,1,55,8,-1,-1,-1,-1,-1,-1,0,-1
2021340558915,2021,340558915,2,9,0,18,19,5,1,0,0,0,0,0,0,0,2,2,2,2,1,39,7,-1,-1,-1,-1,6,E01028703,0,-1
2021010331956,2021,010331956,1,1,9,99,99,9,9,99,99,9,9,99,9,99,9,1,2,2,2,25,5,-1,-1,-1,-1,3,E01004123,0,-1
202131C015221,2021,31C015221,2,1,0,18,19,5,1,0,0,8,0,0,0,0,1,1,6,6,1,21,5,-1,-1,-1,-1,5,E01013840,0,-1
2021010324476,2021,010324476,1,1,9,99,99,9,9,99,99,0,9,99,9,99,1,1,2,2,1,54,8,-1,-1,-1,-1,2,E01002872,0,-1
2021351024226,2021,351024226,2,1,0,18,19,1,6,0,0,8,0,0,0,0,4,1,5,6,2,23,5,-1,-1,-1,-1,6,E01017973,0,-1
2021010316175,2021,010316175,2,1,0,18,19,3,7,0,0,8,0,0,0,0,4,1,4,7,1,15,3,-1,-1,-1,-1,7,E01001882,0,-1
2021010320197,2021,010320197,2,1,0,4,4,7,3,4,4,1,0,0,0,0,0,1,6,6,1,41,7,-1,-1,-1,-1,8,E01002414,0,-1
2021221089364,2021,221089364,3,9,0,5,5,5,8,0,0,4,0,0,0,0,2,1,5,6,2,34,6,-1,-1,-1,-1,-1,-1,0,-1
2021070628036,2021,070628036,2,1,0,18,19,3,7,4,4,1,0,0,0,0,4,1,4,7,1,16,4,-1,-1,-1,-1,10,E01018505,0,-1
2021010296020,2021,010296020,2,1,0,5,5,7,3,0,0,1,0,0,0,0,3,1,2,2,1,27,6,-1,-1,-1,-1,7,E01001913,0,-1
2021332100927,2021,332100927,2,19,0,18,19,4,8,0,0,0,0,0,1,0,1,1,1,1,1,24,5,-1,-1,-1,-1,2,E01013776,0,-1
2021141042822,2021,141042822,2,9,0,18,19,3,7,0,0,8,0,0,0,0,4,1,6,6,3,-1,-1,-1,-1,-1,-1,-1,-1,0,-1
2021061043038,2021,061043038,1,1,0,18,19,5,7,0,0,0,0,0,0,0,2,1,6,6,1,16,4,-1,-1,-1,-1,5,E01005777,0,-1
2021010307936,2021,010307936,2,1,0,5,5,5,1,0,0,6,5,4,0,0,1,1,1,1,1,13,3,-1,-1,-1,-1,7,E01003789,0,-1
2021061055566,2021,061055566,2,9,0,2,2,0,0,0,0,0,0,0,0,0,1,1,6,6,3,-1,-1,-1,-1,-1,-1,-1,-1,0,-1
2021010297531,2021,010297531,2,1,0,18,19,7,3,0,0,0,0,0,0,0,3,1,2,2,1,46,8,-1,-1,-1,-1,3,E01003068,0,-1
2021221039496,2021,221039496,2,1,0,18,19,5,1,0,0,8,0,0,0,0,1,1,5,6,1,37,7,-1,-1,-1,-1,5,E01032295,0,-1
202134NNC3341,2021,34NNC3341,1,9,0,18,19,1,5,0,0,1,0,0,0,0,1,1,6,6,2,-1,-1,-1,-1,-1,-1,-1,-1,0,-1
2021421066692,2021,421066692,2,23,0,18,19,7,4,0,0,0,0,0,0,0,1,1,6,6,3,-1,-1,-1,-1,-1,-1,-1,-1,0,-1
20211383D0746,2021,1383D0746,1,19,0,18,19,5,1,0,0,2,0,0,0,0,1,1,6,6,3,-1,-1,-1,-1,-1,-1,-1,-1,0,-1
2021201085273,2021,201085273,2,1,0,7,7,6,8,0,0,6,0,0,0,0,1,1,6,6,1,12,3,-1,-1,-1,-1,-1,-1,0,-1
202160Z056075,2021,60Z056075,2,9,0,3,3,5,1,0,0,0,0,0,0,0,2,1,6,6,2,24,5,-1,-1,-1,-1,-1,-1,0,-1
2021010336120,2021,010336120,1,1,9,99,99,9,9,99,99,0,9,99,9,99,1,1,2,2,1,44,7,-1,-1,-1,-1,9,E01021798,0,-1
2021501085224,2021,501085224,2,1,0,17,19,7,3,0,0,1,0,0,0,0,3,1,6,6,1,60,9,-1,-1,-1,-1,4,E01019049,0,-1
2021010331760,2021,010331760,2,1,0,18,19,3,7,0,0,2,0,4,1,0,1,1,6,6,2,48,8,-1,-1,-1,-1,6,E01000898,0,-1
2021010343085,2021,010343085,2,1,0,10,10,4,2,0,0,1,0,0,0,0,2,1,1,1,1,48,8,-1,-1,-1,-1,3,E01003923,0,-1
2021332101546,2021,332101546,3,9,0,18,19,8,4,0,0,0,0,0,0,0,2,1,6,6,1,52,8,-1,-1,-1,-1,-1,-1,0,-1
2021461055463,2021,461055463,1,9,-1,-1,-1,-1,-1,-1,-1,-1,-1,-1,-1,0,-1,1,6,6,3,-1,-1,-1,-1,-1,-1,-1,-1,0,-1
2021010327691,2021,010327691,2,19,9,99,99,9,9,99,99,9,9,99,9,99,9,9,6,6,3,-1,-1,-1,-1,-1,-1,-1,-1,0,-1
202160Z148467,2021,60Z148467,2,9,0,4,4,6,2,0,0,1,0,0,0,0,2,1,6,6,1,35,6,-1,-1,-1,-1,-1,-1,0,-1
2021471057463,2021,471057463,2,9,0,18,19,7,3,0,0,0,0,0,7,4,1,1,5,6,1,23,5,-1,-1,-1,-1,6,E01029163,0,-1
2021221077683,2021,221077683,1,19,0,4,4,6,2,0,0,0,0,0,0,0,0,1,6,6,3,34,6,-1,-1,-1,-1,-1,-1,0,-1
2021010326022,2021,010326022,1,4,0,5,5,7,3,0,0,1,0,10,0,0,0,1,6,6,1,21,5,-1,-1,-1,-1,-1,-1,0,-1
2021010329748,2021,010329748,1,1,0,18,19,3,7,0,0,1,0,0,0,0,1,1,6,6,1,62,9,-1,-1,-1,-1,5,E01002745,0,-1
2021010352386,2021,010352386,1,1,9,99,99,9,9,99,99,3,9,99,9,99,1,1,2,2,1,22,5,-1,-1,-1,-1,3,E01033583,0,-1
2021501092008,2021,501092008,2,9,0,17,19,5,1,0,0,1,0,0,0,0,3,1,5,6,1,51,8,-1,-1,-1,-1,4,E01019037,0,-1
2021451015437,2021,451015437,1,1,0,18,19,6,2,5,5,1,1,0,0,0,1,1,5,6,1,14,3,-1,-1,-1,-1,2,E01030985,0,-1
2021501046277,2021,501046277,2,1,0,18,19,8,4,0,0,0,0,0,1,0,3,1,5,6,1,64,9,-1,-1,-1,-1,6,E01019014,0,-1
2021501084815,2021,501084815,1,9,0,1,1,1,5,0,0,0,0,11,0,0,1,1,5,6,1,22,5,-1,-1,-1,-1,4,E01019007,0,-1
2021010337521,2021,010337521,2,1,0,7,7,7,1,0,0,6,0,0,0,0,1,1,6,6,1,13,3,-1,-1,-1,-1,2,E01002764,0,-1
2021061154653,2021,061154653,1,9,0,18,19,1,1,0,0,0,0,0,0,0,4,1,6,6,3,30,6,-1,-1,-1,-1,-1,-1,0,-1
2021010319935,2021,010319935,2,9,0,18,19,3,7,0,0,1,0,0,0,0,1,1,6,6,1,-1,-1,-1,-1,-1,-1,-1,-1,0,-1
2021430443262,2021,430443262,1,1,0,18,19,4,8,0,0,0,0,0,0,0,1,1,4,7,1,11,3,-1,-1,-1,-1,-1,-1,0,-1
2021522200031,2021,522200031,2,9,0,7,7,1,3,0,0,6,0,0,0,0,1,1,6,6,3,30,6,-1,-1,-1,-1,-1,-1,0,-1
2021010319631,2021,010319631,1,-1,0,18,19,3,7,0,0,0,0,0,7,0,1,1,6,6,1,16,4,-1,-1,-1,-1,5,E01000664,1,-1
2021131119779,2021,131119779,1,9,0,-1,-1,-1,-1,-1,-1,-1,-1,-1,-1,-1,-1,1,6,6,3,-1,-1,-1,-1,-1,-1,1,E01010743,0,-1
2021201140045,2021,201140045,1,9,0,18,19,-1,-1,0,0,0,0,0,0,0,0,1,6,6,1,-1,-1,-1,-1,-1,-1,-1,-1,0,-1
2021201074066,2021,201074066,2,9,0,18,19,1,6,0,0,0,0,0,0,0,1,1,6,6,1,18,4,-1,-1,-1,-1,1,E01009718,0,-1
2021411081240,2021,411081240,2,9,0,18,19,4,8,0,0,1,0,0,0,0,1,1,6,6,3,-1,-1,-1,-1,-1,-1,-1,-1,0,-1
202131C130321,2021,31C130321,1,-1,0,7,7,4,7,0,0,5,0,0,0,0,1,1,6,6,1,43,7,-1,-1,-1,-1,2,E01013835,1,-1
2021622100224,2021,622100224,1,97,0,18,19,2,6,0,0,1,0,0,0,0,1,1,6,6,1,25,5,-1,-1,-1,-1,7,W01000875,0,-1
2021010333352,2021,010333352,1,9,0,99,99,9,9,0,0,0,0,0,0,0,1,1,6,6,3,-1,-1,-1,-1,-1,-1,-1,-1,0,-1
2021451052619,2021,451052619,1,1,0,18,19,3,7,0,0,0,0,0,1,0,0,1,5,6,1,33,6,-1,-1,-1,-1,-1,-1,0,-1
202131A138121,2021,31A138121,2,1,0,9,9,8,6,0,0,6,0,0,0,0,3,1,2,2,1,19,4,-1,-1,-1,-1,1,E01027939,0,-1
2021471072393,2021,471072393,1,1,0,18,19,6,2,0,0,0,0,0,0,0,1,1,6,6,3,17,4,-1,-1,-1,-1,-1,-1,0,-1
2021010332056,2021,010332056,1,9,0,6,6,5,5,0,0,1,0,0,0,0,2,1,6,6,1,-1,-1,-1,-1,-1,-1,-1,-1,0,-1
2021061069566,2021,061069566,1,90,0,18,19,8,4,0,0,1,0,0,0,0,1,1,6,6,3,30,6,-1,-1,-1,-1,-1,-1,0,-1
2021451035189,2021,451035189,2,1,0,17,19,4,3,0,0,8,0,0,0,0,4,1,5,6,1,44,7,-1,-1,-1,-1,8,E01030784,0,-1
2021052100194,2021,052100194,2,1,0,18,19,4,8,0,0,1,0,0,0,0,1,1,6,6,1,46,8,-1,-1,-1,-1,6,E01006939,0,-1
2021010323423,2021,010323423,2,9,0,99,99,9,9,99,99,9,9,99,9,99,1,9,6,6,3,-1,-1,-1,-1,-1,-1,-1,-1,0,-1
2021471099316,2021,471099316,2,1,0,18,19,6,2,4,4,0,5,0,0,0,3,1,6,6,1,54,8,-1,-1,-1,-1,3,E01021090,0,-1
2021522106273,2021,522106273,2,1,0,18,19,5,1,0,0,8,0,0,0,0,1,1,6,6,1,70,10,-1,-1,-1,-1,8,E01014475,0,-1
2021061070478,2021,061070478,1,1,0,18,19,7,3,0,0,0,0,0,0,0,2,1,6,6,1,18,4,-1,-1,-1,-1,1,E01005074,0,-1
2021010334447,2021,010334447,1,1,9,99,99,9,9,99,99,9,9,99,9,99,1,1,2,2,1,26,6,-1,-1,-1,-1,3,E01001844,0,-1
2021031045120,2021,031045120,1,1,0,18,19,4,8,0,0,0,0,0,0,0,0,1,6,6,1,56,9,-1,-1,-1,-1,1,E01019095,0,-1
2021471089032,2021,471089032,2,1,0,18,19,1,5,0,0,2,0,0,0,0,4,1,5,6,1,64,9,-1,-1,-1,-1,9,E01021123,0,-1
2021401031756,2021,401031756,2,19,4,4,4,5,1,0,0,0,0,0,0,0,2,1,1,1,1,34,6,-1,-1,-1,-1,4,E01028291,0,-1
2021010349162,2021,010349162,2,9,0,99,99,9,9,99,99,0,9,99,9,99,2,9,6,6,3,-1,-1,-1,-1,-1,-1,-1,-1,0,-1
202160Z135142,2021,60Z135142,1,9,0,6,6,4,4,0,0,0,0,0,0,0,1,1,1,1,2,48,8,-1,-1,-1,-1,-1,-1,0,-1
2021201118799,2021,201118799,2,1,0,18,19,2,6,0,0,8,0,0,0,0,1,1,6,6,1,46,8,-1,-1,-1,-1,4,E01009296,0,-1
2021332100074,2021,332100074,2,9,0,18,19,5,1,0,0,0,0,0,0,0,1,1,6,6,3,-1,-1,-1,-1,-1,-1,-1,-1,0,-1
2021052102762,2021,052102762,2,1,0,18,19,5,1,0,0,8,0,0,0,0,3,1,6,6,1,55,8,-1,-1,-1,-1,5,E01006892,0,-1
2021010350887,2021,010350887,2,9,0,99,99,9,9,0,0,3,0,0,0,0,1,1,6,6,3,-1,-1,-1,-1,-1,-1,-1,-1,0,-1
202163A074121,2021,63A074121,1,23,0,16,19,7,2,0,0,0,0,0,8,7,3,1,6,6,1,21,5,-1,-1,-1,-1,2,W01000638,0,-1
2021010343429,2021,010343429,1,9,0,17,19,1,5,0,0,2,0,4,0,0,2,1,1,1,1,22,5,-1,-1,-1,-1,-1,-1,0,-1
2021010346989,2021,010346989,2,9,0,99,99,9,9,99,99,0,9,99,9,99,9,9,6,6,3,-1,-1,-1,-1,-1,-1,-1,-1,0,-1
2021440519004,2021,440519004,2,1,0,18,19,1,5,5,5,5,0,0,0,0,1,1,6,6,2,47,8,-1,-1,-1,-1,1,E01017130,0,-1
2021201096421,2021,201096421,1,19,0,9,9,3,8,0,0,5,0,0,0,0,4,1,6,6,1,-1,-1,-1,-1,-1,-1,-1,-1,0,-1
2021332100306,2021,332100306,2,9,0,9,9,6,4,0,0,6,0,0,0,0,1,1,1,1,1,37,7,-1,-1,-1,-1,3,E01018072,0,-1
2021332101511,2021,332101511,1,9,0,18,19,4,8,0,0,0,0,0,0,0,0,1,6,6,1,-1,-1,-1,-1,-1,-1,-1,-1,0,-1
2021201041723,2021,201041723,1,1,0,18,19,6,2,9,9,2,0,0,0,0,1,1,6,6,1,29,6,-1,-1,-1,-1,4,E01009683,0,-1
2021010316043,2021,010316043,1,1,9,99,99,9,9,99,99,9,9,99,9,99,2,1,6,6,1,36,7,-1,-1,-1,-1,2,E01004306,0,-1
2021440051264,2021,440051264,1,9,0,18,19,6,1,0,0,8,0,0,0,0,1,1,2,2,1,21,5,-1,-1,-1,-1,-1,-1,0,-1
2021161012908,2021,161012908,2,98,0,9,9,8,6,0,0,8,0,0,0,0,1,1,5,6,1,19,4,-1,-1,-1,-1,2,E01001553,0,-1
2021010319155,2021,010319155,2,9,9,99,99,9,9,99,99,9,9,99,9,99,9,9,6,6,1,33,6,-1,-1,-1,-1,6,E01003033,0,-1
2021332100001,2021,332100001,2,16,0,18,19,8,4,0,0,0,0,0,0,0,2,1,6,6,2,34,6,-1,-1,-1,-1,7,E01027129,0,-1
2021361062237,2021,361062237,1,9,0,7,7,5,7,0,0,3,0,0,0,0,1,1,6,6,2,-1,-1,-1,-1,-1,-1,-1,-1,0,-1
2021211091868,2021,211091868,2,1,0,9,9,3,3,0,0,0,0,0,0,0,3,1,5,6,2,8,2,-1,-1,-1,-1,7,E01029417,0,-1
2021161031663,2021,161031663,1,97,0,14,14,3,7,0,0,0,0,10,7,2,1,1,6,6,1,-1,-1,-1,-1,-1,-1,-1,-1,0,-1
2021201147418,2021,201147418,2,9,0,9,9,4,2,0,0,8,0,0,0,0,1,1,6,6,3,-1,-1,-1,-1,-1,-1,-1,-1,0,-1
2021052200027,2021,052200027,1,9,0,18,19,1,5,0,0,8,0,0,0,0,1,1,6,6,1,23,5,-1,-1,-1,-1,5,E01006490,0,-1
202160Z143605,2021,60Z143605,2,5,0,18,19,4,8,0,0,1,0,0,0,0,3,1,6,6,1,57,9,-1,-1,-1,-1,-1,-1,0,-1
2021010321641,2021,010321641,2,9,0,99,99,9,9,99,99,9,9,99,9,99,9,9,6,6,3,-1,-1,-1,-1,-1,-1,-1,-1,0,-1
2021430040328,2021,430040328,1,9,0,18,19,1,5,0,0,2,0,0,0,0,1,1,6,6,1,-1,-1,-1,-1,-1,-1,-1,-1,0,-1
2021332100253,2021,332100253,2,9,0,4,4,3,7,0,0,1,0,0,0,0,4,1,6,6,1,42,7,-1,-1,-1,-1,3,E01025866,0,-1
2021411035729,2021,411035729,2,9,0,18,19,-1,-1,0,0,0,0,-1,0,0,0,1,6,6,3,-1,-1,-1,-1,-1,-1,-1,-1,0,-1
2021201074395,2021,201074395,1,9,0,18,19,6,1,0,0,4,0,0,0,0,1,1,6,6,1,-1,-1,-1,-1,-1,-1,-1,-1,0,-1
2021010345472,2021,010345472,1,1,9,99,99,9,9,99,99,9,9,99,9,99,2,1,2,2,1,21,5,-1,-1,-1,-1,5,E01001998,0,-1
2021302100749,2021,302100749,1,9,0,18,19,8,4,0,0,8,0,0,0,0,4,1,6,6,3,-1,-1,-1,-1,-1,-1,5,E01019456,0,-1
2021430490053,2021,430490053,2,9,0,18,19,2,6,0,0,1,0,0,0,0,1,1,6,6,1,50,8,-1,-1,-1,-1,-1,-1,0,-1
2021451062436,2021,451062436,3,1,0,18,19,1,5,0,0,0,0,0,0,0,0,1,5,6,2,14,3,-1,-1,-1,-1,4,E01030745,0,-1
2021010340101,2021,010340101,1,9,0,18,19,7,3,0,0,0,0,0,0,0,3,1,6,6,2,85,11,-1,-1,-1,-1,3,E01002649,0,-1
2021031056966,2021,031056966,1,9,0,18,19,5,1,0,0,8,0,0,0,0,1,1,5,6,2,50,8,-1,-1,-1,-1,5,E01019356,0,-1
2021101066098,2021,101066098,4,9,0,3,3,7,3,0,0,1,0,0,0,0,2,1,5,6,1,56,9,-1,-1,-1,-1,2,E01027519,0,-1
2021201132005,2021,201132005,1,9,0,18,19,3,7,0,0,4,0,0,0,0,1,1,6,6,3,30,6,-1,-1,-1,-1,-1,-1,0,-1
2021440521353,2021,440521353,3,19,0,8,8,6,8,0,0,1,0,0,1,11,1,1,6,6,1,28,6,-1,-1,-1,-1,3,E01017335,0,-1
20211383B1530,2021,1383B1530,2,9,0,18,19,7,3,0,0,0,0,2,0,1,1,1,6,6,1,34,6,-1,-1,-1,-1,7,E01011531,0,-1
2021070865027,2021,070865027,2,9,0,18,19,1,5,0,0,8,0,0,0,0,1,1,1,1,1,-1,-1,-1,-1,-1,-1,-1,-1,0,-1
2021010317873,2021,010317873,1,1,9,99,99,9,9,99,99,9,9,99,9,99,1,1,6,6,1,26,6,-1,-1,-1,-1,3,E01003548,0,-1
2021010317993,2021,010317993,1,1,9,99,99,9,9,99,99,9,9,99,9,99,1,1,6,6,2,36,7,-1,-1,-1,-1,7,E01000462,0,-1
2021010299490,2021,010299490,2,9,0,18,19,3,7,0,0,8,0,0,0,0,3,1,6,6,2,55,8,-1,-1,-1,-1,5,E01001685,0,-1
2021010290721,2021,010290721,2,1,0,18,19,1,5,0,0,2,0,0,0,0,1,1,6,6,1,33,6,-1,-1,-1,-1,8,E01001994,0,-1
202163D069221,2021,63D069221,2,4,0,4,4,4,8,0,0,2,0,0,0,0,0,1,6,6,1,50,8,-1,-1,-1,-1,8,E01030803,0,-1
2021010287372,2021,010287372,1,1,9,99,99,9,9,99,99,0,9,99,9,99,9,1,6,6,1,24,5,-1,-1,-1,-1,7,E01000237,0,-1
2021610002721,2021,610002721,1,9,0,18,19,7,3,0,0,0,0,0,0,0,2,1,6,6,2,29,6,-1,-1,-1,-1,-1,-1,0,-1
2021010314001,2021,010314001,2,1,9,99,99,9,9,99,99,9,9,99,9,99,9,1,6,6,1,47,8,-1,-1,-1,-1,9,E01001993,0,-1
2021101030044,2021,101030044,2,1,0,7,7,3,7,0,0,4,2,0,0,0,3,1,4,7,1,12,3,-1,-1,-1,-1,1,E01027416,0,-1
2021010333774,2021,010333774,1,1,9,99,99,9,9,99,99,9,9,99,9,99,1,1,6,6,1,-1,-1,-1,-1,-1,-1,-1,-1,0,-1
2021010288030,2021,010288030,1,1,9,99,99,9,9,99,99,9,9,99,9,99,1,1,2,2,2,34,6,-1,-1,-1,-1,-1,-1,0,-1
2021041078868,2021,041078868,1,1,0,13,13,3,7,0,0,0,0,0,0,0,4,1,6,6,1,19,4,-1,-1,-1,-1,-1,-1,0,-1
2021471101635,2021,471101635,2,1,0,7,7,2,4,0,0,1,0,0,0,0,1,1,6,6,1,50,8,-1,-1,-1,-1,6,E01016943,0,-1
2021010335846,2021,010335846,1,1,9,99,99,9,9,99,99,9,9,99,9,99,9,1,2,2,1,29,6,-1,-1,-1,-1,2,E01000599,0,-1
2021332100384,2021,332100384,2,1,0,18,19,3,7,0,0,0,0,0,0,0,2,1,6,6,1,56,9,-1,-1,-1,-1,7,E01025985,0,-1
2021351114460,2021,351114460,2,1,0,9,9,7,5,0,0,8,0,0,0,0,2,1,2,2,2,53,8,-1,-1,-1,-1,7,E01018218,0,-1
2021010347877,2021,010347877,2,1,0,5,5,7,3,0,0,2,0,0,1,0,2,1,2,2,2,37,7,-1,-1,-1,-1,2,E01002804,0,-1
202160Z089665,2021,60Z089665,1,9,0,18,19,7,3,0,0,5,0,0,0,0,1,1,6,6,1,68,10,-1,-1,-1,-1,-1,-1,0,-1
2021041100283,2021,041100283,1,9,0,5,5,5,1,0,0,1,0,0,3,0,1,2,6,6,1,75,10,-1,-1,-1,-1,1,E01025287,0,-1
2021501083119,2021,501083119,4,90,0,18,19,7,3,0,0,0,0,0,0,0,1,1,6,6,3,-1,-1,-1,-1,-1,-1,-1,-1,0,-1
2021461069162,2021,461069162,1,9,0,17,19,5,1,0,0,0,1,0,0,0,3,1,6,6,1,58,9,-1,-1,-1,-1,7,E01024037,0,-1
202131C147321,2021,31C147321,1,1,0,18,19,8,4,9,9,0,0,0,0,0,1,1,6,6,3,-1,-1,-1,-1,-1,-1,-1,-1,0,-1
2021221085228,2021,221085228,1,9,0,3,3,1,5,0,0,0,0,0,0,0,0,1,6,6,3,34,6,-1,-1,-1,-1,-1,-1,0,-1
2021440385975,2021,440385975,2,1,0,18,19,6,2,0,0,0,0,0,1,0,2,1,6,6,1,53,8,-1,-1,-1,-1,6,E01032748,0,-1
2021010298814,2021,010298814,2,1,0,18,19,3,7,0,0,8,0,0,0,0,4,1,6,6,1,53,8,-1,-1,-1,-1,3,E01001856,0,-1
2021430148150,2021,430148150,2,9,0,9,9,3,1,0,0,5,0,0,0,0,4,1,6,6,1,-1,-1,-1,-1,-1,-1,-1,-1,0,-1
2021010303223,2021,010303223,1,1,9,99,99,9,9,99,99,9,9,99,9,99,9,1,2,2,2,46,8,-1,-1,-1,-1,2,E01001755,0,-1
2021201058319,2021,201058319,2,9,0,18,19,6,1,0,0,0,0,0,0,0,1,1,6,6,3,-1,-1,-1,-1,-1,-1,-1,-1,0,-1
2021302101673,2021,302101673,2,9,0,18,19,3,7,0,0,8,0,0,7,0,3,1,6,6,1,36,7,-1,-1,-1,-1,6,E01013589,0,-1
2021430357947,2021,430357947,1,1,0,18,19,4,8,0,0,4,0,0,0,0,3,1,6,6,1,64,9,-1,-1,-1,-1,10,E01016235,0,-1
2021522100388,2021,522100388,2,9,0,5,5,7,3,0,0,8,0,0,0,0,1,1,6,6,3,-1,-1,-1,-1,-1,-1,-1,-1,0,-1
2021430392116,2021,430392116,2,1,0,18,19,5,2,0,0,8,0,0,0,0,3,1,6,6,1,30,6,-1,-1,-1,-1,-1,-1,0,-1