collision_index,collision_year,collision_ref_no,vehicle_reference,vehicle_type,towing_and_articulation,vehicle_manoeuvre_historic,vehicle_manoeuvre,vehicle_direction_from,vehicle_direction_to,vehicle_location_restricted_lane_historic,vehicle_location_restricted_lane,junction_location,skidding_and_overturning,hit_object_in_carriageway,vehicle_leaving_carriageway,hit_object_off_carriageway,first_point_of_impact,vehicle_left_hand_drive,journey_purpose_of_driver_historic,journey_purpose_of_driver,sex_of_driver,age_of_driver,age_band_of_driver,engine_capacity_cc,propulsion_code,age_of_vehicle,generic_make_model,driver_imd_decile,lsoa_of_driver,escooter_flag,driver_distance_banding
2021451127707,2021,451127707,1,1,0,18,19,1,5,0,0,0,0,0,0,0,2,1,6,6,1,15,3,-1,-1,-1,-1,5,E01030786,0,-1
2021201108741,2021,201108741,1,90,0,18,19,5,1,0,0,0,0,0,0,0,3,1,6,6,3,-1,-1,-1,-1,-1,-1,-1,-1,0,-1
2021610009521,2021,610009521,2,9,0,18,19,7,3,0,0,0,0,0,0,0,2,1,6,6,1,28,6,-1,-1,-1,-1,-1,-1,0,-1
2021421022306,2021,421022306,2,9,0,18,19,8,4,0,0,0,0,0,0,0,3,1,2,2,1,47,8,-1,-1,-1,-1,7,E01021504,0,-1
2021440484658,2021,440484658,1,9,0,18,19,7,3,0,0,0,0,0,0,0,1,1,6,6,3,-1,-1,-1,-1,-1,-1,-1,-1,0,-1
2021101101786,2021,101101786,2,4,0,18,19,6,3,0,0,1,0,0,0,0,1,1,5,6,1,30,6,-1,-1,-1,-1,2,E01008670,0,-1
2021010292303,2021,010292303,2,1,0,18,19,1,5,0,0,1,0,0,0,0,1,1,2,2,1,38,7,-1,-1,-1,-1,2,E01002053,0,-1
2021141025180,2021,141025180,1,9,0,18,19,8,6,0,0,1,0,0,0,0,1,1,6,6,3,-1,-1,-1,-1,-1,-1,-1,-1,0,-1
2021440017021,2021,440017021,2,1,0,18,19,3,7,0,0,8,0,0,0,0,4,1,6,6,2,82,11,-1,-1,-1,-1,4,E01017362,0,-1
2021610024621,2021,610024621,1,9,0,18,19,7,3,0,0,4,0,0,0,1,3,1,6,6,1,20,4,-1,-1,-1,-1,-1,-1,0,-1
2021010309701,2021,010309701,2,9,9,99,99,9,9,99,99,9,9,99,9,99,9,9,6,6,3,-1,-1,-1,-1,-1,-1,-1,-1,0,-1
2021141087623,2021,141087623,2,9,0,4,4,4,8,0,0,1,0,0,0,0,2,2,5,6,1,25,5,-1,-1,-1,-1,-1,-1,0,-1
2021231075922,2021,231075922,2,9,0,18,19,5,1,0,0,8,0,0,1,0,3,1,5,6,2,33,6,-1,-1,-1,-1,-1,-1,0,-1
2021332101569,2021,332101569,2,9,0,18,19,3,7,0,0,8,0,0,0,0,1,1,6,6,2,35,6,-1,-1,-1,-1,-1,-1,0,-1
2021201045242,2021,201045242,2,1,0,18,19,2,6,0,0,3,0,0,0,0,4,1,1,1,1,35,6,-1,-1,-1,-1,1,E01033621,0,-1
202160Z114290,2021,60Z114290,2,9,0,18,19,7,3,0,0,0,0,0,0,0,0,1,6,6,1,26,6,-1,-1,-1,-1,-1,-1,0,-1
2021320014770,2021,320014770,1,9,0,18,19,6,2,0,0,0,1,0,1,4,1,1,6,6,1,26,6,-1,-1,-1,-1,7,E01026089,0,-1
2021031026932,2021,031026932,2,1,0,18,19,5,2,0,0,1,0,0,0,0,1,1,2,2,1,36,7,-1,-1,-1,-1,7,E01019212,0,-1
2021461020422,2021,461020422,1,9,0,18,19,1,5,0,0,0,0,0,0,0,1,1,6,6,1,-1,-1,-1,-1,-1,-1,5,E01024356,0,-1
2021440416941,2021,440416941,1,-1,0,18,19,3,7,0,0,1,0,0,0,0,1,1,6,6,2,34,6,-1,-1,-1,-1,2,E01017156,1,-1
2021201071651,2021,201071651,1,9,0,13,13,4,8,0,0,8,5,0,0,0,4,1,6,6,1,29,6,-1,-1,-1,-1,2,E01008886,0,-1
202160Z153734,2021,60Z153734,1,20,0,18,19,4,8,0,0,8,0,0,0,0,4,1,1,1,1,44,7,-1,-1,-1,-1,-1,-1,0,-1
2021461071424,2021,461071424,1,97,0,17,19,3,7,0,0,0,2,0,0,0,1,1,6,6,1,-1,-1,-1,-1,-1,-1,-1,-1,0,-1
2021010340446,2021,010340446,2,1,0,99,99,9,9,0,0,8,0,0,0,0,1,1,6,6,3,-1,-1,-1,-1,-1,-1,-1,-1,0,-1
2021332100849,2021,332100849,2,9,0,4,4,8,4,0,0,1,0,0,0,0,2,1,2,2,1,46,8,-1,-1,-1,-1,5,E01025936,0,-1
2021010304062,2021,010304062,2,-1,0,15,15,1,5,0,0,8,0,0,0,0,1,1,6,6,1,18,4,-1,-1,-1,-1,3,E01004709,1,-1
2021430222493,2021,430222493,2,1,0,9,9,3,1,0,0,8,0,0,0,0,2,1,6,6,1,70,10,-1,-1,-1,-1,7,E01002514,0,-1
2021070725583,2021,070725583,2,1,0,18,19,1,5,0,0,8,0,0,0,0,1,1,1,1,1,21,5,-1,-1,-1,-1,2,E01018477,0,-1
2021010311521,2021,010311521,2,23,0,18,19,5,1,0,0,6,0,0,0,0,1,1,2,2,1,27,6,-1,-1,-1,-1,2,E01003556,0,-1
2021610009521,2021,610009521,4,19,0,18,19,7,3,0,0,0,0,0,0,0,2,1,1,1,1,24,5,-1,-1,-1,-1,-1,-1,0,-1
2021471104724,2021,471104724,1,98,0,7,7,2,4,0,0,2,0,0,0,0,0,1,6,6,3,-1,-1,-1,-1,-1,-1,-1,-1,0,-1
202160Z049901,2021,60Z049901,2,1,0,17,19,4,8,0,0,0,0,0,0,0,3,1,6,6,1,58,9,-1,-1,-1,-1,-1,-1,0,-1
2021440038290,2021,440038290,2,1,0,18,19,2,6,0,0,0,0,0,0,0,1,1,6,6,1,59,9,-1,-1,-1,-1,5,E01017273,0,-1
2021332100810,2021,332100810,1,9,0,3,3,1,5,0,0,2,0,0,0,0,2,1,6,6,1,24,5,-1,-1,-1,-1,6,E01025939,0,-1
2021501102916,2021,501102916,1,9,0,18,19,1,5,0,0,0,0,0,0,0,1,1,5,6,3,-1,-1,-1,-1,-1,-1,-1,-1,0,-1
2021070523968,2021,070523968,2,9,0,14,14,5,1,0,0,1,5,0,7,11,1,1,2,2,1,17,4,-1,-1,-1,-1,10,E01018530,0,-1
2021010300024,2021,010300024,1,9,0,1,1,3,7,0,0,6,0,0,0,0,2,1,6,6,1,39,7,-1,-1,-1,-1,5,E01001265,0,-1
2021471026083,2021,471026083,2,1,0,18,19,3,7,0,0,0,0,0,0,0,2,1,6,6,1,36,7,-1,-1,-1,-1,6,E01031513,0,-1
2021440317060,2021,440317060,1,1,0,18,19,5,1,0,0,0,0,0,0,0,0,1,6,6,1,40,7,-1,-1,-1,-1,7,E01017197,0,-1
2021010298613,2021,010298613,3,9,0,18,19,8,4,0,0,0,0,0,0,0,1,1,6,6,1,40,7,-1,-1,-1,-1,4,E01017570,0,-1
2021430305411,2021,430305411,1,3,0,9,9,5,3,0,0,5,0,0,0,0,1,1,6,6,1,29,6,-1,-1,-1,-1,8,E01017804,0,-1
2021010301928,2021,010301928,1,1,0,18,19,5,1,4,4,0,0,0,0,0,1,1,1,1,2,28,6,-1,-1,-1,-1,4,E01000921,0,-1
2021122100434,2021,122100434,2,9,0,12,12,3,7,0,0,7,0,0,0,0,0,1,6,6,3,-1,-1,-1,-1,-1,-1,-1,-1,0,-1
2021170L10631,2021,170L10631,1,9,0,18,19,6,2,0,0,0,0,0,1,0,1,1,6,6,3,-1,-1,-1,-1,-1,-1,-1,-1,0,-1
2021010325378,2021,010325378,1,3,0,18,19,1,5,0,0,1,0,0,0,0,3,1,1,1,1,22,5,-1,-1,-1,-1,8,E01000319,0,-1
202134WNC5611,2021,34WNC5611,1,9,0,9,9,6,2,0,0,8,0,0,0,0,3,1,6,6,1,-1,-1,-1,-1,-1,-1,-1,-1,0,-1
2021010339570,2021,010339570,1,1,9,99,99,9,9,99,99,9,9,99,9,99,0,1,2,2,2,35,6,-1,-1,-1,-1,3,E01033583,0,-1
2021430008815,2021,430008815,1,11,0,3,3,4,8,0,0,1,0,0,0,0,1,1,1,1,3,-1,-1,-1,-1,-1,-1,-1,-1,0,-1
2021061076578,2021,061076578,1,9,0,18,19,1,5,0,0,0,0,0,0,0,1,1,6,6,1,28,6,-1,-1,-1,-1,1,E01005826,0,-1
2021052101669,2021,052101669,1,19,0,18,19,4,8,0,0,8,0,0,0,0,1,1,6,6,3,-1,-1,-1,-1,-1,-1,-1,-1,0,-1
2021101126139,2021,101126139,2,9,-1,3,3,5,1,0,0,1,0,0,0,0,2,1,6,6,1,-1,-1,-1,-1,-1,-1,-1,-1,0,-1
202163D072221,2021,63D072221,1,10,0,18,19,2,6,0,0,0,0,0,0,0,1,1,1,1,2,51,8,-1,-1,-1,-1,8,W01000446,0,-1
2021421092502,2021,421092502,1,1,0,18,19,7,3,0,0,0,0,0,0,0,1,1,4,7,1,17,4,-1,-1,-1,-1,-1,-1,0,-1
2021531118530,2021,531118530,1,98,0,18,19,3,7,0,0,1,0,0,0,0,4,2,2,2,1,64,9,-1,-1,-1,-1,2,E01000221,0,-1
202134WNC5551,2021,34WNC5551,2,1,0,9,9,1,6,0,0,8,0,0,0,0,4,1,2,2,1,38,7,-1,-1,-1,-1,1,E01027140,0,-1
2021471103855,2021,471103855,1,9,0,18,19,3,7,0,0,1,0,0,0,0,-1,1,6,6,3,-1,-1,-1,-1,-1,-1,-1,-1,0,-1
2021122100363,2021,122100363,2,9,4,9,9,5,3,0,0,5,0,0,0,0,2,1,1,1,1,52,8,-1,-1,-1,-1,7,E01027572,0,-1
2021332100547,2021,332100547,1,9,0,18,19,5,1,0,0,6,0,0,0,0,4,1,6,6,1,60,9,-1,-1,-1,-1,9,E01025779,0,-1
2021010290153,2021,010290153,2,1,0,15,15,7,3,9,9,2,0,4,1,0,1,1,2,2,1,40,7,-1,-1,-1,-1,2,E01004392,0,-1
2021010330475,2021,010330475,3,98,0,11,11,1,5,0,0,0,0,0,0,0,4,2,6,6,3,-1,-1,-1,-1,-1,-1,-1,-1,0,-1
2021332100082,2021,332100082,1,9,0,18,19,2,6,0,0,0,0,0,0,0,1,1,2,2,2,36,7,-1,-1,-1,-1,9,E01025913,0,-1
2021010342074,2021,010342074,2,9,0,99,99,9,9,99,99,9,9,99,9,99,9,9,6,6,3,-1,-1,-1,-1,-1,-1,-1,-1,0,-1
2021010335284,2021,010335284,1,1,0,13,13,5,1,0,0,8,0,0,0,0,1,1,6,6,1,-1,-1,-1,-1,-1,-1,-1,-1,0,-1
2021332100912,2021,332100912,1,9,0,9,9,4,2,0,0,5,0,0,0,0,1,1,6,6,1,21,5,-1,-1,-1,-1,1,E01013603,0,-1
2021010322599,2021,010322599,2,1,0,18,19,3,7,0,0,1,0,0,0,0,1,1,6,6,1,56,9,-1,-1,-1,-1,5,E01002563,0,-1
2021010337565,2021,010337565,2,1,0,7,7,1,4,0,0,1,0,0,0,0,3,1,6,6,2,18,4,-1,-1,-1,-1,3,E01002526,0,-1
202134WNC3731,2021,34WNC3731,2,2,0,18,19,5,1,0,0,0,0,0,0,0,1,1,6,6,1,10,2,-1,-1,-1,-1,2,E01027243,0,-1
2021522103477,2021,522103477,2,9,0,2,2,0,0,0,0,0,0,0,0,0,3,1,6,6,1,27,6,-1,-1,-1,-1,7,E01014808,0,-1
2021430242228,2021,430242228,1,9,0,18,19,2,6,0,0,8,5,9,3,0,1,1,6,6,1,49,8,-1,-1,-1,-1,-1,-1,0,-1
2021161100125,2021,161100125,1,1,0,9,9,1,7,0,0,8,0,0,0,0,1,1,2,2,2,54,8,-1,-1,-1,-1,10,E01013261,0,-1
202160Z153161,2021,60Z153161,2,1,0,18,19,3,7,0,0,3,0,0,0,0,3,1,6,6,1,68,10,-1,-1,-1,-1,-1,-1,0,-1
2021461012406,2021,461012406,1,9,0,5,5,1,5,0,0,6,0,0,0,0,1,1,5,6,1,33,6,-1,-1,-1,-1,4,E01000416,0,-1
2021320498989,2021,320498989,3,9,0,18,19,6,2,0,0,0,0,0,0,0,2,1,6,6,1,30,6,-1,-1,-1,-1,5,E01026121,0,-1
2021010297277,2021,010297277,2,9,0,18,19,3,7,0,0,1,9,0,0,99,1,9,6,6,2,-1,-1,-1,-1,-1,-1,-1,-1,0,-1
2021010343690,2021,010343690,2,2,0,99,99,9,9,99,99,9,9,99,9,99,1,1,6,6,3,-1,-1,-1,-1,-1,-1,-1,-1,0,-1
2021010288371,2021,010288371,2,9,0,18,19,7,3,0,0,6,0,0,0,0,1,1,6,6,3,-1,-1,-1,-1,-1,-1,-1,-1,0,-1
202160Z034382,2021,60Z034382,1,9,0,9,9,1,8,0,0,6,0,0,0,0,3,1,1,1,2,30,6,-1,-1,-1,-1,-1,-1,0,-1
2021010341842,2021,010341842,2,1,0,18,19,3,7,0,0,8,0,0,0,0,1,1,2,2,2,60,9,-1,-1,-1,-1,6,E01001741,0,-1
2021010336089,2021,010336089,2,9,0,99,99,9,9,99,99,9,9,99,9,99,1,9,6,6,3,-1,-1,-1,-1,-1,-1,-1,-1,0,-1
2021430263772,2021,430263772,3,98,0,3,3,4,8,0,0,1,0,0,0,0,0,1,6,6,3,-1,-1,-1,-1,-1,-1,-1,-1,0,-1
2021221042146,2021,221042146,2,1,0,18,19,5,1,0,0,0,0,0,0,0,1,1,5,6,1,7,2,-1,-1,-1,-1,3,E01032131,0,-1
202160Z113699,2021,60Z113699,2,9,0,18,19,5,1,0,0,3,0,0,0,0,4,1,6,6,1,19,4,-1,-1,-1,-1,-1,-1,0,-1
2021010313123,2021,010313123,1,1,9,99,99,9,9,99,99,9,9,99,9,99,9,1,2,2,2,41,7,-1,-1,-1,-1,3,E01004020,0,-1
2021061051505,2021,061051505,3,9,0,4,4,7,3,0,0,0,0,0,0,0,2,1,6,6,3,30,6,-1,-1,-1,-1,-1,-1,0,-1
2021332100958,2021,332100958,2,9,0,4,4,5,1,0,0,0,0,0,0,0,1,1,6,6,2,33,6,-1,-1,-1,-1,8,E01025923,0,-1
2021122101053,2021,122101053,1,9,0,18,19,6,2,0,0,0,0,0,0,0,4,1,6,6,3,-1,-1,-1,-1,-1,-1,-1,-1,0,-1
2021010321516,2021,010321516,1,1,9,99,99,9,9,99,99,9,9,99,9,99,1,1,6,6,1,61,9,-1,-1,-1,-1,9,E01000713,0,-1
2021010298016,2021,010298016,1,1,9,99,99,9,9,99,99,9,9,99,9,99,9,1,2,2,2,50,8,-1,-1,-1,-1,3,E01004391,0,-1
2021440120865,2021,440120865,2,19,0,13,13,4,8,0,0,0,0,0,0,0,4,1,6,6,3,-1,-1,-1,-1,-1,-1,-1,-1,0,-1
2021010289838,2021,010289838,3,10,0,18,19,1,5,0,0,1,0,0,0,0,2,1,1,1,1,49,8,-1,-1,-1,-1,9,E01001926,0,-1
2021610007121,2021,610007121,4,9,0,18,19,0,0,0,0,0,0,0,0,0,2,1,6,6,2,-1,-1,-1,-1,-1,-1,-1,-1,0,-1
202131A091321,2021,31A091321,2,9,0,18,19,4,8,0,0,0,0,0,0,0,1,1,6,6,1,-1,-1,-1,-1,-1,-1,-1,-1,0,-1
2021010304202,2021,010304202,2,1,3,3,3,7,3,0,0,8,0,0,0,0,4,1,6,6,2,36,7,-1,-1,-1,-1,3,E01000741,0,-1
2021520105062,2021,520105062,1,9,0,17,19,6,4,0,0,0,0,0,0,10,1,1,6,6,1,50,8,-1,-1,-1,-1,6,E01029312,0,-1
2021010327435,2021,010327435,2,1,0,18,19,7,3,0,0,8,0,0,0,0,4,1,6,6,1,20,4,-1,-1,-1,-1,3,E01004066,0,-1
2021201077431,2021,201077431,1,90,0,18,19,6,2,9,9,8,0,0,0,0,1,1,6,6,1,-1,-1,-1,-1,-1,-1,1,E01010435,0,-1
2021010337834,2021,010337834,1,1,9,99,99,9,9,99,99,9,9,99,9,99,9,1,6,6,1,32,6,-1,-1,-1,-1,2,E01004044,0,-1
202160Z124242,2021,60Z124242,3,9,0,4,4,8,4,0,0,1,0,0,0,0,2,1,6,6,2,32,6,-1,-1,-1,-1,-1,-1,0,-1
2021610042421,2021,610042421,2,23,0,7,7,3,5,0,0,6,0,0,0,0,1,1,6,6,1,16,4,-1,-1,-1,-1,-1,-1,0,-1
2021610015621,2021,610015621,1,9,0,18,19,7,3,0,0,0,5,0,0,6,3,1,1,1,1,50,8,-1,-1,-1,-1,-1,-1,0,-1
2021522103567,2021,522103567,1,1,0,18,19,8,4,2,2,0,0,0,0,0,3,1,6,6,1,31,6,-1,-1,-1,-1,5,E01014504,0,-1
2021010289081,2021,010289081,3,9,0,18,19,1,5,0,0,1,0,0,0,0,2,1,6,6,1,27,6,-1,-1,-1,-1,3,E01016505,0,-1
2021131066593,2021,131066593,1,9,0,4,4,5,1,0,0,1,0,0,0,0,3,1,1,1,1,42,7,-1,-1,-1,-1,9,E01006301,0,-1
2021070234777,2021,070234777,1,9,0,16,19,2,3,0,0,4,0,0,0,0,3,1,6,6,3,-1,-1,-1,-1,-1,-1,-1,-1,0,-1
202131C027321,2021,31C027321,1,9,0,14,14,1,5,0,0,0,0,0,0,0,1,1,6,6,1,30,6,-1,-1,-1,-1,2,E01019682,0,-1
2021302101502,2021,302101502,2,9,0,18,19,4,8,0,0,1,0,0,0,0,1,2,1,1,1,58,9,-1,-1,-1,-1,5,E01019620,0,-1
20211383V1057,2021,1383V1057,1,1,0,7,7,3,5,0,0,5,0,0,0,0,1,1,6,6,1,11,3,-1,-1,-1,-1,5,E01011058,0,-1
2021010294523,2021,010294523,2,1,0,18,19,3,7,1,1,1,5,0,0,0,0,1,6,6,2,56,9,-1,-1,-1,-1,9,E01001379,0,-1
2021010328391,2021,010328391,1,19,0,9,9,1,6,0,0,5,0,0,0,0,2,1,1,1,1,-1,-1,-1,-1,-1,-1,-1,-1,0,-1
2021421014183,2021,421014183,1,9,0,9,9,3,1,0,0,4,1,0,0,0,3,1,6,6,2,18,4,-1,-1,-1,-1,-1,-1,0,-1
202131C015921,2021,31C015921,1,-1,0,18,19,2,6,0,0,0,0,0,0,0,1,1,6,6,2,14,3,-1,-1,-1,-1,2,E01032621,1,-1
2021141111744,2021,141111744,1,97,0,18,19,2,5,0,0,2,5,0,0,0,1,1,6,6,1,15,3,-1,-1,-1,-1,1,E01007372,0,-1
2021061097610,2021,061097610,2,9,0,18,19,3,7,0,0,0,0,0,0,0,1,1,6,6,3,30,6,-1,-1,-1,-1,-1,-1,0,-1
2021201119181,2021,201119181,2,-1,0,18,19,8,4,0,0,8,0,0,0,0,3,1,6,6,1,22,5,-1,-1,-1,-1,1,E01008923,1,-1
2021520101627,2021,520101627,2,9,0,18,19,8,4,0,0,0,0,0,0,0,3,1,6,6,1,65,9,-1,-1,-1,-1,3,E01029170,0,-1
2021451048632,2021,451048632,1,98,0,9,9,1,3,0,0,0,0,0,0,0,1,1,6,6,2,29,6,-1,-1,-1,-1,6,E01030721,0,-1
2021010311956,2021,010311956,2,1,0,18,19,1,5,0,0,1,0,0,0,0,4,1,1,1,2,43,7,-1,-1,-1,-1,3,E01004038,0,-1
2021052102476,2021,052102476,1,11,0,7,7,1,3,0,0,8,0,0,0,0,0,1,1,1,3,-1,-1,-1,-1,-1,-1,-1,-1,0,-1
2021471107455,2021,471107455,1,9,0,18,19,1,5,0,0,4,0,0,0,0,2,1,5,6,2,56,9,-1,-1,-1,-1,9,E01001098,0,-1
2021010303509,2021,010303509,1,1,9,99,99,9,9,99,99,9,9,99,9,99,1,1,6,6,1,28,6,-1,-1,-1,-1,7,E01004727,0,-1
2021010323964,2021,010323964,1,-1,0,18,19,7,3,9,9,6,0,0,0,0,1,1,6,6,1,26,6,-1,-1,-1,-1,4,E01003034,1,-1
2021461090989,2021,461090989,1,97,0,18,19,3,7,0,0,0,0,0,0,0,1,1,6,6,3,-1,-1,-1,-1,-1,-1,-1,-1,0,-1
202106J079533,2021,06J079533,1,9,0,9,9,1,5,0,0,1,0,0,0,0,4,1,6,6,1,52,8,-1,-1,-1,-1,7,E01005856,0,-1
2021430127886,2021,430127886,3,9,0,3,3,0,0,0,0,2,0,0,0,0,2,1,6,6,1,49,8,-1,-1,-1,-1,10,E01016736,0,-1
2021010339720,2021,010339720,2,23,0,18,19,3,7,0,0,1,0,0,0,0,4,1,1,1,2,26,6,-1,-1,-1,-1,4,E01003249,0,-1
2021010311132,2021,010311132,2,9,0,99,99,9,9,99,99,9,9,99,9,99,9,9,6,6,3,-1,-1,-1,-1,-1,-1,-1,-1,0,-1
2021131067241,2021,131067241,2,1,0,18,19,8,4,0,0,0,0,0,0,0,4,1,2,2,2,65,9,-1,-1,-1,-1,2,E01011754,0,-1
202160Z143778,2021,60Z143778,1,9,0,18,19,1,5,0,0,0,0,0,0,0,1,1,6,6,2,19,4,-1,-1,-1,-1,-1,-1,0,-1
202134WNC1601,2021,34WNC1601,2,9,0,18,19,6,2,0,0,8,0,0,0,0,1,1,6,6,1,63,9,-1,-1,-1,-1,8,E01027296,0,-1
2021211151252,2021,211151252,1,3,-1,7,7,7,1,0,0,1,1,0,0,0,1,1,6,6,1,-1,-1,-1,-1,-1,-1,-1,-1,0,-1
2021161064431,2021,161064431,1,1,0,4,4,7,3,0,0,0,0,0,1,0,3,1,6,6,1,35,6,-1,-1,-1,-1,8,E01013104,0,-1
2021440315396,2021,440315396,2,9,0,18,19,3,7,0,0,8,0,0,2,10,1,1,6,6,1,27,6,-1,-1,-1,-1,6,E01032748,0,-1
2021010297145,2021,010297145,1,9,0,4,4,5,1,0,0,8,0,0,0,0,2,1,6,6,1,63,9,-1,-1,-1,-1,9,E01002156,0,-1
2021052102412,2021,052102412,1,9,0,1,1,1,5,0,0,0,0,0,0,0,2,1,6,6,3,-1,-1,-1,-1,-1,-1,-1,-1,0,-1
2021141103913,2021,141103913,2,9,0,4,4,7,3,0,0,0,0,0,0,0,1,1,6,6,3,-1,-1,-1,-1,-1,-1,4,E01025508,0,-1
2021010318258,2021,010318258,2,1,0,18,19,1,5,0,0,4,5,0,0,0,1,1,2,2,2,30,6,-1,-1,-1,-1,4,E01001666,0,-1
2021332100004,2021,332100004,2,9,0,18,19,6,2,0,0,8,0,0,0,0,3,1,2,2,1,38,7,-1,-1,-1,-1,5,E01025897,0,-1
2021010288843,2021,010288843,2,9,0,99,99,9,9,99,99,0,9,99,9,99,1,9,6,6,3,35,6,-1,-1,-1,-1,5,E01000606,0,-1
2021991032514,2021,991032514,1,1,0,9,9,4,1,0,0,1,0,0,8,0,3,1,6,6,1,27,6,-1,-1,-1,-1,2,-1,0,-1
2021231050016,2021,231050016,2,21,1,18,19,4,8,0,0,0,0,0,0,0,3,1,1,1,1,29,6,-1,-1,-1,-1,-1,-1,0,-1
2021010316761,2021,010316761,1,97,0,99,99,9,9,99,99,9,9,99,9,99,2,9,6,6,1,28,6,-1,-1,-1,-1,5,E01001389,0,-1
2021332100931,2021,332100931,1,9,0,18,19,5,1,0,0,8,0,0,0,0,1,1,6,6,2,35,6,-1,-1,-1,-1,8,E01025626,0,-1
2021010314653,2021,010314653,2,19,0,2,2,0,0,0,0,0,0,0,0,0,0,1,6,6,3,-1,-1,-1,-1,-1,-1,-1,-1,0,-1
2021552101026,2021,552101026,2,1,0,18,19,8,4,0,0,0,0,0,0,0,3,1,6,6,1,62,9,-1,-1,-1,-1,7,E01029063,0,-1
2021010308541,2021,010308541,1,1,9,99,99,9,9,99,99,9,9,99,9,99,9,1,2,2,1,33,6,-1,-1,-1,-1,4,E01002699,0,-1
2021141040586,2021,141040586,1,1,0,10,10,8,4,0,0,1,0,0,0,0,2,1,5,6,2,51,8,-1,-1,-1,-1,10,E01007928,0,-1
2021332100164,2021,332100164,2,9,0,4,4,1,5,0,0,1,0,0,0,0,1,1,6,6,2,38,7,-1,-1,-1,-1,1,E01013620,0,-1
2021501126035,2021,501126035,3,9,0,18,19,5,1,0,0,0,0,0,0,0,1,1,1,1,1,-1,-1,-1,-1,-1,-1,-1,-1,0,-1
2021010335935,2021,010335935,1,9,0,99,99,9,9,99,99,0,0,99,9,0,9,1,6,6,3,-1,-1,-1,-1,-1,-1,-1,-1,0,-1
2021131079168,2021,131079168,3,19,0,18,19,4,8,0,0,1,0,0,0,0,-1,1,6,6,3,-1,-1,-1,-1,-1,-1,-1,-1,0,-1
2021231032853,2021,231032853,2,1,0,18,19,7,3,9,9,0,0,0,1,11,1,1,5,6,1,12,3,-1,-1,-1,-1,-1,-1,0,-1
2021010313088,2021,010313088,1,1,9,99,99,9,9,99,99,0,9,99,9,99,1,1,6,6,1,25,5,-1,-1,-1,-1,2,E01003121,0,-1
2021122100456,2021,122100456,2,9,0,18,19,3,7,0,0,1,0,0,0,0,4,1,6,6,3,-1,-1,-1,-1,-1,-1,-1,-1,0,-1
2021421114764,2021,421114764,5,9,0,16,19,7,3,0,0,1,0,0,0,0,1,1,6,6,3,-1,-1,-1,-1,-1,-1,-1,-1,0,-1
2021170M11731,2021,170M11731,1,9,0,1,1,0,5,0,0,0,0,0,0,0,2,1,6,6,1,-1,-1,-1,-1,-1,-1,-1,-1,0,-1
202131A118221,2021,31A118221,2,1,0,18,19,5,1,0,0,8,0,0,0,0,1,1,1,1,1,25,5,-1,-1,-1,-1,-1,-1,0,-1
2021430007149,2021,430007149,2,1,0,18,19,2,6,0,0,0,0,0,0,0,3,1,6,6,1,56,9,-1,-1,-1,-1,8,E01028701,0,-1
2021430083412,2021,430083412,2,1,0,9,9,7,5,0,0,8,0,0,0,0,2,1,6,6,1,49,8,-1,-1,-1,-1,6,E01016332,0,-1
2021451060998,2021,451060998,1,9,0,18,19,1,5,0,0,0,1,0,2,0,3,1,1,1,2,38,7,-1,-1,-1,-1,10,E01031718,0,-1
2021041115193,2021,041115193,1,9,0,7,7,3,5,0,0,1,0,0,0,0,1,1,5,6,1,21,5,-1,-1,-1,-1,9,E01022143,0,-1
2021010346392,2021,010346392,2,19,0,18,19,7,3,0,0,8,0,0,0,0,4,2,6,6,1,44,7,-1,-1,-1,-1,-1,-1,0,-1
2021471014578,2021,471014578,2,9,0,2,2,0,0,9,9,0,0,0,0,0,2,1,6,6,3,-1,-1,-1,-1,-1,-1,-1,-1,0,-1
2021440022642,2021,440022642,2,98,0,9,9,6,5,0,0,1,0,0,0,0,1,1,6,6,1,-1,-1,-1,-1,-1,-1,-1,-1,0,-1
2021010315119,2021,010315119,2,-1,0,18,19,3,7,0,0,1,0,0,0,0,1,1,6,6,1,28,6,-1,-1,-1,-1,2,E01001750,1,-1
2021010317612,2021,010317612,1,1,9,99,99,9,9,99,99,9,9,99,9,99,9,1,2,2,2,25,5,-1,-1,-1,-1,6,E01003107,0,-1
2021041088133,2021,041088133,2,9,0,18,19,5,1,0,0,1,0,0,0,0,3,1,6,6,3,-1,-1,-1,-1,-1,-1,-1,-1,0,-1
2021411114117,2021,411114117,2,1,0,17,19,4,8,0,0,8,0,0,0,0,4,1,2,2,1,62,9,-1,-1,-1,-1,10,E01023559,0,-1
2021010324467,2021,010324467,1,1,0,18,19,1,5,0,0,8,0,10,0,0,1,1,6,6,1,35,6,-1,-1,-1,-1,3,E01002030,0,-1
2021010313119,2021,010313119,2,9,0,18,19,7,3,0,0,1,0,0,0,0,3,1,6,6,3,-1,-1,-1,-1,-1,-1,-1,-1,0,-1
2021131049753,2021,131049753,1,9,0,7,7,5,1,0,0,0,0,0,0,0,4,1,1,1,1,54,8,-1,-1,-1,-1,2,E01011760,0,-1
2021471114112,2021,471114112,1,1,0,18,19,1,5,0,0,1,0,0,0,0,4,1,2,2,1,42,7,-1,-1,-1,-1,8,E01016985,0,-1
2021421050575,2021,421050575,2,1,0,18,19,3,7,0,0,0,5,10,7,0,3,1,5,6,1,27,6,-1,-1,-1,-1,5,E01033139,0,-1
2021170H10421,2021,170H10421,1,9,0,18,19,1,5,0,0,0,5,0,1,4,1,1,6,6,2,30,6,-1,-1,-1,-1,-1,-1,0,-1
2021010304545,2021,010304545,2,9,0,13,13,3,7,0,0,1,0,0,0,0,0,1,6,6,3,-1,-1,-1,-1,-1,-1,-1,-1,0,-1
2021351069250,2021,351069250,1,98,0,18,19,8,4,0,0,3,0,0,0,0,0,1,6,6,3,-1,-1,-1,-1,-1,-1,-1,-1,0,-1
2021010298999,2021,010298999,2,1,9,99,99,9,9,99,99,9,9,99,9,99,1,1,6,6,1,-1,-1,-1,-1,-1,-1,3,E01002610,0,-1
2021131080864,2021,131080864,2,1,0,4,4,1,5,0,0,0,1,0,0,0,1,1,5,6,1,53,8,-1,-1,-1,-1,9,E01010935,0,-1
2021141025691,2021,141025691,1,9,0,18,19,7,3,0,0,0,0,0,0,0,4,1,6,6,1,-1,-1,-1,-1,-1,-1,-1,-1,0,-1
2021531036029,2021,531036029,3,9,0,4,4,5,1,0,0,1,0,0,0,0,0,1,1,1,1,25,5,-1,-1,-1,-1,6,E01022400,0,-1