collision_index,collision_year,collision_ref_no,vehicle_reference,vehicle_type,towing_and_articulation,vehicle_manoeuvre_historic,vehicle_manoeuvre,vehicle_direction_from,vehicle_direction_to,vehicle_location_restricted_lane_historic,vehicle_location_restricted_lane,junction_location,skidding_and_overturning,hit_object_in_carriageway,vehicle_leaving_carriageway,hit_object_off_carriageway,first_point_of_impact,vehicle_left_hand_drive,journey_purpose_of_driver_historic,journey_purpose_of_driver,sex_of_driver,age_of_driver,age_band_of_driver,engine_capacity_cc,propulsion_code,age_of_vehicle,generic_make_model,driver_imd_decile,lsoa_of_driver,escooter_flag,driver_distance_banding
2021430423714,2021,430423714,2,1,0,18,19,4,8,5,5,8,0,0,0,0,1,1,6,6,2,44,7,-1,-1,-1,-1,10,E01028563,0,-1
2021010301902,2021,010301902,1,19,0,13,13,7,3,0,0,0,0,0,0,0,1,1,6,6,3,-1,-1,-1,-1,-1,-1,-1,-1,0,-1
2021010333574,2021,010333574,2,1,0,18,19,3,7,0,0,3,0,0,0,0,4,1,1,1,1,50,8,-1,-1,-1,-1,8,E01030537,0,-1
2021440206307,2021,440206307,2,1,0,18,19,1,5,0,0,8,0,0,0,0,4,1,6,6,1,46,8,-1,-1,-1,-1,1,E01017035,0,-1
2021531099186,2021,531099186,1,9,0,18,19,2,6,0,0,1,1,10,7,11,1,1,2,2,1,63,9,-1,-1,-1,-1,6,E01022260,0,-1
2021440086988,2021,440086988,1,1,0,18,19,6,2,0,0,2,0,0,0,0,4,1,6,6,3,-1,-1,-1,-1,-1,-1,-1,-1,0,-1
2021610044721,2021,610044721,2,9,4,9,9,8,6,0,0,1,0,0,0,0,4,1,6,6,1,31,6,-1,-1,-1,-1,3,W01001802,0,-1
2021070078212,2021,070078212,1,1,0,17,19,8,4,0,0,0,2,0,0,0,1,1,6,6,1,56,9,-1,-1,-1,-1,5,E01018504,0,-1
2021332100015,2021,332100015,1,9,0,6,6,8,8,0,0,0,0,0,1,11,3,1,6,6,1,20,4,-1,-1,-1,-1,5,E01013736,0,-1
2021211046154,2021,211046154,2,1,0,18,19,8,3,0,0,0,0,0,0,0,1,1,6,6,2,7,2,-1,-1,-1,-1,4,E01029354,0,-1
2021501017117,2021,501017117,1,9,0,18,19,1,5,0,0,8,0,0,0,0,3,1,5,6,3,-1,-1,-1,-1,-1,-1,-1,-1,0,-1
2021010345880,2021,010345880,1,2,0,18,19,5,1,0,0,8,5,12,0,0,1,1,1,1,1,24,5,-1,-1,-1,-1,4,E01000471,0,-1
202134WNC7581,2021,34WNC7581,2,9,0,18,19,2,6,0,0,0,0,0,0,0,4,1,6,6,1,71,10,-1,-1,-1,-1,-1,-1,0,-1
2021070395330,2021,070395330,1,9,3,15,15,3,7,0,0,0,0,0,0,0,4,1,6,6,3,-1,-1,-1,-1,-1,-1,-1,-1,0,-1
2021522101081,2021,522101081,2,3,0,18,19,1,5,0,0,0,0,0,0,0,1,1,6,6,3,17,4,-1,-1,-1,-1,-1,-1,0,-1
2021531024390,2021,531024390,2,1,0,15,15,1,5,0,0,0,0,0,0,0,4,1,5,6,1,53,8,-1,-1,-1,-1,9,E01022129,0,-1
2021461056941,2021,461056941,1,90,0,18,19,1,5,0,0,0,0,0,0,0,1,1,5,6,3,-1,-1,-1,-1,-1,-1,-1,-1,0,-1
2021201053250,2021,201053250,2,1,0,3,3,-1,-1,0,0,1,0,0,0,0,3,1,1,1,1,34,6,-1,-1,-1,-1,4,E01033634,0,-1
2021501057022,2021,501057022,1,1,0,18,19,3,7,0,0,8,0,0,0,0,1,1,5,6,1,82,11,-1,-1,-1,-1,7,E01020008,0,-1
2021552101353,2021,552101353,1,9,0,18,19,7,3,0,0,0,0,0,0,0,1,1,6,6,3,-1,-1,-1,-1,-1,-1,-1,-1,0,-1
2021010304720,2021,010304720,1,1,9,99,99,9,9,99,99,9,9,99,9,99,9,1,2,2,1,31,6,-1,-1,-1,-1,3,E01002768,0,-1
2021010308971,2021,010308971,2,9,9,99,99,9,9,99,99,9,9,99,9,99,9,1,6,6,3,-1,-1,-1,-1,-1,-1,-1,-1,0,-1
2021070873834,2021,070873834,1,1,0,4,4,5,1,0,0,1,0,0,0,0,0,1,6,6,1,59,9,-1,-1,-1,-1,10,E01018518,0,-1
2021201084694,2021,201084694,1,97,0,9,9,3,1,0,0,5,0,0,0,0,1,1,6,6,1,43,7,-1,-1,-1,-1,1,E01009297,0,-1
2021451077359,2021,451077359,2,1,0,18,19,6,2,0,0,1,0,0,0,0,3,1,5,6,1,45,7,-1,-1,-1,-1,10,E01030764,0,-1
2021461036714,2021,461036714,2,1,0,18,19,5,1,0,0,0,0,0,0,0,1,1,5,6,1,44,7,-1,-1,-1,-1,9,E01024834,0,-1
2021451016560,2021,451016560,2,9,0,10,10,1,7,0,0,0,0,0,0,0,0,1,6,6,1,25,5,-1,-1,-1,-1,-1,-1,0,-1
2021440148703,2021,440148703,1,9,0,9,9,2,8,0,0,8,0,0,0,0,4,1,6,6,3,-1,-1,-1,-1,-1,-1,-1,-1,0,-1
2021061126743,2021,061126743,2,9,0,2,2,0,0,0,0,2,0,0,0,0,4,1,3,7,3,57,9,-1,-1,-1,-1,1,E01005602,0,-1
2021041114818,2021,041114818,1,9,0,18,19,7,3,0,0,0,0,0,0,0,1,1,6,6,3,-1,-1,-1,-1,-1,-1,-1,-1,0,-1
202160Z159169,2021,60Z159169,2,9,0,17,19,8,4,0,0,1,0,0,0,0,1,1,6,6,1,41,7,-1,-1,-1,-1,-1,-1,0,-1
2021501092944,2021,501092944,1,-1,0,18,19,8,3,0,0,1,0,0,0,0,1,1,5,6,1,37,7,-1,-1,-1,-1,4,E01001609,1,-1
2021543112721,2021,543112721,2,9,0,18,19,5,3,0,0,8,0,0,0,0,4,1,2,2,2,58,9,-1,-1,-1,-1,8,E01031964,0,-1
2021010305926,2021,010305926,1,1,9,99,99,9,9,99,99,9,9,99,9,99,9,1,6,6,2,24,5,-1,-1,-1,-1,2,E01003987,0,-1
2021010288960,2021,010288960,1,9,0,99,99,9,9,99,99,9,9,99,9,99,9,9,6,6,3,-1,-1,-1,-1,-1,-1,-1,-1,0,-1
2021471011347,2021,471011347,2,22,-1,-1,-1,-1,-1,0,0,8,0,0,0,0,-1,1,6,6,2,65,9,-1,-1,-1,-1,2,E01016873,0,-1
2021131108509,2021,131108509,1,9,0,-1,-1,-1,-1,-1,-1,0,-1,-1,-1,-1,-1,1,6,6,3,-1,-1,-1,-1,-1,-1,-1,-1,0,-1
2021010322972,2021,010322972,1,1,9,99,99,9,9,99,99,9,9,99,9,99,9,1,6,6,1,32,6,-1,-1,-1,-1,9,E01002988,0,-1
2021010296054,2021,010296054,2,1,0,18,19,3,7,2,2,0,0,0,0,0,2,1,1,1,1,40,7,-1,-1,-1,-1,5,E01004056,0,-1
2021161127240,2021,161127240,2,1,0,9,9,7,5,0,0,8,0,0,0,0,1,1,6,6,1,45,7,-1,-1,-1,-1,3,E01012913,0,-1
2021010311105,2021,010311105,2,1,0,17,19,2,6,0,0,2,0,0,0,0,4,1,6,6,1,24,5,-1,-1,-1,-1,4,E01002964,0,-1
2021522101552,2021,522101552,1,9,0,17,19,4,8,0,0,0,0,0,7,3,1,1,6,6,2,18,4,-1,-1,-1,-1,7,E01014895,0,-1
2021061104249,2021,061104249,3,90,0,18,19,2,6,0,0,0,0,0,0,0,2,1,6,6,1,30,6,-1,-1,-1,-1,4,E01006110,0,-1
2021421056140,2021,421056140,1,9,0,18,19,6,2,0,0,0,0,0,0,0,1,1,5,6,1,59,9,-1,-1,-1,-1,5,E01021399,0,-1
2021010319172,2021,010319172,1,1,9,99,99,9,9,99,99,9,9,99,9,99,0,1,6,6,1,55,8,-1,-1,-1,-1,4,E01004142,0,-1
2021332100471,2021,332100471,1,9,0,7,7,1,3,0,0,6,0,0,0,0,1,1,6,6,2,55,8,-1,-1,-1,-1,7,E01025911,0,-1
2021332101561,2021,332101561,1,9,0,18,19,7,3,0,0,0,0,0,0,0,1,1,6,6,3,-1,-1,-1,-1,-1,-1,-1,-1,0,-1
2021610006021,2021,610006021,1,9,0,18,19,2,4,0,0,4,0,0,0,0,1,1,2,2,1,51,8,-1,-1,-1,-1,-1,-1,0,-1
2021320426766,2021,320426766,1,9,0,4,4,4,8,0,0,1,0,0,0,0,0,1,6,6,3,40,7,-1,-1,-1,-1,-1,-1,0,-1
2021421113808,2021,421113808,1,21,1,12,12,5,1,0,0,0,0,0,0,0,3,2,1,1,1,35,6,-1,-1,-1,-1,-1,-1,0,-1
2021010314834,2021,010314834,2,19,0,18,19,1,5,0,0,2,0,0,0,0,1,1,6,6,3,-1,-1,-1,-1,-1,-1,-1,-1,0,-1
2021622100820,2021,622100820,1,9,0,18,19,4,8,0,0,7,0,0,0,0,0,1,6,6,3,-1,-1,-1,-1,-1,-1,-1,-1,0,-1
2021010349194,2021,010349194,2,1,0,3,3,1,5,0,0,0,5,1,0,0,2,1,2,2,2,36,7,-1,-1,-1,-1,3,E01003171,0,-1
2021070118640,2021,070118640,2,9,0,9,9,3,7,0,0,5,0,0,0,0,4,1,6,6,1,-1,-1,-1,-1,-1,-1,-1,-1,0,-1
2021401016995,2021,401016995,2,19,0,3,3,-1,-1,0,0,1,0,0,0,0,2,1,6,6,2,39,7,-1,-1,-1,-1,1,E01017477,0,-1
2021010344975,2021,010344975,1,9,0,18,19,1,5,0,0,8,0,0,0,0,1,1,6,6,3,20,4,-1,-1,-1,-1,-1,-1,0,-1
2021101015321,2021,101015321,2,1,0,18,19,4,8,0,0,1,2,0,0,0,3,1,2,2,1,29,6,-1,-1,-1,-1,3,E01008511,0,-1
2021401072800,2021,401072800,2,1,0,4,4,3,7,0,0,1,0,0,0,0,1,1,6,6,2,23,5,-1,-1,-1,-1,3,E01017522,0,-1
2021041126677,2021,041126677,1,9,0,9,9,5,1,0,0,1,1,0,0,0,1,2,5,6,1,20,4,-1,-1,-1,-1,5,E01012645,0,-1
2021440119741,2021,440119741,1,-1,0,18,19,8,4,0,0,8,0,0,0,0,3,1,6,6,1,9,2,-1,-1,-1,-1,9,E01023272,1,-1
2021221118058,2021,221118058,1,1,0,18,19,6,2,0,0,8,0,0,0,0,3,1,5,6,1,24,5,-1,-1,-1,-1,5,E01009177,0,-1
2021440136589,2021,440136589,1,1,0,9,9,4,2,0,0,8,0,0,0,0,3,1,2,2,1,24,5,-1,-1,-1,-1,3,E01017127,0,-1
2021440224298,2021,440224298,1,1,0,5,5,6,3,0,0,6,0,0,0,0,3,1,6,6,1,46,8,-1,-1,-1,-1,4,E01017159,0,-1
2021201085642,2021,201085642,2,1,0,18,19,5,1,0,0,8,0,10,1,0,2,1,6,6,1,17,4,-1,-1,-1,-1,8,E01009471,0,-1
2021010311121,2021,010311121,2,8,0,99,99,9,9,99,99,9,9,99,9,99,1,9,6,6,1,35,6,-1,-1,-1,-1,8,E01001925,0,-1
2021361107262,2021,361107262,2,1,0,18,19,5,1,0,0,1,0,0,0,0,1,1,5,6,1,65,9,-1,-1,-1,-1,1,E01026798,0,-1
2021221039243,2021,221039243,2,1,0,18,19,5,1,0,0,1,0,0,0,0,1,1,5,6,1,37,7,-1,-1,-1,-1,3,E01014208,0,-1
2021201108875,2021,201108875,1,-1,0,18,19,7,3,0,0,6,0,0,0,0,2,1,6,6,1,46,8,-1,-1,-1,-1,8,E01010553,1,-1
2021010309694,2021,010309694,1,1,9,99,99,9,9,99,99,9,9,99,9,99,1,1,2,2,3,37,7,-1,-1,-1,-1,2,E01002811,0,-1
2021430108404,2021,430108404,1,11,0,5,5,2,6,0,0,2,0,0,0,0,4,1,1,1,1,-1,-1,-1,-1,-1,-1,-1,-1,0,-1
2021010312622,2021,010312622,2,1,0,18,19,3,7,4,4,1,0,0,0,0,0,1,2,2,1,25,5,-1,-1,-1,-1,1,E01004245,0,-1
2021010329726,2021,010329726,2,-1,0,18,19,7,3,0,0,6,0,0,0,0,3,1,6,6,1,18,4,-1,-1,-1,-1,4,E01001247,1,-1
2021361066126,2021,361066126,2,1,0,18,19,6,2,0,0,0,0,0,0,0,2,1,5,6,2,40,7,-1,-1,-1,-1,8,E01021528,0,-1
2021332100667,2021,332100667,2,9,0,18,19,7,3,0,0,0,0,0,0,0,1,1,3,7,2,43,7,-1,-1,-1,-1,2,E01013694,0,-1
2021010347342,2021,010347342,2,1,0,9,9,5,3,0,0,5,0,0,0,0,3,1,4,7,1,18,4,-1,-1,-1,-1,7,E01001231,0,-1
2021461108157,2021,461108157,1,9,-1,18,19,3,7,0,0,8,0,0,0,0,1,1,6,6,3,-1,-1,-1,-1,-1,-1,-1,-1,0,-1
2021451119300,2021,451119300,1,98,0,18,19,3,1,0,0,1,0,0,0,0,0,1,6,6,3,50,8,-1,-1,-1,-1,-1,-1,0,-1
2021471114153,2021,471114153,1,9,0,18,19,7,3,0,0,0,0,0,0,0,4,1,6,6,3,-1,-1,-1,-1,-1,-1,-1,-1,0,-1
2021610015921,2021,610015921,3,9,0,18,19,8,5,0,0,2,0,0,0,0,0,1,6,6,1,47,8,-1,-1,-1,-1,-1,-1,0,-1
2021041079339,2021,041079339,2,9,0,18,19,1,5,0,0,0,0,0,0,0,1,2,1,1,1,38,7,-1,-1,-1,-1,-1,-1,0,-1
2021320098503,2021,320098503,2,1,0,18,19,8,4,0,0,0,5,0,0,0,2,1,6,6,1,13,3,-1,-1,-1,-1,-1,-1,0,-1
202160Z125444,2021,60Z125444,1,98,0,18,19,4,8,0,0,0,0,0,0,0,1,1,2,2,1,29,6,-1,-1,-1,-1,-1,-1,0,-1
2021221070471,2021,221070471,2,9,0,18,19,4,8,0,0,8,0,0,0,0,3,1,5,6,1,49,8,-1,-1,-1,-1,4,E01014106,0,-1
202131C039821,2021,31C039821,2,1,0,18,19,6,1,0,0,8,0,0,0,0,3,1,6,6,1,24,5,-1,-1,-1,-1,2,E01013827,0,-1
2021010308514,2021,010308514,1,1,9,99,99,9,9,99,99,9,9,99,9,99,9,1,6,6,1,27,6,-1,-1,-1,-1,6,E01001966,0,-1
202131C161821,2021,31C161821,1,9,0,5,5,3,7,9,9,6,0,0,0,0,1,1,6,6,1,-1,-1,-1,-1,-1,-1,-1,-1,0,-1
2021471018185,2021,471018185,4,9,0,2,2,0,0,0,0,0,0,0,0,0,1,1,6,6,3,-1,-1,-1,-1,-1,-1,-1,-1,0,-1
2021430249407,2021,430249407,1,3,0,18,19,4,8,0,0,0,0,0,0,0,1,1,6,6,1,24,5,-1,-1,-1,-1,8,E01016296,0,-1
2021451026095,2021,451026095,2,9,0,18,19,1,3,0,0,0,0,0,0,0,1,1,6,6,2,25,5,-1,-1,-1,-1,-1,-1,0,-1
2021010303865,2021,010303865,1,1,9,99,99,9,9,99,99,9,9,99,9,99,1,1,2,2,1,46,8,-1,-1,-1,-1,10,E01030535,0,-1
202160Z177526,2021,60Z177526,1,9,0,7,7,8,2,0,0,2,0,0,0,0,4,1,6,6,1,46,8,-1,-1,-1,-1,-1,-1,0,-1
2021332100724,2021,332100724,1,3,0,18,19,8,4,0,0,0,0,0,1,0,4,1,6,6,1,52,8,-1,-1,-1,-1,6,E01025815,0,-1
202160Z100684,2021,60Z100684,1,9,0,16,19,4,8,0,0,0,0,0,0,0,3,1,6,6,1,30,6,-1,-1,-1,-1,-1,-1,0,-1
2021010339543,2021,010339543,2,1,0,7,7,3,5,0,0,5,0,0,0,0,0,1,6,6,1,31,6,-1,-1,-1,-1,-1,-1,0,-1
2021610026521,2021,610026521,2,9,0,18,19,5,1,0,0,1,0,0,0,0,2,1,6,6,2,52,8,-1,-1,-1,-1,-1,-1,0,-1
2021351102852,2021,351102852,2,1,0,18,19,2,7,0,0,8,0,0,0,0,1,1,2,2,2,-1,-1,-1,-1,-1,-1,5,E01032802,0,-1
2021010317335,2021,010317335,2,1,0,18,19,5,1,0,0,8,0,0,0,0,3,1,6,6,1,56,9,-1,-1,-1,-1,6,E01001572,0,-1
2021201078753,2021,201078753,3,19,0,8,8,5,7,0,0,1,0,0,0,0,1,1,1,1,2,33,6,-1,-1,-1,-1,2,E01010404,0,-1
2021201142177,2021,201142177,1,9,0,17,19,6,2,0,0,3,0,0,0,0,1,1,6,6,3,-1,-1,-1,-1,-1,-1,-1,-1,0,-1
2021052101945,2021,052101945,1,4,0,18,19,8,4,0,0,8,0,0,1,2,1,1,6,6,1,31,6,-1,-1,-1,-1,1,E01006849,0,-1
2021231049370,2021,231049370,2,1,0,18,19,2,6,0,0,8,0,0,0,0,1,1,2,2,1,41,7,-1,-1,-1,-1,8,E01033255,0,-1
2021520105661,2021,520105661,1,1,0,18,19,7,3,0,0,0,0,0,0,0,3,1,6,6,1,17,4,-1,-1,-1,-1,8,E01029201,0,-1
2021101081788,2021,101081788,1,9,0,16,19,2,6,0,0,0,0,0,0,0,0,1,6,6,1,-1,-1,-1,-1,-1,-1,-1,-1,0,-1
2021522105948,2021,522105948,1,9,0,18,19,1,5,0,0,0,0,0,0,0,3,1,6,6,2,45,7,-1,-1,-1,-1,-1,-1,0,-1
202160Z107987,2021,60Z107987,1,5,0,17,19,1,5,0,0,0,2,0,1,10,3,1,6,6,1,69,10,-1,-1,-1,-1,-1,-1,0,-1
2021371047489,2021,371047489,1,90,0,18,19,2,6,0,0,0,0,0,0,0,0,1,6,6,3,-1,-1,-1,-1,-1,-1,-1,-1,0,-1
2021010322980,2021,010322980,2,21,9,99,99,9,9,99,99,9,9,99,9,99,9,9,6,6,3,-1,-1,-1,-1,-1,-1,-1,-1,0,-1
2021461071545,2021,461071545,2,9,0,18,19,7,3,0,0,0,0,0,0,0,4,1,6,6,1,31,6,-1,-1,-1,-1,10,E01024725,0,-1
2021411097133,2021,411097133,2,9,0,18,19,7,3,0,0,4,0,0,0,0,1,1,6,6,3,-1,-1,-1,-1,-1,-1,-1,-1,0,-1
2021461015670,2021,461015670,2,9,0,11,11,3,7,0,0,1,0,0,0,0,2,1,6,6,2,46,8,-1,-1,-1,-1,4,E01024384,0,-1
2021991068297,2021,991068297,2,1,0,18,19,2,6,0,0,8,0,0,0,0,3,1,5,6,1,29,6,-1,-1,-1,-1,7,-1,0,-1
2021010315333,2021,010315333,2,1,0,18,19,5,1,9,9,1,0,0,0,0,1,1,6,6,1,58,9,-1,-1,-1,-1,3,E01032574,0,-1
2021461043102,2021,461043102,2,5,0,18,19,4,7,0,0,0,0,0,0,0,1,1,1,1,1,-1,-1,-1,-1,-1,-1,5,E01024281,0,-1
2021010298285,2021,010298285,3,9,0,18,19,3,7,0,0,0,0,0,0,0,0,1,6,6,3,-1,-1,-1,-1,-1,-1,-1,-1,0,-1
2021170S11051,2021,170S11051,1,1,0,18,19,2,6,0,0,1,0,0,0,0,4,1,6,6,1,64,9,-1,-1,-1,-1,1,E01012273,0,-1
2021332101054,2021,332101054,1,9,0,18,19,5,1,0,0,0,0,0,0,0,1,1,6,6,3,-1,-1,-1,-1,-1,-1,-1,-1,0,-1
2021411103128,2021,411103128,1,1,0,4,4,7,3,9,9,1,0,0,0,0,4,1,4,7,1,12,3,-1,-1,-1,-1,6,E01023306,0,-1
2021440394899,2021,440394899,1,9,0,9,9,7,3,0,0,8,0,0,0,0,1,1,4,7,1,17,4,-1,-1,-1,-1,2,E01017140,0,-1
2021131106780,2021,131106780,1,1,0,18,19,6,2,0,0,0,0,0,0,0,1,1,5,6,1,17,4,-1,-1,-1,-1,-1,-1,0,-1
2021520104328,2021,520104328,2,1,0,18,19,3,7,0,0,1,0,0,0,0,1,1,6,6,1,20,4,-1,-1,-1,-1,1,E01022347,0,-1
2021010331884,2021,010331884,1,1,0,18,19,1,5,0,0,1,0,0,0,0,1,1,6,6,1,28,6,-1,-1,-1,-1,10,E01032638,0,-1
20211381B1478,2021,1381B1478,1,9,0,18,19,6,2,0,0,0,0,0,0,0,3,1,6,6,3,-1,-1,-1,-1,-1,-1,-1,-1,0,-1
2021131037244,2021,131037244,1,1,0,5,5,5,5,0,0,8,0,0,0,0,4,1,5,6,1,52,8,-1,-1,-1,-1,8,E01010972,0,-1
2021010335284,2021,010335284,2,1,0,18,19,5,1,0,0,2,0,0,0,0,1,1,1,1,1,33,6,-1,-1,-1,-1,4,E01003077,0,-1
2021201065531,2021,201065531,1,19,0,5,5,2,6,0,0,4,0,0,0,0,1,1,1,1,1,56,9,-1,-1,-1,-1,2,E01010071,0,-1
202160Z146055,2021,60Z146055,2,21,0,17,19,5,2,0,0,2,0,0,0,0,1,1,1,1,1,25,5,-1,-1,-1,-1,-1,-1,0,-1
2021471101567,2021,471101567,1,9,0,18,19,8,4,0,0,0,0,0,0,0,0,1,6,6,2,-1,-1,-1,-1,-1,-1,-1,-1,0,-1
2021052102914,2021,052102914,1,1,0,18,19,3,7,0,0,1,0,0,0,0,1,1,6,6,1,15,3,-1,-1,-1,-1,1,E01007007,0,-1
2021451061727,2021,451061727,1,9,0,18,19,5,6,0,0,0,0,0,0,0,1,1,6,6,2,55,8,-1,-1,-1,-1,-1,-1,0,-1
2021332101502,2021,332101502,1,9,0,18,19,7,3,0,0,0,0,0,0,0,0,1,6,6,2,23,5,-1,-1,-1,-1,-1,-1,0,-1
2021010337704,2021,010337704,1,3,0,18,19,5,1,2,2,0,0,0,0,0,1,1,6,6,1,39,7,-1,-1,-1,-1,8,E01000311,0,-1
2021991082165,2021,991082165,1,9,0,18,19,4,8,0,0,0,0,0,0,0,0,1,6,6,3,45,7,-1,-1,-1,-1,-1,-1,0,-1
2021471065200,2021,471065200,1,1,0,18,19,8,4,0,0,0,0,0,0,0,1,1,6,6,3,-1,-1,-1,-1,-1,-1,-1,-1,0,-1
2021010311355,2021,010311355,1,9,0,18,19,7,3,0,0,0,0,0,0,0,2,1,2,2,2,43,7,-1,-1,-1,-1,5,E01004644,0,-1
2021991076838,2021,991076838,2,1,0,18,19,4,8,0,0,1,0,0,0,0,1,1,5,6,2,30,6,-1,-1,-1,-1,9,E01016678,0,-1
2021430304555,2021,430304555,3,1,0,18,19,8,4,0,0,2,0,0,0,0,0,1,6,6,3,-1,-1,-1,-1,-1,-1,-1,-1,0,-1
2021332100671,2021,332100671,1,19,0,9,9,6,4,0,0,6,0,0,0,0,3,1,6,6,1,50,8,-1,-1,-1,-1,7,E01025627,0,-1
2021010319907,2021,010319907,2,9,0,99,99,9,9,99,99,0,9,99,9,99,1,9,6,6,3,-1,-1,-1,-1,-1,-1,-1,-1,0,-1
2021430433817,2021,430433817,1,9,0,18,19,4,8,0,0,0,0,0,0,0,4,1,6,6,3,-1,-1,-1,-1,-1,-1,-1,-1,0,-1
2021010329064,2021,010329064,2,1,0,18,19,1,5,0,0,8,5,0,1,0,4,1,2,2,1,26,6,-1,-1,-1,-1,9,E01003478,0,-1
2021010335721,2021,010335721,1,1,0,18,19,1,5,0,0,6,0,0,0,0,0,1,6,6,1,27,6,-1,-1,-1,-1,4,E01000559,0,-1
2021010342838,2021,010342838,1,1,9,99,99,9,9,99,99,9,9,99,9,99,9,1,2,2,2,25,5,-1,-1,-1,-1,1,E01004205,0,-1
2021522105941,2021,522105941,2,5,0,13,13,6,2,2,2,1,0,0,0,0,1,1,6,6,1,30,6,-1,-1,-1,-1,-1,-1,0,-1
2021531107898,2021,531107898,1,9,0,7,7,2,5,0,0,1,0,0,0,0,1,1,6,6,3,-1,-1,-1,-1,-1,-1,-1,-1,0,-1
2021131089906,2021,131089906,1,9,0,-1,-1,-1,-1,-1,-1,0,-1,-1,-1,-1,-1,1,6,6,3,-1,-1,-1,-1,-1,-1,-1,-1,0,-1
2021010335762,2021,010335762,2,8,0,99,99,9,9,99,99,9,9,99,9,99,1,9,6,6,3,-1,-1,-1,-1,-1,-1,-1,-1,0,-1
2021010319085,2021,010319085,1,1,0,18,19,7,3,0,0,8,0,0,0,0,1,1,2,2,2,35,6,-1,-1,-1,-1,7,E01001904,0,-1
2021161018964,2021,161018964,1,1,0,7,7,3,7,0,0,1,0,0,0,0,3,1,2,2,1,33,6,-1,-1,-1,-1,1,E01012836,0,-1
2021471077002,2021,471077002,2,1,0,18,19,7,3,0,0,0,0,0,1,0,2,1,5,6,1,22,5,-1,-1,-1,-1,3,E01022803,0,-1
2021010345252,2021,010345252,2,1,0,18,19,8,4,0,0,0,0,0,0,0,1,1,2,2,1,18,4,-1,-1,-1,-1,6,E01004474,0,-1
2021141051036,2021,141051036,2,9,0,18,19,6,2,0,0,0,0,0,0,0,1,1,6,6,3,-1,-1,-1,-1,-1,-1,-1,-1,0,-1
2021440349786,2021,440349786,1,1,0,18,19,3,7,0,0,8,0,0,0,0,1,1,6,6,1,24,5,-1,-1,-1,-1,4,E01017158,0,-1
202131B150121,2021,31B150121,2,1,0,18,19,4,8,0,0,1,0,0,0,0,2,1,6,6,1,14,3,-1,-1,-1,-1,2,E01028008,0,-1
2021010309351,2021,010309351,1,9,0,7,7,8,1,0,0,6,0,0,0,0,1,1,6,6,1,-1,-1,-1,-1,-1,-1,2,E01000525,0,-1
2021320600177,2021,320600177,1,19,0,18,19,4,8,0,0,0,0,4,0,0,1,1,1,1,1,32,6,-1,-1,-1,-1,9,E01026355,0,-1
202131C165821,2021,31C165821,2,1,0,18,19,4,8,0,0,8,0,0,0,0,4,1,6,6,1,57,9,-1,-1,-1,-1,10,E01028123,0,-1
2021552100987,2021,552100987,1,9,0,18,19,7,3,0,0,8,0,0,0,0,0,1,6,6,3,-1,-1,-1,-1,-1,-1,-1,-1,0,-1
2021332100083,2021,332100083,1,9,0,3,3,8,4,0,0,1,0,0,0,0,2,1,2,2,2,57,9,-1,-1,-1,-1,8,E01029656,0,-1
2021010303477,2021,010303477,1,1,9,99,99,9,9,99,99,9,9,99,9,99,9,1,6,6,2,47,8,-1,-1,-1,-1,7,E01003796,0,-1
2021522105645,2021,522105645,2,19,0,18,19,7,3,0,0,0,5,0,0,0,1,1,6,6,3,30,6,-1,-1,-1,-1,-1,-1,0,-1
202131D148621,2021,31D148621,2,1,0,18,19,6,2,0,0,2,0,10,0,0,3,1,6,6,2,61,9,-1,-1,-1,-1,8,E01028195,0,-1
202134WNC6371,2021,34WNC6371,1,19,0,5,5,7,3,0,0,8,0,0,0,0,4,1,1,1,1,30,6,-1,-1,-1,-1,-1,-1,0,-1
2021461118679,2021,461118679,1,9,0,4,4,5,1,0,0,0,0,0,0,0,0,1,6,6,2,29,6,-1,-1,-1,-1,8,E01024044,0,-1
2021531050691,2021,531050691,1,98,0,-1,-1,-1,-1,-1,-1,0,-1,-1,-1,0,-1,1,6,6,1,61,9,-1,-1,-1,-1,7,E01017673,0,-1
202160Z119294,2021,60Z119294,1,9,0,7,7,5,7,0,0,3,0,0,0,0,3,1,6,6,1,49,8,-1,-1,-1,-1,-1,-1,0,-1
2021411096398,2021,411096398,2,9,0,18,19,3,7,0,0,0,0,0,0,0,1,1,5,6,1,33,6,-1,-1,-1,-1,8,E01021793,0,-1
2021010299452,2021,010299452,1,1,9,99,99,9,9,99,99,9,9,99,9,99,9,1,6,6,1,26,6,-1,-1,-1,-1,2,E01003174,0,-1
2021522104284,2021,522104284,1,1,0,3,3,6,1,0,0,1,0,0,0,0,2,1,6,6,2,26,6,-1,-1,-1,-1,7,E01014949,0,-1
2021010339511,2021,010339511,2,1,0,18,19,5,1,0,0,1,0,0,0,0,1,1,1,1,1,33,6,-1,-1,-1,-1,2,E01004263,0,-1
2021440074369,2021,440074369,1,1,0,18,19,7,3,0,0,1,0,0,0,0,1,1,6,6,1,53,8,-1,-1,-1,-1,10,E01023092,0,-1
2021010343841,2021,010343841,1,1,0,99,99,9,9,0,0,0,0,0,0,0,3,1,6,6,3,40,7,-1,-1,-1,-1,9,E01030330,0,-1
2021302100276,2021,302100276,2,1,0,18,19,4,8,0,0,0,0,0,0,0,0,1,6,6,2,31,6,-1,-1,-1,-1,8,E01019414,0,-1
2021070539182,2021,070539182,1,9,4,11,11,1,5,0,0,0,0,0,0,0,1,1,1,1,1,35,6,-1,-1,-1,-1,9,E01033478,0,-1
2021041125713,2021,041125713,1,9,0,18,19,7,7,0,0,2,0,0,0,0,1,1,6,6,3,-1,-1,-1,-1,-1,-1,-1,-1,0,-1
2021461113986,2021,461113986,2,1,0,18,19,1,2,0,0,1,0,0,0,0,3,1,5,6,2,64,9,-1,-1,-1,-1,9,E01033214,0,-1
2021610050921,2021,610050921,2,1,0,18,19,5,1,0,0,8,0,0,0,0,1,1,6,6,1,60,9,-1,-1,-1,-1,10,W01001533,0,-1
2021010319431,2021,010319431,2,1,0,9,9,3,8,0,0,2,1,0,0,0,2,1,6,6,1,31,6,-1,-1,-1,-1,4,E01003793,0,-1
2021201133283,2021,201133283,1,1,0,18,19,4,8,0,0,0,0,0,0,0,1,1,6,6,1,19,4,-1,-1,-1,-1,1,E01010046,0,-1