collision_index,collision_year,collision_ref_no,vehicle_reference,vehicle_type,towing_and_articulation,vehicle_manoeuvre_historic,vehicle_manoeuvre,vehicle_direction_from,vehicle_direction_to,vehicle_location_restricted_lane_historic,vehicle_location_restricted_lane,junction_location,skidding_and_overturning,hit_object_in_carriageway,vehicle_leaving_carriageway,hit_object_off_carriageway,first_point_of_impact,vehicle_left_hand_drive,journey_purpose_of_driver_historic,journey_purpose_of_driver,sex_of_driver,age_of_driver,age_band_of_driver,engine_capacity_cc,propulsion_code,age_of_vehicle,generic_make_model,driver_imd_decile,lsoa_of_driver,escooter_flag,driver_distance_banding
2021061035179,2021,061035179,2,1,0,18,19,5,1,0,0,0,0,0,0,0,1,1,5,6,1,30,6,-1,-1,-1,-1,1,E01005874,0,-1
2021430116768,2021,430116768,1,9,0,18,19,7,3,0,0,4,0,10,1,7,1,1,1,1,2,53,8,-1,-1,-1,-1,7,E01016305,0,-1
2021061030873,2021,061030873,2,1,0,18,19,7,7,0,0,3,0,0,0,0,1,1,6,6,3,-1,-1,-1,-1,-1,-1,-1,-1,0,-1
2021610040021,2021,610040021,1,9,0,18,19,4,8,0,0,0,1,0,0,0,1,1,2,2,1,42,7,-1,-1,-1,-1,-1,-1,0,-1
2021471060847,2021,471060847,2,1,0,18,19,8,4,0,0,8,0,0,0,0,1,1,4,7,1,11,3,-1,-1,-1,-1,3,E01021178,0,-1
2021010335656,2021,010335656,1,1,9,99,99,9,9,99,99,2,9,99,9,99,1,1,2,2,1,33,6,-1,-1,-1,-1,5,E01001198,0,-1
2021430551851,2021,430551851,2,9,0,18,19,2,6,0,0,1,0,0,0,0,1,1,6,6,2,-1,-1,-1,-1,-1,-1,-1,-1,0,-1
2021461121683,2021,461121683,1,9,0,18,19,3,7,0,0,4,0,0,0,0,4,1,6,6,2,-1,-1,-1,-1,-1,-1,-1,-1,0,-1
2021070450951,2021,070450951,1,17,0,9,9,1,7,0,0,5,0,0,0,0,3,1,1,1,1,34,6,-1,-1,-1,-1,2,E01033758,0,-1
2021010325692,2021,010325692,2,9,9,99,99,9,9,99,99,9,9,99,9,99,9,9,6,6,3,-1,-1,-1,-1,-1,-1,-1,-1,0,-1
2021430562692,2021,430562692,2,9,0,7,7,5,8,0,0,3,0,7,0,0,4,1,6,6,3,-1,-1,-1,-1,-1,-1,-1,-1,0,-1
202131D011521,2021,31D011521,1,9,0,14,14,8,4,0,0,1,0,0,0,0,4,1,6,6,3,-1,-1,-1,-1,-1,-1,-1,-1,0,-1
2021501060251,2021,501060251,2,16,0,16,19,5,8,0,0,0,0,0,0,0,1,1,6,6,2,45,7,-1,-1,-1,-1,3,E01019052,0,-1
2021041049602,2021,041049602,2,98,0,18,19,5,1,0,0,0,0,0,0,0,2,1,6,6,1,53,8,-1,-1,-1,-1,8,E01025272,0,-1
2021131110090,2021,131110090,1,9,0,-1,-1,-1,-1,-1,-1,-1,-1,-1,-1,-1,-1,1,6,6,3,-1,-1,-1,-1,-1,-1,-1,-1,0,-1
2021461024670,2021,461024670,1,21,1,12,12,3,8,0,0,0,0,0,0,0,3,1,1,1,1,44,7,-1,-1,-1,-1,-1,-1,0,-1
2021401057892,2021,401057892,1,1,0,17,19,2,6,0,0,0,0,0,0,0,1,1,6,6,1,54,8,-1,-1,-1,-1,4,E01017482,0,-1
2021361107133,2021,361107133,2,1,0,18,19,4,1,0,0,0,5,0,1,10,2,1,5,6,1,67,10,-1,-1,-1,-1,4,E01026656,0,-1
2021302101030,2021,302101030,1,9,0,5,5,8,4,0,0,0,0,0,0,0,1,1,6,6,3,-1,-1,-1,-1,-1,-1,5,E01019456,0,-1
2021052100881,2021,052100881,1,-1,0,18,19,4,8,0,0,0,0,0,0,0,1,1,6,6,1,26,6,-1,-1,-1,-1,3,E01006521,1,-1
2021122101042,2021,122101042,2,97,0,18,19,7,3,0,0,0,0,0,0,0,1,1,2,2,2,35,6,-1,-1,-1,-1,3,E01013444,0,-1
2021302100574,2021,302100574,2,9,0,4,4,3,7,0,0,0,0,0,0,0,1,1,1,1,1,-1,-1,-1,-1,-1,-1,1,E01007534,0,-1
2021302100822,2021,302100822,2,9,0,18,19,6,2,0,0,0,0,0,0,0,0,1,6,6,3,-1,-1,-1,-1,-1,-1,5,E01019456,0,-1
2021430130854,2021,430130854,2,9,0,15,15,6,2,0,0,0,0,0,0,0,4,1,6,6,3,-1,-1,-1,-1,-1,-1,-1,-1,0,-1
2021201103063,2021,201103063,1,9,0,18,19,2,6,0,0,1,0,0,0,0,1,1,1,1,3,55,8,-1,-1,-1,-1,1,E01009491,0,-1
2021010347047,2021,010347047,1,1,9,99,99,9,9,99,99,9,9,99,9,99,9,1,2,2,1,43,7,-1,-1,-1,-1,4,E01001939,0,-1
2021010311698,2021,010311698,2,9,0,18,19,7,3,0,0,8,0,0,0,0,1,1,6,6,3,-1,-1,-1,-1,-1,-1,-1,-1,0,-1
2021520102307,2021,520102307,1,1,0,8,8,8,3,0,0,2,0,0,0,0,2,1,6,6,1,33,6,-1,-1,-1,-1,5,E01029283,0,-1
202131D151721,2021,31D151721,3,21,1,4,4,7,3,0,0,0,0,0,0,0,2,1,6,6,3,-1,-1,-1,-1,-1,-1,-1,-1,0,-1
2021522100237,2021,522100237,2,1,0,9,9,6,4,0,0,8,0,0,0,0,3,1,6,6,2,42,7,-1,-1,-1,-1,5,E01014662,0,-1
2021041143528,2021,041143528,2,1,0,5,5,2,6,0,0,1,0,0,0,0,1,1,6,6,1,15,3,-1,-1,-1,-1,2,E01025245,0,-1
2021440423428,2021,440423428,1,9,0,18,19,5,1,0,0,2,0,0,0,0,2,1,6,6,2,48,8,-1,-1,-1,-1,9,E01031994,0,-1
2021451109012,2021,451109012,1,1,0,18,19,1,5,0,0,0,0,0,1,0,3,1,6,6,1,28,6,-1,-1,-1,-1,2,E01003021,0,-1
2021161107897,2021,161107897,2,1,0,18,19,3,7,0,0,1,0,0,0,0,2,1,6,6,1,27,6,-1,-1,-1,-1,1,E01013139,0,-1
2021302100476,2021,302100476,2,1,0,18,19,6,2,0,0,2,0,0,0,0,0,1,6,6,1,59,9,-1,-1,-1,-1,3,E01019400,0,-1
2021010291514,2021,010291514,2,19,0,18,19,8,4,0,0,0,0,0,0,0,1,1,6,6,3,-1,-1,-1,-1,-1,-1,-1,-1,0,-1
2021010339074,2021,010339074,1,1,9,99,99,9,9,99,99,9,9,99,9,99,1,1,2,2,1,24,5,-1,-1,-1,-1,3,E01003050,0,-1
202163A049321,2021,63A049321,1,8,0,5,5,2,6,0,0,0,0,0,7,3,2,1,1,1,1,65,9,-1,-1,-1,-1,1,W01000866,0,-1
2021991047025,2021,991047025,4,9,0,3,3,8,4,0,0,0,0,0,0,0,2,1,6,6,1,27,6,-1,-1,-1,-1,7,-1,0,-1
2021371100512,2021,371100512,4,19,0,18,19,2,6,0,0,0,0,0,0,0,1,1,6,6,1,38,7,-1,-1,-1,-1,-1,-1,0,-1
2021332100112,2021,332100112,2,9,0,18,19,2,6,0,0,8,0,0,0,0,2,1,6,6,1,61,9,-1,-1,-1,-1,5,E01013735,0,-1
2021201041745,2021,201041745,2,1,0,18,19,4,8,9,9,8,0,0,0,0,1,1,6,6,1,12,3,-1,-1,-1,-1,2,E01009512,0,-1
2021320335748,2021,320335748,1,9,0,18,19,3,7,0,0,1,0,0,0,0,3,1,6,6,1,40,7,-1,-1,-1,-1,-1,-1,0,-1
2021461020226,2021,461020226,1,9,0,4,4,5,1,0,0,0,1,4,0,0,4,1,6,6,1,31,6,-1,-1,-1,-1,8,E01024652,0,-1
2021440028425,2021,440028425,1,19,0,18,19,1,5,0,0,8,0,0,0,0,1,1,6,6,3,-1,-1,-1,-1,-1,-1,-1,-1,0,-1
2021010325752,2021,010325752,2,3,0,18,19,1,5,0,0,1,0,0,0,0,1,1,1,1,1,39,7,-1,-1,-1,-1,1,E01003060,0,-1
2021161064475,2021,161064475,2,1,0,18,19,5,1,0,0,0,0,0,0,0,2,1,6,6,2,60,9,-1,-1,-1,-1,4,E01012762,0,-1
2021440213996,2021,440213996,2,1,0,18,19,2,6,0,0,0,0,0,0,0,4,1,2,2,1,55,8,-1,-1,-1,-1,9,E01022646,0,-1
2021010302320,2021,010302320,1,1,9,99,99,9,9,99,99,9,9,99,9,99,1,1,6,6,1,-1,-1,-1,-1,-1,-1,3,E01033583,0,-1
2021111068135,2021,111068135,2,1,0,16,19,5,1,0,0,1,0,0,0,0,1,1,5,6,1,75,10,-1,-1,-1,-1,6,E01020822,0,-1
2021430307384,2021,430307384,1,9,0,18,19,1,5,0,0,0,0,0,0,0,1,1,6,6,2,35,6,-1,-1,-1,-1,-1,-1,0,-1
2021501147561,2021,501147561,4,9,0,18,19,0,0,0,0,0,0,0,0,0,1,1,6,6,1,-1,-1,-1,-1,-1,-1,7,E01014554,0,-1
2021401065648,2021,401065648,2,1,-1,-1,-1,-1,-1,-1,-1,-1,-1,-1,-1,0,-1,1,6,6,1,35,6,-1,-1,-1,-1,3,E01017501,0,-1
2021010342065,2021,010342065,2,90,9,99,99,9,9,99,99,9,9,99,9,99,9,9,6,6,3,-1,-1,-1,-1,-1,-1,-1,-1,0,-1
2021332100477,2021,332100477,2,9,0,2,2,0,0,0,0,0,0,0,0,0,4,1,6,6,2,21,5,-1,-1,-1,-1,3,E01025822,0,-1
202154B287521,2021,54B287521,1,9,0,18,19,1,5,0,0,0,0,0,0,0,9,1,6,6,3,-1,-1,-1,-1,-1,-1,-1,-1,0,-1
2021010305492,2021,010305492,2,1,0,18,19,7,3,0,0,1,0,0,0,0,3,1,6,6,1,30,6,-1,-1,-1,-1,-1,-1,0,-1
2021131120483,2021,131120483,2,9,0,18,19,1,5,0,0,0,0,0,0,0,-1,1,6,6,3,-1,-1,-1,-1,-1,-1,-1,-1,0,-1
202163D017621,2021,63D017621,1,90,0,12,12,6,2,0,0,0,0,0,7,10,1,1,6,6,2,39,7,-1,-1,-1,-1,3,W01000478,0,-1
2021111079990,2021,111079990,1,9,0,18,19,7,5,0,0,2,0,0,0,0,1,1,6,6,2,35,6,-1,-1,-1,-1,-1,-1,0,-1
2021010343129,2021,010343129,2,9,0,99,99,9,9,99,99,9,9,99,9,99,9,9,6,6,3,-1,-1,-1,-1,-1,-1,1,E01009376,0,-1
2021522105760,2021,522105760,1,9,0,2,2,0,0,0,0,0,0,0,0,0,2,1,6,6,3,-1,-1,-1,-1,-1,-1,-1,-1,0,-1
2021010312339,2021,010312339,1,9,0,18,19,6,2,9,9,0,0,0,7,2,1,1,6,6,2,78,11,-1,-1,-1,-1,6,E01001093,0,-1
202160Z048446,2021,60Z048446,1,9,0,18,19,6,2,0,0,1,0,0,0,0,1,1,6,6,2,25,5,-1,-1,-1,-1,-1,-1,0,-1
2021010299235,2021,010299235,2,9,0,16,19,1,5,0,0,1,0,0,0,0,1,1,6,6,3,-1,-1,-1,-1,-1,-1,-1,-1,0,-1
2021461068340,2021,461068340,1,21,1,18,19,7,3,0,0,0,0,0,0,0,1,1,1,1,1,54,8,-1,-1,-1,-1,-1,-1,0,-1
202106P078961,2021,06P078961,1,9,0,18,19,7,3,0,0,0,0,0,0,0,1,1,6,6,2,22,5,-1,-1,-1,-1,6,E01011164,0,-1
2021411071498,2021,411071498,2,19,0,18,19,3,7,0,0,1,0,0,0,0,1,1,1,1,1,21,5,-1,-1,-1,-1,9,E01023653,0,-1
2021430455190,2021,430455190,1,22,0,18,19,2,6,0,0,8,0,0,0,0,1,1,6,6,2,-1,-1,-1,-1,-1,-1,-1,-1,0,-1
2021552101183,2021,552101183,1,1,0,5,5,1,5,0,0,6,0,0,0,0,0,1,6,6,2,53,8,-1,-1,-1,-1,6,E01017014,0,-1
2021122100878,2021,122100878,2,1,0,18,19,3,7,0,0,1,0,0,0,0,1,1,6,6,2,16,4,-1,-1,-1,-1,9,E01027644,0,-1
2021440379895,2021,440379895,2,1,0,9,9,6,2,0,0,8,0,0,0,0,2,1,6,6,2,17,4,-1,-1,-1,-1,9,E01022782,0,-1
2021430564816,2021,430564816,3,9,0,10,10,8,6,0,0,8,0,0,0,0,1,1,2,2,1,50,8,-1,-1,-1,-1,5,E01017867,0,-1
2021332100844,2021,332100844,3,98,0,3,3,5,1,0,0,0,0,0,0,0,2,1,1,1,1,24,5,-1,-1,-1,-1,2,E01031044,0,-1
2021421036768,2021,421036768,2,9,0,18,19,5,1,0,0,8,0,0,0,0,4,1,6,6,1,29,6,-1,-1,-1,-1,2,E01021318,0,-1
2021440392242,2021,440392242,1,19,0,18,19,3,7,0,0,0,0,0,0,0,3,1,6,6,1,50,8,-1,-1,-1,-1,10,E01023229,0,-1
202160Z125788,2021,60Z125788,1,9,0,17,19,1,6,0,0,0,5,0,1,11,1,1,6,6,1,25,5,-1,-1,-1,-1,-1,-1,0,-1
2021231043662,2021,231043662,2,9,0,18,19,7,3,0,0,8,1,0,0,0,1,1,5,6,1,32,6,-1,-1,-1,-1,6,E01027030,0,-1
2021610036221,2021,610036221,2,5,0,18,19,6,2,0,0,1,0,0,0,0,1,1,6,6,1,27,6,-1,-1,-1,-1,-1,-1,0,-1
2021610042721,2021,610042721,1,9,0,18,19,4,8,0,0,8,0,0,0,2,2,1,6,6,1,31,6,-1,-1,-1,-1,-1,-1,0,-1
2021461111983,2021,461111983,2,1,0,18,19,5,1,0,0,1,0,0,0,0,1,1,6,6,1,31,6,-1,-1,-1,-1,9,E01024849,0,-1
2021010287659,2021,010287659,1,9,0,18,19,3,7,9,9,1,1,10,4,11,4,1,6,6,1,21,5,-1,-1,-1,-1,-1,-1,0,-1
2021471028772,2021,471028772,2,1,0,18,19,4,1,0,0,8,0,0,0,0,4,1,6,6,1,74,10,-1,-1,-1,-1,9,E01031458,0,-1
2021451120019,2021,451120019,1,1,0,18,19,1,5,0,0,0,2,0,0,0,1,1,5,6,1,30,6,-1,-1,-1,-1,3,E01002599,0,-1
2021302100673,2021,302100673,3,9,0,3,3,4,8,0,0,0,0,0,0,0,0,1,6,6,3,-1,-1,-1,-1,-1,-1,5,E01019456,0,-1
2021010337175,2021,010337175,1,1,9,99,99,9,9,99,99,9,9,99,9,99,9,1,2,2,2,46,8,-1,-1,-1,-1,2,E01004239,0,-1
2021430235475,2021,430235475,2,9,0,18,19,4,8,0,0,0,0,0,0,0,4,1,6,6,2,38,7,-1,-1,-1,-1,6,E01023848,0,-1
2021010324209,2021,010324209,2,9,0,8,8,7,2,0,0,3,0,0,0,0,1,1,6,6,3,-1,-1,-1,-1,-1,-1,-1,-1,0,-1
2021061132359,2021,061132359,3,9,0,18,19,2,6,0,0,0,0,0,0,0,4,1,6,6,3,30,6,-1,-1,-1,-1,-1,-1,0,-1
2021451057003,2021,451057003,2,9,0,15,15,4,8,0,0,0,0,0,0,0,0,1,6,6,3,50,8,-1,-1,-1,-1,-1,-1,0,-1
2021991023738,2021,991023738,2,1,0,18,19,1,6,0,0,0,0,0,0,0,4,1,6,6,1,46,8,-1,-1,-1,-1,1,-1,0,-1
2021052101864,2021,052101864,1,90,0,7,7,7,1,0,0,8,0,0,0,0,3,1,6,6,1,22,5,-1,-1,-1,-1,1,E01006483,0,-1
2021501030061,2021,501030061,2,9,0,2,2,1,5,0,0,0,0,0,0,0,0,1,5,6,2,-1,-1,-1,-1,-1,-1,2,E01018836,0,-1
2021101061711,2021,101061711,1,1,0,18,19,3,7,0,0,1,5,0,0,0,1,1,6,6,1,-1,-1,-1,-1,-1,-1,-1,-1,0,-1
2021010343598,2021,010343598,2,19,9,99,99,9,9,99,99,9,9,99,9,99,9,9,6,6,3,-1,-1,-1,-1,-1,-1,-1,-1,0,-1
2021461071841,2021,461071841,2,1,0,18,19,5,1,0,0,1,0,0,0,0,4,1,6,6,1,54,8,-1,-1,-1,-1,7,E01024844,0,-1
2021122101389,2021,122101389,4,8,0,4,4,3,7,0,0,0,0,0,0,0,2,1,1,1,1,67,10,-1,-1,-1,-1,8,E01013338,0,-1
2021991112921,2021,991112921,2,9,0,18,19,8,4,0,0,4,0,0,0,0,4,1,6,6,1,41,7,-1,-1,-1,-1,2,-1,0,-1
2021522102892,2021,522102892,2,9,0,18,19,5,1,0,0,0,0,0,0,0,1,1,6,6,3,-1,-1,-1,-1,-1,-1,-1,-1,0,-1
2021411025563,2021,411025563,1,1,0,4,4,6,2,0,0,2,0,0,0,0,1,1,6,6,1,-1,-1,-1,-1,-1,-1,9,E01023619,0,-1
2021010324983,2021,010324983,2,1,0,5,5,7,3,0,0,8,0,0,0,0,3,1,6,6,1,38,7,-1,-1,-1,-1,3,E01001884,0,-1
2021010310536,2021,010310536,1,9,0,9,9,4,2,0,0,6,0,0,0,0,1,1,6,6,3,41,7,-1,-1,-1,-1,-1,-1,0,-1
2021440476531,2021,440476531,1,8,0,7,7,2,4,0,0,8,0,0,0,0,3,1,1,1,3,-1,-1,-1,-1,-1,-1,-1,-1,0,-1
2021471096502,2021,471096502,1,9,0,18,19,3,7,0,0,2,-1,-1,-1,0,4,1,6,6,3,-1,-1,-1,-1,-1,-1,-1,-1,0,-1
2021052102080,2021,052102080,1,1,0,18,19,6,2,0,0,1,0,0,0,0,1,1,6,6,1,32,6,-1,-1,-1,-1,2,E01006545,0,-1
2021501113568,2021,501113568,1,19,0,5,5,5,7,0,0,4,0,0,0,0,4,1,2,2,2,38,7,-1,-1,-1,-1,6,E01015254,0,-1
202160Z104762,2021,60Z104762,1,3,0,18,19,6,2,0,0,1,0,0,0,0,1,1,6,6,1,21,5,-1,-1,-1,-1,-1,-1,0,-1
2021031042265,2021,031042265,1,9,0,18,19,5,1,0,0,0,0,0,0,0,3,1,6,6,3,-1,-1,-1,-1,-1,-1,-1,-1,0,-1
2021061092723,2021,061092723,2,1,0,18,19,2,2,0,0,1,0,0,0,0,3,1,2,2,1,37,7,-1,-1,-1,-1,1,E01005108,0,-1
2021061099594,2021,061099594,2,1,0,18,19,5,1,0,0,8,0,0,0,0,-1,1,5,6,2,39,7,-1,-1,-1,-1,1,E01005243,0,-1
2021430517822,2021,430517822,1,9,0,5,5,6,2,0,0,0,0,0,0,0,1,1,3,7,1,51,8,-1,-1,-1,-1,10,E01016666,0,-1
2021302100172,2021,302100172,2,1,0,18,19,1,4,0,0,1,0,0,0,0,1,1,6,6,1,69,10,-1,-1,-1,-1,8,E01019426,0,-1
2021061081807,2021,061081807,2,1,0,18,19,5,1,0,0,8,0,0,0,0,1,1,5,6,1,44,7,-1,-1,-1,-1,5,E01005402,0,-1
2021010287155,2021,010287155,1,9,0,18,19,1,5,0,0,1,0,0,0,0,1,1,6,6,3,-1,-1,-1,-1,-1,-1,-1,-1,0,-1
2021052100590,2021,052100590,2,1,0,18,19,5,1,0,0,1,0,0,0,0,4,1,4,7,1,19,4,-1,-1,-1,-1,1,E01006542,0,-1
2021010299511,2021,010299511,2,1,0,18,19,5,1,0,0,6,0,0,2,10,1,1,6,6,1,36,7,-1,-1,-1,-1,3,E01003035,0,-1
202134WNC2641,2021,34WNC2641,2,9,0,18,19,7,3,0,0,0,1,0,1,9,1,1,6,6,1,56,9,-1,-1,-1,-1,5,E01026981,0,-1
2021471028010,2021,471028010,1,98,0,18,19,3,6,0,0,0,0,0,0,0,1,1,1,1,1,18,4,-1,-1,-1,-1,8,E01016928,0,-1
2021430038648,2021,430038648,2,1,0,18,19,4,8,0,0,1,0,0,0,0,4,1,6,6,1,20,4,-1,-1,-1,-1,-1,-1,0,-1
2021531021756,2021,531021756,1,98,0,18,19,3,8,0,0,0,0,0,0,0,4,1,6,6,3,-1,-1,-1,-1,-1,-1,-1,-1,0,-1
2021411044384,2021,411044384,2,1,0,18,19,6,2,0,0,8,0,0,0,0,2,1,4,7,1,16,4,-1,-1,-1,-1,6,E01023762,0,-1
2021501053287,2021,501053287,2,1,0,18,19,5,7,0,0,1,0,0,0,0,4,1,5,6,1,48,8,-1,-1,-1,-1,6,E01020161,0,-1
2021421024905,2021,421024905,2,9,0,18,19,5,1,0,0,8,0,0,0,0,3,1,1,1,1,61,9,-1,-1,-1,-1,10,E01015830,0,-1
2021430042433,2021,430042433,2,9,0,18,19,3,7,0,0,8,0,0,0,0,4,1,6,6,1,30,6,-1,-1,-1,-1,-1,-1,0,-1
2021031077733,2021,031077733,1,9,0,18,19,3,7,0,0,1,0,0,0,0,1,1,6,6,3,-1,-1,-1,-1,-1,-1,-1,-1,0,-1
2021471095901,2021,471095901,2,1,0,18,19,5,1,9,9,0,5,0,0,0,3,1,2,2,2,39,7,-1,-1,-1,-1,5,E01031470,0,-1
2021221024026,2021,221024026,1,9,0,17,19,2,7,0,0,0,1,0,7,7,1,1,2,2,1,19,4,-1,-1,-1,-1,6,E01014030,0,-1
2021991102318,2021,991102318,2,1,0,18,19,7,4,0,0,3,0,0,0,0,2,1,2,2,1,61,9,-1,-1,-1,-1,8,-1,0,-1
2021010308880,2021,010308880,2,-1,9,99,99,9,9,99,99,9,9,99,9,99,9,9,6,6,1,23,5,-1,-1,-1,-1,3,E01000535,1,-1
2021010337327,2021,010337327,1,5,0,18,19,5,1,2,2,2,0,0,0,0,1,1,1,1,1,49,8,-1,-1,-1,-1,7,E01003199,0,-1
2021111044518,2021,111044518,2,1,0,18,19,5,1,0,0,0,0,0,0,0,2,1,6,6,1,13,3,-1,-1,-1,-1,4,E01020887,0,-1
2021332100587,2021,332100587,3,9,0,18,19,5,1,0,0,1,1,0,0,0,3,1,2,2,2,38,7,-1,-1,-1,-1,4,E01013617,0,-1
2021010322992,2021,010322992,2,-1,0,4,4,5,1,9,9,1,0,0,0,0,3,1,6,6,1,45,7,-1,-1,-1,-1,4,E01001945,1,-1
2021430142735,2021,430142735,2,9,0,4,4,3,7,0,0,8,0,0,0,0,0,1,6,6,3,-1,-1,-1,-1,-1,-1,-1,-1,0,-1
2021610038421,2021,610038421,1,9,0,5,5,7,3,0,0,6,0,0,0,0,1,1,6,6,2,38,7,-1,-1,-1,-1,-1,-1,0,-1
2021332100461,2021,332100461,1,9,0,18,19,7,3,0,0,2,0,0,0,0,1,1,3,7,1,30,6,-1,-1,-1,-1,7,E01025652,0,-1
2021010324347,2021,010324347,2,9,0,5,5,5,1,0,0,1,0,0,0,0,2,1,6,6,3,-1,-1,-1,-1,-1,-1,-1,-1,0,-1
2021201150844,2021,201150844,1,9,0,18,19,-1,-1,0,0,1,0,0,0,0,1,1,6,6,3,-1,-1,-1,-1,-1,-1,-1,-1,0,-1
2021010303905,2021,010303905,2,9,0,11,11,3,7,0,0,8,9,0,0,0,1,9,6,6,3,-1,-1,-1,-1,-1,-1,-1,-1,0,-1
2021052101904,2021,052101904,1,9,0,14,14,1,5,0,0,0,0,0,1,0,0,1,6,6,3,-1,-1,-1,-1,-1,-1,-1,-1,0,-1
2021371033327,2021,371033327,2,1,0,-1,-1,-1,-1,0,0,-1,0,0,0,0,3,1,6,6,1,8,2,-1,-1,-1,-1,-1,-1,0,-1
2021421112187,2021,421112187,7,1,0,18,19,7,3,0,0,0,5,0,0,0,1,1,6,6,2,51,8,-1,-1,-1,-1,8,E01022083,0,-1
2021170H11151,2021,170H11151,1,9,0,9,9,1,7,0,0,8,0,0,0,0,1,1,6,6,1,36,7,-1,-1,-1,-1,4,E01012002,0,-1
202131C120321,2021,31C120321,2,9,0,4,4,4,8,0,0,0,1,0,0,0,2,1,6,6,1,31,6,-1,-1,-1,-1,1,E01026149,0,-1
202131C025321,2021,31C025321,2,19,0,7,7,1,2,0,0,6,0,0,0,0,1,1,6,6,1,-1,-1,-1,-1,-1,-1,-1,-1,0,-1
2021070332754,2021,070332754,2,1,0,17,19,3,7,0,0,8,0,0,0,0,1,1,6,6,1,52,8,-1,-1,-1,-1,9,E01012494,0,-1
2021302102116,2021,302102116,1,9,0,18,19,2,6,0,0,0,0,0,0,0,1,1,6,6,2,42,7,-1,-1,-1,-1,8,E01019410,0,-1
2021991034337,2021,991034337,1,90,0,18,19,1,3,0,0,0,0,0,0,0,1,1,6,6,1,11,3,-1,-1,-1,-1,2,-1,0,-1
2021991054602,2021,991054602,2,9,0,7,7,2,5,0,0,1,0,0,3,0,1,1,6,6,1,40,7,-1,-1,-1,-1,-1,-1,0,-1
2021201071132,2021,201071132,2,1,0,18,19,3,7,0,0,0,0,0,0,0,1,1,6,6,1,26,6,-1,-1,-1,-1,1,E01008887,0,-1
2021430506779,2021,430506779,2,9,0,3,3,2,6,0,0,0,0,0,0,0,2,1,6,6,2,45,7,-1,-1,-1,-1,7,E01017828,0,-1
2021501021777,2021,501021777,2,1,0,18,19,6,2,0,0,0,0,0,0,0,3,1,6,6,1,-1,-1,-1,-1,-1,-1,7,E01015120,0,-1
2021061034899,2021,061034899,1,1,0,18,19,6,2,9,9,0,0,0,0,0,1,1,6,6,1,28,6,-1,-1,-1,-1,-1,-1,0,-1
2021531119092,2021,531119092,2,9,0,18,19,6,2,0,0,0,0,0,0,0,1,1,1,1,1,79,11,-1,-1,-1,-1,4,E01022440,0,-1
2021201134801,2021,201134801,1,9,0,18,19,6,2,0,0,8,0,0,0,0,1,1,6,6,3,-1,-1,-1,-1,-1,-1,-1,-1,0,-1
2021522105246,2021,522105246,1,1,0,18,19,1,5,0,0,1,0,0,0,0,1,1,6,6,1,39,7,-1,-1,-1,-1,7,E01014870,0,-1
2021101091731,2021,101091731,1,9,0,5,5,2,6,0,0,2,0,0,0,0,0,1,6,6,1,40,7,-1,-1,-1,-1,-1,-1,0,-1
2021332100052,2021,332100052,1,9,0,18,19,2,6,0,0,2,0,0,0,0,1,1,6,6,2,47,8,-1,-1,-1,-1,10,E01025968,0,-1
2021541563921,2021,541563921,1,9,0,18,19,8,4,0,0,3,0,0,0,0,0,1,6,6,1,-1,-1,-1,-1,-1,-1,-1,-1,0,-1
2021361113624,2021,361113624,1,19,0,18,19,5,1,0,0,0,0,0,0,0,4,1,6,6,3,-1,-1,-1,-1,-1,-1,-1,-1,0,-1
2021221111933,2021,221111933,2,1,0,17,19,2,7,0,0,0,0,0,0,0,1,1,5,6,1,33,6,-1,-1,-1,-1,8,E01013996,0,-1
2021010351199,2021,010351199,2,9,0,99,99,9,9,99,99,9,9,99,9,99,9,9,6,6,3,-1,-1,-1,-1,-1,-1,-1,-1,0,-1
2021440413191,2021,440413191,1,1,0,18,19,1,5,0,0,0,0,0,0,0,3,1,2,2,1,27,6,-1,-1,-1,-1,4,E01017042,0,-1
2021201141315,2021,201141315,1,9,0,18,19,8,4,0,0,8,0,0,0,0,4,1,6,6,3,-1,-1,-1,-1,-1,-1,-1,-1,0,-1
2021010291889,2021,010291889,2,1,9,99,99,9,9,99,99,0,9,99,9,99,9,1,6,6,1,13,3,-1,-1,-1,-1,2,E01002051,0,-1
202160Z087533,2021,60Z087533,2,4,0,18,19,5,1,0,0,0,0,0,0,0,1,1,6,6,1,57,9,-1,-1,-1,-1,-1,-1,0,-1
2021421046686,2021,421046686,1,98,1,18,19,1,5,0,0,3,0,0,0,0,4,1,6,6,3,-1,-1,-1,-1,-1,-1,-1,-1,0,-1
2021552100742,2021,552100742,2,1,0,18,19,4,8,4,4,8,0,0,0,0,1,1,2,2,1,53,8,-1,-1,-1,-1,9,E01020356,0,-1
2021201085147,2021,201085147,2,1,0,9,9,1,5,0,0,6,0,0,0,0,2,1,6,6,1,9,2,-1,-1,-1,-1,1,E01009311,0,-1
2021201066450,2021,201066450,1,1,0,18,19,-1,-1,0,0,0,0,0,0,0,1,1,4,7,1,-1,-1,-1,-1,-1,-1,-1,-1,0,-1
202160Z141625,2021,60Z141625,2,9,0,10,10,6,2,0,0,5,0,0,0,0,2,1,6,6,2,26,6,-1,-1,-1,-1,-1,-1,0,-1
2021461044651,2021,461044651,2,9,0,16,19,1,5,0,0,0,0,0,0,0,1,1,6,6,3,-1,-1,-1,-1,-1,-1,-1,-1,0,-1
2021531047777,2021,531047777,2,1,0,9,9,1,7,0,0,1,0,0,0,0,3,1,5,6,1,82,11,-1,-1,-1,-1,7,E01022287,0,-1
2021440214057,2021,440214057,2,9,0,18,19,1,0,0,0,8,0,0,0,0,1,1,6,6,1,27,6,-1,-1,-1,-1,8,E01032871,0,-1
2021010352158,2021,010352158,2,9,0,18,19,5,1,0,0,1,0,0,0,0,1,1,6,6,3,-1,-1,-1,-1,-1,-1,-1,-1,0,-1
2021138111565,2021,138111565,2,9,0,18,19,1,5,0,0,0,0,0,0,0,0,1,1,1,1,-1,-1,-1,-1,-1,-1,-1,-1,0,-1
2021351118564,2021,351118564,1,9,0,18,19,8,4,0,0,0,0,0,0,0,3,1,6,6,1,32,6,-1,-1,-1,-1,3,E01018073,0,-1
2021332100413,2021,332100413,1,9,0,9,9,5,3,0,0,5,0,0,0,0,1,1,6,6,1,45,7,-1,-1,-1,-1,9,E01025769,0,-1