collision_index,collision_year,collision_ref_no,vehicle_reference,vehicle_type,towing_and_articulation,vehicle_manoeuvre_historic,vehicle_manoeuvre,vehicle_direction_from,vehicle_direction_to,vehicle_location_restricted_lane_historic,vehicle_location_restricted_lane,junction_location,skidding_and_overturning,hit_object_in_carriageway,vehicle_leaving_carriageway,hit_object_off_carriageway,first_point_of_impact,vehicle_left_hand_drive,journey_purpose_of_driver_historic,journey_purpose_of_driver,sex_of_driver,age_of_driver,age_band_of_driver,engine_capacity_cc,propulsion_code,age_of_vehicle,generic_make_model,driver_imd_decile,lsoa_of_driver,escooter_flag,driver_distance_banding
202160Z078630,2021,60Z078630,1,9,0,16,19,6,2,0,0,0,1,0,0,0,1,1,6,6,1,57,9,-1,-1,-1,-1,-1,-1,0,-1
2021302100901,2021,302100901,2,1,0,18,19,6,2,0,0,1,0,0,0,0,1,1,6,6,1,11,3,-1,-1,-1,-1,3,E01019496,0,-1
2021361135636,2021,361135636,2,1,0,18,19,1,7,0,0,8,0,0,0,0,2,1,5,6,2,19,4,-1,-1,-1,-1,5,E01026866,0,-1
2021010316575,2021,010316575,2,9,0,99,99,9,9,99,99,9,9,99,9,99,9,9,6,6,3,-1,-1,-1,-1,-1,-1,-1,-1,0,-1
2021101057507,2021,101057507,1,-1,-1,18,19,6,2,0,0,0,0,0,0,0,3,1,6,6,2,12,3,-1,-1,-1,-1,1,E01008289,1,-1
2021610063121,2021,610063121,2,9,0,18,19,6,2,0,0,0,0,0,0,0,1,1,6,6,2,51,8,-1,-1,-1,-1,-1,-1,0,-1
2021610011021,2021,610011021,3,1,0,18,19,7,3,0,0,3,0,0,0,0,4,1,6,6,2,28,6,-1,-1,-1,-1,-1,-1,0,-1
2021221028824,2021,221028824,1,9,0,14,14,3,7,0,0,2,0,0,0,0,4,1,6,6,2,30,6,-1,-1,-1,-1,-1,-1,0,-1
2021401052263,2021,401052263,1,9,-1,-1,-1,-1,-1,0,0,-1,-1,-1,-1,0,-1,1,6,6,3,-1,-1,-1,-1,-1,-1,-1,-1,0,-1
2021111096853,2021,111096853,1,90,0,18,19,5,1,0,0,1,0,0,0,0,1,1,5,6,2,13,3,-1,-1,-1,-1,1,E01020909,0,-1
2021612100320,2021,612100320,1,9,0,17,19,8,4,0,0,0,0,0,1,10,1,1,6,6,1,22,5,-1,-1,-1,-1,-1,-1,0,-1
2021430473104,2021,430473104,1,5,0,18,19,3,7,0,0,0,0,0,0,0,0,1,6,6,1,45,7,-1,-1,-1,-1,6,E01031211,0,-1
2021332100710,2021,332100710,2,9,0,18,19,7,3,0,0,6,0,0,7,9,4,1,2,2,2,40,7,-1,-1,-1,-1,6,E01013801,0,-1
2021010339822,2021,010339822,1,9,9,99,99,9,9,99,99,9,9,99,9,99,9,9,6,6,3,-1,-1,-1,-1,-1,-1,-1,-1,0,-1
2021010327369,2021,010327369,2,1,0,18,19,5,1,0,0,1,0,0,0,0,2,1,2,2,2,33,6,-1,-1,-1,-1,2,E01003499,0,-1
2021552100949,2021,552100949,2,3,0,18,19,2,6,0,0,8,0,0,0,0,4,1,6,6,1,22,5,-1,-1,-1,-1,5,E01020518,0,-1
2021052102320,2021,052102320,2,1,0,18,19,3,7,0,0,8,0,0,0,0,1,1,6,6,1,25,5,-1,-1,-1,-1,6,E01007064,0,-1
2021010333946,2021,010333946,1,9,0,99,99,9,9,0,0,1,0,0,0,0,9,1,6,6,3,-1,-1,-1,-1,-1,-1,-1,-1,0,-1
2021522105796,2021,522105796,2,9,0,4,4,5,1,0,0,0,0,0,0,0,2,1,6,6,3,30,6,-1,-1,-1,-1,-1,-1,0,-1
2021471083374,2021,471083374,1,9,0,7,7,7,1,0,0,1,0,0,0,0,2,1,2,2,1,51,8,-1,-1,-1,-1,5,E01031818,0,-1
2021131090267,2021,131090267,1,9,0,9,9,8,6,0,0,0,0,0,0,0,-1,1,6,6,3,-1,-1,-1,-1,-1,-1,-1,-1,0,-1
2021052100499,2021,052100499,2,1,0,18,19,7,3,0,0,2,0,0,0,0,3,1,6,6,1,27,6,-1,-1,-1,-1,4,E01033762,0,-1
2021522200697,2021,522200697,1,9,0,5,5,8,4,0,0,1,0,0,0,0,1,1,6,6,1,55,8,-1,-1,-1,-1,1,E01014582,0,-1
2021531046370,2021,531046370,2,1,0,18,19,5,1,0,0,8,5,0,0,0,3,1,6,6,1,17,4,-1,-1,-1,-1,8,E01022384,0,-1
2021041126961,2021,041126961,2,9,0,18,19,7,3,0,0,1,0,0,0,0,2,1,5,6,1,36,7,-1,-1,-1,-1,-1,-1,0,-1
2021332100308,2021,332100308,1,9,0,18,19,4,8,0,0,8,0,0,0,0,1,1,2,2,2,39,7,-1,-1,-1,-1,8,E01031103,0,-1
2021201067435,2021,201067435,1,9,0,18,19,8,4,0,0,1,0,0,0,0,1,1,6,6,3,-1,-1,-1,-1,-1,-1,-1,-1,0,-1
2021061109442,2021,061109442,2,1,0,18,19,5,1,0,0,8,5,0,0,0,3,1,5,6,1,41,7,-1,-1,-1,-1,6,E01005711,0,-1
2021440238970,2021,440238970,1,9,0,17,19,4,1,0,0,0,2,0,7,9,1,1,2,2,1,34,6,-1,-1,-1,-1,10,E01022546,0,-1
2021141100104,2021,141100104,2,9,0,16,19,7,1,0,0,1,0,0,0,0,0,1,6,6,3,-1,-1,-1,-1,-1,-1,-1,-1,0,-1
2021141013219,2021,141013219,2,98,0,2,2,0,0,9,9,0,0,0,0,0,2,1,6,6,3,-1,-1,-1,-1,-1,-1,-1,-1,0,-1
202160Z183602,2021,60Z183602,2,1,0,18,19,2,3,0,0,0,0,0,0,0,1,1,6,6,1,44,7,-1,-1,-1,-1,-1,-1,0,-1
2021010308260,2021,010308260,2,9,0,99,99,9,9,99,99,9,9,99,9,99,1,9,6,6,3,-1,-1,-1,-1,-1,-1,-1,-1,0,-1
2021010331873,2021,010331873,3,9,0,18,19,7,3,0,0,1,0,0,0,0,1,1,6,6,1,-1,-1,-1,-1,-1,-1,-1,-1,0,-1
2021010320321,2021,010320321,1,9,0,7,7,6,1,0,0,1,0,0,0,0,2,1,6,6,1,54,8,-1,-1,-1,-1,5,E01002426,0,-1
2021131054523,2021,131054523,1,8,0,9,9,1,7,0,0,8,0,0,0,0,-1,1,6,6,3,-1,-1,-1,-1,-1,-1,-1,-1,0,-1
2021141127652,2021,141127652,1,90,0,7,7,1,3,0,0,2,0,0,0,0,1,1,6,6,1,38,7,-1,-1,-1,-1,1,E01007372,0,-1
202131C102821,2021,31C102821,2,-1,0,18,19,5,1,0,0,1,0,0,0,0,3,1,2,2,1,18,4,-1,-1,-1,-1,6,E01013978,1,-1
2021351081237,2021,351081237,3,9,0,3,3,3,3,0,0,0,0,0,0,0,2,1,5,6,1,53,8,-1,-1,-1,-1,4,E01018077,0,-1
2021201113283,2021,201113283,2,9,0,5,5,4,8,0,0,0,0,0,0,0,0,1,6,6,3,-1,-1,-1,-1,-1,-1,-1,-1,0,-1
2021522200883,2021,522200883,2,1,0,18,19,6,2,5,5,0,0,0,0,0,2,1,6,6,1,58,9,-1,-1,-1,-1,8,E01014709,0,-1
2021332101586,2021,332101586,2,-1,0,18,19,1,5,0,0,0,0,0,0,0,0,1,6,6,1,19,4,-1,-1,-1,-1,-1,-1,1,-1
2021351056850,2021,351056850,1,9,0,18,19,7,3,0,0,1,0,0,0,0,4,1,6,6,1,65,9,-1,-1,-1,-1,-1,-1,0,-1
2021501095320,2021,501095320,1,9,0,13,13,1,5,0,0,1,0,0,0,0,1,1,6,6,2,-1,-1,-1,-1,-1,-1,-1,-1,0,-1
2021440062722,2021,440062722,3,9,0,14,14,7,3,0,0,0,0,0,0,0,1,1,6,6,3,-1,-1,-1,-1,-1,-1,-1,-1,0,-1
2021531094759,2021,531094759,1,98,0,18,19,1,1,0,0,0,1,0,1,0,1,1,1,1,1,38,7,-1,-1,-1,-1,4,E01009625,0,-1
2021481153891,2021,481153891,1,1,0,18,19,5,1,0,0,8,0,0,0,0,1,1,2,2,1,34,6,-1,-1,-1,-1,-1,-1,0,-1
2021332101019,2021,332101019,1,9,0,5,5,3,7,0,0,4,0,0,0,0,1,1,6,6,1,80,11,-1,-1,-1,-1,9,E01025961,0,-1
2021320661903,2021,320661903,1,19,0,1,1,5,1,0,0,8,0,0,0,0,2,1,6,6,3,-1,-1,-1,-1,-1,-1,-1,-1,0,-1
2021201084214,2021,201084214,1,-1,0,18,19,7,3,0,0,0,0,0,0,0,1,1,6,6,1,16,4,-1,-1,-1,-1,1,E01009323,1,-1
2021010341883,2021,010341883,1,-1,0,4,4,3,7,9,9,1,0,0,0,0,1,1,6,6,1,31,6,-1,-1,-1,-1,2,E01004008,1,-1
2021010343181,2021,010343181,1,9,0,18,19,7,3,0,0,9,0,0,0,0,9,9,6,6,3,-1,-1,-1,-1,-1,-1,-1,-1,0,-1
2021010325738,2021,010325738,1,8,0,18,19,3,7,0,0,0,0,0,1,1,4,1,1,1,1,52,8,-1,-1,-1,-1,4,E01015750,0,-1
2021451080834,2021,451080834,2,1,0,5,5,1,5,0,0,6,0,0,0,0,2,1,6,6,2,73,10,-1,-1,-1,-1,10,E01030807,0,-1
202160Z125555,2021,60Z125555,3,9,0,2,2,0,0,0,0,1,0,0,0,0,3,1,6,6,1,-1,-1,-1,-1,-1,-1,-1,-1,0,-1
2021122101449,2021,122101449,2,1,0,18,19,3,7,0,0,3,0,0,0,0,1,1,2,2,1,34,6,-1,-1,-1,-1,5,E01013446,0,-1
2021161036117,2021,161036117,1,9,0,18,19,1,5,0,0,1,0,0,0,0,4,1,6,6,1,-1,-1,-1,-1,-1,-1,-1,-1,0,-1
2021010312962,2021,010312962,2,1,0,18,19,1,5,0,0,1,0,0,0,0,1,1,6,6,1,41,7,-1,-1,-1,-1,2,E01004470,0,-1
2021522101825,2021,522101825,1,9,0,-1,-1,-1,-1,0,0,0,0,0,0,0,3,1,6,6,1,46,8,-1,-1,-1,-1,8,E01014444,0,-1
2021520105548,2021,520105548,2,-1,0,18,19,8,4,0,0,0,0,0,0,0,2,1,6,6,1,21,5,-1,-1,-1,-1,5,E01029253,1,-1
2021010348123,2021,010348123,2,1,0,18,19,3,7,0,0,1,0,0,0,0,2,1,6,6,1,60,9,-1,-1,-1,-1,3,E01001003,0,-1
2021061112319,2021,061112319,2,9,0,18,19,5,1,0,0,1,0,0,0,0,1,1,5,6,1,27,6,-1,-1,-1,-1,1,E01004957,0,-1
2021061059230,2021,061059230,2,9,0,17,19,6,2,0,0,1,0,0,0,0,1,1,6,6,1,31,6,-1,-1,-1,-1,1,E01004957,0,-1
2021010331535,2021,010331535,1,9,0,7,7,2,4,0,0,8,0,0,0,0,1,1,6,6,3,-1,-1,-1,-1,-1,-1,-1,-1,0,-1
2021010317743,2021,010317743,2,1,0,7,7,7,2,0,0,3,0,0,0,0,3,1,6,6,1,42,7,-1,-1,-1,-1,2,E01003126,0,-1
2021052101521,2021,052101521,1,9,0,18,19,4,8,0,0,1,0,0,0,0,1,1,6,6,1,-1,-1,-1,-1,-1,-1,-1,-1,0,-1
2021371015611,2021,371015611,1,9,0,18,19,5,1,0,0,0,1,0,1,0,3,1,1,1,1,24,5,-1,-1,-1,-1,3,E01030262,0,-1
2021101020662,2021,101020662,1,1,0,18,19,7,3,2,2,1,0,0,0,0,1,1,1,1,1,30,6,-1,-1,-1,-1,4,E01008255,0,-1
2021302101026,2021,302101026,1,19,0,14,14,2,6,0,0,0,0,0,0,0,1,1,1,1,1,51,8,-1,-1,-1,-1,7,E01019422,0,-1
2021991030515,2021,991030515,1,9,0,13,13,8,4,0,0,1,0,0,1,0,1,1,6,6,1,54,8,-1,-1,-1,-1,5,-1,0,-1
2021440402686,2021,440402686,1,1,0,18,19,5,1,0,0,4,0,0,0,0,1,1,6,6,2,25,5,-1,-1,-1,-1,4,E01017058,0,-1
2021991034310,2021,991034310,2,1,0,18,19,6,8,0,0,1,0,0,0,0,4,1,5,6,1,51,8,-1,-1,-1,-1,10,-1,0,-1
2021610013221,2021,610013221,1,9,0,9,9,7,6,0,0,1,0,0,0,0,1,1,2,2,2,26,6,-1,-1,-1,-1,-1,-1,0,-1
2021201087505,2021,201087505,2,9,0,18,19,6,2,0,0,1,0,0,0,0,3,1,6,6,3,-1,-1,-1,-1,-1,-1,-1,-1,0,-1
2021201064034,2021,201064034,2,1,0,18,19,1,5,0,0,0,0,0,0,0,1,1,4,7,1,13,3,-1,-1,-1,-1,1,E01010415,0,-1
2021351076655,2021,351076655,2,1,0,5,5,7,3,0,0,2,0,0,0,0,1,1,2,2,1,35,6,-1,-1,-1,-1,5,E01018079,0,-1
2021010324148,2021,010324148,1,1,9,99,99,9,9,99,99,9,9,99,9,99,9,1,6,6,1,28,6,-1,-1,-1,-1,3,E01002027,0,-1
2021010336608,2021,010336608,1,8,0,99,99,9,9,99,99,0,9,99,9,99,1,9,1,1,1,31,6,-1,-1,-1,-1,3,E01033150,0,-1
2021461016582,2021,461016582,1,9,0,18,19,3,7,0,0,1,0,0,0,0,1,1,5,6,3,-1,-1,-1,-1,-1,-1,-1,-1,0,-1
2021010348912,2021,010348912,2,3,0,18,19,7,3,0,0,0,0,0,0,0,1,1,1,1,1,24,5,-1,-1,-1,-1,2,E01001748,0,-1
2021061040359,2021,061040359,1,1,0,18,19,3,7,4,4,8,0,0,0,0,2,1,6,6,1,26,6,-1,-1,-1,-1,10,E01006101,0,-1
2021201111949,2021,201111949,2,1,-1,-1,-1,-1,-1,-1,-1,0,-1,-1,-1,0,-1,1,3,7,2,13,3,-1,-1,-1,-1,4,E01010323,0,-1
2021440148302,2021,440148302,1,1,0,18,19,3,7,0,0,8,0,0,0,0,3,1,6,6,2,8,2,-1,-1,-1,-1,-1,-1,0,-1
2021440414041,2021,440414041,1,8,0,18,19,1,5,0,0,0,0,0,0,0,1,1,6,6,1,-1,-1,-1,-1,-1,-1,-1,-1,0,-1
2021201116909,2021,201116909,1,-1,0,5,5,-1,-1,0,0,0,0,0,0,0,1,1,6,6,1,-1,-1,-1,-1,-1,-1,-1,-1,1,-1
2021052102173,2021,052102173,2,1,0,18,19,7,3,0,0,8,0,0,0,0,4,1,6,6,2,52,8,-1,-1,-1,-1,6,E01006226,0,-1
2021332100314,2021,332100314,1,9,0,18,19,5,1,9,9,0,0,0,0,0,3,1,6,6,1,22,5,-1,-1,-1,-1,4,E01019851,0,-1
2021421037858,2021,421037858,2,1,0,18,19,5,1,0,0,8,0,0,0,0,3,1,5,6,1,39,7,-1,-1,-1,-1,1,E01015897,0,-1
2021622100231,2021,622100231,2,1,0,18,19,4,8,0,0,8,0,0,0,0,1,1,6,6,1,62,9,-1,-1,-1,-1,2,W01000752,0,-1
2021401120623,2021,401120623,1,9,0,18,19,1,5,0,0,0,0,0,0,0,1,1,6,6,1,31,6,-1,-1,-1,-1,-1,-1,0,-1
2021010332729,2021,010332729,2,1,0,18,19,3,7,0,0,1,0,0,0,0,1,1,6,6,1,33,6,-1,-1,-1,-1,2,E01000033,0,-1
2021302100097,2021,302100097,1,19,0,1,1,0,0,0,0,0,0,0,0,0,4,1,1,1,3,-1,-1,-1,-1,-1,-1,5,E01019456,0,-1
2021041107201,2021,041107201,2,1,0,18,19,7,3,0,0,0,0,0,0,0,1,1,6,6,1,54,8,-1,-1,-1,-1,2,E01012576,0,-1
2021010304102,2021,010304102,1,19,0,9,9,7,4,4,4,1,0,0,0,0,1,1,1,1,1,35,6,-1,-1,-1,-1,5,E01001935,0,-1
2021471072436,2021,471072436,3,9,0,3,3,1,5,0,0,1,0,0,0,0,1,1,6,6,3,-1,-1,-1,-1,-1,-1,-1,-1,0,-1
2021421095054,2021,421095054,2,9,0,16,19,3,7,0,0,0,0,0,1,9,1,1,5,6,1,36,7,-1,-1,-1,-1,10,E01021614,0,-1
2021991082195,2021,991082195,2,9,0,9,9,3,8,0,0,1,0,0,0,0,0,1,6,6,3,18,4,-1,-1,-1,-1,-1,-1,0,-1
2021522200213,2021,522200213,1,9,0,2,2,0,0,0,0,2,0,0,0,0,3,1,6,6,1,48,8,-1,-1,-1,-1,4,E01014485,0,-1
2021101028334,2021,101028334,1,1,0,18,19,3,7,0,0,8,0,0,0,0,1,1,5,6,1,34,6,-1,-1,-1,-1,1,E01008302,0,-1
2021501083239,2021,501083239,2,9,0,16,19,3,7,0,0,8,0,0,0,0,1,1,2,2,1,81,11,-1,-1,-1,-1,7,E01020044,0,-1
2021522102561,2021,522102561,1,9,0,18,19,1,5,0,0,8,0,0,0,0,1,1,6,6,2,30,6,-1,-1,-1,-1,-1,-1,0,-1
202160Z124348,2021,60Z124348,1,9,0,5,5,6,2,0,0,8,0,0,0,0,3,1,6,6,1,28,6,-1,-1,-1,-1,-1,-1,0,-1
2021231116442,2021,231116442,1,9,0,18,19,6,2,0,0,0,0,0,0,0,2,1,5,6,2,40,7,-1,-1,-1,-1,-1,-1,0,-1
2021010316912,2021,010316912,3,8,0,18,19,5,1,0,0,0,0,0,0,0,2,1,6,6,1,63,9,-1,-1,-1,-1,6,E01004618,0,-1
2021471072008,2021,471072008,1,9,0,1,1,3,1,0,0,8,0,0,0,0,2,1,6,6,3,-1,-1,-1,-1,-1,-1,-1,-1,0,-1
2021010295070,2021,010295070,1,1,9,99,99,9,9,99,99,0,9,99,9,99,9,1,2,2,2,34,6,-1,-1,-1,-1,8,E01001133,0,-1
2021332100430,2021,332100430,1,9,0,17,19,4,1,0,0,0,1,0,0,0,1,1,6,6,2,33,6,-1,-1,-1,-1,2,E01013768,0,-1
2021501045876,2021,501045876,1,19,0,18,19,4,8,0,0,0,0,0,0,0,1,1,2,2,2,61,9,-1,-1,-1,-1,5,E01020099,0,-1
2021430428381,2021,430428381,1,1,0,18,19,3,7,0,0,1,0,0,0,0,1,1,1,1,1,17,4,-1,-1,-1,-1,-1,-1,0,-1
2021010344777,2021,010344777,1,-1,0,18,19,4,8,0,0,2,0,0,0,0,1,1,2,2,2,46,8,-1,-1,-1,-1,3,E01002605,1,-1
2021122100924,2021,122100924,2,1,0,18,19,5,1,0,0,0,0,0,1,0,2,1,6,6,1,60,9,-1,-1,-1,-1,5,E01025193,0,-1
2021332101069,2021,332101069,2,1,0,18,19,1,5,0,0,8,0,0,0,0,3,1,2,2,1,53,8,-1,-1,-1,-1,3,E01013744,0,-1
2021430194052,2021,430194052,2,9,0,2,2,0,0,0,0,0,0,0,0,0,2,1,6,6,3,-1,-1,-1,-1,-1,-1,-1,-1,0,-1
2021201070405,2021,201070405,1,9,0,6,6,8,8,0,0,1,0,0,0,0,1,1,6,6,3,-1,-1,-1,-1,-1,-1,-1,-1,0,-1
2021052101876,2021,052101876,2,1,0,18,19,5,1,0,0,1,0,0,0,0,1,1,1,1,1,35,6,-1,-1,-1,-1,1,E01006455,0,-1
2021010319501,2021,010319501,4,1,0,18,19,5,1,0,0,1,0,0,0,0,2,1,6,6,1,23,5,-1,-1,-1,-1,2,E01004729,0,-1
2021131113440,2021,131113440,1,9,0,-1,-1,-1,-1,-1,-1,0,-1,-1,-1,-1,-1,1,6,6,3,-1,-1,-1,-1,-1,-1,-1,-1,0,-1
2021522106211,2021,522106211,1,1,0,4,4,2,6,0,0,1,0,0,0,0,1,1,6,6,1,23,5,-1,-1,-1,-1,4,E01014570,0,-1
2021991066857,2021,991066857,1,21,1,9,9,6,5,0,0,8,0,0,0,0,3,1,1,1,1,46,8,-1,-1,-1,-1,-1,-1,0,-1
2021351121828,2021,351121828,2,9,0,18,19,4,7,0,0,0,0,0,0,0,1,1,6,6,3,-1,-1,-1,-1,-1,-1,-1,-1,0,-1
2021991100938,2021,991100938,2,9,0,18,19,7,4,0,0,4,5,0,0,0,4,1,6,6,1,52,8,-1,-1,-1,-1,8,-1,0,-1
202154A092721,2021,54A092721,1,9,0,18,19,5,1,0,0,0,0,0,0,0,3,1,6,6,3,-1,-1,-1,-1,-1,-1,-1,-1,0,-1
2021010315579,2021,010315579,2,9,0,18,19,5,1,0,0,1,0,0,0,0,1,1,6,6,3,-1,-1,-1,-1,-1,-1,-1,-1,0,-1
2021010290482,2021,010290482,1,9,0,99,99,9,9,99,99,9,9,99,9,99,1,9,6,6,3,-1,-1,-1,-1,-1,-1,-1,-1,0,-1
2021010301107,2021,010301107,1,1,9,18,19,1,5,99,99,0,9,99,9,99,1,1,6,6,1,30,6,-1,-1,-1,-1,3,E01003563,0,-1
2021161097296,2021,161097296,1,9,0,18,19,1,5,0,0,0,0,0,0,0,1,1,2,2,1,30,6,-1,-1,-1,-1,10,E01013044,0,-1
2021010321061,2021,010321061,1,1,9,99,99,9,9,99,99,0,9,99,9,99,1,1,6,6,3,-1,-1,-1,-1,-1,-1,-1,-1,0,-1
2021010288119,2021,010288119,1,1,9,99,99,9,9,99,99,9,9,99,9,99,9,1,6,6,3,26,6,-1,-1,-1,-1,4,E01003231,0,-1
2021010333174,2021,010333174,1,1,9,99,99,9,9,99,99,9,9,99,9,99,9,1,6,6,1,24,5,-1,-1,-1,-1,3,E01003916,0,-1
2021991028663,2021,991028663,3,1,0,12,12,1,5,0,0,1,0,0,0,0,1,1,5,6,2,25,5,-1,-1,-1,-1,5,-1,0,-1
2021010329915,2021,010329915,1,97,0,99,99,9,9,99,99,0,9,99,9,99,9,1,6,6,3,-1,-1,-1,-1,-1,-1,-1,-1,0,-1
2021552100509,2021,552100509,1,9,0,5,5,5,1,0,0,4,0,0,0,0,1,1,6,6,1,44,7,-1,-1,-1,-1,7,E01020539,0,-1
2021041196274,2021,041196274,2,1,0,18,19,1,5,9,9,0,0,0,0,0,1,1,6,6,1,14,3,-1,-1,-1,-1,1,E01025181,0,-1
202160Z115686,2021,60Z115686,1,9,0,13,13,2,6,0,0,0,0,0,0,0,1,1,6,6,1,33,6,-1,-1,-1,-1,-1,-1,0,-1
2021411092614,2021,411092614,2,-1,0,18,19,2,6,0,0,8,0,0,0,0,1,1,6,6,1,19,4,-1,-1,-1,-1,6,E01023314,1,-1
2021201073470,2021,201073470,1,9,0,18,19,-1,-1,0,0,0,0,0,0,0,3,1,6,6,3,-1,-1,-1,-1,-1,-1,-1,-1,0,-1
2021010299260,2021,010299260,2,9,0,15,15,7,3,0,0,1,0,0,0,0,1,1,6,6,3,-1,-1,-1,-1,-1,-1,-1,-1,0,-1
202163A102321,2021,63A102321,1,9,0,4,4,6,2,0,0,0,0,0,0,0,2,1,1,1,2,57,9,-1,-1,-1,-1,6,W01000630,0,-1
2021070495126,2021,070495126,2,1,0,18,19,1,5,0,0,0,0,0,0,0,3,1,6,6,1,45,7,-1,-1,-1,-1,2,E01018467,0,-1
2021610010921,2021,610010921,2,1,0,18,19,3,7,0,0,1,0,0,0,0,1,1,6,6,1,37,7,-1,-1,-1,-1,-1,-1,0,-1
2021010308128,2021,010308128,2,9,0,99,99,9,9,99,99,9,9,99,9,99,0,9,6,6,3,-1,-1,-1,-1,-1,-1,-1,-1,0,-1
2021351154248,2021,351154248,1,-1,0,18,19,8,4,0,0,8,0,0,0,0,1,1,6,6,1,50,8,-1,-1,-1,-1,4,E01015614,1,-1
2021991013091,2021,991013091,1,9,0,18,19,8,4,0,0,2,1,0,3,0,1,1,1,1,1,42,7,-1,-1,-1,-1,5,-1,0,-1
2021010318090,2021,010318090,1,3,0,7,7,5,7,0,0,5,0,0,0,0,1,1,2,2,1,42,7,-1,-1,-1,-1,3,E01002044,0,-1
2021010329177,2021,010329177,1,2,0,18,19,7,3,0,0,0,2,0,0,0,0,1,2,2,1,21,5,-1,-1,-1,-1,3,E01000522,0,-1
2021231035865,2021,231035865,1,21,1,12,12,7,3,0,0,0,0,0,0,0,3,1,1,1,1,40,7,-1,-1,-1,-1,-1,-1,0,-1
2021010310903,2021,010310903,2,1,0,18,19,7,3,0,0,2,0,0,0,0,1,1,6,6,2,27,6,-1,-1,-1,-1,2,E01002087,0,-1
2021010347505,2021,010347505,1,98,0,99,99,9,9,99,99,9,9,99,9,99,1,9,6,6,1,59,9,-1,-1,-1,-1,5,E01002394,0,-1
2021320437622,2021,320437622,2,9,0,18,19,4,6,0,0,1,0,0,0,0,1,1,6,6,1,31,6,-1,-1,-1,-1,6,E01026398,0,-1
2021302100956,2021,302100956,2,1,0,18,19,2,6,9,9,2,0,0,0,0,1,1,6,6,1,17,4,-1,-1,-1,-1,1,E01013484,0,-1
2021031112560,2021,031112560,1,9,0,9,9,6,8,0,0,1,0,0,0,0,1,1,6,6,1,25,5,-1,-1,-1,-1,8,E01019345,0,-1
2021010347646,2021,010347646,2,1,0,18,19,3,7,0,0,8,0,0,0,0,4,1,6,6,1,32,6,-1,-1,-1,-1,3,E01003293,0,-1
2021010302969,2021,010302969,1,1,9,99,99,9,9,99,99,9,9,99,9,99,9,1,6,6,1,-1,-1,-1,-1,-1,-1,4,E01003482,0,-1
2021201098050,2021,201098050,1,-1,0,9,9,7,5,0,0,6,0,0,0,0,1,1,6,6,1,-1,-1,-1,-1,-1,-1,-1,-1,1,-1
2021141116269,2021,141116269,1,1,0,12,12,2,7,0,0,0,5,0,1,7,3,1,5,6,1,15,3,-1,-1,-1,-1,3,E01007345,0,-1
2021552100477,2021,552100477,2,1,0,16,19,6,2,0,0,0,0,0,0,0,2,1,2,2,1,21,5,-1,-1,-1,-1,4,E01015443,0,-1
2021221023699,2021,221023699,5,9,0,18,19,5,1,0,0,1,1,0,0,0,1,1,1,1,1,38,7,-1,-1,-1,-1,1,E01008932,0,-1
2021010309641,2021,010309641,2,1,0,18,19,3,7,0,0,5,0,0,0,0,4,1,6,6,1,36,7,-1,-1,-1,-1,3,E01003917,0,-1
202160Z028252,2021,60Z028252,1,9,0,16,19,3,7,0,0,8,1,0,0,0,1,1,6,6,2,50,8,-1,-1,-1,-1,-1,-1,0,-1
202160Z164863,2021,60Z164863,1,19,0,18,19,8,4,0,0,6,0,0,1,1,4,1,2,2,1,34,6,-1,-1,-1,-1,-1,-1,0,-1
2021522103489,2021,522103489,1,9,0,18,19,7,3,0,0,0,0,0,0,0,1,1,6,6,1,28,6,-1,-1,-1,-1,1,E01014800,0,-1
2021010313342,2021,010313342,2,9,0,99,99,9,9,99,99,9,9,99,9,99,1,9,6,6,3,-1,-1,-1,-1,-1,-1,-1,-1,0,-1
2021010288892,2021,010288892,2,1,0,18,19,3,7,5,5,2,0,0,0,0,1,1,6,6,2,27,6,-1,-1,-1,-1,2,E01004424,0,-1
2021501064697,2021,501064697,1,9,0,18,19,7,3,0,0,0,0,0,0,0,1,1,1,1,1,52,8,-1,-1,-1,-1,4,E01018759,0,-1
2021361020332,2021,361020332,1,9,0,18,19,6,1,0,0,0,0,0,0,0,0,1,6,6,3,-1,-1,-1,-1,-1,-1,-1,-1,0,-1
202160Z070126,2021,60Z070126,1,9,0,18,19,3,7,0,0,1,0,0,2,11,1,1,6,6,1,26,6,-1,-1,-1,-1,-1,-1,0,-1
2021522105638,2021,522105638,2,9,0,18,19,5,2,0,0,6,0,0,0,0,1,1,6,6,3,30,6,-1,-1,-1,-1,-1,-1,0,-1
2021610001221,2021,610001221,1,9,0,16,19,2,4,0,0,0,1,0,0,0,1,1,2,2,1,22,5,-1,-1,-1,-1,-1,-1,0,-1
2021010300543,2021,010300543,2,9,0,11,11,5,1,0,0,1,9,99,0,0,4,9,6,6,3,-1,-1,-1,-1,-1,-1,-1,-1,0,-1
202163B023521,2021,63B023521,1,5,0,18,19,6,2,0,0,0,0,0,0,0,3,1,6,6,1,73,10,-1,-1,-1,-1,5,W01000685,0,-1
2021440073113,2021,440073113,2,1,0,3,3,5,1,0,0,1,0,0,0,0,2,1,6,6,1,38,7,-1,-1,-1,-1,10,E01022772,0,-1
2021010339934,2021,010339934,1,9,0,12,12,7,3,0,0,5,0,0,0,0,1,2,6,6,2,34,6,-1,-1,-1,-1,2,E01016718,0,-1
2021332100136,2021,332100136,1,9,0,18,19,8,4,0,0,0,0,7,7,2,1,1,6,6,1,36,7,-1,-1,-1,-1,8,E01031103,0,-1
2021451051548,2021,451051548,1,9,0,18,19,1,4,0,0,1,0,0,0,0,1,1,6,6,3,44,7,-1,-1,-1,-1,-1,-1,0,-1
2021041016432,2021,041016432,2,9,0,2,2,0,0,0,0,2,0,0,0,0,3,1,6,6,3,-1,-1,-1,-1,-1,-1,-1,-1,0,-1
2021430383092,2021,430383092,2,1,0,18,19,2,6,0,0,1,0,0,0,0,1,1,6,6,1,54,8,-1,-1,-1,-1,10,E01028583,0,-1
202163C032421,2021,63C032421,2,1,0,18,19,6,2,0,0,0,0,0,0,0,0,1,6,6,1,14,3,-1,-1,-1,-1,1,W01000511,0,-1
2021451116314,2021,451116314,2,1,0,9,9,2,6,0,0,1,0,0,0,0,4,1,2,2,1,40,7,-1,-1,-1,-1,7,E01030993,0,-1
2021430272947,2021,430272947,1,20,0,18,19,5,1,0,0,0,0,0,0,0,1,1,1,1,1,60,9,-1,-1,-1,-1,6,E01033064,0,-1