collision_index,collision_year,collision_ref_no,vehicle_reference,vehicle_type,towing_and_articulation,vehicle_manoeuvre_historic,vehicle_manoeuvre,vehicle_direction_from,vehicle_direction_to,vehicle_location_restricted_lane_historic,vehicle_location_restricted_lane,junction_location,skidding_and_overturning,hit_object_in_carriageway,vehicle_leaving_carriageway,hit_object_off_carriageway,first_point_of_impact,vehicle_left_hand_drive,journey_purpose_of_driver_historic,journey_purpose_of_driver,sex_of_driver,age_of_driver,age_band_of_driver,engine_capacity_cc,propulsion_code,age_of_vehicle,generic_make_model,driver_imd_decile,lsoa_of_driver,escooter_flag,driver_distance_banding
202160Z052579,2021,60Z052579,2,9,0,5,5,3,7,0,0,1,0,0,0,0,1,1,6,6,1,50,8,-1,-1,-1,-1,-1,-1,0,-1
2021461127143,2021,461127143,1,9,0,-1,-1,-1,-1,-1,-1,0,-1,-1,-1,0,-1,1,6,6,3,-1,-1,-1,-1,-1,-1,-1,-1,0,-1
2021451120702,2021,451120702,1,1,0,12,12,6,2,0,0,0,0,11,0,0,3,1,4,7,1,16,4,-1,-1,-1,-1,10,E01030435,0,-1
2021101057304,2021,101057304,1,9,0,18,19,7,3,0,0,1,0,0,0,0,4,1,6,6,1,50,8,-1,-1,-1,-1,-1,-1,0,-1
2021010301034,2021,010301034,1,1,9,99,99,9,9,99,99,0,9,99,9,99,9,1,6,6,2,29,6,-1,-1,-1,-1,1,E01003963,0,-1
2021991082103,2021,991082103,1,9,0,5,5,5,2,0,0,6,0,0,0,0,3,1,1,1,1,21,5,-1,-1,-1,-1,-1,-1,0,-1
202134NNC0071,2021,34NNC0071,2,9,0,18,19,6,2,0,0,0,0,0,0,0,2,1,2,2,1,34,6,-1,-1,-1,-1,2,E01027534,0,-1
2021061027740,2021,061027740,2,1,0,18,19,1,5,0,0,1,0,0,0,0,1,1,6,6,2,18,4,-1,-1,-1,-1,1,E01005245,0,-1
2021010332083,2021,010332083,2,9,0,99,99,9,9,99,99,9,9,99,9,99,9,9,6,6,3,-1,-1,-1,-1,-1,-1,-1,-1,0,-1
2021471107014,2021,471107014,2,1,0,18,19,1,5,0,0,1,0,0,0,0,2,1,5,6,1,71,10,-1,-1,-1,-1,4,E01031788,0,-1
2021332100185,2021,332100185,2,9,0,18,19,7,3,0,0,0,0,0,0,0,3,1,6,6,1,26,6,-1,-1,-1,-1,5,E01025673,0,-1
2021461087891,2021,461087891,1,97,0,18,19,5,1,0,0,1,2,0,0,0,1,1,6,6,1,-1,-1,-1,-1,-1,-1,-1,-1,0,-1
2021201070065,2021,201070065,1,9,0,7,7,2,7,0,0,4,0,0,0,0,1,1,6,6,3,-1,-1,-1,-1,-1,-1,-1,-1,0,-1
2021552100363,2021,552100363,2,1,0,18,19,3,7,0,0,8,0,0,0,0,1,1,6,6,2,57,9,-1,-1,-1,-1,6,E01031991,0,-1
2021451055292,2021,451055292,3,1,0,10,10,7,3,0,0,1,0,0,0,0,0,1,5,6,2,60,9,-1,-1,-1,-1,10,E01030319,0,-1
2021010317950,2021,010317950,2,1,0,9,9,8,7,0,0,8,0,0,0,0,3,1,1,1,1,33,6,-1,-1,-1,-1,5,E01002661,0,-1
2021552101064,2021,552101064,2,1,0,18,19,3,7,0,0,8,0,0,0,0,3,1,6,6,1,34,6,-1,-1,-1,-1,8,E01020473,0,-1
2021440013503,2021,440013503,2,9,0,18,19,8,4,0,0,0,0,0,0,0,1,1,2,2,1,63,9,-1,-1,-1,-1,5,E01023019,0,-1
202160Z062535,2021,60Z062535,1,9,0,18,19,6,2,0,0,1,0,0,0,0,0,1,6,6,1,60,9,-1,-1,-1,-1,-1,-1,0,-1
2021010336753,2021,010336753,1,1,0,9,9,3,8,5,5,5,0,0,0,0,1,1,2,2,1,40,7,-1,-1,-1,-1,-1,-1,0,-1
202160Z138701,2021,60Z138701,1,4,0,17,19,6,2,0,0,0,1,0,0,0,0,1,6,6,1,51,8,-1,-1,-1,-1,-1,-1,0,-1
202160Z053044,2021,60Z053044,1,5,0,18,19,5,1,0,0,0,0,0,8,0,3,1,6,6,1,50,8,-1,-1,-1,-1,-1,-1,0,-1
2021201023390,2021,201023390,1,9,0,18,19,6,2,0,0,1,0,0,0,0,1,1,6,6,1,-1,-1,-1,-1,-1,-1,-1,-1,0,-1
2021131127323,2021,131127323,1,90,0,-1,-1,-1,-1,-1,-1,0,-1,-1,-1,0,-1,1,6,6,3,-1,-1,-1,-1,-1,-1,-1,-1,0,-1
2021520105098,2021,520105098,1,9,0,13,13,7,3,0,0,8,0,0,0,0,4,1,6,6,1,16,4,-1,-1,-1,-1,4,E01029196,0,-1
2021131048395,2021,131048395,2,9,0,5,5,6,2,0,0,0,0,0,0,0,1,1,6,6,3,-1,-1,-1,-1,-1,-1,-1,-1,0,-1
2021201049211,2021,201049211,1,9,0,18,19,4,8,0,0,1,0,0,0,0,1,1,6,6,1,-1,-1,-1,-1,-1,-1,-1,-1,0,-1
2021471105306,2021,471105306,2,1,0,18,19,2,6,0,0,1,0,0,0,0,1,1,6,6,1,60,9,-1,-1,-1,-1,1,E01016900,0,-1
2021471063602,2021,471063602,1,1,0,18,19,4,8,4,4,1,0,0,0,0,1,1,6,6,1,59,9,-1,-1,-1,-1,6,E01016943,0,-1
2021070113298,2021,070113298,2,1,0,5,5,5,4,0,0,8,0,0,0,0,2,1,6,6,2,59,9,-1,-1,-1,-1,4,E01018747,0,-1
2021548617621,2021,548617621,3,9,0,4,4,3,7,0,0,0,0,0,0,0,2,1,6,6,1,23,5,-1,-1,-1,-1,10,E01030504,0,-1
202134WNC0751,2021,34WNC0751,1,19,0,11,11,7,3,0,0,0,0,0,0,0,4,1,1,1,1,70,10,-1,-1,-1,-1,9,E01011464,0,-1
2021010342647,2021,010342647,2,3,0,99,99,9,9,99,99,9,9,99,9,99,1,1,6,6,3,-1,-1,-1,-1,-1,-1,-1,-1,0,-1
2021610032421,2021,610032421,3,9,0,2,2,0,0,0,0,1,0,0,0,0,2,1,6,6,2,35,6,-1,-1,-1,-1,-1,-1,0,-1
202160Z088794,2021,60Z088794,1,9,0,13,13,3,7,0,0,1,0,0,0,0,4,1,6,6,1,90,11,-1,-1,-1,-1,-1,-1,0,-1
2021351034034,2021,351034034,2,1,0,18,19,2,7,0,0,0,0,0,0,0,3,1,4,7,1,23,5,-1,-1,-1,-1,6,E01017961,0,-1
2021461095979,2021,461095979,1,-1,0,18,19,3,7,0,0,0,0,0,0,0,3,1,6,6,3,-1,-1,-1,-1,-1,-1,-1,-1,0,-1
2021991171978,2021,991171978,3,9,0,2,2,0,0,0,0,2,0,0,0,0,2,1,6,6,3,-1,-1,-1,-1,-1,-1,-1,-1,0,-1
2021010353049,2021,010353049,2,9,9,99,99,9,9,99,99,9,9,99,9,99,9,9,6,6,3,-1,-1,-1,-1,-1,-1,-1,-1,0,-1
2021131062565,2021,131062565,1,1,0,18,19,1,1,0,0,0,0,0,1,0,1,1,6,6,2,30,6,-1,-1,-1,-1,5,E01011734,0,-1
2021430235594,2021,430235594,1,9,0,18,19,6,2,0,0,0,0,0,0,0,0,1,1,1,1,-1,-1,-1,-1,-1,-1,-1,-1,0,-1
2021440002387,2021,440002387,1,9,0,7,7,2,3,0,0,1,0,0,0,0,4,1,6,6,1,48,8,-1,-1,-1,-1,7,E01015340,0,-1
2021010337866,2021,010337866,2,1,0,3,3,5,1,0,0,1,0,0,0,0,1,1,2,2,1,57,9,-1,-1,-1,-1,6,E01002497,0,-1
2021010320798,2021,010320798,1,1,0,18,19,1,5,0,0,0,0,0,0,0,0,1,6,6,1,34,6,-1,-1,-1,-1,-1,-1,0,-1
2021010317801,2021,010317801,2,1,0,16,19,1,5,0,0,0,0,4,0,0,2,1,2,2,1,30,6,-1,-1,-1,-1,5,E01002671,0,-1
2021430002944,2021,430002944,1,9,0,7,7,6,2,0,0,1,0,0,0,0,4,1,6,6,1,50,8,-1,-1,-1,-1,-1,-1,0,-1
2021161037693,2021,161037693,2,1,0,14,14,8,4,0,0,0,0,0,0,0,1,1,6,6,2,62,9,-1,-1,-1,-1,8,E01012939,0,-1
2021122100971,2021,122100971,2,90,0,18,19,7,3,0,0,2,0,4,0,0,4,1,1,1,1,62,9,-1,-1,-1,-1,2,-1,0,-1
202163D043321,2021,63D043321,2,1,0,18,19,8,4,0,0,8,0,0,0,0,4,1,6,6,1,50,8,-1,-1,-1,-1,9,W01000481,0,-1
2021332101067,2021,332101067,1,9,0,5,5,2,6,0,0,1,0,0,0,0,1,1,6,6,1,-1,-1,-1,-1,-1,-1,3,E01009660,0,-1
2021332100731,2021,332100731,2,9,0,6,6,5,5,0,0,8,0,0,0,0,1,1,6,6,1,21,5,-1,-1,-1,-1,3,E01013665,0,-1
2021061082219,2021,061082219,2,18,1,18,19,3,7,1,1,1,0,0,0,0,1,1,1,1,1,50,8,-1,-1,-1,-1,-1,-1,0,-1
2021320233924,2021,320233924,1,9,0,18,19,2,6,0,0,0,2,0,0,0,1,1,6,6,1,40,7,-1,-1,-1,-1,-1,-1,0,-1
2021440181547,2021,440181547,2,98,0,14,14,7,3,0,0,0,0,0,0,0,0,1,6,6,3,-1,-1,-1,-1,-1,-1,-1,-1,0,-1
2021010338127,2021,010338127,1,1,9,99,99,9,9,99,99,9,9,99,9,99,0,1,6,6,1,27,6,-1,-1,-1,-1,2,E01001506,0,-1
2021471151554,2021,471151554,3,1,0,10,10,3,1,0,0,4,1,0,0,0,3,1,6,6,2,-1,-1,-1,-1,-1,-1,-1,-1,0,-1
2021332101531,2021,332101531,3,9,0,2,2,0,0,0,0,0,0,0,0,0,0,1,6,6,3,-1,-1,-1,-1,-1,-1,-1,-1,0,-1
2021010334251,2021,010334251,1,1,9,99,99,9,9,99,99,9,9,99,9,99,9,1,6,6,3,-1,-1,-1,-1,-1,-1,-1,-1,0,-1
2021221150307,2021,221150307,1,9,0,2,2,0,0,0,0,2,0,0,0,0,3,1,3,7,1,34,6,-1,-1,-1,-1,-1,-1,0,-1
2021010302786,2021,010302786,1,1,9,99,99,9,9,99,99,9,9,99,9,99,9,1,6,6,1,39,7,-1,-1,-1,-1,3,E01002808,0,-1
2021010328786,2021,010328786,2,1,0,18,19,5,1,0,0,1,2,0,0,0,1,1,2,2,2,31,6,-1,-1,-1,-1,2,E01003160,0,-1
202163B005122,2021,63B005122,2,1,0,18,19,2,6,0,0,8,1,0,0,0,0,1,6,6,1,35,6,-1,-1,-1,-1,10,W01001936,0,-1
2021010321425,2021,010321425,1,9,0,18,19,3,7,0,0,2,0,0,0,0,1,1,6,6,3,-1,-1,-1,-1,-1,-1,-1,-1,0,-1
2021991061468,2021,991061468,2,1,0,18,19,3,7,0,0,0,0,0,0,0,1,1,5,6,2,76,11,-1,-1,-1,-1,9,-1,0,-1
2021101099932,2021,101099932,1,9,-1,5,5,5,1,0,0,2,0,0,0,0,4,1,6,6,1,-1,-1,-1,-1,-1,-1,-1,-1,0,-1
2021351108719,2021,351108719,2,1,0,18,19,-1,-1,0,0,3,0,0,-1,0,2,1,1,1,1,59,9,-1,-1,-1,-1,2,E01017946,0,-1
2021010333691,2021,010333691,1,9,0,99,99,9,9,99,99,9,9,99,9,99,2,9,6,6,3,-1,-1,-1,-1,-1,-1,-1,-1,0,-1
2021010308314,2021,010308314,2,9,0,99,99,9,9,99,99,9,9,99,9,99,9,9,6,6,3,-1,-1,-1,-1,-1,-1,-1,-1,0,-1
2021461073495,2021,461073495,2,9,0,4,4,7,3,0,0,0,0,0,0,0,2,1,6,6,1,22,5,-1,-1,-1,-1,6,E01001598,0,-1
2021052100244,2021,052100244,2,1,0,12,12,5,1,0,0,0,0,0,0,0,2,1,6,6,1,14,3,-1,-1,-1,-1,3,E01006994,0,-1
2021010350647,2021,010350647,1,1,0,9,9,3,8,0,0,8,0,0,0,0,3,1,6,6,1,16,4,-1,-1,-1,-1,3,E01004303,0,-1
2021052102639,2021,052102639,2,8,0,18,19,3,7,0,0,0,0,0,0,0,2,1,1,1,3,-1,-1,-1,-1,-1,-1,-1,-1,0,-1
2021471069158,2021,471069158,1,98,0,18,19,4,8,0,0,0,0,0,1,0,2,1,1,1,1,64,9,-1,-1,-1,-1,7,E01020962,0,-1
2021010352357,2021,010352357,1,3,0,99,99,9,9,99,99,9,9,99,9,99,1,1,1,1,1,27,6,-1,-1,-1,-1,2,E01001001,0,-1
2021440146779,2021,440146779,2,1,0,14,14,7,3,0,0,0,0,0,0,0,1,1,1,1,1,17,4,-1,-1,-1,-1,4,E01017158,0,-1
2021351056417,2021,351056417,1,98,1,9,9,4,8,0,0,0,0,0,0,0,3,1,1,1,1,37,7,-1,-1,-1,-1,1,E01012037,0,-1
2021332100257,2021,332100257,1,1,0,18,19,7,3,9,9,2,0,11,0,0,1,1,6,6,1,64,9,-1,-1,-1,-1,2,E01013721,0,-1
2021010332664,2021,010332664,3,1,0,5,5,5,1,0,0,1,2,0,2,7,4,1,6,6,1,51,8,-1,-1,-1,-1,4,E01003056,0,-1
2021010337498,2021,010337498,2,1,0,18,19,1,5,9,9,0,0,0,0,0,1,1,2,2,2,35,6,-1,-1,-1,-1,5,E01000037,0,-1
2021471039783,2021,471039783,2,1,0,18,19,1,5,0,0,1,0,0,0,0,3,1,5,6,1,50,8,-1,-1,-1,-1,6,E01016953,0,-1
2021471033720,2021,471033720,2,1,-1,9,9,5,3,0,0,0,0,0,0,0,1,1,6,6,1,17,4,-1,-1,-1,-1,-1,-1,0,-1
2021010320421,2021,010320421,2,9,0,17,19,1,5,0,0,3,0,1,1,0,3,1,6,6,3,-1,-1,-1,-1,-1,-1,-1,-1,0,-1
2021211129923,2021,211129923,1,9,-1,17,19,7,4,-1,-1,0,-1,0,-1,0,3,1,5,6,1,20,4,-1,-1,-1,-1,4,E01029808,0,-1
2021010312083,2021,010312083,2,1,0,18,19,3,7,0,0,8,0,0,0,0,1,1,6,6,1,37,7,-1,-1,-1,-1,4,E01001684,0,-1
2021070618001,2021,070618001,2,1,0,18,19,7,3,0,0,0,0,4,0,0,1,1,6,6,1,52,8,-1,-1,-1,-1,4,E01012394,0,-1
2021221109389,2021,221109389,1,9,0,4,4,4,8,0,0,1,0,0,0,0,1,1,2,2,1,49,8,-1,-1,-1,-1,8,E01010540,0,-1
2021332100210,2021,332100210,1,8,0,18,19,6,2,0,0,1,0,0,0,0,1,1,1,1,1,35,6,-1,-1,-1,-1,5,E01013700,0,-1
2021440514041,2021,440514041,1,9,0,12,12,7,3,0,0,0,0,0,0,0,3,1,6,6,3,-1,-1,-1,-1,-1,-1,-1,-1,0,-1
2021010308393,2021,010308393,1,1,9,99,99,9,9,99,99,9,9,99,9,99,9,1,6,6,1,52,8,-1,-1,-1,-1,9,E01003882,0,-1
202160Z164363,2021,60Z164363,3,9,0,4,4,2,6,0,0,1,0,0,0,0,1,1,2,2,2,59,9,-1,-1,-1,-1,-1,-1,0,-1
2021010320115,2021,010320115,1,21,4,17,19,3,7,2,2,8,0,0,0,0,1,2,6,6,1,45,7,-1,-1,-1,-1,-1,-1,0,-1
2021031031496,2021,031031496,1,9,0,5,5,5,8,0,0,6,0,0,0,0,1,1,6,6,2,60,9,-1,-1,-1,-1,10,E01019288,0,-1
2021501148131,2021,501148131,1,1,0,18,19,7,3,9,9,8,5,0,0,0,1,1,1,1,1,19,4,-1,-1,-1,-1,4,E01015169,0,-1
2021041054178,2021,041054178,1,1,0,18,19,2,6,0,0,0,2,0,3,10,1,1,5,6,1,18,4,-1,-1,-1,-1,1,E01025226,0,-1
2021991059860,2021,991059860,2,1,0,18,19,5,1,0,0,1,0,0,0,0,4,1,5,6,1,47,8,-1,-1,-1,-1,4,-1,0,-1
2021440345898,2021,440345898,2,21,0,18,19,6,3,0,0,0,0,0,1,4,4,2,1,1,1,44,7,-1,-1,-1,-1,-1,-1,0,-1
2021440159244,2021,440159244,1,1,0,18,19,8,4,0,0,8,0,0,0,0,4,1,6,6,1,18,4,-1,-1,-1,-1,10,E01023226,0,-1
2021010327512,2021,010327512,2,9,0,99,99,9,9,99,99,0,9,99,9,99,2,9,6,6,3,-1,-1,-1,-1,-1,-1,-1,-1,0,-1
202131C035921,2021,31C035921,2,1,0,14,14,3,7,0,0,2,0,0,0,0,1,1,1,1,1,26,6,-1,-1,-1,-1,3,E01013929,0,-1
2021061114052,2021,061114052,1,9,0,18,19,8,4,0,0,0,0,0,0,0,1,1,6,6,3,-1,-1,-1,-1,-1,-1,-1,-1,0,-1
2021010304127,2021,010304127,1,9,0,99,99,9,9,99,99,9,9,99,9,99,2,9,2,2,1,34,6,-1,-1,-1,-1,1,E01004222,0,-1
2021010330344,2021,010330344,2,9,0,18,19,1,5,0,0,1,0,0,0,0,1,1,6,6,1,31,6,-1,-1,-1,-1,-1,-1,0,-1
2021401062750,2021,401062750,3,20,0,18,19,5,1,0,0,0,0,0,0,0,2,1,1,1,1,51,8,-1,-1,-1,-1,-1,-1,0,-1
2021101047375,2021,101047375,2,1,0,18,19,5,1,0,0,0,0,0,0,0,2,1,6,6,1,26,6,-1,-1,-1,-1,-1,-1,0,-1
2021610005821,2021,610005821,2,9,0,15,15,7,5,0,0,0,0,0,0,0,4,1,2,2,2,59,9,-1,-1,-1,-1,-1,-1,0,-1
2021010326006,2021,010326006,1,1,9,99,99,9,9,99,99,9,9,99,9,99,9,1,6,6,1,27,6,-1,-1,-1,-1,2,E01004423,0,-1
2021010334819,2021,010334819,1,1,9,99,99,9,9,99,99,9,9,99,9,99,9,1,6,6,1,26,6,-1,-1,-1,-1,3,E01002795,0,-1
2021531032699,2021,531032699,1,98,0,18,19,5,1,0,0,1,0,0,0,0,0,1,6,6,1,39,7,-1,-1,-1,-1,6,E01022232,0,-1
2021430176445,2021,430176445,1,9,0,18,19,4,8,0,0,0,0,0,0,0,4,1,6,6,3,-1,-1,-1,-1,-1,-1,-1,-1,0,-1
2021522101574,2021,522101574,2,9,0,18,19,5,1,0,0,2,0,0,0,0,1,1,6,6,1,50,8,-1,-1,-1,-1,-1,-1,0,-1
2021122101527,2021,122101527,1,1,0,14,14,7,2,0,0,0,0,0,0,0,0,1,1,1,1,53,8,-1,-1,-1,-1,10,E01027700,0,-1
202160Z045832,2021,60Z045832,1,9,0,17,19,8,4,0,0,0,1,0,2,11,1,1,6,6,1,33,6,-1,-1,-1,-1,-1,-1,0,-1
2021501086181,2021,501086181,1,9,0,18,19,2,6,0,0,7,0,0,0,0,1,1,6,6,1,46,8,-1,-1,-1,-1,4,E01018825,0,-1
2021052101616,2021,052101616,2,1,0,18,19,7,3,0,0,0,0,0,0,0,3,1,6,6,1,30,6,-1,-1,-1,-1,5,E01006420,0,-1
2021010306276,2021,010306276,1,1,9,99,99,9,9,99,99,9,9,99,9,99,2,1,6,6,2,32,6,-1,-1,-1,-1,5,E01004188,0,-1
2021401071412,2021,401071412,2,9,0,18,19,1,5,0,0,1,0,0,0,0,3,1,6,6,2,21,5,-1,-1,-1,-1,10,E01017456,0,-1
2021010298971,2021,010298971,2,1,0,18,19,1,5,0,0,2,0,0,0,0,1,1,2,2,2,45,7,-1,-1,-1,-1,3,E01033706,0,-1
2021552200188,2021,552200188,1,9,0,18,19,4,8,0,0,1,0,0,0,0,1,1,6,6,3,-1,-1,-1,-1,-1,-1,-1,-1,0,-1
2021471018140,2021,471018140,1,98,0,18,19,8,4,0,0,8,0,0,0,0,1,2,1,1,1,36,7,-1,-1,-1,-1,-1,-1,0,-1
2021201044810,2021,201044810,3,19,0,3,3,8,4,0,0,1,0,0,0,0,2,1,6,6,2,57,9,-1,-1,-1,-1,6,E01009796,0,-1
2021332100442,2021,332100442,1,9,0,9,9,2,8,0,0,6,0,0,0,0,3,1,6,6,2,65,9,-1,-1,-1,-1,8,E01031182,0,-1
2021522200992,2021,522200992,1,-1,0,18,19,7,3,0,0,0,0,0,0,0,1,1,6,6,1,19,4,-1,-1,-1,-1,8,E01033331,1,-1
2021010345027,2021,010345027,1,1,9,99,99,9,9,99,99,9,9,99,9,99,9,1,6,6,1,22,5,-1,-1,-1,-1,6,E01000898,0,-1
2021421089407,2021,421089407,2,1,0,18,19,6,2,9,9,1,0,0,0,0,1,1,1,1,1,30,6,-1,-1,-1,-1,5,E01033141,0,-1
2021302101572,2021,302101572,2,9,0,7,7,4,8,0,0,6,0,0,0,0,3,1,6,6,1,-1,-1,-1,-1,-1,-1,4,E01019538,0,-1
2021332100546,2021,332100546,3,9,0,18,19,1,5,0,0,0,0,0,0,0,3,1,6,6,1,31,6,-1,-1,-1,-1,6,E01021541,0,-1
2021161091343,2021,161091343,1,1,0,18,19,1,5,0,0,0,0,0,0,0,1,1,1,1,1,25,5,-1,-1,-1,-1,-1,-1,0,-1
2021141035284,2021,141035284,2,1,0,18,19,2,6,0,0,0,0,0,0,0,3,1,6,6,1,61,9,-1,-1,-1,-1,5,E01007609,0,-1
202160Z084420,2021,60Z084420,2,9,0,17,19,5,4,0,0,0,0,0,0,0,1,1,6,6,2,48,8,-1,-1,-1,-1,-1,-1,0,-1
2021461095315,2021,461095315,1,8,0,2,2,6,2,3,2,1,0,0,0,0,0,1,1,1,1,-1,-1,-1,-1,-1,-1,-1,-1,0,-1
2021041050800,2021,041050800,2,1,0,18,19,5,1,0,0,1,0,0,0,0,2,1,6,6,1,40,7,-1,-1,-1,-1,1,E01006952,0,-1
2021549872321,2021,549872321,2,9,0,18,19,5,1,0,0,3,0,0,0,0,4,1,6,6,2,58,9,-1,-1,-1,-1,2,E01015558,0,-1
2021320387962,2021,320387962,1,9,0,18,19,6,2,0,0,0,0,0,0,0,1,1,6,6,3,40,7,-1,-1,-1,-1,-1,-1,0,-1
2021332100091,2021,332100091,1,21,5,16,19,3,6,0,0,0,4,0,2,1,1,1,1,1,1,49,8,-1,-1,-1,-1,10,E01025906,0,-1
2021122100257,2021,122100257,2,9,0,18,19,3,7,0,0,0,0,0,0,0,1,1,1,1,1,32,6,-1,-1,-1,-1,2,E01011865,0,-1
2021231119559,2021,231119559,1,9,0,18,19,5,1,0,0,0,0,0,0,0,1,1,5,6,1,22,5,-1,-1,-1,-1,7,E01031198,0,-1
2021411103391,2021,411103391,3,9,0,2,2,0,0,0,0,0,0,0,0,0,3,1,6,6,3,-1,-1,-1,-1,-1,-1,-1,-1,0,-1
2021332100643,2021,332100643,1,1,0,18,19,3,7,9,9,0,0,0,0,2,1,1,6,6,1,24,5,-1,-1,-1,-1,1,E01013604,0,-1
2021430008289,2021,430008289,1,9,0,18,19,8,4,0,0,0,1,0,2,4,1,1,2,2,1,20,4,-1,-1,-1,-1,7,E01017854,0,-1
2021991118204,2021,991118204,1,9,0,9,9,7,4,0,0,1,0,0,0,0,1,1,1,1,1,34,6,-1,-1,-1,-1,1,-1,0,-1
2021010307225,2021,010307225,2,9,9,99,99,9,9,99,99,9,9,99,9,99,9,9,6,6,3,-1,-1,-1,-1,-1,-1,-1,-1,0,-1
2021211071434,2021,211071434,2,9,0,17,19,1,5,0,0,0,0,0,0,0,1,1,2,2,1,34,6,-1,-1,-1,-1,6,E01010211,0,-1
2021231084840,2021,231084840,2,9,0,18,19,8,4,0,0,0,0,0,0,0,1,1,5,6,1,24,5,-1,-1,-1,-1,10,E01031228,0,-1
202160Z153550,2021,60Z153550,2,3,0,18,19,2,6,0,0,1,5,0,0,0,4,1,6,6,1,18,4,-1,-1,-1,-1,-1,-1,0,-1
2021010303158,2021,010303158,2,98,0,99,99,9,9,99,99,9,9,99,9,99,9,9,6,6,3,-1,-1,-1,-1,-1,-1,-1,-1,0,-1
2021440132224,2021,440132224,2,1,0,3,3,6,2,0,0,1,0,0,0,0,2,1,6,6,1,71,10,-1,-1,-1,-1,10,E01022860,0,-1
2021141023388,2021,141023388,2,1,0,17,19,7,4,0,0,1,0,0,0,0,1,1,6,6,1,50,8,-1,-1,-1,-1,5,E01008099,0,-1
2021461031373,2021,461031373,2,1,0,9,9,7,3,0,0,3,0,0,0,0,4,1,2,2,1,35,6,-1,-1,-1,-1,2,E01024505,0,-1
2021440437388,2021,440437388,1,9,0,18,19,8,4,0,0,0,0,0,0,0,1,1,6,6,2,73,10,-1,-1,-1,-1,-1,-1,0,-1
2021461021481,2021,461021481,2,9,0,18,19,3,7,0,0,4,0,0,0,0,3,1,6,6,2,20,4,-1,-1,-1,-1,2,E01016136,0,-1
2021170S11771,2021,170S11771,1,21,1,12,12,8,4,0,0,0,0,0,0,0,3,1,1,1,1,50,8,-1,-1,-1,-1,-1,-1,0,-1
2021010350439,2021,010350439,2,3,0,99,99,9,9,99,99,0,9,99,9,99,1,1,6,6,3,-1,-1,-1,-1,-1,-1,-1,-1,0,-1
2021430482947,2021,430482947,1,1,0,18,19,4,8,0,0,1,0,0,0,0,3,1,2,2,1,37,7,-1,-1,-1,-1,9,E01016679,0,-1
2021010313509,2021,010313509,2,9,9,99,99,9,9,99,99,9,9,99,9,99,9,9,6,6,3,-1,-1,-1,-1,-1,-1,-1,-1,0,-1
2021501071829,2021,501071829,2,9,0,9,9,4,2,0,0,5,0,0,0,0,3,1,6,6,2,31,6,-1,-1,-1,-1,3,E01020010,0,-1
2021332100840,2021,332100840,1,9,0,9,9,1,7,0,0,6,0,0,0,0,3,1,6,6,2,47,8,-1,-1,-1,-1,1,E01013621,0,-1
2021302100847,2021,302100847,3,9,0,2,2,0,0,0,0,1,0,0,0,0,0,1,6,6,3,-1,-1,-1,-1,-1,-1,-1,-1,0,-1
2021531042671,2021,531042671,1,1,0,18,19,2,6,0,0,4,0,0,0,0,2,1,5,6,1,15,3,-1,-1,-1,-1,6,E01022410,0,-1
2021451041414,2021,451041414,1,1,0,18,19,3,7,0,0,1,0,0,0,0,4,1,6,6,1,77,11,-1,-1,-1,-1,8,E01004194,0,-1
2021522200426,2021,522200426,1,-1,0,18,19,1,5,0,0,0,0,0,0,0,0,1,6,6,1,23,5,-1,-1,-1,-1,3,E01014588,1,-1
2021161031683,2021,161031683,2,1,0,18,19,6,2,0,0,8,0,7,0,0,1,1,6,6,1,15,3,-1,-1,-1,-1,1,E01012881,0,-1
2021010344643,2021,010344643,2,9,0,5,5,7,3,0,0,1,0,0,0,0,4,2,2,2,2,64,9,-1,-1,-1,-1,4,E01001199,0,-1
2021522102994,2021,522102994,2,9,0,7,7,6,8,0,0,1,0,0,0,0,3,1,6,6,3,30,6,-1,-1,-1,-1,-1,-1,0,-1
2021010318190,2021,010318190,1,1,9,99,99,9,9,0,0,8,9,99,9,0,9,1,6,6,3,20,4,-1,-1,-1,-1,4,E01001582,0,-1
2021010314209,2021,010314209,1,1,9,99,99,9,9,99,99,9,9,99,9,99,2,1,6,6,1,29,6,-1,-1,-1,-1,4,E01002179,0,-1
2021411032275,2021,411032275,1,9,0,18,19,1,5,0,0,0,0,0,0,0,0,1,6,6,3,-1,-1,-1,-1,-1,-1,-1,-1,0,-1
2021440097460,2021,440097460,2,1,0,18,19,8,4,0,0,8,0,0,0,0,1,1,2,2,1,47,8,-1,-1,-1,-1,9,E01022653,0,-1
2021010328359,2021,010328359,1,9,0,5,5,7,3,0,0,1,0,0,0,0,1,1,6,6,3,21,5,-1,-1,-1,-1,-1,-1,0,-1
2021101045414,2021,101045414,2,23,-1,18,19,3,7,0,0,0,0,0,0,0,-1,1,2,2,1,46,8,-1,-1,-1,-1,3,E01008672,0,-1
202131D200121,2021,31D200121,2,9,0,7,7,3,5,0,0,6,0,0,0,0,0,1,6,6,2,-1,-1,-1,-1,-1,-1,-1,-1,0,-1
2021221057068,2021,221057068,1,19,0,9,9,8,5,0,0,5,0,0,0,0,0,1,6,6,3,34,6,-1,-1,-1,-1,-1,-1,0,-1
202160Z028108,2021,60Z028108,1,19,0,9,9,6,2,0,0,5,0,0,0,0,3,1,1,1,1,64,9,-1,-1,-1,-1,-1,-1,0,-1
2021052102027,2021,052102027,1,9,0,18,19,7,3,0,0,0,0,0,0,0,1,1,6,6,1,-1,-1,-1,-1,-1,-1,-1,-1,0,-1
2021010300256,2021,010300256,2,9,0,99,99,9,9,99,99,9,9,99,9,99,9,9,6,6,3,-1,-1,-1,-1,-1,-1,3,E01002795,0,-1
2021332100849,2021,332100849,3,9,0,18,19,8,4,0,0,1,0,0,0,0,1,1,6,6,2,61,9,-1,-1,-1,-1,-1,-1,0,-1
202154C532221,2021,54C532221,2,1,0,9,9,1,5,0,0,0,0,0,0,0,3,1,6,6,1,17,4,-1,-1,-1,-1,10,E01031970,0,-1
2021052102616,2021,052102616,1,20,0,16,19,1,5,0,0,0,0,0,0,0,4,1,1,1,1,23,5,-1,-1,-1,-1,-1,-1,0,-1
2021052101880,2021,052101880,2,1,0,18,19,3,7,0,0,4,0,0,0,0,2,1,2,2,1,48,8,-1,-1,-1,-1,9,E01025512,0,-1