collision_index,collision_year,collision_ref_no,vehicle_reference,vehicle_type,towing_and_articulation,vehicle_manoeuvre_historic,vehicle_manoeuvre,vehicle_direction_from,vehicle_direction_to,vehicle_location_restricted_lane_historic,vehicle_location_restricted_lane,junction_location,skidding_and_overturning,hit_object_in_carriageway,vehicle_leaving_carriageway,hit_object_off_carriageway,first_point_of_impact,vehicle_left_hand_drive,journey_purpose_of_driver_historic,journey_purpose_of_driver,sex_of_driver,age_of_driver,age_band_of_driver,engine_capacity_cc,propulsion_code,age_of_vehicle,generic_make_model,driver_imd_decile,lsoa_of_driver,escooter_flag,driver_distance_banding
2021010333401,2021,010333401,2,9,0,7,7,7,1,0,0,0,0,0,0,0,1,1,6,6,3,-1,-1,-1,-1,-1,-1,-1,-1,0,-1
2021010288927,2021,010288927,2,9,0,2,2,0,0,0,0,2,0,0,0,0,3,1,6,6,3,-1,-1,-1,-1,-1,-1,-1,-1,0,-1
2021052101124,2021,052101124,1,90,0,18,19,3,7,0,0,0,0,0,0,0,1,1,6,6,3,-1,-1,-1,-1,-1,-1,-1,-1,0,-1
2021421093483,2021,421093483,1,9,0,1,1,6,2,9,9,0,0,0,0,0,2,1,6,6,3,-1,-1,-1,-1,-1,-1,-1,-1,0,-1
2021170M10441,2021,170M10441,1,1,0,3,3,7,3,0,0,1,0,0,0,0,1,1,6,6,1,42,7,-1,-1,-1,-1,1,E01012059,0,-1
2021320700076,2021,320700076,2,1,0,18,19,8,4,0,0,1,5,0,0,0,2,1,6,6,1,18,4,-1,-1,-1,-1,6,E01026038,0,-1
2021010314072,2021,010314072,1,1,9,99,99,9,9,99,99,9,9,99,9,99,9,1,2,2,2,29,6,-1,-1,-1,-1,3,E01001508,0,-1
2021141099520,2021,141099520,2,97,0,9,9,7,4,0,0,5,0,0,0,0,1,1,6,6,1,15,3,-1,-1,-1,-1,2,E01007651,0,-1
2021440268347,2021,440268347,1,9,0,9,9,5,7,0,0,2,0,0,0,0,1,1,1,1,1,33,6,-1,-1,-1,-1,1,E01017102,0,-1
2021010298033,2021,010298033,2,-1,0,18,19,5,1,0,0,1,0,0,0,0,1,1,2,2,1,25,5,-1,-1,-1,-1,5,E01004517,1,-1
2021041062874,2021,041062874,2,9,0,18,19,5,1,0,0,0,0,0,5,0,2,1,5,6,1,63,9,-1,-1,-1,-1,5,E01019371,0,-1
2021010331928,2021,010331928,2,9,0,99,99,9,9,99,99,9,9,99,9,99,9,9,6,6,3,-1,-1,-1,-1,-1,-1,-1,-1,0,-1
2021010293158,2021,010293158,2,9,0,99,99,9,9,99,99,9,9,99,9,99,9,9,6,6,3,57,9,-1,-1,-1,-1,2,E01002851,0,-1
2021052100494,2021,052100494,1,-1,0,9,9,2,8,0,0,6,5,0,0,0,0,1,6,6,2,42,7,-1,-1,-1,-1,1,E01006702,1,-1
2021010295746,2021,010295746,1,1,9,99,99,9,9,99,99,9,9,99,9,99,1,1,6,6,1,40,7,-1,-1,-1,-1,3,E01004562,0,-1
2021481047570,2021,481047570,2,1,0,18,19,3,7,0,0,8,0,0,0,0,1,1,2,2,1,23,5,-1,-1,-1,-1,-1,-1,0,-1
2021461023558,2021,461023558,1,9,0,9,9,3,5,0,0,0,0,0,0,0,3,1,1,1,1,38,7,-1,-1,-1,-1,6,E01024568,0,-1
2021461053395,2021,461053395,1,1,0,18,19,3,7,0,0,1,0,0,0,0,3,1,6,6,3,-1,-1,-1,-1,-1,-1,-1,-1,0,-1
2021501053773,2021,501053773,1,9,0,9,9,3,1,0,0,1,0,0,0,0,1,1,6,6,3,-1,-1,-1,-1,-1,-1,-1,-1,0,-1
2021010314410,2021,010314410,2,-1,0,99,99,9,9,4,4,1,0,0,0,0,9,9,6,6,3,-1,-1,-1,-1,-1,-1,-1,-1,1,-1
2021010358888,2021,010358888,1,1,9,99,99,9,9,99,99,9,9,99,9,99,1,1,2,2,1,35,6,-1,-1,-1,-1,3,E01004043,0,-1
2021201043586,2021,201043586,1,9,0,18,19,8,4,0,0,0,0,0,0,0,0,1,6,6,1,-1,-1,-1,-1,-1,-1,-1,-1,0,-1
2021991065581,2021,991065581,2,1,0,18,19,4,8,0,0,1,0,0,0,0,1,1,5,6,2,31,6,-1,-1,-1,-1,10,-1,0,-1
2021471051421,2021,471051421,2,1,0,18,19,5,1,0,0,1,0,0,0,0,3,1,6,6,1,51,8,-1,-1,-1,-1,2,E01016906,0,-1
2021010327555,2021,010327555,2,1,0,14,14,7,3,0,0,1,0,0,0,0,4,1,2,2,1,32,6,-1,-1,-1,-1,9,E01003477,0,-1
2021010327853,2021,010327853,2,1,0,18,19,2,6,0,0,8,5,0,0,0,3,1,6,6,1,18,4,-1,-1,-1,-1,4,E01000995,0,-1
2021010345917,2021,010345917,1,1,0,18,19,8,4,0,0,0,0,0,0,0,1,1,6,6,1,26,6,-1,-1,-1,-1,-1,-1,0,-1
2021010335943,2021,010335943,1,1,9,99,99,9,9,99,99,9,9,99,9,99,1,1,1,1,1,26,6,-1,-1,-1,-1,2,E01004308,0,-1
2021430159658,2021,430159658,2,21,1,18,19,5,1,0,0,0,0,0,0,0,1,1,6,6,1,-1,-1,-1,-1,-1,-1,-1,-1,0,-1
2021211021862,2021,211021862,1,9,0,18,19,4,1,0,0,0,2,0,1,0,4,1,6,6,2,25,5,-1,-1,-1,-1,-1,-1,0,-1
2021440235283,2021,440235283,1,1,0,18,19,3,8,0,0,8,0,0,0,0,1,1,6,6,2,34,6,-1,-1,-1,-1,10,E01022740,0,-1
2021010341571,2021,010341571,1,1,9,99,99,9,9,99,99,2,9,99,9,99,9,1,2,2,1,44,7,-1,-1,-1,-1,3,E01003102,0,-1
202134WNC6281,2021,34WNC6281,2,1,0,18,19,7,3,0,0,8,0,0,0,0,4,1,4,7,1,17,4,-1,-1,-1,-1,3,E01027184,0,-1
2021201098329,2021,201098329,2,9,0,18,19,2,6,0,0,8,0,0,0,0,4,1,1,1,1,-1,-1,-1,-1,-1,-1,2,E01009746,0,-1
2021131056066,2021,131056066,2,1,0,18,19,7,3,0,0,1,0,0,0,0,1,1,5,6,1,53,8,-1,-1,-1,-1,6,E01010594,0,-1
2021332100518,2021,332100518,2,9,0,17,19,4,1,0,0,0,0,0,0,0,1,1,2,2,1,23,5,-1,-1,-1,-1,4,E01013648,0,-1
2021421089208,2021,421089208,2,-1,0,9,9,4,1,0,0,1,0,0,0,0,1,1,6,6,1,24,5,-1,-1,-1,-1,-1,-1,1,-1
2021440416148,2021,440416148,1,11,0,18,19,7,3,0,0,0,0,0,0,0,0,1,1,1,3,-1,-1,-1,-1,-1,-1,-1,-1,0,-1
2021010289879,2021,010289879,1,9,0,7,7,7,1,0,0,8,0,0,0,0,0,1,6,6,2,49,8,-1,-1,-1,-1,5,E01033731,0,-1
2021010320922,2021,010320922,2,1,0,18,19,5,1,0,0,2,0,0,0,0,2,1,6,6,1,-1,-1,-1,-1,-1,-1,3,E01004303,0,-1
2021501055789,2021,501055789,2,1,0,18,19,6,2,0,0,1,0,0,0,0,3,1,5,6,1,45,7,-1,-1,-1,-1,6,E01019928,0,-1
2021201099824,2021,201099824,2,1,0,18,19,4,8,3,2,8,0,0,0,0,1,1,6,6,1,49,8,-1,-1,-1,-1,1,E01009153,0,-1
2021610016421,2021,610016421,2,9,0,7,7,3,5,0,0,3,0,0,0,0,4,1,6,6,1,24,5,-1,-1,-1,-1,-1,-1,0,-1
2021501061944,2021,501061944,2,22,0,5,5,1,5,0,0,2,2,0,0,0,3,1,6,6,2,93,11,-1,-1,-1,-1,3,E01020096,0,-1
2021052102340,2021,052102340,1,11,0,18,19,3,7,0,0,0,0,0,0,0,4,1,1,1,3,-1,-1,-1,-1,-1,-1,-1,-1,0,-1
2021010328726,2021,010328726,1,1,9,99,99,9,9,99,99,9,9,99,9,99,9,1,2,2,2,51,8,-1,-1,-1,-1,7,E01001890,0,-1
2021141105120,2021,141105120,2,1,0,18,19,6,2,4,4,1,0,0,0,0,0,1,5,6,1,20,4,-1,-1,-1,-1,9,E01007862,0,-1
2021131127145,2021,131127145,1,9,0,18,19,2,6,0,0,1,1,0,0,0,4,1,6,6,3,-1,-1,-1,-1,-1,-1,-1,-1,0,-1
2021010302873,2021,010302873,2,8,9,99,99,9,9,99,99,0,9,99,9,99,9,9,6,6,3,-1,-1,-1,-1,-1,-1,-1,-1,0,-1
2021010348413,2021,010348413,2,1,0,15,15,5,1,0,0,0,0,0,0,0,4,1,2,2,1,42,7,-1,-1,-1,-1,8,E01003795,0,-1
2021010352224,2021,010352224,2,19,0,18,19,3,7,0,0,1,0,0,0,0,2,1,6,6,3,-1,-1,-1,-1,-1,-1,-1,-1,0,-1
2021010306623,2021,010306623,1,1,0,99,99,9,9,0,0,0,0,0,0,0,1,1,6,6,2,31,6,-1,-1,-1,-1,3,E01004066,0,-1
2021061024925,2021,061024925,2,1,0,18,19,8,4,0,0,8,0,0,0,0,1,1,5,6,1,54,8,-1,-1,-1,-1,8,E01006169,0,-1
2021201115679,2021,201115679,1,90,0,18,19,3,8,0,0,6,0,0,0,0,3,1,6,6,1,34,6,-1,-1,-1,-1,2,E01009786,0,-1
2021010301400,2021,010301400,2,1,0,18,19,5,1,0,0,2,0,0,0,0,4,1,6,6,1,48,8,-1,-1,-1,-1,2,E01001283,0,-1
2021531043012,2021,531043012,2,1,0,17,19,-1,-1,0,0,8,0,0,0,0,3,1,5,6,1,51,8,-1,-1,-1,-1,9,E01022174,0,-1
2021010325889,2021,010325889,1,9,0,5,5,7,3,0,0,0,0,0,0,0,1,1,6,6,3,-1,-1,-1,-1,-1,-1,-1,-1,0,-1
2021371062230,2021,371062230,1,90,0,5,5,1,5,0,0,1,0,0,0,0,1,1,6,6,1,-1,-1,-1,-1,-1,-1,-1,-1,0,-1
2021371057160,2021,371057160,1,1,0,18,19,5,1,0,0,0,0,0,0,0,3,1,1,1,2,22,5,-1,-1,-1,-1,1,E01029980,0,-1
2021610045721,2021,610045721,1,9,0,3,3,7,3,0,0,1,0,0,0,0,2,1,6,6,2,20,4,-1,-1,-1,-1,-1,-1,0,-1
2021161014925,2021,161014925,1,9,0,13,13,1,5,0,0,2,0,0,0,0,0,1,6,6,3,-1,-1,-1,-1,-1,-1,-1,-1,0,-1
2021991031155,2021,991031155,1,9,0,9,9,1,7,0,0,2,0,0,0,0,1,1,1,1,1,75,10,-1,-1,-1,-1,10,-1,0,-1
202160Z129905,2021,60Z129905,1,4,0,17,19,5,3,0,0,0,0,0,1,11,1,1,6,6,1,63,9,-1,-1,-1,-1,-1,-1,0,-1
2021010309717,2021,010309717,1,9,0,18,19,6,2,0,0,0,0,0,0,0,3,1,6,6,3,-1,-1,-1,-1,-1,-1,-1,-1,0,-1
2021552100428,2021,552100428,2,1,0,18,19,7,3,9,9,8,0,0,0,0,1,1,6,6,2,13,3,-1,-1,-1,-1,10,E01020350,0,-1
2021501077599,2021,501077599,2,1,0,18,19,1,5,0,0,8,0,0,0,0,4,1,2,2,2,41,7,-1,-1,-1,-1,8,E01020003,0,-1
2021010319102,2021,010319102,2,1,0,18,19,7,3,0,0,1,0,0,0,0,1,1,2,2,2,38,7,-1,-1,-1,-1,10,E01003869,0,-1
2021543063221,2021,543063221,3,19,0,18,19,4,8,0,0,0,0,0,0,0,0,1,1,1,1,34,6,-1,-1,-1,-1,6,E01032011,0,-1
2021522100890,2021,522100890,1,9,0,18,19,1,5,0,0,8,0,0,0,0,3,1,6,6,2,40,7,-1,-1,-1,-1,-1,-1,0,-1
2021332100752,2021,332100752,1,9,0,11,11,8,4,0,0,0,1,0,0,0,1,1,6,6,2,28,6,-1,-1,-1,-1,1,E01011922,0,-1
2021332100422,2021,332100422,1,9,0,18,19,5,1,0,0,0,0,0,0,0,1,1,6,6,1,63,9,-1,-1,-1,-1,9,E01025998,0,-1
2021440225420,2021,440225420,2,1,0,18,19,3,7,0,0,8,0,0,0,0,1,1,6,6,1,12,3,-1,-1,-1,-1,5,E01017044,0,-1
2021061078125,2021,061078125,1,9,0,18,19,1,1,0,0,0,0,0,0,0,1,1,2,2,2,30,6,-1,-1,-1,-1,-1,-1,0,-1
2021501078026,2021,501078026,2,19,0,18,19,8,4,0,0,8,1,0,7,0,1,1,5,6,1,55,8,-1,-1,-1,-1,5,E01018851,0,-1
2021010289390,2021,010289390,1,9,0,18,19,2,6,0,0,0,0,0,0,0,3,1,6,6,3,-1,-1,-1,-1,-1,-1,-1,-1,0,-1
2021010335082,2021,010335082,1,1,9,99,99,9,9,99,99,9,9,99,9,99,1,1,2,2,1,80,11,-1,-1,-1,-1,3,E01002580,0,-1
2021010311964,2021,010311964,2,9,0,18,19,3,7,0,0,1,0,0,0,0,3,1,1,1,1,49,8,-1,-1,-1,-1,9,E01001104,0,-1
2021010339729,2021,010339729,2,9,0,18,19,3,7,0,0,0,0,0,0,0,1,1,6,6,3,-1,-1,-1,-1,-1,-1,-1,-1,0,-1
2021010322598,2021,010322598,2,1,0,18,19,1,5,0,0,8,0,0,0,0,3,1,2,2,2,41,7,-1,-1,-1,-1,2,E01000907,0,-1
2021991102560,2021,991102560,2,9,0,18,19,1,5,0,0,1,0,0,1,11,1,1,1,1,1,41,7,-1,-1,-1,-1,2,-1,0,-1
2021141100070,2021,141100070,1,8,0,-1,-1,-1,-1,-1,-1,1,-1,-1,-1,0,-1,1,6,6,3,-1,-1,-1,-1,-1,-1,-1,-1,0,-1
2021070266168,2021,070266168,1,9,0,18,19,8,4,0,0,0,0,0,0,0,1,1,6,6,1,-1,-1,-1,-1,-1,-1,1,E01012419,0,-1
2021010317327,2021,010317327,1,1,9,99,99,9,9,99,99,0,9,99,9,99,1,1,6,6,1,28,6,-1,-1,-1,-1,9,E01003883,0,-1
2021411161724,2021,411161724,2,98,0,12,12,8,4,0,0,8,0,0,0,0,3,1,6,6,2,24,5,-1,-1,-1,-1,9,E01023406,0,-1
2021430542605,2021,430542605,2,9,0,3,3,6,2,0,0,1,0,0,0,0,0,1,1,1,1,-1,-1,-1,-1,-1,-1,-1,-1,0,-1
2021101013774,2021,101013774,2,22,0,18,19,2,6,0,0,2,0,0,3,0,2,1,6,6,1,84,11,-1,-1,-1,-1,1,E01008541,0,-1
2021302100285,2021,302100285,2,1,0,18,19,4,8,0,0,1,0,0,0,0,3,1,6,6,1,39,7,-1,-1,-1,-1,10,E01033532,0,-1
2021320323615,2021,320323615,2,17,0,18,19,6,2,0,0,0,0,0,0,0,1,1,6,6,1,55,8,-1,-1,-1,-1,-1,-1,0,-1
2021501100531,2021,501100531,2,1,0,18,19,7,3,0,0,0,0,0,0,0,2,1,2,2,1,59,9,-1,-1,-1,-1,4,E01018890,0,-1
2021461081303,2021,461081303,2,21,1,18,19,8,4,0,0,0,0,0,0,0,2,1,1,1,1,49,8,-1,-1,-1,-1,-1,-1,0,-1
2021010295759,2021,010295759,1,1,9,99,99,9,9,99,99,9,9,99,9,99,9,1,6,6,2,38,7,-1,-1,-1,-1,7,E01003200,0,-1
2021010329294,2021,010329294,2,1,0,18,19,3,7,0,0,1,0,0,0,0,1,1,2,2,1,33,6,-1,-1,-1,-1,8,E01033724,0,-1
2021061047588,2021,061047588,4,9,0,18,19,1,5,0,0,0,0,0,0,0,2,1,6,6,1,27,6,-1,-1,-1,-1,7,E01005691,0,-1
2021010329748,2021,010329748,2,1,0,18,19,3,7,0,0,8,0,0,0,0,1,1,6,6,1,20,4,-1,-1,-1,-1,-1,-1,0,-1
2021010331207,2021,010331207,2,9,0,99,99,9,9,99,99,9,9,99,9,99,9,9,6,6,3,-1,-1,-1,-1,-1,-1,-1,-1,0,-1
2021010307039,2021,010307039,2,1,0,17,19,3,7,0,0,1,0,0,0,0,1,1,2,2,2,38,7,-1,-1,-1,-1,4,E01003213,0,-1
202160Z099055,2021,60Z099055,1,1,0,4,4,1,7,0,0,1,0,0,0,0,0,1,6,6,1,20,4,-1,-1,-1,-1,-1,-1,0,-1
2021430173877,2021,430173877,1,19,0,3,3,1,5,0,0,1,0,0,0,0,1,1,6,6,1,33,6,-1,-1,-1,-1,8,E01015552,0,-1
2021991099518,2021,991099518,1,97,0,16,19,5,1,0,0,1,5,0,3,10,1,1,6,6,1,18,4,-1,-1,-1,-1,1,-1,0,-1
2021201116241,2021,201116241,2,8,0,4,4,8,4,0,0,1,0,0,0,0,1,1,6,6,1,-1,-1,-1,-1,-1,-1,-1,-1,0,-1
2021545558221,2021,545558221,3,1,0,18,19,3,7,0,0,0,0,0,0,0,4,1,6,6,1,66,10,-1,-1,-1,-1,7,E01015582,0,-1
2021401028450,2021,401028450,2,1,0,18,19,1,5,0,0,1,0,0,0,0,3,1,6,6,1,13,3,-1,-1,-1,-1,5,E01017569,0,-1
2021430122254,2021,430122254,2,1,0,18,19,7,3,0,0,8,0,0,0,0,3,1,6,6,2,68,10,-1,-1,-1,-1,8,E01028623,0,-1
2021371113354,2021,371113354,1,19,0,13,13,6,2,0,0,0,0,0,0,0,4,1,6,6,3,-1,-1,-1,-1,-1,-1,-1,-1,0,-1
202160Z103153,2021,60Z103153,2,9,0,18,19,7,3,0,0,0,0,0,0,0,0,1,1,1,1,36,7,-1,-1,-1,-1,-1,-1,0,-1
2021461100003,2021,461100003,1,90,0,18,19,8,4,0,0,1,0,0,8,0,3,1,6,6,1,31,6,-1,-1,-1,-1,2,E01024616,0,-1
202134WNC3561,2021,34WNC3561,2,1,0,18,19,5,1,0,0,0,5,0,0,0,1,1,6,6,1,52,8,-1,-1,-1,-1,9,E01027022,0,-1
202163C086421,2021,63C086421,2,9,0,18,19,3,7,0,0,8,0,0,7,10,1,1,6,6,1,20,4,-1,-1,-1,-1,5,W01000593,0,-1
2021411095917,2021,411095917,1,1,0,18,19,7,3,0,0,0,0,0,0,0,1,1,5,6,1,11,3,-1,-1,-1,-1,5,E01023631,0,-1
2021531063793,2021,531063793,3,1,0,18,19,-1,-1,0,0,0,0,0,0,0,-1,1,6,6,1,58,9,-1,-1,-1,-1,10,E01022146,0,-1
2021401111067,2021,401111067,2,1,0,18,19,1,5,9,9,0,0,0,0,0,1,1,6,6,2,36,7,-1,-1,-1,-1,3,E01017536,0,-1
2021010300052,2021,010300052,2,9,0,99,99,9,9,99,99,9,9,99,9,99,1,9,6,6,3,-1,-1,-1,-1,-1,-1,-1,-1,0,-1
2021010319476,2021,010319476,1,4,0,18,19,1,5,0,0,1,0,11,0,0,1,1,6,6,3,-1,-1,-1,-1,-1,-1,-1,-1,0,-1
2021010294519,2021,010294519,2,9,0,99,99,9,9,99,99,9,9,99,9,99,1,9,6,6,3,-1,-1,-1,-1,-1,-1,-1,-1,0,-1
2021991086724,2021,991086724,3,9,0,15,15,5,1,0,0,0,0,0,7,0,1,1,5,6,1,41,7,-1,-1,-1,-1,7,-1,0,-1
2021531044125,2021,531044125,2,1,0,12,12,1,1,9,9,8,0,0,0,0,1,1,4,7,1,11,3,-1,-1,-1,-1,9,E01022100,0,-1
2021302100454,2021,302100454,2,1,0,18,19,2,6,0,0,0,0,0,0,0,3,1,6,6,1,50,8,-1,-1,-1,-1,10,E01013560,0,-1
2021201145452,2021,201145452,2,9,0,5,5,2,6,0,0,6,0,0,0,0,1,1,6,6,3,-1,-1,-1,-1,-1,-1,-1,-1,0,-1
2021351126097,2021,351126097,2,9,0,2,2,0,0,0,0,1,0,0,0,0,2,1,5,6,3,-1,-1,-1,-1,-1,-1,-1,-1,0,-1
2021111093812,2021,111093812,2,1,0,7,7,3,5,0,0,1,0,0,0,0,1,1,6,6,1,44,7,-1,-1,-1,-1,5,E01020772,0,-1
2021052102029,2021,052102029,1,9,0,18,19,7,3,0,0,1,0,0,0,0,1,1,6,6,1,-1,-1,-1,-1,-1,-1,-1,-1,0,-1
2021111013129,2021,111013129,1,9,0,1,1,3,7,0,0,1,0,0,0,0,2,1,6,6,2,30,6,-1,-1,-1,-1,1,E01020874,0,-1
2021010333537,2021,010333537,2,1,0,18,19,1,5,0,0,5,0,0,0,0,4,1,6,6,1,62,9,-1,-1,-1,-1,8,E01003355,0,-1
2021010311803,2021,010311803,2,9,0,11,11,5,1,0,0,8,0,0,0,0,4,1,6,6,3,-1,-1,-1,-1,-1,-1,-1,-1,0,-1
2021531026731,2021,531026731,2,1,0,18,19,1,1,0,0,8,0,0,0,0,4,1,6,6,1,36,7,-1,-1,-1,-1,5,E01022148,0,-1
2021010307730,2021,010307730,2,1,0,9,9,3,1,4,4,2,0,0,0,0,4,1,1,1,1,20,4,-1,-1,-1,-1,5,E01002399,0,-1
2021010321048,2021,010321048,1,1,0,99,99,9,9,99,99,9,9,99,9,99,9,1,6,6,1,23,5,-1,-1,-1,-1,2,E01004719,0,-1
2021061078573,2021,061078573,1,-1,0,7,7,8,2,0,0,8,0,0,0,0,1,1,6,6,3,30,6,-1,-1,-1,-1,-1,-1,0,-1
2021052102115,2021,052102115,1,1,0,18,19,3,7,0,0,1,0,0,0,0,1,1,2,2,1,32,6,-1,-1,-1,-1,1,E01006691,0,-1
2021610011821,2021,610011821,4,9,0,4,4,5,1,0,0,0,0,0,0,0,1,1,6,6,1,-1,-1,-1,-1,-1,-1,-1,-1,0,-1
2021010331684,2021,010331684,1,1,9,99,99,9,9,99,99,9,9,99,9,99,9,1,6,6,1,18,4,-1,-1,-1,-1,6,E01003738,0,-1
2021411105559,2021,411105559,3,9,0,18,19,3,7,0,0,0,0,0,0,0,1,1,5,6,1,74,10,-1,-1,-1,-1,2,E01023338,0,-1
2021201144779,2021,201144779,1,2,0,18,19,5,1,0,0,8,0,0,0,0,1,1,6,6,1,20,4,-1,-1,-1,-1,1,E01010456,0,-1
202160Z136831,2021,60Z136831,1,9,0,18,19,6,2,0,0,1,0,0,3,11,1,1,2,2,2,31,6,-1,-1,-1,-1,-1,-1,0,-1
2021411091025,2021,411091025,1,9,0,13,13,-1,-1,0,0,0,0,0,0,0,1,1,6,6,3,-1,-1,-1,-1,-1,-1,-1,-1,0,-1
2021371091524,2021,371091524,1,9,0,18,19,4,8,0,0,1,0,0,0,0,1,1,5,6,1,20,4,-1,-1,-1,-1,-1,-1,0,-1
2021332100994,2021,332100994,1,9,0,18,19,7,3,0,0,8,0,0,7,11,3,1,1,1,1,53,8,-1,-1,-1,-1,5,E01013766,0,-1
2021501111858,2021,501111858,1,19,0,18,19,8,4,0,0,0,0,0,0,0,4,1,6,6,3,-1,-1,-1,-1,-1,-1,-1,-1,0,-1
2021302100228,2021,302100228,2,2,0,13,13,2,8,0,0,0,0,0,0,0,0,1,6,6,3,-1,-1,-1,-1,-1,-1,5,E01019456,0,-1
2021201110629,2021,201110629,2,-1,0,18,19,1,6,0,0,1,0,0,0,0,1,1,6,6,1,28,6,-1,-1,-1,-1,1,E01010274,1,-1
2021520201603,2021,520201603,2,9,0,18,19,4,8,0,0,0,0,0,0,0,1,1,6,6,1,60,9,-1,-1,-1,-1,6,E01029266,0,-1
2021041065328,2021,041065328,2,9,0,18,19,5,1,0,0,4,0,0,0,0,2,1,6,6,3,40,7,-1,-1,-1,-1,-1,-1,0,-1
2021010335755,2021,010335755,1,98,9,99,99,9,9,99,99,9,9,99,9,99,9,1,6,6,3,-1,-1,-1,-1,-1,-1,-1,-1,0,-1
2021010298204,2021,010298204,2,1,0,14,14,3,7,0,0,1,0,0,0,0,1,1,2,2,1,37,7,-1,-1,-1,-1,3,E01003215,0,-1
2021221035588,2021,221035588,2,1,0,18,19,4,8,0,0,8,0,0,0,0,4,1,5,6,1,48,8,-1,-1,-1,-1,5,E01032475,0,-1
2021461119667,2021,461119667,2,9,0,18,19,5,1,0,0,0,0,0,0,0,1,1,5,6,3,-1,-1,-1,-1,-1,-1,-1,-1,0,-1
2021430476445,2021,430476445,1,20,0,18,19,6,2,0,0,8,0,0,0,0,0,1,6,6,3,-1,-1,-1,-1,-1,-1,-1,-1,0,-1
2021302100307,2021,302100307,2,9,0,18,19,2,6,0,0,4,0,0,0,0,1,1,6,6,3,-1,-1,-1,-1,-1,-1,5,E01019456,0,-1
2021302101971,2021,302101971,1,9,0,1,1,8,6,9,9,0,0,0,0,0,4,1,6,6,2,-1,-1,-1,-1,-1,-1,8,E01019586,0,-1
2021361126851,2021,361126851,1,90,0,18,19,5,1,0,0,1,0,0,0,0,1,1,6,6,3,-1,-1,-1,-1,-1,-1,-1,-1,0,-1
2021010296163,2021,010296163,1,1,9,99,99,9,9,99,99,9,9,99,9,99,9,1,2,2,2,36,7,-1,-1,-1,-1,5,E01003083,0,-1
2021052100668,2021,052100668,1,-1,0,18,19,5,1,0,0,0,0,0,0,0,1,1,6,6,1,19,4,-1,-1,-1,-1,1,E01006638,1,-1
2021371059224,2021,371059224,2,1,0,-1,-1,-1,-1,-1,-1,-1,-1,-1,-1,0,1,1,6,6,1,50,8,-1,-1,-1,-1,-1,-1,0,-1
2021361031636,2021,361031636,1,9,-1,-1,-1,-1,-1,-1,-1,0,-1,-1,-1,0,-1,1,6,6,3,-1,-1,-1,-1,-1,-1,-1,-1,0,-1
2021010350994,2021,010350994,1,1,9,99,99,9,9,99,99,9,9,99,9,99,9,1,6,6,2,37,7,-1,-1,-1,-1,3,E01001203,0,-1
2021111083059,2021,111083059,2,5,0,16,19,5,2,0,0,8,0,0,0,0,1,1,5,6,1,59,9,-1,-1,-1,-1,7,E01020655,0,-1
2021061072635,2021,061072635,1,9,0,18,19,3,7,0,0,0,0,0,0,0,4,1,6,6,3,18,4,-1,-1,-1,-1,-1,-1,0,-1
2021351102325,2021,351102325,1,9,0,18,19,6,1,0,0,3,0,0,0,0,1,1,6,6,1,50,8,-1,-1,-1,-1,-1,-1,0,-1
2021201143313,2021,201143313,5,9,0,18,19,4,8,0,0,1,0,0,0,0,0,1,1,1,2,-1,-1,-1,-1,-1,-1,-1,-1,0,-1
2021010364070,2021,010364070,1,1,9,99,99,9,9,99,99,0,9,99,9,99,9,1,6,6,3,-1,-1,-1,-1,-1,-1,-1,-1,0,-1
2021332100973,2021,332100973,1,9,0,18,19,5,1,0,0,0,0,0,0,0,1,1,6,6,2,35,6,-1,-1,-1,-1,2,E01013683,0,-1
2021451088068,2021,451088068,1,1,0,18,19,7,3,7,6,2,0,0,0,0,0,1,6,6,1,67,10,-1,-1,-1,-1,-1,-1,0,-1
2021141126551,2021,141126551,1,9,0,18,19,7,3,0,0,0,0,0,0,0,1,1,6,6,1,33,6,-1,-1,-1,-1,1,E01007948,0,-1
2021622100850,2021,622100850,2,9,0,9,9,4,3,0,0,6,0,0,0,0,3,1,2,2,1,69,10,-1,-1,-1,-1,10,W01001777,0,-1
2021440016624,2021,440016624,2,1,0,18,19,7,3,0,0,8,0,0,0,0,4,1,6,6,1,57,9,-1,-1,-1,-1,2,E01032879,0,-1
202163C060821,2021,63C060821,2,9,0,4,4,6,2,0,0,0,0,0,0,0,3,1,6,6,1,55,8,-1,-1,-1,-1,-1,-1,0,-1
2021552100676,2021,552100676,1,9,0,13,13,3,7,0,0,0,0,0,0,0,4,1,6,6,3,-1,-1,-1,-1,-1,-1,-1,-1,0,-1
2021501088196,2021,501088196,1,9,0,13,13,6,2,0,0,0,0,0,0,0,4,1,6,6,3,-1,-1,-1,-1,-1,-1,-1,-1,0,-1
202131C053021,2021,31C053021,2,1,0,18,19,6,2,0,0,0,0,0,0,0,1,1,6,6,1,14,3,-1,-1,-1,-1,2,E01013897,0,-1
2021430024658,2021,430024658,1,1,0,18,19,2,6,0,0,0,0,0,0,0,3,1,6,6,1,66,10,-1,-1,-1,-1,6,E01016507,0,-1
2021170S10341,2021,170S10341,2,9,0,3,3,8,4,0,0,1,0,0,0,0,2,1,6,6,1,27,6,-1,-1,-1,-1,1,E01033477,0,-1
2021201129481,2021,201129481,2,1,0,5,5,6,2,0,0,8,0,0,0,0,3,1,6,6,2,38,7,-1,-1,-1,-1,6,E01009041,0,-1
2021522105755,2021,522105755,1,-1,0,18,19,1,5,0,0,1,0,0,0,0,2,1,6,6,2,14,3,-1,-1,-1,-1,1,E01032514,1,-1
2021471101205,2021,471101205,2,-1,0,18,19,7,3,9,9,0,0,0,0,0,3,1,6,6,1,30,6,-1,-1,-1,-1,4,E01031834,1,-1
2021031113152,2021,031113152,2,9,0,2,2,0,0,0,0,0,0,0,0,0,3,1,5,6,2,-1,-1,-1,-1,-1,-1,4,E01019274,0,-1
2021430494822,2021,430494822,2,9,0,18,19,5,1,0,0,0,0,0,0,0,4,1,6,6,2,46,8,-1,-1,-1,-1,10,E01016430,0,-1
2021010325103,2021,010325103,3,1,9,99,99,9,9,99,99,9,9,99,9,99,9,1,6,6,3,28,6,-1,-1,-1,-1,2,E01003479,0,-1
2021010292815,2021,010292815,1,1,9,99,99,9,9,99,99,9,9,99,9,99,1,1,2,2,2,43,7,-1,-1,-1,-1,6,E01004529,0,-1