collision_index,collision_year,collision_ref_no,vehicle_reference,vehicle_type,towing_and_articulation,vehicle_manoeuvre_historic,vehicle_manoeuvre,vehicle_direction_from,vehicle_direction_to,vehicle_location_restricted_lane_historic,vehicle_location_restricted_lane,junction_location,skidding_and_overturning,hit_object_in_carriageway,vehicle_leaving_carriageway,hit_object_off_carriageway,first_point_of_impact,vehicle_left_hand_drive,journey_purpose_of_driver_historic,journey_purpose_of_driver,sex_of_driver,age_of_driver,age_band_of_driver,engine_capacity_cc,propulsion_code,age_of_vehicle,generic_make_model,driver_imd_decile,lsoa_of_driver,escooter_flag,driver_distance_banding
2021131094911,2021,131094911,2,90,0,18,19,1,2,0,0,8,0,0,0,0,3,1,6,6,3,-1,-1,-1,-1,-1,-1,-1,-1,0,-1
2021211068639,2021,211068639,1,1,0,5,5,1,4,0,0,6,0,0,0,0,1,1,5,6,2,11,3,-1,-1,-1,-1,4,E01029431,0,-1
2021061029857,2021,061029857,2,9,0,4,4,8,4,0,0,0,0,0,0,0,2,1,5,6,3,30,6,-1,-1,-1,-1,-1,-1,0,-1
2021010309302,2021,010309302,2,9,0,99,99,9,9,99,99,0,9,99,9,99,2,9,6,6,3,-1,-1,-1,-1,-1,-1,-1,-1,0,-1
2021161090279,2021,161090279,2,1,0,18,19,1,5,0,0,0,0,0,0,0,3,1,6,6,1,25,5,-1,-1,-1,-1,-1,-1,0,-1
2021440388326,2021,440388326,2,1,0,18,19,3,7,0,0,0,0,0,0,0,3,1,6,6,1,18,4,-1,-1,-1,-1,8,E01023141,0,-1
2021451060472,2021,451060472,2,1,0,4,4,7,3,0,0,1,0,0,0,0,1,1,6,6,1,40,7,-1,-1,-1,-1,-1,-1,0,-1
2021440104711,2021,440104711,1,1,0,18,19,6,2,0,0,0,0,0,0,0,1,1,1,1,1,18,4,-1,-1,-1,-1,10,E01032870,0,-1
2021351060904,2021,351060904,2,1,0,18,19,2,7,0,0,4,0,0,0,0,2,1,6,6,2,27,6,-1,-1,-1,-1,9,E01032792,0,-1
2021520103666,2021,520103666,2,9,0,18,19,1,5,0,0,0,0,0,0,0,1,1,6,6,1,24,5,-1,-1,-1,-1,5,E01029108,0,-1
2021320515040,2021,320515040,1,19,0,18,19,4,8,0,0,0,0,0,0,0,1,1,6,6,3,40,7,-1,-1,-1,-1,-1,-1,0,-1
2021320369929,2021,320369929,1,9,0,18,19,3,7,0,0,1,0,0,0,9,1,1,6,6,1,38,7,-1,-1,-1,-1,1,E01026152,0,-1
2021430280892,2021,430280892,1,21,0,12,12,7,2,0,0,1,0,0,0,0,1,1,6,6,1,-1,-1,-1,-1,-1,-1,-1,-1,0,-1
2021122100503,2021,122100503,1,9,0,3,3,5,1,0,0,2,0,0,0,0,1,1,6,6,1,62,9,-1,-1,-1,-1,-1,-1,0,-1
2021332100807,2021,332100807,1,8,0,6,6,5,5,0,0,3,0,0,0,0,1,1,1,1,1,60,9,-1,-1,-1,-1,6,E01013709,0,-1
2021010351988,2021,010351988,2,-1,0,18,19,1,5,0,0,1,1,12,0,0,4,1,6,6,3,20,4,-1,-1,-1,-1,-1,-1,1,-1
2021302101087,2021,302101087,1,19,0,5,5,2,6,0,0,1,0,0,0,0,3,1,1,1,1,52,8,-1,-1,-1,-1,-1,-1,0,-1
2021161071857,2021,161071857,1,-1,0,18,19,3,7,0,0,0,0,0,0,0,0,1,6,6,1,30,6,-1,-1,-1,-1,2,E01013283,1,-1
2021471042932,2021,471042932,1,22,0,5,5,5,1,9,9,0,0,0,0,0,1,1,5,6,1,59,9,-1,-1,-1,-1,9,E01021042,0,-1
2021471042082,2021,471042082,1,-1,0,18,19,3,7,9,9,0,0,0,0,0,1,1,6,6,2,-1,-1,-1,-1,-1,-1,-1,-1,1,-1
2021010344735,2021,010344735,1,-1,0,18,19,1,3,9,9,9,0,99,0,0,1,1,6,6,3,-1,-1,-1,-1,-1,-1,-1,-1,1,-1
2021052101550,2021,052101550,1,9,0,17,19,2,6,0,0,1,0,0,0,0,3,1,6,6,3,-1,-1,-1,-1,-1,-1,-1,-1,0,-1
202134WNC2841,2021,34WNC2841,3,19,0,18,19,3,7,0,0,0,0,0,0,0,0,1,1,1,1,53,8,-1,-1,-1,-1,1,E01006875,0,-1
2021010316683,2021,010316683,1,1,9,99,99,9,9,99,99,9,9,99,9,99,9,1,2,2,2,27,6,-1,-1,-1,-1,2,E01004185,0,-1
2021522102180,2021,522102180,2,1,0,5,5,5,1,5,5,0,0,0,0,0,3,1,4,7,1,14,3,-1,-1,-1,-1,-1,-1,0,-1
2021052101031,2021,052101031,1,9,0,18,19,3,7,0,0,0,0,0,0,0,1,1,6,6,3,-1,-1,-1,-1,-1,-1,-1,-1,0,-1
2021010328353,2021,010328353,6,9,0,2,2,0,0,9,9,0,0,0,0,0,1,1,6,6,3,-1,-1,-1,-1,-1,-1,-1,-1,0,-1
2021522105835,2021,522105835,1,9,0,9,9,5,3,0,0,5,0,0,0,0,3,1,6,6,1,26,6,-1,-1,-1,-1,8,E01028712,0,-1
2021201114575,2021,201114575,2,9,0,9,9,1,8,0,0,8,0,0,0,0,1,1,6,6,2,41,7,-1,-1,-1,-1,1,E01009141,0,-1
2021610001421,2021,610001421,1,9,0,18,19,8,4,0,0,0,0,0,0,0,1,1,6,6,1,39,7,-1,-1,-1,-1,-1,-1,0,-1
2021610031821,2021,610031821,2,21,0,9,9,4,2,0,0,2,0,0,0,0,3,1,6,6,1,49,8,-1,-1,-1,-1,-1,-1,0,-1
2021031077322,2021,031077322,2,1,0,4,4,1,5,0,0,0,0,0,0,0,1,1,5,6,1,27,6,-1,-1,-1,-1,8,E01019365,0,-1
2021010334515,2021,010334515,2,1,0,18,19,1,5,0,0,8,5,0,0,0,3,1,2,2,1,56,9,-1,-1,-1,-1,1,E01033455,0,-1
2021371021720,2021,371021720,2,1,0,18,19,7,3,0,0,0,0,0,0,0,2,1,5,6,2,25,5,-1,-1,-1,-1,5,E01030267,0,-1
2021522102606,2021,522102606,2,9,0,9,9,4,3,0,0,8,0,0,0,0,1,1,6,6,1,40,7,-1,-1,-1,-1,-1,-1,0,-1
2021141029615,2021,141029615,2,1,0,18,19,7,3,0,0,8,0,0,0,0,3,1,5,6,1,41,7,-1,-1,-1,-1,7,E01032926,0,-1
2021610007321,2021,610007321,2,1,0,18,19,7,4,0,0,3,0,0,0,0,2,1,6,6,1,49,8,-1,-1,-1,-1,-1,-1,0,-1
2021430505909,2021,430505909,1,9,0,8,8,7,8,0,0,1,0,0,0,0,2,1,6,6,1,43,7,-1,-1,-1,-1,10,E01017820,0,-1
2021010302076,2021,010302076,2,9,0,99,99,9,9,99,99,9,9,99,9,99,1,9,6,6,3,-1,-1,-1,-1,-1,-1,1,E01002038,0,-1
2021320425953,2021,320425953,1,3,0,18,19,2,6,0,0,0,1,0,0,0,4,1,6,6,1,20,4,-1,-1,-1,-1,-1,-1,0,-1
2021161018707,2021,161018707,1,1,0,18,19,8,4,0,0,8,0,0,0,0,3,1,6,6,1,59,9,-1,-1,-1,-1,9,E01013103,0,-1
2021010319980,2021,010319980,2,9,0,99,99,9,9,99,99,9,9,99,9,99,9,9,6,6,3,61,9,-1,-1,-1,-1,4,E01003758,0,-1
2021010344077,2021,010344077,2,8,0,4,4,5,1,0,0,1,0,0,0,0,4,1,6,6,1,21,5,-1,-1,-1,-1,-1,-1,0,-1
2021131086729,2021,131086729,2,1,0,18,19,7,3,0,0,1,0,0,0,0,4,1,6,6,1,38,7,-1,-1,-1,-1,7,E01010593,0,-1
2021010332666,2021,010332666,2,9,9,99,99,9,9,99,99,0,9,99,9,99,9,9,6,6,1,-1,-1,-1,-1,-1,-1,-1,-1,0,-1
2021440462531,2021,440462531,2,9,0,18,19,1,5,0,0,1,0,0,0,0,1,1,6,6,1,25,5,-1,-1,-1,-1,1,E01017102,0,-1
2021131053101,2021,131053101,2,1,0,17,19,5,3,0,0,4,0,0,0,0,0,1,1,1,1,50,8,-1,-1,-1,-1,6,E01011490,0,-1
2021332100370,2021,332100370,1,9,0,18,19,4,8,0,0,0,0,0,0,0,2,1,6,6,1,32,6,-1,-1,-1,-1,2,E01032867,0,-1
2021031064726,2021,031064726,3,1,0,18,19,1,5,0,0,0,1,0,1,9,3,1,5,6,2,28,6,-1,-1,-1,-1,6,E01019178,0,-1
2021320704458,2021,320704458,2,9,0,18,19,1,5,0,0,0,0,0,0,0,2,1,6,6,3,-1,-1,-1,-1,-1,-1,-1,-1,0,-1
202131D156321,2021,31D156321,2,1,0,18,19,6,3,0,0,8,0,0,0,0,1,1,6,6,1,52,8,-1,-1,-1,-1,10,E01028415,0,-1
2021401030746,2021,401030746,1,9,0,18,19,5,3,0,0,0,0,0,0,0,1,1,1,1,1,66,10,-1,-1,-1,-1,3,E01017619,0,-1
2021010319374,2021,010319374,1,1,9,18,19,7,3,0,0,0,0,0,0,99,1,1,3,7,2,43,7,-1,-1,-1,-1,7,E01001290,0,-1
2021201095749,2021,201095749,1,9,0,9,9,4,2,0,0,8,0,0,0,0,1,1,6,6,2,-1,-1,-1,-1,-1,-1,-1,-1,0,-1
2021170S32121,2021,170S32121,1,1,0,18,19,6,2,0,0,4,0,0,0,0,1,1,6,6,1,60,9,-1,-1,-1,-1,2,E01012132,0,-1
2021131102724,2021,131102724,2,1,0,18,19,2,2,0,0,1,0,0,0,0,3,1,5,6,2,30,6,-1,-1,-1,-1,5,E01011479,0,-1
2021010290178,2021,010290178,2,9,0,99,99,9,9,99,99,9,9,99,9,99,1,9,6,6,3,-1,-1,-1,-1,-1,-1,-1,-1,0,-1
2021141086418,2021,141086418,1,9,0,4,4,3,7,0,0,0,0,0,0,0,2,1,5,6,1,66,10,-1,-1,-1,-1,4,E01007641,0,-1
2021371096914,2021,371096914,2,1,0,18,19,2,6,0,0,1,2,0,-1,0,-1,1,6,6,1,49,8,-1,-1,-1,-1,8,E01030048,0,-1
2021161026826,2021,161026826,1,1,0,18,19,3,7,0,0,8,5,0,0,0,3,1,6,6,2,22,5,-1,-1,-1,-1,3,E01012795,0,-1
2021052101920,2021,052101920,3,9,0,9,9,5,3,0,0,8,0,0,0,0,0,1,6,6,3,-1,-1,-1,-1,-1,-1,-1,-1,0,-1
2021170H10801,2021,170H10801,2,1,0,18,19,5,1,0,0,8,0,0,0,0,1,1,6,6,1,51,8,-1,-1,-1,-1,7,E01011998,0,-1
2021201131842,2021,201131842,2,9,0,18,19,2,6,0,0,8,0,0,0,0,4,1,6,6,1,36,7,-1,-1,-1,-1,4,E01009689,0,-1
2021430204628,2021,430204628,2,1,0,18,19,5,1,0,0,2,0,0,0,0,1,1,6,6,1,49,8,-1,-1,-1,-1,9,E01028444,0,-1
2021351054440,2021,351054440,2,1,0,18,19,2,6,0,0,0,0,0,0,0,1,1,6,6,1,45,7,-1,-1,-1,-1,1,E01015607,0,-1
2021061056755,2021,061056755,2,1,0,18,19,1,5,0,0,8,0,0,0,0,1,1,6,6,1,28,6,-1,-1,-1,-1,5,E01032911,0,-1
2021141076761,2021,141076761,1,23,0,18,19,5,1,0,0,0,0,4,0,0,3,1,6,6,1,40,7,-1,-1,-1,-1,1,E01007534,0,-1
2021010289468,2021,010289468,1,21,0,18,19,7,3,0,0,0,0,0,0,0,1,2,1,1,1,63,9,-1,-1,-1,-1,-1,-1,0,-1
2021211154127,2021,211154127,2,1,0,16,19,4,8,0,0,0,0,0,0,0,1,1,6,6,1,52,8,-1,-1,-1,-1,10,E01019848,0,-1
2021421076458,2021,421076458,1,9,0,3,3,1,5,0,0,1,0,0,0,0,1,1,6,6,3,-1,-1,-1,-1,-1,-1,-1,-1,0,-1
2021520201408,2021,520201408,3,9,0,9,9,2,7,0,0,0,0,0,0,0,2,1,6,6,1,46,8,-1,-1,-1,-1,5,E01029255,0,-1
2021430237671,2021,430237671,2,8,0,4,4,4,8,0,0,0,0,0,0,0,2,1,1,1,1,39,7,-1,-1,-1,-1,-1,-1,0,-1
2021052100465,2021,052100465,2,1,0,18,19,1,5,0,0,8,0,0,0,0,1,1,6,6,1,56,9,-1,-1,-1,-1,7,E01006918,0,-1
2021610011421,2021,610011421,2,9,0,18,19,6,4,0,0,1,0,0,0,0,1,1,1,1,2,18,4,-1,-1,-1,-1,-1,-1,0,-1
202160Z002178,2021,60Z002178,1,9,0,13,13,8,4,0,0,0,0,0,0,0,1,1,6,6,2,22,5,-1,-1,-1,-1,-1,-1,0,-1
2021161114623,2021,161114623,2,1,0,9,9,8,5,0,0,0,0,0,0,0,2,1,6,6,2,-1,-1,-1,-1,-1,-1,-1,-1,0,-1
2021010307160,2021,010307160,2,4,0,7,7,4,6,0,0,6,0,0,0,0,1,1,6,6,3,-1,-1,-1,-1,-1,-1,-1,-1,0,-1
2021010324921,2021,010324921,2,1,9,99,99,9,9,99,99,0,9,99,9,99,9,1,6,6,3,-1,-1,-1,-1,-1,-1,1,E01001574,0,-1
2021361111420,2021,361111420,1,1,0,18,19,1,5,0,0,8,0,0,0,0,1,1,4,7,1,11,3,-1,-1,-1,-1,2,E01026858,0,-1
2021041052555,2021,041052555,1,9,0,18,19,5,1,0,0,1,0,0,0,0,0,1,1,1,1,55,8,-1,-1,-1,-1,8,E01024993,0,-1
2021201083274,2021,201083274,1,19,0,18,19,3,7,0,0,8,0,0,0,0,1,1,1,1,1,-1,-1,-1,-1,-1,-1,-1,-1,0,-1
2021430333363,2021,430333363,2,-1,0,18,19,3,7,0,0,8,0,0,0,0,1,1,2,2,2,52,8,-1,-1,-1,-1,5,E01016280,1,-1
2021010290853,2021,010290853,2,97,0,9,9,7,5,2,2,6,0,0,0,0,1,1,6,6,3,-1,-1,-1,-1,-1,-1,-1,-1,0,-1
2021201085596,2021,201085596,1,9,0,4,4,-1,-1,0,0,6,0,0,0,0,1,1,6,6,1,-1,-1,-1,-1,-1,-1,-1,-1,0,-1
202160Z060587,2021,60Z060587,2,1,0,18,19,5,1,0,0,4,0,0,0,0,1,1,6,6,1,20,4,-1,-1,-1,-1,-1,-1,0,-1
2021101124679,2021,101124679,1,9,0,9,9,2,1,0,0,2,0,0,0,0,3,1,6,6,1,50,8,-1,-1,-1,-1,-1,-1,0,-1
2021320110912,2021,320110912,1,9,0,18,19,3,7,0,0,0,0,0,0,0,2,1,6,6,1,52,8,-1,-1,-1,-1,7,E01026314,0,-1
202160Z018369,2021,60Z018369,1,98,0,9,9,4,2,0,0,1,0,0,0,0,2,1,6,6,1,79,11,-1,-1,-1,-1,-1,-1,0,-1
2021481070395,2021,481070395,2,1,0,18,19,5,1,0,0,0,0,0,0,0,1,1,1,1,1,47,8,-1,-1,-1,-1,1,E01001847,0,-1
2021010321524,2021,010321524,2,19,9,99,99,9,9,99,99,1,9,99,9,99,9,9,6,6,3,-1,-1,-1,-1,-1,-1,-1,-1,0,-1
2021010337290,2021,010337290,2,9,9,7,7,1,3,0,0,1,9,99,0,0,9,9,6,6,3,-1,-1,-1,-1,-1,-1,-1,-1,0,-1
2021401039266,2021,401039266,2,9,0,18,19,5,1,0,0,0,0,0,0,0,3,1,6,6,2,23,5,-1,-1,-1,-1,2,E01015787,0,-1
2021411093477,2021,411093477,1,23,0,5,5,-1,-1,0,0,0,0,0,0,0,4,1,6,6,1,20,4,-1,-1,-1,-1,2,E01023339,0,-1
202163A094921,2021,63A094921,1,9,0,1,1,8,4,0,0,0,0,0,0,0,3,1,6,6,2,28,6,-1,-1,-1,-1,-1,-1,0,-1
2021201078226,2021,201078226,1,9,0,5,5,5,1,9,9,6,0,0,0,0,4,1,6,6,1,-1,-1,-1,-1,-1,-1,-1,-1,0,-1
2021201118562,2021,201118562,2,1,0,18,19,5,1,0,0,1,5,0,0,0,0,1,6,6,1,59,9,-1,-1,-1,-1,8,E01010514,0,-1
2021161063375,2021,161063375,2,1,0,18,19,2,6,0,0,1,0,0,0,0,1,1,2,2,1,54,8,-1,-1,-1,-1,2,E01012884,0,-1
2021161094289,2021,161094289,2,19,0,18,19,3,7,0,0,8,0,0,0,0,1,1,5,6,1,34,6,-1,-1,-1,-1,8,E01013149,0,-1
2021010312586,2021,010312586,2,9,0,99,99,9,9,99,99,9,9,99,9,99,2,9,6,6,3,-1,-1,-1,-1,-1,-1,4,E01018747,0,-1
2021461023483,2021,461023483,2,1,0,18,19,1,5,0,0,0,0,0,0,0,1,1,6,6,1,44,7,-1,-1,-1,-1,9,E01024253,0,-1
2021332100284,2021,332100284,2,9,0,9,9,2,8,0,0,5,0,0,0,0,3,1,6,6,1,33,6,-1,-1,-1,-1,2,E01013624,0,-1
2021010319199,2021,010319199,1,1,9,99,99,9,9,99,99,0,9,99,9,99,9,1,6,6,1,-1,-1,-1,-1,-1,-1,4,E01001140,0,-1
2021052100719,2021,052100719,2,1,0,18,19,8,4,0,0,0,0,0,0,0,3,1,6,6,2,6,2,-1,-1,-1,-1,1,E01006556,0,-1
2021430330461,2021,430330461,1,1,0,9,9,8,5,0,0,8,0,0,0,0,4,1,6,6,1,14,3,-1,-1,-1,-1,9,E01016324,0,-1
2021101024812,2021,101024812,2,1,-1,9,9,8,3,0,0,3,0,0,0,0,-1,1,6,6,1,44,7,-1,-1,-1,-1,2,E01008252,0,-1
2021610019821,2021,610019821,1,9,0,18,19,7,4,0,0,0,0,0,0,0,1,1,6,6,2,21,5,-1,-1,-1,-1,-1,-1,0,-1
2021010318649,2021,010318649,2,1,9,99,99,9,9,99,99,9,9,99,9,99,9,1,6,6,3,-1,-1,-1,-1,-1,-1,5,E01002399,0,-1
2021010318941,2021,010318941,2,1,0,18,19,5,1,0,0,1,0,0,0,0,1,1,6,6,2,26,6,-1,-1,-1,-1,2,E01003132,0,-1
2021161034867,2021,161034867,2,9,0,18,19,1,5,0,0,0,0,0,0,0,2,1,5,6,1,62,9,-1,-1,-1,-1,3,E01013272,0,-1
2021010341871,2021,010341871,2,1,0,18,19,7,3,0,0,1,0,0,0,0,1,1,1,1,1,45,7,-1,-1,-1,-1,7,E01004166,0,-1
2021010341522,2021,010341522,2,1,0,18,19,5,1,4,4,1,0,0,0,0,3,1,3,7,2,59,9,-1,-1,-1,-1,6,E01003836,0,-1
2021010296502,2021,010296502,1,23,0,99,99,9,9,99,99,9,9,99,9,99,9,1,2,2,1,27,6,-1,-1,-1,-1,7,E01002898,0,-1
2021010298702,2021,010298702,2,23,0,15,15,9,9,0,0,1,0,0,0,0,3,1,6,6,1,21,5,-1,-1,-1,-1,5,E01004515,0,-1
2021010310313,2021,010310313,2,1,0,18,19,1,5,0,0,8,0,0,0,0,3,1,6,6,1,58,9,-1,-1,-1,-1,10,E01000830,0,-1
2021201149673,2021,201149673,1,20,0,18,19,7,3,0,0,0,1,0,8,3,2,1,1,1,1,27,6,-1,-1,-1,-1,4,E01009729,0,-1
2021231082287,2021,231082287,2,1,0,18,19,2,6,0,0,8,0,0,0,0,3,1,5,6,1,46,8,-1,-1,-1,-1,10,E01009672,0,-1
2021010290427,2021,010290427,1,1,9,99,99,9,9,99,99,8,0,99,9,99,9,1,6,6,1,27,6,-1,-1,-1,-1,3,E01003534,0,-1
202131A187521,2021,31A187521,2,9,0,18,19,8,4,0,0,8,0,0,0,0,0,1,6,6,3,-1,-1,-1,-1,-1,-1,-1,-1,0,-1
2021101072058,2021,101072058,1,9,0,18,19,7,3,0,0,1,0,0,0,0,1,1,6,6,3,-1,-1,-1,-1,-1,-1,-1,-1,0,-1
2021552100758,2021,552100758,1,9,0,17,19,8,2,0,0,0,0,0,0,0,4,1,6,6,3,-1,-1,-1,-1,-1,-1,-1,-1,0,-1
2021622100657,2021,622100657,2,10,0,2,2,0,0,0,0,1,0,0,0,0,2,1,6,6,3,-1,-1,-1,-1,-1,-1,-1,-1,0,-1
2021610003521,2021,610003521,1,1,0,18,19,8,4,9,9,1,0,0,0,0,1,1,6,6,2,13,3,-1,-1,-1,-1,-1,-1,0,-1
2021201138764,2021,201138764,1,9,0,18,19,3,7,0,0,8,1,0,0,0,1,1,6,6,1,35,6,-1,-1,-1,-1,7,E01010027,0,-1
2021501103482,2021,501103482,2,1,0,18,19,3,7,4,4,0,0,0,0,0,1,1,5,6,2,21,5,-1,-1,-1,-1,-1,-1,0,-1
2021111108788,2021,111108788,1,9,0,18,19,3,7,0,0,1,0,0,0,0,1,1,6,6,2,24,5,-1,-1,-1,-1,4,E01020893,0,-1
2021131070045,2021,131070045,3,9,0,4,4,5,1,0,0,0,0,0,0,0,1,1,6,6,1,42,7,-1,-1,-1,-1,1,E01033697,0,-1
2021010323151,2021,010323151,1,1,0,18,19,5,1,0,0,1,0,0,0,0,9,1,2,2,1,40,7,-1,-1,-1,-1,5,E01003340,0,-1
2021010345222,2021,010345222,1,1,9,99,99,9,9,99,99,3,9,99,9,99,9,1,2,2,2,51,8,-1,-1,-1,-1,5,E01003260,0,-1
2021010330971,2021,010330971,2,9,0,9,9,1,7,0,0,8,9,0,0,0,1,9,6,6,3,39,7,-1,-1,-1,-1,4,E01001167,0,-1
2021461118631,2021,461118631,1,9,0,18,19,4,8,0,0,0,0,0,0,0,0,1,6,6,3,-1,-1,-1,-1,-1,-1,-1,-1,0,-1
202163C041021,2021,63C041021,1,9,0,18,19,4,8,0,0,0,5,0,3,10,1,1,6,6,2,23,5,-1,-1,-1,-1,3,W01000604,0,-1
2021010341110,2021,010341110,1,1,0,18,19,1,5,0,0,8,0,0,0,0,1,1,6,6,1,42,7,-1,-1,-1,-1,3,E01003145,0,-1
2021311124385,2021,311124385,1,9,0,18,19,5,1,0,0,0,0,0,0,0,3,1,6,6,1,30,6,-1,-1,-1,-1,-1,-1,0,-1
2021010294262,2021,010294262,2,9,9,18,19,5,1,0,0,8,0,0,0,0,3,9,6,6,3,-1,-1,-1,-1,-1,-1,-1,-1,0,-1
2021302101258,2021,302101258,1,9,0,9,9,2,7,0,0,5,0,0,0,0,4,1,6,6,3,-1,-1,-1,-1,-1,-1,5,E01019456,0,-1
2021552100451,2021,552100451,2,1,0,18,19,6,2,9,9,8,0,0,0,0,1,1,6,6,1,51,8,-1,-1,-1,-1,8,E01020400,0,-1
2021161016755,2021,161016755,1,9,0,18,19,7,3,0,0,0,0,0,0,0,1,1,6,6,3,-1,-1,-1,-1,-1,-1,-1,-1,0,-1
2021010288151,2021,010288151,2,1,0,18,19,3,7,9,9,8,0,0,0,0,1,1,6,6,1,45,7,-1,-1,-1,-1,4,E01003213,0,-1
2021010313868,2021,010313868,2,1,9,99,99,9,9,99,99,9,9,99,9,99,1,1,2,2,1,41,7,-1,-1,-1,-1,3,E01003135,0,-1
2021010343691,2021,010343691,4,19,0,18,19,4,8,0,0,0,0,0,0,0,3,1,6,6,3,-1,-1,-1,-1,-1,-1,-1,-1,0,-1
2021122100477,2021,122100477,2,1,0,18,19,1,5,0,0,0,0,0,0,0,2,1,6,6,1,42,7,-1,-1,-1,-1,7,E01027592,0,-1
2021101055229,2021,101055229,2,-1,0,18,19,5,1,0,0,0,0,0,0,0,4,1,5,6,1,22,5,-1,-1,-1,-1,1,E01027518,1,-1
2021430559464,2021,430559464,2,1,0,18,19,7,6,4,4,5,0,0,0,0,3,1,6,6,1,81,11,-1,-1,-1,-1,6,E01028586,0,-1
2021231098244,2021,231098244,2,1,0,18,19,5,1,0,0,0,0,0,0,0,2,1,5,6,1,42,7,-1,-1,-1,-1,10,E01031299,0,-1
2021061070483,2021,061070483,2,1,0,18,19,3,7,0,0,8,0,0,0,0,1,1,6,6,2,30,6,-1,-1,-1,-1,3,E01005297,0,-1
2021010308864,2021,010308864,2,19,0,99,99,9,9,99,99,9,9,99,9,99,9,9,6,6,3,-1,-1,-1,-1,-1,-1,-1,-1,0,-1
2021201133242,2021,201133242,1,17,0,18,19,6,1,0,0,8,0,0,0,0,1,1,6,6,3,-1,-1,-1,-1,-1,-1,-1,-1,0,-1
2021010325817,2021,010325817,2,1,9,99,99,9,9,99,99,9,9,99,9,99,9,1,6,6,3,46,8,-1,-1,-1,-1,6,E01003281,0,-1
2021430134161,2021,430134161,2,1,0,18,19,8,4,0,0,4,0,0,0,0,3,1,6,6,1,40,7,-1,-1,-1,-1,-1,-1,0,-1
2021371079079,2021,371079079,1,98,0,18,19,5,1,0,0,0,0,0,0,0,3,1,6,6,3,-1,-1,-1,-1,-1,-1,-1,-1,0,-1
2021520105615,2021,520105615,1,21,4,12,12,5,1,0,0,0,0,0,0,0,0,1,6,6,3,-1,-1,-1,-1,-1,-1,-1,-1,0,-1
2021552100036,2021,552100036,2,9,0,17,19,8,4,0,0,8,0,7,1,11,4,1,6,6,1,71,10,-1,-1,-1,-1,1,E01015281,0,-1
2021440384950,2021,440384950,1,1,0,18,19,1,5,0,0,6,0,0,0,0,1,1,6,6,1,14,3,-1,-1,-1,-1,7,E01017041,0,-1
2021451054284,2021,451054284,2,1,0,18,19,5,1,0,0,4,0,0,0,0,1,1,5,6,1,28,6,-1,-1,-1,-1,9,E01030802,0,-1
2021010299965,2021,010299965,2,9,0,18,19,6,2,0,0,8,0,0,0,0,3,1,6,6,3,-1,-1,-1,-1,-1,-1,-1,-1,0,-1
2021010328590,2021,010328590,2,1,0,9,9,3,8,0,0,1,0,0,0,0,2,1,1,1,1,26,6,-1,-1,-1,-1,1,E01004257,0,-1
2021332101527,2021,332101527,4,9,0,18,19,7,3,0,0,1,0,0,0,0,0,1,6,6,1,61,9,-1,-1,-1,-1,-1,-1,0,-1
2021010313183,2021,010313183,2,1,0,18,19,5,1,0,0,1,0,0,0,0,1,1,6,6,1,68,10,-1,-1,-1,-1,1,E01001714,0,-1
2021610027821,2021,610027821,1,19,0,16,19,2,4,0,0,1,0,0,0,0,4,1,6,6,1,19,4,-1,-1,-1,-1,-1,-1,0,-1
2021010335596,2021,010335596,2,9,0,99,99,9,9,99,99,9,9,99,9,99,1,9,6,6,3,-1,-1,-1,-1,-1,-1,-1,-1,0,-1
2021501087383,2021,501087383,1,1,0,16,19,1,5,0,0,0,0,0,0,0,1,1,5,6,2,49,8,-1,-1,-1,-1,9,E01027042,0,-1
2021991050487,2021,991050487,2,1,0,9,9,2,8,0,0,5,2,0,0,0,3,1,6,6,1,57,9,-1,-1,-1,-1,8,-1,0,-1
2021010327328,2021,010327328,1,1,9,99,99,9,9,99,99,9,9,99,9,99,9,1,6,6,1,41,7,-1,-1,-1,-1,1,E01002751,0,-1
2021161068103,2021,161068103,1,97,0,18,19,7,3,0,0,0,0,0,0,0,0,1,6,6,1,38,7,-1,-1,-1,-1,5,E01013107,0,-1
2021302101197,2021,302101197,3,11,0,18,19,4,8,0,0,1,0,0,0,0,0,1,6,6,3,-1,-1,-1,-1,-1,-1,5,E01019456,0,-1
2021332100634,2021,332100634,1,3,0,18,19,4,8,0,0,1,0,0,0,0,0,1,6,6,3,-1,-1,-1,-1,-1,-1,-1,-1,0,-1
2021070399497,2021,070399497,1,1,0,18,19,2,6,0,0,0,0,0,0,0,2,1,2,2,1,45,7,-1,-1,-1,-1,-1,-1,0,-1
202134WNC7041,2021,34WNC7041,2,1,0,9,9,3,1,0,0,8,0,0,0,0,4,1,6,6,1,18,4,-1,-1,-1,-1,7,E01026987,0,-1
2021461049630,2021,461049630,1,9,0,10,10,5,1,0,0,1,1,0,0,0,2,1,6,6,1,-1,-1,-1,-1,-1,-1,-1,-1,0,-1
2021010340188,2021,010340188,2,9,0,18,19,5,1,0,0,0,0,0,0,0,1,1,6,6,3,-1,-1,-1,-1,-1,-1,-1,-1,0,-1
202134WNC3211,2021,34WNC3211,2,1,0,18,19,2,6,0,0,8,0,0,0,0,1,1,6,6,1,53,8,-1,-1,-1,-1,1,E01027318,0,-1
202106A079893,2021,06A079893,2,9,0,4,4,4,8,0,0,0,0,0,0,0,1,1,6,6,3,30,6,-1,-1,-1,-1,-1,-1,0,-1
2021332100035,2021,332100035,1,1,0,15,15,7,3,0,0,0,0,0,0,0,1,1,6,6,1,19,4,-1,-1,-1,-1,9,E01026000,0,-1
2021201119208,2021,201119208,2,1,0,18,19,4,8,0,0,8,0,0,0,0,1,1,6,6,1,43,7,-1,-1,-1,-1,2,E01009966,0,-1
2021010328517,2021,010328517,2,3,0,18,19,5,1,0,0,1,0,0,0,0,1,1,2,2,1,30,6,-1,-1,-1,-1,5,E01000158,0,-1
2021201056003,2021,201056003,2,1,0,18,19,2,6,0,0,8,0,0,0,0,0,1,4,7,1,12,3,-1,-1,-1,-1,1,E01009480,0,-1
2021010340350,2021,010340350,1,9,0,99,99,9,9,99,99,9,9,99,9,99,9,9,6,6,2,30,6,-1,-1,-1,-1,3,E01004743,0,-1
2021101042045,2021,101042045,1,9,0,18,19,3,7,0,0,1,0,0,0,0,1,1,1,1,1,61,9,-1,-1,-1,-1,9,E01008580,0,-1