collision_index,collision_year,collision_ref_no,vehicle_reference,vehicle_type,towing_and_articulation,vehicle_manoeuvre_historic,vehicle_manoeuvre,vehicle_direction_from,vehicle_direction_to,vehicle_location_restricted_lane_historic,vehicle_location_restricted_lane,junction_location,skidding_and_overturning,hit_object_in_carriageway,vehicle_leaving_carriageway,hit_object_off_carriageway,first_point_of_impact,vehicle_left_hand_drive,journey_purpose_of_driver_historic,journey_purpose_of_driver,sex_of_driver,age_of_driver,age_band_of_driver,engine_capacity_cc,propulsion_code,age_of_vehicle,generic_make_model,driver_imd_decile,lsoa_of_driver,escooter_flag,driver_distance_banding
202160Z183915,2021,60Z183915,2,9,0,18,19,4,8,0,0,2,0,0,0,0,1,1,6,6,1,75,10,-1,-1,-1,-1,-1,-1,0,-1
2021141011334,2021,141011334,1,9,0,4,4,1,5,0,0,0,1,0,1,0,4,2,5,6,2,32,6,-1,-1,-1,-1,3,E01007375,0,-1
2021010287233,2021,010287233,1,9,0,17,19,1,5,0,0,8,0,0,0,0,1,1,6,6,1,48,8,-1,-1,-1,-1,5,E01002234,0,-1
2021041080038,2021,041080038,2,1,0,18,19,5,1,0,0,1,0,0,0,0,1,1,6,6,1,53,8,-1,-1,-1,-1,-1,-1,0,-1
2021041114023,2021,041114023,2,1,0,18,19,5,1,4,4,1,0,0,0,0,2,1,5,6,1,73,10,-1,-1,-1,-1,8,E01025301,0,-1
2021440240456,2021,440240456,1,9,0,18,19,5,1,0,0,8,0,0,0,0,1,1,1,1,1,41,7,-1,-1,-1,-1,4,E01017110,0,-1
202134WNC1881,2021,34WNC1881,2,9,0,10,10,3,7,0,0,6,0,0,0,0,1,1,2,2,1,64,9,-1,-1,-1,-1,7,E01027172,0,-1
202163D098921,2021,63D098921,2,9,0,10,10,8,6,0,0,1,0,0,0,0,1,1,6,6,1,28,6,-1,-1,-1,-1,5,W01000452,0,-1
2021520102203,2021,520102203,2,20,5,18,19,5,1,0,0,0,0,0,0,0,3,1,6,6,1,30,6,-1,-1,-1,-1,-1,-1,0,-1
2021041099179,2021,041099179,2,9,0,18,19,7,7,0,0,1,0,0,0,0,4,1,2,2,1,56,9,-1,-1,-1,-1,3,E01025097,0,-1
2021371025122,2021,371025122,2,1,0,10,10,2,6,0,0,0,0,0,0,0,3,1,6,6,1,36,7,-1,-1,-1,-1,1,E01030250,0,-1
2021351083531,2021,351083531,2,1,0,5,5,8,2,4,4,1,0,0,0,0,2,1,6,6,2,-1,-1,-1,-1,-1,-1,4,E01017953,0,-1
2021122100270,2021,122100270,1,20,0,18,19,5,1,0,0,0,0,0,0,0,1,1,1,1,1,45,7,-1,-1,-1,-1,10,E01027683,0,-1
2021131047846,2021,131047846,1,9,0,18,19,5,1,0,0,0,0,0,0,0,1,1,6,6,3,50,8,-1,-1,-1,-1,-1,-1,0,-1
202160Z106683,2021,60Z106683,2,9,0,18,19,5,1,0,0,0,0,0,0,0,1,1,6,6,2,38,7,-1,-1,-1,-1,-1,-1,0,-1
2021010303795,2021,010303795,2,9,0,99,99,9,9,99,99,0,9,99,9,99,9,9,6,6,3,-1,-1,-1,-1,-1,-1,2,E01001577,0,-1
2021302102057,2021,302102057,1,9,0,5,5,4,2,0,0,8,0,0,3,0,1,1,6,6,3,-1,-1,-1,-1,-1,-1,5,E01019456,0,-1
2021010302216,2021,010302216,1,9,0,9,9,5,4,0,0,6,0,0,0,0,1,1,6,6,3,-1,-1,-1,-1,-1,-1,-1,-1,0,-1
2021010319606,2021,010319606,2,1,0,18,19,7,3,9,9,1,0,0,0,0,1,1,6,6,2,17,4,-1,-1,-1,-1,3,E01003736,0,-1
2021411071605,2021,411071605,1,9,0,11,11,-1,-1,0,0,3,1,0,0,0,2,1,6,6,3,-1,-1,-1,-1,-1,-1,-1,-1,0,-1
2021421039349,2021,421039349,1,9,0,16,19,2,6,0,0,0,0,0,0,0,0,1,6,6,3,30,6,-1,-1,-1,-1,-1,-1,0,-1
2021010329929,2021,010329929,1,1,9,99,99,9,9,99,99,9,9,99,9,99,9,1,2,2,2,48,8,-1,-1,-1,-1,9,E01003838,0,-1
2021421125277,2021,421125277,2,1,0,9,9,4,2,0,0,3,0,0,0,0,3,1,5,6,1,59,9,-1,-1,-1,-1,7,E01021972,0,-1
2021451085178,2021,451085178,1,1,0,18,19,3,7,0,0,4,0,0,0,0,1,1,2,2,1,29,6,-1,-1,-1,-1,10,E01030419,0,-1
202154C401421,2021,54C401421,1,9,0,9,9,5,2,0,0,8,0,0,0,0,1,1,6,6,1,82,11,-1,-1,-1,-1,-1,-1,0,-1
2021610051920,2021,610051920,3,9,0,18,19,6,2,0,0,0,1,0,0,0,1,1,6,6,1,32,6,-1,-1,-1,-1,-1,-1,0,-1
2021010327385,2021,010327385,2,1,0,4,4,5,1,0,0,0,0,0,0,0,1,1,1,1,1,24,5,-1,-1,-1,-1,4,E01002987,0,-1
2021161112967,2021,161112967,1,9,0,18,19,8,4,0,0,0,0,0,0,0,1,1,6,6,1,-1,-1,-1,-1,-1,-1,-1,-1,0,-1
2021451044511,2021,451044511,1,1,0,18,19,1,3,0,0,8,0,0,0,0,0,1,5,6,1,25,5,-1,-1,-1,-1,3,E01002841,0,-1
2021010332514,2021,010332514,1,1,9,99,99,9,9,99,99,9,9,99,9,99,9,1,6,6,2,61,9,-1,-1,-1,-1,10,E01002937,0,-1
2021332100318,2021,332100318,1,8,0,18,19,5,2,0,0,6,0,0,0,0,1,1,1,1,1,43,7,-1,-1,-1,-1,4,E01013758,0,-1
2021610011721,2021,610011721,2,9,0,4,4,1,5,0,0,4,0,0,0,0,2,1,2,2,2,35,6,-1,-1,-1,-1,-1,-1,0,-1
2021170S10911,2021,170S10911,1,9,0,17,19,3,1,0,0,8,0,0,0,0,1,1,6,6,1,-1,-1,-1,-1,-1,-1,-1,-1,0,-1
20211382C1631,2021,1382C1631,2,1,0,9,9,7,5,0,0,1,0,0,0,0,3,1,1,1,1,19,4,-1,-1,-1,-1,1,E01011426,0,-1
2021010306649,2021,010306649,1,1,0,13,13,1,5,99,99,9,9,0,9,99,4,1,1,1,1,50,8,-1,-1,-1,-1,2,E01003124,0,-1
2021161039198,2021,161039198,2,19,0,4,4,6,2,0,0,1,0,0,0,0,4,1,6,6,3,-1,-1,-1,-1,-1,-1,-1,-1,0,-1
2021052101409,2021,052101409,2,1,0,18,19,6,1,0,0,4,0,0,0,0,3,1,1,1,2,20,4,-1,-1,-1,-1,4,E01006628,0,-1
2021101058199,2021,101058199,1,9,0,18,19,7,3,0,0,4,0,0,0,0,-1,1,6,6,3,-1,-1,-1,-1,-1,-1,-1,-1,0,-1
2021010344344,2021,010344344,2,9,0,99,99,9,9,99,99,9,9,99,9,99,9,9,6,6,3,-1,-1,-1,-1,-1,-1,-1,-1,0,-1
2021010319987,2021,010319987,1,1,0,18,19,3,7,9,9,7,0,0,1,0,1,1,6,6,1,31,6,-1,-1,-1,-1,-1,-1,0,-1
2021440431699,2021,440431699,2,9,0,9,9,1,7,0,0,8,0,0,0,0,3,1,6,6,3,-1,-1,-1,-1,-1,-1,-1,-1,0,-1
2021991086257,2021,991086257,1,5,0,15,15,1,5,0,0,0,0,0,0,0,1,1,5,6,1,21,5,-1,-1,-1,-1,-1,-1,0,-1
2021411048365,2021,411048365,1,9,0,16,19,8,3,0,0,8,1,9,0,0,3,1,1,1,2,46,8,-1,-1,-1,-1,3,E01023294,0,-1
202160Z134665,2021,60Z134665,2,9,0,18,19,2,6,0,0,0,0,0,1,0,1,1,6,6,2,38,7,-1,-1,-1,-1,-1,-1,0,-1
2021351102964,2021,351102964,1,1,0,18,19,1,5,0,0,1,2,0,0,0,1,1,5,6,1,14,3,-1,-1,-1,-1,3,E01015692,0,-1
2021010294348,2021,010294348,1,9,0,9,9,4,1,0,0,1,0,0,0,0,1,1,6,6,1,33,6,-1,-1,-1,-1,9,E01001067,0,-1
2021070718725,2021,070718725,2,1,0,18,19,6,4,0,0,8,0,2,0,0,0,1,6,6,1,27,6,-1,-1,-1,-1,6,E01018331,0,-1
2021010295543,2021,010295543,1,9,0,16,19,7,3,0,0,1,0,0,0,0,1,1,6,6,1,69,10,-1,-1,-1,-1,-1,-1,0,-1
2021010333221,2021,010333221,2,1,0,18,19,3,7,5,5,1,1,0,0,0,1,1,6,6,2,47,8,-1,-1,-1,-1,7,E01003170,0,-1
2021122100555,2021,122100555,1,9,0,15,15,6,2,0,0,0,0,0,0,0,4,1,6,6,3,-1,-1,-1,-1,-1,-1,-1,-1,0,-1
2021332100820,2021,332100820,1,17,4,16,19,4,8,0,0,0,0,0,0,0,0,1,1,1,1,27,6,-1,-1,-1,-1,10,E01028409,0,-1
2021421044237,2021,421044237,2,1,0,18,19,7,3,0,0,0,0,0,1,0,2,1,6,6,1,29,6,-1,-1,-1,-1,5,E01021497,0,-1
2021351066022,2021,351066022,2,1,-1,-1,-1,-1,-1,-1,-1,-1,-1,-1,-1,0,-1,1,6,6,1,22,5,-1,-1,-1,-1,6,E01018139,0,-1
2021421044602,2021,421044602,1,1,0,18,19,1,5,0,0,0,0,0,0,0,1,1,5,6,1,38,7,-1,-1,-1,-1,9,E01021577,0,-1
2021010308324,2021,010308324,1,9,0,18,19,7,3,0,0,1,0,0,0,0,1,1,6,6,3,-1,-1,-1,-1,-1,-1,-1,-1,0,-1
2021430387093,2021,430387093,1,1,0,18,19,5,1,0,0,0,0,0,0,0,1,1,6,6,1,32,6,-1,-1,-1,-1,-1,-1,0,-1
2021010334792,2021,010334792,2,9,0,99,99,9,9,99,99,9,9,99,9,99,1,9,6,6,3,-1,-1,-1,-1,-1,-1,9,E01000208,0,-1
2021522101902,2021,522101902,2,9,0,5,5,3,7,0,0,1,0,0,0,0,3,1,6,6,1,30,6,-1,-1,-1,-1,-1,-1,0,-1
2021421052505,2021,421052505,2,19,0,17,19,7,3,0,0,0,0,0,0,0,3,1,5,6,1,31,6,-1,-1,-1,-1,8,E01022093,0,-1
2021552101413,2021,552101413,1,1,0,18,19,7,3,0,0,0,0,0,0,0,1,1,6,6,1,70,10,-1,-1,-1,-1,7,E01020360,0,-1
2021320497059,2021,320497059,2,9,0,16,19,4,8,0,0,0,0,0,0,0,0,1,6,6,3,40,7,-1,-1,-1,-1,-1,-1,0,-1
2021332100492,2021,332100492,1,9,0,18,19,8,4,0,0,1,0,0,0,0,1,1,6,6,1,26,6,-1,-1,-1,-1,4,E01013756,0,-1
2021451077068,2021,451077068,2,1,0,18,19,1,5,0,0,1,0,0,0,0,1,1,6,6,1,59,9,-1,-1,-1,-1,6,E01030681,0,-1
2021010298044,2021,010298044,2,1,0,18,19,3,7,0,0,1,0,0,0,0,3,1,6,6,1,63,9,-1,-1,-1,-1,6,E01000857,0,-1
2021010297345,2021,010297345,1,98,0,99,99,9,9,99,99,9,9,0,1,99,9,9,6,6,3,-1,-1,-1,-1,-1,-1,-1,-1,0,-1
2021010318424,2021,010318424,2,1,0,18,19,1,5,0,0,8,0,0,0,0,1,1,6,6,1,18,4,-1,-1,-1,-1,2,E01002076,0,-1
2021991048412,2021,991048412,2,98,1,18,19,1,5,0,0,0,0,0,0,0,4,1,6,6,3,-1,-1,-1,-1,-1,-1,-1,-1,0,-1
2021170M30361,2021,170M30361,1,2,0,5,5,0,1,0,0,8,0,0,0,0,2,1,6,6,1,19,4,-1,-1,-1,-1,1,E01012045,0,-1
2021061027288,2021,061027288,2,9,-1,18,19,4,8,0,0,1,0,0,0,0,3,1,5,6,3,30,6,-1,-1,-1,-1,-1,-1,0,-1
2021471012487,2021,471012487,1,9,0,18,19,4,8,0,0,0,0,0,0,0,4,1,6,6,3,-1,-1,-1,-1,-1,-1,-1,-1,0,-1
2021061077767,2021,061077767,2,9,0,17,19,5,1,0,0,1,0,0,0,0,4,1,6,6,2,30,6,-1,-1,-1,-1,-1,-1,0,-1
2021332100801,2021,332100801,2,9,0,18,19,6,2,0,0,8,0,0,0,0,1,1,6,6,2,48,8,-1,-1,-1,-1,3,E01013698,0,-1
2021471038716,2021,471038716,2,9,0,18,19,1,5,0,0,2,0,0,0,0,0,1,6,6,3,-1,-1,-1,-1,-1,-1,-1,-1,0,-1
2021552100561,2021,552100561,2,1,0,18,19,8,4,0,0,8,0,0,0,0,1,1,6,6,2,46,8,-1,-1,-1,-1,9,E01015422,0,-1
202134WNC4011,2021,34WNC4011,1,19,0,12,12,3,7,0,0,0,0,0,0,0,1,1,1,1,1,36,7,-1,-1,-1,-1,10,E01028123,0,-1
2021010314571,2021,010314571,1,9,0,9,9,1,6,0,0,8,0,0,0,0,3,1,6,6,1,31,6,-1,-1,-1,-1,4,E01003919,0,-1
202134WNC1741,2021,34WNC1741,1,1,0,18,19,3,7,2,2,1,0,0,0,0,3,1,2,2,1,49,8,-1,-1,-1,-1,1,E01027244,0,-1
2021061140369,2021,061140369,1,1,0,18,19,7,3,0,0,8,0,0,0,0,2,1,2,2,1,65,9,-1,-1,-1,-1,1,E01005108,0,-1
2021161116478,2021,161116478,1,1,0,18,19,2,6,0,0,0,0,0,0,0,3,1,6,6,1,13,3,-1,-1,-1,-1,3,E01013134,0,-1
2021010319549,2021,010319549,2,9,0,18,19,5,1,0,0,1,0,0,0,0,1,1,6,6,3,21,5,-1,-1,-1,-1,-1,-1,0,-1
2021141079780,2021,141079780,1,9,0,18,19,7,3,0,0,0,0,0,0,0,3,1,6,6,1,40,7,-1,-1,-1,-1,9,E01011170,0,-1
2021010301297,2021,010301297,1,9,0,5,5,3,7,0,0,0,0,0,0,0,1,1,6,6,3,-1,-1,-1,-1,-1,-1,-1,-1,0,-1
2021161115435,2021,161115435,1,1,0,18,19,7,3,0,0,1,0,0,0,0,1,1,6,6,1,32,6,-1,-1,-1,-1,1,E01012895,0,-1
202160Z070996,2021,60Z070996,1,1,0,18,19,4,8,0,0,0,0,0,0,0,1,1,6,6,1,42,7,-1,-1,-1,-1,-1,-1,0,-1
2021131038222,2021,131038222,2,9,0,3,3,2,6,0,0,0,0,0,0,0,2,1,5,6,1,27,6,-1,-1,-1,-1,1,E01011723,0,-1
2021501097888,2021,501097888,1,9,0,18,19,7,3,0,0,0,0,0,0,0,4,1,6,6,3,-1,-1,-1,-1,-1,-1,-1,-1,0,-1
2021010329040,2021,010329040,2,9,0,99,99,9,9,99,99,9,9,99,9,99,1,9,6,6,3,-1,-1,-1,-1,-1,-1,-1,-1,0,-1
2021332100194,2021,332100194,2,9,0,4,4,7,3,0,0,1,0,0,0,0,1,1,2,2,1,32,6,-1,-1,-1,-1,9,E01031113,0,-1
2021041038755,2021,041038755,1,9,0,18,19,5,1,0,0,8,0,0,0,0,1,1,5,6,2,39,7,-1,-1,-1,-1,1,E01012674,0,-1
2021351078524,2021,351078524,2,1,0,5,5,5,1,0,0,0,0,0,0,0,1,1,6,6,1,15,3,-1,-1,-1,-1,4,E01017947,0,-1
2021201037109,2021,201037109,2,1,0,18,19,7,3,0,0,1,0,0,0,0,4,1,3,7,1,12,3,-1,-1,-1,-1,1,E01009073,0,-1
202160Z015990,2021,60Z015990,1,9,0,18,19,7,3,0,0,0,0,0,1,11,3,1,6,6,2,36,7,-1,-1,-1,-1,-1,-1,0,-1
2021131098606,2021,131098606,1,9,0,18,19,-1,-1,0,0,8,0,0,0,0,-1,1,6,6,3,-1,-1,-1,-1,-1,-1,-1,-1,0,-1
2021141105120,2021,141105120,3,1,0,18,19,6,2,4,4,1,0,0,0,0,0,1,6,6,3,-1,-1,-1,-1,-1,-1,-1,-1,0,-1
2021010297966,2021,010297966,1,1,9,4,4,3,7,0,0,0,5,0,0,99,2,1,6,6,1,26,6,-1,-1,-1,-1,5,E01004515,0,-1
202160Z141608,2021,60Z141608,2,11,0,18,19,8,4,0,0,0,0,0,0,0,1,1,1,1,1,72,10,-1,-1,-1,-1,-1,-1,0,-1
2021010318760,2021,010318760,2,9,0,99,99,9,9,99,99,9,9,99,9,99,1,9,6,6,3,-1,-1,-1,-1,-1,-1,-1,-1,0,-1
2021141097093,2021,141097093,2,9,0,-1,-1,-1,-1,-1,-1,-1,-1,-1,-1,0,-1,1,6,6,3,-1,-1,-1,-1,-1,-1,-1,-1,0,-1
2021221040808,2021,221040808,1,19,0,18,19,7,3,0,0,0,0,0,0,0,4,1,6,6,3,34,6,-1,-1,-1,-1,-1,-1,0,-1
202131C119521,2021,31C119521,2,1,0,18,19,8,4,0,0,1,0,0,0,0,3,1,6,6,1,18,4,-1,-1,-1,-1,1,E01013960,0,-1
2021010336102,2021,010336102,2,1,0,18,19,5,1,0,0,2,0,0,0,0,1,1,6,6,2,56,9,-1,-1,-1,-1,3,E01001807,0,-1
2021332100879,2021,332100879,1,9,0,18,19,4,8,0,0,0,1,0,1,10,3,1,2,2,2,39,7,-1,-1,-1,-1,9,E01025733,0,-1
2021471116622,2021,471116622,3,9,0,7,7,1,3,0,0,8,0,0,0,0,0,1,6,6,3,-1,-1,-1,-1,-1,-1,-1,-1,0,-1
2021061102551,2021,061102551,2,1,0,18,19,2,7,0,0,8,0,0,0,0,1,1,6,6,1,24,5,-1,-1,-1,-1,5,E01006129,0,-1
2021070311629,2021,070311629,1,1,0,9,9,3,1,0,0,1,0,0,0,0,3,1,6,6,1,26,6,-1,-1,-1,-1,9,E01018408,0,-1
202131B077121,2021,31B077121,3,9,0,10,10,1,5,0,0,8,0,0,0,0,3,1,6,6,3,-1,-1,-1,-1,-1,-1,-1,-1,0,-1
2021610037321,2021,610037321,1,9,0,18,19,3,7,0,0,0,0,0,0,0,1,1,6,6,1,25,5,-1,-1,-1,-1,-1,-1,0,-1
2021010297882,2021,010297882,2,9,0,99,99,9,9,99,99,9,9,99,9,99,9,9,6,6,3,-1,-1,-1,-1,-1,-1,-1,-1,0,-1
202134WNC5541,2021,34WNC5541,2,1,0,18,19,3,7,0,0,8,0,0,0,0,3,1,2,2,2,58,9,-1,-1,-1,-1,-1,-1,0,-1
2021201092106,2021,201092106,2,1,0,18,19,2,6,0,0,0,0,0,0,0,1,1,6,6,1,42,7,-1,-1,-1,-1,1,E01009366,0,-1
2021052101832,2021,052101832,1,1,0,18,19,5,1,0,0,0,0,0,0,0,1,1,6,6,3,-1,-1,-1,-1,-1,-1,-1,-1,0,-1
2021201028493,2021,201028493,1,9,0,18,19,2,4,0,0,2,0,10,0,0,1,1,6,6,1,-1,-1,-1,-1,-1,-1,-1,-1,0,-1
202134NNC0351,2021,34NNC0351,2,1,0,18,19,5,1,0,0,0,0,0,0,0,2,1,6,6,1,33,6,-1,-1,-1,-1,-1,-1,0,-1
2021481048802,2021,481048802,1,1,0,13,13,7,3,5,5,2,0,0,0,0,1,1,2,2,1,30,6,-1,-1,-1,-1,-1,-1,0,-1
2021361057079,2021,361057079,1,9,-1,5,5,-1,-1,0,0,0,0,0,0,0,-1,1,6,6,1,-1,-1,-1,-1,-1,-1,-1,-1,0,-1
202160Z166630,2021,60Z166630,1,9,0,9,9,1,5,0,0,8,0,0,0,0,1,1,6,6,1,70,10,-1,-1,-1,-1,-1,-1,0,-1
2021320308256,2021,320308256,1,19,0,18,19,6,2,9,9,0,0,10,0,0,1,1,6,6,1,40,7,-1,-1,-1,-1,-1,-1,0,-1
2021010287458,2021,010287458,1,9,0,18,19,5,1,0,0,8,1,0,1,1,1,1,6,6,1,30,6,-1,-1,-1,-1,3,E01002502,0,-1
2021052101535,2021,052101535,1,8,0,6,6,1,1,0,0,0,0,0,0,0,4,1,6,6,3,-1,-1,-1,-1,-1,-1,-1,-1,0,-1
2021061035061,2021,061035061,1,9,0,18,19,5,5,0,0,0,0,0,0,0,1,1,6,6,3,-1,-1,-1,-1,-1,-1,-1,-1,0,-1
2021101044455,2021,101044455,2,1,0,7,7,2,4,0,0,1,0,0,0,0,4,1,5,6,1,70,10,-1,-1,-1,-1,3,E01008488,0,-1
2021351014149,2021,351014149,1,9,0,18,19,2,6,0,0,1,1,0,0,0,1,1,6,6,1,44,7,-1,-1,-1,-1,2,E01018078,0,-1
202160Z104639,2021,60Z104639,2,5,0,18,19,7,3,0,0,1,0,0,0,0,1,1,6,6,1,54,8,-1,-1,-1,-1,-1,-1,0,-1
2021010343719,2021,010343719,2,1,0,18,19,3,7,0,0,8,0,0,0,0,4,1,1,1,1,21,5,-1,-1,-1,-1,-1,-1,0,-1
2021531092947,2021,531092947,2,1,0,18,19,5,1,0,0,1,0,0,0,0,4,1,4,7,1,15,3,-1,-1,-1,-1,7,E01022355,0,-1
2021440409359,2021,440409359,2,17,0,16,19,4,8,0,0,4,0,0,0,0,1,1,1,1,1,30,6,-1,-1,-1,-1,4,E01022841,0,-1
2021061127103,2021,061127103,1,9,0,18,19,7,3,0,0,0,0,0,0,0,2,1,6,6,3,40,7,-1,-1,-1,-1,-1,-1,0,-1
2021161088700,2021,161088700,2,98,0,18,19,5,1,0,0,2,0,0,0,0,4,1,1,1,1,-1,-1,-1,-1,-1,-1,-1,-1,0,-1
2021201141618,2021,201141618,2,9,0,3,3,6,2,0,0,1,0,0,0,0,2,1,1,1,2,21,5,-1,-1,-1,-1,2,E01009348,0,-1
2021061126244,2021,061126244,1,90,0,18,19,1,5,0,0,1,0,0,0,0,1,1,6,6,3,30,6,-1,-1,-1,-1,-1,-1,0,-1
2021471033173,2021,471033173,2,90,-1,9,9,5,2,0,0,2,0,0,0,0,0,1,6,6,3,-1,-1,-1,-1,-1,-1,-1,-1,0,-1
2021461017815,2021,461017815,2,9,0,18,19,5,1,0,0,0,0,0,0,0,3,1,6,6,2,26,6,-1,-1,-1,-1,5,E01001029,0,-1
2021031026820,2021,031026820,1,9,0,5,5,1,5,0,0,1,0,0,0,0,1,1,6,6,3,-1,-1,-1,-1,-1,-1,-1,-1,0,-1
2021461116006,2021,461116006,1,9,0,18,19,3,7,0,0,0,0,0,0,0,1,1,6,6,2,-1,-1,-1,-1,-1,-1,9,E01024159,0,-1
2021010351083,2021,010351083,1,9,0,99,99,9,9,99,99,9,9,99,9,99,9,9,6,6,3,-1,-1,-1,-1,-1,-1,6,E01024163,0,-1
2021440049228,2021,440049228,2,9,0,4,4,4,8,0,0,1,0,0,0,0,2,1,2,2,1,31,6,-1,-1,-1,-1,6,E01023216,0,-1
2021010352473,2021,010352473,2,9,0,99,99,9,9,0,0,8,0,0,0,0,1,9,6,6,3,-1,-1,-1,-1,-1,-1,-1,-1,0,-1
2021520103942,2021,520103942,1,9,0,16,19,8,3,0,0,8,5,0,0,3,3,1,6,6,1,18,4,-1,-1,-1,-1,7,E01029063,0,-1
2021610021821,2021,610021821,3,20,0,18,19,1,0,0,0,0,0,0,0,0,1,1,6,6,3,-1,-1,-1,-1,-1,-1,-1,-1,0,-1
2021131073793,2021,131073793,1,9,0,18,19,4,8,0,0,8,0,0,0,0,-1,1,6,6,3,-1,-1,-1,-1,-1,-1,-1,-1,0,-1
2021010338296,2021,010338296,9,9,0,4,4,5,1,0,0,0,0,0,0,0,1,1,6,6,3,-1,-1,-1,-1,-1,-1,-1,-1,0,-1
2021010330143,2021,010330143,1,1,0,18,19,5,1,4,4,8,2,0,0,0,0,1,6,6,1,51,8,-1,-1,-1,-1,2,E01002712,0,-1
2021421093530,2021,421093530,1,1,0,18,19,7,3,0,0,0,0,0,0,0,3,1,6,6,1,11,3,-1,-1,-1,-1,2,E01015934,0,-1
202106X079199,2021,06X079199,1,9,0,18,19,3,7,0,0,0,0,0,0,0,1,1,6,6,2,35,6,-1,-1,-1,-1,1,E01025297,0,-1
2021332100673,2021,332100673,3,9,0,12,12,1,5,0,0,1,0,0,0,0,0,1,6,6,3,-1,-1,-1,-1,-1,-1,-1,-1,0,-1
2021361101543,2021,361101543,1,9,0,9,9,3,7,0,0,5,0,0,0,0,4,1,1,1,1,28,6,-1,-1,-1,-1,7,E01030200,0,-1
2021440434917,2021,440434917,3,9,0,12,12,1,5,0,0,8,0,0,0,0,0,1,6,6,3,-1,-1,-1,-1,-1,-1,-1,-1,0,-1
2021991096517,2021,991096517,1,1,0,18,19,8,4,0,0,0,0,0,0,0,3,1,1,1,1,29,6,-1,-1,-1,-1,5,-1,0,-1
2021421052951,2021,421052951,1,9,0,18,19,8,4,0,0,0,0,0,0,0,1,1,6,6,3,-1,-1,-1,-1,-1,-1,-1,-1,0,-1
202160Z142792,2021,60Z142792,2,97,0,4,4,3,7,0,0,1,0,0,0,0,3,1,3,7,2,47,8,-1,-1,-1,-1,-1,-1,0,-1
2021010323237,2021,010323237,1,1,0,18,19,7,3,5,5,2,0,0,0,0,3,1,6,6,1,41,7,-1,-1,-1,-1,2,E01000934,0,-1
2021991028038,2021,991028038,1,9,0,18,19,4,8,0,0,0,1,0,1,11,4,1,5,6,1,18,4,-1,-1,-1,-1,10,-1,0,-1
2021052101326,2021,052101326,1,9,0,9,9,7,5,0,0,8,0,0,0,0,1,1,6,6,3,-1,-1,-1,-1,-1,-1,-1,-1,0,-1
2021461075491,2021,461075491,4,19,0,2,2,0,0,0,0,0,0,0,0,0,3,1,5,6,1,51,8,-1,-1,-1,-1,1,E01024658,0,-1
2021010303393,2021,010303393,1,9,0,5,5,6,2,0,0,6,0,0,0,0,3,1,6,6,1,37,7,-1,-1,-1,-1,7,E01000442,0,-1
2021010323875,2021,010323875,2,1,0,18,19,3,7,5,5,8,0,0,0,0,1,1,6,6,1,39,7,-1,-1,-1,-1,2,E01000075,0,-1
2021332100198,2021,332100198,2,9,0,4,4,4,8,0,0,1,0,0,0,0,2,1,6,6,2,20,4,-1,-1,-1,-1,10,E01031179,0,-1
2021010302581,2021,010302581,2,1,0,18,19,2,6,0,0,0,0,0,0,0,3,1,4,7,1,11,3,-1,-1,-1,-1,9,E01000350,0,-1
2021201128038,2021,201128038,1,9,0,12,12,1,7,0,0,0,0,0,0,0,3,1,1,1,1,25,5,-1,-1,-1,-1,-1,-1,0,-1
2021052101550,2021,052101550,2,-1,0,18,19,6,2,0,0,2,0,0,0,0,1,1,1,1,2,22,5,-1,-1,-1,-1,3,E01006654,1,-1
2021131052974,2021,131052974,1,9,0,13,13,6,2,0,0,0,0,0,0,0,-1,1,6,6,3,-1,-1,-1,-1,-1,-1,-1,-1,0,-1
202160Z138905,2021,60Z138905,1,9,0,9,9,6,4,0,0,2,0,0,0,0,1,1,6,6,2,22,5,-1,-1,-1,-1,-1,-1,0,-1
2021430550201,2021,430550201,4,9,0,18,19,2,7,0,0,0,0,0,0,0,1,1,6,6,2,33,6,-1,-1,-1,-1,8,E01028765,0,-1
2021010287777,2021,010287777,2,9,0,99,99,9,9,99,99,9,9,99,9,99,1,9,6,6,3,-1,-1,-1,-1,-1,-1,-1,-1,0,-1
2021010303753,2021,010303753,1,9,0,18,19,4,8,0,0,1,0,10,1,1,1,1,6,6,1,20,4,-1,-1,-1,-1,2,E01001961,0,-1
2021221079761,2021,221079761,1,9,0,5,5,3,6,0,0,6,0,0,0,0,1,1,5,6,1,68,10,-1,-1,-1,-1,4,E01031185,0,-1
2021401131142,2021,401131142,2,1,0,9,9,4,2,0,0,5,0,0,0,0,4,1,2,2,1,31,6,-1,-1,-1,-1,2,E01015794,0,-1
2021461065551,2021,461065551,3,9,0,3,3,7,3,0,0,1,0,0,0,0,2,1,6,6,1,61,9,-1,-1,-1,-1,8,E01016148,0,-1
2021010298375,2021,010298375,1,1,9,18,19,3,7,4,4,1,9,0,0,99,1,1,6,6,1,27,6,-1,-1,-1,-1,8,E01004587,0,-1
2021501089835,2021,501089835,1,1,0,17,19,5,1,0,0,1,1,0,0,0,1,1,5,6,1,33,6,-1,-1,-1,-1,8,E01018855,0,-1
2021041050719,2021,041050719,1,1,0,13,13,7,3,0,0,1,0,0,0,0,1,1,6,6,1,56,9,-1,-1,-1,-1,10,E01025016,0,-1
2021141024261,2021,141024261,1,9,0,9,9,5,1,0,0,5,0,0,0,0,3,1,1,1,1,37,7,-1,-1,-1,-1,1,E01007634,0,-1
2021522104859,2021,522104859,1,9,0,18,19,1,5,0,0,1,0,0,0,0,1,1,6,6,3,-1,-1,-1,-1,-1,-1,-1,-1,0,-1
2021610018821,2021,610018821,1,9,0,18,19,4,8,0,0,0,0,0,0,0,4,1,2,2,1,32,6,-1,-1,-1,-1,-1,-1,0,-1
2021052200017,2021,052200017,1,9,0,18,19,3,7,0,0,0,0,0,0,0,4,1,6,6,3,-1,-1,-1,-1,-1,-1,-1,-1,0,-1
2021138420411,2021,138420411,2,19,0,9,9,7,5,0,0,0,0,0,0,0,3,1,6,6,1,-1,-1,-1,-1,-1,-1,-1,-1,0,-1
2021461017392,2021,461017392,2,1,0,3,3,1,5,0,0,0,0,0,0,0,3,1,6,6,1,20,4,-1,-1,-1,-1,2,E01024685,0,-1
2021131125962,2021,131125962,2,9,0,-1,-1,-1,-1,-1,-1,0,-1,-1,-1,0,-1,1,6,6,3,-1,-1,-1,-1,-1,-1,-1,-1,0,-1
2021430316024,2021,430316024,3,9,0,17,19,7,4,0,0,2,0,0,0,0,1,1,6,6,1,60,9,-1,-1,-1,-1,9,E01016541,0,-1