collision_index,collision_year,collision_ref_no,vehicle_reference,vehicle_type,towing_and_articulation,vehicle_manoeuvre_historic,vehicle_manoeuvre,vehicle_direction_from,vehicle_direction_to,vehicle_location_restricted_lane_historic,vehicle_location_restricted_lane,junction_location,skidding_and_overturning,hit_object_in_carriageway,vehicle_leaving_carriageway,hit_object_off_carriageway,first_point_of_impact,vehicle_left_hand_drive,journey_purpose_of_driver_historic,journey_purpose_of_driver,sex_of_driver,age_of_driver,age_band_of_driver,engine_capacity_cc,propulsion_code,age_of_vehicle,generic_make_model,driver_imd_decile,lsoa_of_driver,escooter_flag,driver_distance_banding
2021544123121,2021,544123121,3,9,0,18,19,5,1,0,0,0,0,0,0,0,1,1,6,6,1,47,8,-1,-1,-1,-1,6,E01032119,0,-1
2021522101331,2021,522101331,2,9,0,5,5,5,3,0,0,0,0,0,0,0,4,1,6,6,3,-1,-1,-1,-1,-1,-1,-1,-1,0,-1
2021052101882,2021,052101882,2,1,0,18,19,1,5,0,0,1,1,0,0,0,1,1,6,6,1,13,3,-1,-1,-1,-1,1,E01007051,0,-1
2021061096459,2021,061096459,1,1,0,18,19,1,1,0,0,0,0,0,0,0,1,1,6,6,1,30,6,-1,-1,-1,-1,-1,-1,0,-1
2021010342702,2021,010342702,2,9,0,99,99,9,9,99,99,9,9,99,9,99,9,9,6,6,3,-1,-1,-1,-1,-1,-1,-1,-1,0,-1
2021231111086,2021,231111086,2,9,0,9,9,7,5,0,0,6,0,0,0,0,4,1,6,6,1,62,9,-1,-1,-1,-1,9,E01028504,0,-1
2021221085619,2021,221085619,3,9,0,4,4,5,8,0,0,0,0,0,0,0,2,1,2,2,1,49,8,-1,-1,-1,-1,5,E01028979,0,-1
202163AF01821,2021,63AF01821,1,9,0,18,19,6,2,0,0,6,0,0,7,2,1,1,6,6,2,23,5,-1,-1,-1,-1,8,W01000704,0,-1
2021131041338,2021,131041338,2,9,0,18,19,5,1,0,0,0,0,0,0,0,1,1,2,2,1,35,6,-1,-1,-1,-1,1,E01010817,0,-1
2021461118840,2021,461118840,2,1,0,18,19,6,2,0,0,0,0,0,0,0,3,1,6,6,1,56,9,-1,-1,-1,-1,6,E01016075,0,-1
2021552100585,2021,552100585,2,1,0,18,19,7,3,0,0,0,0,0,0,0,2,1,2,2,1,45,7,-1,-1,-1,-1,6,E01020398,0,-1
2021332100071,2021,332100071,1,9,0,17,19,4,1,0,0,0,1,0,0,0,3,1,1,1,1,33,6,-1,-1,-1,-1,-1,-1,0,-1
2021161115356,2021,161115356,2,1,0,9,9,3,7,0,0,0,0,0,0,0,3,1,6,6,1,-1,-1,-1,-1,-1,-1,-1,-1,0,-1
2021010304868,2021,010304868,1,1,0,18,19,5,1,0,0,0,0,4,0,0,4,1,6,6,1,39,7,-1,-1,-1,-1,3,E01000819,0,-1
2021010336342,2021,010336342,2,1,0,18,19,6,2,0,0,2,0,0,1,0,4,1,6,6,1,30,6,-1,-1,-1,-1,6,E01002630,0,-1
2021201124550,2021,201124550,1,9,0,9,9,-1,-1,0,0,0,0,0,0,0,1,1,6,6,3,-1,-1,-1,-1,-1,-1,-1,-1,0,-1
2021010329614,2021,010329614,2,1,0,18,19,7,3,0,0,5,0,0,0,0,1,1,1,1,2,36,7,-1,-1,-1,-1,2,E01004226,0,-1
2021070762431,2021,070762431,1,9,0,18,19,1,5,0,0,0,0,0,0,0,1,1,6,6,1,55,8,-1,-1,-1,-1,10,E01010186,0,-1
2021101041141,2021,101041141,1,9,-1,-1,-1,-1,-1,-1,-1,-1,-1,-1,-1,0,-1,1,6,6,1,-1,-1,-1,-1,-1,-1,-1,-1,0,-1
2021522102415,2021,522102415,1,1,0,18,19,1,5,0,0,1,0,0,0,0,4,1,6,6,1,24,5,-1,-1,-1,-1,10,E01014479,0,-1
2021991076478,2021,991076478,2,1,0,18,19,2,6,0,0,8,0,0,0,0,2,1,2,2,1,63,9,-1,-1,-1,-1,3,-1,0,-1
2021131069710,2021,131069710,2,9,0,18,19,5,1,0,0,1,0,0,0,0,4,1,1,1,1,74,10,-1,-1,-1,-1,10,E01010580,0,-1
2021440388807,2021,440388807,2,9,0,18,19,5,1,0,0,0,0,0,0,0,1,1,1,1,1,57,9,-1,-1,-1,-1,7,E01016301,0,-1
2021332100522,2021,332100522,1,4,0,18,19,6,2,0,0,6,1,0,0,0,1,1,6,6,1,28,6,-1,-1,-1,-1,9,E01032950,0,-1
2021010325646,2021,010325646,1,1,9,99,99,9,9,99,99,9,9,99,9,99,9,1,6,6,1,47,8,-1,-1,-1,-1,3,E01003331,0,-1
2021320154451,2021,320154451,2,1,0,18,19,3,7,0,0,0,0,0,0,0,0,1,6,6,1,44,7,-1,-1,-1,-1,-1,-1,0,-1
2021101077965,2021,101077965,1,1,0,5,5,7,3,0,0,1,0,0,0,0,1,1,5,6,1,27,6,-1,-1,-1,-1,1,E01008214,0,-1
2021010295661,2021,010295661,1,1,0,5,5,5,1,0,0,8,5,0,0,0,4,1,6,6,1,49,8,-1,-1,-1,-1,4,E01002643,0,-1
202160Z149033,2021,60Z149033,2,5,0,9,9,4,8,0,0,5,5,0,0,0,3,1,6,6,1,26,6,-1,-1,-1,-1,-1,-1,0,-1
2021522104055,2021,522104055,1,9,0,18,19,5,1,0,0,0,0,0,0,0,3,1,6,6,1,39,7,-1,-1,-1,-1,9,E01024454,0,-1
202160Z100682,2021,60Z100682,1,9,0,8,8,7,3,0,0,1,0,0,0,0,1,1,6,6,1,35,6,-1,-1,-1,-1,-1,-1,0,-1
2021010369403,2021,010369403,2,9,9,18,19,3,7,0,0,1,9,0,0,0,1,9,6,6,3,-1,-1,-1,-1,-1,-1,-1,-1,0,-1
2021610027221,2021,610027221,1,9,0,18,19,5,1,0,0,1,0,0,0,0,4,1,6,6,1,79,11,-1,-1,-1,-1,-1,-1,0,-1
2021622100389,2021,622100389,1,1,0,18,19,6,2,0,0,0,1,0,0,0,1,1,6,6,1,29,6,-1,-1,-1,-1,10,W01001394,0,-1
2021401109312,2021,401109312,2,9,0,9,9,3,1,0,0,8,0,0,0,0,0,1,6,6,3,-1,-1,-1,-1,-1,-1,-1,-1,0,-1
2021010348794,2021,010348794,1,1,9,99,99,9,9,99,99,9,9,99,9,99,9,1,2,2,2,31,6,-1,-1,-1,-1,2,E01001351,0,-1
2021010328947,2021,010328947,1,9,0,3,3,4,8,0,0,1,0,0,0,0,1,1,2,2,1,50,8,-1,-1,-1,-1,9,E01021745,0,-1
2021401031327,2021,401031327,1,9,0,18,19,-1,-1,0,0,0,0,0,0,0,1,1,6,6,3,-1,-1,-1,-1,-1,-1,-1,-1,0,-1
2021421076777,2021,421076777,2,1,0,18,19,3,7,0,0,0,0,0,0,0,3,1,6,6,2,12,3,-1,-1,-1,-1,1,E01016007,0,-1
2021010344738,2021,010344738,2,9,0,99,99,9,9,99,99,9,9,99,9,99,2,9,6,6,3,-1,-1,-1,-1,-1,-1,-1,-1,0,-1
202131B068021,2021,31B068021,2,1,0,18,19,6,2,0,0,8,0,0,0,0,1,1,6,6,2,50,8,-1,-1,-1,-1,8,E01028035,0,-1
2021061112148,2021,061112148,2,90,0,18,19,7,3,0,0,8,0,0,0,0,1,1,6,6,3,30,6,-1,-1,-1,-1,-1,-1,0,-1
2021010335704,2021,010335704,1,1,0,18,19,2,6,4,4,1,5,0,0,0,1,1,6,6,1,46,8,-1,-1,-1,-1,9,E01003478,0,-1
2021610021921,2021,610021921,1,9,0,9,9,2,7,0,0,6,0,4,0,0,1,1,2,2,1,45,7,-1,-1,-1,-1,-1,-1,0,-1
2021010297088,2021,010297088,2,1,0,16,19,5,1,0,0,2,0,0,0,0,2,1,6,6,1,34,6,-1,-1,-1,-1,5,E01002061,0,-1
2021070515601,2021,070515601,1,9,0,5,5,6,2,0,0,1,0,0,0,0,4,1,6,6,3,-1,-1,-1,-1,-1,-1,-1,-1,0,-1
2021031133291,2021,031133291,2,9,0,18,19,2,6,0,0,1,0,0,0,0,2,1,6,6,2,38,7,-1,-1,-1,-1,6,E01019146,0,-1
2021101032394,2021,101032394,1,11,-1,-1,-1,-1,-1,-1,-1,-1,-1,-1,-1,0,-1,1,1,1,1,-1,-1,-1,-1,-1,-1,-1,-1,0,-1
2021471064299,2021,471064299,2,1,0,11,11,1,5,0,0,1,0,0,0,0,2,1,6,6,1,51,8,-1,-1,-1,-1,2,E01020955,0,-1
2021010314108,2021,010314108,2,9,0,18,19,7,3,0,0,1,0,0,0,0,1,1,1,1,1,42,7,-1,-1,-1,-1,4,E01003914,0,-1
2021161116410,2021,161116410,1,-1,0,18,19,6,2,0,0,6,0,0,0,0,2,1,6,6,1,12,3,-1,-1,-1,-1,1,E01013144,1,-1
202160Z169727,2021,60Z169727,2,9,5,18,19,1,5,0,0,0,0,0,0,0,3,1,6,6,1,57,9,-1,-1,-1,-1,-1,-1,0,-1
2021421029718,2021,421029718,2,1,0,5,5,5,8,0,0,0,0,0,0,0,1,1,6,6,1,58,9,-1,-1,-1,-1,4,E01021688,0,-1
2021371018326,2021,371018326,1,9,0,18,19,3,8,0,0,0,0,0,0,0,1,1,6,6,1,64,9,-1,-1,-1,-1,9,E01022013,0,-1
2021031121333,2021,031121333,1,9,0,1,1,3,7,0,0,8,0,0,0,0,2,1,5,6,1,48,8,-1,-1,-1,-1,5,E01025239,0,-1
2021010348118,2021,010348118,1,9,0,99,99,9,9,99,99,0,9,99,9,99,0,9,6,6,3,-1,-1,-1,-1,-1,-1,-1,-1,0,-1
2021522101035,2021,522101035,1,1,0,5,5,5,1,0,0,6,0,0,0,0,1,1,6,6,2,23,5,-1,-1,-1,-1,1,E01014580,0,-1
202154B071921,2021,54B071921,1,1,0,18,19,5,2,0,0,1,0,0,1,0,2,1,6,6,1,23,5,-1,-1,-1,-1,9,E01023163,0,-1
2021101080018,2021,101080018,2,1,0,16,19,5,8,9,9,0,0,0,0,0,2,1,5,6,2,8,2,-1,-1,-1,-1,1,E01027527,0,-1
2021010310432,2021,010310432,3,1,0,18,19,5,1,0,0,2,0,0,0,0,0,1,6,6,1,54,8,-1,-1,-1,-1,9,E01000762,0,-1
2021411117797,2021,411117797,2,1,0,15,15,5,1,0,0,0,0,4,0,0,3,1,2,2,1,44,7,-1,-1,-1,-1,8,E01023872,0,-1
2021070549658,2021,070549658,3,9,0,18,19,3,7,0,0,0,0,0,0,0,2,1,1,1,1,54,8,-1,-1,-1,-1,6,-1,0,-1
2021302100421,2021,302100421,5,9,0,5,5,0,0,0,0,0,0,0,0,0,0,1,6,6,3,-1,-1,-1,-1,-1,-1,5,E01019456,0,-1
2021010305339,2021,010305339,1,1,9,99,99,9,9,99,99,9,9,99,9,99,9,1,2,2,1,54,8,-1,-1,-1,-1,2,E01003297,0,-1
2021010345090,2021,010345090,1,1,0,99,99,9,9,0,0,8,0,0,0,0,0,1,2,2,2,27,6,-1,-1,-1,-1,3,E01000092,0,-1
2021170M21041,2021,170M21041,1,1,0,18,19,1,5,0,0,0,0,0,0,0,2,1,6,6,1,17,4,-1,-1,-1,-1,1,E01012075,0,-1
2021461035369,2021,461035369,1,9,0,3,3,1,5,0,0,0,0,0,0,0,4,1,1,1,1,25,5,-1,-1,-1,-1,5,E01023992,0,-1
2021010289371,2021,010289371,2,1,0,18,19,5,1,0,0,1,0,0,0,0,2,1,1,1,1,36,7,-1,-1,-1,-1,2,E01003732,0,-1
2021440434394,2021,440434394,4,9,0,18,19,1,5,0,0,1,0,0,0,0,1,1,6,6,3,-1,-1,-1,-1,-1,-1,-1,-1,0,-1
2021332100810,2021,332100810,2,9,0,18,19,1,5,0,0,2,0,0,0,0,1,1,6,6,1,20,4,-1,-1,-1,-1,7,E01025969,0,-1
2021461090890,2021,461090890,1,9,0,18,19,3,7,0,0,0,0,0,0,0,1,1,6,6,3,-1,-1,-1,-1,-1,-1,-1,-1,0,-1
2021010296783,2021,010296783,2,9,0,99,99,9,9,99,99,9,9,99,9,99,2,9,6,6,3,-1,-1,-1,-1,-1,-1,-1,-1,0,-1
2021010291566,2021,010291566,1,1,9,99,99,9,9,99,99,0,9,99,9,99,9,1,2,2,2,25,5,-1,-1,-1,-1,8,E01004479,0,-1
2021010348459,2021,010348459,1,1,9,99,99,9,9,99,99,9,9,99,9,99,1,1,2,2,1,34,6,-1,-1,-1,-1,2,E01000905,0,-1
2021461043140,2021,461043140,2,1,0,18,19,6,2,0,0,3,0,0,0,0,2,1,1,1,1,29,6,-1,-1,-1,-1,7,E01024067,0,-1
2021231111361,2021,231111361,2,1,0,18,19,5,1,0,0,8,0,0,0,0,4,1,5,6,2,56,9,-1,-1,-1,-1,6,E01031144,0,-1
2021070003095,2021,070003095,1,9,0,18,19,8,4,0,0,0,0,0,0,0,3,1,6,6,3,-1,-1,-1,-1,-1,-1,-1,-1,0,-1
2021440412341,2021,440412341,2,19,0,18,19,1,5,0,0,1,0,0,0,0,1,1,6,6,3,-1,-1,-1,-1,-1,-1,-1,-1,0,-1
2021010343142,2021,010343142,1,1,9,99,99,9,9,99,99,9,9,99,9,99,9,1,2,2,2,50,8,-1,-1,-1,-1,8,E01003399,0,-1
2021061104021,2021,061104021,2,1,0,18,19,6,5,0,0,4,0,0,0,0,2,1,6,6,1,27,6,-1,-1,-1,-1,1,E01006351,0,-1
2021161036608,2021,161036608,1,1,0,18,19,3,7,4,4,8,0,0,0,0,3,1,2,2,2,24,5,-1,-1,-1,-1,1,E01013218,0,-1
2021010316662,2021,010316662,2,1,0,18,19,1,5,0,0,0,0,0,0,0,2,1,6,6,1,61,9,-1,-1,-1,-1,9,E01000831,0,-1
20211383M0228,2021,1383M0228,2,1,0,18,19,7,3,0,0,8,0,0,0,0,2,1,6,6,1,37,7,-1,-1,-1,-1,9,E01011310,0,-1
2021161096106,2021,161096106,1,1,0,18,19,2,6,0,0,0,0,0,0,0,4,1,1,1,1,26,6,-1,-1,-1,-1,7,E01013321,0,-1
2021522101714,2021,522101714,1,1,0,18,19,3,7,0,0,0,0,4,0,0,1,1,6,6,1,35,6,-1,-1,-1,-1,3,E01033344,0,-1
2021501064798,2021,501064798,1,1,0,18,19,1,5,0,0,8,0,0,0,0,2,1,1,1,2,45,7,-1,-1,-1,-1,3,E01018978,0,-1
2021552101208,2021,552101208,2,1,0,18,19,2,6,0,0,0,0,0,0,0,3,1,4,7,1,16,4,-1,-1,-1,-1,4,E01015327,0,-1
2021010314865,2021,010314865,2,1,0,18,19,6,2,0,0,1,0,0,0,0,1,1,1,1,1,35,6,-1,-1,-1,-1,9,E01000207,0,-1
2021201127215,2021,201127215,2,9,0,18,19,2,6,0,0,8,0,0,0,0,1,1,6,6,3,-1,-1,-1,-1,-1,-1,-1,-1,0,-1
2021122100277,2021,122100277,1,9,4,1,1,8,4,0,0,5,0,0,0,0,3,1,1,1,1,59,9,-1,-1,-1,-1,8,E01027886,0,-1
2021451036485,2021,451036485,1,1,0,18,19,1,1,0,0,0,0,0,0,0,3,1,5,6,2,52,8,-1,-1,-1,-1,10,E01030727,0,-1
2021010316766,2021,010316766,1,21,1,18,19,7,3,0,0,0,0,0,0,0,3,2,1,1,1,49,8,-1,-1,-1,-1,-1,-1,0,-1
2021610041521,2021,610041521,2,9,0,18,19,3,7,0,0,0,0,0,0,0,1,1,6,6,2,22,5,-1,-1,-1,-1,-1,-1,0,-1
2021461100028,2021,461100028,2,1,0,18,19,3,7,0,0,8,5,0,0,0,4,1,6,6,1,42,7,-1,-1,-1,-1,9,E01024175,0,-1
2021552101165,2021,552101165,2,-1,0,18,19,3,7,0,0,8,0,0,0,0,1,1,6,6,1,28,6,-1,-1,-1,-1,4,E01015385,1,-1
2021302101509,2021,302101509,1,97,0,13,13,4,6,0,0,4,0,0,0,0,1,1,6,6,1,44,7,-1,-1,-1,-1,8,E01019535,0,-1
2021041104864,2021,041104864,1,9,0,18,19,5,1,0,0,1,0,0,0,0,0,1,6,6,3,-1,-1,-1,-1,-1,-1,-1,-1,0,-1
2021131066289,2021,131066289,2,1,0,18,19,5,1,0,0,8,0,0,0,0,1,1,2,2,1,46,8,-1,-1,-1,-1,10,E01010774,0,-1
2021041107177,2021,041107177,1,9,0,9,9,4,8,0,0,6,0,0,0,0,0,1,6,6,3,-1,-1,-1,-1,-1,-1,-1,-1,0,-1
2021131062384,2021,131062384,2,1,0,18,19,6,2,0,0,1,0,0,0,0,1,1,5,6,1,47,8,-1,-1,-1,-1,6,E01011005,0,-1
202160Z114751,2021,60Z114751,2,2,0,18,19,4,8,0,0,1,0,0,0,0,1,1,6,6,1,17,4,-1,-1,-1,-1,-1,-1,0,-1
20211383T0800,2021,1383T0800,3,1,0,18,19,4,1,0,0,0,0,0,0,0,1,1,6,6,2,7,2,-1,-1,-1,-1,1,E01010821,0,-1
2021351110544,2021,351110544,1,9,0,18,19,-1,-1,0,0,1,0,0,0,0,1,1,6,6,2,-1,-1,-1,-1,-1,-1,-1,-1,0,-1
2021461025240,2021,461025240,2,1,0,4,4,1,5,0,0,1,0,0,0,0,1,1,6,6,1,49,8,-1,-1,-1,-1,9,E01024818,0,-1
2021332100057,2021,332100057,1,9,0,18,19,4,8,0,0,0,5,10,1,4,1,1,6,6,1,38,7,-1,-1,-1,-1,1,E01009513,0,-1
2021531021372,2021,531021372,2,9,0,2,2,7,3,0,0,0,0,0,0,0,1,2,6,6,3,-1,-1,-1,-1,-1,-1,-1,-1,0,-1
2021111032969,2021,111032969,1,9,0,5,5,6,2,0,0,0,0,0,0,0,-1,1,6,6,3,30,6,-1,-1,-1,-1,-1,-1,0,-1
2021010313513,2021,010313513,2,90,0,18,19,4,8,0,0,1,0,0,0,0,1,1,6,6,1,43,7,-1,-1,-1,-1,4,E01002621,0,-1
202131C121521,2021,31C121521,2,9,0,18,19,1,5,0,0,2,0,0,0,0,1,1,6,6,2,40,7,-1,-1,-1,-1,6,E01028374,0,-1
2021010332666,2021,010332666,1,9,9,99,99,9,9,99,99,0,9,99,9,99,9,9,6,6,1,24,5,-1,-1,-1,-1,3,E01000441,0,-1
2021421067802,2021,421067802,2,9,0,18,19,5,1,0,0,0,0,0,0,0,2,1,2,2,1,48,8,-1,-1,-1,-1,3,E01022019,0,-1
2021031073567,2021,031073567,2,9,0,17,19,1,5,0,0,0,2,0,0,0,1,1,2,2,1,26,6,-1,-1,-1,-1,-1,-1,0,-1
2021010331821,2021,010331821,2,9,0,7,7,5,8,0,0,1,0,0,0,0,1,1,6,6,3,-1,-1,-1,-1,-1,-1,-1,-1,0,-1
2021141104151,2021,141104151,2,9,0,4,4,3,7,0,0,1,0,0,0,0,1,1,6,6,1,-1,-1,-1,-1,-1,-1,8,E01011579,0,-1
2021501065603,2021,501065603,1,9,0,18,19,7,3,0,0,0,0,0,0,0,4,1,1,1,1,55,8,-1,-1,-1,-1,10,E01020194,0,-1
2021010310492,2021,010310492,2,1,0,18,19,1,5,0,0,0,0,0,0,0,0,1,6,6,1,26,6,-1,-1,-1,-1,5,E01002667,0,-1
2021141079497,2021,141079497,1,9,0,-1,-1,-1,-1,-1,-1,0,-1,-1,-1,0,-1,1,6,6,3,-1,-1,-1,-1,-1,-1,-1,-1,0,-1
2021430265736,2021,430265736,2,1,0,18,19,7,3,0,0,8,0,0,0,0,1,1,6,6,1,69,10,-1,-1,-1,-1,8,E01017921,0,-1
2021061135766,2021,061135766,2,1,0,18,19,4,8,0,0,0,0,0,0,0,4,1,2,2,1,32,6,-1,-1,-1,-1,2,E01005566,0,-1
2021031107273,2021,031107273,1,9,0,18,19,3,7,0,0,0,0,0,0,0,4,1,6,6,3,-1,-1,-1,-1,-1,-1,-1,-1,0,-1
202154A305621,2021,54A305621,1,9,0,18,19,5,1,0,0,1,0,0,0,0,0,1,6,6,3,-1,-1,-1,-1,-1,-1,-1,-1,0,-1
2021440015683,2021,440015683,1,1,0,18,19,5,3,0,0,8,0,0,0,0,2,1,6,6,2,45,7,-1,-1,-1,-1,10,E01022891,0,-1
2021010301208,2021,010301208,2,9,0,18,19,7,3,0,0,0,0,0,0,0,2,1,6,6,1,35,6,-1,-1,-1,-1,7,E01030858,0,-1
2021010349898,2021,010349898,1,1,9,99,99,9,9,99,99,9,9,99,9,99,1,1,6,6,1,-1,-1,-1,-1,-1,-1,-1,-1,0,-1
2021440224040,2021,440224040,2,9,0,4,4,4,8,0,0,4,0,0,0,0,2,1,6,6,1,44,7,-1,-1,-1,-1,10,E01023229,0,-1
2021440222955,2021,440222955,2,9,0,18,19,3,7,0,0,8,0,0,0,0,1,1,6,6,1,51,8,-1,-1,-1,-1,9,E01023267,0,-1
2021010346654,2021,010346654,2,-1,0,4,4,3,7,0,0,1,0,0,0,0,3,1,1,1,2,39,7,-1,-1,-1,-1,8,E01004593,1,-1
2021041029825,2021,041029825,1,98,0,18,19,1,5,0,0,1,0,0,0,0,0,1,6,6,3,-1,-1,-1,-1,-1,-1,-1,-1,0,-1
2021010294684,2021,010294684,1,1,9,99,99,9,9,99,99,9,9,99,9,99,9,1,6,6,1,33,6,-1,-1,-1,-1,1,E01001786,0,-1
2021010302713,2021,010302713,2,1,9,99,99,9,9,99,99,9,9,99,9,99,9,1,6,6,1,-1,-1,-1,-1,-1,-1,-1,-1,0,-1
202160Z081205,2021,60Z081205,1,9,0,18,19,1,5,0,0,0,0,0,0,0,1,1,6,6,2,66,10,-1,-1,-1,-1,-1,-1,0,-1
2021332100914,2021,332100914,1,9,0,9,9,5,2,0,0,6,0,0,0,0,1,1,2,2,1,46,8,-1,-1,-1,-1,9,E01028095,0,-1
2021430304253,2021,430304253,2,1,0,18,19,8,4,0,0,0,0,0,0,0,3,1,6,6,1,46,8,-1,-1,-1,-1,10,E01016411,0,-1
2021461110927,2021,461110927,1,9,0,18,19,1,5,0,0,8,0,0,0,0,4,1,6,6,1,-1,-1,-1,-1,-1,-1,-1,-1,0,-1
2021101094316,2021,101094316,2,1,0,18,19,4,8,0,0,1,2,0,0,0,1,1,2,2,1,42,7,-1,-1,-1,-1,2,E01008744,0,-1
2021430169459,2021,430169459,3,21,0,2,2,0,0,0,0,0,0,0,0,0,2,1,6,6,1,31,6,-1,-1,-1,-1,-1,-1,0,-1
2021411079932,2021,411079932,2,8,0,3,3,-1,-1,0,0,8,0,0,0,0,2,1,5,6,3,-1,-1,-1,-1,-1,-1,-1,-1,0,-1
2021031060327,2021,031060327,1,1,0,18,19,5,1,0,0,0,0,0,0,0,1,1,6,6,1,21,5,-1,-1,-1,-1,4,E01019389,0,-1
2021371089956,2021,371089956,1,22,0,-1,-1,-1,-1,-1,-1,0,-1,-1,-1,0,-1,1,5,6,1,52,8,-1,-1,-1,-1,2,E01029886,0,-1
2021131093568,2021,131093568,1,9,0,12,12,4,8,0,0,0,0,0,0,0,1,1,5,6,1,20,4,-1,-1,-1,-1,6,E01011299,0,-1
202131C055321,2021,31C055321,2,1,0,18,19,1,5,0,0,0,0,0,0,0,3,1,6,6,1,25,5,-1,-1,-1,-1,1,E01013817,0,-1
202160Z078366,2021,60Z078366,1,5,0,18,19,1,5,0,0,0,2,0,0,0,0,1,6,6,1,31,6,-1,-1,-1,-1,-1,-1,0,-1
2021010308318,2021,010308318,2,9,0,18,19,5,1,0,0,1,0,0,0,0,1,1,6,6,3,-1,-1,-1,-1,-1,-1,-1,-1,0,-1
2021010306724,2021,010306724,2,1,0,18,19,1,5,0,0,1,0,0,0,0,1,1,4,7,1,9,2,-1,-1,-1,-1,1,E01004257,0,-1
2021501090532,2021,501090532,2,9,0,3,3,1,5,0,0,0,0,0,0,0,2,1,5,6,1,52,8,-1,-1,-1,-1,4,E01020287,0,-1
2021411067495,2021,411067495,2,1,0,18,19,4,8,0,0,0,0,0,0,0,1,1,6,6,1,27,6,-1,-1,-1,-1,8,E01023616,0,-1
2021010304175,2021,010304175,1,1,9,99,99,9,9,99,99,9,9,99,9,99,1,1,2,2,1,48,8,-1,-1,-1,-1,6,E01000706,0,-1
202131B043921,2021,31B043921,2,22,0,18,19,7,3,0,0,0,5,0,0,0,3,1,6,6,1,82,11,-1,-1,-1,-1,5,E01028039,0,-1
2021421119270,2021,421119270,2,9,0,9,9,1,5,0,0,1,0,0,0,0,3,1,1,1,1,53,8,-1,-1,-1,-1,8,E01021691,0,-1
2021421114501,2021,421114501,2,-1,0,18,19,7,3,0,0,1,0,0,0,0,1,1,5,6,1,17,4,-1,-1,-1,-1,4,E01021863,1,-1
202160Z093776,2021,60Z093776,1,9,0,5,5,5,1,0,0,3,0,0,0,0,1,1,6,6,2,32,6,-1,-1,-1,-1,-1,-1,0,-1
2021522102673,2021,522102673,1,1,0,18,19,3,1,0,0,8,0,0,0,0,3,1,6,6,1,32,6,-1,-1,-1,-1,6,E01014528,0,-1
2021522103823,2021,522103823,2,1,0,18,19,3,7,0,0,8,0,0,0,0,4,1,6,6,2,32,6,-1,-1,-1,-1,3,E01014673,0,-1
202160Z140639,2021,60Z140639,1,9,0,18,19,4,8,0,0,2,0,0,0,0,1,1,6,6,1,18,4,-1,-1,-1,-1,-1,-1,0,-1
2021302100837,2021,302100837,2,1,0,18,19,2,6,0,0,8,0,0,0,0,1,1,6,6,2,33,6,-1,-1,-1,-1,9,E01019518,0,-1
2021010298528,2021,010298528,2,1,0,17,19,5,1,0,0,8,0,0,0,0,4,1,6,6,1,27,6,-1,-1,-1,-1,1,E01001979,0,-1
2021010339845,2021,010339845,1,1,9,99,99,9,9,99,99,0,9,99,9,99,2,1,2,2,1,33,6,-1,-1,-1,-1,1,E01002039,0,-1
2021991041405,2021,991041405,2,1,0,18,19,1,6,0,0,1,0,0,0,0,1,1,5,6,1,47,8,-1,-1,-1,-1,7,-1,0,-1
202160Z123363,2021,60Z123363,1,9,0,18,19,1,5,0,0,0,0,0,0,0,4,1,6,6,1,17,4,-1,-1,-1,-1,-1,-1,0,-1
2021052102018,2021,052102018,2,1,0,17,19,3,7,0,0,4,0,0,0,0,2,1,2,2,2,32,6,-1,-1,-1,-1,8,E01007250,0,-1
2021991053178,2021,991053178,2,1,0,18,19,7,3,9,9,1,0,10,0,0,1,1,6,6,1,39,7,-1,-1,-1,-1,3,-1,0,-1
2021010293827,2021,010293827,2,9,0,18,19,1,5,0,0,2,0,0,0,0,1,1,1,1,1,-1,-1,-1,-1,-1,-1,7,E01033093,0,-1
2021421105856,2021,421105856,1,98,1,12,12,1,5,0,0,0,0,0,0,0,4,1,6,6,1,-1,-1,-1,-1,-1,-1,-1,-1,0,-1
2021010349136,2021,010349136,2,-1,0,18,19,2,6,0,0,1,0,0,0,0,2,1,6,6,1,49,8,-1,-1,-1,-1,-1,-1,1,-1
2021461064557,2021,461064557,2,1,0,18,19,1,5,0,0,1,5,0,0,0,1,1,4,7,2,13,3,-1,-1,-1,-1,2,E01024249,0,-1
202160Z055511,2021,60Z055511,2,9,0,9,9,7,5,0,0,1,0,0,0,0,1,1,6,6,1,36,7,-1,-1,-1,-1,-1,-1,0,-1
2021010331962,2021,010331962,2,9,0,18,19,3,7,0,0,3,0,0,0,0,1,1,6,6,3,-1,-1,-1,-1,-1,-1,-1,-1,0,-1
202163D003021,2021,63D003021,1,9,0,18,19,1,5,0,0,0,2,0,8,10,4,1,6,6,2,17,4,-1,-1,-1,-1,8,W01000447,0,-1
2021161042940,2021,161042940,1,1,0,18,19,3,7,0,0,8,0,0,0,0,1,1,2,2,1,19,4,-1,-1,-1,-1,1,E01013221,0,-1
2021610029821,2021,610029821,1,9,0,18,19,5,8,0,0,3,0,0,0,0,1,1,6,6,1,23,5,-1,-1,-1,-1,-1,-1,0,-1
2021610044421,2021,610044421,1,5,0,13,13,1,5,0,0,1,0,0,0,0,1,1,6,6,1,35,6,-1,-1,-1,-1,-1,-1,0,-1
2021010320020,2021,010320020,2,1,0,15,15,1,5,0,0,1,0,4,0,0,1,1,6,6,1,45,7,-1,-1,-1,-1,2,E01001820,0,-1
2021430261301,2021,430261301,2,9,0,4,4,1,5,0,0,1,0,0,1,0,2,1,6,6,2,22,5,-1,-1,-1,-1,8,E01028603,0,-1
202131C104421,2021,31C104421,1,1,0,18,19,8,4,0,0,1,0,0,0,0,1,1,6,6,3,-1,-1,-1,-1,-1,-1,-1,-1,0,-1
202160Z081985,2021,60Z081985,1,9,0,18,19,6,2,0,0,1,0,0,7,11,1,1,6,6,1,29,6,-1,-1,-1,-1,-1,-1,0,-1
2021421117018,2021,421117018,1,9,0,18,19,4,8,0,0,8,0,0,0,0,3,1,6,6,3,-1,-1,-1,-1,-1,-1,-1,-1,0,-1
2021461034889,2021,461034889,2,1,0,18,19,1,5,0,0,8,0,0,0,0,1,1,6,6,1,36,7,-1,-1,-1,-1,7,E01024572,0,-1
2021201131143,2021,201131143,2,98,0,18,19,6,2,0,0,8,0,0,0,0,1,1,6,6,1,29,6,-1,-1,-1,-1,1,E01009957,0,-1