collision_index,collision_year,collision_ref_no,vehicle_reference,vehicle_type,towing_and_articulation,vehicle_manoeuvre_historic,vehicle_manoeuvre,vehicle_direction_from,vehicle_direction_to,vehicle_location_restricted_lane_historic,vehicle_location_restricted_lane,junction_location,skidding_and_overturning,hit_object_in_carriageway,vehicle_leaving_carriageway,hit_object_off_carriageway,first_point_of_impact,vehicle_left_hand_drive,journey_purpose_of_driver_historic,journey_purpose_of_driver,sex_of_driver,age_of_driver,age_band_of_driver,engine_capacity_cc,propulsion_code,age_of_vehicle,generic_make_model,driver_imd_decile,lsoa_of_driver,escooter_flag,driver_distance_banding
2021440321103,2021,440321103,2,1,0,18,19,3,7,0,0,1,0,0,0,0,3,1,6,6,1,68,10,-1,-1,-1,-1,5,E01017136,0,-1
2021622100147,2021,622100147,1,10,0,9,9,1,7,0,0,6,0,0,0,0,1,1,6,6,2,31,6,-1,-1,-1,-1,7,W01001118,0,-1
2021010342064,2021,010342064,1,1,9,99,99,9,9,99,99,0,9,99,9,99,9,1,6,6,1,39,7,-1,-1,-1,-1,2,E01001357,0,-1
2021421104218,2021,421104218,1,23,0,18,19,3,7,0,0,2,0,0,0,0,0,1,6,6,2,33,6,-1,-1,-1,-1,6,E01021573,0,-1
2021031107699,2021,031107699,2,2,0,18,19,3,8,0,0,2,-1,0,0,0,0,1,6,6,3,-1,-1,-1,-1,-1,-1,-1,-1,0,-1
2021201084311,2021,201084311,2,1,0,18,19,4,8,0,0,6,0,0,0,0,1,1,6,6,1,20,4,-1,-1,-1,-1,1,E01009366,0,-1
2021332100878,2021,332100878,2,98,0,2,2,0,0,8,6,0,0,0,0,0,2,1,1,1,1,27,6,-1,-1,-1,-1,8,E01020725,0,-1
2021201147045,2021,201147045,1,9,0,17,19,3,7,0,0,1,0,10,7,2,1,1,6,6,3,-1,-1,-1,-1,-1,-1,-1,-1,0,-1
2021440159998,2021,440159998,2,9,0,18,19,7,3,0,0,8,0,0,0,0,1,1,1,1,1,54,8,-1,-1,-1,-1,9,E01030785,0,-1
2021991056952,2021,991056952,2,1,0,18,19,1,5,0,0,1,0,0,0,0,1,1,6,6,1,15,3,-1,-1,-1,-1,1,-1,0,-1
2021010332671,2021,010332671,2,1,0,18,19,3,7,0,0,1,0,0,0,0,1,1,6,6,1,39,7,-1,-1,-1,-1,5,E01003742,0,-1
2021531072349,2021,531072349,2,1,0,13,13,5,1,0,0,1,0,0,0,0,1,1,5,6,1,39,7,-1,-1,-1,-1,4,E01022296,0,-1
2021161100830,2021,161100830,1,1,0,4,4,1,1,0,0,0,0,0,0,0,1,1,6,6,1,39,7,-1,-1,-1,-1,-1,-1,0,-1
202131D180021,2021,31D180021,3,9,0,17,19,6,2,0,0,2,0,0,0,0,0,1,6,6,1,33,6,-1,-1,-1,-1,7,E01028115,0,-1
2021471125411,2021,471125411,1,9,0,18,19,7,3,0,0,0,0,0,0,0,4,1,6,6,3,-1,-1,-1,-1,-1,-1,-1,-1,0,-1
2021010300454,2021,010300454,1,1,9,99,99,9,9,99,99,9,9,99,9,99,9,1,6,6,1,20,4,-1,-1,-1,-1,4,E01001182,0,-1
2021302100417,2021,302100417,1,9,0,18,19,2,6,0,0,0,0,0,0,0,1,1,6,6,3,-1,-1,-1,-1,-1,-1,5,E01019456,0,-1
202131B071721,2021,31B071721,2,9,0,18,19,3,7,0,0,1,0,0,0,0,1,1,1,1,1,30,6,-1,-1,-1,-1,1,E01026376,0,-1
2021041107023,2021,041107023,1,9,0,18,19,1,5,0,0,4,0,0,0,0,1,2,5,6,2,70,10,-1,-1,-1,-1,8,E01005570,0,-1
2021440223428,2021,440223428,1,9,0,18,19,6,2,0,0,8,0,0,0,0,1,1,2,2,2,52,8,-1,-1,-1,-1,7,E01017048,0,-1
2021451067150,2021,451067150,2,19,0,2,2,0,0,9,9,0,0,0,0,0,3,1,6,6,3,40,7,-1,-1,-1,-1,-1,-1,0,-1
2021421070390,2021,421070390,2,9,0,4,4,3,7,0,0,0,0,0,0,0,2,1,5,6,2,78,11,-1,-1,-1,-1,8,E01022177,0,-1
2021461047265,2021,461047265,4,21,1,18,19,3,7,0,0,0,0,0,0,0,3,1,1,1,1,45,7,-1,-1,-1,-1,-1,-1,0,-1
2021161081208,2021,161081208,1,98,1,1,1,5,7,0,0,5,0,0,0,0,1,1,1,1,1,31,6,-1,-1,-1,-1,-1,-1,0,-1
2021471111721,2021,471111721,2,1,0,3,3,5,1,0,0,0,0,0,0,0,1,1,1,1,1,23,5,-1,-1,-1,-1,7,E01031488,0,-1
202134WNC1951,2021,34WNC1951,1,9,0,16,19,7,3,0,0,0,5,0,2,10,1,1,6,6,1,17,4,-1,-1,-1,-1,6,E01027306,0,-1
2021010351516,2021,010351516,2,1,0,9,9,4,1,0,0,1,0,0,0,0,2,1,6,6,1,47,8,-1,-1,-1,-1,2,E01003168,0,-1
2021430408187,2021,430408187,1,9,0,16,19,1,5,0,0,0,0,0,0,0,3,1,6,6,1,49,8,-1,-1,-1,-1,10,E01028736,0,-1
2021231029060,2021,231029060,1,9,0,1,1,1,5,9,9,6,0,0,0,0,2,1,5,6,3,35,6,-1,-1,-1,-1,-1,-1,0,-1
2021351061517,2021,351061517,2,1,0,5,5,5,7,0,0,1,0,0,0,0,1,1,6,6,1,42,7,-1,-1,-1,-1,5,E01017949,0,-1
2021991109482,2021,991109482,2,1,0,18,19,5,1,0,0,8,0,0,0,0,1,1,5,6,1,18,4,-1,-1,-1,-1,2,-1,0,-1
2021010300856,2021,010300856,2,1,0,18,19,1,5,0,0,8,0,0,0,0,1,1,6,6,2,41,7,-1,-1,-1,-1,3,E01003141,0,-1
2021010332559,2021,010332559,2,1,0,18,19,1,5,0,0,4,0,0,0,0,0,1,1,1,2,29,6,-1,-1,-1,-1,7,E01033133,0,-1
2021010326431,2021,010326431,2,1,0,18,19,3,7,0,0,1,5,0,0,0,1,1,6,6,2,19,4,-1,-1,-1,-1,-1,-1,0,-1
2021122100282,2021,122100282,1,9,0,17,19,5,1,0,0,0,2,0,2,11,1,1,2,2,2,24,5,-1,-1,-1,-1,3,E01012868,0,-1
2021221050069,2021,221050069,2,9,0,13,13,2,6,0,0,0,0,0,0,0,3,1,6,6,2,42,7,-1,-1,-1,-1,-1,-1,0,-1
2021201066495,2021,201066495,1,9,0,9,9,8,6,0,0,1,0,0,0,0,0,1,6,6,3,-1,-1,-1,-1,-1,-1,-1,-1,0,-1
2021302100093,2021,302100093,2,9,0,9,9,2,8,0,0,1,0,0,0,0,1,1,6,6,1,80,11,-1,-1,-1,-1,10,E01019592,0,-1
2021010290974,2021,010290974,3,9,0,2,2,0,0,0,0,0,0,0,0,0,2,1,6,6,3,-1,-1,-1,-1,-1,-1,-1,-1,0,-1
2021010319135,2021,010319135,1,1,0,18,19,7,3,0,0,1,0,0,0,0,1,1,1,1,1,55,8,-1,-1,-1,-1,10,E01021728,0,-1
2021041116483,2021,041116483,1,9,0,17,19,2,5,0,0,0,2,0,0,0,3,2,1,1,1,28,6,-1,-1,-1,-1,6,E01025351,0,-1
2021111131391,2021,111131391,1,9,0,16,19,7,3,0,0,1,5,0,3,11,4,1,5,6,1,45,7,-1,-1,-1,-1,4,E01020886,0,-1
2021122100039,2021,122100039,2,9,0,17,19,7,3,0,0,0,0,0,0,0,1,1,6,6,1,19,4,-1,-1,-1,-1,5,E01027802,0,-1
20211383L0891,2021,1383L0891,3,9,0,18,19,1,5,0,0,1,0,0,0,0,4,1,6,6,2,26,6,-1,-1,-1,-1,2,E01010628,0,-1
2021451122252,2021,451122252,1,1,0,3,3,1,3,0,0,1,5,0,0,0,3,1,6,6,1,57,9,-1,-1,-1,-1,10,E01031517,0,-1
2021010300744,2021,010300744,2,9,0,99,99,9,9,99,99,9,9,99,9,99,1,9,6,6,3,28,6,-1,-1,-1,-1,1,E01001847,0,-1
2021201094605,2021,201094605,2,1,0,9,9,2,8,0,0,5,0,0,0,0,1,1,6,6,1,27,6,-1,-1,-1,-1,10,E01010217,0,-1
2021052101243,2021,052101243,1,1,0,18,19,3,7,0,0,0,0,0,0,0,4,1,6,6,1,-1,-1,-1,-1,-1,-1,-1,-1,0,-1
2021141067059,2021,141067059,1,8,0,18,19,1,1,0,0,0,0,0,0,0,0,1,6,6,3,-1,-1,-1,-1,-1,-1,-1,-1,0,-1
2021010302273,2021,010302273,2,9,0,99,99,9,9,99,99,0,9,99,9,99,9,9,6,6,1,55,8,-1,-1,-1,-1,5,E01000131,0,-1
202163C084021,2021,63C084021,2,1,0,18,19,3,8,0,0,8,0,0,0,0,4,1,6,6,1,51,8,-1,-1,-1,-1,7,W01000623,0,-1
2021991012645,2021,991012645,2,1,0,18,19,6,2,0,0,1,0,0,0,0,1,1,6,6,1,55,8,-1,-1,-1,-1,5,-1,0,-1
2021461061791,2021,461061791,1,1,0,9,9,4,2,0,0,1,0,0,0,0,1,1,5,6,1,74,10,-1,-1,-1,-1,8,E01024012,0,-1
2021010320233,2021,010320233,1,1,9,99,99,9,9,99,99,9,9,99,9,99,1,1,6,6,1,24,5,-1,-1,-1,-1,6,E01003100,0,-1
2021010295421,2021,010295421,2,1,0,18,19,5,1,0,0,1,0,0,0,0,1,1,6,6,1,42,7,-1,-1,-1,-1,3,E01001264,0,-1
2021010324756,2021,010324756,2,9,0,99,99,9,9,99,99,9,9,99,9,99,9,9,6,6,3,-1,-1,-1,-1,-1,-1,-1,-1,0,-1
2021320364032,2021,320364032,1,9,0,18,19,2,6,0,0,8,0,0,0,0,1,1,6,6,3,40,7,-1,-1,-1,-1,-1,-1,0,-1
2021031085350,2021,031085350,1,9,0,3,3,4,6,0,0,0,0,0,0,0,2,1,6,6,2,50,8,-1,-1,-1,-1,5,E01019144,0,-1
202160Z008953,2021,60Z008953,2,9,0,18,19,4,8,0,0,1,1,0,7,11,3,1,6,6,2,46,8,-1,-1,-1,-1,-1,-1,0,-1
2021010329130,2021,010329130,1,1,0,18,19,1,5,0,0,1,0,0,0,0,1,1,1,1,1,21,5,-1,-1,-1,-1,-1,-1,0,-1
2021520104659,2021,520104659,2,1,0,18,19,7,3,0,0,0,0,0,0,0,2,1,6,6,1,40,7,-1,-1,-1,-1,-1,-1,0,-1
2021070424809,2021,070424809,2,1,0,18,19,8,4,0,0,6,0,0,0,0,4,1,6,6,1,25,5,-1,-1,-1,-1,2,E01018463,0,-1
2021201095075,2021,201095075,1,9,0,5,5,1,7,0,0,6,0,0,0,0,4,1,6,6,3,-1,-1,-1,-1,-1,-1,-1,-1,0,-1
2021052102500,2021,052102500,1,9,0,4,4,3,5,0,0,1,0,0,0,0,1,1,6,6,3,-1,-1,-1,-1,-1,-1,-1,-1,0,-1
2021501060714,2021,501060714,1,19,0,7,7,1,7,0,0,8,0,0,0,0,1,1,1,1,3,-1,-1,-1,-1,-1,-1,-1,-1,0,-1
2021461021048,2021,461021048,2,1,0,17,19,1,5,0,0,0,0,0,0,0,1,1,5,6,1,17,4,-1,-1,-1,-1,4,E01032810,0,-1
2021461054526,2021,461054526,1,1,0,18,19,7,3,0,0,0,0,0,0,0,4,1,6,6,1,14,3,-1,-1,-1,-1,2,E01001625,0,-1
2021161103033,2021,161103033,1,1,0,18,19,3,7,0,0,8,0,0,0,0,4,1,6,6,1,16,4,-1,-1,-1,-1,7,E01033296,0,-1
2021010324028,2021,010324028,2,1,0,18,19,1,5,0,0,2,0,0,0,0,1,1,6,6,1,53,8,-1,-1,-1,-1,5,E01000911,0,-1
2021430401889,2021,430401889,2,1,0,18,19,3,4,0,0,8,0,0,0,0,3,1,6,6,2,25,5,-1,-1,-1,-1,7,E01017910,0,-1
2021547471321,2021,547471321,1,1,0,18,19,5,1,0,0,8,0,0,0,0,4,1,6,6,1,18,4,-1,-1,-1,-1,7,E01015583,0,-1
202163A036321,2021,63A036321,1,9,0,18,19,2,6,0,0,1,0,0,0,0,1,1,1,1,1,31,6,-1,-1,-1,-1,9,W01000493,0,-1
2021010294478,2021,010294478,1,1,9,99,99,9,9,99,99,0,9,99,9,99,1,1,2,2,1,38,7,-1,-1,-1,-1,3,E01003618,0,-1
2021010297191,2021,010297191,2,-1,0,7,7,2,5,0,0,6,0,0,1,0,1,1,6,6,1,23,5,-1,-1,-1,-1,6,E01004186,1,-1
2021440089065,2021,440089065,1,9,0,18,19,8,4,0,0,0,0,0,0,0,1,1,6,6,3,-1,-1,-1,-1,-1,-1,-1,-1,0,-1
2021522103425,2021,522103425,1,9,0,14,14,1,5,0,0,0,0,4,0,0,4,1,6,6,1,58,9,-1,-1,-1,-1,3,E01014736,0,-1
2021440017756,2021,440017756,2,1,0,18,19,6,2,0,0,8,0,0,0,0,1,1,6,6,1,51,8,-1,-1,-1,-1,10,E01032859,0,-1
2021430390149,2021,430390149,2,9,0,18,19,6,2,0,0,1,0,0,0,0,1,1,6,6,1,-1,-1,-1,-1,-1,-1,-1,-1,0,-1
2021401114205,2021,401114205,1,1,0,18,19,3,7,0,0,0,0,10,0,0,1,1,6,6,1,54,8,-1,-1,-1,-1,3,E01015765,0,-1
2021061048376,2021,061048376,1,1,0,18,19,6,2,0,0,1,0,0,0,0,3,1,5,6,1,38,7,-1,-1,-1,-1,5,E01005045,0,-1
2021010346906,2021,010346906,1,9,0,99,99,9,9,99,99,9,9,99,9,99,1,9,6,6,3,49,8,-1,-1,-1,-1,2,E01001893,0,-1
2021010292494,2021,010292494,2,1,0,18,19,7,3,4,4,1,0,0,0,0,3,1,2,2,1,18,4,-1,-1,-1,-1,2,E01002505,0,-1
2021010298559,2021,010298559,1,3,0,99,99,9,9,99,99,9,9,99,9,99,9,1,6,6,1,26,6,-1,-1,-1,-1,1,E01000508,0,-1
2021332100331,2021,332100331,1,3,0,17,19,6,3,0,0,0,0,0,0,0,3,1,2,2,1,27,6,-1,-1,-1,-1,3,E01013697,0,-1
2021531021372,2021,531021372,3,9,0,2,2,7,3,0,0,0,0,0,0,0,1,1,6,6,3,-1,-1,-1,-1,-1,-1,-1,-1,0,-1
2021332100580,2021,332100580,1,9,0,18,19,4,8,0,0,1,0,0,0,0,2,1,1,1,2,52,8,-1,-1,-1,-1,3,E01013656,0,-1
2021101034321,2021,101034321,1,9,0,9,9,5,2,0,0,6,0,0,0,0,1,1,6,6,1,-1,-1,-1,-1,-1,-1,-1,-1,0,-1
2021041046137,2021,041046137,2,1,0,18,19,6,2,0,0,0,0,0,0,0,1,1,6,6,1,67,10,-1,-1,-1,-1,4,E01025213,0,-1
2021440270478,2021,440270478,1,9,0,18,19,7,3,0,0,1,0,0,0,0,1,1,1,1,1,26,6,-1,-1,-1,-1,5,E01017254,0,-1
2021010290330,2021,010290330,1,9,0,9,9,1,7,0,0,0,0,0,0,0,1,1,6,6,1,-1,-1,-1,-1,-1,-1,-1,-1,0,-1
2021061034911,2021,061034911,1,9,0,18,19,1,5,0,0,0,0,0,0,0,0,1,6,6,3,30,6,-1,-1,-1,-1,-1,-1,0,-1
2021501031706,2021,501031706,2,1,0,18,19,5,1,0,0,0,0,0,0,0,3,1,6,6,1,49,8,-1,-1,-1,-1,1,E01015151,0,-1
2021461125255,2021,461125255,1,9,-1,18,19,1,5,0,0,0,0,0,0,0,1,1,6,6,2,-1,-1,-1,-1,-1,-1,-1,-1,0,-1
2021070715598,2021,070715598,1,9,0,18,19,1,5,0,0,0,0,0,0,0,0,1,6,6,3,-1,-1,-1,-1,-1,-1,-1,-1,0,-1
2021221013804,2021,221013804,1,9,0,9,9,2,8,0,0,5,0,0,0,0,4,1,5,6,2,32,6,-1,-1,-1,-1,3,E01032131,0,-1
2021161083566,2021,161083566,1,9,0,2,2,0,0,9,9,2,0,0,0,0,2,1,5,6,1,39,7,-1,-1,-1,-1,1,E01012875,0,-1
2021430573755,2021,430573755,1,9,0,18,19,7,3,0,0,2,0,0,0,0,1,1,6,6,1,-1,-1,-1,-1,-1,-1,-1,-1,0,-1
2021010316295,2021,010316295,1,1,0,18,19,5,1,0,0,1,9,0,0,0,1,1,2,2,2,48,8,-1,-1,-1,-1,10,E01002952,0,-1
2021010306904,2021,010306904,2,3,0,13,13,1,5,0,0,0,0,0,0,0,4,1,1,1,1,18,4,-1,-1,-1,-1,7,E01001851,0,-1
2021320173928,2021,320173928,1,9,0,18,19,3,7,0,0,2,0,0,0,0,1,1,6,6,1,61,9,-1,-1,-1,-1,9,E01026370,0,-1
2021522201594,2021,522201594,4,9,0,18,19,2,6,0,0,0,0,0,0,0,2,1,6,6,1,50,8,-1,-1,-1,-1,5,W01001649,0,-1
2021430387747,2021,430387747,2,1,0,18,19,8,4,0,0,0,0,0,0,0,2,1,6,6,1,78,11,-1,-1,-1,-1,10,E01002430,0,-1
2021010333764,2021,010333764,2,1,0,18,19,7,3,0,0,0,0,0,0,0,3,1,6,6,2,48,8,-1,-1,-1,-1,9,E01003880,0,-1
2021010302046,2021,010302046,2,1,0,5,5,5,1,0,0,1,0,0,0,0,1,1,6,6,1,29,6,-1,-1,-1,-1,8,E01003669,0,-1
2021010293203,2021,010293203,2,1,0,17,19,1,5,0,0,8,5,0,0,0,4,1,2,2,1,34,6,-1,-1,-1,-1,2,E01003980,0,-1
202131C171621,2021,31C171621,1,22,0,16,19,3,7,9,9,3,0,0,0,0,3,1,6,6,2,79,11,-1,-1,-1,-1,1,E01013859,0,-1
2021471013024,2021,471013024,3,98,0,18,19,7,3,0,0,0,0,0,0,0,-1,1,6,6,3,-1,-1,-1,-1,-1,-1,-1,-1,0,-1
2021201076537,2021,201076537,2,9,0,18,19,8,4,0,0,0,2,10,1,2,1,1,6,6,2,-1,-1,-1,-1,-1,-1,-1,-1,0,-1
2021543729421,2021,543729421,2,1,0,5,5,7,3,0,0,2,5,0,0,0,2,1,6,6,2,49,8,-1,-1,-1,-1,8,E01032071,0,-1
2021501019527,2021,501019527,1,9,0,18,19,3,1,0,0,1,0,0,0,0,3,1,6,6,3,-1,-1,-1,-1,-1,-1,-1,-1,0,-1
202163D089521,2021,63D089521,2,9,0,3,3,-1,-1,0,0,0,0,0,0,0,2,1,2,2,1,47,8,-1,-1,-1,-1,8,W01000467,0,-1
202131C021521,2021,31C021521,1,9,0,18,19,4,8,0,0,8,0,0,0,0,1,1,6,6,3,-1,-1,-1,-1,-1,-1,-1,-1,0,-1
2021211120635,2021,211120635,1,9,0,4,4,4,8,0,0,1,0,0,0,0,1,1,1,1,1,77,11,-1,-1,-1,-1,5,E01029197,0,-1
2021332100089,2021,332100089,1,9,0,18,19,3,7,0,0,0,0,0,0,0,1,1,1,1,1,30,6,-1,-1,-1,-1,5,E01025875,0,-1
2021332100051,2021,332100051,2,19,0,9,9,3,1,0,0,5,0,0,0,0,2,1,1,1,1,30,6,-1,-1,-1,-1,-1,-1,0,-1
2021211063903,2021,211063903,2,9,0,16,19,7,3,0,0,0,1,0,0,0,1,1,5,6,2,54,8,-1,-1,-1,-1,7,E01029498,0,-1
2021141033018,2021,141033018,2,1,0,18,19,6,2,0,0,2,0,0,8,0,4,1,5,6,1,34,6,-1,-1,-1,-1,3,E01007635,0,-1
2021010330052,2021,010330052,1,1,9,99,99,9,9,99,99,9,9,99,9,99,9,1,2,2,2,32,6,-1,-1,-1,-1,2,E01003950,0,-1
2021430335406,2021,430335406,2,9,0,18,19,8,6,0,0,5,0,0,0,0,1,1,6,6,1,-1,-1,-1,-1,-1,-1,-1,-1,0,-1
2021101093132,2021,101093132,2,1,0,5,5,3,7,0,0,8,0,0,0,0,1,1,2,2,1,30,6,-1,-1,-1,-1,4,E01008866,0,-1
2021010291453,2021,010291453,1,1,0,18,19,3,7,9,9,1,0,0,7,0,0,1,6,6,2,67,10,-1,-1,-1,-1,4,E01033208,0,-1
2021622100729,2021,622100729,2,1,0,18,19,5,1,0,0,8,0,0,0,0,4,1,6,6,1,64,9,-1,-1,-1,-1,3,W01001080,0,-1
2021010287582,2021,010287582,2,9,9,99,99,9,9,99,99,9,9,99,9,99,9,1,6,6,3,-1,-1,-1,-1,-1,-1,-1,-1,0,-1
2021010308402,2021,010308402,1,1,9,99,99,9,9,99,99,9,9,99,9,99,1,1,2,2,1,35,6,-1,-1,-1,-1,4,E01001615,0,-1
202160Z170172,2021,60Z170172,4,9,0,10,10,3,7,0,0,1,0,0,0,0,2,1,6,6,2,30,6,-1,-1,-1,-1,-1,-1,0,-1
202131B028221,2021,31B028221,1,5,0,17,19,8,4,0,0,0,0,0,1,10,1,1,6,6,1,41,7,-1,-1,-1,-1,5,E01028042,0,-1
2021010306706,2021,010306706,2,9,0,99,99,9,9,99,99,9,9,99,9,99,1,9,6,6,3,-1,-1,-1,-1,-1,-1,-1,-1,0,-1
2021170S10191,2021,170S10191,2,9,0,9,9,7,6,0,0,8,0,0,0,0,1,1,6,6,3,-1,-1,-1,-1,-1,-1,-1,-1,0,-1
2021302100570,2021,302100570,2,1,0,18,19,2,6,0,0,6,0,0,0,0,1,1,6,6,1,5,1,-1,-1,-1,-1,2,E01019761,0,-1
2021161033506,2021,161033506,2,97,0,18,19,4,8,0,0,0,0,0,0,0,1,1,6,6,1,-1,-1,-1,-1,-1,-1,-1,-1,0,-1
202160Z133948,2021,60Z133948,1,9,0,18,19,2,6,0,0,4,0,9,3,3,1,1,6,6,2,43,7,-1,-1,-1,-1,-1,-1,0,-1
2021610002321,2021,610002321,2,9,0,9,9,8,5,0,0,6,0,0,0,0,1,1,6,6,1,36,7,-1,-1,-1,-1,-1,-1,0,-1
2021610024721,2021,610024721,2,9,0,10,10,6,4,0,0,1,0,0,0,0,2,1,1,1,2,65,9,-1,-1,-1,-1,-1,-1,0,-1
202160Z110406,2021,60Z110406,1,3,0,13,13,3,7,0,0,8,2,0,0,0,1,1,6,6,1,19,4,-1,-1,-1,-1,-1,-1,0,-1
2021461085741,2021,461085741,2,1,0,18,19,5,1,0,0,0,0,0,0,0,3,1,5,6,1,51,8,-1,-1,-1,-1,2,E01024664,0,-1
2021451091711,2021,451091711,2,1,0,18,19,1,5,0,0,1,2,0,0,0,1,1,6,6,1,46,8,-1,-1,-1,-1,10,E01030321,0,-1
2021552200018,2021,552200018,1,9,0,9,9,8,4,0,0,5,0,0,0,0,0,1,6,6,3,-1,-1,-1,-1,-1,-1,-1,-1,0,-1
2021501042862,2021,501042862,2,1,0,18,19,3,7,0,0,0,0,0,0,0,3,1,2,2,1,65,9,-1,-1,-1,-1,-1,-1,0,-1
2021430003170,2021,430003170,2,1,0,18,19,2,6,0,0,8,0,0,0,0,2,1,6,6,2,13,3,-1,-1,-1,-1,6,E01028581,0,-1
2021430377839,2021,430377839,2,9,0,13,13,6,2,0,0,0,0,0,0,0,0,1,6,6,3,-1,-1,-1,-1,-1,-1,-1,-1,0,-1
2021332100892,2021,332100892,2,9,0,18,19,1,5,0,0,0,0,0,0,0,1,1,6,6,3,-1,-1,-1,-1,-1,-1,3,E01013751,0,-1
2021430079716,2021,430079716,1,9,0,18,19,3,7,0,0,0,0,0,7,4,1,1,1,1,1,54,8,-1,-1,-1,-1,6,E01022261,0,-1
2021010305757,2021,010305757,2,-1,0,3,3,2,6,0,0,1,0,0,0,0,0,1,2,2,1,29,6,-1,-1,-1,-1,7,E01002338,1,-1
2021010329405,2021,010329405,1,1,0,4,4,1,5,0,0,1,0,0,0,0,1,1,2,2,1,41,7,-1,-1,-1,-1,6,E01003707,0,-1
2021041055092,2021,041055092,3,1,0,18,19,7,3,0,0,0,0,0,0,0,1,1,5,6,1,33,6,-1,-1,-1,-1,7,E01012722,0,-1
2021010293466,2021,010293466,1,90,0,18,19,2,6,0,0,0,0,0,0,0,1,1,6,6,3,-1,-1,-1,-1,-1,-1,-1,-1,0,-1
2021302101051,2021,302101051,1,-1,0,18,19,2,6,0,0,0,0,0,0,0,0,1,6,6,1,42,7,-1,-1,-1,-1,10,E01013563,1,-1
2021332100274,2021,332100274,1,9,0,18,19,1,5,0,0,2,1,0,8,7,2,1,1,1,1,30,6,-1,-1,-1,-1,1,E01013674,0,-1
2021010318520,2021,010318520,1,1,0,99,99,9,9,0,0,0,0,0,7,99,0,1,6,6,1,34,6,-1,-1,-1,-1,8,E01004589,0,-1
2021221124500,2021,221124500,1,9,0,9,9,6,4,0,0,8,0,0,0,0,1,1,6,6,1,59,9,-1,-1,-1,-1,9,E01029626,0,-1
2021010340737,2021,010340737,1,1,9,99,99,9,9,99,99,0,9,99,9,99,1,1,1,1,1,18,4,-1,-1,-1,-1,2,E01001777,0,-1
2021041069461,2021,041069461,2,9,0,13,13,7,3,0,0,1,0,0,0,0,0,1,6,6,3,-1,-1,-1,-1,-1,-1,-1,-1,0,-1
2021131099831,2021,131099831,2,1,0,18,19,1,1,0,0,0,0,0,0,0,1,1,5,6,1,57,9,-1,-1,-1,-1,6,E01011182,0,-1
202160Z166212,2021,60Z166212,1,9,0,16,19,6,1,0,0,0,2,0,7,9,1,1,6,6,1,53,8,-1,-1,-1,-1,-1,-1,0,-1
2021061036137,2021,061036137,1,9,0,18,19,7,7,0,0,1,0,0,0,0,1,1,6,6,3,-1,-1,-1,-1,-1,-1,-1,-1,0,-1
2021231082462,2021,231082462,1,9,0,18,19,1,5,0,0,0,0,4,0,0,1,1,5,6,2,20,4,-1,-1,-1,-1,10,E01031157,0,-1
2021031027188,2021,031027188,1,19,0,4,4,1,5,0,0,8,0,0,0,0,1,1,6,6,2,65,9,-1,-1,-1,-1,7,E01019203,0,-1
2021010327728,2021,010327728,1,1,9,99,99,9,9,99,99,9,9,99,9,99,9,1,6,6,1,26,6,-1,-1,-1,-1,4,E01003020,0,-1
2021010292369,2021,010292369,2,97,0,18,19,3,7,0,0,1,0,0,0,0,1,1,6,6,3,-1,-1,-1,-1,-1,-1,-1,-1,0,-1
2021010340206,2021,010340206,1,1,0,18,19,1,5,0,0,5,0,0,0,0,1,1,6,6,1,28,6,-1,-1,-1,-1,1,E01033763,0,-1
2021332100523,2021,332100523,2,9,0,2,2,0,0,0,0,8,0,0,0,0,1,1,6,6,1,63,9,-1,-1,-1,-1,5,E01013671,0,-1
2021471032507,2021,471032507,2,1,0,18,19,8,4,0,0,1,0,0,0,0,1,1,5,6,1,27,6,-1,-1,-1,-1,3,E01020991,0,-1
2021520101489,2021,520101489,1,1,0,18,19,2,6,0,0,0,0,0,0,0,2,1,6,6,1,24,5,-1,-1,-1,-1,-1,-1,0,-1
2021170L31171,2021,170L31171,1,5,0,18,19,2,6,0,0,0,0,0,0,0,4,1,6,6,1,62,9,-1,-1,-1,-1,-1,-1,0,-1
2021501088637,2021,501088637,2,22,0,18,19,2,6,4,4,8,0,0,0,0,4,1,5,6,1,50,8,-1,-1,-1,-1,6,E01019030,0,-1
2021451100870,2021,451100870,2,1,0,18,19,3,7,9,9,1,2,0,0,0,1,1,5,6,2,57,9,-1,-1,-1,-1,5,E01030747,0,-1
202160Z056075,2021,60Z056075,3,9,0,3,3,5,1,0,0,0,0,0,0,0,1,1,6,6,1,26,6,-1,-1,-1,-1,-1,-1,0,-1
2021010312378,2021,010312378,2,1,9,99,99,9,9,99,99,9,9,99,9,99,9,1,6,6,1,26,6,-1,-1,-1,-1,8,E01003470,0,-1
2021501017566,2021,501017566,2,9,0,3,3,3,7,0,0,0,0,0,0,0,2,1,5,6,1,35,6,-1,-1,-1,-1,2,E01018865,0,-1
2021440026034,2021,440026034,1,9,0,18,19,4,8,0,0,0,0,0,0,0,1,1,6,6,3,-1,-1,-1,-1,-1,-1,-1,-1,0,-1
2021010323775,2021,010323775,2,1,0,9,9,6,3,0,0,8,0,10,0,0,4,1,6,6,2,37,7,-1,-1,-1,-1,5,E01002740,0,-1
2021520102044,2021,520102044,2,1,0,18,19,2,6,0,0,8,0,0,0,0,2,1,6,6,1,28,6,-1,-1,-1,-1,6,E01029289,0,-1
2021010304831,2021,010304831,1,1,9,99,99,9,9,99,99,9,9,99,9,99,1,1,6,6,1,40,7,-1,-1,-1,-1,2,E01002737,0,-1
2021351057108,2021,351057108,2,1,0,5,5,5,1,0,0,1,0,0,0,0,2,1,4,7,1,13,3,-1,-1,-1,-1,1,E01015639,0,-1
2021451016553,2021,451016553,1,9,0,9,9,3,1,0,0,6,0,0,0,0,1,1,5,6,1,24,5,-1,-1,-1,-1,7,E01030826,0,-1
2021010287973,2021,010287973,2,1,0,9,9,1,6,0,0,4,0,0,0,0,0,1,6,6,1,38,7,-1,-1,-1,-1,2,E01000523,0,-1
2021231114562,2021,231114562,1,19,0,17,19,2,6,0,0,0,0,0,0,0,0,1,1,1,1,36,7,-1,-1,-1,-1,5,E01031028,0,-1
2021201067527,2021,201067527,2,1,0,18,19,5,1,0,0,2,0,0,0,0,3,1,6,6,2,46,8,-1,-1,-1,-1,5,E01009227,0,-1