collision_index,collision_year,collision_ref_no,vehicle_reference,vehicle_type,towing_and_articulation,vehicle_manoeuvre_historic,vehicle_manoeuvre,vehicle_direction_from,vehicle_direction_to,vehicle_location_restricted_lane_historic,vehicle_location_restricted_lane,junction_location,skidding_and_overturning,hit_object_in_carriageway,vehicle_leaving_carriageway,hit_object_off_carriageway,first_point_of_impact,vehicle_left_hand_drive,journey_purpose_of_driver_historic,journey_purpose_of_driver,sex_of_driver,age_of_driver,age_band_of_driver,engine_capacity_cc,propulsion_code,age_of_vehicle,generic_make_model,driver_imd_decile,lsoa_of_driver,escooter_flag,driver_distance_banding
2021010308684,2021,010308684,1,8,0,18,19,3,7,0,0,4,0,0,0,0,3,1,6,6,3,-1,-1,-1,-1,-1,-1,-1,-1,0,-1
2021010312224,2021,010312224,1,1,0,18,19,3,7,0,0,8,0,0,0,0,0,1,1,1,1,36,7,-1,-1,-1,-1,4,E01003186,0,-1
2021010347792,2021,010347792,1,1,9,99,99,9,9,99,99,9,9,99,9,99,9,1,6,6,1,23,5,-1,-1,-1,-1,5,E01033573,0,-1
2021061047758,2021,061047758,2,9,0,4,4,1,5,0,0,0,0,0,0,0,0,1,5,6,1,38,7,-1,-1,-1,-1,1,E01005680,0,-1
2021411028011,2021,411028011,2,1,0,3,3,5,2,0,0,0,0,0,0,0,2,1,6,6,1,67,10,-1,-1,-1,-1,10,E01023654,0,-1
2021161115386,2021,161115386,1,1,0,5,5,1,5,0,0,0,1,0,0,0,1,1,5,6,1,13,3,-1,-1,-1,-1,-1,-1,0,-1
2021351130307,2021,351130307,2,-1,0,18,19,4,6,0,0,3,0,0,0,0,3,1,6,6,2,26,6,-1,-1,-1,-1,6,E01033121,1,-1
2021430569299,2021,430569299,1,1,0,18,19,4,8,5,5,1,0,0,0,5,4,1,6,6,2,54,8,-1,-1,-1,-1,7,E01028496,0,-1
2021451113660,2021,451113660,2,9,0,1,1,1,5,0,0,0,0,0,0,0,2,1,6,6,1,35,6,-1,-1,-1,-1,-1,-1,0,-1
2021991032585,2021,991032585,1,1,0,18,19,7,3,0,0,0,5,4,0,0,1,1,5,6,1,15,3,-1,-1,-1,-1,10,-1,0,-1
2021991069823,2021,991069823,1,9,0,1,1,3,7,3,2,0,0,0,0,0,2,1,6,6,3,40,7,-1,-1,-1,-1,-1,-1,0,-1
2021522105613,2021,522105613,1,9,0,18,19,1,5,0,0,1,0,0,0,0,1,1,6,6,1,18,4,-1,-1,-1,-1,7,E01014783,0,-1
2021010312291,2021,010312291,1,3,0,99,99,9,9,99,99,9,9,99,9,99,1,1,2,2,1,17,4,-1,-1,-1,-1,1,E01001178,0,-1
2021211032374,2021,211032374,2,1,0,18,19,7,3,0,0,8,0,0,0,0,3,1,2,2,1,43,7,-1,-1,-1,-1,6,E01029516,0,-1
2021041025704,2021,041025704,1,1,0,9,9,7,3,0,0,8,0,0,0,0,4,1,1,1,1,28,6,-1,-1,-1,-1,3,E01025269,0,-1
2021010310102,2021,010310102,1,1,9,99,99,9,9,99,99,9,9,99,9,99,1,1,2,2,1,25,5,-1,-1,-1,-1,8,E01000177,0,-1
2021010318409,2021,010318409,2,1,0,16,19,3,7,4,4,1,0,0,1,0,1,1,6,6,1,53,8,-1,-1,-1,-1,6,E01003394,0,-1
2021061069584,2021,061069584,1,90,0,18,19,6,2,0,0,0,0,0,0,0,1,1,6,6,3,30,6,-1,-1,-1,-1,-1,-1,0,-1
2021010347570,2021,010347570,1,1,9,99,99,9,9,99,99,9,9,99,9,99,1,1,6,6,3,-1,-1,-1,-1,-1,-1,-1,-1,0,-1
2021332100707,2021,332100707,1,9,0,18,19,4,8,0,0,6,0,0,3,0,4,1,6,6,2,55,8,-1,-1,-1,-1,5,E01013736,0,-1
2021332100223,2021,332100223,1,9,0,9,9,8,5,0,0,6,0,0,0,0,1,1,6,6,2,54,8,-1,-1,-1,-1,2,E01032873,0,-1
2021522200831,2021,522200831,2,1,0,16,19,9,9,0,0,8,0,0,0,0,1,1,6,6,1,30,6,-1,-1,-1,-1,5,E01014455,0,-1
2021302100551,2021,302100551,2,19,0,3,3,1,5,0,0,1,0,0,0,0,1,1,6,6,3,-1,-1,-1,-1,-1,-1,5,E01019456,0,-1
2021440422918,2021,440422918,1,1,0,18,19,3,7,0,0,8,0,0,0,0,1,1,2,2,1,36,7,-1,-1,-1,-1,3,E01017091,0,-1
2021052101477,2021,052101477,1,9,0,7,7,5,7,0,0,8,0,0,0,0,1,1,6,6,1,22,5,-1,-1,-1,-1,8,E01006931,0,-1
2021231020248,2021,231020248,1,9,0,18,19,2,6,0,0,0,1,0,1,0,1,1,5,6,1,48,8,-1,-1,-1,-1,1,E01010111,0,-1
2021522105939,2021,522105939,1,1,0,18,19,5,2,0,0,8,0,0,0,0,2,1,6,6,1,16,4,-1,-1,-1,-1,-1,-1,0,-1
2021461018420,2021,461018420,1,21,1,12,12,4,7,0,0,0,0,0,0,0,1,1,1,1,1,25,5,-1,-1,-1,-1,-1,-1,0,-1
2021231021095,2021,231021095,2,1,0,18,19,7,3,0,0,4,0,0,0,0,2,1,5,6,1,18,4,-1,-1,-1,-1,6,E01031188,0,-1
2021101101977,2021,101101977,2,9,0,18,19,7,3,0,0,0,0,0,0,0,1,1,6,6,1,46,8,-1,-1,-1,-1,1,E01008212,0,-1
2021170S11991,2021,170S11991,1,9,0,18,19,8,4,0,0,0,0,0,0,0,1,1,6,6,1,46,8,-1,-1,-1,-1,6,E01012260,0,-1
2021471057542,2021,471057542,2,1,0,18,19,8,4,0,0,0,0,0,0,0,1,1,6,6,1,-1,-1,-1,-1,-1,-1,2,E01016969,0,-1
2021332100924,2021,332100924,1,9,0,4,4,2,6,0,0,0,0,0,0,0,2,1,6,6,1,38,7,-1,-1,-1,-1,3,E01025997,0,-1
2021471066080,2021,471066080,1,22,0,18,19,1,5,9,9,1,0,0,0,0,1,1,5,6,1,86,11,-1,-1,-1,-1,6,E01016874,0,-1
2021552100421,2021,552100421,1,1,0,18,19,1,5,0,0,0,0,0,0,0,0,1,2,2,1,36,7,-1,-1,-1,-1,8,E01020514,0,-1
2021010351333,2021,010351333,4,9,0,2,2,0,0,0,0,2,0,0,0,0,4,1,6,6,3,-1,-1,-1,-1,-1,-1,-1,-1,0,-1
2021010304824,2021,010304824,2,1,0,18,19,7,3,0,0,8,0,0,0,0,2,1,6,6,1,29,6,-1,-1,-1,-1,2,E01004287,0,-1
2021411105930,2021,411105930,1,9,0,18,19,4,8,0,0,0,0,0,0,0,1,1,6,6,3,-1,-1,-1,-1,-1,-1,-1,-1,0,-1
2021332101008,2021,332101008,1,9,0,18,19,5,1,0,0,8,1,0,0,0,1,1,6,6,1,67,10,-1,-1,-1,-1,8,E01025938,0,-1
2021070275619,2021,070275619,2,9,0,14,14,2,6,0,0,0,0,0,0,0,1,1,1,1,2,85,11,-1,-1,-1,-1,-1,-1,0,-1
2021010332935,2021,010332935,2,9,0,15,15,5,1,0,0,1,0,0,0,0,4,1,6,6,1,41,7,-1,-1,-1,-1,6,E01000262,0,-1
2021122101452,2021,122101452,2,1,0,9,9,5,3,0,0,1,0,0,0,0,2,1,1,1,1,39,7,-1,-1,-1,-1,4,E01027910,0,-1
2021131059006,2021,131059006,2,1,0,18,19,1,5,0,0,1,0,2,0,0,3,1,5,6,1,39,7,-1,-1,-1,-1,8,E01011276,0,-1
2021131108216,2021,131108216,1,1,0,18,19,1,5,0,0,8,0,0,0,0,3,1,6,6,1,15,3,-1,-1,-1,-1,1,E01011663,0,-1
2021010311933,2021,010311933,2,8,0,99,99,9,9,99,99,9,9,99,9,99,1,9,6,6,3,-1,-1,-1,-1,-1,-1,-1,-1,0,-1
2021131091176,2021,131091176,2,9,0,9,9,5,1,0,0,0,1,0,0,0,1,1,2,2,1,48,8,-1,-1,-1,-1,4,E01010704,0,-1
2021010303257,2021,010303257,2,1,0,9,9,5,2,0,0,8,0,0,0,0,4,1,6,6,2,27,6,-1,-1,-1,-1,5,E01004654,0,-1
2021522104192,2021,522104192,2,9,0,18,19,1,5,0,0,1,0,0,0,0,1,1,6,6,1,35,6,-1,-1,-1,-1,2,E01014683,0,-1
202160Z043114,2021,60Z043114,1,9,0,18,19,2,6,0,0,1,0,4,2,7,1,1,6,6,1,57,9,-1,-1,-1,-1,-1,-1,0,-1
2021501144586,2021,501144586,1,9,0,18,19,7,3,0,0,1,0,0,0,0,1,1,6,6,2,33,6,-1,-1,-1,-1,4,E01018924,0,-1
2021371095611,2021,371095611,1,9,0,7,7,6,8,0,0,1,0,0,0,0,-1,1,6,6,3,-1,-1,-1,-1,-1,-1,-1,-1,0,-1
2021052102390,2021,052102390,2,1,0,18,19,3,7,0,0,1,0,0,0,0,4,1,2,2,1,37,7,-1,-1,-1,-1,3,E01006747,0,-1
2021471060849,2021,471060849,1,9,0,18,19,1,5,0,0,4,0,0,0,0,-1,1,6,6,3,-1,-1,-1,-1,-1,-1,-1,-1,0,-1
2021010316767,2021,010316767,2,1,0,18,19,7,3,4,4,1,0,11,0,0,4,1,6,6,1,22,5,-1,-1,-1,-1,5,E01002261,0,-1
2021430213588,2021,430213588,2,3,0,18,19,7,3,0,0,1,0,0,0,0,1,1,2,2,1,30,6,-1,-1,-1,-1,-1,-1,0,-1
2021522103731,2021,522103731,3,1,0,18,19,3,7,0,0,0,0,0,0,0,1,1,6,6,1,56,9,-1,-1,-1,-1,8,E01014668,0,-1
2021101054577,2021,101054577,2,9,0,15,15,7,3,0,0,0,0,0,0,0,0,1,1,1,3,18,4,-1,-1,-1,-1,-1,-1,0,-1
2021010350610,2021,010350610,2,9,0,99,99,9,9,99,99,9,9,99,9,99,9,9,6,6,3,-1,-1,-1,-1,-1,-1,-1,-1,0,-1
2021052100736,2021,052100736,2,9,0,18,19,7,3,0,0,0,0,0,0,0,2,1,2,2,1,19,4,-1,-1,-1,-1,2,E01007026,0,-1
2021010327865,2021,010327865,1,3,0,99,99,9,9,99,99,9,9,99,9,99,1,1,6,6,3,-1,-1,-1,-1,-1,-1,-1,-1,0,-1
2021332100766,2021,332100766,2,1,0,18,19,6,2,0,0,0,0,0,0,0,2,1,1,1,1,67,10,-1,-1,-1,-1,4,E01031026,0,-1
202163C046221,2021,63C046221,1,1,0,9,9,8,6,0,0,6,0,0,0,0,1,1,6,6,1,40,7,-1,-1,-1,-1,5,W01000593,0,-1
2021010339970,2021,010339970,2,19,0,99,99,9,9,99,99,9,9,99,9,99,1,9,6,6,3,48,8,-1,-1,-1,-1,4,E01023774,0,-1
2021461018917,2021,461018917,4,9,0,18,19,3,7,0,0,0,0,0,0,0,1,1,2,2,1,47,8,-1,-1,-1,-1,9,E01000440,0,-1
2021070055305,2021,070055305,1,1,0,9,9,7,8,0,0,3,0,0,0,0,3,1,6,6,1,48,8,-1,-1,-1,-1,8,E01018616,0,-1
2021332100054,2021,332100054,1,1,0,18,19,2,6,0,0,1,0,4,0,0,1,1,6,6,1,33,6,-1,-1,-1,-1,8,E01025841,0,-1
2021122100566,2021,122100566,2,9,0,3,3,7,3,0,0,8,0,0,0,0,2,1,6,6,1,31,6,-1,-1,-1,-1,7,E01011211,0,-1
2021161075315,2021,161075315,2,9,0,18,19,4,8,0,0,1,0,0,0,0,1,1,6,6,1,-1,-1,-1,-1,-1,-1,5,E01012764,0,-1
2021340558915,2021,340558915,1,9,0,18,19,5,1,0,0,0,0,0,0,0,1,1,6,6,3,-1,-1,-1,-1,-1,-1,-1,-1,0,-1
2021010301748,2021,010301748,1,1,9,99,99,9,9,99,99,9,9,99,9,99,9,1,6,6,2,41,7,-1,-1,-1,-1,6,E01002933,0,-1
2021070318427,2021,070318427,2,19,0,18,19,5,1,0,0,0,0,0,0,0,1,1,1,1,1,51,8,-1,-1,-1,-1,-1,-1,0,-1
2021991109404,2021,991109404,1,9,0,18,19,4,8,0,0,1,0,0,0,0,1,1,2,2,1,25,5,-1,-1,-1,-1,4,-1,0,-1
2021451017040,2021,451017040,2,9,0,18,19,5,1,0,0,0,0,0,0,0,0,1,6,6,1,35,6,-1,-1,-1,-1,-1,-1,0,-1
2021111020535,2021,111020535,1,1,0,18,19,6,2,0,0,8,2,0,0,0,1,1,6,6,1,45,7,-1,-1,-1,-1,-1,-1,0,-1
2021461089941,2021,461089941,1,19,0,18,19,1,5,0,0,1,0,0,0,0,4,1,6,6,1,-1,-1,-1,-1,-1,-1,-1,-1,0,-1
2021061110457,2021,061110457,2,1,0,18,19,7,3,0,0,8,0,0,0,0,4,1,1,1,1,30,6,-1,-1,-1,-1,1,E01005197,0,-1
2021221034741,2021,221034741,2,21,0,18,19,1,5,0,0,8,1,0,1,0,2,1,1,1,2,52,8,-1,-1,-1,-1,2,E01014601,0,-1
2021610039021,2021,610039021,1,9,0,9,9,1,7,0,0,1,0,0,0,0,1,1,6,6,1,24,5,-1,-1,-1,-1,-1,-1,0,-1
2021501071354,2021,501071354,1,9,0,7,7,2,4,0,0,6,0,0,0,0,4,1,6,6,2,-1,-1,-1,-1,-1,-1,-1,-1,0,-1
202163C026021,2021,63C026021,3,21,1,3,3,2,6,0,0,1,0,0,0,0,2,1,1,1,1,56,9,-1,-1,-1,-1,3,W01000945,0,-1
2021161116081,2021,161116081,2,9,0,7,7,2,5,0,0,2,0,0,0,0,1,1,6,6,3,-1,-1,-1,-1,-1,-1,-1,-1,0,-1
2021411125787,2021,411125787,1,9,0,18,19,7,3,0,0,1,0,0,0,0,4,1,5,6,1,50,8,-1,-1,-1,-1,4,E01023349,0,-1
2021131054912,2021,131054912,2,1,0,18,19,1,5,0,0,8,0,0,0,0,3,1,5,6,1,25,5,-1,-1,-1,-1,-1,-1,0,-1
202106K079258,2021,06K079258,1,9,0,18,19,4,8,0,0,8,0,0,0,0,1,1,6,6,3,30,6,-1,-1,-1,-1,-1,-1,0,-1
2021010335972,2021,010335972,2,9,0,99,99,9,9,99,99,9,9,99,9,99,9,9,6,6,3,-1,-1,-1,-1,-1,-1,-1,-1,0,-1
2021010306905,2021,010306905,2,3,0,99,99,9,9,99,99,9,9,99,9,99,1,1,6,6,3,-1,-1,-1,-1,-1,-1,-1,-1,0,-1
2021440107518,2021,440107518,1,19,0,14,14,7,3,0,0,0,0,0,0,0,3,1,6,6,1,-1,-1,-1,-1,-1,-1,-1,-1,0,-1
2021991066091,2021,991066091,2,1,0,9,9,6,3,4,4,4,5,0,0,0,2,1,5,6,2,60,9,-1,-1,-1,-1,-1,-1,0,-1
2021440210257,2021,440210257,1,9,0,13,13,2,6,0,0,0,0,0,0,0,4,1,6,6,1,23,5,-1,-1,-1,-1,4,E01011678,0,-1
2021010345796,2021,010345796,1,1,9,99,99,9,9,99,99,9,9,99,9,99,9,1,2,2,2,27,6,-1,-1,-1,-1,5,E01001902,0,-1
202160Z106644,2021,60Z106644,2,9,0,5,5,4,8,0,0,4,0,0,1,0,1,1,2,2,2,32,6,-1,-1,-1,-1,-1,-1,0,-1
2021010307061,2021,010307061,1,1,9,18,19,7,3,4,4,8,9,0,0,0,1,1,6,6,1,39,7,-1,-1,-1,-1,1,E01004298,0,-1
2021451049362,2021,451049362,1,1,0,18,19,1,5,0,0,0,0,0,0,0,4,1,6,6,1,30,6,-1,-1,-1,-1,3,E01030385,0,-1
2021111085628,2021,111085628,2,1,0,18,19,5,1,0,0,0,0,0,0,0,2,1,1,1,1,36,7,-1,-1,-1,-1,2,E01020897,0,-1
2021610051521,2021,610051521,2,1,0,18,19,7,3,0,0,1,0,0,0,0,1,1,6,6,1,61,9,-1,-1,-1,-1,8,W01001495,0,-1
2021461034932,2021,461034932,2,16,0,4,4,1,5,0,0,0,0,0,0,0,0,1,5,6,2,12,3,-1,-1,-1,-1,7,E01024466,0,-1
2021070455222,2021,070455222,2,1,0,4,4,4,8,0,0,1,0,0,0,0,2,1,6,6,1,42,7,-1,-1,-1,-1,10,E01018667,0,-1
2021351101762,2021,351101762,1,1,0,18,19,2,6,9,9,0,0,0,0,0,4,1,6,6,1,30,6,-1,-1,-1,-1,-1,-1,0,-1
2021461028168,2021,461028168,1,9,0,18,19,1,5,0,0,1,0,0,0,0,1,1,6,6,1,-1,-1,-1,-1,-1,-1,-1,-1,0,-1
2021170M20481,2021,170M20481,3,9,0,18,19,8,4,0,0,0,0,0,0,0,2,1,6,6,1,-1,-1,-1,-1,-1,-1,9,E01012227,0,-1
2021361091044,2021,361091044,2,9,0,2,2,0,0,9,9,0,0,0,0,0,4,1,6,6,3,-1,-1,-1,-1,-1,-1,-1,-1,0,-1
202106A079379,2021,06A079379,1,9,0,18,19,3,7,0,0,1,0,0,0,0,3,1,6,6,1,28,6,-1,-1,-1,-1,1,E01033666,0,-1
2021471094118,2021,471094118,2,1,0,18,19,8,4,0,0,8,0,0,0,0,1,1,6,6,2,31,6,-1,-1,-1,-1,7,E01013396,0,-1
2021052100027,2021,052100027,2,1,0,18,19,7,3,0,0,0,0,0,0,0,2,1,6,6,1,16,4,-1,-1,-1,-1,6,E01007033,0,-1
20211383G0671,2021,1383G0671,1,9,0,18,19,4,8,9,9,0,0,0,0,0,1,1,6,6,3,-1,-1,-1,-1,-1,-1,-1,-1,0,-1
2021170H10251,2021,170H10251,2,9,0,18,19,8,4,0,0,0,0,0,7,0,3,1,6,6,2,38,7,-1,-1,-1,-1,-1,-1,0,-1
2021111093727,2021,111093727,1,9,0,18,19,5,1,0,0,1,0,0,0,0,1,1,6,6,3,40,7,-1,-1,-1,-1,-1,-1,0,-1
2021411015923,2021,411015923,1,-1,0,18,19,5,1,0,0,1,0,0,0,0,1,1,1,1,1,25,5,-1,-1,-1,-1,3,E01001440,1,-1
2021010343117,2021,010343117,1,4,0,18,19,1,5,0,0,5,1,0,0,0,1,1,2,2,1,50,8,-1,-1,-1,-1,8,E01023938,0,-1
2021122100893,2021,122100893,1,1,0,18,19,2,6,0,0,0,0,0,0,0,0,1,6,6,1,23,5,-1,-1,-1,-1,3,E01032774,0,-1
2021070336718,2021,070336718,1,9,0,1,1,3,7,0,0,0,0,0,0,0,2,1,3,7,3,-1,-1,-1,-1,-1,-1,-1,-1,0,-1
2021010293805,2021,010293805,2,9,0,7,7,1,3,0,0,2,0,0,0,0,4,1,6,6,3,-1,-1,-1,-1,-1,-1,-1,-1,0,-1
2021411021172,2021,411021172,1,9,-1,-1,-1,-1,-1,-1,-1,0,-1,-1,-1,0,-1,1,5,6,3,-1,-1,-1,-1,-1,-1,-1,-1,0,-1
2021010299153,2021,010299153,2,9,0,99,99,9,9,99,99,9,9,99,9,99,9,9,6,6,3,-1,-1,-1,-1,-1,-1,-1,-1,0,-1
2021411064492,2021,411064492,2,1,0,18,19,2,6,0,0,8,1,0,0,0,1,1,6,6,1,41,7,-1,-1,-1,-1,8,E01023511,0,-1
2021041045677,2021,041045677,2,9,0,18,19,7,7,0,0,1,0,0,0,0,1,1,5,6,1,45,7,-1,-1,-1,-1,1,E01012643,0,-1
2021332100416,2021,332100416,2,9,0,10,10,4,2,0,0,8,0,0,0,0,2,1,2,2,1,67,10,-1,-1,-1,-1,10,E01025906,0,-1
2021552200159,2021,552200159,1,1,0,18,19,7,3,0,0,0,0,0,0,0,1,1,6,6,1,31,6,-1,-1,-1,-1,9,E01015422,0,-1
2021541022521,2021,541022521,1,1,0,18,19,3,7,0,0,6,0,0,0,0,1,1,1,1,1,18,4,-1,-1,-1,-1,10,E01031921,0,-1
2021332101024,2021,332101024,2,9,0,17,19,3,8,0,0,0,1,0,0,0,2,1,6,6,1,31,6,-1,-1,-1,-1,8,E01025643,0,-1
2021302101623,2021,302101623,2,11,0,18,19,4,8,0,0,1,0,0,0,0,0,1,6,6,1,36,7,-1,-1,-1,-1,3,E01028297,0,-1
2021041152550,2021,041152550,1,9,0,18,19,5,1,0,0,0,0,0,0,0,0,1,6,6,3,-1,-1,-1,-1,-1,-1,-1,-1,0,-1
2021010307203,2021,010307203,2,90,0,99,99,9,9,99,99,9,9,99,9,99,9,1,6,6,1,41,7,-1,-1,-1,-1,3,E01001242,0,-1
2021201134508,2021,201134508,3,9,0,18,19,6,2,0,0,1,0,0,0,0,1,1,6,6,3,-1,-1,-1,-1,-1,-1,-1,-1,0,-1
2021061077633,2021,061077633,2,1,0,18,19,1,5,0,0,0,0,0,0,0,1,1,6,6,2,18,4,-1,-1,-1,-1,10,E01005741,0,-1
2021010289734,2021,010289734,1,1,9,99,99,9,9,99,99,9,9,99,9,99,9,1,6,6,1,40,7,-1,-1,-1,-1,4,E01004737,0,-1
2021371035148,2021,371035148,2,9,0,18,19,1,2,0,0,0,0,0,0,0,2,1,6,6,1,28,6,-1,-1,-1,-1,4,E01033123,0,-1
2021201111592,2021,201111592,1,9,0,18,19,1,5,0,0,8,0,0,0,0,4,1,6,6,3,-1,-1,-1,-1,-1,-1,-1,-1,0,-1
202163D106121,2021,63D106121,1,9,0,18,19,8,4,0,0,0,1,0,7,4,1,1,6,6,2,19,4,-1,-1,-1,-1,1,W01001307,0,-1
2021231064605,2021,231064605,1,9,0,18,19,8,4,0,0,0,0,0,0,0,4,1,6,6,1,34,6,-1,-1,-1,-1,-1,-1,0,-1
2021332100648,2021,332100648,1,9,0,7,7,8,4,0,0,3,0,0,0,0,1,1,6,6,2,45,7,-1,-1,-1,-1,10,E01025707,0,-1
2021010318897,2021,010318897,1,2,0,18,19,6,2,0,0,0,0,0,0,0,1,1,6,6,3,21,5,-1,-1,-1,-1,-1,-1,0,-1
2021461034589,2021,461034589,1,98,1,4,4,1,5,0,0,0,0,0,0,0,4,1,6,6,3,-1,-1,-1,-1,-1,-1,-1,-1,0,-1
2021010342584,2021,010342584,2,1,0,5,5,7,3,0,0,1,0,0,0,0,2,1,2,2,2,34,6,-1,-1,-1,-1,-1,-1,0,-1
2021471073512,2021,471073512,2,1,0,18,19,4,8,9,9,8,0,0,0,0,1,1,6,6,2,10,2,-1,-1,-1,-1,2,E01020925,0,-1
202106N079288,2021,06N079288,1,1,0,3,3,5,7,0,0,2,0,0,0,0,3,1,6,6,1,41,7,-1,-1,-1,-1,5,E01004977,0,-1
2021440412758,2021,440412758,2,9,0,18,19,6,2,0,0,4,0,0,0,0,0,1,6,6,2,-1,-1,-1,-1,-1,-1,-1,-1,0,-1
202163D032021,2021,63D032021,3,9,0,4,4,4,8,0,0,0,0,0,0,0,0,1,6,6,3,-1,-1,-1,-1,-1,-1,-1,-1,0,-1
2021131117575,2021,131117575,1,19,0,7,7,8,7,0,0,1,0,0,0,0,1,1,6,6,3,-1,-1,-1,-1,-1,-1,-1,-1,0,-1
2021010291639,2021,010291639,1,1,9,99,99,9,9,99,99,3,9,99,9,99,2,1,6,6,1,34,6,-1,-1,-1,-1,2,E01004444,0,-1
2021061120956,2021,061120956,1,1,0,18,19,5,1,0,0,8,0,0,0,0,3,1,6,6,1,40,7,-1,-1,-1,-1,5,E01005153,0,-1
2021041075556,2021,041075556,2,1,0,18,19,7,3,0,0,0,0,0,0,0,1,1,6,6,1,32,6,-1,-1,-1,-1,1,E01025112,0,-1
2021351039328,2021,351039328,2,2,0,18,19,1,4,0,0,1,0,0,0,0,4,1,5,6,1,16,4,-1,-1,-1,-1,3,E01017975,0,-1
2021170S10221,2021,170S10221,2,1,0,18,19,5,1,5,5,0,0,0,0,0,2,1,6,6,1,6,2,-1,-1,-1,-1,7,E01012269,0,-1
2021451091976,2021,451091976,1,1,0,18,19,5,1,0,0,0,0,0,0,0,1,1,5,6,1,62,9,-1,-1,-1,-1,10,E01031002,0,-1
2021010321129,2021,010321129,2,97,0,99,99,9,9,99,99,0,9,99,9,99,2,1,6,6,3,-1,-1,-1,-1,-1,-1,-1,-1,0,-1
2021351054114,2021,351054114,2,9,-1,8,8,6,2,0,0,1,0,0,0,0,3,1,6,6,1,28,6,-1,-1,-1,-1,-1,-1,0,-1
2021101066649,2021,101066649,1,1,0,18,19,7,3,0,0,8,0,0,0,0,1,1,2,2,1,49,8,-1,-1,-1,-1,10,E01008724,0,-1
2021141077412,2021,141077412,2,1,0,18,19,5,1,0,0,8,0,0,0,0,1,1,6,6,1,55,8,-1,-1,-1,-1,2,E01008010,0,-1
2021111103009,2021,111103009,2,9,0,17,19,1,2,0,0,0,0,0,0,0,1,1,6,6,1,51,8,-1,-1,-1,-1,5,E01008795,0,-1
2021010294793,2021,010294793,1,1,9,99,99,9,9,99,99,1,9,99,9,99,9,1,2,2,1,52,8,-1,-1,-1,-1,3,E01003602,0,-1
2021440412112,2021,440412112,2,1,0,18,19,1,5,0,0,8,0,0,0,0,0,1,6,6,1,38,7,-1,-1,-1,-1,4,E01022621,0,-1
2021052101019,2021,052101019,2,1,0,18,19,3,7,0,0,6,0,0,0,0,3,1,3,7,2,42,7,-1,-1,-1,-1,1,E01006871,0,-1
2021010301893,2021,010301893,2,1,0,18,19,4,8,0,0,1,0,0,0,0,1,1,6,6,2,46,8,-1,-1,-1,-1,7,E01000818,0,-1
2021430322906,2021,430322906,1,5,0,16,19,5,8,0,0,0,0,10,0,0,1,1,6,6,2,34,6,-1,-1,-1,-1,10,E01022497,0,-1
2021522105888,2021,522105888,2,9,0,7,7,1,3,0,0,5,0,0,0,0,4,1,6,6,3,-1,-1,-1,-1,-1,-1,-1,-1,0,-1
2021221078440,2021,221078440,1,3,0,18,19,1,5,0,0,0,0,0,1,0,4,1,5,6,1,26,6,-1,-1,-1,-1,7,E01028438,0,-1
202134WNC3681,2021,34WNC3681,2,1,0,14,14,1,5,0,0,1,0,0,0,0,4,1,2,2,1,50,8,-1,-1,-1,-1,3,E01027173,0,-1
2021451098464,2021,451098464,1,9,0,18,19,6,2,0,0,8,5,0,0,0,3,2,5,6,2,42,7,-1,-1,-1,-1,8,E01030302,0,-1
2021138291404,2021,138291404,2,1,0,14,14,7,3,0,0,0,2,4,0,0,1,1,6,6,1,24,5,-1,-1,-1,-1,2,E01011914,0,-1
2021010288497,2021,010288497,1,9,0,18,19,7,3,0,0,0,0,10,0,0,1,1,6,6,1,21,5,-1,-1,-1,-1,9,E01000356,0,-1
2021201087996,2021,201087996,1,9,0,18,19,4,8,0,0,0,0,0,0,0,0,1,6,6,3,-1,-1,-1,-1,-1,-1,-1,-1,0,-1
2021430478358,2021,430478358,3,9,0,18,19,2,6,0,0,0,0,0,0,0,1,1,6,6,1,34,6,-1,-1,-1,-1,-1,-1,0,-1
2021161121508,2021,161121508,2,22,0,18,19,2,6,0,0,2,0,0,0,0,1,1,6,6,1,69,10,-1,-1,-1,-1,3,E01013156,0,-1
2021010312281,2021,010312281,1,5,0,99,99,9,9,99,99,9,9,99,9,99,9,1,6,6,1,26,6,-1,-1,-1,-1,3,E01000502,0,-1
2021010297021,2021,010297021,2,1,0,18,19,5,1,0,0,1,5,0,1,1,3,1,6,6,1,62,9,-1,-1,-1,-1,3,E01000502,0,-1
202163C064721,2021,63C064721,1,9,0,18,19,2,6,0,0,0,0,0,0,0,1,1,6,6,1,33,6,-1,-1,-1,-1,3,W01001317,0,-1
2021991076381,2021,991076381,2,9,0,5,5,8,3,8,6,1,1,0,0,0,3,1,5,6,2,25,5,-1,-1,-1,-1,2,-1,0,-1
2021010339497,2021,010339497,2,1,0,3,3,1,5,0,0,1,0,0,0,0,1,1,2,2,1,23,5,-1,-1,-1,-1,2,E01000051,0,-1
2021061031477,2021,061031477,1,-1,0,9,9,5,7,0,0,0,0,0,0,0,1,1,6,6,3,30,6,-1,-1,-1,-1,-1,-1,0,-1
2021440149020,2021,440149020,1,1,0,12,12,8,5,0,0,0,0,0,0,0,1,1,6,6,2,20,4,-1,-1,-1,-1,5,E01022806,0,-1
2021010327479,2021,010327479,2,1,0,18,19,1,5,0,0,1,0,0,0,0,3,1,6,6,1,60,9,-1,-1,-1,-1,3,E01003296,0,-1
2021070821251,2021,070821251,2,9,0,4,4,6,2,0,0,0,0,0,0,0,2,1,6,6,3,-1,-1,-1,-1,-1,-1,-1,-1,0,-1
2021440517534,2021,440517534,2,9,0,18,19,3,7,0,0,8,0,0,0,0,1,1,2,2,1,30,6,-1,-1,-1,-1,3,E01017242,0,-1
2021522101344,2021,522101344,2,9,0,18,19,4,8,0,0,1,0,0,0,0,1,1,6,6,2,49,8,-1,-1,-1,-1,2,E01014626,0,-1
2021311110435,2021,311110435,4,9,0,4,4,5,1,0,0,0,0,0,0,0,1,1,1,1,1,29,6,-1,-1,-1,-1,3,E01026311,0,-1
2021430121108,2021,430121108,2,9,0,18,19,4,8,0,0,1,0,0,0,0,1,1,6,6,3,-1,-1,-1,-1,-1,-1,-1,-1,0,-1
2021061118200,2021,061118200,1,9,0,18,19,3,7,0,0,1,0,0,0,0,1,1,6,6,3,-1,-1,-1,-1,-1,-1,-1,-1,0,-1