collision_index,collision_year,collision_ref_no,vehicle_reference,vehicle_type,towing_and_articulation,vehicle_manoeuvre_historic,vehicle_manoeuvre,vehicle_direction_from,vehicle_direction_to,vehicle_location_restricted_lane_historic,vehicle_location_restricted_lane,junction_location,skidding_and_overturning,hit_object_in_carriageway,vehicle_leaving_carriageway,hit_object_off_carriageway,first_point_of_impact,vehicle_left_hand_drive,journey_purpose_of_driver_historic,journey_purpose_of_driver,sex_of_driver,age_of_driver,age_band_of_driver,engine_capacity_cc,propulsion_code,age_of_vehicle,generic_make_model,driver_imd_decile,lsoa_of_driver,escooter_flag,driver_distance_banding
2021010303075,2021,010303075,2,90,9,99,99,9,9,99,99,9,9,99,9,99,9,9,6,6,3,36,7,-1,-1,-1,-1,4,E01002718,0,-1
2021010346377,2021,010346377,2,-1,0,99,99,9,9,0,0,8,0,0,0,0,1,9,6,6,3,-1,-1,-1,-1,-1,-1,-1,-1,1,-1
2021371080319,2021,371080319,3,98,1,18,19,6,2,0,0,0,0,0,0,0,2,1,1,1,1,38,7,-1,-1,-1,-1,6,E01032964,0,-1
2021501115283,2021,501115283,4,9,0,18,19,7,3,0,0,0,0,0,0,0,1,1,5,6,1,55,8,-1,-1,-1,-1,4,E01029328,0,-1
2021041083492,2021,041083492,2,98,0,18,19,3,7,0,0,0,0,0,0,0,2,1,1,1,1,59,9,-1,-1,-1,-1,8,E01024937,0,-1
2021170L31091,2021,170L31091,2,1,0,7,7,3,5,0,0,8,0,0,0,0,1,1,6,6,2,64,9,-1,-1,-1,-1,7,E01012186,0,-1
2021440291458,2021,440291458,2,1,0,18,19,7,3,0,0,0,0,0,0,0,2,1,6,6,1,70,10,-1,-1,-1,-1,10,E01023218,0,-1
2021401084274,2021,401084274,1,9,0,18,19,5,1,0,0,0,0,0,0,0,3,1,1,1,1,45,7,-1,-1,-1,-1,8,E01017411,0,-1
2021161068521,2021,161068521,1,1,0,18,19,1,5,0,0,1,0,0,0,0,0,1,6,6,2,62,9,-1,-1,-1,-1,1,E01033110,0,-1
2021522106065,2021,522106065,2,9,0,18,19,4,1,0,0,0,0,0,0,0,2,1,6,6,1,58,9,-1,-1,-1,-1,3,E01014926,0,-1
2021461037722,2021,461037722,2,1,0,18,19,2,6,5,5,0,0,0,0,0,1,1,2,2,2,46,8,-1,-1,-1,-1,6,E01024117,0,-1
2021610040721,2021,610040721,1,3,0,18,19,6,2,0,0,4,0,0,7,0,1,1,6,6,1,32,6,-1,-1,-1,-1,-1,-1,0,-1
2021061096678,2021,061096678,1,9,0,18,19,2,6,0,0,0,0,0,0,0,4,1,6,6,3,30,6,-1,-1,-1,-1,-1,-1,0,-1
2021302100195,2021,302100195,2,1,0,18,19,4,8,0,0,0,0,8,0,0,4,1,6,6,1,68,10,-1,-1,-1,-1,10,E01019587,0,-1
2021430208209,2021,430208209,2,1,0,18,19,4,8,0,0,1,0,0,0,0,4,1,6,6,1,13,3,-1,-1,-1,-1,3,E01016396,0,-1
2021411122329,2021,411122329,2,1,0,9,9,7,5,0,0,4,0,0,0,0,1,1,1,1,1,67,10,-1,-1,-1,-1,6,E01023320,0,-1
2021201085405,2021,201085405,1,9,0,18,19,7,3,0,0,0,0,0,0,0,1,1,6,6,3,-1,-1,-1,-1,-1,-1,-1,-1,0,-1
2021302102021,2021,302102021,1,8,0,5,5,0,0,0,0,0,0,0,0,0,3,1,1,1,3,-1,-1,-1,-1,-1,-1,5,E01019456,0,-1
2021010321217,2021,010321217,1,1,9,9,9,1,7,0,0,1,5,0,0,99,3,1,6,6,1,24,5,-1,-1,-1,-1,4,E01001241,0,-1
2021351101474,2021,351101474,1,1,0,7,7,8,3,0,0,1,0,0,4,0,1,1,6,6,2,25,5,-1,-1,-1,-1,-1,-1,0,-1
2021520100598,2021,520100598,2,17,4,18,19,3,7,0,0,0,0,0,0,0,1,1,6,6,1,35,6,-1,-1,-1,-1,4,E01020052,0,-1
2021332100844,2021,332100844,6,98,0,3,3,5,1,0,0,0,0,0,0,0,2,1,1,1,1,47,8,-1,-1,-1,-1,8,E01009822,0,-1
2021351071578,2021,351071578,1,9,0,18,19,8,4,0,0,0,0,0,0,0,4,1,5,6,1,51,8,-1,-1,-1,-1,4,E01015792,0,-1
2021440444186,2021,440444186,2,9,0,4,4,1,5,0,0,1,0,0,0,0,1,1,6,6,3,-1,-1,-1,-1,-1,-1,-1,-1,0,-1
2021141117452,2021,141117452,1,19,0,18,19,7,2,0,0,0,0,0,0,0,1,1,6,6,3,-1,-1,-1,-1,-1,-1,-1,-1,0,-1
2021041073185,2021,041073185,1,1,0,18,19,2,6,0,0,8,0,0,0,0,1,1,5,6,1,40,7,-1,-1,-1,-1,8,E01025010,0,-1
2021430484514,2021,430484514,2,1,0,14,14,7,3,0,0,0,0,8,0,0,4,1,6,6,2,52,8,-1,-1,-1,-1,-1,-1,0,-1
2021430416384,2021,430416384,2,9,0,18,19,5,1,0,0,8,0,0,0,0,1,1,2,2,1,62,9,-1,-1,-1,-1,5,E01016838,0,-1
2021461063262,2021,461063262,1,9,0,18,19,1,7,9,9,0,0,0,0,0,4,1,6,6,1,72,10,-1,-1,-1,-1,10,E01024735,0,-1
2021622100099,2021,622100099,2,22,0,18,19,4,8,0,0,0,0,0,0,0,1,1,6,6,2,63,9,-1,-1,-1,-1,2,W01001243,0,-1
2021161016794,2021,161016794,1,1,0,18,19,5,1,0,0,2,5,0,0,0,4,1,1,1,1,23,5,-1,-1,-1,-1,2,E01012863,0,-1
2021221093499,2021,221093499,2,1,0,18,19,5,1,0,0,8,0,0,0,0,1,1,5,6,1,46,8,-1,-1,-1,-1,3,E01014156,0,-1
2021010315725,2021,010315725,2,9,0,99,99,9,9,99,99,9,9,99,9,99,1,9,6,6,3,-1,-1,-1,-1,-1,-1,-1,-1,0,-1
2021010318653,2021,010318653,2,1,0,18,19,8,4,0,0,0,2,8,0,0,1,1,6,6,1,43,7,-1,-1,-1,-1,4,E01004065,0,-1
2021451111396,2021,451111396,2,1,0,18,19,1,5,0,0,0,0,0,0,0,1,1,1,1,1,39,7,-1,-1,-1,-1,4,E01030601,0,-1
2021332100217,2021,332100217,1,9,0,18,19,1,5,0,0,8,0,0,0,0,1,1,6,6,1,24,5,-1,-1,-1,-1,2,E01032873,0,-1
2021471055194,2021,471055194,1,9,0,-1,-1,-1,-1,-1,-1,0,-1,-1,-1,0,-1,1,6,6,3,-1,-1,-1,-1,-1,-1,-1,-1,0,-1
2021501139871,2021,501139871,1,9,0,10,10,8,1,0,0,4,0,0,0,0,2,1,2,2,1,52,8,-1,-1,-1,-1,4,E01020017,0,-1
2021991060637,2021,991060637,2,9,0,17,19,3,6,0,0,1,0,0,0,0,3,1,5,6,2,31,6,-1,-1,-1,-1,8,-1,0,-1
2021010337765,2021,010337765,4,9,0,2,2,0,0,0,0,2,0,0,0,0,2,1,6,6,3,-1,-1,-1,-1,-1,-1,-1,-1,0,-1
2021201056427,2021,201056427,1,9,0,9,9,5,3,0,0,6,0,0,0,0,3,1,6,6,1,57,9,-1,-1,-1,-1,6,E01010133,0,-1
2021010350054,2021,010350054,1,9,0,18,19,3,7,0,0,0,0,0,0,0,1,1,6,6,3,-1,-1,-1,-1,-1,-1,-1,-1,0,-1
2021201078070,2021,201078070,2,1,0,17,19,8,4,0,0,3,0,0,0,0,2,1,2,2,1,-1,-1,-1,-1,-1,-1,3,E01009086,0,-1
2021061140183,2021,061140183,1,9,-1,9,9,1,1,0,0,0,0,0,0,0,1,1,2,2,1,30,6,-1,-1,-1,-1,1,E01005725,0,-1
2021010294389,2021,010294389,1,1,9,99,99,9,9,99,99,9,9,99,9,99,1,1,6,6,1,34,6,-1,-1,-1,-1,1,E01033153,0,-1
2021010308480,2021,010308480,2,1,9,99,99,9,9,99,99,9,9,99,9,99,9,1,6,6,3,-1,-1,-1,-1,-1,-1,-1,-1,0,-1
202131B116321,2021,31B116321,1,9,0,5,5,6,2,9,9,1,0,0,0,0,1,1,6,6,1,65,9,-1,-1,-1,-1,2,E01028319,0,-1
2021010347286,2021,010347286,2,1,0,18,19,3,7,0,0,1,5,0,0,0,2,1,6,6,1,20,4,-1,-1,-1,-1,4,E01033579,0,-1
2021302101536,2021,302101536,3,98,1,18,19,6,2,0,0,0,0,0,0,0,0,1,6,6,3,-1,-1,-1,-1,-1,-1,5,E01019456,0,-1
2021421012412,2021,421012412,2,1,0,18,19,7,3,0,0,1,0,0,0,0,4,1,6,6,1,65,9,-1,-1,-1,-1,-1,-1,0,-1
2021010344663,2021,010344663,1,1,0,99,99,9,9,99,99,9,9,99,9,99,9,1,6,6,1,-1,-1,-1,-1,-1,-1,-1,-1,0,-1
2021421027900,2021,421027900,2,19,0,18,19,5,1,0,0,8,0,0,0,0,1,1,6,6,1,55,8,-1,-1,-1,-1,1,E01019033,0,-1
2021552200043,2021,552200043,2,-1,0,18,19,3,7,0,0,8,0,0,0,0,4,1,6,6,1,24,5,-1,-1,-1,-1,9,E01015360,1,-1
2021430533154,2021,430533154,2,19,0,18,19,8,4,0,0,1,0,0,0,0,1,1,6,6,3,-1,-1,-1,-1,-1,-1,-1,-1,0,-1
2021010298005,2021,010298005,2,1,0,7,7,7,1,0,0,8,0,0,0,0,2,1,6,6,2,28,6,-1,-1,-1,-1,6,E01002639,0,-1
2021041099092,2021,041099092,2,1,0,18,19,7,3,0,0,1,0,0,0,0,1,1,6,6,1,55,8,-1,-1,-1,-1,3,E01024879,0,-1
2021302100759,2021,302100759,2,1,0,9,9,2,8,0,0,8,1,0,0,0,2,1,6,6,1,13,3,-1,-1,-1,-1,2,E01013571,0,-1
2021320740882,2021,320740882,2,9,0,18,19,2,6,0,0,0,0,0,0,0,1,1,6,6,1,-1,-1,-1,-1,-1,-1,-1,-1,0,-1
2021010312146,2021,010312146,2,3,0,18,19,3,7,0,0,1,0,0,0,0,1,1,6,6,1,26,6,-1,-1,-1,-1,-1,-1,0,-1
2021401013928,2021,401013928,2,9,0,18,19,1,4,0,0,1,0,0,0,0,3,1,5,6,1,28,6,-1,-1,-1,-1,6,E01017589,0,-1
2021201084341,2021,201084341,2,1,0,7,7,8,3,0,0,3,0,0,0,0,4,1,6,6,1,64,9,-1,-1,-1,-1,7,E01009427,0,-1
2021461067046,2021,461067046,1,1,0,18,19,8,4,0,0,0,0,0,0,0,3,1,5,6,1,53,8,-1,-1,-1,-1,8,E01024255,0,-1
2021430188702,2021,430188702,1,9,0,17,19,5,2,0,0,8,1,0,3,4,1,1,2,2,1,24,5,-1,-1,-1,-1,10,E01022846,0,-1
2021430400828,2021,430400828,2,1,0,18,19,3,7,0,0,8,0,0,0,0,2,1,6,6,2,26,6,-1,-1,-1,-1,-1,-1,0,-1
2021010347126,2021,010347126,2,1,0,18,19,2,6,0,0,1,0,0,0,0,1,1,1,1,1,50,8,-1,-1,-1,-1,7,E01000340,0,-1
2021430290781,2021,430290781,1,9,0,9,9,7,5,0,0,8,0,0,0,0,1,1,6,6,1,31,6,-1,-1,-1,-1,-1,-1,0,-1
2021332101056,2021,332101056,1,9,0,18,19,5,1,0,0,0,0,0,0,0,2,1,6,6,2,37,7,-1,-1,-1,-1,2,E01013776,0,-1
2021320260574,2021,320260574,1,9,0,18,19,6,2,0,0,0,0,0,0,0,1,1,6,6,2,42,7,-1,-1,-1,-1,6,E01026021,0,-1
2021070364361,2021,070364361,2,1,0,13,13,6,2,0,0,2,0,0,0,0,1,1,6,6,1,31,6,-1,-1,-1,-1,2,E01018714,0,-1
2021332100341,2021,332100341,1,9,0,17,19,6,3,0,0,0,5,0,1,7,4,1,2,2,1,38,7,-1,-1,-1,-1,2,E01013624,0,-1
2021161071109,2021,161071109,1,1,0,7,7,1,5,0,0,8,0,0,0,0,3,1,6,6,1,20,4,-1,-1,-1,-1,1,E01013162,0,-1
2021010341459,2021,010341459,1,1,9,99,99,9,9,99,99,9,9,99,9,99,1,1,2,2,1,51,8,-1,-1,-1,-1,1,E01004298,0,-1
2021520104097,2021,520104097,2,9,0,3,3,2,6,0,0,1,0,0,0,0,3,1,6,6,1,55,8,-1,-1,-1,-1,9,E01023385,0,-1
2021332100639,2021,332100639,1,9,0,17,19,6,3,0,0,0,5,0,7,4,4,1,1,1,1,27,6,-1,-1,-1,-1,10,E01025711,0,-1
2021010319991,2021,010319991,1,1,9,99,99,9,9,99,99,9,9,99,9,99,9,1,2,2,1,36,7,-1,-1,-1,-1,7,E01002424,0,-1
2021161099804,2021,161099804,1,9,0,18,19,7,3,0,0,1,0,0,0,0,1,1,6,6,1,-1,-1,-1,-1,-1,-1,-1,-1,0,-1
2021131045777,2021,131045777,3,9,0,5,5,1,5,0,0,1,0,0,0,0,1,1,5,6,1,45,7,-1,-1,-1,-1,2,E01010649,0,-1
2021302100130,2021,302100130,1,9,0,16,19,6,8,0,0,0,1,0,0,0,1,1,1,1,1,23,5,-1,-1,-1,-1,3,E01013453,0,-1
2021440025709,2021,440025709,1,9,0,18,19,1,4,0,0,1,0,0,0,0,1,1,6,6,3,-1,-1,-1,-1,-1,-1,-1,-1,0,-1
2021010339239,2021,010339239,1,1,9,99,99,9,9,99,99,1,9,99,9,99,9,1,2,2,1,47,8,-1,-1,-1,-1,6,E01004164,0,-1
2021451086815,2021,451086815,2,9,0,18,19,7,3,0,0,1,1,0,0,0,3,1,5,6,1,43,7,-1,-1,-1,-1,10,E01030499,0,-1
2021061061463,2021,061061463,1,9,0,18,19,1,5,0,0,0,0,0,0,0,1,1,6,6,3,40,7,-1,-1,-1,-1,-1,-1,0,-1
202134NNC3581,2021,34NNC3581,2,1,0,18,19,3,7,0,0,0,0,0,0,0,0,1,6,6,2,52,8,-1,-1,-1,-1,9,E01027053,0,-1
2021010290333,2021,010290333,1,9,9,99,99,9,9,99,99,8,9,99,9,99,9,9,6,6,3,-1,-1,-1,-1,-1,-1,-1,-1,0,-1
2021520201330,2021,520201330,1,9,0,18,19,6,2,0,0,0,0,11,0,0,1,1,6,6,1,57,9,-1,-1,-1,-1,7,E01029018,0,-1
2021070135356,2021,070135356,3,1,0,4,4,5,1,0,0,1,0,0,0,0,4,1,6,6,1,12,3,-1,-1,-1,-1,1,E01012403,0,-1
2021010314643,2021,010314643,2,4,0,99,99,9,9,99,99,0,9,99,9,99,9,1,6,6,3,-1,-1,-1,-1,-1,-1,-1,-1,0,-1
2021010341674,2021,010341674,2,9,0,99,99,9,9,99,99,9,9,99,9,99,9,9,6,6,3,-1,-1,-1,-1,-1,-1,-1,-1,0,-1
2021471025121,2021,471025121,2,1,0,9,9,5,3,0,0,8,0,0,0,0,4,1,5,6,1,68,10,-1,-1,-1,-1,7,E01031387,0,-1
2021131060046,2021,131060046,2,1,0,18,19,3,8,0,0,8,0,0,0,0,1,1,6,6,1,12,3,-1,-1,-1,-1,-1,-1,0,-1
2021010350735,2021,010350735,2,23,0,18,19,7,3,0,0,0,0,0,0,0,1,1,1,1,1,18,4,-1,-1,-1,-1,1,E01002734,0,-1
2021131082920,2021,131082920,1,90,0,18,19,8,4,9,9,8,0,0,0,0,-1,1,6,6,3,-1,-1,-1,-1,-1,-1,-1,-1,0,-1
2021991056994,2021,991056994,1,1,0,18,19,3,7,0,0,8,0,0,0,0,1,1,5,6,1,20,4,-1,-1,-1,-1,1,-1,0,-1
2021430191947,2021,430191947,1,19,0,5,5,1,5,0,0,0,0,0,0,0,3,1,6,6,1,49,8,-1,-1,-1,-1,-1,-1,0,-1
2021010309471,2021,010309471,3,9,0,18,19,7,3,0,0,0,0,0,0,0,1,1,1,1,1,23,5,-1,-1,-1,-1,9,E01002286,0,-1
2021351024257,2021,351024257,2,1,0,18,19,2,6,0,0,8,0,0,0,0,2,1,1,1,1,18,4,-1,-1,-1,-1,5,E01017945,0,-1
2021440435736,2021,440435736,2,9,0,5,5,8,4,0,0,8,0,0,0,0,1,1,6,6,3,-1,-1,-1,-1,-1,-1,-1,-1,0,-1
2021320310973,2021,320310973,1,9,0,13,13,3,7,0,0,1,0,0,0,0,1,1,6,6,1,25,5,-1,-1,-1,-1,1,E01012850,0,-1
2021010338788,2021,010338788,1,9,0,18,19,2,6,9,9,0,0,0,0,0,4,1,6,6,3,-1,-1,-1,-1,-1,-1,-1,-1,0,-1
2021138281563,2021,138281563,2,1,0,18,19,3,7,0,0,0,0,0,0,0,2,1,6,6,1,22,5,-1,-1,-1,-1,4,E01011892,0,-1
2021101061449,2021,101061449,1,9,0,5,5,1,8,9,9,1,0,0,0,0,1,1,6,6,1,39,7,-1,-1,-1,-1,-1,-1,0,-1
2021221017680,2021,221017680,1,9,0,16,19,5,3,0,0,2,0,6,1,9,1,1,5,6,2,18,4,-1,-1,-1,-1,5,E01014096,0,-1
2021471052701,2021,471052701,2,1,0,18,19,2,6,0,0,0,0,0,1,0,3,1,5,6,1,70,10,-1,-1,-1,-1,5,E01031750,0,-1
2021010322330,2021,010322330,1,1,9,99,99,9,9,99,99,9,9,99,9,99,1,1,6,6,1,31,6,-1,-1,-1,-1,2,E01001734,0,-1
2021010331555,2021,010331555,2,9,0,99,99,9,9,99,99,9,9,99,9,99,9,9,6,6,3,-1,-1,-1,-1,-1,-1,-1,-1,0,-1
2021332101510,2021,332101510,1,9,0,18,19,5,1,0,0,0,0,0,0,0,0,1,6,6,3,-1,-1,-1,-1,-1,-1,-1,-1,0,-1
2021231113746,2021,231113746,2,1,0,18,19,6,2,0,0,8,0,0,0,0,4,1,1,1,1,34,6,-1,-1,-1,-1,7,E01031320,0,-1
2021010332231,2021,010332231,2,1,9,99,99,9,9,99,99,9,9,99,9,99,1,1,6,6,2,-1,-1,-1,-1,-1,-1,4,E01000949,0,-1
202131B076021,2021,31B076021,1,1,0,17,19,1,5,0,0,2,0,0,0,0,1,1,1,1,2,43,7,-1,-1,-1,-1,10,E01007915,0,-1
2021010323747,2021,010323747,1,9,0,99,99,9,9,99,99,9,9,99,9,99,9,9,6,6,3,-1,-1,-1,-1,-1,-1,-1,-1,0,-1
2021010307315,2021,010307315,2,19,0,99,99,9,9,99,99,9,9,99,9,99,9,9,1,1,1,32,6,-1,-1,-1,-1,5,E01003414,0,-1
2021302100685,2021,302100685,2,9,0,11,11,8,4,0,0,0,0,0,0,0,0,1,6,6,3,-1,-1,-1,-1,-1,-1,5,E01019456,0,-1
2021010316249,2021,010316249,1,-1,9,99,99,9,9,99,99,9,9,99,9,99,9,1,6,6,3,-1,-1,-1,-1,-1,-1,-1,-1,1,-1
2021332100351,2021,332100351,3,9,0,4,4,1,5,0,0,1,0,0,0,0,2,1,6,6,1,39,7,-1,-1,-1,-1,9,E01025688,0,-1
2021131114857,2021,131114857,2,9,0,18,19,3,7,0,0,4,0,0,0,0,2,1,6,6,1,51,8,-1,-1,-1,-1,1,E01013084,0,-1
2021430151049,2021,430151049,2,9,0,18,19,8,4,0,0,1,0,0,0,0,1,1,6,6,1,-1,-1,-1,-1,-1,-1,-1,-1,0,-1
2021440329713,2021,440329713,1,19,0,18,19,2,5,9,9,0,0,0,0,0,4,1,6,6,3,-1,-1,-1,-1,-1,-1,-1,-1,0,-1
2021440332610,2021,440332610,1,9,0,9,9,5,3,0,0,8,0,0,0,0,1,1,2,2,1,56,9,-1,-1,-1,-1,6,E01023013,0,-1
2021010307174,2021,010307174,1,1,9,99,99,9,9,99,99,9,9,99,9,99,1,1,2,2,1,25,5,-1,-1,-1,-1,9,E01004607,0,-1
202160Z134665,2021,60Z134665,1,9,0,18,19,6,2,0,0,0,0,0,0,0,1,1,6,6,1,48,8,-1,-1,-1,-1,-1,-1,0,-1
2021522105651,2021,522105651,1,3,0,18,19,6,2,0,0,8,0,0,1,0,1,1,6,6,1,-1,-1,-1,-1,-1,-1,-1,-1,0,-1
2021552100515,2021,552100515,2,1,0,14,14,4,8,0,0,0,0,0,0,0,1,1,2,2,1,66,10,-1,-1,-1,-1,8,E01015333,0,-1
2021010345964,2021,010345964,2,1,0,18,19,8,4,0,0,8,0,0,0,0,3,1,2,2,1,25,5,-1,-1,-1,-1,-1,-1,0,-1
2021552101117,2021,552101117,2,1,0,18,19,4,8,0,0,8,0,0,0,0,1,1,6,6,1,22,5,-1,-1,-1,-1,4,E01015443,0,-1
2021010346536,2021,010346536,2,1,0,11,11,6,2,2,2,0,0,0,0,0,2,1,6,6,1,44,7,-1,-1,-1,-1,2,E01003021,0,-1
2021010320885,2021,010320885,2,1,0,4,4,3,7,0,0,0,0,0,0,0,2,1,1,1,1,47,8,-1,-1,-1,-1,1,E01002037,0,-1
2021010296876,2021,010296876,1,1,9,99,99,9,9,99,99,9,9,99,9,99,9,1,6,6,1,57,9,-1,-1,-1,-1,7,E01003407,0,-1
2021010342091,2021,010342091,2,-1,0,18,19,1,5,9,9,6,0,0,0,0,1,1,6,6,1,17,4,-1,-1,-1,-1,5,E01003433,1,-1
2021440208889,2021,440208889,2,3,0,18,19,5,1,0,0,8,0,0,0,0,1,1,6,6,1,40,7,-1,-1,-1,-1,2,E01017032,0,-1
2021010340072,2021,010340072,2,1,0,14,14,1,5,0,0,0,0,0,0,0,2,1,6,6,2,32,6,-1,-1,-1,-1,3,E01004028,0,-1
2021332101025,2021,332101025,2,19,0,18,19,2,6,0,0,8,0,0,0,0,1,1,6,6,1,-1,-1,-1,-1,-1,-1,-1,-1,0,-1
2021440267978,2021,440267978,1,-1,0,18,19,2,6,0,0,0,0,0,0,0,3,1,6,6,1,23,5,-1,-1,-1,-1,4,E01017203,1,-1
2021501135586,2021,501135586,1,9,0,18,19,5,1,0,0,1,0,0,0,0,4,1,5,6,1,36,7,-1,-1,-1,-1,2,E01015157,0,-1
2021332100072,2021,332100072,2,9,0,18,19,3,7,0,0,0,0,0,0,0,1,1,6,6,2,33,6,-1,-1,-1,-1,1,E01013692,0,-1
2021141064271,2021,141064271,1,9,0,18,19,4,7,0,0,0,0,0,0,0,-1,1,6,6,3,-1,-1,-1,-1,-1,-1,-1,-1,0,-1
202160Z033608,2021,60Z033608,1,19,0,12,12,6,2,0,0,0,0,0,7,7,1,1,6,6,1,28,6,-1,-1,-1,-1,-1,-1,0,-1
2021471056065,2021,471056065,4,9,0,9,9,5,3,0,0,1,0,0,0,0,0,1,6,6,3,-1,-1,-1,-1,-1,-1,-1,-1,0,-1
2021010306235,2021,010306235,1,1,9,99,99,9,9,99,99,9,9,99,9,99,1,1,2,2,2,32,6,-1,-1,-1,-1,2,E01004242,0,-1
2021010321434,2021,010321434,1,1,9,99,99,9,9,99,99,9,9,99,9,99,9,1,1,1,1,20,4,-1,-1,-1,-1,2,E01003181,0,-1
2021451124994,2021,451124994,1,98,0,18,19,3,7,0,0,0,0,0,0,0,4,1,6,6,3,35,6,-1,-1,-1,-1,-1,-1,0,-1
2021430476747,2021,430476747,1,9,0,1,1,5,1,2,2,5,0,0,0,0,2,1,6,6,1,20,4,-1,-1,-1,-1,6,E01028581,0,-1
2021052102621,2021,052102621,1,9,0,1,1,3,7,0,0,0,0,0,0,0,2,1,6,6,3,-1,-1,-1,-1,-1,-1,-1,-1,0,-1
2021411055970,2021,411055970,2,1,0,18,19,6,2,0,0,1,0,0,0,0,4,1,2,2,1,65,9,-1,-1,-1,-1,7,E01002438,0,-1
202163A086921,2021,63A086921,1,9,0,18,19,2,7,0,0,8,0,0,0,0,0,1,6,6,3,-1,-1,-1,-1,-1,-1,-1,-1,0,-1
2021010296011,2021,010296011,1,1,9,99,99,9,9,99,99,9,9,99,9,99,1,1,2,2,2,32,6,-1,-1,-1,-1,7,E01004496,0,-1
2021061097991,2021,061097991,2,1,0,18,19,1,1,0,0,0,0,0,0,0,0,1,6,6,1,54,8,-1,-1,-1,-1,3,E01005282,0,-1
2021552100343,2021,552100343,2,1,0,18,19,3,7,0,0,8,0,0,0,0,4,1,6,6,2,33,6,-1,-1,-1,-1,10,E01015464,0,-1
2021010310919,2021,010310919,2,9,0,9,9,5,2,0,0,8,0,0,0,0,3,1,6,6,3,-1,-1,-1,-1,-1,-1,-1,-1,0,-1
2021041054342,2021,041054342,2,9,0,18,19,1,7,0,0,0,0,0,0,0,1,1,5,6,1,23,5,-1,-1,-1,-1,4,E01025057,0,-1
2021361143784,2021,361143784,2,1,0,7,7,5,7,0,0,8,0,0,0,0,1,1,1,1,2,40,7,-1,-1,-1,-1,2,E01033440,0,-1
2021201071443,2021,201071443,1,9,0,18,19,2,6,0,0,8,0,0,0,0,1,1,6,6,2,-1,-1,-1,-1,-1,-1,-1,-1,0,-1
2021010297454,2021,010297454,1,1,9,99,99,9,9,99,99,9,9,99,9,99,2,1,6,6,1,27,6,-1,-1,-1,-1,2,E01004289,0,-1
2021052101194,2021,052101194,3,9,0,7,7,8,2,0,0,8,0,0,0,0,0,1,6,6,3,-1,-1,-1,-1,-1,-1,-1,-1,0,-1
2021201066092,2021,201066092,2,1,0,18,19,7,3,0,0,0,0,0,0,0,0,1,6,6,1,38,7,-1,-1,-1,-1,2,E01009955,0,-1
2021351053805,2021,351053805,1,9,1,18,19,7,3,0,0,0,1,4,0,0,1,1,1,1,2,24,5,-1,-1,-1,-1,4,E01010324,0,-1
2021430248051,2021,430248051,1,9,0,18,19,4,8,0,0,1,0,0,0,0,3,1,1,1,1,75,10,-1,-1,-1,-1,7,E01030103,0,-1
2021302102074,2021,302102074,2,1,0,18,19,6,2,0,0,1,0,0,0,0,1,1,6,6,1,47,8,-1,-1,-1,-1,2,E01013477,0,-1
2021010305826,2021,010305826,1,1,0,18,19,3,7,4,4,1,0,0,0,0,1,1,6,6,1,23,5,-1,-1,-1,-1,9,E01004640,0,-1
2021351068868,2021,351068868,2,9,0,18,19,5,1,0,0,0,0,0,1,4,2,1,1,1,1,69,10,-1,-1,-1,-1,9,E01022082,0,-1
2021332100961,2021,332100961,1,9,0,9,9,5,3,0,0,5,0,0,0,0,2,1,2,2,1,25,5,-1,-1,-1,-1,8,E01025663,0,-1
2021430189150,2021,430189150,1,19,0,13,13,4,8,0,0,0,1,0,0,0,1,1,6,6,1,27,6,-1,-1,-1,-1,4,E01023099,0,-1
2021041053640,2021,041053640,1,9,0,18,19,5,1,0,0,1,0,0,0,0,0,1,6,6,3,-1,-1,-1,-1,-1,-1,-1,-1,0,-1
202163B074821,2021,63B074821,2,1,0,18,19,7,3,0,0,8,0,0,0,0,1,1,6,6,1,70,10,-1,-1,-1,-1,4,W01000646,0,-1
2021010350541,2021,010350541,2,9,0,99,99,9,9,99,99,9,9,99,9,99,9,9,6,6,3,-1,-1,-1,-1,-1,-1,-1,-1,0,-1
2021451125790,2021,451125790,1,1,0,16,19,1,5,0,0,0,2,0,0,0,0,1,5,6,1,51,8,-1,-1,-1,-1,9,E01003868,0,-1
20211382P1269,2021,1382P1269,1,1,0,18,19,1,5,0,0,0,0,0,0,0,1,1,6,6,1,42,7,-1,-1,-1,-1,5,E01032495,0,-1
2021430378769,2021,430378769,1,9,0,6,6,5,5,0,0,0,0,0,0,0,4,1,6,6,3,-1,-1,-1,-1,-1,-1,-1,-1,0,-1
2021010326083,2021,010326083,1,-1,0,18,19,1,5,0,0,1,0,0,0,0,4,1,2,2,1,36,7,-1,-1,-1,-1,4,E01003169,1,-1
2021010322548,2021,010322548,1,9,0,99,99,9,9,99,99,0,9,99,9,99,2,9,6,6,3,-1,-1,-1,-1,-1,-1,-1,-1,0,-1
2021610036321,2021,610036321,2,9,0,18,19,2,5,0,0,1,0,0,0,0,4,1,6,6,1,41,7,-1,-1,-1,-1,-1,-1,0,-1
2021010335736,2021,010335736,1,1,9,99,99,9,9,99,99,0,9,0,9,99,9,1,6,6,3,-1,-1,-1,-1,-1,-1,-1,-1,0,-1
202131C065121,2021,31C065121,2,1,0,18,19,4,8,0,0,0,0,0,0,0,1,1,6,6,1,32,6,-1,-1,-1,-1,2,E01013814,0,-1
2021221079905,2021,221079905,2,1,0,18,19,5,1,0,0,8,0,0,0,0,4,1,5,6,1,69,10,-1,-1,-1,-1,4,E01028944,0,-1
2021061094063,2021,061094063,2,1,0,18,19,8,4,0,0,8,0,0,0,0,1,1,6,6,1,35,6,-1,-1,-1,-1,1,E01005325,0,-1
2021010320174,2021,010320174,1,9,0,7,7,7,1,0,0,6,1,0,0,0,1,1,6,6,1,21,5,-1,-1,-1,-1,5,E01003638,0,-1
2021421111947,2021,421111947,2,19,0,4,4,8,1,0,0,3,0,0,0,0,2,1,1,1,1,43,7,-1,-1,-1,-1,1,E01001979,0,-1
2021010342738,2021,010342738,2,9,0,99,99,9,9,0,0,9,9,99,9,99,9,9,6,6,1,26,6,-1,-1,-1,-1,2,E01001021,0,-1