collision_index,collision_year,collision_ref_no,vehicle_reference,vehicle_type,towing_and_articulation,vehicle_manoeuvre_historic,vehicle_manoeuvre,vehicle_direction_from,vehicle_direction_to,vehicle_location_restricted_lane_historic,vehicle_location_restricted_lane,junction_location,skidding_and_overturning,hit_object_in_carriageway,vehicle_leaving_carriageway,hit_object_off_carriageway,first_point_of_impact,vehicle_left_hand_drive,journey_purpose_of_driver_historic,journey_purpose_of_driver,sex_of_driver,age_of_driver,age_band_of_driver,engine_capacity_cc,propulsion_code,age_of_vehicle,generic_make_model,driver_imd_decile,lsoa_of_driver,escooter_flag,driver_distance_banding
2021010347398,2021,010347398,2,1,0,18,19,7,3,0,0,3,0,0,0,0,1,1,4,7,1,15,3,-1,-1,-1,-1,5,E01000593,0,-1
2021440023352,2021,440023352,1,9,0,18,19,4,8,0,0,0,0,0,0,0,4,1,6,6,3,-1,-1,-1,-1,-1,-1,-1,-1,0,-1
202131C120421,2021,31C120421,2,-1,0,18,19,6,2,0,0,0,0,8,0,0,1,1,6,6,1,17,4,-1,-1,-1,-1,1,E01013844,1,-1
2021010303970,2021,010303970,2,1,0,18,19,3,7,0,0,2,0,0,0,0,4,1,2,2,1,53,8,-1,-1,-1,-1,9,E01000759,0,-1
2021111061209,2021,111061209,3,5,0,18,19,8,4,0,0,1,0,0,0,0,0,1,6,6,1,55,8,-1,-1,-1,-1,-1,-1,0,-1
2021991120281,2021,991120281,2,1,0,18,19,5,1,9,9,1,0,0,0,0,1,1,6,6,1,44,7,-1,-1,-1,-1,-1,-1,0,-1
2021111126013,2021,111126013,2,9,0,18,19,5,1,0,0,1,0,0,0,0,1,1,5,6,1,62,9,-1,-1,-1,-1,8,E01020883,0,-1
2021010305554,2021,010305554,2,20,0,10,10,1,7,4,4,8,9,99,9,0,1,1,1,1,1,-1,-1,-1,-1,-1,-1,-1,-1,0,-1
2021161027933,2021,161027933,1,1,0,18,19,4,8,0,0,1,0,0,0,0,3,1,4,7,1,13,3,-1,-1,-1,-1,2,E01012903,0,-1
2021501084058,2021,501084058,2,1,0,18,19,7,3,0,0,1,0,0,1,0,1,1,5,6,1,46,8,-1,-1,-1,-1,6,E01031178,0,-1
202163D084521,2021,63D084521,2,16,0,18,19,4,8,0,0,0,0,0,0,0,0,1,6,6,1,8,2,-1,-1,-1,-1,8,W01000457,0,-1
2021061097063,2021,061097063,2,9,0,18,19,3,7,0,0,0,0,0,0,0,1,1,6,6,3,30,6,-1,-1,-1,-1,-1,-1,0,-1
2021622100014,2021,622100014,2,1,0,18,19,2,6,0,0,8,0,0,0,0,1,1,6,6,1,54,8,-1,-1,-1,-1,3,W01001183,0,-1
2021361129420,2021,361129420,1,9,0,3,3,5,1,0,0,0,0,0,0,0,2,1,6,6,1,22,5,-1,-1,-1,-1,6,E01026612,0,-1
2021610005321,2021,610005321,1,9,0,7,7,7,8,0,0,1,0,0,0,0,3,1,6,6,2,52,8,-1,-1,-1,-1,-1,-1,0,-1
2021201076121,2021,201076121,2,1,0,5,5,-1,-1,0,0,6,0,0,0,0,4,1,6,6,1,19,4,-1,-1,-1,-1,1,E01010530,0,-1
2021471070851,2021,471070851,1,9,0,18,19,4,8,0,0,1,0,0,0,0,3,1,6,6,1,-1,-1,-1,-1,-1,-1,-1,-1,0,-1
2021522103972,2021,522103972,1,9,0,18,19,3,7,0,0,0,0,0,0,0,4,1,1,1,1,50,8,-1,-1,-1,-1,2,E01022133,0,-1
2021401037949,2021,401037949,1,19,0,18,19,7,3,0,0,1,0,0,0,0,2,1,1,1,1,50,8,-1,-1,-1,-1,2,E01015705,0,-1
2021010321845,2021,010321845,2,1,0,12,12,7,3,0,0,0,0,0,0,0,1,1,1,1,1,18,4,-1,-1,-1,-1,6,E01004218,0,-1
2021622100765,2021,622100765,1,1,0,18,19,8,4,0,0,0,0,0,0,0,1,1,6,6,1,54,8,-1,-1,-1,-1,2,W01001253,0,-1
2021010350309,2021,010350309,1,1,0,99,99,9,9,0,0,9,9,0,9,0,3,1,2,2,1,-1,-1,-1,-1,-1,-1,4,E01001503,0,-1
2021041057653,2021,041057653,2,9,0,18,19,8,4,0,0,8,0,0,0,0,4,1,6,6,3,-1,-1,-1,-1,-1,-1,-1,-1,0,-1
2021401110617,2021,401110617,1,9,0,18,19,3,7,0,0,1,0,0,0,0,1,1,6,6,1,56,9,-1,-1,-1,-1,3,E01015738,0,-1
202160Z096305,2021,60Z096305,1,9,0,18,19,5,1,0,0,1,0,0,0,0,1,1,6,6,1,79,11,-1,-1,-1,-1,-1,-1,0,-1
2021201114606,2021,201114606,2,9,0,18,19,5,1,0,0,6,0,0,0,0,4,1,6,6,1,-1,-1,-1,-1,-1,-1,-1,-1,0,-1
2021451015622,2021,451015622,2,1,0,18,19,7,3,0,0,1,2,0,0,0,1,1,6,6,1,30,6,-1,-1,-1,-1,8,E01002582,0,-1
202131D041521,2021,31D041521,1,9,0,18,19,6,2,0,0,0,0,8,0,0,1,1,6,6,1,-1,-1,-1,-1,-1,-1,-1,-1,0,-1
2021332101568,2021,332101568,1,9,0,18,19,1,5,0,0,0,0,0,0,0,1,1,6,6,1,63,9,-1,-1,-1,-1,-1,-1,0,-1
2021461116629,2021,461116629,4,9,0,3,3,1,7,0,0,2,0,0,0,0,0,1,6,6,3,-1,-1,-1,-1,-1,-1,-1,-1,0,-1
2021010329855,2021,010329855,2,-1,0,18,19,5,1,0,0,9,0,99,0,0,9,9,6,6,1,-1,-1,-1,-1,-1,-1,-1,-1,1,-1
2021161100746,2021,161100746,2,1,0,18,19,3,7,0,0,8,5,0,0,0,4,1,6,6,2,64,9,-1,-1,-1,-1,5,E01013030,0,-1
2021052100486,2021,052100486,1,4,0,18,19,1,5,0,0,0,0,0,1,1,1,1,6,6,1,21,5,-1,-1,-1,-1,3,E01006671,0,-1
2021010307053,2021,010307053,1,1,9,99,99,9,9,99,99,9,9,99,9,99,9,1,6,6,1,29,6,-1,-1,-1,-1,7,E01001918,0,-1
2021122101179,2021,122101179,1,1,0,13,13,5,1,0,0,0,1,0,0,0,0,1,6,6,1,32,6,-1,-1,-1,-1,7,E01027890,0,-1
2021010311726,2021,010311726,1,1,9,99,99,9,9,99,99,9,9,99,9,99,9,1,2,2,2,36,7,-1,-1,-1,-1,3,E01001701,0,-1
202160Z109661,2021,60Z109661,1,9,0,18,19,1,5,0,0,0,0,0,1,11,1,1,6,6,2,31,6,-1,-1,-1,-1,-1,-1,0,-1
2021101031828,2021,101031828,1,1,0,18,19,1,5,0,0,8,0,0,0,0,1,1,5,6,1,17,4,-1,-1,-1,-1,2,E01008752,0,-1
2021010317431,2021,010317431,1,1,0,18,19,3,7,0,0,1,5,0,0,0,0,1,1,1,1,49,8,-1,-1,-1,-1,7,E01000459,0,-1
2021041062869,2021,041062869,1,97,0,18,19,3,7,0,0,0,0,0,1,0,4,1,5,6,1,68,10,-1,-1,-1,-1,-1,-1,0,-1
2021549140921,2021,549140921,1,1,0,18,19,7,3,0,0,0,0,0,0,0,3,1,6,6,1,61,9,-1,-1,-1,-1,10,E01031997,0,-1
2021552200133,2021,552200133,2,1,0,18,19,8,4,0,0,8,0,0,0,0,1,1,6,6,1,24,5,-1,-1,-1,-1,1,E01032750,0,-1
202163CF00721,2021,63CF00721,1,9,0,16,19,2,5,0,0,0,0,0,0,0,1,1,2,2,1,31,6,-1,-1,-1,-1,-1,-1,0,-1
2021010297972,2021,010297972,1,19,0,18,19,5,1,0,0,2,0,0,0,0,1,1,6,6,3,-1,-1,-1,-1,-1,-1,-1,-1,0,-1
2021440029665,2021,440029665,2,1,0,3,3,6,2,0,0,8,0,0,0,0,1,1,6,6,1,77,11,-1,-1,-1,-1,2,E01022969,0,-1
2021010301917,2021,010301917,1,1,9,99,99,9,9,99,99,9,9,99,9,99,9,1,6,6,1,49,8,-1,-1,-1,-1,5,E01000488,0,-1
2021010341885,2021,010341885,2,1,0,10,10,1,7,0,0,1,2,0,0,0,1,1,2,2,2,57,9,-1,-1,-1,-1,5,E01004021,0,-1
2021991102778,2021,991102778,1,9,0,18,19,3,7,0,0,0,0,0,0,0,1,1,1,1,1,24,5,-1,-1,-1,-1,3,-1,0,-1
2021010326055,2021,010326055,3,97,0,99,99,9,9,99,99,9,9,99,9,99,9,1,6,6,3,-1,-1,-1,-1,-1,-1,-1,-1,0,-1
2021522200778,2021,522200778,3,1,0,18,19,7,3,0,0,8,0,0,0,0,1,1,6,6,1,21,5,-1,-1,-1,-1,8,E01014387,0,-1
2021440141750,2021,440141750,2,19,5,18,19,7,3,0,0,8,0,0,0,0,0,1,6,6,1,-1,-1,-1,-1,-1,-1,-1,-1,0,-1
2021010334635,2021,010334635,2,9,0,99,99,9,9,99,99,1,9,99,9,99,9,9,6,6,3,-1,-1,-1,-1,-1,-1,-1,-1,0,-1
2021111031642,2021,111031642,2,1,0,18,19,1,5,0,0,0,0,0,0,0,1,1,6,6,1,46,8,-1,-1,-1,-1,4,E01020832,0,-1
2021122101250,2021,122101250,3,9,0,13,13,7,3,0,0,0,0,0,0,0,0,1,6,6,3,-1,-1,-1,-1,-1,-1,-1,-1,0,-1
2021010295625,2021,010295625,2,-1,0,18,19,1,5,9,9,1,0,0,0,0,1,1,6,6,1,18,4,-1,-1,-1,-1,3,E01003405,1,-1
2021610004321,2021,610004321,1,19,0,4,4,2,6,0,0,8,0,0,0,0,2,1,2,2,1,51,8,-1,-1,-1,-1,-1,-1,0,-1
202160Z021982,2021,60Z021982,1,9,0,18,19,1,5,0,0,1,0,0,0,0,1,1,6,6,3,-1,-1,-1,-1,-1,-1,-1,-1,0,-1
2021101029304,2021,101029304,1,9,0,5,5,1,2,0,0,6,0,0,0,0,1,1,1,1,1,41,7,-1,-1,-1,-1,1,E01008714,0,-1
202160Z143607,2021,60Z143607,1,1,0,18,19,8,4,0,0,0,2,0,0,0,0,1,6,6,2,46,8,-1,-1,-1,-1,-1,-1,0,-1
2021471112937,2021,471112937,1,9,0,18,19,2,6,0,0,0,0,0,0,0,4,1,6,6,3,-1,-1,-1,-1,-1,-1,-1,-1,0,-1
2021401082919,2021,401082919,1,1,0,18,19,3,7,0,0,1,0,0,0,0,4,1,6,6,1,36,7,-1,-1,-1,-1,7,E01017527,0,-1
2021421042303,2021,421042303,2,1,0,18,19,7,3,0,0,8,0,0,0,0,1,1,5,6,1,40,7,-1,-1,-1,-1,9,E01021259,0,-1
2021201032058,2021,201032058,1,90,0,7,7,6,8,4,4,6,0,0,0,0,1,1,6,6,3,-1,-1,-1,-1,-1,-1,-1,-1,0,-1
2021131034849,2021,131034849,5,9,0,18,19,5,1,0,0,1,0,0,0,0,3,1,1,1,1,44,7,-1,-1,-1,-1,6,E01032499,0,-1
2021061135130,2021,061135130,1,1,0,9,9,6,4,0,0,8,0,0,0,0,4,1,2,2,2,36,7,-1,-1,-1,-1,4,E01005217,0,-1
2021430544939,2021,430544939,1,9,0,7,7,5,6,0,0,8,0,0,0,0,1,1,6,6,1,55,8,-1,-1,-1,-1,-1,-1,0,-1
2021170L10671,2021,170L10671,2,1,0,18,19,1,5,0,0,8,0,0,0,0,1,1,6,6,1,42,7,-1,-1,-1,-1,1,E01012015,0,-1
2021451124092,2021,451124092,2,1,0,18,19,5,1,0,0,0,5,0,0,0,1,1,5,6,1,61,9,-1,-1,-1,-1,9,E01030910,0,-1
2021552100196,2021,552100196,1,1,0,18,19,2,6,0,0,0,0,0,0,0,1,1,6,6,1,33,6,-1,-1,-1,-1,3,E01015283,0,-1
2021010324316,2021,010324316,1,1,9,99,99,9,9,99,99,9,9,99,9,99,9,1,6,6,2,46,8,-1,-1,-1,-1,5,E01004225,0,-1
2021010339924,2021,010339924,2,1,9,18,19,3,7,5,5,0,9,99,0,99,9,1,6,6,1,-1,-1,-1,-1,-1,-1,-1,-1,0,-1
2021161114519,2021,161114519,1,1,0,18,19,7,3,0,0,2,0,0,0,0,1,1,1,1,1,54,8,-1,-1,-1,-1,3,E01013319,0,-1
2021332100271,2021,332100271,2,9,0,18,19,5,1,0,0,0,0,0,0,0,1,1,6,6,2,79,11,-1,-1,-1,-1,8,E01025613,0,-1
2021141052771,2021,141052771,1,97,0,18,19,-1,-1,0,0,1,0,0,0,0,1,1,6,6,3,-1,-1,-1,-1,-1,-1,-1,-1,0,-1
2021010289899,2021,010289899,2,1,0,4,4,1,5,0,0,1,0,0,0,0,4,1,2,2,1,44,7,-1,-1,-1,-1,5,E01003279,0,-1
2021010298860,2021,010298860,1,1,9,99,99,9,9,99,99,9,9,99,9,99,1,1,6,6,1,32,6,-1,-1,-1,-1,3,E01003104,0,-1
2021161109424,2021,161109424,1,1,0,9,9,7,3,0,0,8,0,0,0,0,1,1,2,2,1,24,5,-1,-1,-1,-1,1,E01012873,0,-1
2021101117631,2021,101117631,1,9,0,9,9,1,7,0,0,6,0,0,0,0,1,1,6,6,2,30,6,-1,-1,-1,-1,-1,-1,0,-1
2021010303262,2021,010303262,1,1,9,99,99,9,9,99,99,9,9,99,9,99,9,1,2,2,1,53,8,-1,-1,-1,-1,9,E01003898,0,-1
2021411100596,2021,411100596,1,98,0,7,7,2,4,0,0,0,0,0,0,0,1,1,5,6,1,35,6,-1,-1,-1,-1,3,E01023294,0,-1
2021302100588,2021,302100588,2,1,0,18,19,2,6,0,0,8,0,0,0,0,4,1,6,6,1,47,8,-1,-1,-1,-1,9,E01019879,0,-1
2021302101236,2021,302101236,1,-1,0,18,19,4,8,9,9,0,0,0,0,0,1,1,6,6,3,-1,-1,-1,-1,-1,-1,5,E01019456,1,-1
2021421102941,2021,421102941,2,1,0,10,10,5,3,0,0,0,0,0,0,0,1,1,2,2,1,36,7,-1,-1,-1,-1,9,E01021561,0,-1
2021231016827,2021,231016827,2,1,0,18,19,4,8,0,0,0,0,0,0,0,2,1,2,2,1,26,6,-1,-1,-1,-1,7,E01031215,0,-1
202163C021821,2021,63C021821,2,8,0,18,19,4,8,0,0,0,0,0,0,0,1,1,1,1,1,59,9,-1,-1,-1,-1,4,W01000602,0,-1
2021010328935,2021,010328935,1,1,9,99,99,9,9,99,99,9,9,99,9,99,9,1,2,2,1,44,7,-1,-1,-1,-1,3,E01003171,0,-1
2021122100647,2021,122100647,2,17,4,17,19,7,3,0,0,0,0,0,0,0,0,1,1,1,3,-1,-1,-1,-1,-1,-1,-1,-1,0,-1
2021010297933,2021,010297933,2,9,0,99,99,9,9,99,99,0,9,99,9,99,1,9,6,6,3,-1,-1,-1,-1,-1,-1,8,E01017750,0,-1
2021010294153,2021,010294153,1,1,9,99,99,9,9,99,99,8,9,99,9,99,9,1,6,6,1,20,4,-1,-1,-1,-1,5,E01002245,0,-1
2021302100401,2021,302100401,1,9,0,18,19,3,7,0,0,2,0,0,0,0,1,1,6,6,2,67,10,-1,-1,-1,-1,-1,-1,0,-1
2021010321631,2021,010321631,2,1,0,9,9,5,2,0,0,6,0,0,0,0,1,1,6,6,1,14,3,-1,-1,-1,-1,1,E01002099,0,-1
2021131114745,2021,131114745,2,1,0,16,19,4,1,0,0,0,0,0,0,0,3,1,2,2,1,48,8,-1,-1,-1,-1,7,E01011193,0,-1
2021131065884,2021,131065884,2,1,0,18,19,3,7,0,0,3,0,0,0,0,3,1,6,6,1,39,7,-1,-1,-1,-1,3,E01011627,0,-1
2021010333384,2021,010333384,1,90,0,99,99,9,9,99,99,0,9,99,9,99,1,9,6,6,3,-1,-1,-1,-1,-1,-1,-1,-1,0,-1
2021471088002,2021,471088002,2,1,0,18,19,5,1,0,0,8,0,0,0,0,1,1,2,2,1,41,7,-1,-1,-1,-1,6,E01031770,0,-1
2021461073918,2021,461073918,1,9,0,18,19,4,8,0,0,0,0,4,0,0,2,1,6,6,1,50,8,-1,-1,-1,-1,2,E01024634,0,-1
2021131040502,2021,131040502,1,8,0,5,5,-1,-1,0,0,0,0,0,0,0,-1,1,6,6,3,50,8,-1,-1,-1,-1,-1,-1,0,-1
202131C146721,2021,31C146721,2,-1,0,7,7,4,6,0,0,6,0,0,0,0,1,1,6,6,1,29,6,-1,-1,-1,-1,2,E01013933,1,-1
2021302101323,2021,302101323,2,9,0,4,4,2,6,0,0,1,0,0,0,0,1,1,6,6,3,-1,-1,-1,-1,-1,-1,5,E01019456,0,-1
2021122101388,2021,122101388,2,1,0,18,19,4,8,0,0,0,0,0,0,0,3,1,1,1,1,23,5,-1,-1,-1,-1,4,E01027678,0,-1
2021141020097,2021,141020097,2,1,0,11,11,4,8,0,0,0,0,0,0,0,4,1,2,2,1,62,9,-1,-1,-1,-1,2,E01007717,0,-1
2021010298472,2021,010298472,2,9,0,5,5,5,1,0,0,1,0,0,0,0,1,9,6,6,3,-1,-1,-1,-1,-1,-1,-1,-1,0,-1
202160Z155112,2021,60Z155112,1,19,0,18,19,6,2,0,0,0,0,0,5,6,1,2,1,1,1,58,9,-1,-1,-1,-1,-1,-1,0,-1
2021010307596,2021,010307596,2,1,0,3,3,5,1,0,0,1,2,0,1,0,0,1,1,1,1,47,8,-1,-1,-1,-1,-1,-1,0,-1
202134WNC9071,2021,34WNC9071,3,9,0,18,19,8,4,0,0,2,0,0,0,0,0,1,6,6,2,53,8,-1,-1,-1,-1,7,E01027216,0,-1
2021010307004,2021,010307004,1,1,9,99,99,9,9,99,99,9,9,99,9,99,1,1,2,2,2,27,6,-1,-1,-1,-1,6,E01004509,0,-1
2021610025421,2021,610025421,1,9,0,7,7,2,5,0,0,5,0,0,7,0,3,1,6,6,1,21,5,-1,-1,-1,-1,-1,-1,0,-1
2021010350602,2021,010350602,2,9,0,4,4,5,1,0,0,2,0,0,0,0,3,1,2,2,1,34,6,-1,-1,-1,-1,4,E01000787,0,-1
2021010345917,2021,010345917,2,1,0,18,19,8,4,0,0,0,0,0,0,0,2,1,6,6,1,65,9,-1,-1,-1,-1,9,E01031504,0,-1
2021010340220,2021,010340220,2,4,9,99,99,9,9,99,99,9,0,99,9,99,9,1,6,6,3,-1,-1,-1,-1,-1,-1,-1,-1,0,-1
2021010342490,2021,010342490,1,9,0,5,5,0,7,0,0,0,0,0,0,0,3,1,1,1,1,46,8,-1,-1,-1,-1,2,E01023975,0,-1
2021501044245,2021,501044245,2,1,0,18,19,3,7,0,0,1,0,0,0,0,3,1,5,6,1,69,10,-1,-1,-1,-1,4,E01015236,0,-1
2021471094227,2021,471094227,1,9,0,5,5,1,5,0,0,6,0,0,0,0,3,2,1,1,1,35,6,-1,-1,-1,-1,-1,-1,0,-1
2021070730675,2021,070730675,1,1,0,18,19,8,4,9,9,0,0,0,0,0,1,1,6,6,1,16,4,-1,-1,-1,-1,-1,-1,0,-1
2021010313363,2021,010313363,1,-1,0,18,19,6,2,0,0,1,0,4,0,0,4,1,6,6,1,43,7,-1,-1,-1,-1,3,E01002445,1,-1
202134WNC7561,2021,34WNC7561,1,9,0,13,13,4,8,0,0,0,0,0,0,0,4,1,6,6,1,-1,-1,-1,-1,-1,-1,-1,-1,0,-1
2021010329548,2021,010329548,1,1,0,18,19,7,3,0,0,8,9,0,0,0,1,1,2,2,1,35,6,-1,-1,-1,-1,9,E01001127,0,-1
2021221030605,2021,221030605,1,1,0,7,7,3,6,0,0,3,0,0,0,0,2,1,1,1,1,57,9,-1,-1,-1,-1,9,E01028932,0,-1
2021170L30981,2021,170L30981,2,1,0,18,19,7,3,0,0,0,0,0,0,0,1,1,6,6,1,13,3,-1,-1,-1,-1,1,E01012131,0,-1
2021610028121,2021,610028121,2,1,0,18,19,3,7,0,0,3,1,0,0,0,4,1,6,6,1,51,8,-1,-1,-1,-1,-1,-1,0,-1
202131C064721,2021,31C064721,1,9,0,18,19,8,4,5,5,8,0,0,0,0,3,1,6,6,3,-1,-1,-1,-1,-1,-1,-1,-1,0,-1
2021138460167,2021,138460167,1,9,0,14,14,1,5,0,0,0,0,0,0,0,3,1,6,6,3,-1,-1,-1,-1,-1,-1,-1,-1,0,-1
2021401128659,2021,401128659,1,9,0,7,7,-1,-1,0,0,1,0,0,0,0,1,1,6,6,3,-1,-1,-1,-1,-1,-1,-1,-1,0,-1
2021411091025,2021,411091025,2,1,0,18,19,-1,-1,0,0,0,0,0,1,0,2,1,6,6,1,27,6,-1,-1,-1,-1,3,E01000973,0,-1
2021501094493,2021,501094493,2,1,0,18,19,5,1,0,0,1,0,0,0,0,4,1,5,6,2,11,3,-1,-1,-1,-1,6,E01019917,0,-1
2021141087176,2021,141087176,2,9,0,2,2,0,0,0,0,0,0,0,0,0,3,1,6,6,3,-1,-1,-1,-1,-1,-1,-1,-1,0,-1
2021201134098,2021,201134098,1,1,0,18,19,2,7,0,0,8,0,0,0,0,1,1,6,6,1,-1,-1,-1,-1,-1,-1,-1,-1,0,-1
202163B105921,2021,63B105921,1,2,0,17,19,7,4,0,0,0,1,0,1,7,1,1,1,1,1,16,4,-1,-1,-1,-1,-1,-1,0,-1
2021010321322,2021,010321322,2,1,0,18,19,5,1,0,0,1,0,0,0,0,3,1,6,6,2,64,9,-1,-1,-1,-1,2,E01004392,0,-1
2021010333402,2021,010333402,2,1,0,18,19,5,1,0,0,0,0,0,0,0,1,1,6,6,1,60,9,-1,-1,-1,-1,1,E01001847,0,-1
2021010313586,2021,010313586,1,1,0,5,5,7,3,0,0,6,0,0,0,0,1,1,2,2,1,40,7,-1,-1,-1,-1,2,E01001719,0,-1
2021471109579,2021,471109579,1,1,0,17,19,6,4,0,0,0,0,0,1,0,1,1,5,6,1,33,6,-1,-1,-1,-1,4,E01020914,0,-1
202160Z110765,2021,60Z110765,1,5,0,18,19,8,4,0,0,0,1,0,0,0,0,1,6,6,1,50,8,-1,-1,-1,-1,-1,-1,0,-1
2021552100864,2021,552100864,2,1,0,18,19,6,2,0,0,8,0,0,0,0,2,1,6,6,1,16,4,-1,-1,-1,-1,6,E01015358,0,-1
2021552100690,2021,552100690,2,9,0,18,19,6,2,0,0,0,0,0,0,0,2,1,1,1,1,86,11,-1,-1,-1,-1,7,E01020434,0,-1
2021332101585,2021,332101585,1,19,0,18,19,5,1,0,0,0,0,0,0,0,1,1,6,6,1,37,7,-1,-1,-1,-1,-1,-1,0,-1
2021010328999,2021,010328999,1,9,0,18,19,3,7,0,0,2,0,0,0,0,1,1,6,6,1,21,5,-1,-1,-1,-1,-1,-1,0,-1
2021522101522,2021,522101522,1,9,0,18,19,3,7,0,0,1,0,0,1,10,1,1,6,6,2,48,8,-1,-1,-1,-1,4,E01014924,0,-1
20211382J0861,2021,1382J0861,1,4,0,18,19,6,2,0,0,8,0,0,0,0,1,1,6,6,1,29,6,-1,-1,-1,-1,1,E01011746,0,-1
2021371102205,2021,371102205,2,9,0,18,19,6,1,0,0,0,0,0,0,0,2,1,5,6,1,51,8,-1,-1,-1,-1,2,E01030265,0,-1
2021332101564,2021,332101564,2,9,0,18,19,4,8,0,0,0,0,0,0,0,0,1,6,6,1,29,6,-1,-1,-1,-1,-1,-1,0,-1
2021010371942,2021,010371942,2,9,9,99,99,9,9,99,99,9,9,99,9,99,9,9,6,6,3,-1,-1,-1,-1,-1,-1,-1,-1,0,-1
2021070609266,2021,070609266,2,1,0,5,5,2,6,0,0,8,0,0,0,0,4,1,6,6,2,50,8,-1,-1,-1,-1,-1,-1,0,-1
2021421063315,2021,421063315,2,1,0,18,19,1,4,0,0,1,0,0,0,0,4,1,6,6,2,55,8,-1,-1,-1,-1,9,E01021961,0,-1
2021101083849,2021,101083849,2,1,-1,-1,-1,-1,-1,-1,-1,-1,-1,-1,-1,0,-1,1,2,2,1,-1,-1,-1,-1,-1,-1,-1,-1,0,-1
2021010322256,2021,010322256,1,1,9,99,99,9,9,99,99,0,9,99,9,99,1,1,2,2,1,34,6,-1,-1,-1,-1,6,E01001648,0,-1
2021991039321,2021,991039321,1,8,0,11,11,3,7,0,0,0,0,0,0,0,0,1,1,1,1,40,7,-1,-1,-1,-1,-1,-1,0,-1
2021991035292,2021,991035292,2,1,0,18,19,5,1,0,0,0,0,0,0,0,1,1,5,6,1,49,8,-1,-1,-1,-1,9,-1,0,-1
2021070405522,2021,070405522,1,9,0,5,5,1,3,0,0,4,0,0,0,0,4,1,6,6,3,-1,-1,-1,-1,-1,-1,-1,-1,0,-1
2021010311859,2021,010311859,1,90,0,99,99,9,9,0,0,0,0,0,0,0,9,1,6,6,3,-1,-1,-1,-1,-1,-1,-1,-1,0,-1
2021201078454,2021,201078454,2,1,0,18,19,-1,-1,0,0,0,0,0,0,0,4,1,6,6,1,11,3,-1,-1,-1,-1,1,E01009475,0,-1
2021440238080,2021,440238080,1,1,0,18,19,1,5,0,0,8,0,0,0,0,0,1,6,6,2,59,9,-1,-1,-1,-1,4,E01023105,0,-1
2021010290011,2021,010290011,2,9,0,99,99,9,9,99,99,9,9,99,9,99,1,9,6,6,3,-1,-1,-1,-1,-1,-1,-1,-1,0,-1
2021481128489,2021,481128489,1,1,0,18,19,2,6,0,0,1,0,0,0,0,1,1,2,2,1,65,9,-1,-1,-1,-1,9,E01021937,0,-1
202163C085921,2021,63C085921,2,-1,0,18,19,2,6,0,0,6,0,0,0,0,3,1,6,6,1,20,4,-1,-1,-1,-1,5,W01000593,1,-1
2021010331908,2021,010331908,2,-1,0,18,19,7,3,0,0,1,0,0,0,0,1,1,6,6,1,41,7,-1,-1,-1,-1,3,E01001242,1,-1
2021430438062,2021,430438062,1,19,0,17,19,6,2,0,0,0,1,0,7,0,1,1,1,1,1,42,7,-1,-1,-1,-1,8,E01028817,0,-1
2021552100710,2021,552100710,1,1,0,18,19,6,2,0,0,0,0,0,1,0,0,1,6,6,1,30,6,-1,-1,-1,-1,7,E01020491,0,-1
202131C181021,2021,31C181021,1,9,0,18,19,4,8,0,0,0,0,0,0,0,1,1,6,6,3,-1,-1,-1,-1,-1,-1,-1,-1,0,-1
2021052101681,2021,052101681,2,1,0,18,19,7,3,0,0,8,0,0,0,0,4,1,1,1,2,34,6,-1,-1,-1,-1,4,E01006554,0,-1
2021131080823,2021,131080823,1,1,0,18,19,3,7,0,0,0,0,0,0,0,1,1,5,6,2,27,6,-1,-1,-1,-1,7,E01027692,0,-1
2021201118413,2021,201118413,1,1,0,18,19,3,7,0,0,1,0,0,0,0,3,1,6,6,1,25,5,-1,-1,-1,-1,1,E01009380,0,-1
2021520104089,2021,520104089,2,9,0,18,19,1,5,0,0,0,0,0,0,0,1,1,6,6,1,54,8,-1,-1,-1,-1,8,E01029201,0,-1
2021041028991,2021,041028991,2,1,0,18,19,-1,-1,0,0,1,0,0,0,0,3,1,6,6,2,50,8,-1,-1,-1,-1,2,E01025579,0,-1
2021010344199,2021,010344199,2,19,0,99,99,9,9,99,99,9,9,99,9,99,9,9,6,6,3,-1,-1,-1,-1,-1,-1,-1,-1,0,-1
2021101047943,2021,101047943,1,1,0,18,19,2,2,0,0,0,0,0,0,0,2,1,6,6,1,29,6,-1,-1,-1,-1,1,E01008709,0,-1
2021440383881,2021,440383881,1,-1,0,18,19,3,7,0,0,8,0,0,0,0,2,1,6,6,1,38,7,-1,-1,-1,-1,5,E01017013,1,-1
2021010316295,2021,010316295,2,9,0,9,9,1,7,0,0,5,0,0,0,0,1,9,6,6,3,23,5,-1,-1,-1,-1,4,E01017512,0,-1
202160Z178340,2021,60Z178340,1,98,0,18,19,1,5,0,0,1,0,0,0,0,1,1,6,6,1,30,6,-1,-1,-1,-1,-1,-1,0,-1
2021010333336,2021,010333336,1,1,9,99,99,9,9,99,99,9,9,99,9,99,2,1,1,1,1,33,6,-1,-1,-1,-1,3,E01000947,0,-1
2021610012721,2021,610012721,2,20,0,17,19,5,3,0,0,0,0,0,0,11,1,1,1,1,1,58,9,-1,-1,-1,-1,-1,-1,0,-1
2021061083023,2021,061083023,1,18,1,18,19,7,3,1,1,8,0,0,0,0,1,1,1,1,1,36,7,-1,-1,-1,-1,9,E01006277,0,-1
2021461097780,2021,461097780,2,1,0,18,19,7,1,0,0,1,0,0,0,0,1,1,6,6,1,54,8,-1,-1,-1,-1,2,E01024505,0,-1
2021421095703,2021,421095703,2,9,0,7,7,3,5,0,0,6,0,0,0,0,1,1,6,6,3,-1,-1,-1,-1,-1,-1,-1,-1,0,-1
2021461112553,2021,461112553,2,1,0,18,19,8,4,0,0,8,0,0,0,0,1,1,5,6,1,53,8,-1,-1,-1,-1,8,E01016122,0,-1
2021201081173,2021,201081173,1,9,0,18,19,5,1,0,0,1,0,0,0,0,1,1,6,6,3,-1,-1,-1,-1,-1,-1,-1,-1,0,-1
2021010319274,2021,010319274,1,9,0,18,19,7,3,0,0,1,0,0,0,0,1,9,6,6,3,-1,-1,-1,-1,-1,-1,-1,-1,0,-1
2021070396106,2021,070396106,2,9,0,18,19,5,1,0,0,0,0,0,0,0,2,1,6,6,2,30,6,-1,-1,-1,-1,3,-1,0,-1