collision_index,collision_year,collision_ref_no,vehicle_reference,vehicle_type,towing_and_articulation,vehicle_manoeuvre_historic,vehicle_manoeuvre,vehicle_direction_from,vehicle_direction_to,vehicle_location_restricted_lane_historic,vehicle_location_restricted_lane,junction_location,skidding_and_overturning,hit_object_in_carriageway,vehicle_leaving_carriageway,hit_object_off_carriageway,first_point_of_impact,vehicle_left_hand_drive,journey_purpose_of_driver_historic,journey_purpose_of_driver,sex_of_driver,age_of_driver,age_band_of_driver,engine_capacity_cc,propulsion_code,age_of_vehicle,generic_make_model,driver_imd_decile,lsoa_of_driver,escooter_flag,driver_distance_banding
2021440517437,2021,440517437,1,3,0,16,19,2,6,0,0,0,0,0,0,0,4,1,6,6,1,42,7,-1,-1,-1,-1,4,E01023260,0,-1
2021332100841,2021,332100841,1,9,0,13,13,8,4,0,0,0,0,0,7,10,1,1,6,6,1,21,5,-1,-1,-1,-1,-1,-1,0,-1
2021201050724,2021,201050724,1,9,0,9,9,3,8,0,0,8,0,0,0,0,0,1,6,6,3,-1,-1,-1,-1,-1,-1,-1,-1,0,-1
2021052200035,2021,052200035,1,9,0,18,19,5,1,0,0,0,0,0,0,0,0,1,6,6,3,-1,-1,-1,-1,-1,-1,-1,-1,0,-1
2021430266937,2021,430266937,1,1,0,18,19,2,6,0,0,8,0,0,0,0,1,1,6,6,2,-1,-1,-1,-1,-1,-1,-1,-1,0,-1
2021501056206,2021,501056206,2,1,0,18,19,3,7,0,0,1,2,0,0,0,1,1,6,6,1,38,7,-1,-1,-1,-1,1,E01018767,0,-1
2021061141397,2021,061141397,2,1,0,18,19,8,4,4,4,8,0,0,0,0,1,1,6,6,1,20,4,-1,-1,-1,-1,5,E01005044,0,-1
202163B091621,2021,63B091621,1,9,0,16,19,5,8,0,0,0,1,0,0,0,1,1,6,6,2,78,11,-1,-1,-1,-1,6,W01000559,0,-1
2021161059009,2021,161059009,1,9,0,18,19,8,4,0,0,0,2,4,0,0,1,1,5,6,2,85,11,-1,-1,-1,-1,5,E01013274,0,-1
2021010337847,2021,010337847,2,9,0,5,5,1,5,0,0,1,0,0,0,0,1,1,6,6,3,-1,-1,-1,-1,-1,-1,-1,-1,0,-1
2021332100161,2021,332100161,2,9,0,9,9,2,8,0,0,6,0,0,0,0,1,1,6,6,1,37,7,-1,-1,-1,-1,2,E01013683,0,-1
2021010328811,2021,010328811,2,9,0,99,99,9,9,99,99,9,9,99,9,99,1,9,6,6,3,-1,-1,-1,-1,-1,-1,-1,-1,0,-1
2021201144585,2021,201144585,1,11,0,18,19,4,2,0,0,1,0,0,0,0,0,1,6,6,1,-1,-1,-1,-1,-1,-1,-1,-1,0,-1
2021430372916,2021,430372916,3,19,0,18,19,5,1,0,0,8,0,0,0,0,0,1,6,6,3,-1,-1,-1,-1,-1,-1,-1,-1,0,-1
2021010337758,2021,010337758,2,9,0,99,99,9,9,99,99,9,9,99,9,99,1,9,6,6,3,-1,-1,-1,-1,-1,-1,-1,-1,0,-1
2021010338523,2021,010338523,1,5,0,99,99,9,9,99,99,9,9,99,9,99,9,1,6,6,1,44,7,-1,-1,-1,-1,3,E01000130,0,-1
2021141042625,2021,141042625,1,9,0,9,9,1,7,0,0,1,0,0,0,0,3,1,6,6,2,-1,-1,-1,-1,-1,-1,3,E01007773,0,-1
2021010322078,2021,010322078,2,1,0,18,19,1,5,0,0,8,0,4,0,0,1,1,1,1,1,46,8,-1,-1,-1,-1,1,E01000858,0,-1
2021111096294,2021,111096294,1,19,0,18,19,5,1,0,0,0,0,0,0,0,0,1,1,1,3,40,7,-1,-1,-1,-1,-1,-1,0,-1
2021010297752,2021,010297752,2,9,0,99,99,9,9,99,99,9,9,99,9,99,4,9,6,6,3,-1,-1,-1,-1,-1,-1,-1,-1,0,-1
2021010319244,2021,010319244,2,1,0,18,19,1,5,0,0,6,2,0,0,0,1,1,1,1,1,35,6,-1,-1,-1,-1,3,E01004489,0,-1
2021302100968,2021,302100968,1,1,0,18,19,6,2,0,0,8,0,0,0,0,4,1,6,6,1,52,8,-1,-1,-1,-1,4,E01019492,0,-1
2021221031478,2021,221031478,1,9,0,17,19,2,7,0,0,8,0,0,0,0,1,1,5,6,1,24,5,-1,-1,-1,-1,5,W01000427,0,-1
2021061076534,2021,061076534,1,2,0,18,19,3,7,0,0,0,0,0,0,0,1,1,6,6,1,15,3,-1,-1,-1,-1,4,E01006026,0,-1
2021522105708,2021,522105708,2,9,0,18,19,6,2,0,0,0,0,0,0,0,2,1,6,6,3,50,8,-1,-1,-1,-1,-1,-1,0,-1
2021061135350,2021,061135350,2,21,0,18,19,1,5,0,0,0,0,0,0,0,1,1,1,1,2,30,6,-1,-1,-1,-1,-1,-1,0,-1
2021010303140,2021,010303140,2,1,0,18,19,1,5,0,0,1,0,0,0,0,1,1,2,2,2,30,6,-1,-1,-1,-1,7,E01003027,0,-1
2021302100573,2021,302100573,2,1,0,18,19,6,2,9,9,1,0,0,0,0,3,1,6,6,1,25,5,-1,-1,-1,-1,2,E01013911,0,-1
2021101046319,2021,101046319,1,9,0,18,19,5,1,0,0,3,5,0,1,11,1,1,2,2,1,37,7,-1,-1,-1,-1,1,E01027424,0,-1
2021440335057,2021,440335057,2,1,0,9,9,5,3,0,0,4,0,0,0,0,0,1,6,6,2,71,10,-1,-1,-1,-1,10,E01022791,0,-1
2021451096493,2021,451096493,2,1,0,18,19,3,7,0,0,1,1,0,0,0,1,1,6,6,1,72,10,-1,-1,-1,-1,10,E01030753,0,-1
2021161035927,2021,161035927,1,9,0,18,19,2,6,0,0,8,0,0,0,0,1,1,6,6,3,-1,-1,-1,-1,-1,-1,-1,-1,0,-1
2021010312129,2021,010312129,1,19,0,99,99,9,9,99,99,9,9,99,9,99,9,9,6,6,3,-1,-1,-1,-1,-1,-1,-1,-1,0,-1
2021041040157,2021,041040157,1,1,0,5,5,8,4,0,0,0,0,0,0,0,0,1,5,6,1,5,1,-1,-1,-1,-1,7,E01025164,0,-1
2021061052570,2021,061052570,2,1,0,3,3,8,4,0,0,1,0,0,0,0,1,1,2,2,2,21,5,-1,-1,-1,-1,3,E01005312,0,-1
2021430288942,2021,430288942,1,9,0,7,7,6,8,0,0,2,0,0,0,0,1,1,6,6,1,65,9,-1,-1,-1,-1,-1,-1,0,-1
2021522105338,2021,522105338,1,9,0,18,19,1,5,0,0,0,0,0,0,0,1,1,6,6,2,76,11,-1,-1,-1,-1,3,E01014501,0,-1
2021052102568,2021,052102568,1,9,0,18,19,7,3,0,0,1,0,0,0,0,1,1,6,6,3,-1,-1,-1,-1,-1,-1,-1,-1,0,-1
2021061088163,2021,061088163,1,1,0,18,19,3,7,0,0,1,0,0,0,0,1,1,5,6,2,16,4,-1,-1,-1,-1,7,E01006155,0,-1
2021010316783,2021,010316783,2,9,9,18,19,7,3,0,0,9,0,0,0,0,9,9,6,6,3,-1,-1,-1,-1,-1,-1,-1,-1,0,-1
2021440371088,2021,440371088,3,9,0,3,3,3,7,0,0,1,0,0,0,0,2,1,6,6,1,82,11,-1,-1,-1,-1,-1,-1,0,-1
20211382M1899,2021,1382M1899,1,97,0,13,13,6,2,0,0,1,0,0,0,0,1,1,6,6,3,-1,-1,-1,-1,-1,-1,-1,-1,0,-1
2021231094410,2021,231094410,2,1,0,18,19,6,2,0,0,8,0,0,0,0,1,1,5,6,1,69,10,-1,-1,-1,-1,8,E01031218,0,-1
2021221143795,2021,221143795,1,9,0,9,9,7,4,7,6,0,0,0,0,0,4,1,1,1,1,38,7,-1,-1,-1,-1,1,E01009572,0,-1
2021320353190,2021,320353190,2,1,0,18,19,6,2,0,0,0,0,0,0,0,2,1,4,7,1,13,3,-1,-1,-1,-1,8,E01032994,0,-1
2021010288344,2021,010288344,1,1,0,18,19,7,3,0,0,8,5,0,0,0,1,1,2,2,1,37,7,-1,-1,-1,-1,1,E01004222,0,-1
2021061070908,2021,061070908,1,1,0,18,19,7,3,0,0,0,0,0,0,0,1,1,6,6,1,28,6,-1,-1,-1,-1,4,E01025359,0,-1
2021010301538,2021,010301538,2,3,0,18,19,2,6,0,0,1,0,0,0,0,1,1,6,6,1,14,3,-1,-1,-1,-1,9,E01000452,0,-1
2021010290117,2021,010290117,1,5,0,18,19,5,1,0,0,6,2,0,0,0,3,1,6,6,1,46,8,-1,-1,-1,-1,2,E01003092,0,-1
2021461058103,2021,461058103,2,1,0,18,19,7,1,0,0,1,0,0,0,0,1,1,5,6,1,29,6,-1,-1,-1,-1,3,E01024714,0,-1
2021061051699,2021,061051699,2,98,0,18,19,6,2,0,0,0,0,0,0,0,3,1,1,1,1,52,8,-1,-1,-1,-1,3,E01005260,0,-1
2021010288047,2021,010288047,1,-1,0,18,19,5,1,9,9,8,0,0,0,0,1,1,6,6,3,-1,-1,-1,-1,-1,-1,-1,-1,1,-1
202160Z090302,2021,60Z090302,1,9,0,5,5,4,8,0,0,8,0,0,0,0,1,1,6,6,1,32,6,-1,-1,-1,-1,-1,-1,0,-1
2021010307515,2021,010307515,2,1,0,18,19,1,5,0,0,8,5,0,0,0,1,1,2,2,1,50,8,-1,-1,-1,-1,2,E01000074,0,-1
2021201077372,2021,201077372,2,90,0,17,19,2,8,0,0,0,0,0,0,0,3,1,6,6,1,21,5,-1,-1,-1,-1,1,E01009215,0,-1
2021522102151,2021,522102151,1,9,0,18,19,3,7,0,0,8,0,0,0,0,3,1,6,6,1,33,6,-1,-1,-1,-1,4,E01014686,0,-1
2021501103026,2021,501103026,3,9,0,18,19,5,1,0,0,8,0,4,0,0,1,1,6,6,1,36,7,-1,-1,-1,-1,6,E01020136,0,-1
2021471038981,2021,471038981,1,9,0,18,19,3,7,0,0,1,0,0,0,0,0,1,6,6,3,-1,-1,-1,-1,-1,-1,-1,-1,0,-1
2021421021525,2021,421021525,2,1,0,18,19,8,4,0,0,2,0,0,0,0,4,1,5,6,1,57,9,-1,-1,-1,-1,8,E01021566,0,-1
2021141072404,2021,141072404,2,1,0,18,19,3,7,0,0,8,0,0,0,0,1,1,6,6,1,11,3,-1,-1,-1,-1,2,E01007967,0,-1
2021010329222,2021,010329222,2,9,0,18,19,1,5,0,0,1,0,0,0,0,1,1,6,6,3,-1,-1,-1,-1,-1,-1,-1,-1,0,-1
2021371061550,2021,371061550,3,9,0,18,19,3,7,0,0,1,0,0,0,0,1,1,1,1,1,47,8,-1,-1,-1,-1,10,E01030192,0,-1
2021421030379,2021,421030379,2,1,0,18,19,4,8,0,0,4,0,0,3,0,3,1,5,6,2,39,7,-1,-1,-1,-1,3,E01021273,0,-1
202131D150821,2021,31D150821,1,9,0,9,9,4,2,0,0,6,0,0,0,0,0,1,6,6,3,-1,-1,-1,-1,-1,-1,-1,-1,0,-1
202160Z140818,2021,60Z140818,2,9,0,2,2,0,0,0,0,0,0,0,0,0,1,1,6,6,1,34,6,-1,-1,-1,-1,-1,-1,0,-1
2021451059344,2021,451059344,1,9,0,18,19,7,3,0,0,0,0,0,0,0,1,1,2,2,2,48,8,-1,-1,-1,-1,7,E01030651,0,-1
202160Z170482,2021,60Z170482,2,9,0,2,2,0,0,0,0,0,0,0,0,0,1,1,6,6,1,69,10,-1,-1,-1,-1,-1,-1,0,-1
2021101115446,2021,101115446,1,20,0,9,9,5,1,0,0,0,0,0,0,0,4,1,1,1,1,-1,-1,-1,-1,-1,-1,-1,-1,0,-1
2021520100665,2021,520100665,2,9,0,7,7,3,5,0,0,8,0,0,0,0,3,1,6,6,2,18,4,-1,-1,-1,-1,6,E01029078,0,-1
2021010295742,2021,010295742,2,9,0,18,19,5,1,0,0,8,0,0,0,0,2,1,6,6,1,31,6,-1,-1,-1,-1,5,E01000975,0,-1
2021332100928,2021,332100928,1,9,0,18,19,5,1,0,0,0,0,0,0,0,1,1,6,6,1,60,9,-1,-1,-1,-1,3,E01025992,0,-1
2021141109523,2021,141109523,2,1,0,18,19,7,3,0,0,1,0,0,0,0,1,1,6,6,1,20,4,-1,-1,-1,-1,1,E01007875,0,-1
2021031131071,2021,031131071,1,9,0,18,19,5,1,0,0,0,0,0,7,4,1,1,5,6,1,79,11,-1,-1,-1,-1,10,E01006914,0,-1
2021991103903,2021,991103903,2,9,0,9,9,8,6,0,0,8,0,0,0,0,1,1,6,6,2,28,6,-1,-1,-1,-1,6,-1,0,-1
2021440281877,2021,440281877,2,9,0,9,9,1,7,0,0,1,0,0,0,0,3,1,6,6,2,-1,-1,-1,-1,-1,-1,-1,-1,0,-1
2021440088541,2021,440088541,1,1,0,12,12,5,1,0,0,0,0,0,0,0,2,1,2,2,1,41,7,-1,-1,-1,-1,2,E01023108,0,-1
2021411102140,2021,411102140,1,-1,0,9,9,1,7,9,9,8,0,0,0,0,1,1,6,6,1,-1,-1,-1,-1,-1,-1,-1,-1,1,-1
2021451059371,2021,451059371,1,1,0,18,19,1,5,0,0,1,0,0,0,0,4,1,6,6,1,22,5,-1,-1,-1,-1,9,E01022601,0,-1
2021461106071,2021,461106071,1,98,0,12,12,7,3,0,0,0,0,0,0,0,3,1,1,1,3,-1,-1,-1,-1,-1,-1,-1,-1,0,-1
2021161130515,2021,161130515,2,8,0,7,7,7,1,0,0,8,0,0,0,0,2,1,1,1,3,-1,-1,-1,-1,-1,-1,-1,-1,0,-1
2021010324520,2021,010324520,1,1,9,99,99,9,9,99,99,9,9,99,9,99,9,1,2,2,2,46,8,-1,-1,-1,-1,3,E01002727,0,-1
2021010337801,2021,010337801,2,19,0,99,99,9,9,99,99,9,9,99,9,99,2,9,6,6,3,-1,-1,-1,-1,-1,-1,-1,-1,0,-1
2021471077319,2021,471077319,2,1,0,18,19,3,7,0,0,1,0,0,0,0,1,1,6,6,1,42,7,-1,-1,-1,-1,3,E01016861,0,-1
202160Z165079,2021,60Z165079,2,9,0,4,4,3,7,0,0,1,0,0,0,0,2,1,1,1,2,41,7,-1,-1,-1,-1,-1,-1,0,-1
2021141030971,2021,141030971,2,9,0,5,5,3,7,0,0,0,0,0,0,0,1,1,6,6,1,24,5,-1,-1,-1,-1,-1,-1,0,-1
2021461109890,2021,461109890,1,1,0,9,9,5,2,0,0,3,0,0,0,0,3,1,5,6,1,16,4,-1,-1,-1,-1,3,E01016114,0,-1
2021430412033,2021,430412033,1,9,0,7,7,5,7,0,0,7,0,0,0,0,1,1,6,6,2,44,7,-1,-1,-1,-1,1,E01028576,0,-1
2021531032393,2021,531032393,1,1,0,9,9,2,6,0,0,8,0,0,0,0,4,1,5,6,1,15,3,-1,-1,-1,-1,10,E01022439,0,-1
2021131060782,2021,131060782,1,9,0,-1,-1,-1,-1,-1,-1,0,-1,-1,-1,-1,-1,1,6,6,3,-1,-1,-1,-1,-1,-1,-1,-1,0,-1
2021201051644,2021,201051644,2,1,0,18,19,2,6,0,0,8,0,0,0,0,3,1,2,2,1,-1,-1,-1,-1,-1,-1,2,E01010447,0,-1
2021010343224,2021,010343224,2,1,0,14,14,1,5,0,0,5,0,0,0,0,1,1,2,2,1,34,6,-1,-1,-1,-1,3,E01004045,0,-1
2021471119736,2021,471119736,1,9,0,18,19,5,1,0,0,8,0,0,0,0,4,1,6,6,2,-1,-1,-1,-1,-1,-1,-1,-1,0,-1
2021520104441,2021,520104441,2,4,0,5,5,5,1,0,0,0,0,0,0,0,1,1,6,6,3,-1,-1,-1,-1,-1,-1,-1,-1,0,-1
2021010299120,2021,010299120,2,9,0,99,99,9,9,99,99,9,9,99,9,99,1,9,6,6,3,-1,-1,-1,-1,-1,-1,-1,-1,0,-1
2021010290361,2021,010290361,2,1,0,4,4,3,7,9,9,0,0,0,0,0,0,1,6,6,1,23,5,-1,-1,-1,-1,2,E01003304,0,-1
2021010292453,2021,010292453,1,1,9,99,99,9,9,99,99,9,9,99,9,99,9,1,6,6,1,29,6,-1,-1,-1,-1,1,E01001838,0,-1
2021371071942,2021,371071942,1,19,0,13,13,8,4,0,0,0,0,0,0,0,0,1,6,6,3,-1,-1,-1,-1,-1,-1,-1,-1,0,-1
2021010297293,2021,010297293,2,9,0,99,99,9,9,99,99,9,9,99,9,99,2,9,6,6,3,-1,-1,-1,-1,-1,-1,-1,-1,0,-1
202160Z104639,2021,60Z104639,1,9,0,9,9,1,7,0,0,8,0,0,0,0,4,1,6,6,1,18,4,-1,-1,-1,-1,-1,-1,0,-1
2021201050798,2021,201050798,1,9,0,18,19,8,4,0,0,0,0,0,0,0,1,1,6,6,2,-1,-1,-1,-1,-1,-1,-1,-1,0,-1
2021421040931,2021,421040931,1,9,0,1,1,7,3,9,9,6,0,0,0,0,2,1,6,6,1,-1,-1,-1,-1,-1,-1,-1,-1,0,-1
2021201049132,2021,201049132,2,9,0,18,19,4,8,0,0,1,2,10,1,10,2,1,1,1,1,62,9,-1,-1,-1,-1,1,E01009892,0,-1
2021221058694,2021,221058694,1,11,0,9,9,7,3,2,2,0,0,0,0,0,1,1,1,1,3,40,7,-1,-1,-1,-1,-1,-1,0,-1
2021070545680,2021,070545680,2,8,0,4,4,1,5,9,9,0,0,0,0,0,3,1,2,2,1,18,4,-1,-1,-1,-1,4,E01018624,0,-1
2021010310996,2021,010310996,1,1,9,99,99,9,9,99,99,9,9,99,9,99,1,1,6,6,2,22,5,-1,-1,-1,-1,4,E01000864,0,-1
2021221060336,2021,221060336,2,9,0,7,7,7,1,0,0,6,0,0,0,0,1,1,6,6,3,30,6,-1,-1,-1,-1,-1,-1,0,-1
2021411064534,2021,411064534,2,1,0,18,19,6,2,9,9,1,0,0,0,0,1,1,6,6,1,14,3,-1,-1,-1,-1,4,E01023534,0,-1
2021141117448,2021,141117448,1,9,0,-1,-1,-1,-1,-1,-1,0,-1,-1,-1,0,4,1,6,6,3,-1,-1,-1,-1,-1,-1,-1,-1,0,-1
2021610034221,2021,610034221,1,9,0,18,19,6,2,0,0,0,0,0,0,0,1,1,6,6,2,51,8,-1,-1,-1,-1,-1,-1,0,-1
2021411110136,2021,411110136,1,-1,0,18,19,6,2,0,0,3,0,0,0,0,1,1,2,2,1,35,6,-1,-1,-1,-1,4,E01023652,1,-1
2021010292628,2021,010292628,1,1,9,99,99,9,9,99,99,9,9,99,9,99,1,1,6,6,1,27,6,-1,-1,-1,-1,5,E01003071,0,-1
2021010341023,2021,010341023,2,1,0,18,19,6,2,0,0,8,0,0,0,0,3,1,2,2,2,30,6,-1,-1,-1,-1,7,E01004510,0,-1
2021031032043,2021,031032043,1,9,0,18,19,4,8,0,0,0,0,0,0,0,1,1,6,6,1,75,10,-1,-1,-1,-1,8,E01027694,0,-1
2021010312895,2021,010312895,2,22,0,4,4,2,6,0,0,0,0,0,0,0,1,1,1,1,2,28,6,-1,-1,-1,-1,5,E01003144,0,-1
2021461104969,2021,461104969,1,9,0,7,7,5,1,0,0,0,0,0,0,0,1,1,6,6,3,-1,-1,-1,-1,-1,-1,-1,-1,0,-1
2021520104812,2021,520104812,2,22,0,18,19,3,7,0,0,0,0,0,0,0,3,1,6,6,2,69,10,-1,-1,-1,-1,1,E01029105,0,-1
2021061117080,2021,061117080,3,9,0,3,3,3,7,0,0,0,0,0,0,0,2,1,2,2,1,50,8,-1,-1,-1,-1,4,E01006835,0,-1
2021332100984,2021,332100984,1,9,0,18,19,1,5,9,9,0,0,0,0,0,4,1,6,6,2,59,9,-1,-1,-1,-1,9,E01025758,0,-1
2021041088904,2021,041088904,1,1,0,18,19,8,4,0,0,8,5,0,0,0,1,1,5,6,1,27,6,-1,-1,-1,-1,2,E01025275,0,-1
2021361137533,2021,361137533,1,1,0,18,19,1,5,0,0,8,5,0,0,0,4,1,5,6,1,24,5,-1,-1,-1,-1,8,E01026855,0,-1
2021471059422,2021,471059422,2,1,0,16,19,7,1,5,5,0,1,0,0,0,3,1,6,6,1,10,2,-1,-1,-1,-1,5,E01031583,0,-1
2021430513805,2021,430513805,2,9,0,18,19,8,4,0,0,4,0,0,0,0,3,1,6,6,3,-1,-1,-1,-1,-1,-1,-1,-1,0,-1
2021430429446,2021,430429446,2,21,1,18,19,4,8,0,0,0,0,0,0,0,4,1,6,6,1,40,7,-1,-1,-1,-1,-1,-1,0,-1
2021421054756,2021,421054756,1,9,0,4,4,1,5,0,0,0,0,0,0,0,4,1,6,6,3,-1,-1,-1,-1,-1,-1,-1,-1,0,-1
2021101116329,2021,101116329,1,9,0,18,19,1,5,0,0,0,0,0,0,0,1,1,1,1,1,24,5,-1,-1,-1,-1,8,E01027440,0,-1
2021010294967,2021,010294967,2,1,0,18,19,1,5,0,0,8,0,0,0,0,2,1,6,6,2,21,5,-1,-1,-1,-1,10,E01023840,0,-1
2021421034193,2021,421034193,1,9,0,18,19,7,5,0,0,8,0,0,0,0,1,1,1,1,1,65,9,-1,-1,-1,-1,8,E01022057,0,-1
2021010310151,2021,010310151,2,3,0,18,19,1,5,0,0,6,1,0,0,0,3,1,6,6,1,16,4,-1,-1,-1,-1,2,E01001862,0,-1
2021010314335,2021,010314335,2,9,0,99,99,9,9,99,99,0,9,99,9,99,9,9,6,6,3,-1,-1,-1,-1,-1,-1,-1,-1,0,-1
2021552200096,2021,552200096,1,9,0,7,7,6,8,0,0,5,0,0,0,0,1,1,6,6,3,-1,-1,-1,-1,-1,-1,-1,-1,0,-1
2021440245407,2021,440245407,1,-1,0,18,19,6,2,9,9,0,0,0,0,0,1,1,6,6,3,-1,-1,-1,-1,-1,-1,-1,-1,1,-1
2021122100756,2021,122100756,2,1,0,4,4,7,3,0,0,4,0,0,0,0,1,1,6,6,1,14,3,-1,-1,-1,-1,8,E01013338,0,-1
2021041018162,2021,041018162,2,1,0,18,19,3,7,0,0,0,0,0,0,0,1,1,6,6,1,35,6,-1,-1,-1,-1,2,E01025290,0,-1
202134NNC2981,2021,34NNC2981,2,9,0,18,19,6,2,0,0,8,0,0,1,0,1,1,6,6,1,88,11,-1,-1,-1,-1,-1,-1,0,-1
2021201142023,2021,201142023,1,9,0,5,5,-1,-1,0,0,0,0,0,0,0,1,1,6,6,1,-1,-1,-1,-1,-1,-1,-1,-1,0,-1
2021010317508,2021,010317508,1,-1,0,18,19,5,1,0,0,1,0,0,0,0,0,1,1,1,2,37,7,-1,-1,-1,-1,2,E01001700,1,-1
2021610054221,2021,610054221,1,21,4,17,19,1,6,0,0,5,5,0,2,7,3,1,1,1,1,59,9,-1,-1,-1,-1,-1,-1,0,-1
202160Z098340,2021,60Z098340,1,9,0,17,19,5,2,0,0,0,1,10,0,0,1,1,6,6,1,88,11,-1,-1,-1,-1,-1,-1,0,-1
2021010321735,2021,010321735,1,9,0,18,19,6,2,0,0,0,0,0,0,0,3,1,6,6,1,-1,-1,-1,-1,-1,-1,-1,-1,0,-1
2021522201527,2021,522201527,3,9,0,18,19,8,4,0,0,8,0,0,0,0,1,1,6,6,1,60,9,-1,-1,-1,-1,5,E01014679,0,-1
2021302100246,2021,302100246,1,9,0,18,19,8,4,0,0,0,0,0,0,0,1,1,6,6,3,-1,-1,-1,-1,-1,-1,5,E01019456,0,-1
2021161072407,2021,161072407,1,9,0,18,19,5,1,0,0,0,0,0,0,0,1,1,5,6,1,64,9,-1,-1,-1,-1,9,E01012920,0,-1
2021010324182,2021,010324182,2,9,0,99,99,9,9,99,99,9,9,99,9,99,1,9,6,6,1,60,9,-1,-1,-1,-1,4,E01003452,0,-1
2021411070043,2021,411070043,2,1,0,18,19,4,8,4,4,1,5,0,0,0,1,1,6,6,2,22,5,-1,-1,-1,-1,5,E01023796,0,-1
2021440253479,2021,440253479,1,97,0,18,19,2,6,0,0,0,0,0,0,0,1,1,6,6,3,-1,-1,-1,-1,-1,-1,-1,-1,0,-1
2021332100868,2021,332100868,2,1,0,18,19,5,1,0,0,8,0,0,0,0,4,1,6,6,2,21,5,-1,-1,-1,-1,3,E01013779,0,-1
2021991056595,2021,991056595,2,1,0,18,19,7,3,0,0,8,0,0,0,0,3,1,5,6,1,38,7,-1,-1,-1,-1,2,-1,0,-1
2021451127862,2021,451127862,1,1,0,18,19,5,1,0,0,0,5,0,0,0,1,1,5,6,1,54,8,-1,-1,-1,-1,7,E01030583,0,-1
2021430368945,2021,430368945,3,9,0,18,19,5,1,0,0,0,0,0,0,0,1,1,2,2,1,23,5,-1,-1,-1,-1,5,E01023905,0,-1
2021421091462,2021,421091462,2,19,0,7,7,7,3,0,0,8,0,0,7,0,1,1,1,1,2,48,8,-1,-1,-1,-1,8,E01033611,0,-1
2021302101014,2021,302101014,3,9,0,9,9,8,6,0,0,6,0,0,0,0,0,1,6,6,3,-1,-1,-1,-1,-1,-1,5,E01019456,0,-1
2021371045318,2021,371045318,2,98,1,3,3,2,6,0,0,0,0,0,0,0,2,1,1,1,1,65,9,-1,-1,-1,-1,-1,-1,0,-1
2021501063587,2021,501063587,2,9,0,9,9,7,5,0,0,1,0,0,0,0,1,1,5,6,2,36,7,-1,-1,-1,-1,5,E01020208,0,-1
2021991125957,2021,991125957,2,9,0,9,9,6,2,0,0,1,1,0,0,0,2,1,1,1,1,31,6,-1,-1,-1,-1,2,-1,0,-1
2021031073287,2021,031073287,2,1,0,18,19,1,5,0,0,5,0,11,0,0,4,1,6,6,1,81,11,-1,-1,-1,-1,5,E01025085,0,-1
2021161108724,2021,161108724,1,9,0,18,19,6,2,0,0,2,0,0,0,0,1,1,6,6,3,-1,-1,-1,-1,-1,-1,-1,-1,0,-1
2021520100513,2021,520100513,1,1,0,18,19,1,5,4,4,0,0,0,0,0,2,1,6,6,1,10,2,-1,-1,-1,-1,1,E01029293,0,-1
2021522104820,2021,522104820,2,8,0,18,19,1,5,0,0,2,0,0,0,0,1,1,6,6,1,30,6,-1,-1,-1,-1,-1,-1,0,-1
2021010351585,2021,010351585,1,1,0,6,6,2,2,0,0,1,0,0,0,0,3,1,1,1,1,27,6,-1,-1,-1,-1,1,E01004324,0,-1
2021211130555,2021,211130555,1,9,-1,-1,-1,4,6,-1,-1,-1,-1,-1,-1,0,-1,1,1,1,1,33,6,-1,-1,-1,-1,9,E01029773,0,-1
2021481146389,2021,481146389,1,90,0,9,9,1,5,0,0,0,0,0,0,0,1,1,1,1,1,60,9,-1,-1,-1,-1,6,E01032740,0,-1
2021061051279,2021,061051279,1,1,0,18,19,4,8,0,0,0,0,0,0,0,2,1,2,2,1,35,6,-1,-1,-1,-1,3,E01004772,0,-1
2021411105977,2021,411105977,2,-1,0,18,19,3,7,9,9,0,0,0,0,0,1,1,5,6,1,32,6,-1,-1,-1,-1,7,E01021832,1,-1
2021010316127,2021,010316127,2,1,0,9,9,4,3,0,0,8,0,0,0,0,2,1,6,6,1,41,7,-1,-1,-1,-1,9,E01000168,0,-1
2021052100349,2021,052100349,2,-1,0,18,19,3,7,0,0,8,0,0,0,0,4,1,6,6,1,20,4,-1,-1,-1,-1,1,E01006731,1,-1
2021430558850,2021,430558850,1,9,0,9,9,5,3,0,0,8,0,0,0,0,3,1,6,6,3,-1,-1,-1,-1,-1,-1,-1,-1,0,-1
2021451095269,2021,451095269,1,9,0,18,19,3,7,0,0,0,0,0,0,0,1,1,6,6,1,30,6,-1,-1,-1,-1,-1,-1,0,-1
2021221097283,2021,221097283,2,1,0,9,9,7,5,0,0,4,0,0,0,0,4,1,5,6,2,52,8,-1,-1,-1,-1,3,E01032456,0,-1
2021052200039,2021,052200039,1,9,0,18,19,5,1,0,0,0,0,0,0,0,3,9,6,6,3,-1,-1,-1,-1,-1,-1,-1,-1,0,-1
2021201102073,2021,201102073,2,1,0,18,19,7,3,0,0,0,0,0,0,0,2,1,2,2,2,39,7,-1,-1,-1,-1,4,E01009249,0,-1
2021421060977,2021,421060977,1,1,0,14,14,7,3,0,0,1,0,0,0,0,3,1,5,6,1,74,10,-1,-1,-1,-1,8,E01001541,0,-1
2021501062001,2021,501062001,2,23,0,18,19,7,3,0,0,0,0,0,0,0,1,1,5,6,1,76,11,-1,-1,-1,-1,2,E01015210,0,-1
2021010309261,2021,010309261,1,9,0,18,19,5,1,0,0,8,0,0,0,0,4,1,6,6,3,-1,-1,-1,-1,-1,-1,-1,-1,0,-1
2021010294091,2021,010294091,1,1,0,18,19,1,5,0,0,8,0,99,1,99,1,1,6,6,1,21,5,-1,-1,-1,-1,2,E01032722,0,-1
2021543064521,2021,543064521,2,1,0,18,19,3,7,0,0,0,0,0,0,0,3,1,6,6,1,57,9,-1,-1,-1,-1,4,E01032014,0,-1
2021010341620,2021,010341620,1,9,9,99,99,9,9,0,0,1,9,99,9,0,9,9,6,6,2,30,6,-1,-1,-1,-1,2,E01032564,0,-1
2021421038750,2021,421038750,1,1,0,18,19,1,5,0,0,2,0,0,0,0,3,1,5,6,1,29,6,-1,-1,-1,-1,7,E01015848,0,-1
2021061086066,2021,061086066,2,9,0,12,12,5,1,0,0,0,0,0,0,0,4,1,6,6,3,30,6,-1,-1,-1,-1,-1,-1,0,-1