collision_index,collision_year,collision_ref_no,vehicle_reference,vehicle_type,towing_and_articulation,vehicle_manoeuvre_historic,vehicle_manoeuvre,vehicle_direction_from,vehicle_direction_to,vehicle_location_restricted_lane_historic,vehicle_location_restricted_lane,junction_location,skidding_and_overturning,hit_object_in_carriageway,vehicle_leaving_carriageway,hit_object_off_carriageway,first_point_of_impact,vehicle_left_hand_drive,journey_purpose_of_driver_historic,journey_purpose_of_driver,sex_of_driver,age_of_driver,age_band_of_driver,engine_capacity_cc,propulsion_code,age_of_vehicle,generic_make_model,driver_imd_decile,lsoa_of_driver,escooter_flag,driver_distance_banding
2021411033107,2021,411033107,2,9,0,4,4,1,5,0,0,0,0,0,0,0,1,1,2,2,1,-1,-1,-1,-1,-1,-1,6,E01029952,0,-1
2021052102570,2021,052102570,1,21,1,18,19,1,5,0,0,0,0,0,0,0,1,1,6,6,3,-1,-1,-1,-1,-1,-1,-1,-1,0,-1
2021010334792,2021,010334792,1,1,9,99,99,9,9,99,99,9,9,99,9,99,9,1,6,6,1,62,9,-1,-1,-1,-1,8,E01000181,0,-1
2021451056579,2021,451056579,1,1,0,18,19,6,2,0,0,3,1,0,0,0,1,1,5,6,1,50,8,-1,-1,-1,-1,7,E01004153,0,-1
2021201033459,2021,201033459,1,9,0,18,19,-1,-1,0,0,1,0,0,0,0,1,1,6,6,3,-1,-1,-1,-1,-1,-1,-1,-1,0,-1
2021361105409,2021,361105409,2,1,0,18,19,5,1,0,0,0,0,0,0,0,0,1,5,6,2,60,9,-1,-1,-1,-1,4,E01026763,0,-1
2021610062921,2021,610062921,1,9,0,15,15,2,6,0,0,0,0,4,0,0,1,1,6,6,1,19,4,-1,-1,-1,-1,-1,-1,0,-1
2021010342180,2021,010342180,2,1,0,18,19,7,3,0,0,8,5,0,0,0,1,1,1,1,1,21,5,-1,-1,-1,-1,4,E01003554,0,-1
2021430222476,2021,430222476,3,1,0,17,19,8,4,0,0,0,0,0,0,0,0,1,6,6,3,-1,-1,-1,-1,-1,-1,-1,-1,0,-1
2021221110014,2021,221110014,1,9,0,18,19,8,4,9,9,1,0,10,0,0,4,1,6,6,3,34,6,-1,-1,-1,-1,-1,-1,0,-1
202134WNC6261,2021,34WNC6261,1,9,0,17,19,1,5,0,0,8,0,0,0,0,1,1,6,6,2,31,6,-1,-1,-1,-1,9,E01016788,0,-1
2021610045121,2021,610045121,3,9,0,18,19,5,1,0,0,0,0,11,0,0,1,1,1,1,2,18,4,-1,-1,-1,-1,-1,-1,0,-1
2021010294357,2021,010294357,2,1,0,16,19,3,5,9,9,1,0,0,7,10,1,1,6,6,1,56,9,-1,-1,-1,-1,9,E01033101,0,-1
202134WNC6541,2021,34WNC6541,1,9,0,5,5,7,3,0,0,6,0,0,0,0,1,1,6,6,3,-1,-1,-1,-1,-1,-1,-1,-1,0,-1
2021161059801,2021,161059801,1,9,0,1,1,2,6,0,0,6,0,0,0,0,1,1,6,6,1,58,9,-1,-1,-1,-1,1,E01012809,0,-1
2021610042221,2021,610042221,1,9,0,17,19,3,8,0,0,0,1,0,1,0,1,1,1,1,2,-1,-1,-1,-1,-1,-1,-1,-1,0,-1
2021221020953,2021,221020953,1,19,0,18,19,6,1,0,0,6,0,0,0,0,1,1,5,6,3,30,6,-1,-1,-1,-1,-1,-1,0,-1
2021031064902,2021,031064902,1,90,0,18,19,1,2,0,0,1,0,0,0,0,1,1,6,6,3,-1,-1,-1,-1,-1,-1,-1,-1,0,-1
2021010289831,2021,010289831,1,1,9,99,99,9,9,99,99,9,9,99,9,99,1,1,6,6,1,26,6,-1,-1,-1,-1,10,E01003401,0,-1
2021522103018,2021,522103018,1,1,0,2,2,1,5,9,9,0,0,0,0,0,0,1,6,6,2,40,7,-1,-1,-1,-1,1,E01014829,0,-1
2021411066773,2021,411066773,1,20,4,18,19,5,1,0,0,1,0,0,0,0,0,1,1,1,1,41,7,-1,-1,-1,-1,-1,-1,0,-1
2021522105420,2021,522105420,2,19,0,18,19,8,4,0,0,1,0,0,0,0,1,1,6,6,1,30,6,-1,-1,-1,-1,-1,-1,0,-1
2021622100572,2021,622100572,1,20,0,18,19,6,2,0,0,1,0,0,0,0,1,1,1,1,1,59,9,-1,-1,-1,-1,5,W01001101,0,-1
202106A080046,2021,06A080046,2,9,0,18,19,3,7,0,0,0,0,0,0,0,2,1,2,2,1,23,5,-1,-1,-1,-1,4,E01005281,0,-1
2021010312544,2021,010312544,2,4,0,18,19,5,1,0,0,6,0,0,0,0,1,1,2,2,1,36,7,-1,-1,-1,-1,2,E01002356,0,-1
2021461061807,2021,461061807,1,9,0,18,19,8,4,0,0,0,0,0,0,0,0,1,5,6,3,-1,-1,-1,-1,-1,-1,-1,-1,0,-1
2021010350658,2021,010350658,1,9,0,18,19,7,3,0,0,1,0,0,0,0,1,1,6,6,3,-1,-1,-1,-1,-1,-1,-1,-1,0,-1
2021549543221,2021,549543221,1,1,0,18,19,1,5,0,0,1,5,4,0,0,1,1,6,6,1,75,10,-1,-1,-1,-1,8,E01032016,0,-1
202134NNC0011,2021,34NNC0011,1,9,0,1,1,1,5,0,0,0,0,0,0,0,2,1,1,1,1,-1,-1,-1,-1,-1,-1,-1,-1,0,-1
2021332100384,2021,332100384,3,1,0,18,19,3,7,0,0,0,0,0,0,0,2,1,6,6,2,50,8,-1,-1,-1,-1,7,E01025985,0,-1
2021501113006,2021,501113006,2,1,0,18,19,2,6,0,0,4,0,0,0,0,1,1,5,6,1,58,9,-1,-1,-1,-1,10,E01020242,0,-1
20211383V0715,2021,1383V0715,2,1,0,18,19,5,1,0,0,1,0,0,0,0,2,1,6,6,1,68,10,-1,-1,-1,-1,9,E01027679,0,-1
2021461030684,2021,461030684,1,9,0,18,19,2,4,0,0,1,0,0,0,0,1,1,6,6,1,-1,-1,-1,-1,-1,-1,-1,-1,0,-1
2021161014822,2021,161014822,2,9,0,18,19,5,1,0,0,0,0,0,0,0,1,1,2,2,1,59,9,-1,-1,-1,-1,7,E01013323,0,-1
2021991096610,2021,991096610,2,9,0,2,2,0,0,6,6,0,0,0,0,0,2,1,1,1,1,65,9,-1,-1,-1,-1,1,-1,0,-1
2021231084727,2021,231084727,2,1,0,18,19,6,2,0,0,8,0,0,0,0,1,1,5,6,1,62,9,-1,-1,-1,-1,8,E01009668,0,-1
2021332100451,2021,332100451,1,9,0,7,7,3,4,0,0,6,0,0,0,0,3,1,6,6,2,29,6,-1,-1,-1,-1,1,E01025699,0,-1
202154A733821,2021,54A733821,2,3,0,18,19,3,7,0,0,8,0,0,0,0,1,1,6,6,1,19,4,-1,-1,-1,-1,7,E01018294,0,-1
2021010313369,2021,010313369,1,1,9,99,99,9,9,99,99,9,9,99,9,99,1,1,2,2,2,25,5,-1,-1,-1,-1,5,E01004681,0,-1
2021122100599,2021,122100599,2,1,0,9,9,3,7,0,0,8,0,0,0,0,3,1,6,6,1,29,6,-1,-1,-1,-1,1,E01027817,0,-1
2021041090584,2021,041090584,1,98,0,18,19,1,5,0,0,0,0,0,0,0,4,1,6,6,3,-1,-1,-1,-1,-1,-1,-1,-1,0,-1
2021201059329,2021,201059329,2,9,1,14,14,3,7,0,0,0,0,0,0,0,3,1,1,1,1,64,9,-1,-1,-1,-1,8,W01001565,0,-1
2021522103430,2021,522103430,2,1,0,18,19,5,1,0,0,0,0,0,0,0,1,1,6,6,2,27,6,-1,-1,-1,-1,8,E01014387,0,-1
2021440323721,2021,440323721,1,9,0,18,19,7,3,0,0,8,0,0,0,0,1,1,6,6,1,56,9,-1,-1,-1,-1,-1,-1,0,-1
2021522105895,2021,522105895,1,-1,0,18,19,4,8,0,0,4,0,0,0,0,2,1,6,6,2,16,4,-1,-1,-1,-1,-1,-1,1,-1
2021010348840,2021,010348840,2,9,0,99,99,9,9,99,99,9,9,99,9,99,9,9,6,6,3,-1,-1,-1,-1,-1,-1,-1,-1,0,-1
2021010297335,2021,010297335,2,1,9,18,19,1,5,0,0,1,1,0,0,99,3,1,6,6,1,-1,-1,-1,-1,-1,-1,-1,-1,0,-1
2021991081347,2021,991081347,1,1,0,18,19,2,6,0,0,0,5,0,0,0,1,1,6,6,1,25,5,-1,-1,-1,-1,-1,-1,0,-1
2021451054940,2021,451054940,1,9,0,18,19,7,3,0,0,2,0,0,0,0,4,1,1,1,1,55,8,-1,-1,-1,-1,9,E01023115,0,-1
2021010346172,2021,010346172,2,11,0,99,99,9,9,0,0,8,0,0,0,0,3,1,6,6,3,-1,-1,-1,-1,-1,-1,-1,-1,0,-1
202106M079337,2021,06M079337,1,9,0,10,10,8,6,0,0,1,0,0,0,0,3,1,6,6,2,40,7,-1,-1,-1,-1,8,E01006174,0,-1
2021041074538,2021,041074538,2,9,0,2,2,7,3,0,0,0,0,0,0,0,1,1,5,6,1,47,8,-1,-1,-1,-1,6,E01025608,0,-1
2021610006221,2021,610006221,1,9,0,18,19,8,4,0,0,1,0,0,0,0,1,1,6,6,2,21,5,-1,-1,-1,-1,-1,-1,0,-1
2021201097823,2021,201097823,1,9,0,9,9,6,5,0,0,6,0,0,0,0,1,1,1,1,1,57,9,-1,-1,-1,-1,5,E01009023,0,-1
2021201087104,2021,201087104,1,98,1,18,19,1,5,0,0,8,0,0,0,0,0,1,1,1,1,39,7,-1,-1,-1,-1,-1,-1,0,-1
2021320003041,2021,320003041,1,9,0,18,19,4,8,0,0,0,2,0,0,0,4,1,6,6,1,63,9,-1,-1,-1,-1,1,E01026083,0,-1
2021501124506,2021,501124506,1,9,0,5,5,3,7,0,0,0,0,0,0,0,3,1,6,6,1,32,6,-1,-1,-1,-1,7,E01020132,0,-1
2021010346730,2021,010346730,3,90,0,18,19,4,8,0,0,0,0,0,0,0,0,1,1,1,1,35,6,-1,-1,-1,-1,5,E01024281,0,-1
2021411095364,2021,411095364,2,1,0,18,19,6,2,0,0,1,0,0,0,0,3,1,5,6,2,37,7,-1,-1,-1,-1,3,E01023613,0,-1
2021332101549,2021,332101549,1,9,0,18,19,3,7,0,0,0,0,0,0,0,4,1,6,6,3,-1,-1,-1,-1,-1,-1,-1,-1,0,-1
2021610045421,2021,610045421,2,9,0,3,3,2,6,0,0,0,0,0,0,0,2,1,1,1,2,54,8,-1,-1,-1,-1,-1,-1,0,-1
2021010335309,2021,010335309,1,9,0,18,19,3,7,0,0,0,0,0,0,0,1,1,1,1,2,54,8,-1,-1,-1,-1,6,E01024034,0,-1
2021010292606,2021,010292606,1,1,9,99,99,9,9,99,99,0,9,99,9,99,9,1,6,6,1,35,6,-1,-1,-1,-1,2,E01003911,0,-1
2021010348382,2021,010348382,2,1,0,17,19,3,7,0,0,3,0,0,0,0,3,1,6,6,1,31,6,-1,-1,-1,-1,9,E01002137,0,-1
2021131059091,2021,131059091,1,1,0,18,19,3,5,0,0,0,0,0,0,0,1,1,5,6,1,34,6,-1,-1,-1,-1,1,E01010612,0,-1
2021522102714,2021,522102714,2,9,0,18,19,3,7,0,0,4,0,0,0,0,1,1,6,6,3,-1,-1,-1,-1,-1,-1,-1,-1,0,-1
2021010335348,2021,010335348,1,1,0,18,19,1,5,0,0,0,5,0,0,0,2,1,6,6,1,21,5,-1,-1,-1,-1,3,E01020991,0,-1
2021010337146,2021,010337146,1,9,0,7,7,3,6,0,0,7,0,11,1,2,1,1,6,6,1,22,5,-1,-1,-1,-1,2,E01004008,0,-1
2021481105618,2021,481105618,1,1,0,9,9,1,7,0,0,0,0,0,0,0,3,1,2,2,1,22,5,-1,-1,-1,-1,2,E01000905,0,-1
2021501093035,2021,501093035,2,1,0,16,19,5,1,0,0,0,1,0,0,0,2,1,6,6,1,48,8,-1,-1,-1,-1,9,E01020266,0,-1
2021111038427,2021,111038427,1,9,0,5,5,3,7,0,0,4,0,0,0,0,4,1,6,6,3,30,6,-1,-1,-1,-1,-1,-1,0,-1
2021991074528,2021,991074528,2,1,0,18,19,8,5,0,0,8,0,0,0,0,4,1,5,6,1,50,8,-1,-1,-1,-1,7,-1,0,-1
2021061047821,2021,061047821,1,-1,0,11,11,6,2,0,0,1,0,0,0,0,0,1,6,6,3,30,6,-1,-1,-1,-1,-1,-1,0,-1
2021231108800,2021,231108800,1,9,0,17,19,6,2,0,0,0,5,0,1,4,1,1,5,6,1,24,5,-1,-1,-1,-1,8,E01031204,0,-1
2021302101377,2021,302101377,2,1,0,18,19,3,7,0,0,1,0,0,0,0,3,1,6,6,2,58,9,-1,-1,-1,-1,1,E01013590,0,-1
2021471011397,2021,471011397,1,9,0,17,19,7,4,0,0,0,5,0,7,4,1,1,5,6,2,22,5,-1,-1,-1,-1,10,E01031640,0,-1
2021332100039,2021,332100039,2,9,0,3,3,7,3,0,0,1,0,0,0,0,2,1,6,6,3,-1,-1,-1,-1,-1,-1,-1,-1,0,-1
2021041090398,2021,041090398,2,1,0,18,19,6,2,0,0,1,0,0,0,0,1,1,6,6,1,49,8,-1,-1,-1,-1,9,E01024956,0,-1
2021451052646,2021,451052646,3,98,0,2,2,0,0,0,0,0,0,0,0,0,3,1,6,6,3,-1,-1,-1,-1,-1,-1,-1,-1,0,-1
2021471025402,2021,471025402,1,9,0,7,7,4,7,0,0,6,0,0,0,0,3,1,6,6,2,-1,-1,-1,-1,-1,-1,-1,-1,0,-1
2021010351528,2021,010351528,1,1,9,99,99,9,9,99,99,9,9,99,9,99,9,1,6,6,1,56,9,-1,-1,-1,-1,4,E01003282,0,-1
2021461078470,2021,461078470,1,2,0,18,19,3,7,0,0,0,1,0,0,0,1,1,5,6,1,20,4,-1,-1,-1,-1,3,E01024092,0,-1
202160Z009066,2021,60Z009066,1,9,0,18,19,4,8,0,0,0,1,0,7,9,1,1,1,1,2,53,8,-1,-1,-1,-1,-1,-1,0,-1
2021010318426,2021,010318426,1,1,9,99,99,9,9,99,99,9,9,99,9,99,9,1,6,6,1,34,6,-1,-1,-1,-1,3,E01000335,0,-1
2021522201516,2021,522201516,2,9,0,18,19,2,5,0,0,0,0,0,0,0,4,1,6,6,3,-1,-1,-1,-1,-1,-1,-1,-1,0,-1
2021501100201,2021,501100201,1,9,0,9,9,3,1,0,0,6,0,0,0,0,1,1,6,6,3,-1,-1,-1,-1,-1,-1,-1,-1,0,-1
2021451084159,2021,451084159,1,1,0,18,19,1,3,0,0,8,0,0,0,0,0,1,5,6,2,21,5,-1,-1,-1,-1,9,E01003473,0,-1
2021010302717,2021,010302717,2,1,0,18,19,1,5,0,0,2,0,11,0,0,1,1,2,2,1,25,5,-1,-1,-1,-1,2,E01004308,0,-1
2021010316411,2021,010316411,2,1,0,9,9,7,5,0,0,8,0,0,0,0,1,1,6,6,2,31,6,-1,-1,-1,-1,4,E01001974,0,-1
2021010320665,2021,010320665,1,3,0,99,99,9,9,99,99,9,9,99,9,99,9,9,6,6,3,-1,-1,-1,-1,-1,-1,-1,-1,0,-1
2021052101963,2021,052101963,1,90,0,18,19,7,3,0,0,0,0,0,0,0,1,1,6,6,3,-1,-1,-1,-1,-1,-1,-1,-1,0,-1
2021332101560,2021,332101560,2,9,0,18,19,1,5,0,0,0,0,0,0,0,1,1,6,6,2,32,6,-1,-1,-1,-1,-1,-1,0,-1
2021546890221,2021,546890221,1,9,0,1,1,1,5,0,0,0,0,0,0,0,2,1,6,6,3,-1,-1,-1,-1,-1,-1,-1,-1,0,-1
2021411017342,2021,411017342,2,1,0,18,19,7,3,0,0,8,0,0,0,0,1,1,6,6,1,19,4,-1,-1,-1,-1,6,E01023518,0,-1
2021041069535,2021,041069535,2,1,0,18,19,3,1,0,0,1,0,0,0,0,2,1,6,6,2,40,7,-1,-1,-1,-1,10,E01025255,0,-1
2021052101785,2021,052101785,2,1,0,18,19,6,2,0,0,0,0,0,0,0,2,1,6,6,1,12,3,-1,-1,-1,-1,5,E01006420,0,-1
2021141096533,2021,141096533,1,97,0,4,4,7,3,0,0,0,0,0,0,0,0,1,6,6,1,37,7,-1,-1,-1,-1,3,E01007447,0,-1
2021010325672,2021,010325672,1,1,9,99,99,9,9,99,99,9,9,99,9,99,9,1,6,6,1,46,8,-1,-1,-1,-1,6,E01001235,0,-1
202131B016521,2021,31B016521,2,19,0,18,19,5,1,0,0,8,0,0,0,0,4,1,1,1,1,36,7,-1,-1,-1,-1,4,E01028335,0,-1
202163D077821,2021,63D077821,1,9,0,16,19,8,3,0,0,8,0,0,0,0,1,1,6,6,3,-1,-1,-1,-1,-1,-1,-1,-1,0,-1
2021461037009,2021,461037009,2,1,0,18,19,7,3,0,0,1,0,0,0,0,1,1,6,6,1,18,4,-1,-1,-1,-1,7,E01024317,0,-1
2021991059886,2021,991059886,2,1,0,17,19,3,4,0,0,1,1,0,0,0,1,1,5,6,2,31,6,-1,-1,-1,-1,7,-1,0,-1
2021461030218,2021,461030218,2,9,0,2,2,0,0,9,9,0,0,0,1,0,2,1,6,6,3,63,9,-1,-1,-1,-1,-1,-1,0,-1
2021010319642,2021,010319642,1,1,9,99,99,9,9,99,99,9,9,99,9,99,9,1,6,6,3,39,7,-1,-1,-1,-1,3,E01004317,0,-1
20211382E1011,2021,1382E1011,1,11,0,18,19,8,4,0,0,0,0,0,0,0,1,1,1,1,3,-1,-1,-1,-1,-1,-1,-1,-1,0,-1
2021010329808,2021,010329808,2,4,0,99,99,9,9,99,99,9,9,99,9,99,9,1,6,6,3,-1,-1,-1,-1,-1,-1,-1,-1,0,-1
2021131037052,2021,131037052,2,20,0,9,9,1,5,0,0,1,0,11,0,0,4,1,6,6,1,29,6,-1,-1,-1,-1,2,E01011259,0,-1
2021332100030,2021,332100030,2,1,0,18,19,1,5,0,0,8,0,0,0,0,1,1,6,6,1,41,7,-1,-1,-1,-1,1,E01013677,0,-1
2021010321590,2021,010321590,2,1,0,18,19,5,1,0,0,1,0,0,0,0,1,1,6,6,1,16,4,-1,-1,-1,-1,6,E01003366,0,-1
2021471054386,2021,471054386,2,1,0,18,19,7,3,0,0,1,0,0,0,0,4,1,6,6,1,-1,-1,-1,-1,-1,-1,-1,-1,0,-1
2021010324094,2021,010324094,1,1,9,99,99,9,9,99,99,9,9,99,9,99,1,1,6,6,1,32,6,-1,-1,-1,-1,2,E01033726,0,-1
2021061043803,2021,061043803,1,9,0,14,14,4,8,0,0,1,0,0,0,0,4,1,5,6,3,30,6,-1,-1,-1,-1,-1,-1,0,-1
2021131086370,2021,131086370,1,98,0,-1,-1,-1,-1,-1,-1,-1,-1,-1,-1,-1,-1,1,6,6,3,-1,-1,-1,-1,-1,-1,-1,-1,0,-1
2021010294669,2021,010294669,2,3,0,7,7,6,7,0,0,1,0,0,0,0,3,1,6,6,1,-1,-1,-1,-1,-1,-1,3,E01004344,0,-1
202134NNC2541,2021,34NNC2541,1,-1,0,18,19,5,1,9,9,0,0,0,0,0,0,1,6,6,1,61,9,-1,-1,-1,-1,4,E01027336,1,-1
202131C155921,2021,31C155921,1,11,0,18,19,4,8,0,0,8,0,0,0,0,1,1,1,1,1,48,8,-1,-1,-1,-1,10,E01028139,0,-1
2021430254954,2021,430254954,1,20,0,7,7,5,7,0,0,5,0,0,0,0,4,1,1,1,1,35,6,-1,-1,-1,-1,5,E01017907,0,-1
2021010289330,2021,010289330,1,1,9,99,99,9,9,99,99,2,9,99,9,99,9,1,6,6,3,25,5,-1,-1,-1,-1,2,E01003128,0,-1
2021471018791,2021,471018791,2,1,0,18,19,5,1,0,0,8,0,0,0,0,4,1,6,6,1,17,4,-1,-1,-1,-1,4,E01031810,0,-1
2021070206756,2021,070206756,2,1,0,18,19,6,2,0,0,4,0,0,0,0,3,1,6,6,1,41,7,-1,-1,-1,-1,2,E01006449,0,-1
2021361078339,2021,361078339,2,9,0,18,19,4,8,0,0,0,0,0,0,0,3,1,6,6,1,-1,-1,-1,-1,-1,-1,-1,-1,0,-1
2021302102023,2021,302102023,2,1,0,18,19,6,2,0,0,0,0,0,0,0,1,1,6,6,1,62,9,-1,-1,-1,-1,1,E01013573,0,-1
2021421066409,2021,421066409,2,9,0,17,19,3,8,0,0,0,0,0,0,0,3,1,2,2,1,35,6,-1,-1,-1,-1,8,E01015913,0,-1
2021201138266,2021,201138266,1,9,0,3,3,8,4,0,0,1,0,0,0,0,2,1,6,6,2,21,5,-1,-1,-1,-1,2,E01010531,0,-1
2021031085217,2021,031085217,2,1,0,18,19,5,1,0,0,0,0,0,0,0,3,1,2,2,1,30,6,-1,-1,-1,-1,3,E01019187,0,-1
2021010335241,2021,010335241,1,9,0,9,9,7,5,0,0,2,0,0,0,0,4,1,6,6,1,57,9,-1,-1,-1,-1,5,E01001350,0,-1
2021010322585,2021,010322585,1,1,9,99,99,9,9,99,99,9,9,0,9,0,1,1,6,6,1,36,7,-1,-1,-1,-1,9,E01032563,0,-1
2021010333891,2021,010333891,5,9,0,13,13,3,7,0,0,0,0,0,0,0,0,1,6,6,3,-1,-1,-1,-1,-1,-1,-1,-1,0,-1
2021010302682,2021,010302682,1,1,0,99,99,9,9,0,0,0,0,0,0,0,1,1,6,6,2,36,7,-1,-1,-1,-1,3,E01002726,0,-1
2021010350757,2021,010350757,1,1,9,99,99,9,9,99,99,9,9,99,9,99,9,1,6,6,3,33,6,-1,-1,-1,-1,6,E01030363,0,-1
2021461017556,2021,461017556,1,9,0,9,9,5,1,0,0,1,0,0,0,0,1,1,6,6,3,-1,-1,-1,-1,-1,-1,-1,-1,0,-1
2021010318913,2021,010318913,1,1,9,99,99,9,9,99,99,9,9,99,9,99,9,1,6,6,1,23,5,-1,-1,-1,-1,3,E01003519,0,-1
2021010319684,2021,010319684,2,1,0,17,19,1,5,0,0,1,5,0,0,0,1,1,6,6,1,33,6,-1,-1,-1,-1,3,E01003171,0,-1
2021201108628,2021,201108628,2,1,0,18,19,5,1,0,0,8,0,0,0,0,3,1,6,6,1,30,6,-1,-1,-1,-1,1,E01032313,0,-1
2021610041021,2021,610041021,1,9,0,8,8,3,7,0,0,4,0,0,0,0,4,1,2,2,1,36,7,-1,-1,-1,-1,-1,-1,0,-1
2021010298338,2021,010298338,2,1,0,18,19,5,1,4,4,1,0,10,0,0,3,1,6,6,1,40,7,-1,-1,-1,-1,6,E01002968,0,-1
2021201119692,2021,201119692,2,23,0,5,5,7,3,0,0,1,0,0,0,0,1,1,1,1,1,45,7,-1,-1,-1,-1,1,E01033628,0,-1
2021421118498,2021,421118498,2,9,4,18,19,5,1,0,0,1,0,0,0,0,1,1,6,6,1,33,6,-1,-1,-1,-1,9,E01015857,0,-1
202160Z172049,2021,60Z172049,1,9,0,18,19,5,1,0,0,1,0,0,0,0,1,1,6,6,1,83,11,-1,-1,-1,-1,-1,-1,0,-1
2021141069346,2021,141069346,2,9,0,15,15,2,6,0,0,1,0,0,0,0,4,1,6,6,3,-1,-1,-1,-1,-1,-1,-1,-1,0,-1
2021010342061,2021,010342061,1,9,0,99,99,9,9,99,99,9,9,99,9,99,1,9,6,6,3,-1,-1,-1,-1,-1,-1,-1,-1,0,-1
2021610061121,2021,610061121,1,9,0,18,19,3,7,0,0,0,1,0,2,7,4,1,2,2,1,33,6,-1,-1,-1,-1,-1,-1,0,-1
2021430133704,2021,430133704,1,9,0,14,14,8,4,0,0,0,0,0,0,0,1,1,1,1,2,51,8,-1,-1,-1,-1,9,E01028572,0,-1
2021010292833,2021,010292833,3,90,9,99,99,9,9,99,99,9,9,99,9,99,9,9,6,6,3,-1,-1,-1,-1,-1,-1,-1,-1,0,-1
2021351129449,2021,351129449,1,9,0,9,9,2,7,0,0,1,0,0,0,0,4,1,5,6,1,42,7,-1,-1,-1,-1,4,E01018077,0,-1
2021221100846,2021,221100846,2,1,0,18,19,5,1,0,0,8,0,0,0,0,3,1,4,7,1,15,3,-1,-1,-1,-1,1,E01014110,0,-1
2021170S20551,2021,170S20551,1,1,0,9,9,1,6,0,0,8,0,0,0,0,1,1,6,6,1,15,3,-1,-1,-1,-1,8,E01012212,0,-1
2021052100435,2021,052100435,1,1,0,18,19,5,1,0,0,8,0,0,0,0,3,1,6,6,1,16,4,-1,-1,-1,-1,2,E01007130,0,-1
2021010288748,2021,010288748,2,9,9,99,99,9,9,99,99,9,9,99,9,99,9,1,6,6,3,-1,-1,-1,-1,-1,-1,-1,-1,0,-1
2021201141352,2021,201141352,2,1,0,18,19,8,2,0,0,5,0,0,0,0,4,1,6,6,2,-1,-1,-1,-1,-1,-1,1,E01009019,0,-1
2021061109567,2021,061109567,1,1,0,18,19,5,1,0,0,8,0,0,0,0,2,1,4,7,2,22,5,-1,-1,-1,-1,3,E01005208,0,-1
2021052101345,2021,052101345,1,9,0,18,19,2,6,0,0,0,0,0,0,0,3,1,6,6,2,41,7,-1,-1,-1,-1,7,E01007192,0,-1
2021201054308,2021,201054308,2,1,0,7,7,-1,-1,8,6,7,0,0,0,0,1,1,6,6,1,35,6,-1,-1,-1,-1,5,E01008975,0,-1
2021520103300,2021,520103300,3,9,0,18,19,2,6,0,0,0,0,0,0,0,1,1,6,6,1,30,6,-1,-1,-1,-1,-1,-1,0,-1
2021010317948,2021,010317948,1,9,0,14,14,1,5,0,0,1,0,0,0,0,1,1,6,6,1,-1,-1,-1,-1,-1,-1,-1,-1,0,-1
2021010292456,2021,010292456,1,1,9,99,99,9,9,99,99,9,9,99,9,99,9,1,6,6,1,19,4,-1,-1,-1,-1,2,E01004615,0,-1
2021131077045,2021,131077045,2,5,0,18,19,8,4,0,0,0,0,0,0,0,1,1,5,6,1,56,9,-1,-1,-1,-1,7,E01011013,0,-1
2021332100586,2021,332100586,1,9,0,9,9,7,5,0,0,6,0,0,0,0,3,1,6,6,1,41,7,-1,-1,-1,-1,2,E01013654,0,-1
2021501016922,2021,501016922,1,9,0,18,19,1,5,0,0,0,0,0,0,0,4,1,1,1,1,22,5,-1,-1,-1,-1,3,E01015041,0,-1
2021440268399,2021,440268399,1,9,0,18,19,7,3,0,0,8,0,0,1,7,1,1,6,6,1,35,6,-1,-1,-1,-1,3,E01025822,0,-1
2021430330427,2021,430330427,2,1,0,18,19,8,4,0,0,8,0,0,0,0,2,1,6,6,1,12,3,-1,-1,-1,-1,10,E01016316,0,-1
2021131124252,2021,131124252,2,1,0,18,19,1,5,0,0,0,0,0,0,0,1,1,5,6,1,51,8,-1,-1,-1,-1,1,E01010680,0,-1
2021451015447,2021,451015447,1,11,0,18,19,1,5,0,0,2,0,0,0,0,0,1,6,6,3,33,6,-1,-1,-1,-1,-1,-1,0,-1
202106K078959,2021,06K078959,1,9,0,18,19,8,4,0,0,1,0,0,0,0,1,1,6,6,1,20,4,-1,-1,-1,-1,8,E01024973,0,-1
202160Z076331,2021,60Z076331,2,9,0,4,4,3,7,0,0,0,0,0,0,0,1,1,6,6,1,21,5,-1,-1,-1,-1,-1,-1,0,-1
2021131046126,2021,131046126,1,9,0,18,19,6,2,0,0,0,0,0,0,0,-1,1,6,6,3,-1,-1,-1,-1,-1,-1,-1,-1,0,-1
2021221018293,2021,221018293,1,9,0,9,9,1,7,0,0,5,0,0,0,0,1,1,5,6,1,41,7,-1,-1,-1,-1,9,E01032467,0,-1
2021161136037,2021,161136037,1,9,0,18,19,2,6,0,0,2,0,0,0,0,4,1,6,6,3,-1,-1,-1,-1,-1,-1,-1,-1,0,-1
2021201082699,2021,201082699,1,9,0,18,19,6,2,0,0,8,0,0,0,0,1,1,6,6,3,-1,-1,-1,-1,-1,-1,-1,-1,0,-1
2021421051868,2021,421051868,2,1,0,18,19,1,5,0,0,0,0,0,0,0,1,1,6,6,2,36,7,-1,-1,-1,-1,3,E01016012,0,-1
2021421014333,2021,421014333,1,21,0,12,12,7,3,0,0,0,0,0,0,0,3,1,1,1,1,32,6,-1,-1,-1,-1,-1,-1,0,-1
202160Z170056,2021,60Z170056,2,9,0,4,4,4,8,0,0,5,0,0,1,10,2,1,6,6,2,34,6,-1,-1,-1,-1,-1,-1,0,-1
2021041141649,2021,041141649,1,9,0,18,19,1,5,0,0,1,0,0,0,0,-1,1,6,6,3,-1,-1,-1,-1,-1,-1,-1,-1,0,-1
2021201127060,2021,201127060,1,9,0,5,5,2,6,0,0,8,0,0,0,0,3,1,1,1,1,47,8,-1,-1,-1,-1,8,E01010487,0,-1
2021451083009,2021,451083009,2,9,0,5,5,3,1,0,0,2,0,0,0,0,1,1,6,6,1,45,7,-1,-1,-1,-1,-1,-1,0,-1
2021471096105,2021,471096105,2,1,0,18,19,5,1,0,0,8,0,0,0,0,4,1,6,6,1,63,9,-1,-1,-1,-1,10,E01031689,0,-1
2021010328813,2021,010328813,1,1,9,99,99,9,9,99,99,0,9,99,9,99,9,1,2,2,2,25,5,-1,-1,-1,-1,4,E01003913,0,-1
2021010309211,2021,010309211,2,9,0,99,99,9,9,99,99,9,9,99,9,99,4,9,6,6,3,-1,-1,-1,-1,-1,-1,1,E01004309,0,-1