collision_index,collision_year,collision_ref_no,vehicle_reference,vehicle_type,towing_and_articulation,vehicle_manoeuvre_historic,vehicle_manoeuvre,vehicle_direction_from,vehicle_direction_to,vehicle_location_restricted_lane_historic,vehicle_location_restricted_lane,junction_location,skidding_and_overturning,hit_object_in_carriageway,vehicle_leaving_carriageway,hit_object_off_carriageway,first_point_of_impact,vehicle_left_hand_drive,journey_purpose_of_driver_historic,journey_purpose_of_driver,sex_of_driver,age_of_driver,age_band_of_driver,engine_capacity_cc,propulsion_code,age_of_vehicle,generic_make_model,driver_imd_decile,lsoa_of_driver,escooter_flag,driver_distance_banding
2021010310128,2021,010310128,1,1,0,9,9,1,6,0,0,1,0,0,0,0,4,1,1,1,1,20,4,-1,-1,-1,-1,7,E01001871,0,-1
2021522104753,2021,522104753,1,1,0,18,19,1,1,0,0,0,0,0,0,0,0,1,6,6,2,20,4,-1,-1,-1,-1,2,E01014390,0,-1
2021351063821,2021,351063821,1,1,0,18,19,1,4,0,0,1,2,0,0,0,0,1,6,6,1,50,8,-1,-1,-1,-1,8,E01017966,0,-1
2021461073617,2021,461073617,1,9,0,18,19,7,3,0,0,0,0,0,0,0,4,1,6,6,1,-1,-1,-1,-1,-1,-1,-1,-1,0,-1
2021161120611,2021,161120611,1,98,0,16,19,7,3,0,0,3,5,0,1,9,3,1,1,1,1,58,9,-1,-1,-1,-1,1,E01013220,0,-1
202131B063521,2021,31B063521,1,9,0,18,19,8,4,0,0,3,0,0,0,0,1,1,6,6,3,-1,-1,-1,-1,-1,-1,-1,-1,0,-1
2021122100946,2021,122100946,1,1,0,9,9,4,2,0,0,8,1,0,0,0,3,1,6,6,2,26,6,-1,-1,-1,-1,3,E01013386,0,-1
2021471025287,2021,471025287,2,1,0,18,19,5,1,0,0,8,0,0,0,0,4,1,2,2,1,38,7,-1,-1,-1,-1,5,E01016971,0,-1
2021010349429,2021,010349429,1,-1,0,18,19,5,1,0,0,0,0,0,0,0,1,1,6,6,1,29,6,-1,-1,-1,-1,7,E01000849,1,-1
2021332100029,2021,332100029,3,19,0,18,19,6,2,0,0,0,0,10,1,0,3,1,1,1,1,28,6,-1,-1,-1,-1,1,E01013691,0,-1
2021201061573,2021,201061573,2,1,0,5,5,3,7,0,0,0,0,0,0,0,2,1,6,6,1,40,7,-1,-1,-1,-1,3,E01010044,0,-1
2021471018005,2021,471018005,2,9,0,7,7,5,8,0,0,8,0,0,0,0,0,1,6,6,2,46,8,-1,-1,-1,-1,10,E01031774,0,-1
2021421103641,2021,421103641,2,21,1,18,19,4,8,0,0,0,0,0,0,0,3,1,1,1,1,43,7,-1,-1,-1,-1,-1,-1,0,-1
2021332100179,2021,332100179,1,9,0,18,19,2,6,0,0,8,0,0,0,0,0,1,6,6,3,-1,-1,-1,-1,-1,-1,-1,-1,0,-1
2021622100846,2021,622100846,1,9,0,18,19,4,8,0,0,0,1,0,0,0,1,1,6,6,1,25,5,-1,-1,-1,-1,5,W01001143,0,-1
2021010297251,2021,010297251,2,19,9,9,9,5,3,99,99,9,9,0,0,0,3,1,6,6,3,-1,-1,-1,-1,-1,-1,-1,-1,0,-1
2021332100113,2021,332100113,1,9,0,18,19,8,4,0,0,0,0,0,1,9,1,1,6,6,2,56,9,-1,-1,-1,-1,9,E01025779,0,-1
2021061087588,2021,061087588,2,-1,0,7,7,2,3,0,0,8,0,0,0,0,1,1,6,6,3,30,6,-1,-1,-1,-1,-1,-1,0,-1
202160Z109028,2021,60Z109028,2,9,0,13,13,7,3,0,0,0,2,0,1,0,1,1,1,1,2,28,6,-1,-1,-1,-1,-1,-1,0,-1
2021010337172,2021,010337172,2,1,0,18,19,6,2,0,0,8,0,0,0,0,2,1,2,2,2,23,5,-1,-1,-1,-1,2,E01001202,0,-1
2021161108038,2021,161108038,2,1,0,18,19,1,5,0,0,8,0,0,0,0,1,1,6,6,1,52,8,-1,-1,-1,-1,-1,-1,0,-1
2021332100896,2021,332100896,1,9,0,18,19,6,2,0,0,1,0,0,1,11,1,1,6,6,2,29,6,-1,-1,-1,-1,3,E01025943,0,-1
2021010290318,2021,010290318,1,1,9,99,99,9,9,99,99,9,9,99,9,99,1,1,6,6,1,35,6,-1,-1,-1,-1,4,E01004049,0,-1
2021052102089,2021,052102089,1,9,0,18,19,7,3,0,0,8,0,0,0,0,1,1,6,6,3,-1,-1,-1,-1,-1,-1,-1,-1,0,-1
2021522104513,2021,522104513,2,1,0,-1,-1,-1,-1,0,0,4,0,0,0,0,1,1,6,6,1,55,8,-1,-1,-1,-1,10,E01014424,0,-1
2021101014747,2021,101014747,1,9,-1,18,19,4,7,0,0,0,0,0,0,0,1,1,6,6,1,81,11,-1,-1,-1,-1,8,E01008372,0,-1
2021170S10521,2021,170S10521,2,1,0,17,19,6,4,0,0,8,0,0,0,0,1,1,6,6,1,42,7,-1,-1,-1,-1,3,E01015166,0,-1
2021010302503,2021,010302503,2,1,9,99,99,9,9,99,99,9,9,99,9,99,9,1,6,6,1,-1,-1,-1,-1,-1,-1,-1,-1,0,-1
2021010310702,2021,010310702,2,1,0,13,13,5,1,0,0,1,0,0,0,0,1,1,6,6,1,28,6,-1,-1,-1,-1,3,E01002047,0,-1
2021531069783,2021,531069783,2,1,0,18,19,5,1,0,0,0,0,4,0,0,1,1,6,6,1,40,7,-1,-1,-1,-1,2,E01022133,0,-1
2021471042603,2021,471042603,2,1,0,18,19,3,7,0,0,8,0,0,0,0,3,1,5,6,1,16,4,-1,-1,-1,-1,4,E01031596,0,-1
202163B003721,2021,63B003721,1,9,0,17,19,6,3,0,0,1,0,0,0,0,3,1,6,6,2,51,8,-1,-1,-1,-1,7,W01001937,0,-1
2021010351108,2021,010351108,2,1,0,18,19,3,7,0,0,8,0,0,0,0,1,1,6,6,1,76,11,-1,-1,-1,-1,2,E01003930,0,-1
2021010334419,2021,010334419,1,1,9,99,99,9,9,99,99,9,9,99,9,99,1,1,2,2,2,26,6,-1,-1,-1,-1,3,E01000640,0,-1
202134WNC7131,2021,34WNC7131,3,9,0,3,3,5,1,0,0,0,0,0,0,0,2,1,6,6,1,71,10,-1,-1,-1,-1,8,E01027296,0,-1
2021451057332,2021,451057332,2,1,0,17,19,1,5,0,0,2,0,0,0,0,3,1,2,2,1,59,9,-1,-1,-1,-1,5,E01030743,0,-1
202131D190621,2021,31D190621,2,1,0,18,19,4,8,0,0,8,0,0,0,0,1,1,2,2,1,48,8,-1,-1,-1,-1,9,E01028070,0,-1
2021101073661,2021,101073661,2,1,-1,18,19,6,2,0,0,0,0,0,0,0,1,1,5,6,1,64,9,-1,-1,-1,-1,-1,-1,0,-1
2021421074527,2021,421074527,1,9,0,13,13,4,8,0,0,1,0,0,0,0,4,1,6,6,3,-1,-1,-1,-1,-1,-1,-1,-1,0,-1
2021501051661,2021,501051661,1,-1,0,4,4,3,5,0,0,8,0,0,0,0,1,1,5,6,1,16,4,-1,-1,-1,-1,2,E01015086,1,-1
2021201077372,2021,201077372,1,98,0,17,19,2,8,0,0,0,0,0,0,0,2,1,6,6,3,-1,-1,-1,-1,-1,-1,-1,-1,0,-1
2021010297390,2021,010297390,1,1,9,18,19,3,7,99,99,9,9,99,9,99,4,1,6,6,1,21,5,-1,-1,-1,-1,2,E01002316,0,-1
2021501040073,2021,501040073,2,9,0,9,9,5,1,0,0,8,0,0,0,0,-1,1,6,6,3,-1,-1,-1,-1,-1,-1,-1,-1,0,-1
2021610002821,2021,610002821,3,8,0,17,19,1,6,0,0,1,0,0,0,0,4,1,1,1,1,54,8,-1,-1,-1,-1,-1,-1,0,-1
2021010338831,2021,010338831,3,9,0,4,4,5,1,0,0,0,0,0,0,0,1,1,1,1,1,35,6,-1,-1,-1,-1,8,E01030529,0,-1
2021010320237,2021,010320237,2,9,0,99,99,9,9,99,99,9,9,99,9,99,9,9,6,6,3,-1,-1,-1,-1,-1,-1,-1,-1,0,-1
202106L080143,2021,06L080143,1,1,0,18,19,2,6,0,0,0,0,0,0,0,4,1,6,6,1,32,6,-1,-1,-1,-1,1,E01006327,0,-1
2021461079852,2021,461079852,2,9,0,18,19,7,3,0,0,8,0,0,0,0,1,1,6,6,1,-1,-1,-1,-1,-1,-1,3,E01024688,0,-1
202134WNC7391,2021,34WNC7391,1,9,0,7,7,1,2,0,0,6,0,0,0,0,1,1,6,6,3,-1,-1,-1,-1,-1,-1,-1,-1,0,-1
2021991070379,2021,991070379,2,1,0,9,9,7,5,0,0,3,0,0,0,0,4,1,2,2,2,52,8,-1,-1,-1,-1,-1,-1,0,-1
2021622100658,2021,622100658,2,1,0,18,19,2,6,0,0,8,0,0,0,0,4,1,6,6,1,58,9,-1,-1,-1,-1,3,W01001153,0,-1
2021122100250,2021,122100250,2,1,0,18,19,4,8,0,0,8,0,0,0,0,4,1,1,1,1,33,6,-1,-1,-1,-1,2,E01010716,0,-1
2021010314790,2021,010314790,2,9,0,4,4,7,3,0,0,0,0,0,0,0,1,1,6,6,1,39,7,-1,-1,-1,-1,4,E01004682,0,-1
202160Z139208,2021,60Z139208,2,1,0,17,19,5,1,9,9,1,0,0,0,0,1,1,6,6,2,35,6,-1,-1,-1,-1,-1,-1,0,-1
2021010319319,2021,010319319,2,1,0,7,7,6,1,0,0,4,0,0,0,0,1,1,6,6,1,12,3,-1,-1,-1,-1,2,E01003309,0,-1
2021201125720,2021,201125720,2,1,0,18,19,6,2,4,4,8,0,0,0,0,3,1,1,1,2,23,5,-1,-1,-1,-1,4,E01009167,0,-1
2021111028433,2021,111028433,2,9,0,18,19,7,7,0,0,1,0,0,0,0,1,1,6,6,2,22,5,-1,-1,-1,-1,-1,-1,0,-1
2021320308296,2021,320308296,1,1,0,18,19,4,2,0,0,2,0,0,0,0,3,1,1,1,1,32,6,-1,-1,-1,-1,1,E01026176,0,-1
2021332100469,2021,332100469,2,8,0,18,19,5,1,0,0,1,0,0,1,4,3,1,1,1,1,49,8,-1,-1,-1,-1,4,E01032862,0,-1
2021070789703,2021,070789703,1,1,0,18,19,2,6,0,0,0,0,4,0,0,1,1,6,6,1,49,8,-1,-1,-1,-1,8,E01006194,0,-1
2021122101347,2021,122101347,1,1,0,18,19,1,5,0,0,1,0,0,0,0,0,1,6,6,3,-1,-1,-1,-1,-1,-1,-1,-1,0,-1
2021010345729,2021,010345729,2,9,9,18,19,3,7,0,0,1,9,0,0,0,4,9,6,6,1,-1,-1,-1,-1,-1,-1,-1,-1,0,-1
2021010309210,2021,010309210,1,-1,0,18,19,1,5,9,9,1,0,0,0,0,1,1,4,7,1,15,3,-1,-1,-1,-1,4,E01003077,1,-1
2021010351022,2021,010351022,1,1,0,99,99,9,9,99,99,9,9,99,9,99,9,1,6,6,1,35,6,-1,-1,-1,-1,5,E01003260,0,-1
2021481114472,2021,481114472,1,1,0,11,11,3,6,0,0,8,0,0,0,0,4,1,2,2,1,30,6,-1,-1,-1,-1,-1,-1,0,-1
202160Z034382,2021,60Z034382,2,5,0,18,19,8,4,0,0,1,2,0,0,0,1,1,6,6,1,56,9,-1,-1,-1,-1,-1,-1,0,-1
2021430275188,2021,430275188,2,3,0,4,4,6,2,0,0,1,0,0,0,0,3,1,6,6,1,43,7,-1,-1,-1,-1,10,E01017745,0,-1
2021201067406,2021,201067406,1,1,0,18,19,2,6,0,0,8,0,0,0,0,4,1,2,2,1,50,8,-1,-1,-1,-1,1,E01009192,0,-1
2021201146037,2021,201146037,1,9,0,18,19,5,1,0,0,0,0,0,0,0,1,1,6,6,3,-1,-1,-1,-1,-1,-1,-1,-1,0,-1
2021170M11541,2021,170M11541,2,1,0,18,19,4,8,0,0,6,0,0,0,0,1,1,6,6,1,14,3,-1,-1,-1,-1,6,E01032560,0,-1
202160Z133948,2021,60Z133948,2,9,0,4,4,2,6,0,0,4,0,9,3,3,2,1,6,6,1,74,10,-1,-1,-1,-1,-1,-1,0,-1
2021061069176,2021,061069176,2,1,0,18,19,1,5,0,0,8,0,0,0,0,1,1,6,6,1,29,6,-1,-1,-1,-1,1,E01005613,0,-1
2021430113956,2021,430113956,2,9,0,4,4,5,1,0,0,4,0,0,0,0,2,1,6,6,1,-1,-1,-1,-1,-1,-1,-1,-1,0,-1
2021170H11091,2021,170H11091,2,9,0,18,19,1,5,0,0,0,0,0,0,0,1,1,6,6,1,40,7,-1,-1,-1,-1,1,E01012068,0,-1
2021201017519,2021,201017519,1,9,0,5,5,6,2,9,9,0,0,0,0,0,1,1,6,6,3,-1,-1,-1,-1,-1,-1,-1,-1,0,-1
2021010324167,2021,010324167,2,-1,9,99,99,9,9,0,0,9,0,0,0,0,9,9,6,6,1,16,4,-1,-1,-1,-1,2,E01004392,1,-1
2021131116962,2021,131116962,1,9,0,18,19,5,1,0,0,8,0,0,0,0,-1,1,6,6,3,-1,-1,-1,-1,-1,-1,-1,-1,0,-1
2021010334260,2021,010334260,1,1,0,3,3,3,7,0,0,8,0,0,0,0,3,1,2,2,1,36,7,-1,-1,-1,-1,2,E01004036,0,-1
2021610032721,2021,610032721,2,9,0,9,9,3,1,0,0,1,0,0,0,0,3,1,6,6,1,-1,-1,-1,-1,-1,-1,-1,-1,0,-1
202134WNC7551,2021,34WNC7551,2,1,0,18,19,7,3,0,0,8,0,0,0,0,3,1,6,6,1,23,5,-1,-1,-1,-1,2,E01027229,0,-1
2021131040567,2021,131040567,1,11,0,18,19,-1,-1,0,0,8,0,0,0,0,0,1,6,6,3,30,6,-1,-1,-1,-1,-1,-1,0,-1
2021440000449,2021,440000449,2,9,0,2,2,0,0,0,0,0,0,0,0,0,4,1,6,6,1,49,8,-1,-1,-1,-1,2,E01017076,0,-1
2021010304515,2021,010304515,1,1,9,99,99,9,9,99,99,9,9,99,9,99,0,1,2,2,1,45,7,-1,-1,-1,-1,3,E01015973,0,-1
2021170M20571,2021,170M20571,1,9,0,18,19,5,1,0,0,0,0,0,0,0,1,1,6,6,1,-1,-1,-1,-1,-1,-1,-1,-1,0,-1
202134NNC0531,2021,34NNC0531,2,1,0,12,12,2,6,0,0,8,0,0,0,0,3,1,6,6,1,15,3,-1,-1,-1,-1,-1,-1,0,-1
2021371121076,2021,371121076,2,1,0,18,19,3,7,0,0,0,5,0,0,0,1,1,5,6,2,34,6,-1,-1,-1,-1,6,E01029930,0,-1
2021010297860,2021,010297860,1,1,9,99,99,9,9,99,99,0,9,99,9,99,1,1,6,6,1,28,6,-1,-1,-1,-1,6,E01003367,0,-1
2021520103405,2021,520103405,2,1,0,18,19,8,4,0,0,8,0,0,0,0,1,1,6,6,1,51,8,-1,-1,-1,-1,4,E01029119,0,-1
2021010338167,2021,010338167,1,9,0,18,19,5,1,0,0,8,0,0,0,0,4,1,6,6,3,21,5,-1,-1,-1,-1,-1,-1,0,-1
2021471057423,2021,471057423,2,1,0,-1,-1,-1,-1,-1,-1,-1,-1,-1,-1,0,-1,1,6,6,1,25,5,-1,-1,-1,-1,2,E01016949,0,-1
2021430235126,2021,430235126,2,1,0,18,19,2,6,0,0,1,0,0,0,0,3,1,6,6,1,41,7,-1,-1,-1,-1,-1,-1,0,-1
2021501021685,2021,501021685,2,1,0,18,19,6,3,0,0,8,0,0,0,0,4,1,6,6,1,39,7,-1,-1,-1,-1,6,E01018915,0,-1
2021461051310,2021,461051310,1,1,0,18,19,4,8,0,0,0,0,4,0,0,4,1,4,7,1,14,3,-1,-1,-1,-1,2,E01024840,0,-1
2021161061866,2021,161061866,3,9,0,18,19,4,8,0,0,1,0,0,0,0,1,1,2,2,1,52,8,-1,-1,-1,-1,1,E01012875,0,-1
2021332100775,2021,332100775,2,9,0,5,5,2,8,9,9,6,0,0,0,0,3,1,6,6,1,36,7,-1,-1,-1,-1,3,E01013665,0,-1
2021231044139,2021,231044139,2,1,0,3,3,8,4,9,9,0,0,0,0,0,2,1,5,6,1,61,9,-1,-1,-1,-1,8,E01031069,0,-1
2021052102071,2021,052102071,2,1,0,18,19,5,1,0,0,8,0,0,3,0,4,1,2,2,1,23,5,-1,-1,-1,-1,1,E01006778,0,-1
2021010344213,2021,010344213,2,1,0,18,19,5,1,0,0,1,0,4,0,0,1,1,1,1,1,37,7,-1,-1,-1,-1,2,E01001976,0,-1
2021522103695,2021,522103695,1,9,0,18,19,5,1,0,0,8,0,0,0,0,1,1,6,6,3,-1,-1,-1,-1,-1,-1,-1,-1,0,-1
2021440028550,2021,440028550,1,21,0,18,19,2,6,0,0,0,2,0,1,0,4,1,1,1,1,44,7,-1,-1,-1,-1,6,E01032884,0,-1
202160Z046391,2021,60Z046391,1,9,0,13,13,6,2,0,0,2,0,0,0,0,4,1,6,6,2,21,5,-1,-1,-1,-1,-1,-1,0,-1
2021010308898,2021,010308898,4,19,0,18,19,1,5,0,0,2,0,0,0,0,1,1,6,6,1,21,5,-1,-1,-1,-1,-1,-1,0,-1
202160Z143021,2021,60Z143021,1,9,0,17,19,4,8,0,0,0,0,0,1,11,1,1,2,2,1,23,5,-1,-1,-1,-1,-1,-1,0,-1
2021411064145,2021,411064145,1,9,-1,1,1,3,7,0,0,1,0,0,0,0,2,1,6,6,1,-1,-1,-1,-1,-1,-1,-1,-1,0,-1
2021041052337,2021,041052337,2,1,0,18,19,8,4,0,0,0,0,0,0,0,0,1,5,6,1,53,8,-1,-1,-1,-1,7,E01007062,0,-1
2021010292816,2021,010292816,1,9,0,99,99,9,9,99,99,9,9,99,9,99,2,9,6,6,1,58,9,-1,-1,-1,-1,3,E01000638,0,-1
202131B164121,2021,31B164121,2,9,0,18,19,8,4,0,0,8,0,0,1,4,4,1,6,6,1,61,9,-1,-1,-1,-1,6,E01028333,0,-1
2021010340326,2021,010340326,2,9,0,4,4,3,7,0,0,1,0,0,0,0,0,1,6,6,1,-1,-1,-1,-1,-1,-1,-1,-1,0,-1
2021201126022,2021,201126022,2,9,0,18,19,8,4,0,0,2,0,0,0,0,1,1,6,6,3,-1,-1,-1,-1,-1,-1,-1,-1,0,-1
2021471084467,2021,471084467,2,9,0,18,19,5,1,0,0,8,0,0,0,0,4,1,1,1,2,36,7,-1,-1,-1,-1,9,E01030612,0,-1
2021610002821,2021,610002821,2,19,0,17,19,1,6,0,0,1,0,0,0,0,3,1,1,1,1,46,8,-1,-1,-1,-1,-1,-1,0,-1
2021010309712,2021,010309712,2,1,0,9,9,5,2,0,0,5,0,0,0,0,1,1,1,1,1,56,9,-1,-1,-1,-1,2,E01001826,0,-1
202160Z136091,2021,60Z136091,1,9,0,18,19,4,8,0,0,3,0,0,0,0,3,1,6,6,2,35,6,-1,-1,-1,-1,-1,-1,0,-1
2021471021465,2021,471021465,1,-1,0,18,19,5,1,9,9,8,0,0,0,0,1,1,5,6,1,20,4,-1,-1,-1,-1,7,E01031567,1,-1
2021041095221,2021,041095221,1,97,0,18,19,1,5,0,0,0,5,4,0,0,1,1,5,6,1,17,4,-1,-1,-1,-1,2,E01024857,0,-1
2021991085463,2021,991085463,2,19,0,18,19,4,7,0,0,0,0,0,1,0,1,1,6,6,2,49,8,-1,-1,-1,-1,7,-1,0,-1
2021010297692,2021,010297692,1,9,0,18,19,3,7,0,0,0,0,0,0,0,3,1,6,6,3,-1,-1,-1,-1,-1,-1,-1,-1,0,-1
2021010295525,2021,010295525,1,1,9,99,99,9,9,99,99,0,9,99,9,99,9,1,2,2,2,44,7,-1,-1,-1,-1,6,E01030336,0,-1
2021010332311,2021,010332311,2,9,0,99,99,9,9,99,99,9,9,99,9,99,9,9,6,6,1,-1,-1,-1,-1,-1,-1,-1,-1,0,-1
2021501137492,2021,501137492,2,9,0,18,19,2,6,0,0,0,0,0,0,0,1,1,6,6,3,-1,-1,-1,-1,-1,-1,-1,-1,0,-1
2021010306931,2021,010306931,2,1,0,14,14,8,4,0,0,0,0,0,0,0,1,1,6,6,1,53,8,-1,-1,-1,-1,4,E01002866,0,-1
2021010351047,2021,010351047,1,9,0,99,99,9,9,99,99,9,9,99,9,99,9,9,6,6,1,21,5,-1,-1,-1,-1,5,E01002546,0,-1
2021070028045,2021,070028045,1,9,0,7,7,8,3,0,0,3,0,0,0,0,1,1,6,6,1,32,6,-1,-1,-1,-1,2,E01018400,0,-1
2021332100477,2021,332100477,4,9,0,2,2,0,0,0,0,0,0,0,0,0,3,1,6,6,1,66,10,-1,-1,-1,-1,5,E01025823,0,-1
2021010333457,2021,010333457,2,1,0,18,19,3,7,0,0,6,0,0,0,0,1,1,6,6,1,34,6,-1,-1,-1,-1,6,E01002380,0,-1
2021332100604,2021,332100604,2,19,0,18,19,5,1,0,0,0,0,0,0,0,1,1,2,2,1,45,7,-1,-1,-1,-1,3,E01013777,0,-1
2021610018221,2021,610018221,1,9,0,18,19,6,2,2,2,0,0,0,0,0,1,1,6,6,1,38,7,-1,-1,-1,-1,-1,-1,0,-1
2021351072532,2021,351072532,2,1,0,18,19,3,8,0,0,0,0,0,0,0,3,1,5,6,2,31,6,-1,-1,-1,-1,10,E01018249,0,-1
2021041072144,2021,041072144,1,1,0,18,19,3,7,0,0,1,0,0,0,0,1,1,6,6,1,52,8,-1,-1,-1,-1,9,E01024956,0,-1
2021610009121,2021,610009121,2,9,0,18,19,5,1,0,0,4,0,0,0,0,3,1,6,6,2,-1,-1,-1,-1,-1,-1,-1,-1,0,-1
2021201114398,2021,201114398,3,9,0,2,2,0,0,0,0,0,0,0,0,0,3,1,6,6,3,-1,-1,-1,-1,-1,-1,-1,-1,0,-1
2021052102031,2021,052102031,1,9,0,4,4,5,1,0,0,0,0,0,0,0,1,1,6,6,3,-1,-1,-1,-1,-1,-1,-1,-1,0,-1
2021010338591,2021,010338591,1,-1,0,18,19,1,5,9,9,9,9,99,9,99,1,1,6,6,3,-1,-1,-1,-1,-1,-1,-1,-1,1,-1
2021061097035,2021,061097035,2,9,-1,7,7,3,5,0,0,1,0,0,0,0,1,1,6,6,3,30,6,-1,-1,-1,-1,-1,-1,0,-1
2021610003021,2021,610003021,3,9,0,18,19,7,3,0,0,4,0,0,0,0,2,1,2,2,1,52,8,-1,-1,-1,-1,-1,-1,0,-1
2021170M10691,2021,170M10691,2,9,0,12,12,1,7,0,0,7,0,0,0,0,3,1,6,6,3,-1,-1,-1,-1,-1,-1,-1,-1,0,-1
2021522103872,2021,522103872,3,9,0,18,19,2,6,0,0,8,0,0,0,0,1,1,6,6,1,51,8,-1,-1,-1,-1,8,E01029024,0,-1
2021010339022,2021,010339022,2,1,0,18,19,1,5,9,9,1,0,0,0,0,1,1,2,2,1,57,9,-1,-1,-1,-1,10,E01023898,0,-1
2021010320320,2021,010320320,1,1,0,15,15,3,7,9,9,1,0,10,1,10,2,1,6,6,1,27,6,-1,-1,-1,-1,3,E01004063,0,-1
2021501100555,2021,501100555,2,5,0,9,9,4,2,0,0,1,0,0,0,0,3,1,5,6,1,29,6,-1,-1,-1,-1,2,E01015158,0,-1
2021201059213,2021,201059213,2,9,0,9,9,5,4,0,0,6,0,0,0,0,1,1,6,6,3,-1,-1,-1,-1,-1,-1,-1,-1,0,-1
2021461115213,2021,461115213,1,90,0,18,19,0,1,0,0,0,0,0,0,0,1,1,1,1,2,46,8,-1,-1,-1,-1,3,E01016146,0,-1
202134NNC7161,2021,34NNC7161,1,1,0,18,19,3,7,0,0,8,0,0,0,0,3,1,6,6,1,46,8,-1,-1,-1,-1,1,E01026968,0,-1
2021010338566,2021,010338566,2,1,0,5,5,5,1,0,0,1,5,10,1,10,1,1,2,2,1,25,5,-1,-1,-1,-1,4,E01000746,0,-1
2021010304996,2021,010304996,1,3,0,18,19,1,5,0,0,2,0,0,0,0,1,1,6,6,1,-1,-1,-1,-1,-1,-1,-1,-1,0,-1
2021010302277,2021,010302277,1,1,9,99,99,9,9,99,99,9,9,99,9,99,1,1,6,6,3,-1,-1,-1,-1,-1,-1,-1,-1,0,-1
2021320331562,2021,320331562,2,1,0,18,19,1,5,0,0,8,0,0,0,0,1,1,6,6,2,7,2,-1,-1,-1,-1,4,E01026256,0,-1
2021610031121,2021,610031121,1,9,0,18,19,1,5,0,0,0,0,0,0,10,1,1,6,6,2,24,5,-1,-1,-1,-1,-1,-1,0,-1
2021461062096,2021,461062096,2,1,0,18,19,3,7,0,0,2,0,0,0,0,0,1,6,6,1,51,8,-1,-1,-1,-1,7,E01024558,0,-1
202106M079613,2021,06M079613,2,1,0,18,19,2,6,0,0,0,0,0,0,0,3,1,2,2,2,35,6,-1,-1,-1,-1,5,E01006180,0,-1
2021010347053,2021,010347053,1,1,9,99,99,9,9,99,99,0,9,99,9,99,9,1,2,2,1,28,6,-1,-1,-1,-1,5,E01003247,0,-1
2021302100377,2021,302100377,3,1,0,4,4,6,2,0,0,2,0,0,0,0,2,1,6,6,1,-1,-1,-1,-1,-1,-1,-1,-1,0,-1
2021610003121,2021,610003121,1,9,0,18,19,5,1,0,0,4,0,0,0,0,1,1,6,6,2,53,8,-1,-1,-1,-1,-1,-1,0,-1
2021401052080,2021,401052080,3,1,0,9,9,1,7,0,0,8,0,0,0,0,1,1,6,6,1,26,6,-1,-1,-1,-1,3,E01016804,0,-1
2021411017046,2021,411017046,2,90,-1,-1,-1,-1,-1,-1,-1,0,-1,-1,-1,0,-1,1,6,6,3,-1,-1,-1,-1,-1,-1,-1,-1,0,-1
2021471026083,2021,471026083,1,9,0,18,19,1,5,0,0,0,0,0,0,0,4,1,6,6,3,-1,-1,-1,-1,-1,-1,-1,-1,0,-1
2021010303686,2021,010303686,2,19,0,13,13,7,3,0,0,1,1,0,4,2,1,2,6,6,1,33,6,-1,-1,-1,-1,-1,-1,0,-1
2021991081871,2021,991081871,1,90,0,16,19,5,8,0,0,0,0,0,0,0,4,1,6,6,3,45,7,-1,-1,-1,-1,-1,-1,0,-1
2021411118862,2021,411118862,1,98,0,9,9,5,1,0,0,8,0,0,0,0,1,1,2,2,1,59,9,-1,-1,-1,-1,4,E01023781,0,-1
2021211076004,2021,211076004,1,9,0,16,19,3,6,0,0,0,1,0,0,0,0,1,6,6,3,-1,-1,-1,-1,-1,-1,-1,-1,0,-1
202160Z141608,2021,60Z141608,1,1,0,18,19,4,8,0,0,0,1,0,0,0,1,1,6,6,1,66,10,-1,-1,-1,-1,-1,-1,0,-1
2021161017105,2021,161017105,1,1,0,18,19,8,4,0,0,8,5,0,0,0,4,1,6,6,1,40,7,-1,-1,-1,-1,3,E01012784,0,-1
2021061096988,2021,061096988,1,9,0,18,19,5,1,0,0,1,0,0,0,0,2,1,1,1,1,36,7,-1,-1,-1,-1,1,E01025049,0,-1
2021010292578,2021,010292578,1,1,9,99,99,9,9,99,99,9,9,99,9,99,9,1,6,6,1,35,6,-1,-1,-1,-1,2,E01004723,0,-1
2021061103315,2021,061103315,2,9,0,18,19,1,5,0,0,0,0,0,0,0,1,1,6,6,3,30,6,-1,-1,-1,-1,-1,-1,0,-1
202163D084721,2021,63D084721,4,1,0,4,4,2,6,0,0,1,0,0,0,0,3,1,6,6,1,61,9,-1,-1,-1,-1,-1,-1,0,-1
2021010309865,2021,010309865,1,9,0,7,7,3,5,0,0,5,0,0,0,0,1,1,6,6,3,-1,-1,-1,-1,-1,-1,-1,-1,0,-1
2021610047121,2021,610047121,1,9,0,7,7,5,8,0,0,1,0,0,0,0,4,1,6,6,1,-1,-1,-1,-1,-1,-1,-1,-1,0,-1
202131C033321,2021,31C033321,1,11,0,18,19,4,8,0,0,0,0,12,0,0,1,1,1,1,2,29,6,-1,-1,-1,-1,5,E01019432,0,-1
2021522101853,2021,522101853,2,9,0,18,19,7,3,0,0,1,0,0,0,0,1,1,6,6,1,38,7,-1,-1,-1,-1,10,E01014717,0,-1
2021010347122,2021,010347122,2,9,0,18,19,8,4,0,0,1,0,0,0,0,1,1,6,6,3,-1,-1,-1,-1,-1,-1,-1,-1,0,-1
2021010316539,2021,010316539,2,1,0,18,19,6,2,0,0,8,0,0,0,0,1,1,2,2,1,51,8,-1,-1,-1,-1,6,E01002933,0,-1
2021041059451,2021,041059451,2,9,0,18,19,1,5,0,0,1,0,0,0,0,1,2,2,2,1,31,6,-1,-1,-1,-1,1,E01005101,0,-1
2021610004721,2021,610004721,3,9,0,8,8,3,7,0,0,1,0,0,0,0,1,1,2,2,2,27,6,-1,-1,-1,-1,-1,-1,0,-1
2021201084734,2021,201084734,1,-1,0,16,19,6,2,0,0,0,0,0,0,0,1,1,6,6,1,20,4,-1,-1,-1,-1,7,E01031335,1,-1
2021061023864,2021,061023864,1,9,-1,3,3,1,1,0,0,0,0,0,0,0,3,1,1,1,1,30,6,-1,-1,-1,-1,-1,-1,0,-1
2021010313226,2021,010313226,1,9,0,14,14,5,1,0,0,8,0,0,0,0,1,1,6,6,3,-1,-1,-1,-1,-1,-1,-1,-1,0,-1
2021101051882,2021,101051882,2,9,0,2,2,5,1,6,6,0,0,0,0,0,2,1,1,1,1,40,7,-1,-1,-1,-1,2,E01020689,0,-1
2021161119246,2021,161119246,2,9,0,18,19,1,5,0,0,0,0,0,0,0,1,1,6,6,1,-1,-1,-1,-1,-1,-1,-1,-1,0,-1