collision_index,collision_year,collision_ref_no,vehicle_reference,vehicle_type,towing_and_articulation,vehicle_manoeuvre_historic,vehicle_manoeuvre,vehicle_direction_from,vehicle_direction_to,vehicle_location_restricted_lane_historic,vehicle_location_restricted_lane,junction_location,skidding_and_overturning,hit_object_in_carriageway,vehicle_leaving_carriageway,hit_object_off_carriageway,first_point_of_impact,vehicle_left_hand_drive,journey_purpose_of_driver_historic,journey_purpose_of_driver,sex_of_driver,age_of_driver,age_band_of_driver,engine_capacity_cc,propulsion_code,age_of_vehicle,generic_make_model,driver_imd_decile,lsoa_of_driver,escooter_flag,driver_distance_banding
2021061025149,2021,061025149,1,9,0,18,19,3,7,0,0,1,0,0,0,0,1,1,6,6,2,27,6,-1,-1,-1,-1,-1,-1,0,-1
2021991113186,2021,991113186,1,90,0,1,1,5,8,0,0,2,0,0,0,0,2,1,6,6,3,17,4,-1,-1,-1,-1,-1,-1,0,-1
2021501087333,2021,501087333,1,9,0,7,7,5,3,0,0,0,0,0,7,0,2,1,6,6,3,-1,-1,-1,-1,-1,-1,-1,-1,0,-1
2021010308467,2021,010308467,2,1,0,18,19,7,3,0,0,8,0,0,0,0,3,1,1,1,1,39,7,-1,-1,-1,-1,3,E01032784,0,-1
2021332100578,2021,332100578,2,9,0,18,19,3,7,0,0,1,0,0,0,0,1,1,2,2,1,55,8,-1,-1,-1,-1,8,E01032598,0,-1
2021131126740,2021,131126740,1,9,0,5,5,0,5,0,0,0,0,0,0,0,0,1,6,6,3,-1,-1,-1,-1,-1,-1,-1,-1,0,-1
2021010335742,2021,010335742,2,1,9,99,99,9,9,99,99,9,9,99,9,99,1,1,6,6,3,-1,-1,-1,-1,-1,-1,-1,-1,0,-1
2021010314249,2021,010314249,2,1,9,99,99,9,9,99,99,0,9,99,9,99,9,1,6,6,3,-1,-1,-1,-1,-1,-1,-1,-1,0,-1
2021010289827,2021,010289827,2,9,0,99,99,9,9,99,99,9,9,99,9,99,1,9,6,6,2,-1,-1,-1,-1,-1,-1,-1,-1,0,-1
2021461093256,2021,461093256,1,-1,0,18,19,3,7,9,9,1,5,0,0,0,0,1,6,6,1,21,5,-1,-1,-1,-1,5,E01016174,1,-1
2021411068185,2021,411068185,1,9,0,7,7,8,3,0,0,5,0,0,0,0,1,1,6,6,3,-1,-1,-1,-1,-1,-1,-1,-1,0,-1
2021010347642,2021,010347642,2,1,0,18,19,5,1,0,0,8,0,0,0,0,1,1,1,1,1,59,9,-1,-1,-1,-1,5,E01001542,0,-1
2021101049825,2021,101049825,1,9,0,18,19,7,3,0,0,0,0,0,0,0,1,1,6,6,1,47,8,-1,-1,-1,-1,2,E01008812,0,-1
2021401048348,2021,401048348,2,1,0,18,19,3,7,0,0,0,0,0,0,0,1,1,6,6,1,43,7,-1,-1,-1,-1,10,E01017429,0,-1
202131C130921,2021,31C130921,1,18,0,18,19,2,5,0,0,2,0,0,0,0,4,1,1,1,1,58,9,-1,-1,-1,-1,2,E01028186,0,-1
2021010303330,2021,010303330,1,1,9,99,99,9,9,99,99,9,9,99,9,99,9,1,2,2,1,19,4,-1,-1,-1,-1,4,E01021817,0,-1
202163A041921,2021,63A041921,2,9,0,18,19,1,4,0,0,8,0,0,0,0,0,1,6,6,1,-1,-1,-1,-1,-1,-1,8,W01000596,0,-1
2021041091117,2021,041091117,2,1,0,18,19,1,1,0,0,0,5,0,1,0,3,1,2,2,1,22,5,-1,-1,-1,-1,1,E01012738,0,-1
2021421101370,2021,421101370,1,97,0,14,14,7,3,0,0,0,0,0,0,0,1,1,6,6,3,-1,-1,-1,-1,-1,-1,-1,-1,0,-1
2021421079944,2021,421079944,1,1,0,18,19,6,2,0,0,0,0,4,0,0,1,1,5,6,1,52,8,-1,-1,-1,-1,10,E01021366,0,-1
2021610039021,2021,610039021,2,9,0,18,19,5,1,0,0,1,0,0,0,0,1,1,6,6,2,26,6,-1,-1,-1,-1,-1,-1,0,-1
2021161056010,2021,161056010,2,1,0,3,3,2,6,0,0,1,0,0,0,0,1,1,5,6,1,15,3,-1,-1,-1,-1,9,E01012998,0,-1
2021010348024,2021,010348024,2,9,0,99,99,9,9,99,99,9,9,99,9,99,1,9,6,6,3,-1,-1,-1,-1,-1,-1,-1,-1,0,-1
202163D025821,2021,63D025821,1,9,0,17,19,6,3,0,0,0,1,0,1,9,1,1,6,6,1,18,4,-1,-1,-1,-1,7,W01001907,0,-1
2021461100463,2021,461100463,2,-1,0,18,19,3,7,0,0,8,2,0,0,0,4,1,6,6,1,17,4,-1,-1,-1,-1,4,E01024296,1,-1
2021061071430,2021,061071430,1,9,0,18,19,1,1,0,0,1,0,0,0,0,1,1,2,2,1,55,8,-1,-1,-1,-1,-1,-1,0,-1
2021610054021,2021,610054021,2,9,0,17,19,6,3,0,0,0,0,0,0,0,1,1,6,6,1,48,8,-1,-1,-1,-1,-1,-1,0,-1
2021101091597,2021,101091597,2,9,0,18,19,6,2,0,0,1,0,0,0,0,1,1,6,6,3,-1,-1,-1,-1,-1,-1,-1,-1,0,-1
2021610018121,2021,610018121,2,9,0,5,5,5,2,0,0,4,0,0,0,0,1,1,6,6,1,36,7,-1,-1,-1,-1,-1,-1,0,-1
2021440062877,2021,440062877,1,1,0,18,19,4,8,0,0,8,0,0,0,0,1,1,6,6,1,34,6,-1,-1,-1,-1,3,E01017191,0,-1
2021991079414,2021,991079414,1,9,0,2,2,4,7,0,0,0,0,0,0,0,3,1,6,6,1,61,9,-1,-1,-1,-1,3,-1,0,-1
202160Z013024,2021,60Z013024,1,9,0,1,1,8,5,0,0,5,0,0,0,0,2,1,1,1,1,55,8,-1,-1,-1,-1,-1,-1,0,-1
2021052100803,2021,052100803,2,1,0,18,19,1,5,0,0,8,0,0,0,0,1,1,6,6,1,-1,-1,-1,-1,-1,-1,1,E01007013,0,-1
2021302100236,2021,302100236,2,1,0,18,19,8,4,0,0,4,0,0,0,0,1,1,6,6,1,48,8,-1,-1,-1,-1,8,E01019630,0,-1
2021010308944,2021,010308944,1,9,0,5,5,5,1,0,0,1,0,0,0,0,3,1,6,6,1,23,5,-1,-1,-1,-1,2,E01001367,0,-1
2021052101959,2021,052101959,1,9,0,18,19,3,7,0,0,1,0,4,0,0,4,1,6,6,3,-1,-1,-1,-1,-1,-1,-1,-1,0,-1
2021010297004,2021,010297004,2,1,9,99,99,9,9,99,99,9,9,99,9,99,9,1,6,6,2,33,6,-1,-1,-1,-1,10,E01000325,0,-1
2021201101340,2021,201101340,1,23,0,14,14,1,5,0,0,8,0,0,0,0,1,1,1,1,1,28,6,-1,-1,-1,-1,1,E01009053,0,-1
2021101043133,2021,101043133,1,1,0,18,19,6,2,9,9,0,0,0,0,0,1,1,6,6,1,20,4,-1,-1,-1,-1,-1,-1,0,-1
2021170M10101,2021,170M10101,2,1,0,18,19,4,8,4,4,8,0,0,0,0,1,1,6,6,1,45,7,-1,-1,-1,-1,9,E01032593,0,-1
2021520103423,2021,520103423,2,19,0,1,1,6,2,0,0,0,0,0,0,0,2,1,6,6,3,30,6,-1,-1,-1,-1,-1,-1,0,-1
2021010349037,2021,010349037,1,9,0,18,19,1,5,0,0,4,0,0,0,0,1,1,6,6,3,-1,-1,-1,-1,-1,-1,-1,-1,0,-1
2021070498226,2021,070498226,2,1,0,18,19,3,7,0,0,1,0,0,0,0,1,1,6,6,1,20,4,-1,-1,-1,-1,9,E01005788,0,-1
2021471062485,2021,471062485,2,1,0,9,9,2,8,0,0,8,0,0,0,0,0,1,5,6,2,55,8,-1,-1,-1,-1,6,E01031419,0,-1
2021320161998,2021,320161998,1,9,0,7,7,1,4,0,0,8,0,0,0,0,1,1,6,6,2,43,7,-1,-1,-1,-1,2,E01026375,0,-1
202106G079364,2021,06G079364,1,9,0,18,19,3,7,0,0,0,0,0,0,0,1,1,6,6,3,30,6,-1,-1,-1,-1,-1,-1,0,-1
2021010330632,2021,010330632,1,-1,0,7,7,3,6,0,0,1,0,0,0,0,1,1,6,6,1,20,4,-1,-1,-1,-1,-1,-1,1,-1
202134NNC1711,2021,34NNC1711,1,9,0,11,11,7,3,0,0,1,1,0,1,0,1,1,2,2,1,25,5,-1,-1,-1,-1,6,E01032970,0,-1
202163D105121,2021,63D105121,2,9,0,18,19,4,8,0,0,0,0,0,0,0,3,1,6,6,1,61,9,-1,-1,-1,-1,-1,-1,0,-1
2021221077015,2021,221077015,2,1,0,18,19,5,2,0,0,6,0,0,0,0,1,1,5,6,1,38,7,-1,-1,-1,-1,6,E01028857,0,-1
2021501033985,2021,501033985,2,1,0,18,19,4,8,0,0,0,0,0,0,0,2,1,5,6,1,13,3,-1,-1,-1,-1,3,E01020104,0,-1
2021320366836,2021,320366836,1,1,0,18,19,8,4,0,0,2,0,4,0,0,1,1,6,6,1,34,6,-1,-1,-1,-1,4,E01026268,0,-1
2021451088992,2021,451088992,2,9,0,18,19,5,1,0,0,0,0,0,0,0,1,1,6,6,3,30,6,-1,-1,-1,-1,-1,-1,0,-1
2021430303348,2021,430303348,1,1,4,3,3,3,7,0,0,2,0,0,0,0,4,1,6,6,1,36,7,-1,-1,-1,-1,4,E01016391,0,-1
2021440225691,2021,440225691,1,9,0,13,13,8,4,0,0,0,0,0,0,0,2,1,6,6,1,30,6,-1,-1,-1,-1,5,E01022728,0,-1
2021332100265,2021,332100265,2,9,0,17,19,8,4,0,0,0,2,0,7,4,2,1,6,6,1,52,8,-1,-1,-1,-1,7,E01026917,0,-1
2021010322499,2021,010322499,2,1,9,99,99,9,9,99,99,9,9,99,9,99,1,1,6,6,3,31,6,-1,-1,-1,-1,-1,-1,0,-1
2021141043176,2021,141043176,3,9,0,18,19,3,7,0,0,1,0,0,0,0,0,1,1,1,1,25,5,-1,-1,-1,-1,3,E01007639,0,-1
2021451067017,2021,451067017,2,9,0,18,19,7,1,0,0,0,0,0,0,0,1,1,6,6,3,30,6,-1,-1,-1,-1,-1,-1,0,-1
2021531082249,2021,531082249,2,9,0,17,19,8,4,0,0,0,0,0,0,0,3,1,2,2,1,28,6,-1,-1,-1,-1,2,E01022285,0,-1
2021430367549,2021,430367549,1,22,0,18,19,6,2,0,0,0,0,0,0,0,1,1,6,6,1,90,11,-1,-1,-1,-1,-1,-1,0,-1
2021070252960,2021,070252960,2,9,0,9,9,8,4,0,0,2,0,0,0,0,1,1,6,6,1,22,5,-1,-1,-1,-1,2,E01018467,0,-1
2021010327362,2021,010327362,1,1,9,99,99,9,9,99,99,5,9,99,9,99,1,1,2,2,2,26,6,-1,-1,-1,-1,2,E01003137,0,-1
2021122100338,2021,122100338,1,1,0,18,19,4,8,0,0,1,0,0,0,0,1,1,6,6,1,22,5,-1,-1,-1,-1,9,E01013429,0,-1
2021332100386,2021,332100386,1,9,0,18,19,7,3,0,0,4,0,0,0,0,1,1,6,6,1,-1,-1,-1,-1,-1,-1,-1,-1,0,-1
2021010332287,2021,010332287,2,1,0,15,15,1,5,0,0,0,0,4,0,0,1,1,2,2,1,26,6,-1,-1,-1,-1,3,E01002808,0,-1
2021430577779,2021,430577779,1,20,0,18,19,2,6,0,0,8,0,0,0,0,1,1,1,1,2,45,7,-1,-1,-1,-1,-1,-1,0,-1
2021010307096,2021,010307096,2,9,0,99,99,9,9,0,0,8,0,0,0,0,1,9,6,6,3,-1,-1,-1,-1,-1,-1,-1,-1,0,-1
2021161113749,2021,161113749,1,9,0,18,19,2,6,0,0,8,0,0,0,0,1,1,6,6,1,28,6,-1,-1,-1,-1,7,E01012985,0,-1
2021010339576,2021,010339576,2,1,9,99,99,9,9,99,99,9,9,99,9,99,1,1,6,6,3,-1,-1,-1,-1,-1,-1,8,E01003814,0,-1
2021161059918,2021,161059918,2,1,0,18,19,3,7,0,0,2,0,0,0,0,4,1,5,6,1,14,3,-1,-1,-1,-1,1,E01012900,0,-1
2021170S31521,2021,170S31521,1,9,0,18,19,3,7,0,0,0,0,0,0,0,1,1,6,6,3,-1,-1,-1,-1,-1,-1,-1,-1,0,-1
202106G080282,2021,06G080282,1,9,0,1,1,1,5,0,0,0,0,0,0,0,2,1,6,6,3,30,6,-1,-1,-1,-1,-1,-1,0,-1
2021010301031,2021,010301031,2,1,0,18,19,3,7,0,0,1,5,0,0,0,2,1,2,2,1,35,6,-1,-1,-1,-1,5,E01003495,0,-1
2021201056079,2021,201056079,1,1,0,18,19,8,4,0,0,1,0,0,0,0,3,1,1,1,1,40,7,-1,-1,-1,-1,-1,-1,0,-1
2021061025411,2021,061025411,2,9,0,2,2,0,0,0,0,0,0,0,0,0,3,1,6,6,2,64,9,-1,-1,-1,-1,3,E01004816,0,-1
2021461054420,2021,461054420,1,1,0,18,19,4,8,0,0,0,0,0,0,0,1,1,5,6,1,72,10,-1,-1,-1,-1,6,E01023978,0,-1
2021010343707,2021,010343707,2,-1,0,18,19,3,7,0,0,8,0,0,0,0,1,1,2,2,1,29,6,-1,-1,-1,-1,2,E01003111,1,-1
2021070662707,2021,070662707,1,1,0,18,19,5,2,0,0,3,0,0,0,0,4,1,6,6,1,60,9,-1,-1,-1,-1,3,E01018347,0,-1
2021522103194,2021,522103194,1,9,0,7,7,8,1,0,0,6,0,0,0,0,3,1,6,6,1,24,5,-1,-1,-1,-1,1,E01014688,0,-1
2021010300327,2021,010300327,1,1,9,99,99,9,9,99,99,9,9,99,9,99,2,1,6,6,1,27,6,-1,-1,-1,-1,5,E01004610,0,-1
2021221097735,2021,221097735,2,17,4,7,7,6,7,0,0,5,0,0,0,0,2,1,1,1,1,34,6,-1,-1,-1,-1,-1,-1,0,-1
2021101044500,2021,101044500,2,9,0,2,2,5,1,0,0,0,0,0,0,0,3,1,1,1,1,38,7,-1,-1,-1,-1,6,E01027371,0,-1
2021461038303,2021,461038303,1,90,0,18,19,5,1,9,9,0,1,0,0,0,1,1,6,6,3,12,3,-1,-1,-1,-1,-1,-1,0,-1
2021421067265,2021,421067265,2,1,0,18,19,3,8,0,0,1,0,0,0,0,1,1,5,6,1,55,8,-1,-1,-1,-1,6,E01015863,0,-1
2021070556715,2021,070556715,2,9,0,9,9,7,5,0,0,5,0,0,0,0,0,1,6,6,3,-1,-1,-1,-1,-1,-1,-1,-1,0,-1
2021131040995,2021,131040995,2,9,0,11,11,1,5,0,0,1,0,0,0,0,1,1,2,2,1,23,5,-1,-1,-1,-1,8,E01011930,0,-1
2021052102833,2021,052102833,1,8,0,18,19,5,1,0,0,1,0,0,0,0,0,1,6,6,3,-1,-1,-1,-1,-1,-1,-1,-1,0,-1
2021302100078,2021,302100078,2,1,0,18,19,5,2,0,0,8,0,0,0,0,1,1,2,2,1,40,7,-1,-1,-1,-1,9,E01019678,0,-1
202160Z017165,2021,60Z017165,2,9,0,4,4,4,8,0,0,0,0,0,0,0,2,1,6,6,3,45,7,-1,-1,-1,-1,-1,-1,0,-1
2021010287316,2021,010287316,1,9,0,16,19,5,1,0,0,1,0,0,0,0,3,1,6,6,1,37,7,-1,-1,-1,-1,2,E01003150,0,-1
2021010336851,2021,010336851,2,1,0,18,19,5,1,0,0,2,0,0,0,0,4,1,6,6,1,81,11,-1,-1,-1,-1,4,E01002970,0,-1
2021430235475,2021,430235475,1,-1,0,18,19,4,8,0,0,0,0,0,0,0,3,1,6,6,1,14,3,-1,-1,-1,-1,10,E01017638,1,-1
2021332100552,2021,332100552,2,9,0,18,19,7,3,0,0,0,0,0,0,0,1,1,6,6,1,28,6,-1,-1,-1,-1,3,E01013778,0,-1
2021411047193,2021,411047193,2,9,0,9,9,8,6,0,0,6,0,0,0,0,4,1,6,6,2,-1,-1,-1,-1,-1,-1,-1,-1,0,-1
2021440219925,2021,440219925,1,9,0,18,19,4,8,0,0,0,5,0,7,0,0,1,6,6,1,24,5,-1,-1,-1,-1,1,E01017332,0,-1
202160Z033608,2021,60Z033608,2,9,0,18,19,2,6,0,0,0,0,0,7,7,1,1,6,6,1,28,6,-1,-1,-1,-1,-1,-1,0,-1
2021411120471,2021,411120471,1,9,0,5,5,5,1,0,0,1,0,0,0,0,1,1,6,6,3,-1,-1,-1,-1,-1,-1,-1,-1,0,-1
2021471032388,2021,471032388,2,1,0,18,19,4,8,0,0,0,0,4,0,0,1,1,5,6,1,68,10,-1,-1,-1,-1,4,E01016967,0,-1
2021041019353,2021,041019353,1,1,0,7,7,4,2,0,0,3,0,0,0,0,0,1,5,6,1,70,10,-1,-1,-1,-1,6,E01025222,0,-1
2021131093187,2021,131093187,1,9,0,18,19,1,5,0,0,0,0,0,0,0,1,1,5,6,1,31,6,-1,-1,-1,-1,8,E01027680,0,-1
2021991063017,2021,991063017,2,1,0,5,5,7,3,0,0,8,0,0,0,0,2,1,1,1,1,44,7,-1,-1,-1,-1,-1,-1,0,-1
2021201055800,2021,201055800,1,9,0,14,14,6,2,0,0,3,0,0,0,0,1,1,6,6,2,-1,-1,-1,-1,-1,-1,-1,-1,0,-1
2021010336269,2021,010336269,1,9,0,99,99,9,9,99,99,0,9,99,9,99,1,9,6,6,3,-1,-1,-1,-1,-1,-1,-1,-1,0,-1
2021052100296,2021,052100296,2,1,0,9,9,6,4,0,0,8,0,0,0,0,4,1,6,6,1,64,9,-1,-1,-1,-1,5,E01006934,0,-1
2021332100124,2021,332100124,1,9,0,18,19,2,6,0,0,0,0,0,1,11,4,1,1,1,1,26,6,-1,-1,-1,-1,9,E01025688,0,-1
2021411074016,2021,411074016,2,9,0,18,19,2,4,0,0,0,0,0,0,0,1,1,6,6,1,19,4,-1,-1,-1,-1,4,E01023350,0,-1
2021010321252,2021,010321252,1,1,9,18,19,3,7,0,0,1,5,0,0,99,1,1,1,1,2,21,5,-1,-1,-1,-1,4,E01000608,0,-1
2021010328025,2021,010328025,2,1,0,18,19,7,3,0,0,1,0,0,0,0,2,1,1,1,2,27,6,-1,-1,-1,-1,2,E01003181,0,-1
2021010350276,2021,010350276,1,9,0,5,5,2,6,0,0,2,0,0,0,0,1,1,6,6,1,-1,-1,-1,-1,-1,-1,-1,-1,0,-1
2021461072980,2021,461072980,2,9,0,18,19,7,3,0,0,0,0,0,0,0,0,1,6,6,1,29,6,-1,-1,-1,-1,3,E01024715,0,-1
2021010320785,2021,010320785,1,9,0,7,7,5,6,0,0,8,0,0,0,0,3,1,6,6,3,-1,-1,-1,-1,-1,-1,-1,-1,0,-1
2021010290685,2021,010290685,1,1,9,99,99,9,9,99,99,9,9,99,9,99,1,1,6,6,1,30,6,-1,-1,-1,-1,2,E01000876,0,-1
2021052101226,2021,052101226,2,19,0,18,19,2,6,0,0,8,0,0,0,0,1,1,1,1,1,42,7,-1,-1,-1,-1,1,E01006432,0,-1
2021061104083,2021,061104083,1,9,0,18,19,8,4,0,0,0,0,0,0,0,1,1,6,6,2,30,6,-1,-1,-1,-1,7,E01005152,0,-1
2021520105754,2021,520105754,1,9,0,6,6,5,5,0,0,0,0,0,0,0,2,1,6,6,1,34,6,-1,-1,-1,-1,8,E01029245,0,-1
2021332101007,2021,332101007,1,5,0,18,19,8,4,0,0,0,1,0,1,11,4,1,6,6,1,37,7,-1,-1,-1,-1,1,E01032602,0,-1
2021461050090,2021,461050090,2,1,0,18,19,7,3,0,0,0,0,0,0,0,1,1,6,6,1,46,8,-1,-1,-1,-1,7,E01024743,0,-1
2021010342767,2021,010342767,2,1,0,9,9,7,5,0,0,8,0,0,0,0,2,1,2,2,1,22,5,-1,-1,-1,-1,2,E01001114,0,-1
2021231033823,2021,231033823,1,9,0,13,13,4,8,0,0,0,1,0,7,0,4,1,5,6,1,30,6,-1,-1,-1,-1,6,E01031263,0,-1
2021010308167,2021,010308167,2,1,0,18,19,5,1,0,0,1,0,0,0,0,3,1,6,6,2,36,7,-1,-1,-1,-1,4,E01004468,0,-1
2021520102784,2021,520102784,2,21,1,18,19,3,7,0,0,1,0,0,0,0,4,1,6,6,3,30,6,-1,-1,-1,-1,-1,-1,0,-1
20211383H2091,2021,1383H2091,2,3,0,18,19,5,1,0,0,8,5,0,0,0,0,1,6,6,1,31,6,-1,-1,-1,-1,6,E01011400,0,-1
2021141019674,2021,141019674,2,1,0,5,5,7,5,0,0,4,0,0,0,0,1,1,6,6,1,59,9,-1,-1,-1,-1,6,E01007598,0,-1
2021101034217,2021,101034217,1,9,0,18,19,4,1,0,0,8,0,0,0,0,1,1,6,6,3,-1,-1,-1,-1,-1,-1,-1,-1,0,-1
2021052100163,2021,052100163,1,9,0,6,6,3,3,0,0,0,0,0,0,0,1,1,6,6,3,-1,-1,-1,-1,-1,-1,-1,-1,0,-1
202106E079807,2021,06E079807,2,1,0,10,10,7,5,0,0,8,0,0,0,0,3,1,6,6,2,19,4,-1,-1,-1,-1,5,E01005283,0,-1
2021070010000,2021,070010000,1,1,0,18,19,5,1,0,0,8,0,0,0,0,1,1,6,6,1,18,4,-1,-1,-1,-1,-1,-1,0,-1
2021302101956,2021,302101956,1,1,0,7,7,1,4,0,0,3,0,0,0,0,2,1,6,6,2,25,5,-1,-1,-1,-1,10,E01013563,0,-1
2021010350506,2021,010350506,2,9,9,99,99,9,9,99,99,9,9,99,9,99,9,9,6,6,3,-1,-1,-1,-1,-1,-1,-1,-1,0,-1
2021010333327,2021,010333327,2,1,9,99,99,9,9,99,99,9,9,99,9,99,9,1,6,6,1,-1,-1,-1,-1,-1,-1,-1,-1,0,-1
2021010318832,2021,010318832,2,1,0,18,19,7,3,0,0,1,0,0,0,0,1,1,2,2,1,43,7,-1,-1,-1,-1,8,E01000708,0,-1
2021461068799,2021,461068799,1,19,0,18,19,7,3,0,0,1,0,0,0,0,1,1,6,6,2,-1,-1,-1,-1,-1,-1,-1,-1,0,-1
202163B074821,2021,63B074821,1,19,0,5,5,1,5,0,0,6,0,0,0,0,3,1,6,6,1,34,6,-1,-1,-1,-1,9,W01000534,0,-1
2021320370875,2021,320370875,2,1,0,18,19,5,1,0,0,1,0,0,0,0,4,1,6,6,2,44,7,-1,-1,-1,-1,-1,-1,0,-1
2021361077546,2021,361077546,3,19,0,18,19,8,4,0,0,0,0,0,0,0,0,1,5,6,1,69,10,-1,-1,-1,-1,1,E01026690,0,-1
2021010340901,2021,010340901,2,1,0,15,15,3,7,0,0,1,0,0,0,0,1,1,6,6,1,32,6,-1,-1,-1,-1,2,E01004252,0,-1
2021111136598,2021,111136598,1,9,0,1,1,6,2,0,0,0,0,0,0,0,2,1,6,6,3,30,6,-1,-1,-1,-1,-1,-1,0,-1
2021332100560,2021,332100560,1,9,0,5,5,7,3,0,0,4,0,0,0,0,3,1,2,2,1,28,6,-1,-1,-1,-1,4,E01019844,0,-1
2021371074387,2021,371074387,2,1,0,18,19,7,3,0,0,0,0,0,0,0,3,1,5,6,1,32,6,-1,-1,-1,-1,7,E01023682,0,-1
2021430183443,2021,430183443,2,9,0,18,19,1,5,0,0,0,0,0,0,0,4,1,2,2,1,29,6,-1,-1,-1,-1,9,E01016324,0,-1
2021451041416,2021,451041416,1,1,0,18,19,7,3,4,4,0,0,0,0,0,1,1,5,6,2,60,9,-1,-1,-1,-1,8,E01030701,0,-1
2021501071005,2021,501071005,1,9,0,18,19,6,2,0,0,0,0,4,0,0,4,1,6,6,3,-1,-1,-1,-1,-1,-1,-1,-1,0,-1
2021332100869,2021,332100869,2,1,0,18,19,4,8,4,4,1,0,0,0,0,4,1,6,6,2,59,9,-1,-1,-1,-1,-1,-1,0,-1
2021201148160,2021,201148160,1,9,0,9,9,1,7,0,0,8,0,0,0,0,1,1,6,6,1,46,8,-1,-1,-1,-1,1,E01009362,0,-1
2021010314261,2021,010314261,1,90,0,99,99,9,9,99,99,9,9,99,9,99,1,9,6,6,2,28,6,-1,-1,-1,-1,8,E01023879,0,-1
2021161116053,2021,161116053,2,9,0,18,19,1,5,0,0,0,0,0,0,0,1,1,6,6,3,-1,-1,-1,-1,-1,-1,-1,-1,0,-1
2021010339601,2021,010339601,1,1,9,99,99,9,9,99,99,9,9,99,9,99,9,1,6,6,1,20,4,-1,-1,-1,-1,4,E01000608,0,-1
2021010309976,2021,010309976,2,1,0,18,19,1,5,0,0,1,0,0,0,0,3,1,6,6,1,30,6,-1,-1,-1,-1,6,E01004731,0,-1
2021010332422,2021,010332422,1,9,0,99,99,9,9,99,99,9,9,99,9,99,1,9,6,6,1,45,7,-1,-1,-1,-1,5,E01001473,0,-1
2021061077670,2021,061077670,2,1,0,7,7,4,6,0,0,0,0,0,0,0,2,1,5,6,1,24,5,-1,-1,-1,-1,-1,-1,0,-1
2021332200029,2021,332200029,1,9,0,9,9,3,1,0,0,4,0,0,0,0,3,1,6,6,2,51,8,-1,-1,-1,-1,9,E01025778,0,-1
2021501112979,2021,501112979,1,9,0,18,19,6,1,0,0,0,1,0,5,6,1,1,2,2,2,30,6,-1,-1,-1,-1,10,E01029264,0,-1
2021061041073,2021,061041073,1,1,0,18,19,4,7,0,0,0,1,0,0,0,1,1,6,6,1,36,7,-1,-1,-1,-1,2,E01006369,0,-1
2021131088523,2021,131088523,2,1,0,17,19,6,3,0,0,8,0,0,0,0,1,1,2,2,1,50,8,-1,-1,-1,-1,4,E01011009,0,-1
2021122101062,2021,122101062,1,90,0,18,19,3,7,0,0,0,2,0,2,7,1,2,1,1,1,30,6,-1,-1,-1,-1,9,E01031930,0,-1
2021141016100,2021,141016100,2,9,0,18,19,5,1,0,0,8,0,0,0,0,1,1,5,6,1,49,8,-1,-1,-1,-1,3,E01007337,0,-1
2021332100266,2021,332100266,2,3,0,18,19,1,5,0,0,1,0,0,0,0,1,1,1,1,1,31,6,-1,-1,-1,-1,5,E01013770,0,-1
2021351065141,2021,351065141,1,8,0,18,19,1,5,0,0,0,0,0,0,0,1,1,1,1,1,43,7,-1,-1,-1,-1,-1,-1,0,-1
2021122100300,2021,122100300,2,1,0,18,19,2,6,0,0,8,0,0,0,0,4,1,6,6,2,35,6,-1,-1,-1,-1,10,E01027879,0,-1
2021010326928,2021,010326928,1,-1,0,18,19,3,7,0,0,0,0,4,0,0,1,1,6,6,1,22,5,-1,-1,-1,-1,6,E01000946,1,-1
2021061112166,2021,061112166,1,9,0,18,19,4,8,0,0,8,0,0,0,0,3,1,5,6,1,29,6,-1,-1,-1,-1,5,E01006156,0,-1
2021010355830,2021,010355830,1,8,9,99,99,9,9,99,99,0,9,99,9,99,9,1,6,6,1,-1,-1,-1,-1,-1,-1,-1,-1,0,-1
2021101049782,2021,101049782,1,11,-1,-1,-1,-1,-1,-1,-1,0,-1,-1,-1,0,-1,1,1,1,3,-1,-1,-1,-1,-1,-1,-1,-1,0,-1
2021430419014,2021,430419014,2,1,0,18,19,2,6,0,0,8,0,0,0,0,3,1,6,6,1,28,6,-1,-1,-1,-1,4,E01028554,0,-1
2021010305777,2021,010305777,2,1,0,15,15,4,8,0,0,8,0,0,0,0,3,1,6,6,1,20,4,-1,-1,-1,-1,7,E01002930,0,-1
2021211027758,2021,211027758,3,19,0,18,19,7,3,0,0,0,0,0,0,0,2,1,1,1,1,35,6,-1,-1,-1,-1,3,E01010523,0,-1
2021430499709,2021,430499709,1,1,0,18,19,4,8,0,0,1,0,0,0,0,1,1,2,2,1,22,5,-1,-1,-1,-1,10,E01032554,0,-1
2021010311369,2021,010311369,2,1,0,18,19,5,1,0,0,1,0,0,0,0,1,1,6,6,1,34,6,-1,-1,-1,-1,3,E01002623,0,-1
2021552100325,2021,552100325,2,1,0,18,19,1,5,0,0,0,0,0,0,0,2,1,6,6,2,51,8,-1,-1,-1,-1,7,E01020434,0,-1
2021010300027,2021,010300027,2,9,0,9,9,1,7,0,0,6,0,0,0,0,1,1,6,6,3,-1,-1,-1,-1,-1,-1,-1,-1,0,-1
2021361131166,2021,361131166,2,9,0,18,19,7,3,0,0,8,0,0,0,0,1,1,5,6,1,23,5,-1,-1,-1,-1,8,E01026855,0,-1
2021610031621,2021,610031621,3,9,0,2,2,0,0,0,0,0,0,0,0,0,3,1,6,6,2,29,6,-1,-1,-1,-1,-1,-1,0,-1
202134WNC7451,2021,34WNC7451,1,9,0,9,9,5,3,0,0,5,0,0,0,0,1,1,6,6,1,28,6,-1,-1,-1,-1,4,E01032980,0,-1
2021010334190,2021,010334190,1,9,9,99,99,9,9,99,99,9,9,99,9,99,9,9,6,6,3,-1,-1,-1,-1,-1,-1,-1,-1,0,-1
2021430232023,2021,430232023,2,1,0,9,9,1,8,0,0,8,0,0,0,0,4,1,6,6,2,50,8,-1,-1,-1,-1,10,E01017728,0,-1
2021131051764,2021,131051764,1,9,0,-1,-1,8,4,0,0,1,0,0,0,0,1,1,6,6,3,25,5,-1,-1,-1,-1,-1,-1,0,-1
2021552100955,2021,552100955,2,1,0,18,19,8,4,0,0,8,0,0,0,0,1,1,6,6,1,67,10,-1,-1,-1,-1,7,E01020513,0,-1
2021430072614,2021,430072614,2,1,0,18,19,6,2,0,0,0,0,0,0,0,1,1,6,6,1,60,9,-1,-1,-1,-1,-1,-1,0,-1