collision_index,collision_year,collision_ref_no,vehicle_reference,vehicle_type,towing_and_articulation,vehicle_manoeuvre_historic,vehicle_manoeuvre,vehicle_direction_from,vehicle_direction_to,vehicle_location_restricted_lane_historic,vehicle_location_restricted_lane,junction_location,skidding_and_overturning,hit_object_in_carriageway,vehicle_leaving_carriageway,hit_object_off_carriageway,first_point_of_impact,vehicle_left_hand_drive,journey_purpose_of_driver_historic,journey_purpose_of_driver,sex_of_driver,age_of_driver,age_band_of_driver,engine_capacity_cc,propulsion_code,age_of_vehicle,generic_make_model,driver_imd_decile,lsoa_of_driver,escooter_flag,driver_distance_banding
202131A116121,2021,31A116121,2,9,0,18,19,6,2,0,0,2,0,0,0,0,1,1,6,6,3,-1,-1,-1,-1,-1,-1,-1,-1,0,-1
2021131095172,2021,131095172,2,1,0,18,19,5,1,0,0,8,0,0,0,0,4,1,2,2,1,60,9,-1,-1,-1,-1,1,E01011368,0,-1
2021332101525,2021,332101525,3,9,0,18,19,5,1,0,0,0,0,0,0,0,0,1,6,6,1,57,9,-1,-1,-1,-1,-1,-1,0,-1
2021010307284,2021,010307284,2,9,0,99,99,9,9,99,99,0,9,99,9,99,9,9,6,6,3,-1,-1,-1,-1,-1,-1,4,E01002665,0,-1
2021010344954,2021,010344954,1,-1,0,16,19,3,7,4,4,4,0,0,0,0,1,1,6,6,1,38,7,-1,-1,-1,-1,2,E01003912,1,-1
202131C097721,2021,31C097721,1,9,0,18,19,2,6,0,0,1,0,0,0,0,1,1,6,6,3,-1,-1,-1,-1,-1,-1,-1,-1,0,-1
2021302101176,2021,302101176,2,9,4,13,13,8,2,0,0,0,0,0,0,0,4,1,6,6,3,-1,-1,-1,-1,-1,-1,5,E01019456,0,-1
2021461037365,2021,461037365,1,9,0,5,5,7,3,0,0,0,0,11,0,0,3,1,6,6,1,22,5,-1,-1,-1,-1,1,E01024658,0,-1
2021211109799,2021,211109799,2,1,0,18,19,6,2,0,0,8,0,0,0,0,1,1,5,6,1,46,8,-1,-1,-1,-1,2,E01014263,0,-1
2021141029262,2021,141029262,2,1,0,18,19,7,4,0,0,0,0,0,0,0,4,1,6,6,1,34,6,-1,-1,-1,-1,-1,-1,0,-1
2021201023876,2021,201023876,1,9,0,18,19,2,8,0,0,0,0,10,1,10,1,1,6,6,1,48,8,-1,-1,-1,-1,10,E01010188,0,-1
2021302101674,2021,302101674,3,9,0,18,19,8,4,1,1,0,0,0,0,0,1,1,6,6,1,42,7,-1,-1,-1,-1,8,E01019618,0,-1
2021332101522,2021,332101522,2,9,0,18,19,1,5,0,0,0,0,0,0,0,0,1,6,6,1,31,6,-1,-1,-1,-1,-1,-1,0,-1
2021361116261,2021,361116261,2,1,-1,-1,-1,-1,-1,-1,-1,0,-1,-1,-1,0,-1,1,5,6,1,15,3,-1,-1,-1,-1,-1,-1,0,-1
2021201025138,2021,201025138,2,1,0,18,19,7,3,0,0,1,0,0,0,0,4,1,6,6,2,21,5,-1,-1,-1,-1,3,E01009140,0,-1
2021141088752,2021,141088752,1,9,0,18,19,1,5,0,0,0,0,0,0,0,0,1,6,6,1,-1,-1,-1,-1,-1,-1,-1,-1,0,-1
2021411033695,2021,411033695,2,1,0,18,19,7,1,0,0,0,0,0,0,0,1,1,6,6,1,34,6,-1,-1,-1,-1,2,E01021816,0,-1
202134WNC0681,2021,34WNC0681,2,9,0,18,19,3,7,0,0,0,0,0,0,0,2,1,6,6,1,29,6,-1,-1,-1,-1,-1,-1,0,-1
2021332100264,2021,332100264,1,19,0,6,6,7,7,0,0,0,0,0,0,0,1,1,1,1,2,55,8,-1,-1,-1,-1,6,E01029488,0,-1
2021421110721,2021,421110721,1,9,0,18,19,3,7,0,0,2,0,0,0,0,1,1,6,6,2,20,4,-1,-1,-1,-1,-1,-1,0,-1
202131D096221,2021,31D096221,2,1,0,18,19,7,3,0,0,0,0,0,0,0,4,1,2,2,1,38,7,-1,-1,-1,-1,9,E01028355,0,-1
202160Z137650,2021,60Z137650,1,9,0,18,19,6,2,0,0,0,5,0,1,10,4,1,6,6,1,58,9,-1,-1,-1,-1,-1,-1,0,-1
2021010330222,2021,010330222,2,1,0,18,19,1,5,0,0,1,0,0,0,0,1,1,6,6,1,50,8,-1,-1,-1,-1,2,E01000931,0,-1
2021461080096,2021,461080096,2,20,1,18,19,5,1,0,0,0,0,0,0,0,1,1,1,1,1,52,8,-1,-1,-1,-1,-1,-1,0,-1
2021522105882,2021,522105882,1,1,0,18,19,1,5,2,2,0,0,0,0,0,1,1,6,6,1,23,5,-1,-1,-1,-1,2,E01014692,0,-1
2021131052614,2021,131052614,2,10,0,18,19,6,2,0,0,1,1,0,0,0,1,1,1,1,1,45,7,-1,-1,-1,-1,7,E01011775,0,-1
202163A047021,2021,63A047021,1,9,0,18,19,8,4,0,0,0,1,0,1,10,4,1,2,2,2,65,9,-1,-1,-1,-1,4,W01000672,0,-1
2021041086780,2021,041086780,1,9,0,18,19,-1,-1,0,0,0,0,0,0,0,0,1,6,6,3,-1,-1,-1,-1,-1,-1,-1,-1,0,-1
2021010346562,2021,010346562,2,8,0,99,99,9,9,99,99,9,9,99,9,99,9,9,6,6,3,-1,-1,-1,-1,-1,-1,-1,-1,0,-1
2021141076753,2021,141076753,2,22,0,18,19,6,2,0,0,0,0,0,0,0,1,1,6,6,2,76,11,-1,-1,-1,-1,6,E01007512,0,-1
202160Z002178,2021,60Z002178,2,9,0,13,13,8,4,0,0,0,5,10,7,0,2,1,6,6,1,30,6,-1,-1,-1,-1,-1,-1,0,-1
202160Z113514,2021,60Z113514,2,9,0,18,19,8,4,0,0,8,0,0,0,0,1,1,2,2,2,23,5,-1,-1,-1,-1,-1,-1,0,-1
2021010316053,2021,010316053,1,1,0,18,19,1,5,4,4,1,0,0,0,0,1,1,6,6,1,46,8,-1,-1,-1,-1,9,E01003423,0,-1
2021052101722,2021,052101722,1,1,0,18,19,3,7,0,0,0,0,0,0,0,0,1,6,6,1,17,4,-1,-1,-1,-1,3,E01006996,0,-1
2021161029363,2021,161029363,1,1,0,18,19,7,3,0,0,8,0,0,0,0,3,1,1,1,1,25,5,-1,-1,-1,-1,-1,-1,0,-1
2021161119265,2021,161119265,1,2,0,18,19,5,1,0,0,0,1,0,0,0,0,1,2,2,1,20,4,-1,-1,-1,-1,-1,-1,0,-1
2021010288033,2021,010288033,2,9,0,99,99,9,9,99,99,9,9,99,9,99,9,9,6,6,3,-1,-1,-1,-1,-1,-1,-1,-1,0,-1
2021401048906,2021,401048906,1,9,0,18,19,3,8,0,0,4,0,7,1,9,1,1,1,1,1,27,6,-1,-1,-1,-1,7,E01031014,0,-1
2021010310682,2021,010310682,1,1,9,99,99,9,9,99,99,9,9,99,9,99,9,1,6,6,3,16,4,-1,-1,-1,-1,6,E01001253,0,-1
2021302101900,2021,302101900,2,9,0,9,9,8,6,0,0,8,0,0,0,0,1,1,6,6,3,-1,-1,-1,-1,-1,-1,5,E01019456,0,-1
2021302102088,2021,302102088,2,1,0,18,19,6,2,0,0,0,0,0,0,0,3,1,2,2,1,41,7,-1,-1,-1,-1,8,E01013593,0,-1
2021101040581,2021,101040581,1,9,0,4,4,5,1,0,0,0,0,0,0,0,1,1,6,6,1,35,6,-1,-1,-1,-1,-1,-1,0,-1
2021332100486,2021,332100486,1,9,0,11,11,3,7,0,0,0,1,0,1,7,4,1,6,6,1,33,6,-1,-1,-1,-1,7,E01025620,0,-1
2021010317671,2021,010317671,1,1,9,18,19,3,7,4,4,1,5,0,0,99,1,1,6,6,1,23,5,-1,-1,-1,-1,7,E01001888,0,-1
2021010311834,2021,010311834,2,9,0,11,11,7,3,0,0,0,0,0,0,0,0,1,6,6,3,-1,-1,-1,-1,-1,-1,-1,-1,0,-1
2021332100991,2021,332100991,1,9,0,3,3,7,3,0,0,1,0,0,0,0,2,1,6,6,1,41,7,-1,-1,-1,-1,1,E01013761,0,-1
2021061043111,2021,061043111,1,1,0,5,5,6,2,0,0,1,0,0,0,0,1,1,6,6,1,43,7,-1,-1,-1,-1,2,E01005251,0,-1
2021170L10671,2021,170L10671,1,9,0,18,19,3,7,0,0,4,0,0,0,0,1,1,6,6,2,22,5,-1,-1,-1,-1,2,E01012134,0,-1
2021052102600,2021,052102600,1,1,0,18,19,7,3,0,0,8,0,0,0,0,1,1,2,2,1,55,8,-1,-1,-1,-1,2,E01006441,0,-1
2021421110258,2021,421110258,1,-1,0,18,19,3,6,9,9,0,0,0,0,0,0,1,6,6,1,29,6,-1,-1,-1,-1,4,E01015952,1,-1
2021440407232,2021,440407232,1,9,0,18,19,6,2,0,0,1,0,0,0,0,4,1,6,6,3,-1,-1,-1,-1,-1,-1,-1,-1,0,-1
2021351038762,2021,351038762,2,1,0,18,19,2,6,0,0,8,0,0,0,0,1,1,2,2,1,24,5,-1,-1,-1,-1,9,E01017998,0,-1
2021332100725,2021,332100725,1,5,0,18,19,3,7,0,0,0,1,0,1,9,1,1,2,2,1,42,7,-1,-1,-1,-1,7,E01025752,0,-1
2021010288287,2021,010288287,2,9,0,99,99,9,9,99,99,9,9,99,9,99,9,9,6,6,3,-1,-1,-1,-1,-1,-1,-1,-1,0,-1
2021141056287,2021,141056287,1,1,0,17,19,7,5,0,0,8,5,0,0,0,1,1,5,6,1,30,6,-1,-1,-1,-1,6,E01007912,0,-1
2021101031784,2021,101031784,2,22,0,18,19,5,1,0,0,2,5,0,0,0,3,1,5,6,1,80,11,-1,-1,-1,-1,3,E01008804,0,-1
2021010326872,2021,010326872,1,1,0,18,19,5,1,0,0,1,0,0,0,0,1,1,6,6,1,22,5,-1,-1,-1,-1,3,E01001479,0,-1
2021070821304,2021,070821304,2,9,0,18,19,5,1,0,0,1,0,0,0,0,4,1,6,6,2,68,10,-1,-1,-1,-1,6,E01018689,0,-1
202160Z178709,2021,60Z178709,1,9,0,18,19,5,1,0,0,1,0,0,0,0,4,1,6,6,1,-1,-1,-1,-1,-1,-1,-1,-1,0,-1
2021401118277,2021,401118277,1,9,0,18,19,1,5,0,0,0,0,0,0,0,1,1,6,6,3,-1,-1,-1,-1,-1,-1,-1,-1,0,-1
2021471120560,2021,471120560,1,9,0,6,6,3,3,0,0,0,0,0,0,0,-1,1,6,6,3,-1,-1,-1,-1,-1,-1,-1,-1,0,-1
2021010346159,2021,010346159,1,9,0,18,19,4,8,0,0,0,0,0,0,0,1,1,6,6,3,-1,-1,-1,-1,-1,-1,-1,-1,0,-1
2021010346961,2021,010346961,1,9,0,18,19,3,7,0,0,0,0,0,0,0,4,1,6,6,3,-1,-1,-1,-1,-1,-1,-1,-1,0,-1
2021332101037,2021,332101037,1,9,0,18,19,2,6,0,0,2,0,0,0,0,1,1,6,6,3,-1,-1,-1,-1,-1,-1,-1,-1,0,-1
2021131109394,2021,131109394,2,3,0,18,19,6,6,0,0,3,0,0,0,0,4,1,6,6,1,36,7,-1,-1,-1,-1,6,E01011408,0,-1
2021010335428,2021,010335428,1,1,0,99,99,9,9,99,99,9,0,0,9,0,9,1,2,2,2,29,6,-1,-1,-1,-1,2,E01002804,0,-1
2021010328750,2021,010328750,1,1,9,99,99,9,9,99,99,9,9,99,9,99,1,1,2,2,2,23,5,-1,-1,-1,-1,4,E01003095,0,-1
2021201063722,2021,201063722,1,22,0,3,3,5,1,0,0,1,0,0,0,0,1,1,6,6,1,79,11,-1,-1,-1,-1,1,E01009132,0,-1
2021010347173,2021,010347173,2,9,0,7,7,4,6,0,0,6,0,0,0,0,0,1,6,6,3,-1,-1,-1,-1,-1,-1,-1,-1,0,-1
2021052102403,2021,052102403,1,9,0,7,7,3,5,0,0,8,0,0,0,0,1,1,6,6,3,-1,-1,-1,-1,-1,-1,-1,-1,0,-1
2021052101192,2021,052101192,1,-1,0,18,19,3,7,0,0,1,0,0,0,0,0,1,6,6,3,-1,-1,-1,-1,-1,-1,-1,-1,1,-1
2021991065035,2021,991065035,1,1,0,4,4,5,1,9,9,0,0,0,0,0,0,1,6,6,1,14,3,-1,-1,-1,-1,1,-1,0,-1
2021010298671,2021,010298671,1,1,0,18,19,5,1,0,0,2,0,0,0,0,0,1,1,1,1,30,6,-1,-1,-1,-1,2,E01002765,0,-1
2021471103159,2021,471103159,1,9,0,5,5,4,6,0,0,4,0,0,0,0,1,2,5,6,1,77,11,-1,-1,-1,-1,-1,-1,0,-1
2021451015700,2021,451015700,1,1,0,18,19,5,3,0,0,8,0,0,0,0,2,1,6,6,2,28,6,-1,-1,-1,-1,9,E01030715,0,-1
2021061071629,2021,061071629,2,1,0,18,19,1,1,0,0,0,0,0,0,0,1,1,6,6,1,33,6,-1,-1,-1,-1,-1,-1,0,-1
2021201151168,2021,201151168,1,9,0,18,19,6,2,0,0,8,0,0,0,0,0,1,6,6,3,-1,-1,-1,-1,-1,-1,-1,-1,0,-1
2021061024552,2021,061024552,1,9,0,8,8,3,4,0,0,0,0,0,0,0,1,1,6,6,1,30,6,-1,-1,-1,-1,-1,-1,0,-1
202160Z141246,2021,60Z141246,2,9,0,4,4,3,7,0,0,0,0,0,0,0,2,1,6,6,2,75,10,-1,-1,-1,-1,-1,-1,0,-1
2021041096998,2021,041096998,1,9,0,18,19,1,5,0,0,1,0,11,0,0,1,1,6,6,1,27,6,-1,-1,-1,-1,7,E01025108,0,-1
2021430330461,2021,430330461,2,9,0,18,19,3,7,0,0,4,0,0,0,0,1,1,6,6,2,-1,-1,-1,-1,-1,-1,-1,-1,0,-1
2021471089248,2021,471089248,1,9,0,18,19,2,6,0,0,0,0,0,0,0,4,1,5,6,1,53,8,-1,-1,-1,-1,7,E01021184,0,-1
202131C167421,2021,31C167421,1,9,0,7,7,1,3,0,0,5,0,0,0,0,2,1,6,6,3,-1,-1,-1,-1,-1,-1,-1,-1,0,-1
2021991038803,2021,991038803,2,1,0,18,19,1,5,0,0,0,0,0,0,0,3,1,5,6,1,28,6,-1,-1,-1,-1,5,-1,0,-1
2021010331702,2021,010331702,2,1,0,17,19,7,3,5,5,6,0,0,0,0,1,1,1,1,1,32,6,-1,-1,-1,-1,3,E01000052,0,-1
2021552100527,2021,552100527,1,9,0,7,7,3,7,0,0,5,0,0,0,0,4,1,6,6,3,-1,-1,-1,-1,-1,-1,-1,-1,0,-1
2021010348887,2021,010348887,2,1,0,18,19,3,7,2,2,8,0,0,2,10,1,1,1,1,1,26,6,-1,-1,-1,-1,7,E01000886,0,-1
2021332100125,2021,332100125,3,9,0,18,19,7,3,0,0,0,0,0,0,0,3,1,6,6,1,30,6,-1,-1,-1,-1,6,E01015644,0,-1
2021070779146,2021,070779146,2,90,0,2,2,0,0,0,0,1,0,0,7,0,1,1,1,1,3,-1,-1,-1,-1,-1,-1,-1,-1,0,-1
202131A036421,2021,31A036421,2,1,0,18,19,4,8,0,0,8,0,0,0,0,3,1,6,6,1,28,6,-1,-1,-1,-1,10,E01033390,0,-1
2021371039093,2021,371039093,1,9,0,18,19,7,3,0,0,8,0,0,0,0,1,1,6,6,3,-1,-1,-1,-1,-1,-1,-1,-1,0,-1
2021131115091,2021,131115091,2,1,0,18,19,1,5,0,0,0,0,0,0,0,1,1,5,6,1,40,7,-1,-1,-1,-1,5,E01011798,0,-1
2021170M11771,2021,170M11771,2,1,0,18,19,8,4,0,0,8,0,0,0,0,1,1,6,6,1,51,8,-1,-1,-1,-1,3,E01012214,0,-1
202160Z081233,2021,60Z081233,1,9,0,14,14,3,7,0,0,1,0,0,0,0,1,1,6,6,1,25,5,-1,-1,-1,-1,-1,-1,0,-1
2021471041325,2021,471041325,1,9,0,7,7,5,7,0,0,8,0,0,0,0,1,1,6,6,3,-1,-1,-1,-1,-1,-1,-1,-1,0,-1
2021010347582,2021,010347582,2,1,0,18,19,3,7,0,0,6,0,0,0,0,4,1,6,6,1,19,4,-1,-1,-1,-1,3,E01000107,0,-1
2021622200109,2021,622200109,1,9,0,9,9,3,8,0,0,1,0,0,0,0,1,1,6,6,1,30,6,-1,-1,-1,-1,4,E01020334,0,-1
2021991065406,2021,991065406,1,19,0,5,5,4,1,0,0,2,0,0,0,0,0,1,6,6,2,40,7,-1,-1,-1,-1,-1,-1,0,-1
2021010299682,2021,010299682,1,1,0,18,19,5,1,0,0,1,0,0,0,0,0,1,6,6,1,31,6,-1,-1,-1,-1,3,E01001920,0,-1
2021061043132,2021,061043132,2,1,0,10,10,4,2,0,0,1,0,0,0,0,2,1,6,6,1,48,8,-1,-1,-1,-1,2,E01005438,0,-1
2021201098966,2021,201098966,2,1,0,9,9,4,2,0,0,6,0,0,0,0,1,1,6,6,1,10,2,-1,-1,-1,-1,2,E01009753,0,-1
2021101083896,2021,101083896,2,1,0,18,19,3,7,0,0,0,0,0,0,0,2,1,5,6,1,46,8,-1,-1,-1,-1,3,E01008375,0,-1
2021371136204,2021,371136204,1,1,0,18,19,1,7,0,0,1,0,0,0,0,1,1,6,6,1,59,9,-1,-1,-1,-1,6,E01029925,0,-1
2021991100858,2021,991100858,2,1,0,18,19,3,7,0,0,1,0,0,0,0,1,1,6,6,1,30,6,-1,-1,-1,-1,2,-1,0,-1
2021991101283,2021,991101283,1,3,0,18,19,7,7,0,0,1,1,0,0,0,1,1,5,6,1,33,6,-1,-1,-1,-1,1,-1,0,-1
2021010290529,2021,010290529,2,23,0,18,19,7,3,9,9,1,2,0,0,0,4,1,1,1,1,51,8,-1,-1,-1,-1,4,E01003561,0,-1
2021610040821,2021,610040821,2,9,0,18,19,6,2,0,0,0,0,0,0,0,4,1,6,6,1,63,9,-1,-1,-1,-1,-1,-1,0,-1
2021332100445,2021,332100445,3,3,0,14,14,1,5,0,0,0,0,0,0,0,1,1,6,6,1,18,4,-1,-1,-1,-1,7,E01025826,0,-1
2021522101083,2021,522101083,1,9,0,18,19,1,5,0,0,1,0,0,0,0,4,1,2,2,1,51,8,-1,-1,-1,-1,2,E01014602,0,-1
2021332100916,2021,332100916,2,9,0,9,9,6,4,0,0,6,0,0,0,0,1,1,6,6,1,-1,-1,-1,-1,-1,-1,3,E01011016,0,-1
2021010297822,2021,010297822,1,1,9,99,99,9,9,99,99,9,9,99,9,99,9,1,2,2,1,40,7,-1,-1,-1,-1,5,E01002529,0,-1
2021061052514,2021,061052514,2,9,0,2,2,0,0,0,0,2,0,0,0,0,2,1,6,6,2,30,6,-1,-1,-1,-1,1,E01005427,0,-1
2021351062598,2021,351062598,1,9,0,18,19,6,2,0,0,0,5,0,7,9,1,1,2,2,1,30,6,-1,-1,-1,-1,3,E01018092,0,-1
2021430020224,2021,430020224,1,9,0,18,19,6,2,0,0,0,0,0,2,10,1,1,6,6,1,23,5,-1,-1,-1,-1,-1,-1,0,-1
2021010296142,2021,010296142,1,1,0,18,19,7,3,0,0,0,0,0,0,0,1,1,2,2,1,32,6,-1,-1,-1,-1,1,E01002760,0,-1
2021440210257,2021,440210257,2,1,0,18,19,2,6,0,0,0,0,0,0,0,3,1,6,6,1,60,9,-1,-1,-1,-1,10,E01023114,0,-1
2021461160176,2021,461160176,2,1,0,18,19,5,1,0,0,4,0,0,0,0,1,1,6,6,1,63,9,-1,-1,-1,-1,3,E01016155,0,-1
2021010336128,2021,010336128,2,1,9,99,99,9,9,99,99,9,9,99,9,99,1,1,6,6,3,-1,-1,-1,-1,-1,-1,2,E01002735,0,-1
2021161031707,2021,161031707,1,9,0,17,19,3,8,0,0,0,0,0,0,0,3,1,6,6,3,-1,-1,-1,-1,-1,-1,-1,-1,0,-1
2021332100861,2021,332100861,1,9,0,18,19,5,1,0,0,0,0,0,0,0,1,1,6,6,3,-1,-1,-1,-1,-1,-1,-1,-1,0,-1
2021141118507,2021,141118507,1,98,0,18,19,7,3,0,0,3,0,0,0,0,3,2,1,1,1,34,6,-1,-1,-1,-1,-1,-1,0,-1
2021471121114,2021,471121114,1,1,0,17,19,1,5,0,0,0,1,0,0,0,4,1,5,6,1,68,10,-1,-1,-1,-1,8,E01031457,0,-1
2021010291357,2021,010291357,2,9,0,99,99,9,9,99,99,9,9,99,9,99,9,9,6,6,3,-1,-1,-1,-1,-1,-1,-1,-1,0,-1
2021302101632,2021,302101632,1,9,0,18,19,8,4,0,0,0,0,0,0,0,1,1,6,6,3,-1,-1,-1,-1,-1,-1,5,E01019456,0,-1
2021010294695,2021,010294695,1,1,0,18,19,1,5,0,0,0,2,0,0,0,0,1,6,6,1,38,7,-1,-1,-1,-1,10,E01003858,0,-1
2021421079487,2021,421079487,1,9,0,18,19,1,5,0,0,0,0,0,0,0,1,1,6,6,3,-1,-1,-1,-1,-1,-1,-1,-1,0,-1
2021501141617,2021,501141617,1,1,0,4,4,7,3,0,0,1,0,0,0,0,1,1,6,6,1,27,6,-1,-1,-1,-1,1,E01015151,0,-1
2021161056351,2021,161056351,1,97,0,13,13,3,7,0,0,0,0,0,0,0,4,1,6,6,1,-1,-1,-1,-1,-1,-1,-1,-1,0,-1
2021201058362,2021,201058362,1,19,0,18,19,7,3,0,0,1,0,0,0,0,1,1,6,6,1,-1,-1,-1,-1,-1,-1,-1,-1,0,-1
2021010309301,2021,010309301,1,1,0,4,4,4,8,0,0,1,0,0,0,0,1,1,6,6,1,36,7,-1,-1,-1,-1,2,E01003175,0,-1
2021010328163,2021,010328163,2,1,0,18,19,3,7,0,0,1,0,0,0,0,2,1,6,6,1,14,3,-1,-1,-1,-1,1,E01000602,0,-1
2021010293338,2021,010293338,2,9,0,99,99,9,9,99,99,9,9,99,9,99,9,9,6,6,3,-1,-1,-1,-1,-1,-1,-1,-1,0,-1
2021111093694,2021,111093694,1,9,0,1,1,5,1,0,0,0,0,0,0,0,2,1,6,6,1,40,7,-1,-1,-1,-1,-1,-1,0,-1
2021461027244,2021,461027244,1,21,1,18,19,1,5,0,0,0,0,0,2,0,3,1,1,1,1,56,9,-1,-1,-1,-1,-1,-1,0,-1
202134NNC0161,2021,34NNC0161,1,1,0,18,19,1,5,0,0,0,0,0,0,0,0,1,6,6,2,60,9,-1,-1,-1,-1,-1,-1,0,-1
2021010320381,2021,010320381,1,9,0,7,7,3,5,0,0,5,0,0,0,0,4,1,6,6,3,-1,-1,-1,-1,-1,-1,-1,-1,0,-1
2021170M11351,2021,170M11351,1,9,0,5,5,7,3,0,0,1,0,0,0,0,0,1,6,6,3,-1,-1,-1,-1,-1,-1,-1,-1,0,-1
2021320139284,2021,320139284,1,9,0,18,19,6,2,0,0,0,0,0,0,0,1,1,6,6,3,40,7,-1,-1,-1,-1,-1,-1,0,-1
2021332100852,2021,332100852,1,9,0,18,19,1,5,0,0,1,0,0,0,0,1,1,6,6,1,35,6,-1,-1,-1,-1,6,E01025995,0,-1
2021552100495,2021,552100495,2,1,0,18,19,8,4,9,9,1,0,0,0,0,1,1,6,6,1,35,6,-1,-1,-1,-1,1,E01015279,0,-1
2021610039721,2021,610039721,2,9,0,7,7,4,6,0,0,1,0,0,0,0,1,1,6,6,1,32,6,-1,-1,-1,-1,-1,-1,0,-1
2021991023154,2021,991023154,1,9,0,18,19,6,1,0,0,1,1,0,7,0,1,1,6,6,1,23,5,-1,-1,-1,-1,-1,-1,0,-1
2021161054647,2021,161054647,1,11,0,18,19,2,6,0,0,0,0,0,0,0,0,1,1,1,1,30,6,-1,-1,-1,-1,9,E01013025,0,-1
2021332100144,2021,332100144,1,9,0,18,19,8,4,0,0,6,0,0,0,0,1,1,6,6,2,79,11,-1,-1,-1,-1,9,E01028408,0,-1
2021351090339,2021,351090339,2,9,0,5,5,7,3,0,0,1,5,0,0,0,1,1,5,6,1,29,6,-1,-1,-1,-1,2,E01017946,0,-1
2021332100645,2021,332100645,1,1,0,5,5,3,7,4,4,1,0,0,0,0,2,1,1,1,1,29,6,-1,-1,-1,-1,2,E01032867,0,-1
2021332100867,2021,332100867,1,9,0,9,9,7,5,0,0,6,0,0,0,0,1,1,6,6,2,23,5,-1,-1,-1,-1,6,E01025903,0,-1
2021471012599,2021,471012599,2,19,0,2,2,6,2,0,0,0,5,0,0,0,1,1,6,6,3,-1,-1,-1,-1,-1,-1,-1,-1,0,-1
2021332100769,2021,332100769,3,98,0,10,10,1,7,0,0,8,0,0,0,0,1,1,1,1,1,37,7,-1,-1,-1,-1,6,E01029488,0,-1
2021520101510,2021,520101510,2,1,0,18,19,6,2,0,0,4,0,0,0,0,1,1,6,6,1,67,10,-1,-1,-1,-1,5,E01029253,0,-1
202163C052321,2021,63C052321,2,1,0,18,19,5,1,0,0,0,0,0,0,0,3,1,6,6,1,27,6,-1,-1,-1,-1,9,W01000611,0,-1
2021201038036,2021,201038036,2,1,0,18,19,-1,-1,0,0,0,0,0,0,0,1,1,1,1,1,19,4,-1,-1,-1,-1,1,E01009344,0,-1
2021010300710,2021,010300710,1,9,0,17,19,5,1,0,0,8,0,0,1,11,1,1,6,6,1,50,8,-1,-1,-1,-1,5,E01023829,0,-1
2021610031521,2021,610031521,2,9,4,18,19,8,4,0,0,0,0,0,0,0,2,1,1,1,1,36,7,-1,-1,-1,-1,-1,-1,0,-1
2021201059656,2021,201059656,1,19,0,18,19,-1,-1,0,0,1,0,0,0,0,4,1,6,6,3,-1,-1,-1,-1,-1,-1,-1,-1,0,-1
2021451038825,2021,451038825,2,1,0,18,19,8,4,0,0,0,1,0,1,0,2,1,6,6,1,54,8,-1,-1,-1,-1,9,E01030625,0,-1
2021440472515,2021,440472515,1,9,0,18,19,6,2,0,0,1,0,0,0,0,1,1,6,6,2,23,5,-1,-1,-1,-1,8,E01022918,0,-1
2021052101046,2021,052101046,2,1,0,16,19,7,1,0,0,0,0,0,0,0,3,1,6,6,1,61,9,-1,-1,-1,-1,7,E01007196,0,-1
2021010291627,2021,010291627,1,1,9,99,99,9,9,99,99,0,9,99,9,99,0,1,6,6,1,48,8,-1,-1,-1,-1,1,E01004199,0,-1
202160Z062415,2021,60Z062415,2,9,0,18,19,7,3,0,0,0,0,0,0,0,1,1,1,1,1,62,9,-1,-1,-1,-1,-1,-1,0,-1
2021610016121,2021,610016121,1,9,0,18,19,8,4,0,0,1,0,0,0,0,1,1,3,7,1,30,6,-1,-1,-1,-1,-1,-1,0,-1
2021031028888,2021,031028888,1,9,0,9,9,5,3,0,0,0,0,0,0,0,1,1,6,6,2,38,7,-1,-1,-1,-1,6,E01019275,0,-1
2021061109592,2021,061109592,1,90,0,18,19,2,6,0,0,8,0,0,0,0,1,1,6,6,3,30,6,-1,-1,-1,-1,-1,-1,0,-1
2021010335579,2021,010335579,2,1,0,18,19,1,5,0,0,8,9,0,0,0,3,1,6,6,1,16,4,-1,-1,-1,-1,6,E01033571,0,-1
2021041015452,2021,041015452,1,9,0,18,19,7,3,0,0,1,0,0,0,0,1,1,6,6,3,-1,-1,-1,-1,-1,-1,-1,-1,0,-1
2021010335887,2021,010335887,1,9,0,99,99,9,9,99,99,9,9,99,9,99,1,9,6,6,3,-1,-1,-1,-1,-1,-1,-1,-1,0,-1
2021320369127,2021,320369127,1,9,0,18,19,2,6,0,0,6,0,0,0,0,1,1,6,6,3,40,7,-1,-1,-1,-1,-1,-1,0,-1
2021010341211,2021,010341211,1,1,9,99,99,9,9,99,99,9,9,99,9,99,2,1,2,2,2,28,6,-1,-1,-1,-1,2,E01001848,0,-1
2021440055318,2021,440055318,1,9,0,18,19,5,1,0,0,1,0,0,0,0,4,1,6,6,3,-1,-1,-1,-1,-1,-1,-1,-1,0,-1
2021221050199,2021,221050199,3,9,0,3,3,6,2,0,0,0,0,0,0,0,2,1,5,6,2,44,7,-1,-1,-1,-1,10,E01028949,0,-1
2021141089124,2021,141089124,1,9,0,14,14,6,2,0,0,0,-1,-1,0,0,1,1,6,6,3,-1,-1,-1,-1,-1,-1,-1,-1,0,-1
2021430175662,2021,430175662,1,9,0,18,19,6,4,0,0,0,0,0,0,0,4,1,6,6,2,-1,-1,-1,-1,-1,-1,-1,-1,0,-1
2021161063737,2021,161063737,2,9,0,18,19,3,7,0,0,0,0,0,0,0,1,1,6,6,2,-1,-1,-1,-1,-1,-1,-1,-1,0,-1
2021430369577,2021,430369577,1,1,0,17,19,8,5,0,0,0,0,0,0,0,0,1,6,6,1,50,8,-1,-1,-1,-1,10,E01017866,0,-1
2021471012627,2021,471012627,1,9,0,17,19,2,7,0,0,0,0,0,0,0,3,1,2,2,1,24,5,-1,-1,-1,-1,7,E01031616,0,-1
2021010320312,2021,010320312,1,1,9,99,99,9,9,99,99,9,9,99,9,99,9,1,6,6,1,48,8,-1,-1,-1,-1,10,E01003474,0,-1
2021430164127,2021,430164127,2,9,0,18,19,4,8,0,0,1,0,0,0,0,1,1,6,6,1,-1,-1,-1,-1,-1,-1,-1,-1,0,-1
2021138441859,2021,138441859,1,9,0,18,19,8,4,0,0,1,0,0,0,0,1,1,6,6,3,-1,-1,-1,-1,-1,-1,-1,-1,0,-1