collision_index,collision_year,collision_ref_no,vehicle_reference,vehicle_type,towing_and_articulation,vehicle_manoeuvre_historic,vehicle_manoeuvre,vehicle_direction_from,vehicle_direction_to,vehicle_location_restricted_lane_historic,vehicle_location_restricted_lane,junction_location,skidding_and_overturning,hit_object_in_carriageway,vehicle_leaving_carriageway,hit_object_off_carriageway,first_point_of_impact,vehicle_left_hand_drive,journey_purpose_of_driver_historic,journey_purpose_of_driver,sex_of_driver,age_of_driver,age_band_of_driver,engine_capacity_cc,propulsion_code,age_of_vehicle,generic_make_model,driver_imd_decile,lsoa_of_driver,escooter_flag,driver_distance_banding
2021522102604,2021,522102604,1,9,0,18,19,1,5,0,0,1,0,0,0,0,0,1,6,6,3,-1,-1,-1,-1,-1,-1,-1,-1,0,-1
2021010313485,2021,010313485,1,1,0,18,19,5,1,0,0,8,9,0,0,0,9,1,6,6,1,19,4,-1,-1,-1,-1,5,E01003941,0,-1
2021311114657,2021,311114657,1,9,0,4,4,5,1,0,0,0,0,0,0,0,2,1,1,1,1,70,10,-1,-1,-1,-1,4,E01032484,0,-1
2021610053221,2021,610053221,1,9,0,18,19,3,7,0,0,3,0,0,0,0,1,1,6,6,2,22,5,-1,-1,-1,-1,2,W01001348,0,-1
2021610016921,2021,610016921,1,9,0,9,9,6,3,0,0,1,0,0,0,0,3,1,6,6,1,41,7,-1,-1,-1,-1,-1,-1,0,-1
2021161084241,2021,161084241,2,9,0,18,19,8,4,0,0,1,0,0,0,0,1,1,6,6,1,-1,-1,-1,-1,-1,-1,-1,-1,0,-1
2021010314182,2021,010314182,2,9,0,18,19,5,1,0,0,1,0,0,0,0,1,1,6,6,1,-1,-1,-1,-1,-1,-1,-1,-1,0,-1
2021522104571,2021,522104571,1,1,0,18,19,7,3,0,0,0,0,0,0,0,2,1,1,1,1,27,6,-1,-1,-1,-1,4,E01014924,0,-1
2021010344714,2021,010344714,2,1,0,18,19,3,7,0,0,1,0,0,0,0,1,1,2,2,2,45,7,-1,-1,-1,-1,9,E01030394,0,-1
2021421061058,2021,421061058,1,9,0,18,19,2,2,0,0,0,0,0,0,0,3,1,6,6,3,-1,-1,-1,-1,-1,-1,-1,-1,0,-1
2021461077705,2021,461077705,1,97,0,18,19,8,5,0,0,0,5,0,0,0,1,1,6,6,1,-1,-1,-1,-1,-1,-1,-1,-1,0,-1
2021010298842,2021,010298842,1,1,9,99,99,9,9,99,99,9,9,99,9,99,2,1,2,2,1,22,5,-1,-1,-1,-1,3,E01003627,0,-1
2021010312375,2021,010312375,1,-1,0,18,19,3,7,0,0,0,0,0,0,0,2,1,1,1,2,24,5,-1,-1,-1,-1,2,E01004720,1,-1
2021471098937,2021,471098937,2,1,0,13,13,7,3,0,0,2,5,0,0,0,1,1,6,6,2,17,4,-1,-1,-1,-1,-1,-1,0,-1
2021371071876,2021,371071876,1,1,0,18,19,3,7,0,0,0,5,0,0,0,2,1,5,6,1,16,4,-1,-1,-1,-1,6,E01030273,0,-1
2021161025070,2021,161025070,1,1,0,18,19,7,3,0,0,0,0,0,0,0,1,1,5,6,1,36,7,-1,-1,-1,-1,6,E01012961,0,-1
2021471032825,2021,471032825,1,9,0,7,7,3,5,0,0,1,0,0,0,0,1,1,6,6,3,-1,-1,-1,-1,-1,-1,-1,-1,0,-1
2021010337053,2021,010337053,1,3,0,99,99,9,9,99,99,9,9,99,9,99,9,1,6,6,1,35,6,-1,-1,-1,-1,3,E01000638,0,-1
2021522105547,2021,522105547,1,1,0,18,19,1,5,0,0,8,0,0,0,0,1,1,6,6,1,33,6,-1,-1,-1,-1,9,E01014411,0,-1
2021122100381,2021,122100381,1,9,0,18,19,1,5,0,0,0,0,0,0,0,2,1,6,6,3,70,10,-1,-1,-1,-1,8,E01013373,0,-1
2021991058593,2021,991058593,2,1,0,18,19,1,4,0,0,0,0,0,0,0,4,1,6,6,1,28,6,-1,-1,-1,-1,2,-1,0,-1
2021461061924,2021,461061924,1,1,0,18,19,2,7,0,0,0,2,0,0,0,1,1,5,6,1,47,8,-1,-1,-1,-1,5,E01024598,0,-1
2021010319612,2021,010319612,1,1,0,99,99,9,9,0,0,8,0,0,0,0,3,1,2,2,1,20,4,-1,-1,-1,-1,-1,-1,0,-1
2021010292877,2021,010292877,2,9,0,99,99,9,9,99,99,0,9,99,9,99,2,9,6,6,3,-1,-1,-1,-1,-1,-1,-1,-1,0,-1
2021421023242,2021,421023242,3,98,1,11,11,2,6,0,0,8,0,0,0,0,0,1,6,6,3,-1,-1,-1,-1,-1,-1,-1,-1,0,-1
2021052100197,2021,052100197,2,1,0,18,19,6,2,0,0,6,0,0,0,0,3,1,6,6,1,11,3,-1,-1,-1,-1,3,E01007297,0,-1
202131B065521,2021,31B065521,3,9,0,18,19,1,5,0,0,2,1,0,1,0,1,1,6,6,2,56,9,-1,-1,-1,-1,3,E01028030,0,-1
2021131049841,2021,131049841,2,1,0,18,19,7,3,1,1,0,2,0,0,0,1,1,5,6,1,57,9,-1,-1,-1,-1,6,E01007335,0,-1
2021010316433,2021,010316433,2,1,0,18,19,3,7,0,0,1,0,0,0,0,4,1,6,6,2,10,2,-1,-1,-1,-1,8,E01002864,0,-1
2021221111445,2021,221111445,2,16,0,18,19,1,5,0,0,1,0,0,0,0,3,1,5,6,2,43,7,-1,-1,-1,-1,6,E01031188,0,-1
2021010293471,2021,010293471,1,9,0,18,19,3,7,0,0,0,0,0,0,0,1,1,6,6,3,-1,-1,-1,-1,-1,-1,-1,-1,0,-1
2021461057228,2021,461057228,1,19,0,18,19,2,6,0,0,0,0,0,0,0,0,1,6,6,3,-1,-1,-1,-1,-1,-1,-1,-1,0,-1
2021041199041,2021,041199041,2,1,0,18,19,1,5,0,0,1,0,0,0,0,1,1,5,6,1,30,6,-1,-1,-1,-1,6,E01025114,0,-1
2021430309657,2021,430309657,1,21,1,12,12,6,2,0,0,0,1,0,0,0,3,2,1,1,1,51,8,-1,-1,-1,-1,-1,-1,0,-1
2021430551369,2021,430551369,3,9,0,2,2,0,0,0,0,0,0,0,0,0,-1,1,6,6,3,-1,-1,-1,-1,-1,-1,-1,-1,0,-1
2021201137111,2021,201137111,1,9,0,9,9,4,2,0,0,6,0,0,0,0,1,1,6,6,3,-1,-1,-1,-1,-1,-1,-1,-1,0,-1
2021440017513,2021,440017513,2,1,0,18,19,1,5,0,0,8,0,0,0,0,4,1,6,6,2,27,6,-1,-1,-1,-1,4,E01022910,0,-1
2021332100440,2021,332100440,1,1,0,18,19,1,5,0,0,0,0,0,0,0,1,1,1,1,1,31,6,-1,-1,-1,-1,3,E01013641,0,-1
2021451032426,2021,451032426,1,1,0,3,3,7,3,0,0,0,0,0,0,0,3,1,2,2,1,23,5,-1,-1,-1,-1,9,E01030646,0,-1
2021361071104,2021,361071104,1,1,0,18,19,6,2,0,0,8,5,0,0,0,1,1,6,6,1,55,8,-1,-1,-1,-1,10,E01026813,0,-1
2021010349111,2021,010349111,2,1,0,18,19,6,2,0,0,1,0,0,0,0,1,1,6,6,2,33,6,-1,-1,-1,-1,1,E01001740,0,-1
2021041067935,2021,041067935,1,9,0,18,19,3,7,0,0,0,1,0,0,0,1,1,1,1,1,34,6,-1,-1,-1,-1,1,E01025226,0,-1
2021161012346,2021,161012346,2,1,0,18,19,5,1,0,0,3,0,0,1,0,4,1,2,2,2,39,7,-1,-1,-1,-1,6,E01012959,0,-1
2021610028621,2021,610028621,1,9,0,5,5,1,7,0,0,1,0,0,0,0,1,1,6,6,1,45,7,-1,-1,-1,-1,-1,-1,0,-1
2021101189993,2021,101189993,2,1,0,18,19,1,5,0,0,0,0,0,0,0,2,1,5,6,1,38,7,-1,-1,-1,-1,6,E01008467,0,-1
2021010309800,2021,010309800,3,9,0,99,99,9,9,99,99,9,9,99,9,99,1,9,6,6,3,-1,-1,-1,-1,-1,-1,-1,-1,0,-1
2021010320408,2021,010320408,1,1,0,18,19,3,7,4,4,8,0,0,0,0,1,1,2,2,2,52,8,-1,-1,-1,-1,5,E01003340,0,-1
2021522102687,2021,522102687,2,9,0,18,19,7,3,0,0,0,0,0,0,0,4,1,6,6,1,20,4,-1,-1,-1,-1,-1,-1,0,-1
2021461015694,2021,461015694,1,9,0,18,19,1,6,0,0,4,0,9,3,0,1,1,2,2,1,58,9,-1,-1,-1,-1,10,E01024733,0,-1
2021101087780,2021,101087780,1,19,0,6,6,5,1,0,0,1,0,0,0,0,0,1,6,6,3,30,6,-1,-1,-1,-1,-1,-1,0,-1
2021161092673,2021,161092673,2,10,0,7,7,5,1,0,0,2,0,0,0,0,1,1,1,1,1,-1,-1,-1,-1,-1,-1,7,E01013182,0,-1
2021501126029,2021,501126029,2,1,0,18,19,1,5,0,0,1,0,0,0,0,1,1,6,6,2,49,8,-1,-1,-1,-1,2,E01015158,0,-1
2021501015826,2021,501015826,3,9,0,18,19,1,5,0,0,0,0,0,7,0,1,1,2,2,1,51,8,-1,-1,-1,-1,6,E01019893,0,-1
2021622100982,2021,622100982,1,9,0,18,19,5,1,0,0,0,0,0,0,0,1,1,6,6,2,42,7,-1,-1,-1,-1,1,W01000849,0,-1
2021010310667,2021,010310667,1,9,0,99,99,9,9,0,0,0,0,0,0,0,9,1,6,6,1,-1,-1,-1,-1,-1,-1,-1,-1,0,-1
2021332101519,2021,332101519,2,1,0,18,19,1,5,0,0,1,0,0,0,0,0,1,6,6,1,43,7,-1,-1,-1,-1,-1,-1,0,-1
2021010308048,2021,010308048,2,22,0,18,19,3,7,0,0,0,0,0,0,0,1,1,6,6,1,69,10,-1,-1,-1,-1,5,E01004503,0,-1
2021451092417,2021,451092417,1,1,0,18,19,4,8,0,0,0,0,0,1,0,2,1,5,6,1,77,11,-1,-1,-1,-1,10,E01030876,0,-1
2021991116831,2021,991116831,1,23,0,13,13,8,3,0,0,0,0,0,0,0,1,1,6,6,1,19,4,-1,-1,-1,-1,1,-1,0,-1
2021070843251,2021,070843251,5,19,0,4,4,5,1,0,0,1,0,0,0,0,2,1,6,6,1,58,9,-1,-1,-1,-1,3,E01002404,0,-1
2021991167444,2021,991167444,1,98,0,18,19,1,5,0,0,0,0,0,0,0,3,1,1,1,1,57,9,-1,-1,-1,-1,3,-1,0,-1
2021070476503,2021,070476503,1,19,0,5,5,5,3,0,0,5,1,0,0,0,0,1,6,6,3,-1,-1,-1,-1,-1,-1,-1,-1,0,-1
2021010319353,2021,010319353,1,2,0,18,19,1,5,0,0,8,0,0,0,0,1,1,6,6,3,-1,-1,-1,-1,-1,-1,-1,-1,0,-1
202160Z090861,2021,60Z090861,2,9,0,4,4,3,7,0,0,2,0,0,0,0,2,1,6,6,1,21,5,-1,-1,-1,-1,-1,-1,0,-1
2021010336224,2021,010336224,1,1,9,99,99,9,9,99,99,9,9,99,9,99,1,1,2,2,1,31,6,-1,-1,-1,-1,5,E01000194,0,-1
2021041072187,2021,041072187,1,9,0,18,19,7,3,0,0,0,0,0,0,0,2,1,6,6,3,-1,-1,-1,-1,-1,-1,-1,-1,0,-1
2021461090487,2021,461090487,1,9,0,18,19,5,1,0,0,0,0,0,0,0,0,1,5,6,3,-1,-1,-1,-1,-1,-1,-1,-1,0,-1
202163D105121,2021,63D105121,1,17,4,18,19,8,4,0,0,0,0,0,0,0,3,1,6,6,3,-1,-1,-1,-1,-1,-1,-1,-1,0,-1
2021440292622,2021,440292622,2,1,0,18,19,5,1,0,0,0,0,0,0,0,2,1,6,6,1,33,6,-1,-1,-1,-1,4,E01017157,0,-1
2021231120609,2021,231120609,1,9,0,18,19,6,2,0,0,0,0,0,1,10,1,1,5,6,2,44,7,-1,-1,-1,-1,8,E01031196,0,-1
2021522104957,2021,522104957,2,-1,0,12,12,1,7,0,0,1,0,0,0,0,3,1,4,7,1,14,3,-1,-1,-1,-1,1,E01032514,1,-1
2021501046666,2021,501046666,1,9,0,9,9,1,3,0,0,1,0,0,0,0,1,1,6,6,3,-1,-1,-1,-1,-1,-1,-1,-1,0,-1
2021451091881,2021,451091881,1,1,0,17,19,7,3,0,0,0,0,0,0,0,0,1,5,6,1,46,8,-1,-1,-1,-1,4,E01004016,0,-1
2021070008703,2021,070008703,1,9,0,18,19,1,5,0,0,1,0,0,0,0,3,1,6,6,1,-1,-1,-1,-1,-1,-1,-1,-1,0,-1
2021320338922,2021,320338922,1,9,0,18,19,6,2,0,0,0,5,0,1,0,1,1,6,6,1,85,11,-1,-1,-1,-1,1,E01011101,0,-1
2021061106932,2021,061106932,1,1,0,9,9,5,1,0,0,6,0,0,0,0,2,1,6,6,1,13,3,-1,-1,-1,-1,6,E01006226,0,-1
2021141127331,2021,141127331,2,1,0,18,19,7,3,0,0,1,0,0,0,0,1,1,6,6,1,43,7,-1,-1,-1,-1,9,E01007825,0,-1
2021041055145,2021,041055145,2,9,0,11,11,7,3,0,0,0,5,0,0,0,2,1,5,6,2,42,7,-1,-1,-1,-1,8,E01025000,0,-1
2021421060699,2021,421060699,1,4,0,16,19,3,7,0,0,0,0,0,0,0,1,1,6,6,1,43,7,-1,-1,-1,-1,4,E01021957,0,-1
2021010323408,2021,010323408,1,-1,0,18,19,1,5,9,9,0,0,0,0,0,1,1,6,6,3,-1,-1,-1,-1,-1,-1,-1,-1,1,-1
2021010332657,2021,010332657,2,1,0,18,19,3,7,0,0,1,0,0,0,0,1,1,2,2,1,29,6,-1,-1,-1,-1,3,E01003589,0,-1
2021440193924,2021,440193924,2,21,0,5,5,1,5,0,0,0,0,0,0,0,0,1,1,1,1,-1,-1,-1,-1,-1,-1,-1,-1,0,-1
2021361033983,2021,361033983,2,9,0,18,19,3,7,0,0,0,0,0,0,0,4,1,5,6,1,54,8,-1,-1,-1,-1,7,E01026579,0,-1
2021610024321,2021,610024321,1,3,0,17,19,8,6,0,0,0,1,0,1,0,4,1,2,2,1,24,5,-1,-1,-1,-1,-1,-1,0,-1
2021010322205,2021,010322205,2,-1,9,99,99,9,9,99,99,9,9,99,9,99,9,9,6,6,3,-1,-1,-1,-1,-1,-1,-1,-1,1,-1
2021010298881,2021,010298881,2,9,0,4,4,3,7,0,0,3,0,0,0,0,2,1,6,6,3,-1,-1,-1,-1,-1,-1,-1,-1,0,-1
2021371093026,2021,371093026,1,9,0,18,19,8,4,0,0,8,2,0,0,0,1,1,5,6,1,18,4,-1,-1,-1,-1,5,E01030210,0,-1
2021501031277,2021,501031277,2,9,0,18,19,7,3,0,0,0,0,0,0,0,1,1,1,1,1,34,6,-1,-1,-1,-1,8,E01033294,0,-1
2021010293800,2021,010293800,2,8,0,5,5,6,2,0,0,1,0,0,0,0,1,1,1,1,1,39,7,-1,-1,-1,-1,5,E01002584,0,-1
2021010296895,2021,010296895,2,1,0,18,19,1,5,9,9,8,0,0,0,0,1,1,2,2,1,26,6,-1,-1,-1,-1,7,E01001587,0,-1
2021440359049,2021,440359049,2,1,0,7,7,1,5,0,0,2,0,0,0,0,1,1,6,6,1,-1,-1,-1,-1,-1,-1,-1,-1,0,-1
2021522105005,2021,522105005,1,1,0,18,19,1,5,0,0,1,0,0,0,0,4,1,6,6,1,59,9,-1,-1,-1,-1,8,E01014637,0,-1
2021320428306,2021,320428306,1,9,0,18,19,8,4,0,0,0,0,0,0,0,1,1,6,6,3,40,7,-1,-1,-1,-1,-1,-1,0,-1
2021421064384,2021,421064384,1,9,-1,-1,-1,-1,-1,-1,-1,0,-1,-1,-1,0,-1,1,6,6,3,-1,-1,-1,-1,-1,-1,-1,-1,0,-1
2021010341827,2021,010341827,2,1,0,15,15,8,4,4,4,0,0,0,0,0,1,1,2,2,1,41,7,-1,-1,-1,-1,7,E01000296,0,-1
2021332100987,2021,332100987,1,9,0,18,19,2,6,0,0,1,0,0,0,0,1,1,3,7,2,39,7,-1,-1,-1,-1,7,E01025752,0,-1
2021451052420,2021,451052420,1,1,0,17,19,7,3,0,0,8,0,0,0,0,1,1,5,6,2,54,8,-1,-1,-1,-1,9,E01020343,0,-1
2021010320186,2021,010320186,2,1,0,7,7,2,5,0,0,5,0,0,0,0,1,1,6,6,1,59,9,-1,-1,-1,-1,4,E01001724,0,-1
2021430168339,2021,430168339,2,19,0,18,19,4,8,0,0,8,0,0,0,0,4,1,6,6,1,30,6,-1,-1,-1,-1,-1,-1,0,-1
2021101117311,2021,101117311,2,1,-1,18,19,7,3,0,0,8,0,0,0,0,1,1,5,6,1,63,9,-1,-1,-1,-1,4,E01008404,0,-1
2021010326055,2021,010326055,1,1,9,99,99,9,9,99,99,9,9,99,9,99,9,1,6,6,1,49,8,-1,-1,-1,-1,6,E01002668,0,-1
2021501105189,2021,501105189,1,9,0,18,19,1,5,0,0,0,0,0,0,0,4,1,3,7,2,37,7,-1,-1,-1,-1,4,E01020322,0,-1
2021161106616,2021,161106616,1,19,0,7,7,1,3,0,0,5,0,0,0,0,4,1,1,1,1,31,6,-1,-1,-1,-1,7,E01027821,0,-1
2021010337690,2021,010337690,2,1,0,18,19,5,1,0,0,1,0,0,0,0,4,1,6,6,2,21,5,-1,-1,-1,-1,2,E01004252,0,-1
2021141048939,2021,141048939,1,1,0,18,19,7,3,0,0,0,0,0,0,0,1,1,2,2,1,54,8,-1,-1,-1,-1,8,E01007502,0,-1
2021471040062,2021,471040062,2,90,0,18,19,4,8,0,0,1,0,0,0,0,1,1,1,1,1,39,7,-1,-1,-1,-1,8,E01020963,0,-1
2021010328277,2021,010328277,2,9,0,9,9,5,4,0,0,0,9,0,9,0,2,9,6,6,2,-1,-1,-1,-1,-1,-1,-1,-1,0,-1
2021201046321,2021,201046321,2,1,0,18,19,8,4,0,0,1,0,0,0,0,1,1,5,6,1,12,3,-1,-1,-1,-1,5,E01009721,0,-1
2021501048178,2021,501048178,2,1,0,18,19,4,8,0,0,8,0,0,0,0,1,1,6,6,1,63,9,-1,-1,-1,-1,1,E01015255,0,-1
2021520103741,2021,520103741,1,9,0,18,19,6,2,0,0,0,0,0,1,0,1,1,6,6,2,28,6,-1,-1,-1,-1,2,E01015181,0,-1
2021101125082,2021,101125082,1,1,0,18,19,3,7,0,0,0,0,0,0,0,1,1,6,6,1,27,6,-1,-1,-1,-1,3,E01008258,0,-1
2021031062741,2021,031062741,2,1,0,18,19,7,3,0,0,0,0,0,0,0,1,1,5,6,1,23,5,-1,-1,-1,-1,6,E01019323,0,-1
2021010335279,2021,010335279,1,1,0,14,14,7,3,0,0,0,0,0,0,0,2,1,6,6,1,30,6,-1,-1,-1,-1,4,E01001666,0,-1
2021010327947,2021,010327947,1,1,9,99,99,9,9,0,0,9,0,99,9,99,1,1,2,2,1,34,6,-1,-1,-1,-1,2,E01000013,0,-1
2021010323098,2021,010323098,2,1,0,18,19,5,1,0,0,0,0,4,0,0,1,1,6,6,1,30,6,-1,-1,-1,-1,2,E01001218,0,-1
2021010304344,2021,010304344,2,1,0,18,19,5,1,0,0,8,0,0,0,0,1,1,6,6,2,34,6,-1,-1,-1,-1,2,E01002807,0,-1
2021041119472,2021,041119472,1,9,0,18,19,1,5,0,0,0,0,0,0,0,1,1,6,6,1,52,8,-1,-1,-1,-1,3,E01012734,0,-1
2021471055686,2021,471055686,1,1,0,18,19,6,2,9,9,1,0,0,0,0,1,1,6,6,2,-1,-1,-1,-1,-1,-1,-1,-1,0,-1
2021522102159,2021,522102159,1,1,0,5,5,2,8,0,0,8,0,0,0,0,3,1,6,6,2,37,7,-1,-1,-1,-1,6,E01014399,0,-1
2021991078382,2021,991078382,2,1,0,18,19,4,7,4,4,1,0,0,0,0,1,1,6,6,2,51,8,-1,-1,-1,-1,10,-1,0,-1
2021201146358,2021,201146358,1,9,0,2,2,0,0,0,0,0,0,0,0,0,1,1,6,6,3,-1,-1,-1,-1,-1,-1,-1,-1,0,-1
2021549169521,2021,549169521,2,1,0,18,19,7,3,0,0,0,0,0,0,0,1,1,6,6,1,25,5,-1,-1,-1,-1,3,E01015477,0,-1
2021010323768,2021,010323768,1,1,9,99,99,9,9,99,99,0,9,99,9,99,1,1,6,6,1,25,5,-1,-1,-1,-1,2,E01004003,0,-1
2021991149294,2021,991149294,1,9,0,18,19,2,6,0,0,1,0,0,0,0,1,1,6,6,1,65,9,-1,-1,-1,-1,10,-1,0,-1
2021221054529,2021,221054529,1,9,0,13,13,8,4,0,0,0,0,0,0,0,0,1,6,6,3,34,6,-1,-1,-1,-1,-1,-1,0,-1
2021031113372,2021,031113372,3,9,0,9,9,7,3,0,0,0,0,0,0,0,2,1,6,6,1,61,9,-1,-1,-1,-1,6,E01019319,0,-1
2021010315725,2021,010315725,3,9,0,99,99,9,9,99,99,9,9,99,9,99,2,9,6,6,3,-1,-1,-1,-1,-1,-1,-1,-1,0,-1
2021471085548,2021,471085548,1,97,0,18,19,7,3,0,0,4,5,10,0,0,1,1,5,6,1,19,4,-1,-1,-1,-1,5,E01031599,0,-1
2021221088024,2021,221088024,3,9,0,16,19,8,4,0,0,8,0,0,0,0,1,1,1,1,1,52,8,-1,-1,-1,-1,6,E01022260,0,-1
2021111109428,2021,111109428,2,22,0,18,19,5,1,0,0,6,0,0,0,0,1,1,6,6,1,73,10,-1,-1,-1,-1,3,E01020662,0,-1
2021111049203,2021,111049203,1,9,-1,7,7,1,3,0,0,2,0,0,0,0,0,1,6,6,3,-1,-1,-1,-1,-1,-1,-1,-1,0,-1
2021010299692,2021,010299692,1,1,9,99,99,9,9,99,99,0,9,99,9,99,9,1,6,6,1,29,6,-1,-1,-1,-1,4,E01003448,0,-1
2021070212567,2021,070212567,1,9,0,9,9,7,3,0,0,2,0,0,0,0,1,1,6,6,2,-1,-1,-1,-1,-1,-1,-1,-1,0,-1
2021010300326,2021,010300326,2,1,0,18,19,1,5,2,2,1,0,0,0,0,4,1,2,2,2,34,6,-1,-1,-1,-1,4,E01003249,0,-1
2021320318343,2021,320318343,2,1,0,18,19,2,4,0,0,1,5,0,0,0,1,1,6,6,1,34,6,-1,-1,-1,-1,3,E01026032,0,-1
2021451083353,2021,451083353,1,1,0,18,19,4,2,0,0,1,0,0,0,0,1,1,5,6,1,16,4,-1,-1,-1,-1,9,E01030916,0,-1
2021520105331,2021,520105331,2,-1,0,18,19,5,1,0,0,2,0,0,0,0,1,1,6,6,1,24,5,-1,-1,-1,-1,2,E01029109,1,-1
2021010293186,2021,010293186,2,9,0,99,99,9,9,99,99,9,9,99,9,99,4,9,6,6,3,-1,-1,-1,-1,-1,-1,-1,-1,0,-1
2021201023956,2021,201023956,1,9,0,12,12,2,6,0,0,0,0,0,0,0,1,1,6,6,3,-1,-1,-1,-1,-1,-1,-1,-1,0,-1
202131C174821,2021,31C174821,1,-1,0,18,19,8,4,0,0,1,0,0,0,0,1,1,6,6,1,19,4,-1,-1,-1,-1,10,E01023770,1,-1
2021411083572,2021,411083572,4,9,0,4,4,5,1,0,0,0,0,0,0,0,2,1,6,6,1,53,8,-1,-1,-1,-1,10,E01030509,0,-1
2021501049256,2021,501049256,2,1,0,18,19,5,1,0,0,1,5,0,0,0,2,1,4,7,1,14,3,-1,-1,-1,-1,4,E01020002,0,-1
2021221055509,2021,221055509,2,9,0,17,19,4,1,0,0,1,0,0,0,0,0,1,6,6,1,-1,-1,-1,-1,-1,-1,6,E01032383,0,-1
2021061114893,2021,061114893,1,9,0,4,4,7,3,0,0,0,0,0,0,0,4,1,6,6,1,-1,-1,-1,-1,-1,-1,-1,-1,0,-1
2021451074445,2021,451074445,1,9,0,9,9,5,1,0,0,5,0,0,1,0,2,1,2,2,1,44,7,-1,-1,-1,-1,8,E01030544,0,-1
2021010308071,2021,010308071,1,9,9,5,5,5,1,0,0,9,9,99,0,0,1,9,6,6,3,-1,-1,-1,-1,-1,-1,-1,-1,0,-1
2021221118126,2021,221118126,2,16,0,18,19,5,1,0,0,0,0,0,0,0,3,1,5,6,2,24,5,-1,-1,-1,-1,5,E01032414,0,-1
2021430407692,2021,430407692,2,5,0,15,15,8,4,0,0,8,0,0,0,0,1,1,2,2,1,39,7,-1,-1,-1,-1,2,E01016451,0,-1
2021430475893,2021,430475893,1,9,0,18,19,1,5,0,0,1,0,0,0,0,1,1,1,1,1,38,7,-1,-1,-1,-1,-1,-1,0,-1
2021430497225,2021,430497225,1,9,0,7,7,4,6,0,0,5,0,0,0,0,4,1,2,2,1,50,8,-1,-1,-1,-1,4,E01016448,0,-1
2021471049659,2021,471049659,1,9,0,18,19,2,6,0,0,6,0,0,0,0,1,1,5,6,1,28,6,-1,-1,-1,-1,3,E01020913,0,-1
2021010334175,2021,010334175,2,1,0,5,5,1,5,9,9,6,0,0,0,0,3,1,6,6,1,31,6,-1,-1,-1,-1,3,E01003585,0,-1
2021401052882,2021,401052882,1,9,0,18,19,-1,-1,0,0,8,0,0,0,0,1,1,6,6,3,-1,-1,-1,-1,-1,-1,-1,-1,0,-1
202160Z179207,2021,60Z179207,1,9,0,18,19,5,1,0,0,0,0,0,0,0,1,1,1,1,2,36,7,-1,-1,-1,-1,-1,-1,0,-1
2021041031645,2021,041031645,2,1,0,5,5,5,1,0,0,8,5,0,0,0,2,1,6,6,1,48,8,-1,-1,-1,-1,10,E01025316,0,-1
2021302100938,2021,302100938,1,8,0,18,19,4,8,0,0,8,0,0,0,0,1,1,1,1,1,39,7,-1,-1,-1,-1,4,E01028260,0,-1
2021131041461,2021,131041461,1,23,0,5,5,7,3,0,0,6,0,11,0,0,4,1,6,6,1,11,3,-1,-1,-1,-1,-1,-1,0,-1
2021041107470,2021,041107470,1,9,0,18,19,1,5,0,0,1,0,0,0,0,1,1,6,6,3,-1,-1,-1,-1,-1,-1,-1,-1,0,-1
2021010305996,2021,010305996,2,1,0,18,19,1,5,0,0,3,0,0,0,0,4,1,6,6,2,44,7,-1,-1,-1,-1,7,E01002573,0,-1
2021010300543,2021,010300543,1,1,0,18,19,5,1,4,4,1,0,99,0,0,1,1,6,6,1,59,9,-1,-1,-1,-1,9,E01003011,0,-1
202163D021721,2021,63D021721,3,9,0,7,7,8,3,0,0,5,0,0,0,0,0,1,6,6,3,-1,-1,-1,-1,-1,-1,-1,-1,0,-1
2021010306707,2021,010306707,2,-1,0,18,19,7,3,0,0,1,0,0,0,0,3,1,6,6,1,-1,-1,-1,-1,-1,-1,2,E01032564,1,-1
2021430167056,2021,430167056,4,9,0,8,8,2,6,0,0,1,0,0,0,0,4,1,2,2,1,65,9,-1,-1,-1,-1,4,E01028632,0,-1
2021010320955,2021,010320955,2,1,0,18,19,1,5,4,4,8,0,8,0,0,3,1,2,2,2,29,6,-1,-1,-1,-1,1,E01004286,0,-1
2021501107531,2021,501107531,2,1,0,18,19,2,6,0,0,0,0,4,0,0,1,1,5,6,1,35,6,-1,-1,-1,-1,6,E01018826,0,-1
2021520200724,2021,520200724,2,-1,0,18,19,3,7,0,0,8,0,0,0,0,1,1,6,6,1,33,6,-1,-1,-1,-1,5,E01032636,1,-1
2021430222518,2021,430222518,1,9,0,9,9,1,6,0,0,6,0,0,0,0,1,1,6,6,2,33,6,-1,-1,-1,-1,8,E01016656,0,-1
2021461103005,2021,461103005,2,9,0,2,2,0,0,0,0,1,0,0,0,0,3,1,6,6,1,-1,-1,-1,-1,-1,-1,-1,-1,0,-1
2021520106105,2021,520106105,3,9,0,18,19,1,5,0,0,0,0,0,0,0,1,1,6,6,3,30,6,-1,-1,-1,-1,-1,-1,0,-1
20211383R0267,2021,1383R0267,2,9,0,18,19,2,6,0,0,0,0,0,0,0,1,1,6,6,1,32,6,-1,-1,-1,-1,10,E01011710,0,-1
2021201077737,2021,201077737,1,9,0,18,19,-1,-1,0,0,0,0,0,0,0,0,1,6,6,1,65,9,-1,-1,-1,-1,7,E01028826,0,-1
2021010341018,2021,010341018,2,10,0,99,99,9,9,99,99,0,9,99,9,99,3,9,6,6,3,-1,-1,-1,-1,-1,-1,-1,-1,0,-1
2021170S10251,2021,170S10251,2,9,0,18,19,4,8,0,0,8,0,0,0,0,1,1,2,2,1,71,10,-1,-1,-1,-1,-1,-1,0,-1
2021061134306,2021,061134306,1,9,0,18,19,1,5,0,0,1,0,0,0,0,1,1,6,6,3,30,6,-1,-1,-1,-1,-1,-1,0,-1
2021010305335,2021,010305335,1,-1,0,5,5,1,5,0,0,6,0,0,0,0,1,1,2,2,1,42,7,-1,-1,-1,-1,2,E01004044,1,-1
2021332100718,2021,332100718,2,9,0,18,19,2,6,0,0,8,0,0,0,0,1,1,1,1,2,39,7,-1,-1,-1,-1,10,E01025614,0,-1
2021201027645,2021,201027645,2,1,0,5,5,1,5,0,0,0,0,0,0,0,2,1,6,6,2,17,4,-1,-1,-1,-1,4,E01010145,0,-1
2021439424788,2021,439424788,2,1,0,18,19,3,7,0,0,1,0,8,0,0,4,1,6,6,1,32,6,-1,-1,-1,-1,6,E01028570,0,-1