collision_index,collision_year,collision_ref_no,vehicle_reference,vehicle_type,towing_and_articulation,vehicle_manoeuvre_historic,vehicle_manoeuvre,vehicle_direction_from,vehicle_direction_to,vehicle_location_restricted_lane_historic,vehicle_location_restricted_lane,junction_location,skidding_and_overturning,hit_object_in_carriageway,vehicle_leaving_carriageway,hit_object_off_carriageway,first_point_of_impact,vehicle_left_hand_drive,journey_purpose_of_driver_historic,journey_purpose_of_driver,sex_of_driver,age_of_driver,age_band_of_driver,engine_capacity_cc,propulsion_code,age_of_vehicle,generic_make_model,driver_imd_decile,lsoa_of_driver,escooter_flag,driver_distance_banding
2021471106039,2021,471106039,2,1,0,18,19,4,8,0,0,0,0,0,0,0,4,1,4,7,1,12,3,-1,-1,-1,-1,-1,-1,0,-1
2021520104536,2021,520104536,2,1,0,9,9,1,7,0,0,4,0,0,0,0,1,1,6,6,1,23,5,-1,-1,-1,-1,6,E01029289,0,-1
2021010293857,2021,010293857,1,1,0,17,19,3,1,0,0,1,0,0,0,0,0,1,1,1,1,49,8,-1,-1,-1,-1,9,E01003872,0,-1
2021522104703,2021,522104703,2,1,0,18,19,2,6,0,0,8,0,0,0,0,1,1,6,6,2,27,6,-1,-1,-1,-1,6,E01014563,0,-1
2021122101236,2021,122101236,1,9,0,18,19,7,3,0,0,0,1,0,7,9,1,1,1,1,1,34,6,-1,-1,-1,-1,7,E01027076,0,-1
2021070764717,2021,070764717,1,9,0,7,7,7,3,0,0,1,0,0,0,0,0,1,6,6,3,-1,-1,-1,-1,-1,-1,-1,-1,0,-1
2021052100337,2021,052100337,3,1,0,18,19,1,4,0,0,0,0,0,0,0,4,1,6,6,3,-1,-1,-1,-1,-1,-1,-1,-1,0,-1
2021461056603,2021,461056603,1,1,0,16,19,5,1,0,0,0,0,0,0,0,3,1,5,6,1,55,8,-1,-1,-1,-1,10,E01022085,0,-1
2021201119361,2021,201119361,1,90,0,18,19,8,4,0,0,8,2,0,0,0,1,1,6,6,2,20,4,-1,-1,-1,-1,1,E01009965,0,-1
2021101067118,2021,101067118,1,9,-1,3,3,3,7,0,0,0,0,0,0,0,1,1,6,6,1,-1,-1,-1,-1,-1,-1,-1,-1,0,-1
2021010314332,2021,010314332,1,1,0,18,19,1,5,0,0,1,0,0,0,0,2,1,2,2,1,49,8,-1,-1,-1,-1,4,E01000491,0,-1
202160Z112357,2021,60Z112357,1,9,0,18,19,3,7,0,0,1,0,0,2,11,1,1,6,6,1,93,11,-1,-1,-1,-1,-1,-1,0,-1
2021010315073,2021,010315073,2,1,0,9,9,5,4,0,0,8,0,0,0,0,1,1,6,6,2,27,6,-1,-1,-1,-1,7,E01002911,0,-1
2021061101621,2021,061101621,1,9,0,9,9,7,5,0,0,2,0,0,0,0,1,1,1,1,2,36,7,-1,-1,-1,-1,2,E01005438,0,-1
2021201149180,2021,201149180,1,9,0,18,19,7,3,0,0,8,0,0,0,0,4,1,6,6,3,-1,-1,-1,-1,-1,-1,-1,-1,0,-1
2021421028008,2021,421028008,1,21,1,12,12,7,3,0,0,0,0,0,0,0,3,1,1,1,1,53,8,-1,-1,-1,-1,1,E01015593,0,-1
2021052101913,2021,052101913,1,9,0,18,19,3,7,0,0,1,0,0,0,0,1,1,6,6,3,-1,-1,-1,-1,-1,-1,-1,-1,0,-1
2021549743721,2021,549743721,2,1,0,18,19,6,2,0,0,0,0,0,0,0,2,1,6,6,1,19,4,-1,-1,-1,-1,2,E01015573,0,-1
2021010294297,2021,010294297,2,-1,0,18,19,1,5,0,0,8,0,0,0,0,1,1,6,6,1,19,4,-1,-1,-1,-1,1,E01002069,1,-1
2021052101080,2021,052101080,1,9,0,18,19,5,1,0,0,8,0,0,0,0,4,1,6,6,3,-1,-1,-1,-1,-1,-1,-1,-1,0,-1
202106L079783,2021,06L079783,2,9,0,3,3,1,5,0,0,0,0,0,0,0,2,1,6,6,2,35,6,-1,-1,-1,-1,1,E01006327,0,-1
2021010307176,2021,010307176,1,2,0,18,19,1,5,0,0,8,0,0,0,0,1,1,6,6,3,-1,-1,-1,-1,-1,-1,-1,-1,0,-1
202131D140221,2021,31D140221,2,1,0,18,19,8,4,0,0,0,0,0,0,0,3,1,2,2,1,63,9,-1,-1,-1,-1,8,E01028371,0,-1
2021101057818,2021,101057818,2,1,0,18,19,5,1,0,0,4,0,0,0,0,2,1,5,6,1,17,4,-1,-1,-1,-1,-1,-1,0,-1
2021991096842,2021,991096842,2,1,0,18,19,5,1,0,0,0,0,0,1,0,2,1,2,2,1,48,8,-1,-1,-1,-1,-1,-1,0,-1
2021041082876,2021,041082876,1,9,0,18,19,7,3,0,0,1,0,0,0,0,1,1,6,6,3,-1,-1,-1,-1,-1,-1,-1,-1,0,-1
2021991109718,2021,991109718,1,19,0,17,19,2,6,0,0,0,0,0,0,0,1,2,2,2,1,26,6,-1,-1,-1,-1,-1,-1,0,-1
2021522104341,2021,522104341,2,-1,0,18,19,3,7,0,0,8,0,0,0,0,4,1,6,6,2,23,5,-1,-1,-1,-1,3,E01014730,1,-1
2021201070724,2021,201070724,1,9,0,13,13,2,6,0,0,0,0,0,0,0,1,1,6,6,3,-1,-1,-1,-1,-1,-1,-1,-1,0,-1
2021371085250,2021,371085250,1,19,0,17,19,8,3,0,0,1,0,0,0,0,3,1,6,6,1,56,9,-1,-1,-1,-1,8,E01030065,0,-1
2021010292334,2021,010292334,2,9,0,9,9,5,2,0,0,1,0,0,0,0,1,1,6,6,2,27,6,-1,-1,-1,-1,3,E01000510,0,-1
2021010325117,2021,010325117,1,1,9,99,99,9,9,99,99,0,9,99,9,99,9,1,6,6,1,47,8,-1,-1,-1,-1,4,E01003213,0,-1
2021201025242,2021,201025242,1,9,0,18,19,-1,-1,0,0,8,0,0,0,0,1,1,5,6,3,-1,-1,-1,-1,-1,-1,-1,-1,0,-1
2021552100849,2021,552100849,2,1,0,18,19,6,2,4,4,8,0,0,0,0,3,1,6,6,2,28,6,-1,-1,-1,-1,4,E01015276,0,-1
2021010356997,2021,010356997,1,9,0,99,99,9,9,99,99,9,9,99,9,99,4,9,6,6,3,-1,-1,-1,-1,-1,-1,-1,-1,0,-1
202163D076221,2021,63D076221,1,9,0,18,19,7,3,0,0,1,0,0,0,0,4,1,6,6,1,72,10,-1,-1,-1,-1,5,W01000452,0,-1
2021440383938,2021,440383938,1,1,0,18,19,1,5,0,0,1,0,0,0,0,2,1,6,6,1,70,10,-1,-1,-1,-1,1,E01017038,0,-1
202163D089521,2021,63D089521,3,9,0,3,3,-1,-1,0,0,0,0,0,0,0,2,1,6,6,2,23,5,-1,-1,-1,-1,8,W01000429,0,-1
2021061103961,2021,061103961,1,9,0,18,19,7,4,0,0,0,0,0,0,0,1,1,6,6,3,-1,-1,-1,-1,-1,-1,-1,-1,0,-1
202160Z167698,2021,60Z167698,1,9,0,1,1,2,6,0,0,1,0,0,0,0,0,1,6,6,1,51,8,-1,-1,-1,-1,-1,-1,0,-1
202160Z010768,2021,60Z010768,1,3,0,12,12,6,2,0,0,7,1,10,0,0,3,1,6,6,1,-1,-1,-1,-1,-1,-1,-1,-1,0,-1
2021401090045,2021,401090045,2,90,0,18,19,6,2,0,0,1,0,0,0,0,1,1,6,6,1,14,3,-1,-1,-1,-1,2,E01015807,0,-1
2021501093106,2021,501093106,2,1,0,18,19,5,1,0,0,0,0,0,0,0,1,1,5,6,1,20,4,-1,-1,-1,-1,2,E01015156,0,-1
2021351059606,2021,351059606,1,-1,-1,-1,-1,-1,-1,-1,-1,0,-1,-1,-1,0,-1,1,6,6,3,-1,-1,-1,-1,-1,-1,-1,-1,1,-1
2021361086167,2021,361086167,1,1,0,18,19,4,8,0,0,1,2,0,0,0,1,1,5,6,1,35,6,-1,-1,-1,-1,7,E01026856,0,-1
2021041025789,2021,041025789,1,9,0,18,19,1,1,0,0,0,1,4,0,0,1,1,2,2,1,22,5,-1,-1,-1,-1,5,E01025541,0,-1
2021430391758,2021,430391758,1,1,0,18,19,6,2,0,0,8,0,0,0,0,1,1,6,6,1,-1,-1,-1,-1,-1,-1,10,E01017745,0,-1
2021010308788,2021,010308788,1,9,0,18,19,5,1,0,0,0,0,11,0,0,1,1,1,1,1,22,5,-1,-1,-1,-1,7,E01024447,0,-1
2021131038250,2021,131038250,2,1,0,18,19,7,3,0,0,8,0,0,0,0,1,1,2,2,1,26,6,-1,-1,-1,-1,10,E01010906,0,-1
2021461016899,2021,461016899,3,9,0,9,9,5,1,0,0,1,0,0,0,0,0,1,5,6,3,-1,-1,-1,-1,-1,-1,-1,-1,0,-1
202154C185121,2021,54C185121,1,9,0,18,19,3,7,0,0,4,0,0,0,0,1,1,6,6,3,-1,-1,-1,-1,-1,-1,-1,-1,0,-1
2021332100943,2021,332100943,1,9,0,13,13,8,4,0,0,0,0,0,0,0,4,1,2,2,1,21,5,-1,-1,-1,-1,8,E01025685,0,-1
2021231040124,2021,231040124,2,1,0,14,14,8,4,0,0,1,0,0,0,0,3,1,6,6,1,57,9,-1,-1,-1,-1,8,E01031181,0,-1
2021010327885,2021,010327885,2,9,0,99,99,9,9,99,99,9,9,99,9,99,2,1,6,6,3,-1,-1,-1,-1,-1,-1,-1,-1,0,-1
202131D132221,2021,31D132221,1,1,0,18,19,3,7,1,1,8,0,0,0,0,3,1,6,6,1,20,4,-1,-1,-1,-1,-1,-1,0,-1
2021440364692,2021,440364692,2,1,0,18,19,7,3,0,0,8,0,0,0,0,1,1,6,6,1,49,8,-1,-1,-1,-1,4,E01017042,0,-1
2021501086225,2021,501086225,2,1,0,18,19,7,3,0,0,8,0,0,0,0,1,1,6,6,1,41,7,-1,-1,-1,-1,6,E01020033,0,-1
2021010321839,2021,010321839,2,1,0,18,19,1,5,0,0,1,2,0,0,0,0,1,2,2,1,31,6,-1,-1,-1,-1,2,E01003049,0,-1
2021010302230,2021,010302230,3,9,0,2,2,0,0,0,0,0,0,0,0,0,1,1,6,6,3,-1,-1,-1,-1,-1,-1,-1,-1,0,-1
2021221085507,2021,221085507,1,4,0,9,9,3,1,0,0,3,0,0,1,11,1,1,5,6,1,68,10,-1,-1,-1,-1,7,E01032442,0,-1
2021131107131,2021,131107131,1,90,0,3,3,5,1,0,0,0,0,0,0,0,2,1,1,1,1,30,6,-1,-1,-1,-1,3,E01011786,0,-1
2021501108764,2021,501108764,2,1,0,18,19,3,7,0,0,1,0,0,0,0,3,1,5,6,1,18,4,-1,-1,-1,-1,6,E01020243,0,-1
2021010289288,2021,010289288,2,1,9,99,99,9,9,99,99,9,9,99,9,99,1,1,6,6,2,45,7,-1,-1,-1,-1,5,E01003142,0,-1
2021351036165,2021,351036165,2,1,0,18,19,8,4,4,4,8,0,0,0,0,1,1,6,6,1,39,7,-1,-1,-1,-1,5,E01017991,0,-1
2021371116958,2021,371116958,2,22,0,3,3,1,5,9,9,0,5,0,0,0,0,1,5,6,1,95,11,-1,-1,-1,-1,8,E01029887,0,-1
2021622100374,2021,622100374,2,1,0,13,13,8,4,0,0,1,0,0,7,0,1,1,6,6,1,54,8,-1,-1,-1,-1,9,W01001196,0,-1
2021041160442,2021,041160442,1,9,0,-1,-1,-1,-1,-1,-1,0,-1,-1,-1,-1,-1,1,6,6,3,-1,-1,-1,-1,-1,-1,-1,-1,0,-1
2021332100843,2021,332100843,1,9,0,9,9,6,4,0,0,5,0,0,1,0,1,1,6,6,1,57,9,-1,-1,-1,-1,7,E01025765,0,-1
2021201080360,2021,201080360,1,98,0,2,2,0,0,0,0,0,0,0,0,0,2,1,1,1,1,59,9,-1,-1,-1,-1,8,E01030042,0,-1
2021031124905,2021,031124905,1,9,0,18,19,8,6,0,0,1,0,0,0,0,0,1,5,6,1,34,6,-1,-1,-1,-1,1,E01019156,0,-1
2021010337397,2021,010337397,1,1,9,99,99,9,9,99,99,9,9,99,9,99,1,1,2,2,1,56,9,-1,-1,-1,-1,5,E01003260,0,-1
2021031056071,2021,031056071,2,9,0,17,19,1,5,0,0,0,1,0,0,0,1,1,1,1,2,31,6,-1,-1,-1,-1,5,E01019282,0,-1
2021332100374,2021,332100374,2,9,0,5,5,6,2,0,0,0,0,0,0,0,1,1,6,6,1,31,6,-1,-1,-1,-1,5,E01013671,0,-1
2021991124579,2021,991124579,2,1,0,18,19,7,3,0,0,2,0,0,0,0,4,1,6,6,1,50,8,-1,-1,-1,-1,2,-1,0,-1
2021430484224,2021,430484224,2,16,0,18,19,2,6,0,0,0,0,0,0,0,3,1,6,6,3,-1,-1,-1,-1,-1,-1,-1,-1,0,-1
202160Z165794,2021,60Z165794,1,9,0,9,9,8,6,0,0,8,0,0,1,0,1,1,2,2,1,59,9,-1,-1,-1,-1,-1,-1,0,-1
2021010350769,2021,010350769,1,1,0,18,19,1,5,9,9,0,0,0,0,0,1,1,6,6,1,17,4,-1,-1,-1,-1,7,E01003659,0,-1
2021131051767,2021,131051767,1,1,0,16,19,6,2,0,0,1,1,0,0,0,1,1,5,6,1,25,5,-1,-1,-1,-1,3,E01011784,0,-1
2021052100177,2021,052100177,1,9,0,18,19,3,7,0,0,3,0,0,3,11,1,1,6,6,3,-1,-1,-1,-1,-1,-1,-1,-1,0,-1
2021471047019,2021,471047019,1,9,0,18,19,3,7,0,0,0,0,0,0,0,-1,1,6,6,3,-1,-1,-1,-1,-1,-1,-1,-1,0,-1
2021010347929,2021,010347929,1,-1,0,18,19,2,6,0,0,1,0,0,0,0,1,1,6,6,3,-1,-1,-1,-1,-1,-1,-1,-1,1,-1
2021332101588,2021,332101588,2,9,0,2,2,0,0,0,0,0,0,0,0,0,2,1,6,6,3,-1,-1,-1,-1,-1,-1,-1,-1,0,-1
2021610008921,2021,610008921,2,9,0,8,8,3,1,0,0,4,0,0,0,0,4,1,6,6,2,69,10,-1,-1,-1,-1,-1,-1,0,-1
2021010337585,2021,010337585,1,1,9,99,99,9,9,99,99,9,9,99,9,99,9,1,6,6,1,53,8,-1,-1,-1,-1,3,E01004633,0,-1
202131B071921,2021,31B071921,1,4,0,18,19,3,7,9,9,0,0,0,0,0,1,1,6,6,3,-1,-1,-1,-1,-1,-1,-1,-1,0,-1
2021522106132,2021,522106132,1,1,0,18,19,8,4,9,9,0,0,0,0,0,1,1,6,6,1,23,5,-1,-1,-1,-1,4,E01014576,0,-1
2021221125359,2021,221125359,1,19,0,17,19,6,2,0,0,0,0,0,0,0,3,1,6,6,3,34,6,-1,-1,-1,-1,-1,-1,0,-1
2021461118169,2021,461118169,1,9,0,5,5,1,3,0,0,1,0,0,0,0,1,1,6,6,3,-1,-1,-1,-1,-1,-1,-1,-1,0,-1
2021221091405,2021,221091405,1,9,0,5,5,7,3,0,0,0,0,0,0,0,1,1,5,6,2,35,6,-1,-1,-1,-1,4,E01014072,0,-1
2021010337644,2021,010337644,2,1,0,18,19,7,3,0,0,1,0,0,0,0,1,1,2,2,1,56,9,-1,-1,-1,-1,3,E01000918,0,-1
2021010313466,2021,010313466,2,9,0,99,99,9,9,99,99,9,9,99,9,99,9,9,6,6,3,-1,-1,-1,-1,-1,-1,-1,-1,0,-1
2021991049525,2021,991049525,2,1,0,18,19,7,2,0,0,0,0,0,0,0,2,1,5,6,1,56,9,-1,-1,-1,-1,9,-1,0,-1
2021302100694,2021,302100694,2,9,0,14,14,4,8,0,0,0,0,0,0,0,3,1,6,6,3,-1,-1,-1,-1,-1,-1,5,E01019456,0,-1
2021010312909,2021,010312909,1,3,9,99,99,9,9,99,99,9,9,99,9,99,9,1,6,6,3,-1,-1,-1,-1,-1,-1,-1,-1,0,-1
2021371083102,2021,371083102,2,20,1,16,19,5,8,0,0,0,0,0,0,0,1,1,1,1,1,29,6,-1,-1,-1,-1,-1,-1,0,-1
2021010335973,2021,010335973,1,1,9,99,99,9,9,99,99,9,9,99,9,99,2,1,2,2,3,36,7,-1,-1,-1,-1,3,E01001349,0,-1
2021010316585,2021,010316585,2,1,0,18,19,5,1,0,0,0,5,0,0,0,2,1,6,6,1,50,8,-1,-1,-1,-1,8,E01000254,0,-1
2021991083356,2021,991083356,2,1,0,18,19,6,2,0,0,0,0,0,0,0,2,1,5,6,1,21,5,-1,-1,-1,-1,9,E01033233,0,-1
2021041126970,2021,041126970,2,9,0,18,19,5,1,0,0,8,0,0,0,0,1,1,5,6,1,33,6,-1,-1,-1,-1,9,E01025596,0,-1
2021411122193,2021,411122193,2,1,0,18,19,7,3,0,0,0,0,0,0,0,2,1,6,6,1,34,6,-1,-1,-1,-1,2,E01023758,0,-1
2021041128423,2021,041128423,1,9,0,7,7,1,7,0,0,8,0,0,0,0,1,1,6,6,3,-1,-1,-1,-1,-1,-1,-1,-1,0,-1
2021461043265,2021,461043265,1,9,0,5,5,8,5,0,0,1,0,0,0,0,1,1,5,6,1,39,7,-1,-1,-1,-1,6,E01032798,0,-1
2021141060041,2021,141060041,2,9,0,18,19,6,2,0,0,2,0,0,0,0,0,1,6,6,3,-1,-1,-1,-1,-1,-1,-1,-1,0,-1
2021302101814,2021,302101814,2,1,0,18,19,4,8,0,0,1,0,0,0,0,1,1,6,6,1,41,7,-1,-1,-1,-1,1,E01013583,0,-1
2021302100321,2021,302100321,2,1,0,7,7,2,8,0,0,3,0,0,0,0,4,1,6,6,1,73,10,-1,-1,-1,-1,7,E01019479,0,-1
2021010340545,2021,010340545,1,9,0,18,19,3,7,0,0,1,0,4,0,0,1,1,2,2,1,31,6,-1,-1,-1,-1,2,E01001509,0,-1
2021070471632,2021,070471632,2,1,0,18,19,1,5,0,0,1,0,0,0,0,1,1,6,6,1,12,3,-1,-1,-1,-1,2,E01018538,0,-1
202160Z028281,2021,60Z028281,1,9,4,18,19,8,4,0,0,0,0,0,0,0,3,1,1,1,1,64,9,-1,-1,-1,-1,-1,-1,0,-1
2021161127803,2021,161127803,2,1,0,18,19,3,7,0,0,0,0,0,0,0,1,1,6,6,2,53,8,-1,-1,-1,-1,-1,-1,0,-1
2021010290844,2021,010290844,1,1,0,18,19,2,6,0,0,8,0,0,0,0,2,1,6,6,1,50,8,-1,-1,-1,-1,7,E01003800,0,-1
2021501016036,2021,501016036,1,9,0,7,7,3,7,0,0,1,0,0,0,0,1,1,6,6,3,-1,-1,-1,-1,-1,-1,-1,-1,0,-1
20211381E0253,2021,1381E0253,2,9,0,18,19,5,3,0,0,0,1,0,0,0,1,1,1,1,1,28,6,-1,-1,-1,-1,1,E01013600,0,-1
2021101035432,2021,101035432,2,1,0,9,9,7,7,0,0,1,0,0,0,0,1,1,2,2,1,33,6,-1,-1,-1,-1,2,E01008301,0,-1
2021101011436,2021,101011436,3,9,0,18,19,5,1,0,0,0,0,0,0,0,1,1,5,6,1,48,8,-1,-1,-1,-1,1,E01008390,0,-1
2021332100199,2021,332100199,2,9,0,17,19,7,5,0,0,8,0,0,0,0,3,1,6,6,1,23,5,-1,-1,-1,-1,3,E01032868,0,-1
2021221023178,2021,221023178,2,1,0,18,19,3,7,0,0,8,0,0,0,0,1,1,5,6,2,65,9,-1,-1,-1,-1,8,E01032184,0,-1
2021461062737,2021,461062737,1,9,0,18,19,6,2,0,0,1,0,0,0,0,0,1,1,1,3,-1,-1,-1,-1,-1,-1,-1,-1,0,-1
2021010331808,2021,010331808,2,23,0,18,19,7,3,0,0,4,0,0,0,0,1,1,6,6,1,14,3,-1,-1,-1,-1,3,E01000333,0,-1
2021010306984,2021,010306984,2,1,0,7,7,1,3,0,0,1,0,0,0,0,1,1,6,6,1,28,6,-1,-1,-1,-1,4,E01003301,0,-1
2021991074465,2021,991074465,4,9,0,18,19,7,2,0,0,1,0,0,1,0,2,1,6,6,1,82,11,-1,-1,-1,-1,5,-1,0,-1
202160Z056597,2021,60Z056597,2,1,0,18,19,4,8,0,0,0,0,0,0,0,3,1,6,6,1,53,8,-1,-1,-1,-1,-1,-1,0,-1
2021010304132,2021,010304132,1,1,0,99,99,9,9,0,0,8,0,0,0,0,3,1,6,6,1,43,7,-1,-1,-1,-1,9,E01030358,0,-1
2021010339715,2021,010339715,2,1,0,18,19,6,2,0,0,0,5,0,4,0,1,1,2,2,1,49,8,-1,-1,-1,-1,4,E01000378,0,-1
2021052100352,2021,052100352,1,9,0,18,19,9,9,0,0,8,0,0,0,0,1,1,6,6,3,-1,-1,-1,-1,-1,-1,-1,-1,0,-1
2021010319365,2021,010319365,2,1,0,18,19,7,3,3,2,1,0,0,0,0,1,1,6,6,1,17,4,-1,-1,-1,-1,1,E01004722,0,-1
2021052101929,2021,052101929,1,1,0,18,19,5,1,0,0,0,0,0,0,0,4,1,4,7,1,14,3,-1,-1,-1,-1,1,E01007175,0,-1
2021101026824,2021,101026824,2,1,0,18,19,1,5,0,0,8,5,0,0,0,1,1,2,2,1,52,8,-1,-1,-1,-1,-1,-1,0,-1
2021440195352,2021,440195352,1,9,0,9,9,8,6,0,0,8,0,0,0,0,1,1,6,6,1,56,9,-1,-1,-1,-1,10,E01023268,0,-1
2021010327336,2021,010327336,2,1,0,18,19,5,1,0,0,1,0,0,0,0,1,1,6,6,2,26,6,-1,-1,-1,-1,7,E01001904,0,-1
2021481070693,2021,481070693,2,1,0,18,19,7,3,0,0,1,0,0,0,0,4,1,2,2,1,24,5,-1,-1,-1,-1,7,E01014701,0,-1
2021471093950,2021,471093950,2,1,-1,18,19,3,7,0,0,8,0,0,0,0,-1,1,6,6,1,16,4,-1,-1,-1,-1,8,E01031667,0,-1
2021351098348,2021,351098348,1,98,0,18,19,-1,-1,0,0,0,0,0,0,0,1,1,6,6,3,-1,-1,-1,-1,-1,-1,-1,-1,0,-1
2021302100393,2021,302100393,1,9,0,17,19,8,4,0,0,0,0,0,0,0,1,1,6,6,1,64,9,-1,-1,-1,-1,8,E01019596,0,-1
202160Z086729,2021,60Z086729,1,9,0,16,19,5,6,0,0,0,1,0,7,11,1,1,2,2,2,55,8,-1,-1,-1,-1,-1,-1,0,-1
2021440231092,2021,440231092,2,19,0,5,5,5,1,0,0,1,0,0,0,0,1,1,1,1,1,28,6,-1,-1,-1,-1,5,E01022835,0,-1
2021131124097,2021,131124097,1,9,0,1,1,6,2,0,0,2,0,0,0,0,2,1,6,6,3,-1,-1,-1,-1,-1,-1,-1,-1,0,-1
2021311088057,2021,311088057,2,9,0,18,19,1,5,0,0,1,0,0,0,0,4,1,6,6,1,23,5,-1,-1,-1,-1,2,E01013852,0,-1
2021411061704,2021,411061704,2,1,-1,-1,-1,-1,-1,-1,-1,-1,-1,-1,-1,0,-1,1,6,6,1,33,6,-1,-1,-1,-1,3,E01002847,0,-1
2021522104769,2021,522104769,3,9,0,3,3,4,8,0,0,0,0,0,0,0,2,1,6,6,1,36,7,-1,-1,-1,-1,10,E01014067,0,-1
202160Z107927,2021,60Z107927,2,1,0,18,19,2,6,0,0,8,0,0,0,0,1,1,6,6,1,64,9,-1,-1,-1,-1,-1,-1,0,-1
2021461081022,2021,461081022,1,1,0,18,19,5,1,0,0,1,0,0,8,0,0,1,6,6,2,70,10,-1,-1,-1,-1,4,E01004652,0,-1
2021440407925,2021,440407925,2,9,0,5,5,6,2,0,0,1,0,0,0,0,1,1,2,2,2,44,7,-1,-1,-1,-1,5,E01023139,0,-1
2021361054344,2021,361054344,2,9,0,2,2,0,0,0,0,0,0,0,0,0,1,1,6,6,3,-1,-1,-1,-1,-1,-1,-1,-1,0,-1
2021201060404,2021,201060404,1,1,0,18,19,-1,-1,0,0,0,0,0,-1,0,4,1,3,7,1,14,3,-1,-1,-1,-1,-1,-1,0,-1
202134NNC0331,2021,34NNC0331,1,-1,0,18,19,7,3,0,0,0,0,0,0,0,4,1,2,2,1,43,7,-1,-1,-1,-1,-1,-1,1,-1
2021461092334,2021,461092334,2,1,0,18,19,1,5,0,0,0,0,0,0,0,1,1,6,6,1,59,9,-1,-1,-1,-1,7,E01024064,0,-1
2021552100042,2021,552100042,2,9,0,7,7,2,6,0,0,3,0,0,7,1,4,1,6,6,2,38,7,-1,-1,-1,-1,5,E01020562,0,-1
2021161015698,2021,161015698,1,9,0,17,19,7,4,0,0,0,2,0,1,9,1,1,6,6,2,29,6,-1,-1,-1,-1,5,E01013019,0,-1
2021440411135,2021,440411135,1,9,0,6,6,7,3,0,0,1,0,0,0,0,4,1,1,1,1,66,10,-1,-1,-1,-1,4,E01022834,0,-1
2021332100043,2021,332100043,1,9,0,4,4,7,3,0,0,1,1,0,0,0,1,1,2,2,2,32,6,-1,-1,-1,-1,2,E01013716,0,-1
2021320352525,2021,320352525,2,9,0,18,19,4,8,0,0,8,0,0,0,0,3,1,6,6,1,64,9,-1,-1,-1,-1,6,E01026331,0,-1
2021471044721,2021,471044721,2,9,0,9,9,1,7,0,0,8,0,0,0,0,0,1,6,6,3,-1,-1,-1,-1,-1,-1,-1,-1,0,-1
2021010352535,2021,010352535,1,1,9,99,99,9,9,99,99,9,9,99,9,99,1,1,2,2,2,26,6,-1,-1,-1,-1,5,E01004517,0,-1
2021010296716,2021,010296716,1,1,9,99,99,9,9,99,99,9,9,99,9,99,2,1,6,6,2,40,7,-1,-1,-1,-1,2,E01002003,0,-1
2021010292856,2021,010292856,2,1,0,3,3,1,5,9,9,1,0,0,7,0,1,1,6,6,1,50,8,-1,-1,-1,-1,1,E01000105,0,-1
2021010295973,2021,010295973,1,1,9,99,99,9,9,99,99,0,9,99,9,99,9,1,6,6,2,70,10,-1,-1,-1,-1,5,E01001902,0,-1
202131C083621,2021,31C083621,1,19,0,1,1,7,3,0,0,0,0,0,0,0,2,1,6,6,3,-1,-1,-1,-1,-1,-1,-1,-1,0,-1
2021041113421,2021,041113421,1,9,0,18,19,1,5,0,0,0,0,0,0,0,1,1,6,6,1,-1,-1,-1,-1,-1,-1,-1,-1,0,-1
2021031109331,2021,031109331,2,9,0,18,19,7,3,0,0,1,0,0,0,0,4,1,1,1,1,58,9,-1,-1,-1,-1,5,E01027503,0,-1
2021610052521,2021,610052521,4,9,0,18,19,0,0,0,0,0,0,0,0,0,1,1,6,6,1,-1,-1,-1,-1,-1,-1,-1,-1,0,-1
2021010329992,2021,010329992,1,1,9,99,99,9,9,99,99,0,9,99,9,99,1,1,2,2,1,51,8,-1,-1,-1,-1,4,E01003115,0,-1
2021070181100,2021,070181100,2,1,0,18,19,1,5,0,0,1,5,0,0,0,1,1,2,2,1,54,8,-1,-1,-1,-1,10,E01019341,0,-1
2021141104189,2021,141104189,2,90,0,2,2,0,0,0,0,0,0,0,0,0,2,1,1,1,1,25,5,-1,-1,-1,-1,1,E01007325,0,-1
2021411083272,2021,411083272,2,1,0,17,19,7,8,0,0,3,5,0,0,0,4,1,6,6,2,53,8,-1,-1,-1,-1,10,E01023691,0,-1
2021471039877,2021,471039877,1,9,0,9,9,7,5,0,0,2,0,0,0,0,1,1,1,1,1,25,5,-1,-1,-1,-1,6,E01016080,0,-1
2021522200653,2021,522200653,1,-1,0,18,19,7,3,0,0,6,0,0,0,0,3,1,6,6,2,19,4,-1,-1,-1,-1,8,W01001904,1,-1
2021101022330,2021,101022330,2,1,0,18,19,7,3,0,0,1,0,0,0,0,3,1,6,6,1,29,6,-1,-1,-1,-1,1,E01008332,0,-1
2021440097762,2021,440097762,1,1,0,4,4,2,6,0,0,0,1,0,0,0,4,1,6,6,1,64,9,-1,-1,-1,-1,9,E01022826,0,-1
2021141018306,2021,141018306,2,1,0,18,19,1,5,0,0,8,5,0,0,0,1,1,6,6,1,54,8,-1,-1,-1,-1,5,E01008045,0,-1
2021332101557,2021,332101557,3,9,0,18,19,8,4,0,0,0,0,0,0,0,1,1,6,6,2,22,5,-1,-1,-1,-1,-1,-1,0,-1
2021010324073,2021,010324073,2,1,0,18,19,8,4,0,0,2,0,0,0,0,4,1,1,1,1,36,7,-1,-1,-1,-1,2,E01003732,0,-1
2021332100026,2021,332100026,1,19,0,18,19,6,2,0,0,1,0,0,0,0,1,1,6,6,1,25,5,-1,-1,-1,-1,5,E01013764,0,-1
202163C069721,2021,63C069721,1,9,0,17,19,5,2,0,0,1,0,0,0,0,1,1,6,6,1,53,8,-1,-1,-1,-1,-1,-1,0,-1
2021361119336,2021,361119336,1,1,0,7,7,2,5,0,0,8,0,0,0,0,1,1,6,6,1,24,5,-1,-1,-1,-1,1,E01026626,0,-1
2021010293681,2021,010293681,2,1,0,18,19,2,6,0,0,1,0,0,0,0,3,1,2,2,1,23,5,-1,-1,-1,-1,2,E01002054,0,-1
2021010296181,2021,010296181,2,9,0,99,99,9,9,99,99,9,9,99,9,99,1,9,6,6,3,-1,-1,-1,-1,-1,-1,-1,-1,0,-1
2021010352390,2021,010352390,2,1,0,99,99,9,9,0,0,8,0,0,0,0,1,1,6,6,1,18,4,-1,-1,-1,-1,9,E01003809,0,-1
2021010320097,2021,010320097,2,1,0,13,13,5,1,0,0,1,0,0,0,0,1,1,6,6,1,30,6,-1,-1,-1,-1,4,E01000546,0,-1