collision_index,collision_year,collision_ref_no,vehicle_reference,vehicle_type,towing_and_articulation,vehicle_manoeuvre_historic,vehicle_manoeuvre,vehicle_direction_from,vehicle_direction_to,vehicle_location_restricted_lane_historic,vehicle_location_restricted_lane,junction_location,skidding_and_overturning,hit_object_in_carriageway,vehicle_leaving_carriageway,hit_object_off_carriageway,first_point_of_impact,vehicle_left_hand_drive,journey_purpose_of_driver_historic,journey_purpose_of_driver,sex_of_driver,age_of_driver,age_band_of_driver,engine_capacity_cc,propulsion_code,age_of_vehicle,generic_make_model,driver_imd_decile,lsoa_of_driver,escooter_flag,driver_distance_banding
2021461025877,2021,461025877,1,9,0,18,19,6,2,0,0,0,0,0,0,0,4,1,6,6,3,-1,-1,-1,-1,-1,-1,-1,-1,0,-1
2021010341149,2021,010341149,1,1,0,18,19,2,6,4,4,1,0,0,0,0,1,1,2,2,2,-1,-1,-1,-1,-1,-1,7,E01002573,0,-1
2021451054211,2021,451054211,1,1,0,18,19,7,3,0,0,2,0,0,1,0,4,1,5,6,1,45,7,-1,-1,-1,-1,3,E01003992,0,-1
2021170M10711,2021,170M10711,2,9,0,3,3,7,4,0,0,1,0,0,0,0,2,1,6,6,1,28,6,-1,-1,-1,-1,5,E01012140,0,-1
2021421036494,2021,421036494,2,9,0,3,3,2,6,0,0,0,0,0,0,0,2,1,5,6,1,62,9,-1,-1,-1,-1,6,E01015943,0,-1
2021010291752,2021,010291752,1,10,0,99,99,9,9,99,99,9,9,99,9,99,2,9,6,6,1,51,8,-1,-1,-1,-1,7,E01016510,0,-1
2021610039521,2021,610039521,2,9,0,18,19,2,6,0,0,0,0,0,0,0,1,1,6,6,2,30,6,-1,-1,-1,-1,-1,-1,0,-1
202106A079048,2021,06A079048,1,9,0,9,9,1,7,0,0,8,0,0,0,0,0,1,6,6,3,30,6,-1,-1,-1,-1,-1,-1,0,-1
202160Z041578,2021,60Z041578,2,98,0,18,19,2,6,0,0,0,0,0,0,0,1,1,1,1,1,28,6,-1,-1,-1,-1,-1,-1,0,-1
2021010332555,2021,010332555,2,1,0,18,19,1,5,9,9,1,0,0,0,0,1,1,6,6,1,17,4,-1,-1,-1,-1,2,E01001843,0,-1
2021010296166,2021,010296166,1,1,9,18,19,1,5,4,4,1,5,0,1,0,3,1,6,6,1,29,6,-1,-1,-1,-1,5,E01001088,0,-1
2021411039205,2021,411039205,2,9,0,18,19,-1,-1,0,0,0,0,0,0,0,1,1,6,6,1,-1,-1,-1,-1,-1,-1,-1,-1,0,-1
2021010313099,2021,010313099,2,1,0,18,19,1,5,4,4,0,0,0,0,0,1,1,6,6,1,30,6,-1,-1,-1,-1,8,E01000210,0,-1
2021371119157,2021,371119157,1,1,0,18,19,7,3,0,0,8,2,0,0,0,1,1,5,6,1,32,6,-1,-1,-1,-1,1,E01033129,0,-1
2021541909621,2021,541909621,2,9,0,3,3,7,3,0,0,1,0,0,0,0,2,1,6,6,2,55,8,-1,-1,-1,-1,5,E01004549,0,-1
2021141027715,2021,141027715,1,9,0,18,19,2,5,0,0,1,0,0,0,0,-1,1,6,6,3,-1,-1,-1,-1,-1,-1,-1,-1,0,-1
2021061101745,2021,061101745,2,1,0,18,19,1,5,4,4,0,0,4,0,0,4,1,6,6,1,53,8,-1,-1,-1,-1,4,E01005281,0,-1
2021111091295,2021,111091295,2,1,0,18,19,3,7,0,0,0,0,0,0,0,2,1,5,6,1,36,7,-1,-1,-1,-1,5,E01020891,0,-1
2021991016279,2021,991016279,1,9,0,18,19,1,5,0,0,0,1,0,7,0,1,1,5,6,1,55,8,-1,-1,-1,-1,5,-1,0,-1
2021231067485,2021,231067485,1,5,0,16,19,3,5,0,0,0,0,0,0,0,1,1,5,6,1,39,7,-1,-1,-1,-1,-1,-1,0,-1
2021010322847,2021,010322847,1,3,0,99,99,9,9,99,99,0,9,99,9,99,1,1,2,2,1,-1,-1,-1,-1,-1,-1,2,E01004341,0,-1
2021610033021,2021,610033021,2,9,0,18,19,3,7,0,0,0,0,0,0,0,1,1,6,6,1,54,8,-1,-1,-1,-1,-1,-1,0,-1
2021501095946,2021,501095946,1,9,0,18,19,1,5,0,0,0,0,0,0,0,1,1,6,6,1,32,6,-1,-1,-1,-1,5,E01020213,0,-1
2021361033661,2021,361033661,1,9,0,18,19,5,7,0,0,1,0,0,0,0,3,1,6,6,1,26,6,-1,-1,-1,-1,3,E01026596,0,-1
2021461031986,2021,461031986,1,9,0,18,19,1,5,0,0,0,0,0,0,0,1,1,6,6,1,-1,-1,-1,-1,-1,-1,-1,-1,0,-1
2021332101044,2021,332101044,1,9,0,18,19,1,5,0,0,0,1,0,7,4,1,1,6,6,1,66,10,-1,-1,-1,-1,1,E01013619,0,-1
2021361045349,2021,361045349,1,16,0,18,19,2,6,0,0,1,0,0,0,0,0,1,5,6,2,54,8,-1,-1,-1,-1,5,E01026726,0,-1
2021201147111,2021,201147111,1,9,0,18,19,-1,-1,0,0,0,0,0,0,0,0,1,6,6,3,-1,-1,-1,-1,-1,-1,-1,-1,0,-1
202160Z088678,2021,60Z088678,2,9,0,10,10,5,3,0,0,1,1,0,0,0,2,1,6,6,1,71,10,-1,-1,-1,-1,-1,-1,0,-1
2021332100206,2021,332100206,1,9,0,18,19,6,2,0,0,0,0,0,0,0,1,1,6,6,2,58,9,-1,-1,-1,-1,9,E01025769,0,-1
2021361087005,2021,361087005,2,9,0,3,3,8,4,0,0,0,0,0,0,0,1,1,6,6,1,45,7,-1,-1,-1,-1,8,E01026881,0,-1
2021221125344,2021,221125344,1,9,0,13,13,1,5,0,0,0,0,0,0,0,4,1,6,6,3,34,6,-1,-1,-1,-1,-1,-1,0,-1
2021010310434,2021,010310434,2,1,0,18,19,6,2,0,0,8,0,0,0,0,3,1,6,6,1,13,3,-1,-1,-1,-1,2,E01001770,0,-1
2021430517437,2021,430517437,1,1,0,18,19,3,7,0,0,0,0,0,0,0,1,1,2,2,1,64,9,-1,-1,-1,-1,5,E01016754,0,-1
2021501015997,2021,501015997,1,9,0,4,4,3,7,0,0,0,0,0,0,0,2,1,5,6,2,34,6,-1,-1,-1,-1,4,E01019057,0,-1
2021481105598,2021,481105598,2,1,0,9,9,3,5,0,0,8,0,0,0,0,2,1,5,6,1,29,6,-1,-1,-1,-1,4,E01004294,0,-1
2021451067672,2021,451067672,2,9,0,18,19,1,4,0,0,0,0,0,0,0,1,1,6,6,3,33,6,-1,-1,-1,-1,-1,-1,0,-1
2021430122917,2021,430122917,1,9,0,17,19,4,1,0,0,0,0,0,0,0,0,1,6,6,1,33,6,-1,-1,-1,-1,-1,-1,0,-1
2021332100040,2021,332100040,2,1,0,18,19,2,6,0,0,2,0,0,0,0,1,1,6,6,1,22,5,-1,-1,-1,-1,4,E01013711,0,-1
2021401066732,2021,401066732,2,9,0,18,19,8,4,0,0,0,0,0,0,0,0,1,6,6,3,50,8,-1,-1,-1,-1,-1,-1,0,-1
2021351059281,2021,351059281,1,-1,0,17,19,-1,-1,0,0,0,0,0,0,0,1,1,6,6,3,-1,-1,-1,-1,-1,-1,-1,-1,1,-1
2021010289883,2021,010289883,1,1,9,99,99,9,9,99,99,9,9,99,9,99,9,1,6,6,2,38,7,-1,-1,-1,-1,9,E01003360,0,-1
2021351068856,2021,351068856,2,1,0,18,19,7,3,0,0,1,0,0,0,0,1,1,5,6,2,31,6,-1,-1,-1,-1,8,E01018242,0,-1
2021061104926,2021,061104926,1,19,0,18,19,5,1,0,0,0,0,0,0,0,1,1,6,6,1,-1,-1,-1,-1,-1,-1,-1,-1,0,-1
2021131081357,2021,131081357,2,1,0,18,19,3,7,0,0,0,0,0,0,0,3,1,5,6,1,6,2,-1,-1,-1,-1,1,E01010719,0,-1
2021070623739,2021,070623739,2,1,0,3,3,3,7,0,0,1,0,0,0,0,2,1,6,6,1,19,4,-1,-1,-1,-1,10,E01005794,0,-1
2021501096597,2021,501096597,1,9,0,18,19,5,1,0,0,0,0,0,0,0,4,1,6,6,3,-1,-1,-1,-1,-1,-1,-1,-1,0,-1
2021501137480,2021,501137480,3,9,3,18,19,8,4,0,0,0,0,0,0,0,4,1,5,6,1,72,10,-1,-1,-1,-1,8,E01015111,0,-1
202134WNC0311,2021,34WNC0311,2,19,0,18,19,7,3,0,0,1,0,0,0,0,2,1,1,1,1,37,7,-1,-1,-1,-1,-1,-1,0,-1
2021991043067,2021,991043067,1,1,0,18,19,7,3,0,0,8,0,12,0,0,1,1,5,6,1,26,6,-1,-1,-1,-1,7,-1,0,-1
2021221015392,2021,221015392,1,9,0,16,19,8,4,0,0,0,0,0,0,0,1,1,5,6,1,60,9,-1,-1,-1,-1,5,E01014178,0,-1
2021031012178,2021,031012178,1,9,0,17,19,3,7,0,0,0,1,0,1,0,1,1,2,2,1,21,5,-1,-1,-1,-1,1,E01025139,0,-1
2021010321633,2021,010321633,1,9,0,18,19,7,3,0,0,8,0,0,0,0,1,1,6,6,3,-1,-1,-1,-1,-1,-1,-1,-1,0,-1
2021122100777,2021,122100777,3,9,0,10,10,1,5,0,0,1,0,0,0,0,2,1,6,6,1,50,8,-1,-1,-1,-1,4,E01015638,0,-1
2021332100748,2021,332100748,2,9,0,16,19,8,3,0,0,0,0,0,0,0,1,1,6,6,1,80,11,-1,-1,-1,-1,7,E01025941,0,-1
2021070571147,2021,070571147,1,9,0,9,9,5,3,0,0,0,0,0,0,0,1,1,6,6,2,30,6,-1,-1,-1,-1,9,E01018527,0,-1
2021430508977,2021,430508977,1,1,0,18,19,6,2,0,0,8,0,0,0,0,4,1,2,2,2,25,5,-1,-1,-1,-1,7,E01017910,0,-1
2021471084442,2021,471084442,1,9,0,4,4,3,7,0,0,0,0,0,0,0,2,1,6,6,1,68,10,-1,-1,-1,-1,6,E01017961,0,-1
2021010332456,2021,010332456,1,1,9,99,99,9,9,99,99,9,9,99,9,99,9,1,2,2,1,21,5,-1,-1,-1,-1,2,E01000526,0,-1
2021010307806,2021,010307806,1,11,0,18,19,5,1,0,0,8,0,0,0,0,1,1,6,6,1,52,8,-1,-1,-1,-1,4,E01001675,0,-1
2021332100062,2021,332100062,2,9,0,18,19,1,5,0,0,2,0,0,0,0,1,1,6,6,2,56,9,-1,-1,-1,-1,2,E01013678,0,-1
2021440392783,2021,440392783,2,9,0,18,19,1,5,0,0,0,0,0,0,0,4,1,6,6,1,-1,-1,-1,-1,-1,-1,-1,-1,0,-1
2021302101186,2021,302101186,2,1,0,5,5,2,6,0,0,8,0,0,0,0,3,1,6,6,1,61,9,-1,-1,-1,-1,8,E01028981,0,-1
2021440371252,2021,440371252,2,1,0,18,19,6,2,0,0,8,0,0,0,0,1,1,6,6,1,60,9,-1,-1,-1,-1,9,E01022955,0,-1
2021010315995,2021,010315995,1,19,9,2,2,0,0,4,4,2,0,8,0,0,4,9,6,6,3,-1,-1,-1,-1,-1,-1,-1,-1,0,-1
2021221048918,2021,221048918,2,9,0,16,19,2,6,0,0,0,0,0,0,0,0,1,1,1,1,49,8,-1,-1,-1,-1,4,E01028965,0,-1
2021991082051,2021,991082051,1,9,0,18,19,7,3,0,0,8,1,0,0,0,1,1,5,6,1,73,10,-1,-1,-1,-1,-1,-1,0,-1
2021332100832,2021,332100832,2,9,0,4,4,3,7,0,0,1,0,0,0,0,2,1,6,6,1,25,5,-1,-1,-1,-1,3,E01013816,0,-1
2021131116767,2021,131116767,1,9,0,18,19,3,7,0,0,2,0,0,0,0,-1,1,6,6,3,-1,-1,-1,-1,-1,-1,-1,-1,0,-1
2021371138820,2021,371138820,2,19,0,18,19,8,4,0,0,3,0,0,0,0,3,1,6,6,1,30,6,-1,-1,-1,-1,-1,-1,0,-1
2021010310432,2021,010310432,1,1,0,18,19,5,1,0,0,2,0,0,0,0,4,1,6,6,1,61,9,-1,-1,-1,-1,10,E01000833,0,-1
2021991088521,2021,991088521,1,1,0,18,19,2,6,9,9,2,0,0,0,0,4,1,6,6,1,7,2,-1,-1,-1,-1,3,-1,0,-1
2021401121541,2021,401121541,2,1,0,18,19,5,1,0,0,8,5,0,0,0,4,1,1,1,1,46,8,-1,-1,-1,-1,9,E01017450,0,-1
20211382A0857,2021,1382A0857,2,1,0,18,19,1,5,0,0,8,0,0,0,0,1,1,6,6,1,37,7,-1,-1,-1,-1,8,E01011931,0,-1
2021041088097,2021,041088097,1,98,0,9,9,6,4,0,0,8,0,0,0,0,4,1,5,6,1,31,6,-1,-1,-1,-1,5,E01025239,0,-1
2021010347414,2021,010347414,1,-1,0,18,19,8,4,0,0,1,1,0,0,0,2,1,6,6,3,-1,-1,-1,-1,-1,-1,-1,-1,1,-1
20211382E1011,2021,1382E1011,2,1,0,18,19,8,4,0,0,0,0,0,0,0,2,1,6,6,1,54,8,-1,-1,-1,-1,4,E01011443,0,-1
2021010351519,2021,010351519,2,-1,0,18,19,7,3,9,9,1,0,0,0,0,4,1,6,6,2,23,5,-1,-1,-1,-1,1,E01003087,1,-1
2021010349125,2021,010349125,2,-1,9,18,19,1,5,0,0,9,9,99,9,99,9,1,6,6,2,20,4,-1,-1,-1,-1,-1,-1,1,-1
20211383B1237,2021,1383B1237,1,9,0,7,7,6,2,0,0,0,0,0,0,11,1,1,6,6,1,21,5,-1,-1,-1,-1,1,E01010702,0,-1
2021991036022,2021,991036022,2,1,0,18,19,6,3,0,0,1,5,0,0,0,1,1,5,6,1,31,6,-1,-1,-1,-1,2,-1,0,-1
2021010315376,2021,010315376,1,9,0,18,19,4,8,0,0,1,0,0,0,0,1,1,6,6,3,-1,-1,-1,-1,-1,-1,-1,-1,0,-1
2021351058918,2021,351058918,2,1,0,14,14,4,8,0,0,1,0,0,0,0,1,1,5,6,2,47,8,-1,-1,-1,-1,8,E01018297,0,-1
2021471018836,2021,471018836,4,17,0,4,4,5,1,0,0,0,0,0,0,0,0,1,1,1,1,46,8,-1,-1,-1,-1,7,E01031462,0,-1
2021610034321,2021,610034321,2,9,0,9,9,6,4,0,0,1,0,0,0,0,1,1,6,6,2,48,8,-1,-1,-1,-1,-1,-1,0,-1
2021041033127,2021,041033127,1,97,0,13,13,8,4,0,0,1,0,0,0,0,1,1,5,6,1,43,7,-1,-1,-1,-1,4,E01025460,0,-1
2021361143239,2021,361143239,1,-1,0,18,19,5,1,-1,-1,1,0,0,0,0,0,1,6,6,1,-1,-1,-1,-1,-1,-1,-1,-1,1,-1
2021520104866,2021,520104866,2,9,0,18,19,6,4,0,0,4,0,0,0,0,4,1,6,6,1,30,6,-1,-1,-1,-1,-1,-1,0,-1
2021610016621,2021,610016621,1,11,0,18,19,2,6,0,0,0,0,8,0,0,3,1,1,1,1,36,7,-1,-1,-1,-1,-1,-1,0,-1
2021041081358,2021,041081358,2,1,0,5,5,1,5,0,0,0,0,0,0,0,1,1,5,6,1,4,1,-1,-1,-1,-1,2,E01025285,0,-1
2021361041558,2021,361041558,1,1,0,18,19,6,2,0,0,0,0,4,0,0,1,1,5,6,1,50,8,-1,-1,-1,-1,5,E01026760,0,-1
2021010314364,2021,010314364,2,9,0,99,99,9,9,99,99,8,9,99,9,99,1,9,6,6,3,-1,-1,-1,-1,-1,-1,-1,-1,0,-1
2021610041321,2021,610041321,1,9,0,5,5,4,8,0,0,1,0,0,0,0,1,1,6,6,1,27,6,-1,-1,-1,-1,-1,-1,0,-1
20211381G1356,2021,1381G1356,2,9,0,9,9,5,3,0,0,8,0,0,0,0,1,1,6,6,1,42,7,-1,-1,-1,-1,1,E01010841,0,-1
2021351083108,2021,351083108,2,1,0,5,5,4,8,0,0,0,0,0,0,0,4,1,6,6,2,10,2,-1,-1,-1,-1,2,E01015610,0,-1
202160Z090673,2021,60Z090673,1,97,0,18,19,3,7,0,0,0,0,0,0,0,2,1,6,6,1,38,7,-1,-1,-1,-1,-1,-1,0,-1
2021161111875,2021,161111875,1,97,0,18,19,5,1,0,0,0,0,0,0,0,2,1,6,6,3,-1,-1,-1,-1,-1,-1,-1,-1,0,-1
2021302100704,2021,302100704,1,1,0,18,19,3,7,0,0,8,0,4,0,0,1,1,2,2,1,35,6,-1,-1,-1,-1,9,E01019591,0,-1
2021332100526,2021,332100526,1,98,0,12,12,1,5,0,0,0,1,0,0,0,1,1,1,1,1,34,6,-1,-1,-1,-1,3,E01009552,0,-1
2021430132966,2021,430132966,1,9,0,4,4,6,2,0,0,1,0,0,0,0,1,1,6,6,1,76,11,-1,-1,-1,-1,-1,-1,0,-1
2021010309779,2021,010309779,2,10,0,99,99,9,9,99,99,9,9,99,9,99,1,9,6,6,3,-1,-1,-1,-1,-1,-1,-1,-1,0,-1
2021010339144,2021,010339144,3,9,0,18,19,3,7,0,0,1,0,0,0,0,1,1,6,6,3,-1,-1,-1,-1,-1,-1,-1,-1,0,-1
2021061078592,2021,061078592,2,1,0,18,19,4,8,0,0,8,0,0,0,0,0,1,5,6,2,54,8,-1,-1,-1,-1,3,E01006114,0,-1
2021361075994,2021,361075994,2,1,0,18,19,6,2,0,0,1,0,0,0,0,1,1,5,6,1,76,11,-1,-1,-1,-1,6,E01026737,0,-1
2021010325830,2021,010325830,1,1,9,99,99,9,9,99,99,9,9,99,9,99,9,1,2,2,1,22,5,-1,-1,-1,-1,1,E01000605,0,-1
2021161052686,2021,161052686,2,1,0,18,19,8,4,0,0,8,0,0,0,0,1,1,5,6,1,72,10,-1,-1,-1,-1,6,E01013041,0,-1
2021622100101,2021,622100101,2,9,0,18,19,8,4,0,0,1,0,0,0,0,1,1,6,6,1,21,5,-1,-1,-1,-1,-1,-1,0,-1
2021141045728,2021,141045728,2,1,0,18,19,6,2,0,0,0,0,0,0,0,1,1,2,2,1,17,4,-1,-1,-1,-1,3,E01007639,0,-1
2021041042114,2021,041042114,1,-1,0,18,19,7,7,0,0,0,0,0,0,0,1,1,6,6,3,-1,-1,-1,-1,-1,-1,-1,-1,1,-1
2021141084131,2021,141084131,1,9,0,18,19,7,3,-1,-1,1,-1,-1,-1,0,-1,1,6,6,3,-1,-1,-1,-1,-1,-1,-1,-1,0,-1
2021332100988,2021,332100988,1,9,0,7,7,5,7,0,0,7,0,0,0,0,1,1,6,6,2,32,6,-1,-1,-1,-1,8,E01025679,0,-1
2021461034522,2021,461034522,1,9,0,18,19,1,5,0,0,0,0,0,0,0,4,1,6,6,1,-1,-1,-1,-1,-1,-1,-1,-1,0,-1
2021010318579,2021,010318579,2,19,0,18,19,3,7,0,0,0,0,0,0,0,1,1,6,6,3,-1,-1,-1,-1,-1,-1,-1,-1,0,-1
2021991017729,2021,991017729,3,9,0,2,2,0,0,0,0,0,0,0,0,0,3,1,6,6,3,-1,-1,-1,-1,-1,-1,-1,-1,0,-1
2021231094658,2021,231094658,2,9,0,18,19,2,6,0,0,3,0,0,0,0,4,1,2,2,1,30,6,-1,-1,-1,-1,5,E01031325,0,-1
2021201049504,2021,201049504,2,9,0,14,14,4,8,0,0,8,0,0,0,0,1,1,6,6,3,30,6,-1,-1,-1,-1,-1,-1,0,-1
2021332100815,2021,332100815,2,22,0,5,5,6,2,0,0,0,0,0,0,0,1,1,3,7,1,40,7,-1,-1,-1,-1,3,E01013765,0,-1
2021010295702,2021,010295702,2,1,0,18,19,7,3,9,9,6,0,0,7,0,1,1,6,6,1,45,7,-1,-1,-1,-1,2,E01033146,0,-1
2021010295554,2021,010295554,2,9,0,18,19,2,6,0,0,1,0,0,0,0,1,1,6,6,3,-1,-1,-1,-1,-1,-1,-1,-1,0,-1
2021141049867,2021,141049867,2,9,0,18,19,5,1,0,0,1,0,0,0,0,-1,1,6,6,3,-1,-1,-1,-1,-1,-1,-1,-1,0,-1
2021461100927,2021,461100927,1,9,0,18,19,7,3,0,0,0,0,0,0,0,1,1,6,6,2,-1,-1,-1,-1,-1,-1,-1,-1,0,-1
2021552101314,2021,552101314,2,1,0,18,19,1,5,0,0,0,0,0,0,0,4,1,4,7,1,16,4,-1,-1,-1,-1,3,E01015359,0,-1
2021010344398,2021,010344398,2,-1,0,18,19,1,5,0,0,1,0,0,0,0,0,1,6,6,1,17,4,-1,-1,-1,-1,-1,-1,1,-1
2021211152993,2021,211152993,1,90,0,18,19,7,3,0,0,2,0,0,0,0,1,1,6,6,1,13,3,-1,-1,-1,-1,1,E01014275,0,-1
2021010331727,2021,010331727,3,1,0,18,19,1,5,5,5,0,0,0,0,0,1,1,6,6,1,31,6,-1,-1,-1,-1,-1,-1,0,-1
2021052101280,2021,052101280,1,9,0,18,19,3,7,0,0,8,0,0,0,0,2,1,6,6,3,-1,-1,-1,-1,-1,-1,-1,-1,0,-1
2021101091938,2021,101091938,1,-1,0,18,19,5,1,5,5,0,0,0,0,0,1,1,6,6,1,35,6,-1,-1,-1,-1,9,E01008368,1,-1
2021122100542,2021,122100542,1,9,0,18,19,5,1,0,0,0,0,0,0,0,1,1,2,2,1,41,7,-1,-1,-1,-1,6,E01027778,0,-1
2021010322820,2021,010322820,2,1,0,18,19,5,1,9,9,8,0,0,0,0,1,1,2,2,1,40,7,-1,-1,-1,-1,4,E01002103,0,-1
2021320248901,2021,320248901,1,9,0,18,19,2,6,0,0,0,1,0,7,4,1,1,6,6,1,63,9,-1,-1,-1,-1,7,E01026202,0,-1
2021010297323,2021,010297323,1,1,9,99,99,9,9,99,99,9,9,99,9,99,1,1,6,6,2,39,7,-1,-1,-1,-1,5,E01004442,0,-1
2021010343731,2021,010343731,1,90,0,18,19,6,2,0,0,1,0,0,0,0,1,1,6,6,3,-1,-1,-1,-1,-1,-1,-1,-1,0,-1
2021010296101,2021,010296101,2,1,9,99,99,9,9,99,99,9,9,99,9,99,9,1,6,6,2,-1,-1,-1,-1,-1,-1,-1,-1,0,-1
2021361045978,2021,361045978,1,1,0,18,19,4,8,0,0,0,2,0,0,0,0,1,6,6,1,58,9,-1,-1,-1,-1,4,E01026739,0,-1
2021430044725,2021,430044725,3,9,0,2,2,0,0,0,0,2,0,0,0,0,2,1,3,7,2,43,7,-1,-1,-1,-1,-1,-1,0,-1
2021101032370,2021,101032370,2,1,-1,-1,-1,-1,-1,-1,-1,0,-1,-1,-1,0,-1,1,6,6,1,-1,-1,-1,-1,-1,-1,-1,-1,0,-1
2021471114295,2021,471114295,2,1,0,18,19,2,6,0,0,0,0,0,0,0,-1,1,6,6,1,20,4,-1,-1,-1,-1,6,E01031448,0,-1
2021131061225,2021,131061225,2,1,0,18,19,5,6,0,0,5,0,0,0,0,4,1,1,1,1,37,7,-1,-1,-1,-1,2,E01011485,0,-1
2021430238113,2021,430238113,2,1,0,18,19,5,1,0,0,1,0,0,0,0,1,1,6,6,1,30,6,-1,-1,-1,-1,10,E01016198,0,-1
2021010290322,2021,010290322,1,9,0,7,7,7,8,0,0,6,0,0,0,0,1,1,6,6,3,-1,-1,-1,-1,-1,-1,-1,-1,0,-1
2021430517248,2021,430517248,1,9,0,18,19,1,5,0,0,0,0,0,0,0,1,1,6,6,3,-1,-1,-1,-1,-1,-1,-1,-1,0,-1
2021991031841,2021,991031841,2,1,0,18,19,6,3,0,0,8,0,0,0,0,3,1,6,6,1,52,8,-1,-1,-1,-1,10,-1,0,-1
2021991038996,2021,991038996,1,9,0,10,10,8,6,0,0,1,0,0,0,0,1,1,6,6,3,18,4,-1,-1,-1,-1,-1,-1,0,-1
2021052102526,2021,052102526,2,1,0,18,19,3,7,0,0,1,0,0,0,0,1,1,2,2,1,34,6,-1,-1,-1,-1,1,E01006612,0,-1
2021471054959,2021,471054959,3,9,0,3,3,2,6,0,0,1,0,0,0,0,0,1,6,6,2,-1,-1,-1,-1,-1,-1,-1,-1,0,-1
2021010325581,2021,010325581,1,9,0,9,9,5,3,0,0,2,0,0,0,0,4,1,6,6,1,22,5,-1,-1,-1,-1,7,E01003475,0,-1
2021052102028,2021,052102028,2,22,0,18,19,1,5,0,0,5,0,0,0,0,4,1,6,6,1,94,11,-1,-1,-1,-1,1,E01006692,0,-1
2021010295628,2021,010295628,1,1,9,18,19,2,6,4,4,1,5,0,0,99,1,1,6,6,1,31,6,-1,-1,-1,-1,2,E01004251,0,-1
2021421028691,2021,421028691,1,19,0,15,15,8,4,0,0,0,0,0,0,0,4,1,5,6,1,26,6,-1,-1,-1,-1,9,E01021471,0,-1
2021041041389,2021,041041389,2,1,0,18,19,3,7,4,4,0,0,0,0,0,4,1,5,6,1,34,6,-1,-1,-1,-1,2,E01025060,0,-1
2021622100327,2021,622100327,3,1,0,4,4,8,4,0,0,1,0,4,0,0,4,1,6,6,1,36,7,-1,-1,-1,-1,-1,-1,0,-1
2021010340994,2021,010340994,1,1,9,99,99,9,9,99,99,0,9,99,9,99,9,1,6,6,2,24,5,-1,-1,-1,-1,5,E01033325,0,-1
2021430545345,2021,430545345,2,9,0,18,19,2,6,0,0,6,0,0,0,0,1,1,6,6,2,-1,-1,-1,-1,-1,-1,-1,-1,0,-1
2021131119276,2021,131119276,1,98,0,-1,-1,-1,-1,-1,-1,0,-1,-1,-1,-1,-1,1,6,6,3,-1,-1,-1,-1,-1,-1,-1,-1,0,-1
2021010350694,2021,010350694,1,1,9,99,99,9,9,99,99,9,9,99,9,99,1,1,1,1,1,39,7,-1,-1,-1,-1,3,E01000010,0,-1
2021371044771,2021,371044771,2,1,0,10,10,5,2,0,0,1,0,0,0,0,1,1,6,6,1,59,9,-1,-1,-1,-1,10,E01029963,0,-1
2021430357905,2021,430357905,1,9,0,9,9,1,7,0,0,1,0,0,0,0,3,1,6,6,3,-1,-1,-1,-1,-1,-1,-1,-1,0,-1
2021430462598,2021,430462598,2,9,0,18,19,2,6,0,0,0,0,0,0,0,1,1,6,6,1,60,9,-1,-1,-1,-1,-1,-1,0,-1
202134WNC5111,2021,34WNC5111,2,-1,0,18,19,6,2,0,0,0,0,0,0,0,1,1,6,6,1,17,4,-1,-1,-1,-1,10,E01027280,1,-1
2021010305374,2021,010305374,1,1,0,18,19,3,7,0,0,1,0,0,0,0,0,1,6,6,3,-1,-1,-1,-1,-1,-1,-1,-1,0,-1
2021010350449,2021,010350449,2,1,0,18,19,8,4,0,0,8,0,0,0,0,3,1,4,7,1,10,2,-1,-1,-1,-1,4,E01003739,0,-1
2021451059068,2021,451059068,2,98,0,18,19,5,1,0,0,4,0,0,0,0,3,2,2,2,1,49,8,-1,-1,-1,-1,-1,-1,0,-1
2021010325206,2021,010325206,2,97,0,18,19,7,3,0,0,0,0,0,0,0,1,1,6,6,3,-1,-1,-1,-1,-1,-1,-1,-1,0,-1
2021332100821,2021,332100821,5,9,0,18,19,4,8,0,0,0,0,0,0,0,2,1,6,6,1,30,6,-1,-1,-1,-1,-1,-1,0,-1
2021411106066,2021,411106066,1,23,0,18,19,3,1,0,0,1,0,0,0,0,3,1,1,1,1,19,4,-1,-1,-1,-1,5,E01023384,0,-1
2021421095686,2021,421095686,3,9,0,4,4,7,3,0,0,0,0,0,0,0,2,1,1,1,1,43,7,-1,-1,-1,-1,2,E01014810,0,-1
2021061094928,2021,061094928,2,90,0,5,5,5,3,0,0,1,5,0,0,0,1,1,6,6,1,-1,-1,-1,-1,-1,-1,-1,-1,0,-1
2021610004421,2021,610004421,1,19,0,18,19,5,1,0,0,0,0,0,0,0,3,1,1,1,1,-1,-1,-1,-1,-1,-1,-1,-1,0,-1
2021010306999,2021,010306999,1,1,9,99,99,9,9,99,99,9,9,99,9,99,1,1,2,2,2,34,6,-1,-1,-1,-1,2,E01004044,0,-1
2021010330275,2021,010330275,1,1,9,99,99,9,9,99,99,9,9,99,9,99,1,1,6,6,1,32,6,-1,-1,-1,-1,2,E01001748,0,-1
2021430312979,2021,430312979,1,97,0,18,19,6,2,0,0,1,0,0,0,0,4,1,6,6,3,-1,-1,-1,-1,-1,-1,-1,-1,0,-1
2021221108633,2021,221108633,4,9,0,4,4,8,4,7,6,0,0,0,0,0,0,1,6,6,3,34,6,-1,-1,-1,-1,-1,-1,0,-1
2021010315544,2021,010315544,2,1,0,18,19,6,2,4,4,0,0,0,0,0,1,1,6,6,1,55,8,-1,-1,-1,-1,5,E01004071,0,-1
2021451019703,2021,451019703,1,1,0,5,5,3,7,0,0,1,1,0,0,0,0,1,5,6,1,57,9,-1,-1,-1,-1,9,E01033135,0,-1
2021622100369,2021,622100369,1,-1,0,18,19,3,7,0,0,7,0,0,0,0,1,1,6,6,2,21,5,-1,-1,-1,-1,5,W01001922,1,-1
2021131105204,2021,131105204,1,9,0,-1,-1,-1,-1,-1,-1,8,-1,-1,-1,0,-1,1,6,6,3,-1,-1,-1,-1,-1,-1,-1,-1,0,-1
2021010290643,2021,010290643,1,1,9,99,99,9,9,99,99,9,9,99,9,99,9,1,2,2,1,-1,-1,-1,-1,-1,-1,4,E01002677,0,-1
2021010287796,2021,010287796,1,1,0,18,19,5,1,0,0,4,1,0,0,0,4,1,1,1,1,52,8,-1,-1,-1,-1,6,E01001033,0,-1