collision_index,collision_year,collision_ref_no,vehicle_reference,vehicle_type,towing_and_articulation,vehicle_manoeuvre_historic,vehicle_manoeuvre,vehicle_direction_from,vehicle_direction_to,vehicle_location_restricted_lane_historic,vehicle_location_restricted_lane,junction_location,skidding_and_overturning,hit_object_in_carriageway,vehicle_leaving_carriageway,hit_object_off_carriageway,first_point_of_impact,vehicle_left_hand_drive,journey_purpose_of_driver_historic,journey_purpose_of_driver,sex_of_driver,age_of_driver,age_band_of_driver,engine_capacity_cc,propulsion_code,age_of_vehicle,generic_make_model,driver_imd_decile,lsoa_of_driver,escooter_flag,driver_distance_banding
2021010331702,2021,010331702,1,-1,0,16,19,7,3,5,5,8,0,0,0,0,1,1,6,6,3,-1,-1,-1,-1,-1,-1,-1,-1,1,-1
202131A139621,2021,31A139621,2,1,0,18,19,5,1,0,0,8,0,0,0,0,4,1,1,1,1,19,4,-1,-1,-1,-1,3,E01028259,0,-1
2021061111252,2021,061111252,2,19,0,18,19,5,1,0,0,1,0,0,0,0,1,1,6,6,1,56,9,-1,-1,-1,-1,1,E01006254,0,-1
2021520201101,2021,520201101,1,9,4,18,19,8,4,0,0,8,0,0,0,0,2,1,6,6,1,58,9,-1,-1,-1,-1,8,-1,0,-1
2021991023658,2021,991023658,2,1,0,18,19,4,8,0,0,0,0,0,0,0,2,1,6,6,1,54,8,-1,-1,-1,-1,3,-1,0,-1
2021991072856,2021,991072856,2,-1,0,18,19,1,5,0,0,3,0,0,0,0,4,1,2,2,1,33,6,-1,-1,-1,-1,2,-1,1,-1
2021161023042,2021,161023042,2,98,0,9,9,3,1,0,0,7,0,0,0,0,1,1,6,6,3,-1,-1,-1,-1,-1,-1,-1,-1,0,-1
2021361074242,2021,361074242,2,1,0,18,19,4,8,0,0,8,0,0,0,0,3,1,5,6,1,46,8,-1,-1,-1,-1,10,E01026540,0,-1
2021430200447,2021,430200447,3,19,0,18,19,4,8,0,0,0,0,0,0,0,3,1,1,1,1,27,6,-1,-1,-1,-1,-1,-1,0,-1
2021540110021,2021,540110021,1,9,0,18,19,4,8,0,0,1,0,0,0,0,1,1,1,1,1,45,7,-1,-1,-1,-1,5,E01015505,0,-1
2021201090512,2021,201090512,1,9,0,5,5,6,2,0,0,6,0,0,0,0,1,1,6,6,2,38,7,-1,-1,-1,-1,1,E01008962,0,-1
2021622100825,2021,622100825,1,1,0,18,19,5,1,0,0,1,0,0,1,0,4,1,6,6,1,28,6,-1,-1,-1,-1,2,W01000752,0,-1
2021471081207,2021,471081207,2,1,0,17,19,2,7,0,0,8,0,0,0,0,1,1,5,6,1,29,6,-1,-1,-1,-1,8,E01017002,0,-1
2021610042321,2021,610042321,1,1,0,18,19,4,8,0,0,2,0,11,0,0,1,1,6,6,1,53,8,-1,-1,-1,-1,-1,-1,0,-1
2021010342690,2021,010342690,1,1,9,99,99,9,9,99,99,9,9,99,9,99,1,1,2,2,1,46,8,-1,-1,-1,-1,8,E01004502,0,-1
2021320673710,2021,320673710,2,9,0,9,9,3,1,0,0,1,0,0,0,0,1,1,2,2,1,60,9,-1,-1,-1,-1,8,E01026022,0,-1
202163B057921,2021,63B057921,1,9,0,17,19,2,7,0,0,0,2,0,7,10,3,1,6,6,1,20,4,-1,-1,-1,-1,1,E01009328,0,-1
2021010349054,2021,010349054,1,9,0,4,4,7,3,0,0,0,0,0,0,0,1,1,1,1,1,31,6,-1,-1,-1,-1,5,E01027139,0,-1
2021332100123,2021,332100123,2,9,0,3,3,2,6,0,0,2,0,0,0,0,4,1,6,6,1,62,9,-1,-1,-1,-1,7,E01025941,0,-1
2021430167901,2021,430167901,1,9,0,18,19,5,1,0,0,0,0,0,0,0,1,1,1,1,1,37,7,-1,-1,-1,-1,2,E01028577,0,-1
2021548106421,2021,548106421,1,1,0,18,19,5,1,0,0,0,0,0,0,0,3,1,6,6,2,12,3,-1,-1,-1,-1,1,E01015575,0,-1
2021201147398,2021,201147398,1,9,0,18,19,5,1,0,0,0,0,0,0,0,1,1,6,6,3,-1,-1,-1,-1,-1,-1,-1,-1,0,-1
202106A079214,2021,06A079214,2,1,0,18,19,5,1,0,0,0,0,0,0,0,1,1,6,6,1,20,4,-1,-1,-1,-1,1,E01005196,0,-1
2021332100770,2021,332100770,1,8,0,18,19,3,7,0,0,0,0,0,0,0,1,1,6,6,1,-1,-1,-1,-1,-1,-1,-1,-1,0,-1
2021031120922,2021,031120922,1,90,0,5,5,-1,-1,0,0,0,0,0,0,0,0,1,6,6,3,-1,-1,-1,-1,-1,-1,-1,-1,0,-1
2021010319387,2021,010319387,2,-1,0,18,19,7,3,5,5,2,0,0,0,0,3,1,2,2,1,26,6,-1,-1,-1,-1,6,E01001292,1,-1
2021430583031,2021,430583031,2,9,0,18,19,5,1,0,0,0,0,0,0,0,1,1,6,6,2,-1,-1,-1,-1,-1,-1,-1,-1,0,-1
2021371062685,2021,371062685,1,90,0,18,19,-1,-1,-1,-1,0,-1,-1,-1,0,-1,1,6,6,3,-1,-1,-1,-1,-1,-1,-1,-1,0,-1
2021332100655,2021,332100655,1,9,0,18,19,3,7,0,0,8,0,0,0,0,1,1,6,6,3,-1,-1,-1,-1,-1,-1,-1,-1,0,-1
2021201059558,2021,201059558,1,9,0,18,19,1,5,0,0,0,0,0,0,0,4,1,6,6,3,-1,-1,-1,-1,-1,-1,-1,-1,0,-1
2021101082514,2021,101082514,1,9,0,18,19,3,7,0,0,3,0,4,0,0,1,1,5,6,1,42,7,-1,-1,-1,-1,9,E01027521,0,-1
2021522102024,2021,522102024,1,1,0,9,9,8,6,0,0,0,0,0,0,0,0,1,6,6,1,51,8,-1,-1,-1,-1,8,E01014510,0,-1
2021010353345,2021,010353345,2,9,9,99,99,9,9,99,99,9,9,99,9,99,9,9,6,6,3,-1,-1,-1,-1,-1,-1,-1,-1,0,-1
2021010318341,2021,010318341,2,1,0,9,9,3,1,0,0,3,0,0,0,0,4,1,1,1,1,18,4,-1,-1,-1,-1,6,E01004497,0,-1
2021461055772,2021,461055772,1,9,0,6,6,1,5,0,0,0,0,0,0,0,0,1,6,6,2,-1,-1,-1,-1,-1,-1,-1,-1,0,-1
2021440396279,2021,440396279,2,-1,0,18,19,5,1,0,0,8,0,0,0,0,3,1,6,6,2,22,5,-1,-1,-1,-1,4,E01017158,1,-1
2021070314230,2021,070314230,1,4,0,18,19,4,8,0,0,8,1,10,3,11,1,1,6,6,1,32,6,-1,-1,-1,-1,2,E01006297,0,-1
202160Z154798,2021,60Z154798,2,9,0,18,19,2,6,0,0,0,0,0,0,0,4,1,6,6,2,31,6,-1,-1,-1,-1,-1,-1,0,-1
20211383H1369,2021,1383H1369,1,9,0,18,19,3,7,0,0,0,0,0,0,0,1,1,6,6,1,-1,-1,-1,-1,-1,-1,-1,-1,0,-1
2021440435736,2021,440435736,1,1,0,18,19,6,2,0,0,8,0,0,0,0,4,1,6,6,1,43,7,-1,-1,-1,-1,8,E01022975,0,-1
2021010296193,2021,010296193,2,1,0,18,19,3,7,0,0,2,0,0,0,0,4,1,6,6,1,24,5,-1,-1,-1,-1,2,E01002046,0,-1
2021231122159,2021,231122159,1,9,0,18,19,8,4,0,0,6,0,0,7,0,4,1,5,6,2,18,4,-1,-1,-1,-1,6,E01029516,0,-1
2021101114579,2021,101114579,1,9,0,7,7,1,3,0,0,5,0,10,0,0,3,1,6,6,1,-1,-1,-1,-1,-1,-1,-1,-1,0,-1
2021430442046,2021,430442046,1,9,0,4,4,1,5,0,0,1,0,0,0,0,2,1,6,6,1,30,6,-1,-1,-1,-1,-1,-1,0,-1
2021010338162,2021,010338162,1,1,9,99,99,9,9,99,99,9,9,99,9,99,1,1,6,6,1,55,8,-1,-1,-1,-1,3,E01004317,0,-1
2021332100086,2021,332100086,1,9,0,9,9,8,6,0,0,5,0,0,0,0,3,1,2,2,2,45,7,-1,-1,-1,-1,7,E01013686,0,-1
2021010336045,2021,010336045,2,1,0,18,19,8,4,0,0,1,0,8,0,0,4,1,6,6,1,44,7,-1,-1,-1,-1,2,E01004332,0,-1
2021070422148,2021,070422148,1,1,0,18,19,1,7,0,0,1,0,0,0,0,0,1,6,6,1,60,9,-1,-1,-1,-1,-1,-1,0,-1
2021141110531,2021,141110531,2,98,0,4,4,8,4,-1,-1,1,-1,-1,-1,0,1,1,6,6,3,-1,-1,-1,-1,-1,-1,-1,-1,0,-1
2021320055796,2021,320055796,2,19,0,18,19,5,1,0,0,0,0,0,0,0,1,1,6,6,1,40,7,-1,-1,-1,-1,-1,-1,0,-1
2021211108942,2021,211108942,2,1,0,9,9,5,1,0,0,8,0,0,0,0,4,1,2,2,2,35,6,-1,-1,-1,-1,-1,-1,0,-1
2021010308814,2021,010308814,1,19,0,18,19,1,5,0,0,0,0,0,0,0,1,2,6,6,1,27,6,-1,-1,-1,-1,-1,-1,0,-1
2021122100281,2021,122100281,2,1,0,18,19,6,2,0,0,1,0,0,0,0,3,1,6,6,1,54,8,-1,-1,-1,-1,1,E01027806,0,-1
2021351038123,2021,351038123,2,1,0,9,9,7,3,0,0,0,1,12,0,0,2,1,6,6,1,44,7,-1,-1,-1,-1,8,E01033118,0,-1
2021320427883,2021,320427883,2,9,0,16,19,2,6,0,0,1,0,0,0,0,1,1,6,6,1,69,10,-1,-1,-1,-1,3,E01026246,0,-1
2021471029209,2021,471029209,1,9,0,18,19,3,7,0,0,1,0,0,0,0,1,1,6,6,1,39,7,-1,-1,-1,-1,6,E01031839,0,-1
2021332100094,2021,332100094,1,9,0,18,19,5,1,0,0,0,0,0,0,0,1,1,6,6,2,27,6,-1,-1,-1,-1,5,E01025610,0,-1
2021332100249,2021,332100249,3,9,0,18,19,0,0,0,0,0,1,0,5,6,2,1,6,6,2,22,5,-1,-1,-1,-1,5,E01025966,0,-1
2021430402739,2021,430402739,1,1,0,18,19,3,7,0,0,0,0,0,0,0,1,1,6,6,1,28,6,-1,-1,-1,-1,5,E01016836,0,-1
2021101013165,2021,101013165,2,9,0,4,4,2,6,0,0,0,1,0,0,0,1,1,2,2,1,35,6,-1,-1,-1,-1,3,E01027444,0,-1
2021010295661,2021,010295661,2,9,0,9,9,1,7,0,0,6,0,0,0,0,4,1,6,6,3,-1,-1,-1,-1,-1,-1,-1,-1,0,-1
2021010290861,2021,010290861,2,1,0,17,19,3,7,0,0,1,0,0,0,0,2,1,2,2,2,59,9,-1,-1,-1,-1,5,E01004046,0,-1
2021430354065,2021,430354065,1,1,0,4,4,8,4,0,0,1,0,0,0,0,0,1,6,6,2,86,11,-1,-1,-1,-1,8,E01017788,0,-1
2021201090886,2021,201090886,2,2,0,13,13,5,1,0,0,3,0,0,0,0,0,1,6,6,3,-1,-1,-1,-1,-1,-1,-1,-1,0,-1
2021161048847,2021,161048847,2,1,0,3,3,7,3,0,0,1,0,0,0,0,3,1,4,7,1,15,3,-1,-1,-1,-1,9,E01013157,0,-1
2021061105231,2021,061105231,2,1,0,18,19,1,5,0,0,8,0,0,0,0,1,1,5,6,1,61,9,-1,-1,-1,-1,2,E01006032,0,-1
2021010328271,2021,010328271,1,3,0,18,19,5,1,9,9,1,0,0,1,0,1,1,6,6,1,16,4,-1,-1,-1,-1,2,E01003229,0,-1
2021010287497,2021,010287497,1,1,0,18,19,1,5,0,0,1,0,0,0,0,1,1,6,6,1,-1,-1,-1,-1,-1,-1,-1,-1,0,-1
2021010332867,2021,010332867,2,1,0,5,5,7,3,0,0,1,0,0,0,0,1,1,6,6,1,22,5,-1,-1,-1,-1,2,E01002799,0,-1
202131C119621,2021,31C119621,1,9,0,18,19,2,6,0,0,0,0,0,0,0,1,1,6,6,3,-1,-1,-1,-1,-1,-1,-1,-1,0,-1
2021010291512,2021,010291512,2,1,0,18,19,7,3,8,6,6,0,0,0,0,4,1,6,6,2,49,8,-1,-1,-1,-1,5,E01016151,0,-1
2021332100391,2021,332100391,1,9,0,18,19,1,5,0,0,0,0,0,0,0,1,1,6,6,1,23,5,-1,-1,-1,-1,3,E01013629,0,-1
2021201133297,2021,201133297,1,1,0,18,19,-1,-1,9,9,0,0,0,0,0,1,1,6,6,1,-1,-1,-1,-1,-1,-1,-1,-1,0,-1
20211382C0945,2021,1382C0945,1,9,0,4,4,7,3,0,0,8,0,0,0,0,1,1,6,6,2,-1,-1,-1,-1,-1,-1,-1,-1,0,-1
2021461025314,2021,461025314,2,9,0,9,9,2,6,0,0,2,0,0,0,0,4,1,2,2,1,38,7,-1,-1,-1,-1,9,E01021026,0,-1
2021010287997,2021,010287997,1,1,9,99,99,9,9,99,99,9,9,99,9,99,9,1,2,2,1,35,6,-1,-1,-1,-1,8,E01002132,0,-1
2021010305151,2021,010305151,2,9,0,99,99,9,9,99,99,9,9,99,9,99,9,9,6,6,3,-1,-1,-1,-1,-1,-1,1,E01004249,0,-1
2021010300126,2021,010300126,2,9,0,99,99,9,9,99,99,9,9,99,9,99,1,9,6,6,3,-1,-1,-1,-1,-1,-1,-1,-1,0,-1
2021010327803,2021,010327803,1,1,0,18,19,3,7,0,0,2,0,0,0,0,1,1,6,6,1,27,6,-1,-1,-1,-1,4,E01004339,0,-1
2021010303493,2021,010303493,1,1,9,99,99,9,9,99,99,9,9,99,9,99,9,1,6,6,1,38,7,-1,-1,-1,-1,3,E01004313,0,-1
2021010323941,2021,010323941,2,1,0,18,19,5,1,0,0,1,1,0,0,0,4,1,6,6,2,24,5,-1,-1,-1,-1,8,E01000269,0,-1
2021061112379,2021,061112379,1,9,0,18,19,7,3,0,0,0,0,0,0,0,1,1,2,2,1,70,10,-1,-1,-1,-1,4,E01006186,0,-1
2021041119123,2021,041119123,2,1,0,18,19,5,2,0,0,1,0,0,0,0,1,1,6,6,2,41,7,-1,-1,-1,-1,7,E01025125,0,-1
2021070209489,2021,070209489,1,1,0,18,19,3,7,0,0,0,0,0,0,0,4,1,6,6,1,69,10,-1,-1,-1,-1,9,E01018675,0,-1
2021461072560,2021,461072560,1,9,0,18,19,5,1,0,0,4,0,0,0,0,1,1,6,6,3,-1,-1,-1,-1,-1,-1,-1,-1,0,-1
2021440215623,2021,440215623,1,9,0,18,19,8,4,0,0,8,1,0,1,2,1,1,1,1,1,31,6,-1,-1,-1,-1,3,E01019675,0,-1
2021552200078,2021,552200078,2,1,0,18,19,3,7,0,0,8,0,0,0,0,1,1,6,6,1,73,10,-1,-1,-1,-1,9,E01020505,0,-1
2021010308678,2021,010308678,2,1,0,18,19,1,5,0,0,1,0,0,0,0,1,1,2,2,2,28,6,-1,-1,-1,-1,4,E01004611,0,-1
2021430285546,2021,430285546,2,9,0,18,19,1,5,0,0,0,0,0,0,0,1,1,6,6,1,-1,-1,-1,-1,-1,-1,-1,-1,0,-1
2021501086864,2021,501086864,2,9,0,18,19,3,7,0,0,1,1,0,0,0,2,1,5,6,1,21,5,-1,-1,-1,-1,3,E01018815,0,-1
2021221023720,2021,221023720,2,1,0,18,19,4,8,0,0,0,0,0,0,0,2,1,5,6,1,67,10,-1,-1,-1,-1,5,E01028928,0,-1
2021440179958,2021,440179958,2,1,0,18,19,8,7,0,0,8,0,0,0,0,1,1,2,2,1,38,7,-1,-1,-1,-1,7,E01017041,0,-1
2021610058421,2021,610058421,1,9,0,16,19,3,5,0,0,0,0,0,0,0,1,1,6,6,2,39,7,-1,-1,-1,-1,-1,-1,0,-1
2021201065183,2021,201065183,2,-1,0,18,19,8,4,0,0,2,0,0,0,0,1,1,6,6,3,-1,-1,-1,-1,-1,-1,-1,-1,1,-1
202106G079321,2021,06G079321,2,9,0,18,19,5,1,0,0,8,0,0,0,0,1,2,6,6,1,31,6,-1,-1,-1,-1,1,E01005232,0,-1
2021231126799,2021,231126799,1,21,1,18,19,2,6,0,0,0,0,0,0,0,3,1,6,6,3,48,8,-1,-1,-1,-1,-1,-1,0,-1
2021471048470,2021,471048470,1,5,0,18,19,2,6,0,0,1,0,0,0,0,1,1,6,6,1,-1,-1,-1,-1,-1,-1,-1,-1,0,-1
2021010324902,2021,010324902,2,9,0,99,99,9,9,99,99,9,9,99,9,99,9,9,6,6,3,-1,-1,-1,-1,-1,-1,-1,-1,0,-1
2021161036501,2021,161036501,1,9,0,18,19,2,6,0,0,1,0,0,0,0,3,1,5,6,2,30,6,-1,-1,-1,-1,1,E01012789,0,-1
2021010302954,2021,010302954,2,1,0,9,9,7,4,0,0,1,0,0,0,0,3,1,1,1,1,31,6,-1,-1,-1,-1,3,E01000638,0,-1
2021461017252,2021,461017252,1,-1,0,18,19,8,2,0,0,3,0,0,0,0,3,1,5,6,1,21,5,-1,-1,-1,-1,7,E01024141,1,-1
2021211020950,2021,211020950,2,1,0,18,19,4,8,0,0,1,0,0,0,0,1,1,5,6,1,46,8,-1,-1,-1,-1,3,E01029558,0,-1
202160Z087533,2021,60Z087533,1,4,0,4,4,5,1,0,0,0,0,0,0,0,2,1,6,6,1,62,9,-1,-1,-1,-1,-1,-1,0,-1
2021010340205,2021,010340205,2,1,0,9,9,5,3,0,0,5,0,0,0,0,2,1,2,2,1,40,7,-1,-1,-1,-1,8,E01021750,0,-1
2021361055990,2021,361055990,1,90,0,18,19,1,5,0,0,0,0,0,0,0,4,1,6,6,3,-1,-1,-1,-1,-1,-1,-1,-1,0,-1
2021451099967,2021,451099967,1,9,2,11,11,2,6,0,0,0,0,0,0,0,2,1,5,6,1,40,7,-1,-1,-1,-1,9,E01030687,0,-1
2021161028219,2021,161028219,2,1,0,18,19,5,1,9,9,8,0,0,0,0,1,1,6,6,1,15,3,-1,-1,-1,-1,6,E01013334,0,-1
2021111094853,2021,111094853,2,19,0,4,4,5,1,0,0,0,0,0,0,0,2,1,1,1,1,37,7,-1,-1,-1,-1,8,E01008287,0,-1
2021010304604,2021,010304604,2,9,0,4,4,1,5,0,0,1,0,0,0,0,2,1,1,1,1,34,6,-1,-1,-1,-1,9,E01001104,0,-1
2021201092066,2021,201092066,2,1,0,18,19,8,4,0,0,3,0,0,0,0,4,1,6,6,1,15,3,-1,-1,-1,-1,1,E01008887,0,-1
2021471026908,2021,471026908,1,9,0,18,19,1,5,0,0,0,0,0,0,0,1,1,6,6,1,-1,-1,-1,-1,-1,-1,-1,-1,0,-1
2021361036210,2021,361036210,1,9,0,9,9,4,2,0,0,1,0,0,0,0,3,1,6,6,1,-1,-1,-1,-1,-1,-1,-1,-1,0,-1
2021302101405,2021,302101405,1,1,0,18,19,2,6,9,9,0,0,0,0,0,1,1,6,6,3,-1,-1,-1,-1,-1,-1,5,E01019456,0,-1
2021471031455,2021,471031455,2,1,0,18,19,3,8,0,0,8,0,0,0,0,1,1,5,6,1,41,7,-1,-1,-1,-1,9,E01031670,0,-1
2021520200735,2021,520200735,1,9,0,18,19,6,2,0,0,1,0,0,0,0,1,1,1,1,1,33,6,-1,-1,-1,-1,9,E01029252,0,-1
202163A030921,2021,63A030921,1,9,0,13,13,2,7,0,0,0,2,0,1,10,1,1,6,6,1,24,5,-1,-1,-1,-1,5,W01001370,0,-1
2021320364840,2021,320364840,2,1,0,18,19,4,8,0,0,8,0,0,0,0,4,1,6,6,1,21,5,-1,-1,-1,-1,1,E01026176,0,-1
202134WNC2311,2021,34WNC2311,1,5,0,9,9,3,1,0,0,8,0,0,0,0,1,1,6,6,1,39,7,-1,-1,-1,-1,2,E01027228,0,-1
2021201114206,2021,201114206,3,9,0,17,19,2,8,0,0,8,0,0,0,0,0,1,6,6,2,40,7,-1,-1,-1,-1,10,E01009854,0,-1
2021320589900,2021,320589900,3,9,0,4,4,8,4,0,0,1,0,0,0,0,2,1,6,6,1,26,6,-1,-1,-1,-1,4,E01026183,0,-1
2021161110819,2021,161110819,2,11,0,18,19,6,2,0,0,8,0,0,0,0,1,1,1,1,1,47,8,-1,-1,-1,-1,2,E01026177,0,-1
2021211092508,2021,211092508,2,1,-1,18,19,-1,-1,0,0,8,0,-1,0,0,4,1,5,6,2,71,10,-1,-1,-1,-1,9,E01029364,0,-1
2021371017047,2021,371017047,2,1,0,18,19,3,8,0,0,8,0,0,0,0,1,1,1,1,1,54,8,-1,-1,-1,-1,4,E01033123,0,-1
2021111114410,2021,111114410,2,1,0,18,19,6,1,0,0,1,0,0,0,0,1,1,6,6,1,62,9,-1,-1,-1,-1,8,E01020817,0,-1
2021351082887,2021,351082887,2,1,0,18,19,2,6,0,0,1,0,0,0,0,3,1,6,6,2,24,5,-1,-1,-1,-1,10,E01017986,0,-1
2021610023421,2021,610023421,1,3,0,5,5,1,5,0,0,2,1,10,0,0,1,1,6,6,1,24,5,-1,-1,-1,-1,-1,-1,0,-1
2021610028221,2021,610028221,1,9,0,18,19,4,7,0,0,3,0,0,0,0,2,1,6,6,2,33,6,-1,-1,-1,-1,-1,-1,0,-1
2021451027040,2021,451027040,1,1,0,18,19,5,1,0,0,8,2,0,0,0,0,1,5,6,1,38,7,-1,-1,-1,-1,10,E01030902,0,-1
2021010290121,2021,010290121,2,1,0,18,19,5,1,0,0,1,0,0,0,0,1,1,6,6,1,28,6,-1,-1,-1,-1,4,E01004412,0,-1
2021010319076,2021,010319076,2,11,9,99,99,9,9,99,99,9,9,99,9,99,9,9,6,6,3,-1,-1,-1,-1,-1,-1,-1,-1,0,-1
202134NNC3091,2021,34NNC3091,2,1,0,18,19,5,1,0,0,8,5,0,0,0,4,1,6,6,1,30,6,-1,-1,-1,-1,3,E01027112,0,-1
2021010329720,2021,010329720,1,9,9,99,99,9,9,99,99,0,9,99,9,99,1,9,6,6,3,-1,-1,-1,-1,-1,-1,-1,-1,0,-1
2021231031960,2021,231031960,1,9,0,18,19,7,4,0,0,8,0,0,0,0,0,1,5,6,1,33,6,-1,-1,-1,-1,-1,-1,0,-1
2021332100271,2021,332100271,1,9,0,3,3,5,1,0,0,0,0,0,0,0,2,1,6,6,2,27,6,-1,-1,-1,-1,1,E01013622,0,-1
2021010324888,2021,010324888,2,19,0,9,9,3,1,0,0,1,0,0,0,0,1,1,6,6,1,31,6,-1,-1,-1,-1,3,E01001370,0,-1
2021010336535,2021,010336535,1,1,9,99,99,9,9,99,99,9,9,99,9,99,9,1,6,6,1,34,6,-1,-1,-1,-1,2,E01000958,0,-1
2021070679277,2021,070679277,1,11,0,18,19,3,7,0,0,1,0,0,0,0,0,1,1,1,2,-1,-1,-1,-1,-1,-1,-1,-1,0,-1
2021332100395,2021,332100395,1,9,0,3,3,5,1,0,0,0,0,0,0,0,2,1,6,6,1,65,9,-1,-1,-1,-1,9,E01025687,0,-1
2021041018230,2021,041018230,1,1,0,18,19,1,5,4,4,0,5,11,1,0,0,1,5,6,1,62,9,-1,-1,-1,-1,10,E01025257,0,-1
2021010351916,2021,010351916,2,1,0,18,19,1,5,0,0,0,0,0,0,0,1,1,6,6,1,31,6,-1,-1,-1,-1,9,E01002991,0,-1
2021201119789,2021,201119789,2,9,0,7,7,4,6,0,0,5,0,0,0,0,1,1,6,6,3,-1,-1,-1,-1,-1,-1,-1,-1,0,-1
2021170M11021,2021,170M11021,2,9,0,9,9,4,2,0,0,8,0,0,0,0,1,1,6,6,2,46,8,-1,-1,-1,-1,1,E01012019,0,-1
2021231056849,2021,231056849,1,1,0,18,19,6,2,0,0,6,0,0,0,0,1,1,4,7,1,11,3,-1,-1,-1,-1,1,E01031116,0,-1
2021010288458,2021,010288458,1,1,9,99,99,9,9,99,99,9,9,99,9,99,2,1,6,6,2,35,6,-1,-1,-1,-1,8,E01004498,0,-1
2021052101037,2021,052101037,1,-1,0,16,19,8,4,0,0,1,0,10,0,0,1,1,6,6,1,47,8,-1,-1,-1,-1,2,E01006520,1,-1
2021451078358,2021,451078358,1,9,0,18,19,1,5,0,0,3,0,0,0,0,2,2,5,6,2,18,4,-1,-1,-1,-1,8,E01030556,0,-1
2021010331575,2021,010331575,2,1,0,18,19,7,3,0,0,7,0,0,0,0,1,1,6,6,1,19,4,-1,-1,-1,-1,3,E01033583,0,-1
2021481122255,2021,481122255,2,1,0,18,19,5,1,0,0,8,0,0,0,0,1,1,5,6,1,35,6,-1,-1,-1,-1,6,E01033570,0,-1
2021010321940,2021,010321940,1,3,0,99,99,9,9,99,99,9,9,99,9,99,1,1,6,6,3,-1,-1,-1,-1,-1,-1,-1,-1,0,-1
2021440068218,2021,440068218,2,9,0,18,19,6,2,0,0,2,0,0,0,0,1,1,6,6,3,-1,-1,-1,-1,-1,-1,-1,-1,0,-1
2021451094076,2021,451094076,1,1,0,5,5,5,1,0,0,0,0,0,0,0,0,1,5,6,1,36,7,-1,-1,-1,-1,10,E01030585,0,-1
202163C023721,2021,63C023721,3,9,0,2,2,0,0,0,0,0,0,0,0,0,4,1,6,6,1,39,7,-1,-1,-1,-1,8,W01000557,0,-1
2021010318138,2021,010318138,2,9,0,99,99,9,9,99,99,9,9,99,9,99,9,9,6,6,3,-1,-1,-1,-1,-1,-1,-1,-1,0,-1
2021010320566,2021,010320566,1,1,0,18,19,5,1,99,99,9,0,0,0,0,1,1,6,6,1,55,8,-1,-1,-1,-1,5,E01004451,0,-1
2021421101262,2021,421101262,1,9,0,18,19,5,4,0,0,8,0,0,0,0,4,1,6,6,3,-1,-1,-1,-1,-1,-1,-1,-1,0,-1
2021010338752,2021,010338752,1,9,0,13,13,4,8,0,0,1,0,0,0,0,1,1,6,6,3,-1,-1,-1,-1,-1,-1,-1,-1,0,-1
2021332100822,2021,332100822,2,1,0,18,19,4,8,0,0,0,0,0,0,0,1,1,6,6,1,60,9,-1,-1,-1,-1,-1,-1,0,-1
2021332100762,2021,332100762,1,3,0,5,5,8,2,0,0,8,0,0,0,0,1,1,6,6,3,-1,-1,-1,-1,-1,-1,-1,-1,0,-1
2021052102190,2021,052102190,1,9,0,18,19,5,1,0,0,8,0,0,0,0,1,1,6,6,1,35,6,-1,-1,-1,-1,2,E01006751,0,-1
2021052101867,2021,052101867,1,9,0,18,19,1,5,0,0,0,0,0,0,0,0,1,6,6,3,-1,-1,-1,-1,-1,-1,-1,-1,0,-1
2021552100368,2021,552100368,1,9,0,11,11,2,5,0,0,4,0,0,0,0,4,1,6,6,3,-1,-1,-1,-1,-1,-1,-1,-1,0,-1
2021010288932,2021,010288932,1,9,0,99,99,9,9,99,99,9,9,99,9,99,9,9,2,2,2,32,6,-1,-1,-1,-1,2,E01015726,0,-1
2021010326889,2021,010326889,2,3,0,5,5,3,7,0,0,2,9,99,0,0,3,1,6,6,3,-1,-1,-1,-1,-1,-1,-1,-1,0,-1
2021131118806,2021,131118806,5,19,0,-1,-1,-1,-1,-1,-1,0,-1,-1,-1,-1,-1,1,6,6,3,-1,-1,-1,-1,-1,-1,-1,-1,0,-1
2021610036521,2021,610036521,1,9,0,18,19,3,7,0,0,1,0,0,0,0,3,1,6,6,2,71,10,-1,-1,-1,-1,-1,-1,0,-1
2021201051303,2021,201051303,1,9,0,9,9,8,6,0,0,5,0,10,1,2,2,1,6,6,2,25,5,-1,-1,-1,-1,7,E01009693,0,-1
2021010290488,2021,010290488,2,1,0,18,19,3,7,0,0,2,0,0,0,0,4,1,1,1,1,24,5,-1,-1,-1,-1,5,E01001908,0,-1
2021041029516,2021,041029516,2,1,0,18,19,1,5,0,0,4,0,0,0,0,2,1,6,6,1,12,3,-1,-1,-1,-1,1,E01025423,0,-1
2021332100121,2021,332100121,4,19,0,18,19,5,1,0,0,0,0,0,0,0,1,1,6,6,1,60,9,-1,-1,-1,-1,4,E01019813,0,-1
2021440303540,2021,440303540,1,1,0,18,19,4,8,0,0,1,1,0,0,0,1,1,6,6,1,80,11,-1,-1,-1,-1,6,E01033239,0,-1
2021471114999,2021,471114999,2,1,0,18,19,7,3,0,0,1,0,0,0,0,1,1,2,2,1,22,5,-1,-1,-1,-1,2,E01020923,0,-1
2021411082912,2021,411082912,2,1,0,16,19,3,5,0,0,0,0,0,0,0,1,1,5,6,1,16,4,-1,-1,-1,-1,5,E01023766,0,-1
2021201117740,2021,201117740,2,9,0,18,19,8,4,0,0,8,0,0,0,0,1,1,6,6,1,30,6,-1,-1,-1,-1,1,E01009408,0,-1
20211383O1149,2021,1383O1149,1,9,0,18,19,6,2,0,0,0,0,0,5,0,1,1,6,6,1,-1,-1,-1,-1,-1,-1,-1,-1,0,-1
2021010342578,2021,010342578,2,3,0,4,4,4,8,0,0,1,0,0,0,0,1,1,6,6,1,25,5,-1,-1,-1,-1,9,E01004079,0,-1
202131A137021,2021,31A137021,2,1,0,18,19,6,2,0,0,2,0,0,0,0,1,1,6,6,1,56,9,-1,-1,-1,-1,-1,-1,0,-1
2021552100938,2021,552100938,1,1,0,18,19,6,2,5,5,8,0,0,0,0,3,1,2,2,1,26,6,-1,-1,-1,-1,8,E01020475,0,-1
2021501019174,2021,501019174,1,9,0,17,19,2,7,0,0,0,0,0,0,0,1,1,6,6,1,69,10,-1,-1,-1,-1,-1,-1,0,-1