collision_index,collision_year,collision_ref_no,vehicle_reference,vehicle_type,towing_and_articulation,vehicle_manoeuvre_historic,vehicle_manoeuvre,vehicle_direction_from,vehicle_direction_to,vehicle_location_restricted_lane_historic,vehicle_location_restricted_lane,junction_location,skidding_and_overturning,hit_object_in_carriageway,vehicle_leaving_carriageway,hit_object_off_carriageway,first_point_of_impact,vehicle_left_hand_drive,journey_purpose_of_driver_historic,journey_purpose_of_driver,sex_of_driver,age_of_driver,age_band_of_driver,engine_capacity_cc,propulsion_code,age_of_vehicle,generic_make_model,driver_imd_decile,lsoa_of_driver,escooter_flag,driver_distance_banding
2021141082548,2021,141082548,2,1,0,5,5,1,5,0,0,1,5,0,0,0,1,1,6,6,1,-1,-1,-1,-1,-1,-1,1,E01007461,0,-1
2021991056031,2021,991056031,2,1,0,9,9,6,2,0,0,1,0,0,0,0,4,1,6,6,1,57,9,-1,-1,-1,-1,6,-1,0,-1
2021481037540,2021,481037540,1,1,0,18,19,7,3,0,0,1,0,0,0,0,4,1,6,6,1,14,3,-1,-1,-1,-1,-1,-1,0,-1
2021481146622,2021,481146622,3,8,0,18,19,7,3,0,0,0,0,0,0,0,1,1,1,1,1,54,8,-1,-1,-1,-1,2,E01000012,0,-1
2021010304736,2021,010304736,1,1,9,99,99,9,9,99,99,9,9,99,9,99,9,1,6,6,2,42,7,-1,-1,-1,-1,2,E01001982,0,-1
2021141016341,2021,141016341,2,98,0,12,12,1,5,0,0,0,0,0,0,0,1,2,1,1,1,31,6,-1,-1,-1,-1,-1,-1,0,-1
2021471094513,2021,471094513,1,9,0,18,19,7,4,0,0,0,0,0,0,0,3,1,6,6,3,-1,-1,-1,-1,-1,-1,-1,-1,0,-1
2021371138926,2021,371138926,2,1,0,5,5,5,1,0,0,2,5,0,0,0,3,1,1,1,1,44,7,-1,-1,-1,-1,5,E01030138,0,-1
2021351044152,2021,351044152,1,1,0,18,19,8,4,0,0,0,0,0,0,0,1,1,1,1,2,37,7,-1,-1,-1,-1,10,E01018288,0,-1
202134NNC6361,2021,34NNC6361,2,9,0,18,19,6,2,0,0,8,0,0,0,0,1,1,6,6,1,48,8,-1,-1,-1,-1,6,E01027311,0,-1
2021061132320,2021,061132320,2,1,0,18,19,6,2,0,0,0,0,0,0,0,2,1,6,6,1,36,7,-1,-1,-1,-1,10,E01018589,0,-1
2021201071883,2021,201071883,1,90,0,16,19,6,2,0,0,0,0,0,0,0,0,1,6,6,3,-1,-1,-1,-1,-1,-1,-1,-1,0,-1
2021610030921,2021,610030921,1,3,0,18,19,3,7,0,0,0,0,0,2,4,3,1,6,6,1,23,5,-1,-1,-1,-1,-1,-1,0,-1
2021430429446,2021,430429446,3,9,0,18,19,4,8,0,0,0,0,0,0,0,2,1,6,6,3,-1,-1,-1,-1,-1,-1,-1,-1,0,-1
2021010307273,2021,010307273,1,10,0,18,19,4,8,0,0,1,0,0,0,0,0,1,1,1,1,31,6,-1,-1,-1,-1,3,E01003221,0,-1
2021531074138,2021,531074138,2,1,0,18,19,8,4,0,0,8,5,0,0,0,4,1,6,6,1,54,8,-1,-1,-1,-1,8,E01022110,0,-1
2021061112211,2021,061112211,1,90,0,9,9,1,7,0,0,2,0,0,0,0,1,1,6,6,3,30,6,-1,-1,-1,-1,-1,-1,0,-1
2021542742921,2021,542742921,1,1,0,18,19,8,4,9,9,0,0,0,0,0,3,1,6,6,1,18,4,-1,-1,-1,-1,2,E01015537,0,-1
2021010335828,2021,010335828,1,1,9,99,99,9,9,99,99,9,9,99,9,99,9,1,2,2,1,46,8,-1,-1,-1,-1,2,E01003980,0,-1
2021430256813,2021,430256813,2,1,0,18,19,8,4,0,0,8,0,0,0,0,4,1,6,6,1,58,9,-1,-1,-1,-1,7,E01016317,0,-1
2021101110318,2021,101110318,3,9,0,3,3,7,3,0,0,1,0,0,0,0,2,1,5,6,1,32,6,-1,-1,-1,-1,4,E01008676,0,-1
2021430095286,2021,430095286,1,1,0,18,19,8,4,0,0,8,0,0,0,0,3,1,6,6,1,81,11,-1,-1,-1,-1,6,E01028548,0,-1
2021052100245,2021,052100245,1,1,0,18,19,3,7,0,0,8,0,0,0,0,1,1,6,6,1,15,3,-1,-1,-1,-1,1,E01018550,0,-1
2021101019698,2021,101019698,2,9,0,18,19,2,5,0,0,8,0,0,0,0,1,1,1,1,2,51,8,-1,-1,-1,-1,9,E01008292,0,-1
202160Z170056,2021,60Z170056,1,98,0,18,19,4,8,0,0,1,0,0,0,0,1,1,1,1,1,-1,-1,-1,-1,-1,-1,-1,-1,0,-1
2021010315523,2021,010315523,1,1,9,99,99,9,9,99,99,9,9,99,9,99,9,1,2,2,1,29,6,-1,-1,-1,-1,3,E01002047,0,-1
2021010331761,2021,010331761,1,9,0,18,19,1,5,0,0,1,0,0,0,0,4,1,6,6,1,53,8,-1,-1,-1,-1,2,E01004467,0,-1
2021010287449,2021,010287449,2,1,0,18,19,2,6,0,0,1,0,0,3,0,3,1,1,1,1,35,6,-1,-1,-1,-1,4,E01021295,0,-1
2021010333656,2021,010333656,2,1,0,16,19,3,7,9,9,1,0,0,0,0,1,1,6,6,1,7,2,-1,-1,-1,-1,2,E01000072,0,-1
2021010352446,2021,010352446,1,1,0,18,19,6,2,4,4,2,0,0,0,0,1,1,6,6,1,26,6,-1,-1,-1,-1,6,E01004474,0,-1
2021461014900,2021,461014900,1,9,0,7,7,3,5,0,0,0,0,0,0,0,4,1,2,2,2,22,5,-1,-1,-1,-1,3,E01024280,0,-1
2021421102431,2021,421102431,2,22,0,18,19,1,5,9,9,0,0,0,0,0,3,1,5,6,2,72,10,-1,-1,-1,-1,-1,-1,0,-1
2021471017031,2021,471017031,1,9,0,18,19,8,4,0,0,0,0,10,1,0,1,1,6,6,1,18,4,-1,-1,-1,-1,-1,-1,0,-1
2021201113707,2021,201113707,1,9,0,18,19,2,6,0,0,6,0,0,0,0,1,1,6,6,1,30,6,-1,-1,-1,-1,-1,-1,0,-1
2021010340336,2021,010340336,2,9,0,18,19,6,2,2,2,0,0,0,0,0,2,1,6,6,3,-1,-1,-1,-1,-1,-1,-1,-1,0,-1
2021440047513,2021,440047513,1,3,0,18,19,3,7,0,0,0,0,0,0,0,1,1,6,6,1,19,4,-1,-1,-1,-1,5,E01033229,0,-1
2021991118576,2021,991118576,1,1,0,18,19,8,4,0,0,0,0,0,0,0,3,1,5,6,1,70,10,-1,-1,-1,-1,5,-1,0,-1
2021010322364,2021,010322364,2,1,0,18,19,5,1,0,0,2,0,0,0,0,1,1,6,6,3,-1,-1,-1,-1,-1,-1,-1,-1,0,-1
2021552100353,2021,552100353,1,9,0,18,19,6,2,0,0,0,0,0,0,0,4,1,6,6,3,-1,-1,-1,-1,-1,-1,-1,-1,0,-1
2021201066723,2021,201066723,2,1,0,18,19,-1,-1,0,0,2,0,0,0,0,3,1,6,6,2,62,9,-1,-1,-1,-1,2,E01010001,0,-1
202131C179021,2021,31C179021,1,-1,0,18,19,4,8,9,9,2,0,0,0,0,1,1,6,6,1,-1,-1,-1,-1,-1,-1,-1,-1,1,-1
2021221127135,2021,221127135,1,9,0,17,19,1,7,0,0,0,0,0,0,0,4,1,6,6,1,50,8,-1,-1,-1,-1,-1,-1,0,-1
2021201113203,2021,201113203,1,9,0,18,19,6,2,0,0,4,0,0,0,0,3,1,6,6,1,-1,-1,-1,-1,-1,-1,-1,-1,0,-1
2021991103153,2021,991103153,1,9,0,5,5,7,4,0,0,6,0,0,0,0,1,1,5,6,2,54,8,-1,-1,-1,-1,5,-1,0,-1
2021991014449,2021,991014449,2,1,0,18,19,4,1,0,0,1,0,0,0,0,1,1,5,6,1,60,9,-1,-1,-1,-1,5,-1,0,-1
2021141059989,2021,141059989,2,9,0,18,19,3,7,0,0,1,0,0,0,0,1,1,6,6,3,-1,-1,-1,-1,-1,-1,-1,-1,0,-1
2021170M10281,2021,170M10281,2,1,0,18,19,3,7,0,0,6,0,0,0,0,3,1,6,6,1,33,6,-1,-1,-1,-1,-1,-1,0,-1
2021430225240,2021,430225240,1,9,0,1,1,3,5,0,0,8,0,0,0,0,2,1,1,1,1,25,5,-1,-1,-1,-1,-1,-1,0,-1
2021010317332,2021,010317332,3,9,0,2,2,0,0,0,0,0,0,0,0,0,2,1,6,6,3,-1,-1,-1,-1,-1,-1,-1,-1,0,-1
2021332100163,2021,332100163,1,19,0,18,19,1,5,0,0,0,0,0,0,0,1,1,2,2,1,71,10,-1,-1,-1,-1,8,E01021337,0,-1
2021201065692,2021,201065692,1,9,0,18,19,5,1,0,0,1,0,0,0,0,1,1,6,6,1,-1,-1,-1,-1,-1,-1,-1,-1,0,-1
2021010303937,2021,010303937,1,1,0,18,19,5,1,0,0,2,0,0,0,0,3,1,2,2,1,46,8,-1,-1,-1,-1,2,E01003302,0,-1
2021141016892,2021,141016892,1,9,0,18,19,6,3,0,0,8,0,0,0,0,0,1,6,6,3,-1,-1,-1,-1,-1,-1,-1,-1,0,-1
202131C094921,2021,31C094921,2,1,0,11,11,2,6,0,0,0,0,0,0,0,4,1,6,6,3,-1,-1,-1,-1,-1,-1,-1,-1,0,-1
2021010295097,2021,010295097,2,1,0,7,7,3,6,0,0,1,0,0,0,0,1,1,6,6,1,15,3,-1,-1,-1,-1,4,E01004294,0,-1
2021201044815,2021,201044815,2,1,0,18,19,3,7,0,0,0,0,0,0,0,2,1,6,6,1,54,8,-1,-1,-1,-1,1,E01010455,0,-1
2021440072826,2021,440072826,2,1,0,18,19,3,1,0,0,8,0,0,0,0,1,1,6,6,1,74,10,-1,-1,-1,-1,10,E01023038,0,-1
2021061057893,2021,061057893,1,9,0,18,19,1,5,0,0,0,0,0,0,0,1,1,6,6,3,30,6,-1,-1,-1,-1,-1,-1,0,-1
2021010336696,2021,010336696,2,1,0,18,19,1,5,0,0,1,0,0,1,0,3,1,1,1,1,60,9,-1,-1,-1,-1,1,E01001427,0,-1
2021440088541,2021,440088541,2,97,0,18,19,5,1,0,0,0,0,0,0,0,1,1,6,6,1,-1,-1,-1,-1,-1,-1,-1,-1,0,-1
2021010337789,2021,010337789,2,1,0,18,19,4,8,0,0,1,0,0,0,0,1,1,6,6,1,28,6,-1,-1,-1,-1,7,E01017910,0,-1
2021010338303,2021,010338303,2,1,0,18,19,7,3,9,9,1,0,0,0,0,1,1,6,6,1,18,4,-1,-1,-1,-1,4,E01004580,0,-1
2021531033495,2021,531033495,2,1,0,18,19,1,5,0,0,8,0,0,0,0,4,1,6,6,1,28,6,-1,-1,-1,-1,9,E01022370,0,-1
2021070783190,2021,070783190,1,9,0,9,9,1,7,0,0,6,0,0,0,0,1,1,6,6,3,-1,-1,-1,-1,-1,-1,-1,-1,0,-1
2021440156538,2021,440156538,1,1,0,9,9,8,6,0,0,8,0,0,0,0,2,1,6,6,1,41,7,-1,-1,-1,-1,10,E01023187,0,-1
2021501070401,2021,501070401,2,9,0,18,19,1,5,0,0,1,1,0,0,0,1,1,6,6,1,32,6,-1,-1,-1,-1,4,E01020199,0,-1
202160Z149075,2021,60Z149075,2,9,0,16,19,4,7,0,0,1,0,0,0,0,1,1,1,1,2,63,9,-1,-1,-1,-1,-1,-1,0,-1
2021351103312,2021,351103312,1,1,0,18,19,7,3,0,0,8,0,0,0,0,1,1,4,7,1,13,3,-1,-1,-1,-1,6,E01018169,0,-1
2021201036133,2021,201036133,1,98,0,18,19,4,8,0,0,0,0,0,0,0,1,1,2,2,1,54,8,-1,-1,-1,-1,4,E01010353,0,-1
2021451053694,2021,451053694,2,1,0,18,19,7,3,0,0,0,5,0,0,0,4,1,5,6,1,49,8,-1,-1,-1,-1,9,E01030431,0,-1
2021010300359,2021,010300359,2,9,0,7,7,1,4,0,0,0,0,0,1,0,1,1,6,6,3,-1,-1,-1,-1,-1,-1,-1,-1,0,-1
2021221115769,2021,221115769,1,1,0,17,19,8,3,0,0,2,0,7,0,0,1,1,5,6,1,30,6,-1,-1,-1,-1,2,E01028962,0,-1
2021451066973,2021,451066973,1,98,0,12,12,3,7,0,0,0,0,0,0,0,3,2,1,1,1,47,8,-1,-1,-1,-1,-1,-1,0,-1
2021430230086,2021,430230086,2,9,0,3,3,7,3,0,0,0,0,0,0,0,2,1,6,6,1,38,7,-1,-1,-1,-1,5,E01016756,0,-1
2021010301465,2021,010301465,2,1,0,18,19,5,1,0,0,4,0,0,0,0,1,1,6,6,1,44,7,-1,-1,-1,-1,2,E01003622,0,-1
2021141023976,2021,141023976,3,9,0,4,4,8,3,0,0,1,0,0,0,0,-1,1,6,6,3,-1,-1,-1,-1,-1,-1,-1,-1,0,-1
2021451104001,2021,451104001,1,9,0,18,19,3,7,0,0,0,0,0,0,0,1,1,6,6,3,30,6,-1,-1,-1,-1,-1,-1,0,-1
2021332100882,2021,332100882,2,9,0,18,19,3,7,0,0,0,0,0,0,0,1,1,6,6,2,44,7,-1,-1,-1,-1,7,E01025618,0,-1
2021501115329,2021,501115329,1,1,0,18,19,2,6,0,0,1,5,0,0,0,1,1,2,2,1,40,7,-1,-1,-1,-1,3,E01015172,0,-1
2021010321536,2021,010321536,2,1,0,18,19,7,3,0,0,2,0,0,0,0,1,1,1,1,1,35,6,-1,-1,-1,-1,1,E01000551,0,-1
2021141024047,2021,141024047,2,9,0,-1,-1,-1,-1,-1,-1,0,-1,-1,-1,0,-1,1,6,6,3,-1,-1,-1,-1,-1,-1,-1,-1,0,-1
2021061044093,2021,061044093,3,9,0,18,19,1,5,0,0,0,0,0,0,0,1,1,6,6,1,48,8,-1,-1,-1,-1,6,E01005973,0,-1
2021451098954,2021,451098954,2,1,0,9,9,3,1,0,0,0,0,0,0,0,1,1,5,6,1,62,9,-1,-1,-1,-1,10,E01030642,0,-1
2021991055308,2021,991055308,2,97,0,16,19,4,7,0,0,0,0,0,0,0,0,1,6,6,3,25,5,-1,-1,-1,-1,-1,-1,0,-1
2021010342938,2021,010342938,2,9,9,99,99,9,9,99,99,9,9,99,9,99,1,9,6,6,3,-1,-1,-1,-1,-1,-1,2,E01001971,0,-1
2021010309110,2021,010309110,2,1,0,18,19,5,1,0,0,4,0,0,0,0,3,1,6,6,1,41,7,-1,-1,-1,-1,2,E01004315,0,-1
2021421113494,2021,421113494,1,9,0,18,19,4,8,0,0,0,0,0,0,0,3,1,6,6,3,-1,-1,-1,-1,-1,-1,-1,-1,0,-1
2021421128796,2021,421128796,1,9,0,5,5,6,1,0,0,0,0,0,1,4,4,1,6,6,2,76,11,-1,-1,-1,-1,4,E01021260,0,-1
2021161108030,2021,161108030,1,98,1,11,11,3,1,0,0,0,-1,-1,1,1,3,2,6,6,3,-1,-1,-1,-1,-1,-1,-1,-1,0,-1
2021061062731,2021,061062731,2,11,0,4,4,5,1,0,0,8,0,0,0,0,0,1,1,1,1,52,8,-1,-1,-1,-1,-1,-1,0,-1
2021461040350,2021,461040350,1,9,0,7,7,5,1,0,0,0,1,0,0,0,3,1,6,6,1,-1,-1,-1,-1,-1,-1,-1,-1,0,-1
2021010316615,2021,010316615,1,1,9,99,99,9,9,99,99,9,9,99,9,99,1,1,2,2,1,36,7,-1,-1,-1,-1,8,E01001891,0,-1
2021522105792,2021,522105792,1,1,0,9,9,3,1,0,0,8,0,0,0,0,4,1,6,6,1,24,5,-1,-1,-1,-1,9,E01014667,0,-1
2021461083121,2021,461083121,2,1,0,18,19,3,7,0,0,1,5,0,0,0,1,1,6,6,1,24,5,-1,-1,-1,-1,6,E01024238,0,-1
2021010324227,2021,010324227,1,9,9,99,99,9,9,99,99,9,9,99,9,99,9,9,6,6,3,-1,-1,-1,-1,-1,-1,-1,-1,0,-1
2021161106214,2021,161106214,2,1,0,18,19,3,7,0,0,8,0,4,0,0,4,1,6,6,1,47,8,-1,-1,-1,-1,9,E01012956,0,-1
2021061083509,2021,061083509,4,1,0,18,19,7,3,0,0,1,0,0,0,0,3,1,6,6,1,54,8,-1,-1,-1,-1,2,E01004795,0,-1
2021061047429,2021,061047429,1,9,0,18,19,6,6,0,0,0,1,0,0,0,1,1,1,1,1,26,6,-1,-1,-1,-1,7,E01012476,0,-1
2021461044111,2021,461044111,2,9,0,18,19,3,7,0,0,1,0,0,0,0,0,1,6,6,3,-1,-1,-1,-1,-1,-1,-1,-1,0,-1
2021201059485,2021,201059485,2,1,0,18,19,1,5,9,9,8,0,0,0,0,0,1,6,6,1,14,3,-1,-1,-1,-1,3,E01009316,0,-1
2021010317432,2021,010317432,2,98,0,99,99,9,9,99,99,0,9,99,9,99,9,9,6,6,3,-1,-1,-1,-1,-1,-1,-1,-1,0,-1
2021161040895,2021,161040895,2,9,0,13,13,3,7,0,0,0,0,0,0,0,3,1,6,6,1,-1,-1,-1,-1,-1,-1,-1,-1,0,-1
2021010314861,2021,010314861,2,3,0,3,3,3,7,0,0,1,0,0,0,0,2,1,1,1,1,25,5,-1,-1,-1,-1,3,E01001728,0,-1
2021010293158,2021,010293158,1,1,9,99,99,9,9,99,99,9,9,99,9,99,9,1,6,6,2,39,7,-1,-1,-1,-1,3,E01000490,0,-1
2021010302216,2021,010302216,2,1,0,18,19,1,5,0,0,8,0,0,0,0,3,1,6,6,1,28,6,-1,-1,-1,-1,5,E01003342,0,-1
2021221092790,2021,221092790,1,1,0,18,19,8,4,0,0,0,0,0,0,0,3,1,5,6,1,10,2,-1,-1,-1,-1,1,E01014113,0,-1
2021421125856,2021,421125856,1,1,0,18,19,3,7,0,0,8,0,0,0,0,1,1,6,6,1,25,5,-1,-1,-1,-1,-1,-1,0,-1
2021501109986,2021,501109986,3,9,0,18,19,3,7,0,0,0,0,0,0,0,1,1,1,1,1,20,4,-1,-1,-1,-1,4,E01018931,0,-1
2021440389026,2021,440389026,2,1,0,18,19,1,5,0,0,6,0,0,0,0,3,1,6,6,1,32,6,-1,-1,-1,-1,4,E01017160,0,-1
2021332100584,2021,332100584,1,9,0,4,4,1,5,0,0,1,0,0,0,0,2,1,6,6,1,74,10,-1,-1,-1,-1,6,E01013710,0,-1
2021141119544,2021,141119544,2,98,0,18,19,1,5,0,0,0,0,0,0,0,1,2,1,1,1,55,8,-1,-1,-1,-1,-1,-1,0,-1
2021302101670,2021,302101670,1,9,0,7,7,8,2,0,0,2,0,0,0,0,4,1,6,6,3,-1,-1,-1,-1,-1,-1,5,E01019456,0,-1
2021440307103,2021,440307103,2,9,0,9,9,5,1,0,0,4,0,0,0,0,3,1,6,6,3,-1,-1,-1,-1,-1,-1,-1,-1,0,-1
202134WNC3141,2021,34WNC3141,2,20,0,4,4,5,1,0,0,0,0,0,0,0,2,1,1,1,1,32,6,-1,-1,-1,-1,3,E01018423,0,-1
2021010296162,2021,010296162,2,9,0,99,99,9,9,99,99,9,9,99,9,99,9,9,6,6,3,24,5,-1,-1,-1,-1,9,E01027260,0,-1
2021141063273,2021,141063273,1,9,0,18,19,1,5,0,0,0,0,0,0,0,3,1,6,6,3,-1,-1,-1,-1,-1,-1,-1,-1,0,-1
2021351096934,2021,351096934,1,1,0,9,9,6,2,0,0,0,0,0,7,0,2,1,2,2,1,26,6,-1,-1,-1,-1,4,E01015655,0,-1
2021332100715,2021,332100715,1,19,0,17,19,3,8,0,0,0,0,0,7,0,1,1,6,6,1,50,8,-1,-1,-1,-1,8,E01025959,0,-1
2021451021219,2021,451021219,1,9,0,18,19,5,1,0,0,0,5,0,0,0,0,1,1,1,1,48,8,-1,-1,-1,-1,6,E01030455,0,-1
2021302101884,2021,302101884,1,9,0,14,14,6,2,0,0,0,0,4,0,0,1,1,6,6,1,65,9,-1,-1,-1,-1,4,E01019693,0,-1
2021501019331,2021,501019331,1,9,0,13,13,1,5,0,0,0,0,0,0,0,0,1,6,6,3,-1,-1,-1,-1,-1,-1,-1,-1,0,-1
2021010339231,2021,010339231,1,1,9,99,99,9,9,99,99,1,9,99,9,99,1,1,2,2,1,30,6,-1,-1,-1,-1,6,E01004608,0,-1
2021231104758,2021,231104758,1,1,0,18,19,2,6,0,0,8,1,0,0,0,1,1,2,2,1,18,4,-1,-1,-1,-1,9,E01031154,0,-1
2021201065929,2021,201065929,1,9,-1,-1,-1,-1,-1,-1,-1,0,-1,-1,-1,0,-1,1,6,6,3,-1,-1,-1,-1,-1,-1,-1,-1,0,-1
2021010312737,2021,010312737,2,9,0,99,99,9,9,99,99,9,9,99,9,99,1,9,6,6,3,-1,-1,-1,-1,-1,-1,-1,-1,0,-1
2021101126930,2021,101126930,2,1,0,18,19,5,1,0,0,2,0,0,0,0,3,1,5,6,1,26,6,-1,-1,-1,-1,2,E01010852,0,-1
2021332100701,2021,332100701,1,9,0,9,9,1,7,0,0,6,0,0,7,10,1,1,6,6,2,48,8,-1,-1,-1,-1,3,E01031094,0,-1
2021201070561,2021,201070561,1,19,0,18,19,7,3,0,0,4,0,0,0,0,0,1,6,6,1,-1,-1,-1,-1,-1,-1,-1,-1,0,-1
2021401049088,2021,401049088,1,97,0,18,19,1,5,9,9,0,5,0,0,0,1,1,5,6,1,18,4,-1,-1,-1,-1,5,E01017597,0,-1
2021320007503,2021,320007503,2,8,0,17,19,8,4,0,0,0,1,0,1,0,3,1,6,6,2,21,5,-1,-1,-1,-1,7,E01026924,0,-1
2021070174849,2021,070174849,1,1,0,18,19,8,4,0,0,1,0,0,0,0,0,1,6,6,2,83,11,-1,-1,-1,-1,7,E01018360,0,-1
2021201025405,2021,201025405,1,1,0,5,5,7,3,0,0,8,0,0,0,0,1,1,2,2,1,37,7,-1,-1,-1,-1,2,E01009412,0,-1
2021010288234,2021,010288234,1,1,0,99,99,9,9,0,0,0,0,0,0,0,4,1,6,6,1,41,7,-1,-1,-1,-1,6,E01004186,0,-1
2021401109376,2021,401109376,1,9,0,18,19,3,6,0,0,0,0,0,0,0,2,1,1,1,1,58,9,-1,-1,-1,-1,6,E01001258,0,-1
2021041053482,2021,041053482,2,1,0,16,19,3,7,0,0,1,0,0,0,0,1,1,5,6,1,12,3,-1,-1,-1,-1,6,E01025433,0,-1
2021201133833,2021,201133833,2,1,0,9,9,8,6,0,0,1,0,0,0,0,2,1,5,6,2,23,5,-1,-1,-1,-1,6,E01010379,0,-1
2021010324263,2021,010324263,2,9,9,99,99,9,9,99,99,9,9,99,9,99,9,9,6,6,3,-1,-1,-1,-1,-1,-1,2,E01001709,0,-1
202160Z178352,2021,60Z178352,1,9,0,1,1,4,8,0,0,1,0,0,0,0,2,1,6,6,2,30,6,-1,-1,-1,-1,-1,-1,0,-1
2021170M10181,2021,170M10181,1,9,0,18,19,7,3,0,0,1,0,0,0,0,9,1,6,6,3,-1,-1,-1,-1,-1,-1,-1,-1,0,-1
2021332100579,2021,332100579,2,1,0,13,13,4,8,0,0,8,0,0,0,0,1,1,2,2,1,25,5,-1,-1,-1,-1,3,E01013779,0,-1
2021201051602,2021,201051602,2,1,0,18,19,6,2,0,0,1,0,0,0,0,2,1,6,6,2,36,7,-1,-1,-1,-1,5,E01010558,0,-1
2021471109696,2021,471109696,1,11,0,4,4,3,7,2,2,0,0,0,0,0,-1,1,6,6,1,53,8,-1,-1,-1,-1,6,E01021066,0,-1
202131D155221,2021,31D155221,1,-1,0,18,19,8,4,9,9,0,0,0,0,0,1,1,6,6,1,9,2,-1,-1,-1,-1,5,E01028142,1,-1
2021471095664,2021,471095664,1,9,0,-1,-1,-1,-1,-1,-1,0,-1,-1,-1,0,-1,1,6,6,3,-1,-1,-1,-1,-1,-1,-1,-1,0,-1
2021201066195,2021,201066195,1,9,0,18,19,-1,-1,0,0,0,0,0,0,0,1,1,6,6,3,-1,-1,-1,-1,-1,-1,-1,-1,0,-1
2021361038519,2021,361038519,2,1,0,18,19,3,2,0,0,8,0,0,0,0,4,1,5,6,1,39,7,-1,-1,-1,-1,10,E01026572,0,-1
2021010316682,2021,010316682,1,1,9,18,19,3,7,0,0,1,5,0,0,99,4,1,6,6,1,34,6,-1,-1,-1,-1,5,E01001350,0,-1
2021070794583,2021,070794583,2,1,0,18,19,2,6,0,0,0,0,0,0,0,2,1,6,6,2,-1,-1,-1,-1,-1,-1,-1,-1,0,-1
2021141106740,2021,141106740,1,98,0,18,19,-1,-1,0,0,0,0,0,0,0,1,1,6,6,3,-1,-1,-1,-1,-1,-1,-1,-1,0,-1
2021052100336,2021,052100336,1,90,0,18,19,3,7,0,0,0,0,0,0,0,9,1,6,6,3,-1,-1,-1,-1,-1,-1,-1,-1,0,-1
2021461028736,2021,461028736,1,21,1,18,19,5,1,0,0,0,0,0,0,0,1,1,1,1,1,35,6,-1,-1,-1,-1,-1,-1,0,-1
2021471086717,2021,471086717,2,9,0,2,2,0,0,0,0,0,0,0,0,0,2,1,1,1,1,40,7,-1,-1,-1,-1,2,E01024496,0,-1
2021332101064,2021,332101064,1,9,0,18,19,1,5,0,0,1,0,0,0,0,1,1,6,6,2,60,9,-1,-1,-1,-1,3,E01025950,0,-1
2021131058164,2021,131058164,1,19,0,1,1,7,7,0,0,0,0,0,0,0,2,1,6,6,3,-1,-1,-1,-1,-1,-1,-1,-1,0,-1
2021010338616,2021,010338616,1,22,0,99,99,9,9,0,0,9,9,99,0,0,9,1,6,6,1,24,5,-1,-1,-1,-1,2,E01033485,0,-1
2021552100874,2021,552100874,2,1,0,4,4,1,5,0,0,0,0,0,0,0,0,1,6,6,1,49,8,-1,-1,-1,-1,5,E01001737,0,-1
2021010319919,2021,010319919,1,1,0,18,19,5,1,0,0,0,0,0,0,0,2,1,2,2,2,30,6,-1,-1,-1,-1,7,E01033093,0,-1
2021332100030,2021,332100030,1,9,0,9,9,3,1,0,0,4,0,0,0,0,3,1,6,6,2,43,7,-1,-1,-1,-1,6,E01025646,0,-1
2021440176467,2021,440176467,2,8,0,7,7,1,3,0,0,8,0,0,0,0,2,1,1,1,1,-1,-1,-1,-1,-1,-1,3,E01032751,0,-1
2021101040219,2021,101040219,2,1,0,12,12,7,2,3,2,1,0,0,0,0,3,1,5,6,1,48,8,-1,-1,-1,-1,5,E01008276,0,-1
2021010346014,2021,010346014,1,1,9,99,99,9,9,99,99,9,9,99,9,99,9,1,6,6,2,52,8,-1,-1,-1,-1,8,E01004075,0,-1
2021010302247,2021,010302247,1,1,0,16,19,1,5,0,0,1,0,0,0,0,3,1,6,6,1,55,8,-1,-1,-1,-1,4,E01001420,0,-1
2021461035495,2021,461035495,1,9,0,9,9,3,1,0,0,6,0,0,0,0,1,1,1,1,1,57,9,-1,-1,-1,-1,10,E01024114,0,-1
2021430463313,2021,430463313,2,8,0,18,19,6,2,0,0,0,0,0,0,0,3,1,1,1,1,37,7,-1,-1,-1,-1,7,E01023179,0,-1
2021522201553,2021,522201553,2,9,0,4,4,8,4,0,0,0,0,0,0,0,2,1,6,6,2,56,9,-1,-1,-1,-1,7,E01014735,0,-1
2021131086687,2021,131086687,1,19,0,-1,-1,-1,-1,-1,-1,-1,-1,-1,-1,-1,1,1,6,6,3,-1,-1,-1,-1,-1,-1,-1,-1,0,-1
2021052100696,2021,052100696,1,9,0,18,19,4,8,0,0,0,0,0,0,0,1,1,6,6,1,15,3,-1,-1,-1,-1,1,E01007227,0,-1
2021201047153,2021,201047153,2,1,0,18,19,2,8,0,0,8,0,0,0,0,0,1,1,1,2,31,6,-1,-1,-1,-1,1,E01033633,0,-1
2021131046596,2021,131046596,1,21,0,12,12,7,3,0,0,0,0,0,0,0,1,2,1,1,1,28,6,-1,-1,-1,-1,-1,-1,0,-1
2021440303303,2021,440303303,2,9,0,18,19,5,1,0,0,0,0,0,0,0,1,1,6,6,3,-1,-1,-1,-1,-1,-1,-1,-1,0,-1
2021010294442,2021,010294442,1,1,0,18,19,6,2,4,4,0,0,0,1,10,1,1,1,1,1,28,6,-1,-1,-1,-1,-1,-1,0,-1
2021031017336,2021,031017336,1,19,0,18,19,7,3,0,0,0,1,0,0,0,1,1,2,2,2,34,6,-1,-1,-1,-1,1,E01019111,0,-1
2021461075699,2021,461075699,2,9,0,18,19,7,3,0,0,0,0,0,0,0,1,1,6,6,1,30,6,-1,-1,-1,-1,6,E01024557,0,-1
2021332100316,2021,332100316,2,9,0,18,19,2,6,0,0,2,0,0,0,0,3,1,6,6,1,46,8,-1,-1,-1,-1,9,E01025669,0,-1
2021138161014,2021,138161014,3,9,0,18,19,2,6,0,0,1,0,0,0,0,2,1,6,6,2,32,6,-1,-1,-1,-1,4,E01011499,0,-1
2021101018658,2021,101018658,2,1,0,18,19,3,7,9,9,0,0,0,0,0,1,1,5,6,1,18,4,-1,-1,-1,-1,-1,-1,0,-1
2021131084023,2021,131084023,2,1,0,18,19,1,5,0,0,8,0,0,0,0,1,1,1,1,1,26,6,-1,-1,-1,-1,1,E01011917,0,-1
2021010290925,2021,010290925,1,1,9,99,99,9,9,99,99,9,9,99,9,99,9,1,2,2,1,18,4,-1,-1,-1,-1,4,E01003095,0,-1