collision_index,collision_year,collision_ref_no,vehicle_reference,vehicle_type,towing_and_articulation,vehicle_manoeuvre_historic,vehicle_manoeuvre,vehicle_direction_from,vehicle_direction_to,vehicle_location_restricted_lane_historic,vehicle_location_restricted_lane,junction_location,skidding_and_overturning,hit_object_in_carriageway,vehicle_leaving_carriageway,hit_object_off_carriageway,first_point_of_impact,vehicle_left_hand_drive,journey_purpose_of_driver_historic,journey_purpose_of_driver,sex_of_driver,age_of_driver,age_band_of_driver,engine_capacity_cc,propulsion_code,age_of_vehicle,generic_make_model,driver_imd_decile,lsoa_of_driver,escooter_flag,driver_distance_banding
2021010309327,2021,010309327,2,9,0,18,19,5,1,0,0,8,0,0,0,0,0,1,6,6,3,-1,-1,-1,-1,-1,-1,-1,-1,0,-1
2021010317790,2021,010317790,2,1,0,18,19,5,1,4,4,1,5,1,0,0,1,1,2,2,1,25,5,-1,-1,-1,-1,8,E01004498,0,-1
2021061084236,2021,061084236,2,1,0,18,19,3,1,0,0,0,0,0,0,0,1,1,6,6,1,56,9,-1,-1,-1,-1,1,E01005209,0,-1
2021461025638,2021,461025638,1,-1,-1,-1,-1,1,5,-1,-1,0,-1,-1,-1,0,-1,1,6,6,3,-1,-1,-1,-1,-1,-1,-1,-1,0,-1
2021302100779,2021,302100779,2,1,0,18,19,8,4,0,0,8,0,0,0,0,0,1,6,6,1,24,5,-1,-1,-1,-1,3,E01013454,0,-1
202106J079317,2021,06J079317,2,9,0,4,4,1,5,0,0,0,0,0,0,0,2,1,6,6,1,69,10,-1,-1,-1,-1,10,E01018658,0,-1
2021991026397,2021,991026397,2,1,0,18,19,6,3,4,4,1,0,0,0,0,1,1,6,6,1,18,4,-1,-1,-1,-1,8,-1,0,-1
2021201030635,2021,201030635,3,9,0,13,13,4,7,0,0,1,0,0,0,0,0,1,1,1,1,-1,-1,-1,-1,-1,-1,-1,-1,0,-1
2021201034764,2021,201034764,2,9,0,18,19,8,4,0,0,1,0,0,0,0,3,1,1,1,1,47,8,-1,-1,-1,-1,1,E01009059,0,-1
2021010301859,2021,010301859,1,1,9,99,99,9,9,99,99,9,9,99,9,99,1,1,2,2,1,24,5,-1,-1,-1,-1,1,E01032512,0,-1
2021991069111,2021,991069111,2,1,0,7,7,4,6,0,0,1,0,0,0,0,3,1,1,1,1,38,7,-1,-1,-1,-1,10,-1,0,-1
2021010296474,2021,010296474,1,1,9,99,99,9,9,99,99,9,9,99,9,99,9,1,2,2,1,37,7,-1,-1,-1,-1,2,E01004403,0,-1
2021010347127,2021,010347127,2,1,0,3,3,7,3,9,9,1,0,0,0,0,4,1,4,7,1,15,3,-1,-1,-1,-1,6,E01033570,0,-1
2021161034111,2021,161034111,2,9,0,18,19,2,6,0,0,0,0,0,0,0,1,1,6,6,1,61,9,-1,-1,-1,-1,8,E01013190,0,-1
2021461066607,2021,461066607,2,9,0,3,3,1,3,0,0,1,0,0,0,0,2,1,6,6,1,24,5,-1,-1,-1,-1,7,E01024538,0,-1
2021010337304,2021,010337304,1,1,0,18,19,7,3,0,0,1,0,0,0,0,1,1,6,6,1,15,3,-1,-1,-1,-1,6,E01001401,0,-1
2021010338234,2021,010338234,1,1,9,99,99,9,9,99,99,9,9,99,9,99,1,1,6,6,2,45,7,-1,-1,-1,-1,6,E01002126,0,-1
2021010308271,2021,010308271,2,1,9,99,99,9,9,99,99,9,9,99,9,99,1,1,6,6,3,-1,-1,-1,-1,-1,-1,-1,-1,0,-1
2021430080860,2021,430080860,2,1,0,18,19,1,5,0,0,0,0,0,0,0,3,1,6,6,1,67,10,-1,-1,-1,-1,7,E01028620,0,-1
2021010315893,2021,010315893,2,1,0,5,5,5,1,0,0,6,0,0,0,0,1,1,6,6,2,12,3,-1,-1,-1,-1,7,E01000665,0,-1
2021010309026,2021,010309026,2,9,0,99,99,9,9,99,99,0,9,99,9,99,2,9,6,6,3,-1,-1,-1,-1,-1,-1,-1,-1,0,-1
2021010347044,2021,010347044,2,9,0,99,99,9,9,99,99,9,9,99,9,99,2,9,6,6,3,-1,-1,-1,-1,-1,-1,-1,-1,0,-1
2021141045728,2021,141045728,1,9,0,15,15,2,6,0,0,0,-1,-1,-1,0,-1,1,6,6,3,-1,-1,-1,-1,-1,-1,-1,-1,0,-1
2021332100291,2021,332100291,1,9,0,5,5,4,8,0,0,2,0,0,0,0,1,1,6,6,1,26,6,-1,-1,-1,-1,3,E01013641,0,-1
2021010306684,2021,010306684,2,-1,0,12,12,5,1,2,2,0,0,0,1,0,4,1,6,6,1,51,8,-1,-1,-1,-1,3,E01004747,1,-1
2021010321305,2021,010321305,1,8,0,9,9,5,3,0,0,5,0,0,0,0,1,1,1,1,1,46,8,-1,-1,-1,-1,9,E01001107,0,-1
2021371095331,2021,371095331,2,1,0,18,19,7,5,0,0,8,0,0,0,0,4,1,5,6,1,60,9,-1,-1,-1,-1,2,E01030036,0,-1
2021201073457,2021,201073457,1,9,0,18,19,2,6,0,0,0,0,4,0,0,1,1,6,6,1,51,8,-1,-1,-1,-1,3,E01009950,0,-1
2021010341073,2021,010341073,2,9,0,99,99,9,9,99,99,0,9,99,9,99,9,9,6,6,3,-1,-1,-1,-1,-1,-1,-1,-1,0,-1
2021010313112,2021,010313112,2,1,0,18,19,1,5,5,5,1,0,0,0,0,3,1,6,6,1,35,6,-1,-1,-1,-1,4,E01001259,0,-1
2021010314522,2021,010314522,1,11,0,99,99,9,9,0,0,0,0,0,0,0,1,9,6,6,3,-1,-1,-1,-1,-1,-1,-1,-1,0,-1
2021131076871,2021,131076871,1,9,0,10,10,5,3,0,0,6,0,0,0,0,1,1,1,1,1,41,7,-1,-1,-1,-1,4,E01011606,0,-1
2021430144926,2021,430144926,1,9,0,18,19,1,5,0,0,0,0,0,0,0,1,1,6,6,3,-1,-1,-1,-1,-1,-1,-1,-1,0,-1
2021351095404,2021,351095404,1,9,0,18,19,-1,-1,0,0,0,0,0,0,0,1,1,6,6,3,-1,-1,-1,-1,-1,-1,-1,-1,0,-1
2021622100222,2021,622100222,1,4,0,18,19,7,3,0,0,1,0,0,0,0,3,1,6,6,1,31,6,-1,-1,-1,-1,7,W01000875,0,-1
2021552100334,2021,552100334,2,1,0,18,19,4,8,9,9,8,0,0,0,0,1,1,6,6,1,45,7,-1,-1,-1,-1,8,E01015448,0,-1
2021451023188,2021,451023188,2,1,0,18,19,5,1,0,0,0,0,0,0,0,3,1,6,6,2,58,9,-1,-1,-1,-1,7,E01030466,0,-1
2021010311723,2021,010311723,2,1,0,18,19,5,1,4,4,1,0,0,0,0,1,1,6,6,2,42,7,-1,-1,-1,-1,8,E01030452,0,-1
2021031098003,2021,031098003,2,1,0,14,14,1,5,0,0,0,0,0,0,0,2,1,5,6,1,50,8,-1,-1,-1,-1,5,W01001717,0,-1
2021302100786,2021,302100786,3,11,0,2,2,0,0,0,0,0,0,0,0,0,0,1,1,1,3,-1,-1,-1,-1,-1,-1,5,E01019456,0,-1
202131A139121,2021,31A139121,1,1,0,18,19,6,2,0,0,1,0,0,0,0,1,1,6,6,1,29,6,-1,-1,-1,-1,2,E01028284,0,-1
2021010345371,2021,010345371,1,-1,0,18,19,3,7,9,9,0,0,0,9,0,1,1,6,6,1,-1,-1,-1,-1,-1,-1,-1,-1,1,-1
2021451059760,2021,451059760,1,98,0,12,12,5,1,0,0,0,0,0,0,0,3,2,1,1,1,20,4,-1,-1,-1,-1,-1,-1,0,-1
2021041033144,2021,041033144,2,1,0,18,19,8,4,0,0,0,5,0,0,0,3,1,6,6,1,62,9,-1,-1,-1,-1,8,E01006315,0,-1
2021332100594,2021,332100594,1,19,0,4,4,5,1,0,0,0,0,0,0,0,2,1,6,6,3,-1,-1,-1,-1,-1,-1,-1,-1,0,-1
2021201030019,2021,201030019,2,9,0,18,19,8,4,0,0,0,0,0,0,0,4,1,6,6,3,-1,-1,-1,-1,-1,-1,-1,-1,0,-1
2021052102204,2021,052102204,1,9,0,1,1,6,2,0,0,0,0,0,1,11,2,1,6,6,1,40,7,-1,-1,-1,-1,1,E01006659,0,-1
2021070601180,2021,070601180,2,1,0,18,19,7,3,0,0,8,0,0,0,0,4,1,6,6,1,62,9,-1,-1,-1,-1,10,E01018678,0,-1
2021430311490,2021,430311490,2,1,0,18,19,5,1,0,0,8,0,0,0,0,1,1,2,2,1,21,5,-1,-1,-1,-1,7,E01016739,0,-1
2021010299129,2021,010299129,2,1,0,11,11,1,5,0,0,8,0,0,1,0,3,1,6,6,1,36,7,-1,-1,-1,-1,2,E01004197,0,-1
2021552100286,2021,552100286,1,9,0,18,19,4,2,0,0,3,0,0,0,0,1,1,6,6,3,-1,-1,-1,-1,-1,-1,-1,-1,0,-1
2021201083109,2021,201083109,2,9,0,18,19,-1,-1,0,0,0,0,0,0,0,1,1,6,6,3,-1,-1,-1,-1,-1,-1,-1,-1,0,-1
2021101058261,2021,101058261,1,9,0,18,19,4,8,0,0,8,0,0,0,0,4,1,6,6,1,35,6,-1,-1,-1,-1,-1,-1,0,-1
2021332100469,2021,332100469,1,9,0,7,7,3,5,0,0,3,0,0,0,0,1,1,2,2,1,41,7,-1,-1,-1,-1,7,E01025658,0,-1
2021061046012,2021,061046012,1,1,0,10,10,3,1,0,0,8,0,0,0,0,3,1,6,6,1,41,7,-1,-1,-1,-1,1,E01005180,0,-1
2021311047521,2021,311047521,2,9,0,18,19,7,3,0,0,3,0,0,0,0,4,1,6,6,1,42,7,-1,-1,-1,-1,4,E01028211,0,-1
2021481092297,2021,481092297,2,1,0,18,19,1,5,0,0,0,0,0,0,0,1,1,2,2,1,34,6,-1,-1,-1,-1,3,E01003315,0,-1
2021010350006,2021,010350006,1,1,0,18,19,3,7,0,0,1,0,0,0,0,1,1,1,1,1,45,7,-1,-1,-1,-1,6,E01002260,0,-1
202131C079621,2021,31C079621,2,1,0,18,19,6,2,9,9,1,0,0,0,0,1,1,6,6,1,35,6,-1,-1,-1,-1,1,E01013811,0,-1
2021061055091,2021,061055091,1,9,0,18,19,2,6,0,0,1,0,0,0,0,1,1,6,6,3,30,6,-1,-1,-1,-1,-1,-1,0,-1
2021531062545,2021,531062545,2,9,0,4,4,1,5,0,0,2,0,0,0,0,2,1,5,6,2,28,6,-1,-1,-1,-1,5,E01031867,0,-1
2021010303835,2021,010303835,2,1,0,3,3,5,1,0,0,4,0,0,0,0,2,1,2,2,2,54,8,-1,-1,-1,-1,7,E01002944,0,-1
2021461107755,2021,461107755,2,9,0,4,4,3,7,0,0,0,0,0,0,0,2,1,6,6,1,31,6,-1,-1,-1,-1,10,E01021618,0,-1
2021430561770,2021,430561770,1,11,0,18,19,6,2,0,0,1,0,0,0,0,4,1,1,1,3,-1,-1,-1,-1,-1,-1,-1,-1,0,-1
2021610023721,2021,610023721,1,9,0,9,9,5,3,0,0,8,0,0,1,1,3,1,6,6,2,63,9,-1,-1,-1,-1,-1,-1,0,-1
2021010331117,2021,010331117,2,9,0,4,4,5,1,0,0,1,0,0,0,0,1,1,1,1,1,72,10,-1,-1,-1,-1,9,E01017614,0,-1
2021430409252,2021,430409252,1,9,0,1,1,6,2,0,0,0,0,0,0,0,2,1,1,1,1,36,7,-1,-1,-1,-1,5,E01016404,0,-1
2021522201459,2021,522201459,1,9,0,5,5,3,7,0,0,1,0,0,0,0,1,1,6,6,1,34,6,-1,-1,-1,-1,9,E01033333,0,-1
2021041042348,2021,041042348,1,1,0,18,19,4,8,0,0,1,5,0,0,0,1,1,6,6,2,7,2,-1,-1,-1,-1,1,E01024872,0,-1
2021061028722,2021,061028722,1,9,0,18,19,3,3,0,0,0,0,0,0,0,1,1,6,6,3,30,6,-1,-1,-1,-1,-1,-1,0,-1
2021010304978,2021,010304978,2,1,0,18,19,1,5,3,2,0,0,0,0,0,1,1,6,6,1,18,4,-1,-1,-1,-1,-1,-1,0,-1
2021010328710,2021,010328710,2,1,0,3,3,3,7,0,0,2,0,0,0,0,2,1,6,6,1,26,6,-1,-1,-1,-1,3,E01004429,0,-1
2021070096428,2021,070096428,2,9,0,7,7,5,7,0,0,4,0,0,0,0,4,1,6,6,1,-1,-1,-1,-1,-1,-1,-1,-1,0,-1
2021010317656,2021,010317656,2,1,0,18,19,6,2,4,4,0,0,0,0,0,3,1,6,6,1,35,6,-1,-1,-1,-1,2,E01033148,0,-1
2021070413218,2021,070413218,2,9,0,18,19,1,5,0,0,2,0,0,0,0,3,1,6,6,2,29,6,-1,-1,-1,-1,8,E01018348,0,-1
2021101128055,2021,101128055,1,9,0,18,19,6,2,0,0,6,0,0,0,0,3,1,6,6,1,-1,-1,-1,-1,-1,-1,-1,-1,0,-1
2021201142164,2021,201142164,1,9,0,18,19,-1,-1,0,0,0,0,0,0,0,1,1,1,1,1,-1,-1,-1,-1,-1,-1,-1,-1,0,-1
2021170L30931,2021,170L30931,2,1,0,18,19,6,2,0,0,6,0,0,0,0,1,1,6,6,1,11,3,-1,-1,-1,-1,5,E01012106,0,-1
2021010311036,2021,010311036,3,9,9,99,99,9,9,99,99,9,9,99,9,99,9,9,6,6,3,-1,-1,-1,-1,-1,-1,-1,-1,0,-1
2021552100105,2021,552100105,2,1,0,18,19,5,1,0,0,4,0,0,0,0,4,1,2,2,1,26,6,-1,-1,-1,-1,4,E01015328,0,-1
2021440369189,2021,440369189,2,1,0,18,19,5,1,0,0,1,0,0,0,0,1,1,6,6,1,72,10,-1,-1,-1,-1,5,E01017283,0,-1
2021061110291,2021,061110291,2,8,0,18,19,2,6,0,0,1,0,0,0,0,1,1,3,7,1,65,9,-1,-1,-1,-1,1,E01005564,0,-1
2021351012210,2021,351012210,1,9,0,16,19,7,3,0,0,0,2,0,1,0,1,1,6,6,2,68,10,-1,-1,-1,-1,6,E01018076,0,-1
2021131126337,2021,131126337,1,4,0,18,19,3,7,0,0,0,1,0,1,4,3,1,5,6,1,23,5,-1,-1,-1,-1,1,E01011616,0,-1
2021201049715,2021,201049715,1,9,0,18,19,6,2,0,0,3,0,0,0,0,1,1,6,6,3,-1,-1,-1,-1,-1,-1,-1,-1,0,-1
2021552100991,2021,552100991,2,1,0,9,9,2,8,0,0,5,0,0,0,0,2,1,6,6,1,31,6,-1,-1,-1,-1,5,E01020448,0,-1
2021332100608,2021,332100608,2,9,0,3,3,6,2,0,0,2,0,0,0,0,2,1,6,6,2,47,8,-1,-1,-1,-1,2,E01013631,0,-1
2021411067945,2021,411067945,2,9,0,17,19,5,1,9,9,0,0,0,0,0,1,1,5,6,2,41,7,-1,-1,-1,-1,3,E01023873,0,-1
2021430424615,2021,430424615,2,1,0,18,19,6,2,0,0,2,0,0,0,0,3,1,6,6,1,13,3,-1,-1,-1,-1,3,E01016505,0,-1
2021052100726,2021,052100726,1,-1,0,7,7,6,2,0,0,8,0,0,0,0,0,1,6,6,3,-1,-1,-1,-1,-1,-1,-1,-1,1,-1
2021010336738,2021,010336738,1,1,0,18,19,1,5,0,0,1,0,0,0,0,2,1,2,2,1,32,6,-1,-1,-1,-1,2,E01002856,0,-1
2021201057026,2021,201057026,1,9,0,18,19,8,4,0,0,0,1,0,0,0,1,1,6,6,3,-1,-1,-1,-1,-1,-1,-1,-1,0,-1
2021440483106,2021,440483106,2,1,0,18,19,7,3,0,0,0,0,0,0,0,1,1,4,7,2,13,3,-1,-1,-1,-1,3,E01017020,0,-1
2021461043962,2021,461043962,2,1,0,18,19,3,7,0,0,0,0,0,0,0,2,1,6,6,2,15,3,-1,-1,-1,-1,6,E01024163,0,-1
2021101118650,2021,101118650,2,9,0,18,19,4,8,0,0,1,0,0,0,0,1,1,6,6,1,24,5,-1,-1,-1,-1,-1,-1,0,-1
2021061110102,2021,061110102,1,1,0,18,19,8,4,0,0,8,0,0,0,0,3,1,6,6,1,24,5,-1,-1,-1,-1,6,E01033670,0,-1
2021461090965,2021,461090965,2,1,0,18,19,5,1,0,0,0,0,0,0,0,0,1,6,6,1,54,8,-1,-1,-1,-1,3,E01024717,0,-1
2021201079095,2021,201079095,1,-1,0,5,5,4,8,9,9,0,0,0,0,0,0,1,6,6,1,-1,-1,-1,-1,-1,-1,-1,-1,1,-1
2021010288572,2021,010288572,2,1,0,18,19,2,6,0,0,1,0,0,0,0,4,1,6,6,1,58,9,-1,-1,-1,-1,3,E01003315,0,-1
2021522104963,2021,522104963,1,3,0,18,19,3,7,0,0,1,0,0,0,0,1,1,1,1,1,30,6,-1,-1,-1,-1,-1,-1,0,-1
2021010333533,2021,010333533,2,9,0,9,9,8,6,0,0,8,0,0,0,0,0,1,6,6,3,-1,-1,-1,-1,-1,-1,-1,-1,0,-1
202163C036821,2021,63C036821,2,9,0,18,19,1,5,0,0,8,1,0,0,0,1,1,6,6,1,19,4,-1,-1,-1,-1,8,W01000554,0,-1
2021010343431,2021,010343431,1,1,9,99,99,9,9,99,99,9,9,99,9,99,9,1,2,2,1,45,7,-1,-1,-1,-1,10,E01000826,0,-1
2021201082679,2021,201082679,1,9,0,14,14,6,2,0,0,0,0,0,0,0,1,1,6,6,2,-1,-1,-1,-1,-1,-1,-1,-1,0,-1
2021430134020,2021,430134020,2,1,0,18,19,3,7,0,0,1,0,0,0,0,2,1,6,6,2,61,9,-1,-1,-1,-1,9,E01023426,0,-1
2021010305367,2021,010305367,2,9,0,99,99,9,9,99,99,9,9,99,9,99,3,9,6,6,3,-1,-1,-1,-1,-1,-1,-1,-1,0,-1
2021361017029,2021,361017029,2,9,0,18,19,4,7,0,0,0,0,0,0,0,1,1,1,1,1,37,7,-1,-1,-1,-1,3,E01026455,0,-1
2021361029327,2021,361029327,2,1,0,18,19,3,7,0,0,0,0,0,0,0,1,1,6,6,1,79,11,-1,-1,-1,-1,1,E01026687,0,-1
2021141122384,2021,141122384,1,9,0,18,19,7,3,0,0,0,1,0,1,4,1,1,5,6,2,39,7,-1,-1,-1,-1,2,E01011866,0,-1
2021070595067,2021,070595067,1,17,0,16,19,1,5,0,0,0,0,0,0,0,1,1,2,2,1,23,5,-1,-1,-1,-1,-1,-1,0,-1
2021010319286,2021,010319286,1,9,0,18,19,7,3,0,0,6,0,0,0,0,1,1,6,6,2,21,5,-1,-1,-1,-1,-1,-1,0,-1
2021010312048,2021,010312048,2,1,9,99,99,9,9,99,99,9,9,99,9,99,0,1,6,6,3,-1,-1,-1,-1,-1,-1,4,E01003186,0,-1
2021061106525,2021,061106525,1,21,1,18,19,5,5,0,0,1,0,0,0,0,1,1,2,2,1,31,6,-1,-1,-1,-1,-1,-1,0,-1
202134NNC2441,2021,34NNC2441,2,1,0,18,19,2,6,0,0,6,0,0,0,0,1,1,6,6,1,15,3,-1,-1,-1,-1,4,E01027352,0,-1
202163C070621,2021,63C070621,1,9,0,17,19,2,7,0,0,8,5,0,1,10,1,1,1,1,1,28,6,-1,-1,-1,-1,7,W01000583,0,-1
2021010344189,2021,010344189,2,9,0,7,7,7,2,0,0,8,9,99,0,0,9,9,6,6,3,-1,-1,-1,-1,-1,-1,-1,-1,0,-1
2021332100940,2021,332100940,2,9,0,18,19,2,6,0,0,1,0,0,0,0,1,1,2,2,1,59,9,-1,-1,-1,-1,6,E01025767,0,-1
2021010327682,2021,010327682,1,1,9,99,99,9,9,99,99,9,9,99,9,99,2,1,2,2,2,32,6,-1,-1,-1,-1,3,E01001467,0,-1
2021010333365,2021,010333365,1,1,0,18,19,1,5,0,0,1,0,0,0,0,4,1,2,2,1,44,7,-1,-1,-1,-1,10,E01000688,0,-1
2021332100038,2021,332100038,1,9,0,9,9,7,5,0,0,6,0,0,0,0,1,1,6,6,1,38,7,-1,-1,-1,-1,8,E01025645,0,-1
2021201107624,2021,201107624,1,9,0,1,1,2,6,0,0,6,0,0,0,0,2,1,6,6,1,-1,-1,-1,-1,-1,-1,-1,-1,0,-1
2021302101123,2021,302101123,3,9,0,18,19,8,4,0,0,1,0,0,0,0,0,1,6,6,3,-1,-1,-1,-1,-1,-1,5,E01019456,0,-1
2021010335760,2021,010335760,2,9,0,99,99,9,9,99,99,0,9,99,9,99,9,9,6,6,3,-1,-1,-1,-1,-1,-1,-1,-1,0,-1
2021302100623,2021,302100623,2,9,0,9,9,2,8,0,0,6,0,0,0,0,1,1,6,6,3,-1,-1,-1,-1,-1,-1,5,E01019456,0,-1
2021010343151,2021,010343151,2,1,0,4,4,3,7,0,0,8,0,0,0,0,1,1,4,7,1,13,3,-1,-1,-1,-1,8,E01002945,0,-1
2021041037866,2021,041037866,1,9,0,4,4,5,1,7,6,1,0,0,0,0,3,1,6,6,3,-1,-1,-1,-1,-1,-1,-1,-1,0,-1
2021332100478,2021,332100478,2,9,0,18,19,7,3,0,0,0,0,0,1,0,1,1,2,2,1,29,6,-1,-1,-1,-1,9,E01025973,0,-1
2021010329929,2021,010329929,2,9,0,99,99,9,9,99,99,9,9,99,9,99,1,9,6,6,3,-1,-1,-1,-1,-1,-1,-1,-1,0,-1
2021991030329,2021,991030329,1,9,0,18,19,1,5,0,0,0,0,4,0,0,1,1,6,6,1,55,8,-1,-1,-1,-1,9,-1,0,-1
2021010318828,2021,010318828,2,9,0,99,99,9,9,99,99,0,9,99,9,99,1,9,6,6,3,-1,-1,-1,-1,-1,-1,1,E01001052,0,-1
2021061081163,2021,061081163,1,9,0,18,19,1,1,0,0,0,0,0,0,0,1,1,6,6,3,30,6,-1,-1,-1,-1,-1,-1,0,-1
2021061030467,2021,061030467,1,9,0,18,19,3,3,0,0,0,0,0,0,0,2,1,6,6,3,-1,-1,-1,-1,-1,-1,-1,-1,0,-1
2021430354033,2021,430354033,2,9,0,18,19,1,5,0,0,1,0,0,0,0,1,1,6,6,3,-1,-1,-1,-1,-1,-1,-1,-1,0,-1
2021061108986,2021,061108986,1,9,0,18,19,2,6,0,0,8,0,0,0,0,1,1,5,6,1,30,6,-1,-1,-1,-1,2,E01006309,0,-1
2021061041039,2021,061041039,4,19,0,3,3,5,1,0,0,1,0,0,0,0,4,1,1,1,2,51,8,-1,-1,-1,-1,7,E01011056,0,-1
2021531079649,2021,531079649,1,1,0,16,19,7,3,0,0,1,0,4,0,0,1,1,6,6,1,50,8,-1,-1,-1,-1,9,E01022418,0,-1
2021991119495,2021,991119495,1,9,0,18,19,1,5,0,0,8,0,0,0,0,1,1,6,6,1,71,10,-1,-1,-1,-1,5,-1,0,-1
2021451109873,2021,451109873,1,19,0,18,19,5,1,0,0,0,0,0,0,0,1,1,6,6,3,30,6,-1,-1,-1,-1,-1,-1,0,-1
2021010293384,2021,010293384,2,1,0,18,19,6,2,0,0,1,0,0,0,0,1,1,1,1,1,23,5,-1,-1,-1,-1,4,E01002596,0,-1
2021141029040,2021,141029040,2,1,0,15,15,7,3,0,0,0,0,0,0,0,1,1,5,6,1,49,8,-1,-1,-1,-1,6,E01008160,0,-1
2021010338211,2021,010338211,2,1,0,18,19,5,1,0,0,1,0,0,0,0,1,1,6,6,2,59,9,-1,-1,-1,-1,5,E01003072,0,-1
2021010296518,2021,010296518,2,9,9,99,99,9,9,99,99,0,9,99,9,99,9,9,6,6,3,-1,-1,-1,-1,-1,-1,-1,-1,0,-1
2021430186112,2021,430186112,2,2,0,18,19,4,8,0,0,1,0,0,1,11,1,1,6,6,1,31,6,-1,-1,-1,-1,4,E01017905,0,-1
2021522104448,2021,522104448,1,1,0,18,19,7,3,0,0,8,0,0,0,0,1,1,6,6,2,22,5,-1,-1,-1,-1,4,E01014991,0,-1
2021320303350,2021,320303350,2,9,0,18,19,8,4,0,0,1,0,0,0,0,3,1,6,6,2,28,6,-1,-1,-1,-1,9,E01026231,0,-1
2021201137139,2021,201137139,1,8,0,18,19,6,2,0,0,8,0,0,0,0,1,1,1,1,1,-1,-1,-1,-1,-1,-1,-1,-1,0,-1
2021010298810,2021,010298810,1,1,9,99,99,9,9,99,99,0,9,99,9,99,1,1,6,6,1,36,7,-1,-1,-1,-1,5,E01004370,0,-1
2021010319993,2021,010319993,1,9,9,18,19,3,7,0,0,1,0,0,0,0,9,9,6,6,3,-1,-1,-1,-1,-1,-1,-1,-1,0,-1
2021430237678,2021,430237678,1,9,0,18,19,6,2,9,9,0,0,0,0,0,1,1,6,6,3,-1,-1,-1,-1,-1,-1,-1,-1,0,-1
2021552200213,2021,552200213,2,-1,0,18,19,6,2,0,0,8,0,0,0,0,1,1,6,6,2,28,6,-1,-1,-1,-1,2,E01015288,1,-1
2021010350482,2021,010350482,1,97,9,99,99,9,9,99,99,9,9,99,9,99,9,1,6,6,1,-1,-1,-1,-1,-1,-1,1,E01021325,0,-1
2021141043564,2021,141043564,2,9,0,2,2,0,0,0,0,0,0,0,0,0,2,1,6,6,3,-1,-1,-1,-1,-1,-1,-1,-1,0,-1
2021522103693,2021,522103693,2,9,0,18,19,3,7,0,0,1,0,0,0,0,1,1,6,6,3,-1,-1,-1,-1,-1,-1,-1,-1,0,-1
2021411031793,2021,411031793,2,1,0,18,19,4,8,0,0,0,5,0,0,0,1,1,6,6,1,-1,-1,-1,-1,-1,-1,-1,-1,0,-1
202131A036121,2021,31A036121,2,1,0,18,19,8,4,0,0,1,0,0,0,0,4,1,6,6,1,31,6,-1,-1,-1,-1,6,E01027925,0,-1
2021991066274,2021,991066274,1,1,0,17,19,3,7,0,0,1,0,4,0,0,1,1,5,6,1,51,8,-1,-1,-1,-1,-1,-1,0,-1
2021501090094,2021,501090094,1,9,0,16,19,1,5,0,0,8,0,0,2,0,1,1,5,6,2,30,6,-1,-1,-1,-1,5,E01020101,0,-1
2021501130917,2021,501130917,2,1,0,18,19,6,2,0,0,8,0,0,0,0,4,1,6,6,1,52,8,-1,-1,-1,-1,4,E01018825,0,-1
202160Z016631,2021,60Z016631,1,9,0,4,4,4,8,0,0,4,0,0,0,0,3,1,1,1,1,51,8,-1,-1,-1,-1,-1,-1,0,-1
2021610014421,2021,610014421,3,9,0,4,4,8,4,0,0,0,0,0,0,0,1,1,2,2,1,33,6,-1,-1,-1,-1,-1,-1,0,-1
2021041146712,2021,041146712,1,9,0,18,19,1,5,0,0,1,0,0,0,0,4,1,5,6,1,19,4,-1,-1,-1,-1,4,E01025359,0,-1
2021332100179,2021,332100179,2,9,0,18,19,2,6,0,0,8,1,0,2,7,1,1,6,6,2,20,4,-1,-1,-1,-1,3,E01013698,0,-1
2021421054046,2021,421054046,1,1,0,18,19,4,8,9,9,0,5,0,0,0,0,1,5,6,2,76,11,-1,-1,-1,-1,5,E01033459,0,-1
2021010324636,2021,010324636,1,9,0,5,5,5,1,0,0,8,0,0,0,0,1,1,6,6,3,-1,-1,-1,-1,-1,-1,-1,-1,0,-1
2021430177845,2021,430177845,1,19,0,9,9,4,2,0,0,8,0,0,0,0,3,1,2,2,1,67,10,-1,-1,-1,-1,5,E01016437,0,-1
2021141116911,2021,141116911,1,1,0,18,19,2,6,0,0,1,0,0,0,0,1,1,6,6,1,44,7,-1,-1,-1,-1,9,E01007897,0,-1
2021010299312,2021,010299312,1,90,9,99,99,9,9,99,99,0,9,99,9,99,9,9,6,6,2,31,6,-1,-1,-1,-1,3,E01001186,0,-1
2021302101694,2021,302101694,2,1,0,3,3,8,4,0,0,0,0,0,0,0,3,1,6,6,1,13,3,-1,-1,-1,-1,9,E01019703,0,-1
2021201032249,2021,201032249,1,9,0,9,9,6,4,0,0,5,0,0,0,0,1,1,6,6,3,-1,-1,-1,-1,-1,-1,-1,-1,0,-1
2021010341155,2021,010341155,1,9,0,7,7,1,3,0,0,2,0,0,0,0,1,1,6,6,3,-1,-1,-1,-1,-1,-1,-1,-1,0,-1
2021010292235,2021,010292235,2,19,9,99,99,9,9,99,99,9,9,99,9,99,2,9,6,6,3,-1,-1,-1,-1,-1,-1,2,E01002217,0,-1
2021552101073,2021,552101073,1,9,0,18,19,3,7,0,0,1,0,0,0,0,1,1,6,6,3,-1,-1,-1,-1,-1,-1,-1,-1,0,-1
2021061062088,2021,061062088,2,1,0,18,19,5,1,0,0,8,0,0,0,0,1,1,6,6,2,51,8,-1,-1,-1,-1,4,E01004917,0,-1
202160Z007377,2021,60Z007377,2,3,0,18,19,2,6,0,0,1,0,0,1,0,3,1,6,6,1,58,9,-1,-1,-1,-1,-1,-1,0,-1
2021430325648,2021,430325648,2,1,0,18,19,8,4,0,0,0,0,0,0,0,2,1,6,6,1,56,9,-1,-1,-1,-1,-1,-1,0,-1
2021552100502,2021,552100502,2,1,0,8,8,1,3,0,0,1,0,0,0,0,1,1,6,6,1,56,9,-1,-1,-1,-1,8,E01020579,0,-1
2021201081438,2021,201081438,2,9,0,18,19,6,2,0,0,8,0,0,0,0,1,1,6,6,2,42,7,-1,-1,-1,-1,2,E01009982,0,-1
2021010343598,2021,010343598,1,1,9,99,99,9,9,99,99,9,9,99,9,99,9,1,6,6,1,45,7,-1,-1,-1,-1,7,E01000427,0,-1