collision_index,collision_year,collision_ref_no,vehicle_reference,vehicle_type,towing_and_articulation,vehicle_manoeuvre_historic,vehicle_manoeuvre,vehicle_direction_from,vehicle_direction_to,vehicle_location_restricted_lane_historic,vehicle_location_restricted_lane,junction_location,skidding_and_overturning,hit_object_in_carriageway,vehicle_leaving_carriageway,hit_object_off_carriageway,first_point_of_impact,vehicle_left_hand_drive,journey_purpose_of_driver_historic,journey_purpose_of_driver,sex_of_driver,age_of_driver,age_band_of_driver,engine_capacity_cc,propulsion_code,age_of_vehicle,generic_make_model,driver_imd_decile,lsoa_of_driver,escooter_flag,driver_distance_banding
2021371097834,2021,371097834,1,1,-1,-1,-1,-1,-1,-1,-1,0,-1,-1,-1,0,-1,1,6,6,1,-1,-1,-1,-1,-1,-1,6,E01030273,0,-1
2021141027773,2021,141027773,2,9,0,18,19,4,8,0,0,4,0,0,0,0,1,1,6,6,1,45,7,-1,-1,-1,-1,9,E01011174,0,-1
202163B081921,2021,63B081921,1,9,0,5,5,2,5,0,0,4,0,0,0,0,1,1,6,6,1,48,8,-1,-1,-1,-1,5,W01000544,0,-1
2021161015812,2021,161015812,2,1,0,9,9,1,7,0,0,4,5,0,0,0,4,1,6,6,1,50,8,-1,-1,-1,-1,3,E01013319,0,-1
2021010311907,2021,010311907,2,1,0,18,19,3,7,0,0,1,1,0,0,0,1,1,1,1,1,40,7,-1,-1,-1,-1,2,E01003059,0,-1
2021010342431,2021,010342431,1,9,0,9,9,7,5,0,0,8,0,0,0,0,1,1,6,6,3,-1,-1,-1,-1,-1,-1,-1,-1,0,-1
2021201136770,2021,201136770,1,9,0,18,19,6,2,0,0,0,0,0,0,0,1,1,6,6,1,-1,-1,-1,-1,-1,-1,-1,-1,0,-1
2021041026148,2021,041026148,1,9,0,17,19,5,1,0,0,1,5,0,0,0,1,1,2,2,1,28,6,-1,-1,-1,-1,8,E01025513,0,-1
2021610015121,2021,610015121,2,19,0,18,19,0,0,0,0,1,0,0,0,0,1,1,2,2,3,-1,-1,-1,-1,-1,-1,-1,-1,0,-1
2021010312772,2021,010312772,1,9,0,10,10,5,2,0,0,5,0,0,0,0,3,2,6,6,1,31,6,-1,-1,-1,-1,1,E01001145,0,-1
2021320248827,2021,320248827,2,1,0,18,19,4,8,0,0,0,0,0,0,0,3,1,6,6,2,16,4,-1,-1,-1,-1,10,E01026362,0,-1
2021430261189,2021,430261189,1,1,0,18,19,4,6,0,0,8,0,12,0,0,1,1,6,6,1,39,7,-1,-1,-1,-1,10,E01028644,0,-1
2021052102871,2021,052102871,2,1,0,14,14,3,7,0,0,0,0,0,0,0,1,1,2,2,1,22,5,-1,-1,-1,-1,1,E01007131,0,-1
2021010332044,2021,010332044,1,9,0,9,9,5,2,4,4,5,0,0,0,0,1,1,6,6,1,20,4,-1,-1,-1,-1,-1,-1,0,-1
2021440327295,2021,440327295,2,1,0,18,19,7,3,0,0,0,0,0,0,0,1,1,6,6,2,52,8,-1,-1,-1,-1,6,E01022690,0,-1
2021610061321,2021,610061321,1,9,0,5,5,5,7,9,9,6,0,0,1,0,4,1,6,6,1,33,6,-1,-1,-1,-1,-1,-1,0,-1
2021010294099,2021,010294099,2,1,0,5,5,3,7,0,0,1,0,0,0,0,0,1,2,2,1,55,8,-1,-1,-1,-1,-1,-1,0,-1
2021520201060,2021,520201060,3,9,0,18,19,5,1,0,0,0,0,0,0,0,1,1,6,6,1,43,7,-1,-1,-1,-1,7,E01014514,0,-1
2021610032321,2021,610032321,2,9,0,18,19,7,3,0,0,1,0,0,0,0,4,1,6,6,2,37,7,-1,-1,-1,-1,-1,-1,0,-1
2021332100569,2021,332100569,1,9,0,18,19,4,8,0,0,8,0,0,0,0,1,1,6,6,3,-1,-1,-1,-1,-1,-1,-1,-1,0,-1
2021501086228,2021,501086228,2,9,0,3,3,2,6,0,0,1,0,0,0,0,0,1,6,6,3,-1,-1,-1,-1,-1,-1,-1,-1,0,-1
2021451017937,2021,451017937,1,1,0,18,19,1,5,0,0,1,0,0,0,0,4,1,5,6,1,49,8,-1,-1,-1,-1,10,E01030297,0,-1
2021411120541,2021,411120541,1,98,1,18,19,-1,-1,0,0,0,0,0,0,0,3,1,6,6,3,-1,-1,-1,-1,-1,-1,-1,-1,0,-1
2021501074887,2021,501074887,1,9,0,18,19,5,1,0,0,0,0,0,0,0,1,1,5,6,1,58,9,-1,-1,-1,-1,6,E01020244,0,-1
2021070554245,2021,070554245,1,9,0,4,4,5,1,0,0,0,0,0,0,0,1,1,2,2,1,43,7,-1,-1,-1,-1,3,E01026959,0,-1
2021010342709,2021,010342709,2,1,0,99,99,9,9,0,0,8,0,0,0,0,1,1,6,6,1,28,6,-1,-1,-1,-1,7,E01003371,0,-1
2021302100107,2021,302100107,1,1,0,18,19,6,2,0,0,8,0,0,0,0,1,1,6,6,1,20,4,-1,-1,-1,-1,1,E01033167,0,-1
202160Z120101,2021,60Z120101,2,9,0,18,19,2,6,0,0,0,1,10,1,11,2,1,6,6,2,19,4,-1,-1,-1,-1,-1,-1,0,-1
202160Z169864,2021,60Z169864,1,9,0,18,19,3,7,0,0,2,0,0,0,0,1,1,6,6,1,22,5,-1,-1,-1,-1,-1,-1,0,-1
2021111040603,2021,111040603,3,11,0,2,2,0,0,0,0,0,0,0,0,0,0,1,3,7,3,30,6,-1,-1,-1,-1,-1,-1,0,-1
2021201056308,2021,201056308,2,1,0,18,19,1,5,0,0,6,0,0,0,0,3,1,1,1,1,29,6,-1,-1,-1,-1,4,E01009658,0,-1
2021010305227,2021,010305227,1,1,0,18,19,3,7,0,0,8,0,0,0,0,3,1,6,6,1,28,6,-1,-1,-1,-1,9,E01002929,0,-1
2021332100137,2021,332100137,2,9,0,18,19,8,4,0,0,1,0,0,0,0,1,1,6,6,1,39,7,-1,-1,-1,-1,-1,-1,0,-1
2021070547051,2021,070547051,2,9,0,4,4,2,6,0,0,0,0,0,0,0,2,1,6,6,1,33,6,-1,-1,-1,-1,7,E01005863,0,-1
2021010320825,2021,010320825,2,1,0,18,19,8,4,0,0,0,0,0,0,0,1,1,6,6,1,51,8,-1,-1,-1,-1,10,E01003859,0,-1
2021332100876,2021,332100876,2,19,0,4,4,1,5,0,0,1,0,0,0,0,2,1,1,1,1,65,9,-1,-1,-1,-1,8,E01025668,0,-1
2021471112821,2021,471112821,2,22,0,18,19,2,6,0,0,0,0,0,0,0,4,1,6,6,1,73,10,-1,-1,-1,-1,1,E01016942,0,-1
2021131082568,2021,131082568,2,1,0,18,19,5,1,0,0,0,0,0,0,0,3,1,2,2,1,43,7,-1,-1,-1,-1,2,E01011639,0,-1
2021231107263,2021,231107263,2,19,0,8,8,5,6,0,0,1,0,0,0,0,3,1,1,1,1,53,8,-1,-1,-1,-1,2,E01013605,0,-1
2021122100942,2021,122100942,2,1,0,18,19,5,1,0,0,8,1,0,0,0,0,1,2,2,1,52,8,-1,-1,-1,-1,8,E01027643,0,-1
2021201149658,2021,201149658,2,1,0,18,19,1,5,0,0,8,0,0,0,0,1,1,6,6,1,49,8,-1,-1,-1,-1,4,E01009035,0,-1
2021451028848,2021,451028848,2,1,0,18,19,1,4,0,0,1,0,0,0,0,1,1,6,6,1,57,9,-1,-1,-1,-1,8,E01031757,0,-1
2021010315699,2021,010315699,2,9,0,99,99,9,9,0,0,0,0,0,0,0,1,1,6,6,3,-1,-1,-1,-1,-1,-1,-1,-1,0,-1
2021161012597,2021,161012597,2,9,0,18,19,6,2,0,0,0,0,4,0,0,1,1,3,7,1,42,7,-1,-1,-1,-1,10,E01012924,0,-1
2021461070465,2021,461070465,2,1,0,18,19,6,2,0,0,1,0,0,0,0,1,1,6,6,1,22,5,-1,-1,-1,-1,8,E01033088,0,-1
2021471111308,2021,471111308,2,1,0,18,19,3,7,0,0,1,0,0,0,0,1,1,5,6,1,56,9,-1,-1,-1,-1,4,E01016948,0,-1
2021302100832,2021,302100832,2,1,0,4,4,4,6,0,0,2,0,0,0,0,2,1,6,6,1,45,7,-1,-1,-1,-1,10,E01018659,0,-1
2021010295995,2021,010295995,2,1,0,18,19,6,2,4,4,8,0,0,0,0,3,1,6,6,1,23,5,-1,-1,-1,-1,7,E01000258,0,-1
2021201117069,2021,201117069,2,9,0,18,19,5,1,0,0,8,0,0,0,0,1,1,6,6,3,-1,-1,-1,-1,-1,-1,-1,-1,0,-1
2021131039051,2021,131039051,2,1,0,18,19,3,3,4,4,8,0,0,0,0,3,1,2,2,1,35,6,-1,-1,-1,-1,7,E01011591,0,-1
2021010350170,2021,010350170,1,1,0,18,19,1,5,0,0,1,0,0,0,0,3,1,6,6,1,68,10,-1,-1,-1,-1,5,E01000383,0,-1
2021010324108,2021,010324108,2,9,0,18,19,5,1,0,0,1,0,0,0,0,3,1,6,6,2,20,4,-1,-1,-1,-1,-1,-1,0,-1
2021221073065,2021,221073065,2,1,0,17,19,6,3,0,0,1,0,0,0,0,2,1,5,6,1,11,3,-1,-1,-1,-1,4,E01032440,0,-1
2021041115859,2021,041115859,1,9,0,12,12,5,1,0,0,0,0,0,0,0,1,1,6,6,3,-1,-1,-1,-1,-1,-1,-1,-1,0,-1
2021010341568,2021,010341568,2,98,1,18,19,2,6,0,0,0,0,4,0,0,3,1,6,6,3,-1,-1,-1,-1,-1,-1,-1,-1,0,-1
2021610019721,2021,610019721,1,9,0,18,19,7,5,0,0,3,0,0,0,0,4,1,6,6,1,-1,-1,-1,-1,-1,-1,-1,-1,0,-1
2021201144434,2021,201144434,2,9,0,7,7,1,4,0,0,1,0,0,0,0,3,1,6,6,1,-1,-1,-1,-1,-1,-1,-1,-1,0,-1
2021010308018,2021,010308018,1,1,9,99,99,9,9,99,99,9,9,99,9,99,2,1,6,6,2,49,8,-1,-1,-1,-1,4,E01001909,0,-1
2021501048787,2021,501048787,1,9,0,17,19,2,7,0,0,0,2,0,8,4,1,1,5,6,1,19,4,-1,-1,-1,-1,3,E01015238,0,-1
2021332101556,2021,332101556,2,-1,0,9,9,6,4,0,0,6,0,0,0,0,1,1,6,6,1,14,3,-1,-1,-1,-1,-1,-1,1,-1
2021211027184,2021,211027184,2,9,0,18,19,6,3,0,0,8,0,0,0,0,4,1,6,6,1,24,5,-1,-1,-1,-1,4,E01029588,0,-1
2021052101161,2021,052101161,1,9,0,5,5,5,1,0,0,0,0,0,0,0,3,1,6,6,3,-1,-1,-1,-1,-1,-1,-1,-1,0,-1
2021610025221,2021,610025221,1,3,0,18,19,6,2,9,9,0,1,2,7,1,1,1,6,6,1,28,6,-1,-1,-1,-1,-1,-1,0,-1
2021501046112,2021,501046112,1,9,0,3,3,5,1,0,0,1,0,0,0,0,1,1,6,6,3,-1,-1,-1,-1,-1,-1,-1,-1,0,-1
2021211125025,2021,211125025,1,9,0,17,19,7,3,0,0,0,0,0,0,0,1,1,2,2,1,54,8,-1,-1,-1,-1,9,E01029508,0,-1
2021010321199,2021,010321199,1,1,9,99,99,9,9,99,99,9,9,99,9,99,9,1,2,2,2,26,6,-1,-1,-1,-1,2,E01004444,0,-1
2021610011321,2021,610011321,1,3,0,18,19,4,8,0,0,1,0,0,0,0,4,1,2,2,1,24,5,-1,-1,-1,-1,-1,-1,0,-1
2021010296113,2021,010296113,2,19,0,9,9,5,3,0,0,5,0,0,0,0,4,1,2,2,1,58,9,-1,-1,-1,-1,4,E01016070,0,-1
2021302100244,2021,302100244,2,19,0,13,13,8,4,0,0,0,0,0,0,0,4,1,6,6,3,-1,-1,-1,-1,-1,-1,5,E01019456,0,-1
202163B005421,2021,63B005421,3,19,0,18,19,6,2,0,0,8,0,0,0,0,1,1,6,6,3,-1,-1,-1,-1,-1,-1,-1,-1,0,-1
202134WNC7031,2021,34WNC7031,1,19,0,11,11,5,1,0,0,0,0,0,0,0,4,1,1,1,1,29,6,-1,-1,-1,-1,-1,-1,0,-1
2021010347520,2021,010347520,2,90,0,99,99,9,9,99,99,9,0,0,9,0,9,9,6,6,3,-1,-1,-1,-1,-1,-1,-1,-1,0,-1
2021201144953,2021,201144953,2,9,0,8,8,1,3,0,0,1,0,0,0,0,2,1,6,6,1,31,6,-1,-1,-1,-1,3,E01008953,0,-1
2021552100371,2021,552100371,2,1,0,18,19,4,8,0,0,8,0,0,0,0,1,1,2,2,1,36,7,-1,-1,-1,-1,10,E01015398,0,-1
2021161111875,2021,161111875,2,97,0,18,19,5,1,0,0,0,0,0,0,0,1,1,6,6,3,-1,-1,-1,-1,-1,-1,-1,-1,0,-1
2021052100884,2021,052100884,1,5,0,18,19,6,2,0,0,1,0,0,0,0,1,1,6,6,1,23,5,-1,-1,-1,-1,1,E01006648,0,-1
2021332100736,2021,332100736,1,5,0,18,19,7,3,0,0,1,0,0,7,0,0,1,6,6,1,29,6,-1,-1,-1,-1,8,E01032998,0,-1
2021010302494,2021,010302494,2,1,0,18,19,7,3,0,0,1,0,0,3,0,1,1,2,2,1,56,9,-1,-1,-1,-1,2,E01001056,0,-1
2021201134490,2021,201134490,1,9,0,18,19,-1,-1,0,0,8,0,0,0,0,1,1,6,6,2,-1,-1,-1,-1,-1,-1,-1,-1,0,-1
2021451109582,2021,451109582,1,1,0,18,19,5,1,0,0,0,0,0,0,0,1,1,5,6,1,49,8,-1,-1,-1,-1,9,E01030574,0,-1
2021522100194,2021,522100194,2,9,0,18,19,2,6,0,0,1,0,0,0,0,1,1,6,6,3,-1,-1,-1,-1,-1,-1,-1,-1,0,-1
2021201133888,2021,201133888,1,9,0,18,19,6,2,0,0,1,0,0,0,0,1,1,1,1,3,-1,-1,-1,-1,-1,-1,-1,-1,0,-1
2021010348147,2021,010348147,1,19,0,18,19,3,7,0,0,1,0,0,0,0,1,1,6,6,3,-1,-1,-1,-1,-1,-1,-1,-1,0,-1
2021302101376,2021,302101376,2,1,0,18,19,2,6,0,0,0,0,0,0,0,0,1,6,6,1,39,7,-1,-1,-1,-1,3,E01013457,0,-1
2021421072405,2021,421072405,1,9,0,18,19,5,1,0,0,4,0,0,0,0,1,1,6,6,2,28,6,-1,-1,-1,-1,5,E01021720,0,-1
2021201078900,2021,201078900,1,9,0,9,9,7,3,0,0,1,0,0,0,0,3,1,6,6,1,41,7,-1,-1,-1,-1,2,E01010299,0,-1
2021520103456,2021,520103456,2,9,0,18,19,5,1,0,0,0,0,0,0,0,4,1,6,6,2,70,10,-1,-1,-1,-1,-1,-1,0,-1
2021430468852,2021,430468852,1,1,0,18,19,6,2,0,0,1,0,0,0,0,1,1,2,2,1,20,4,-1,-1,-1,-1,6,E01031513,0,-1
2021010302699,2021,010302699,1,9,9,99,99,9,9,99,99,9,9,99,9,99,1,9,2,2,1,29,6,-1,-1,-1,-1,3,E01001327,0,-1
2021010298333,2021,010298333,1,19,0,16,19,1,5,0,0,4,0,0,0,0,1,1,6,6,1,21,5,-1,-1,-1,-1,-1,-1,0,-1
2021440365349,2021,440365349,2,1,0,18,19,2,8,0,0,0,1,0,0,0,1,1,6,6,1,60,9,-1,-1,-1,-1,5,E01017296,0,-1
2021010307237,2021,010307237,1,1,9,99,99,9,9,99,99,9,9,99,9,99,9,1,2,2,2,30,6,-1,-1,-1,-1,2,E01033491,0,-1
2021010349690,2021,010349690,2,20,9,99,99,9,9,99,99,0,9,99,9,99,1,9,6,6,3,-1,-1,-1,-1,-1,-1,5,E01002123,0,-1
2021122100901,2021,122100901,1,1,0,17,19,1,5,0,0,0,0,0,0,0,3,1,6,6,1,54,8,-1,-1,-1,-1,1,E01011620,0,-1
2021302100707,2021,302100707,3,98,1,4,4,4,8,0,0,0,0,0,0,0,0,1,6,6,3,-1,-1,-1,-1,-1,-1,5,E01019456,0,-1
2021351096947,2021,351096947,1,97,0,18,19,-1,-1,0,0,0,0,0,0,0,1,1,6,6,3,-1,-1,-1,-1,-1,-1,-1,-1,0,-1
2021161082968,2021,161082968,1,9,0,9,9,5,7,0,0,2,0,0,0,0,4,1,6,6,1,18,4,-1,-1,-1,-1,3,E01012839,0,-1
2021421079010,2021,421079010,2,1,0,18,19,7,3,0,0,1,0,0,0,0,4,1,5,6,1,57,9,-1,-1,-1,-1,5,E01021572,0,-1
2021471108882,2021,471108882,1,9,0,1,1,1,3,0,0,8,0,0,0,0,2,1,6,6,1,39,7,-1,-1,-1,-1,9,E01031495,0,-1
2021430325604,2021,430325604,2,1,0,9,9,3,7,0,0,8,0,0,0,0,3,1,6,6,1,15,3,-1,-1,-1,-1,9,E01028790,0,-1
2021332101038,2021,332101038,1,9,0,1,1,2,8,0,0,6,0,0,0,0,2,1,6,6,2,25,5,-1,-1,-1,-1,9,E01025877,0,-1
2021302100911,2021,302100911,2,1,0,18,19,1,5,0,0,6,1,0,0,0,4,1,6,6,1,-1,-1,-1,-1,-1,-1,7,E01027090,0,-1
2021541128321,2021,541128321,2,1,0,10,10,2,8,0,0,1,0,0,0,0,4,1,6,6,2,59,9,-1,-1,-1,-1,5,E01032048,0,-1
202134WNC0311,2021,34WNC0311,1,9,0,18,19,7,3,0,0,1,0,0,0,0,1,1,6,6,1,-1,-1,-1,-1,-1,-1,-1,-1,0,-1
2021010341195,2021,010341195,1,1,0,18,19,8,4,0,0,1,0,10,0,0,2,1,2,2,1,33,6,-1,-1,-1,-1,6,E01002674,0,-1
2021411052136,2021,411052136,1,9,0,3,3,3,7,0,0,0,0,0,0,0,1,1,5,6,1,39,7,-1,-1,-1,-1,8,E01023485,0,-1
202160Z031303,2021,60Z031303,2,9,0,18,19,4,8,0,0,8,0,0,0,0,1,1,1,1,2,47,8,-1,-1,-1,-1,-1,-1,0,-1
2021440344920,2021,440344920,2,9,0,9,9,2,6,0,0,5,0,0,0,0,4,1,6,6,1,-1,-1,-1,-1,-1,-1,-1,-1,0,-1
2021421037856,2021,421037856,2,1,0,18,19,3,7,0,0,8,0,0,0,0,2,1,5,6,1,41,7,-1,-1,-1,-1,7,E01033720,0,-1
2021010338625,2021,010338625,2,22,9,99,99,9,9,99,99,9,9,99,9,99,9,1,6,6,2,49,8,-1,-1,-1,-1,7,E01000388,0,-1
2021010342378,2021,010342378,2,97,0,99,99,9,9,99,99,9,9,99,9,99,9,9,6,6,1,-1,-1,-1,-1,-1,-1,-1,-1,0,-1
2021430270005,2021,430270005,2,1,0,7,7,1,3,0,0,8,0,0,0,0,2,1,6,6,2,15,3,-1,-1,-1,-1,9,E01028748,0,-1
202160Z090625,2021,60Z090625,1,17,0,5,5,3,7,0,0,0,0,0,0,0,0,1,6,6,1,63,9,-1,-1,-1,-1,-1,-1,0,-1
2021440209085,2021,440209085,1,1,0,9,9,8,6,0,0,8,0,0,0,0,0,1,6,6,2,62,9,-1,-1,-1,-1,10,E01022790,0,-1
2021010299468,2021,010299468,1,9,0,9,9,1,6,0,0,1,0,0,0,0,1,1,6,6,3,-1,-1,-1,-1,-1,-1,-1,-1,0,-1
2021421041947,2021,421041947,2,9,0,18,19,7,3,0,0,0,0,0,0,0,1,1,6,6,1,52,8,-1,-1,-1,-1,6,E01021356,0,-1
2021221111374,2021,221111374,1,9,0,18,19,8,3,0,0,1,0,0,0,0,1,1,6,6,1,60,9,-1,-1,-1,-1,-1,-1,0,-1
2021052200001,2021,052200001,1,11,0,18,19,3,7,0,0,8,0,0,0,0,4,1,1,1,3,-1,-1,-1,-1,-1,-1,-1,-1,0,-1
202131A048821,2021,31A048821,2,1,0,7,7,7,1,0,0,6,0,0,0,0,1,1,6,6,1,17,4,-1,-1,-1,-1,4,E01027957,0,-1
2021201076698,2021,201076698,1,9,0,18,19,4,8,0,0,6,0,0,0,0,1,1,6,6,2,-1,-1,-1,-1,-1,-1,-1,-1,0,-1
202131C159621,2021,31C159621,2,4,0,18,19,2,6,0,0,8,1,0,0,0,4,1,6,6,1,74,10,-1,-1,-1,-1,8,E01032622,0,-1
2021010318212,2021,010318212,1,1,9,99,99,9,9,99,99,9,9,99,9,99,1,1,6,6,1,48,8,-1,-1,-1,-1,4,E01000534,0,-1
2021010341026,2021,010341026,1,1,9,99,99,9,9,99,99,0,9,99,9,99,9,1,6,6,1,55,8,-1,-1,-1,-1,8,E01001094,0,-1
2021101075610,2021,101075610,1,17,0,1,1,3,7,0,0,0,0,0,0,0,2,1,1,1,1,31,6,-1,-1,-1,-1,3,E01008337,0,-1
2021010322703,2021,010322703,2,1,0,18,19,1,5,0,0,8,0,0,0,0,2,1,6,6,1,67,10,-1,-1,-1,-1,3,E01003275,0,-1
2021471110813,2021,471110813,3,98,0,18,19,7,3,0,0,0,0,0,0,0,0,1,6,6,3,-1,-1,-1,-1,-1,-1,-1,-1,0,-1
2021430219013,2021,430219013,1,1,0,18,19,6,2,0,0,0,0,0,0,0,3,1,4,7,2,14,3,-1,-1,-1,-1,6,E01016366,0,-1
2021061093713,2021,061093713,2,1,0,18,19,1,2,9,9,1,0,0,0,0,1,1,4,7,1,12,3,-1,-1,-1,-1,1,E01006060,0,-1
2021041097230,2021,041097230,1,9,0,18,19,-1,-1,-1,-1,0,0,0,0,0,3,1,6,6,3,-1,-1,-1,-1,-1,-1,-1,-1,0,-1
2021010314332,2021,010314332,2,9,0,18,19,1,5,0,0,1,0,0,0,0,1,1,6,6,3,-1,-1,-1,-1,-1,-1,-1,-1,0,-1
2021471024391,2021,471024391,1,9,0,13,13,1,5,0,0,2,0,0,0,0,1,1,6,6,3,-1,-1,-1,-1,-1,-1,-1,-1,0,-1
20211381H0762,2021,1381H0762,2,1,0,18,19,1,5,0,0,0,0,0,0,0,1,1,6,6,1,-1,-1,-1,-1,-1,-1,-1,-1,0,-1
2021351060390,2021,351060390,4,9,0,4,4,7,1,0,0,0,0,0,0,0,2,1,6,6,1,57,9,-1,-1,-1,-1,8,E01027344,0,-1
2021052101036,2021,052101036,2,1,0,7,7,5,7,0,0,2,0,0,0,0,4,1,1,1,1,30,6,-1,-1,-1,-1,5,E01006553,0,-1
2021430575400,2021,430575400,2,1,0,18,19,4,8,0,0,8,0,0,0,0,1,1,6,6,1,58,9,-1,-1,-1,-1,8,E01016711,0,-1
2021010325295,2021,010325295,2,1,0,18,19,7,3,0,0,8,0,0,0,0,1,1,6,6,2,54,8,-1,-1,-1,-1,7,E01001226,0,-1
2021061080768,2021,061080768,1,1,0,18,19,5,1,0,0,8,0,0,0,0,4,1,6,6,1,68,10,-1,-1,-1,-1,7,E01005851,0,-1
2021201068275,2021,201068275,1,97,0,18,19,8,4,0,0,4,1,0,0,0,1,1,5,6,1,20,4,-1,-1,-1,-1,2,E01010096,0,-1
2021430534649,2021,430534649,2,9,0,18,19,5,1,0,0,0,0,0,0,0,1,1,6,6,3,-1,-1,-1,-1,-1,-1,-1,-1,0,-1
2021440111468,2021,440111468,2,1,0,18,19,6,2,0,0,1,0,0,0,0,1,1,2,2,1,35,6,-1,-1,-1,-1,6,E01017200,0,-1
2021531109219,2021,531109219,2,1,0,18,19,4,8,0,0,8,0,0,1,0,1,1,2,2,1,64,9,-1,-1,-1,-1,3,E01022159,0,-1
2021552200152,2021,552200152,1,22,0,7,7,4,8,0,0,8,0,10,0,0,1,1,6,6,1,68,10,-1,-1,-1,-1,7,E01015413,0,-1
2021061039587,2021,061039587,3,9,0,18,19,8,4,0,0,0,0,0,0,0,2,1,5,6,1,52,8,-1,-1,-1,-1,4,E01005029,0,-1
2021610002321,2021,610002321,1,9,0,18,19,8,4,0,0,1,0,0,0,0,1,1,6,6,2,29,6,-1,-1,-1,-1,-1,-1,0,-1
2021332100084,2021,332100084,2,1,0,18,19,4,8,0,0,8,0,0,0,0,4,1,6,6,1,30,6,-1,-1,-1,-1,1,E01025725,0,-1
2021010334719,2021,010334719,1,1,9,99,99,9,9,99,99,0,9,99,9,99,9,1,6,6,2,49,8,-1,-1,-1,-1,1,E01002904,0,-1
2021070460020,2021,070460020,2,20,0,2,2,0,0,0,0,0,0,0,0,0,3,1,1,1,1,-1,-1,-1,-1,-1,-1,-1,-1,0,-1
2021461056285,2021,461056285,1,98,1,12,12,5,1,0,0,0,0,0,0,0,3,1,6,6,1,-1,-1,-1,-1,-1,-1,-1,-1,0,-1
2021332101592,2021,332101592,1,9,0,18,19,1,5,0,0,1,0,0,0,0,1,1,6,6,3,-1,-1,-1,-1,-1,-1,-1,-1,0,-1
2021052101384,2021,052101384,1,9,0,18,19,3,7,0,0,0,0,0,0,0,1,1,6,6,2,-1,-1,-1,-1,-1,-1,-1,-1,0,-1
2021101102786,2021,101102786,1,1,0,18,19,5,1,2,2,0,0,0,0,0,1,1,5,6,1,5,1,-1,-1,-1,-1,1,E01027426,0,-1
202160Z125520,2021,60Z125520,1,9,0,9,9,6,4,0,0,1,0,0,0,0,1,1,6,6,1,37,7,-1,-1,-1,-1,-1,-1,0,-1
2021351030681,2021,351030681,2,1,0,18,19,1,5,0,0,0,0,0,0,0,3,1,2,2,1,21,5,-1,-1,-1,-1,10,E01018007,0,-1
2021421108165,2021,421108165,3,98,-1,18,19,6,2,0,0,0,0,0,0,0,0,1,6,6,1,-1,-1,-1,-1,-1,-1,-1,-1,0,-1
2021010352194,2021,010352194,1,9,0,18,19,3,7,0,0,1,0,0,0,0,3,1,6,6,3,-1,-1,-1,-1,-1,-1,-1,-1,0,-1
2021010344008,2021,010344008,2,9,0,99,99,9,9,99,99,9,9,99,9,99,9,9,6,6,1,34,6,-1,-1,-1,-1,3,E01003585,0,-1
2021010305498,2021,010305498,1,9,0,18,19,7,3,0,0,1,0,0,0,0,4,1,6,6,3,-1,-1,-1,-1,-1,-1,-1,-1,0,-1
2021041030361,2021,041030361,1,9,0,18,19,5,1,0,0,1,0,0,0,0,4,1,6,6,3,-1,-1,-1,-1,-1,-1,-1,-1,0,-1
2021471047019,2021,471047019,2,1,0,18,19,3,7,0,0,0,0,0,0,0,1,1,6,6,1,41,7,-1,-1,-1,-1,6,E01031839,0,-1
2021440072424,2021,440072424,1,1,0,18,19,3,7,0,0,8,0,0,0,0,1,1,6,6,1,68,10,-1,-1,-1,-1,2,E01022820,0,-1
2021451107036,2021,451107036,2,1,0,18,19,3,1,0,0,8,0,0,0,0,4,1,6,6,1,20,4,-1,-1,-1,-1,9,E01030470,0,-1
2021101054135,2021,101054135,1,9,0,18,19,5,1,0,0,8,0,0,0,0,1,1,6,6,3,-1,-1,-1,-1,-1,-1,-1,-1,0,-1
2021010316457,2021,010316457,2,1,0,18,19,4,8,0,0,8,0,0,0,0,1,1,6,6,1,26,6,-1,-1,-1,-1,1,E01001847,0,-1
2021610033121,2021,610033121,2,9,0,9,9,7,5,0,0,5,0,0,0,0,3,1,2,2,1,50,8,-1,-1,-1,-1,-1,-1,0,-1
2021461093358,2021,461093358,2,1,0,18,19,3,7,0,0,1,0,0,0,0,3,1,6,6,1,56,9,-1,-1,-1,-1,8,E01024098,0,-1
2021320609152,2021,320609152,1,9,0,7,7,8,6,0,0,8,0,0,0,0,4,1,6,6,2,41,7,-1,-1,-1,-1,5,E01026151,0,-1
2021010339222,2021,010339222,2,9,0,99,99,9,9,0,0,4,0,0,0,0,9,9,6,6,3,-1,-1,-1,-1,-1,-1,-1,-1,0,-1
2021052101653,2021,052101653,2,1,0,18,19,6,2,0,0,1,0,0,0,0,2,1,6,6,1,30,6,-1,-1,-1,-1,1,E01006522,0,-1
2021010301477,2021,010301477,1,1,9,99,99,9,9,99,99,0,9,99,9,99,1,1,6,6,1,29,6,-1,-1,-1,-1,10,E01004594,0,-1
2021211125918,2021,211125918,2,9,0,18,19,3,1,0,0,0,1,0,0,0,2,1,5,6,1,45,7,-1,-1,-1,-1,7,E01029668,0,-1
2021361109332,2021,361109332,1,9,0,18,19,7,3,0,0,0,0,0,0,0,-1,1,6,6,3,-1,-1,-1,-1,-1,-1,-1,-1,0,-1
2021332100655,2021,332100655,2,22,0,18,19,1,5,0,0,8,0,0,0,0,1,1,6,6,2,70,10,-1,-1,-1,-1,1,E01013622,0,-1
2021411116930,2021,411116930,2,9,0,18,19,3,5,0,0,4,0,0,0,0,1,1,6,6,3,-1,-1,-1,-1,-1,-1,-1,-1,0,-1
2021501124631,2021,501124631,2,16,0,18,19,5,1,0,0,0,0,0,0,0,2,1,5,6,2,56,9,-1,-1,-1,-1,7,E01020047,0,-1
2021010295681,2021,010295681,2,9,0,13,13,1,5,0,0,0,0,0,0,0,1,1,6,6,3,-1,-1,-1,-1,-1,-1,-1,-1,0,-1
2021010315045,2021,010315045,2,9,0,1,1,3,7,99,99,1,0,99,9,99,9,1,6,6,1,46,8,-1,-1,-1,-1,5,E01001035,0,-1
2021501031646,2021,501031646,1,9,0,17,19,8,5,0,0,1,2,0,1,1,1,1,5,6,1,25,5,-1,-1,-1,-1,6,E01020227,0,-1
202163D041121,2021,63D041121,1,9,0,17,19,7,4,0,0,0,2,0,1,9,1,1,6,6,1,33,6,-1,-1,-1,-1,9,W01000482,0,-1