collision_index,collision_year,collision_ref_no,vehicle_reference,vehicle_type,towing_and_articulation,vehicle_manoeuvre_historic,vehicle_manoeuvre,vehicle_direction_from,vehicle_direction_to,vehicle_location_restricted_lane_historic,vehicle_location_restricted_lane,junction_location,skidding_and_overturning,hit_object_in_carriageway,vehicle_leaving_carriageway,hit_object_off_carriageway,first_point_of_impact,vehicle_left_hand_drive,journey_purpose_of_driver_historic,journey_purpose_of_driver,sex_of_driver,age_of_driver,age_band_of_driver,engine_capacity_cc,propulsion_code,age_of_vehicle,generic_make_model,driver_imd_decile,lsoa_of_driver,escooter_flag,driver_distance_banding
2021010325380,2021,010325380,2,1,0,18,19,1,5,0,0,1,0,0,0,0,1,1,2,2,1,41,7,-1,-1,-1,-1,-1,-1,0,-1
2021332100200,2021,332100200,1,19,0,18,19,4,8,0,0,4,0,9,0,0,1,1,1,1,1,36,7,-1,-1,-1,-1,4,E01016514,0,-1
2021332100337,2021,332100337,1,9,0,18,19,1,5,0,0,0,0,0,0,0,1,1,2,2,1,35,6,-1,-1,-1,-1,2,E01013774,0,-1
2021131046507,2021,131046507,2,1,0,18,19,5,5,0,0,1,0,0,0,0,1,1,6,6,1,36,7,-1,-1,-1,-1,1,E01011346,0,-1
2021430535549,2021,430535549,2,1,0,18,19,5,1,0,0,8,0,0,0,0,3,1,2,2,1,28,6,-1,-1,-1,-1,4,E01033415,0,-1
2021401051400,2021,401051400,4,9,0,18,19,-1,-1,0,0,0,0,0,0,0,0,1,6,6,3,-1,-1,-1,-1,-1,-1,-1,-1,0,-1
2021501105397,2021,501105397,4,19,0,2,2,0,0,0,0,1,0,0,0,0,2,1,6,6,2,65,9,-1,-1,-1,-1,3,E01015061,0,-1
2021161012676,2021,161012676,3,1,0,18,19,7,3,0,0,8,0,0,0,0,2,1,1,1,2,19,4,-1,-1,-1,-1,-1,-1,0,-1
202160Z040003,2021,60Z040003,1,98,0,2,2,0,0,0,0,1,0,0,0,0,3,1,1,1,1,-1,-1,-1,-1,-1,-1,-1,-1,0,-1
2021010288916,2021,010288916,2,9,0,9,9,3,1,0,0,8,0,0,0,0,4,1,6,6,1,37,7,-1,-1,-1,-1,3,E01000164,0,-1
2021440217984,2021,440217984,2,-1,0,18,19,8,4,9,9,0,0,0,0,11,1,1,6,6,1,46,8,-1,-1,-1,-1,7,E01017175,1,-1
2021161082792,2021,161082792,1,1,0,9,9,7,3,0,0,1,0,0,0,0,1,1,6,6,2,54,8,-1,-1,-1,-1,9,E01012962,0,-1
2021430473394,2021,430473394,1,9,0,12,12,5,1,0,0,2,0,0,0,0,0,1,6,6,3,-1,-1,-1,-1,-1,-1,-1,-1,0,-1
2021440128345,2021,440128345,1,1,0,18,19,3,7,0,0,8,0,0,0,0,3,1,6,6,1,18,4,-1,-1,-1,-1,10,E01022707,0,-1
2021501092009,2021,501092009,1,1,0,18,19,7,3,0,0,0,0,0,0,0,4,1,5,6,1,74,10,-1,-1,-1,-1,4,E01018877,0,-1
2021170M20981,2021,170M20981,2,1,0,18,19,8,4,0,0,0,0,0,0,0,1,1,6,6,1,12,3,-1,-1,-1,-1,1,E01012150,0,-1
2021332100126,2021,332100126,1,9,0,18,19,4,8,0,0,0,0,6,7,11,1,1,6,6,2,31,6,-1,-1,-1,-1,4,E01025843,0,-1
2021010351971,2021,010351971,2,1,0,18,19,1,5,0,0,1,0,0,0,0,1,1,6,6,1,25,5,-1,-1,-1,-1,4,E01000921,0,-1
2021332100209,2021,332100209,2,9,0,16,19,1,3,0,0,0,0,0,0,0,3,1,1,1,3,-1,-1,-1,-1,-1,-1,-1,-1,0,-1
2021351078450,2021,351078450,1,1,-1,-1,-1,-1,-1,-1,-1,0,-1,-1,-1,0,-1,1,6,6,1,15,3,-1,-1,-1,-1,5,E01018214,0,-1
2021522106081,2021,522106081,1,19,0,1,1,7,3,0,0,2,0,0,0,0,2,1,6,6,3,40,7,-1,-1,-1,-1,-1,-1,0,-1
2021522104835,2021,522104835,1,1,0,18,19,1,5,0,0,8,0,0,0,0,2,1,6,6,2,33,6,-1,-1,-1,-1,8,E01014672,0,-1
2021010343175,2021,010343175,2,9,0,99,99,9,9,99,99,9,9,99,9,99,1,9,6,6,3,-1,-1,-1,-1,-1,-1,-1,-1,0,-1
202134NNC0231,2021,34NNC0231,5,19,0,18,19,5,1,0,0,8,0,0,0,0,0,1,6,6,3,-1,-1,-1,-1,-1,-1,-1,-1,0,-1
2021440018780,2021,440018780,1,1,0,18,19,8,4,0,0,0,0,0,0,0,1,1,6,6,1,55,8,-1,-1,-1,-1,8,E01023178,0,-1
202134WNC3281,2021,34WNC3281,2,21,0,3,3,3,1,0,0,8,0,0,0,0,2,1,6,6,1,50,8,-1,-1,-1,-1,-1,-1,0,-1
2021622100535,2021,622100535,1,9,0,18,19,8,4,0,0,2,1,0,0,0,4,1,6,6,3,-1,-1,-1,-1,-1,-1,-1,-1,0,-1
2021010338346,2021,010338346,2,1,0,5,5,3,7,0,0,1,0,0,0,0,2,1,6,6,1,25,5,-1,-1,-1,-1,4,E01003169,0,-1
2021111127006,2021,111127006,2,1,0,18,19,7,1,0,0,3,0,0,0,0,1,1,5,6,1,58,9,-1,-1,-1,-1,8,E01020732,0,-1
2021371046847,2021,371046847,1,1,0,18,19,3,7,0,0,2,0,0,0,0,4,1,6,6,1,33,6,-1,-1,-1,-1,4,E01030263,0,-1
2021461059493,2021,461059493,1,21,1,18,19,3,7,0,0,0,0,0,0,0,1,1,1,1,1,44,7,-1,-1,-1,-1,-1,-1,0,-1
2021010291127,2021,010291127,2,19,0,99,99,9,9,99,99,9,9,99,9,99,9,9,6,6,3,-1,-1,-1,-1,-1,-1,-1,-1,0,-1
2021010316390,2021,010316390,1,1,9,99,99,9,9,99,99,9,9,99,9,99,9,1,6,6,1,19,4,-1,-1,-1,-1,1,E01033207,0,-1
202131C176721,2021,31C176721,2,1,0,18,19,3,7,0,0,8,0,0,0,0,3,1,6,6,1,20,4,-1,-1,-1,-1,4,E01033404,0,-1
2021010325895,2021,010325895,1,1,0,18,19,5,1,0,0,0,1,0,0,0,1,1,1,1,1,21,5,-1,-1,-1,-1,2,E01004289,0,-1
2021010300530,2021,010300530,1,9,9,99,99,9,9,99,99,0,9,99,9,99,9,9,6,6,3,-1,-1,-1,-1,-1,-1,-1,-1,0,-1
2021451049362,2021,451049362,2,9,0,1,1,3,7,0,0,0,0,0,0,0,2,1,6,6,1,30,6,-1,-1,-1,-1,-1,-1,0,-1
2021461088082,2021,461088082,1,9,0,18,19,3,7,0,0,0,0,0,0,0,1,1,6,6,2,17,4,-1,-1,-1,-1,7,E01024636,0,-1
2021010310191,2021,010310191,1,1,9,99,99,9,9,99,99,9,9,99,9,99,1,1,6,6,1,26,6,-1,-1,-1,-1,4,E01003559,0,-1
2021070229844,2021,070229844,1,5,0,17,19,6,2,0,0,0,0,0,0,0,1,1,6,6,1,42,7,-1,-1,-1,-1,10,E01018633,0,-1
202134WNC0321,2021,34WNC0321,1,9,0,18,19,5,1,0,0,0,0,0,0,0,1,1,6,6,3,-1,-1,-1,-1,-1,-1,-1,-1,0,-1
2021461106167,2021,461106167,2,19,0,18,19,1,3,0,0,8,0,0,0,0,4,1,2,2,1,29,6,-1,-1,-1,-1,5,E01024551,0,-1
2021010294269,2021,010294269,1,1,9,99,99,9,9,99,99,9,9,99,9,99,1,1,2,2,1,45,7,-1,-1,-1,-1,6,E01002656,0,-1
2021010342011,2021,010342011,1,9,0,18,19,5,1,0,0,1,0,0,0,0,1,1,6,6,3,-1,-1,-1,-1,-1,-1,-1,-1,0,-1
2021411090051,2021,411090051,1,9,0,18,19,1,5,0,0,0,0,0,0,0,1,1,2,2,1,54,8,-1,-1,-1,-1,10,E01021625,0,-1
2021332100708,2021,332100708,2,9,0,18,19,6,2,0,0,0,2,0,1,0,1,1,1,1,1,23,5,-1,-1,-1,-1,9,E01025776,0,-1
2021451068633,2021,451068633,2,1,0,18,19,7,3,0,0,0,0,0,0,0,1,1,6,6,1,30,6,-1,-1,-1,-1,-1,-1,0,-1
2021221059242,2021,221059242,2,1,0,18,19,5,1,0,0,0,0,0,0,0,3,1,6,6,1,55,8,-1,-1,-1,-1,10,E01032140,0,-1
2021201114552,2021,201114552,2,9,0,9,9,2,8,0,0,6,0,0,0,0,1,1,6,6,3,30,6,-1,-1,-1,-1,-1,-1,0,-1
2021010308336,2021,010308336,1,19,0,1,1,1,5,0,0,0,0,0,0,0,2,1,1,1,1,46,8,-1,-1,-1,-1,6,E01021743,0,-1
2021430099892,2021,430099892,1,1,0,18,19,4,8,0,0,1,0,0,0,0,1,1,6,6,1,60,9,-1,-1,-1,-1,-1,-1,0,-1
202163B080821,2021,63B080821,1,9,0,16,19,7,2,0,0,0,2,0,1,10,4,1,6,6,1,65,9,-1,-1,-1,-1,10,W01001120,0,-1
2021201103457,2021,201103457,1,9,0,9,9,1,7,0,0,8,0,0,0,0,4,1,6,6,3,-1,-1,-1,-1,-1,-1,-1,-1,0,-1
2021061132621,2021,061132621,1,90,0,18,19,1,5,1,1,0,0,0,0,0,1,1,1,1,1,51,8,-1,-1,-1,-1,4,E01005217,0,-1
2021010304611,2021,010304611,2,1,0,10,10,1,6,0,0,1,5,0,0,0,2,1,2,2,2,27,6,-1,-1,-1,-1,7,E01003865,0,-1
2021161118284,2021,161118284,2,1,0,18,19,5,1,0,0,0,0,0,1,0,2,1,6,6,1,29,6,-1,-1,-1,-1,8,E01013035,0,-1
2021010308219,2021,010308219,2,4,0,99,99,9,9,99,99,9,9,99,9,99,1,1,6,6,3,-1,-1,-1,-1,-1,-1,-1,-1,0,-1
2021332100533,2021,332100533,1,9,0,16,19,1,3,0,0,1,0,0,7,9,1,1,6,6,1,20,4,-1,-1,-1,-1,4,E01013937,0,-1
2021332101043,2021,332101043,2,9,0,4,4,5,1,0,0,0,0,0,0,0,2,1,6,6,1,67,10,-1,-1,-1,-1,8,E01007594,0,-1
2021440222177,2021,440222177,1,1,0,18,19,3,7,0,0,0,0,0,0,0,4,1,2,2,2,17,4,-1,-1,-1,-1,4,E01017058,0,-1
2021522100939,2021,522100939,1,1,0,18,19,1,5,0,0,0,0,0,0,0,1,1,6,6,1,58,9,-1,-1,-1,-1,5,E01014886,0,-1
2021471011700,2021,471011700,1,9,0,16,19,2,5,0,0,0,0,0,7,0,1,1,5,6,2,44,7,-1,-1,-1,-1,6,E01021213,0,-1
2021361125710,2021,361125710,2,1,0,18,19,1,5,0,0,8,0,0,0,0,2,1,5,6,2,60,9,-1,-1,-1,-1,9,E01026916,0,-1
202160Z006777,2021,60Z006777,1,9,0,18,19,5,1,0,0,2,1,10,0,0,1,1,6,6,1,35,6,-1,-1,-1,-1,-1,-1,0,-1
2021610038621,2021,610038621,1,9,0,9,9,7,5,0,0,1,0,0,0,0,4,1,6,6,1,-1,-1,-1,-1,-1,-1,-1,-1,0,-1
2021451031846,2021,451031846,1,-1,0,18,19,1,5,0,0,0,5,0,0,0,1,1,5,6,1,20,4,-1,-1,-1,-1,9,E01030712,1,-1
202160Z148926,2021,60Z148926,1,9,0,5,5,3,7,0,0,1,0,0,0,0,3,1,1,1,1,50,8,-1,-1,-1,-1,-1,-1,0,-1
2021231079115,2021,231079115,2,21,1,18,19,4,8,0,0,0,0,0,0,0,2,1,1,1,1,65,9,-1,-1,-1,-1,6,E01019594,0,-1
202163A044321,2021,63A044321,1,3,0,18,19,3,7,0,0,6,0,0,0,0,1,1,6,6,1,61,9,-1,-1,-1,-1,5,W01000528,0,-1
2021451064847,2021,451064847,2,1,0,18,19,3,7,0,0,8,0,0,0,0,1,1,5,6,1,15,3,-1,-1,-1,-1,6,E01030336,0,-1
2021010345335,2021,010345335,2,1,0,18,19,1,5,0,0,8,0,0,0,0,4,1,6,6,1,58,9,-1,-1,-1,-1,9,E01000773,0,-1
2021991029009,2021,991029009,1,9,0,15,15,3,7,0,0,1,0,0,0,0,0,1,6,6,3,17,4,-1,-1,-1,-1,-1,-1,0,-1
2021141126469,2021,141126469,1,1,0,18,19,1,5,0,0,0,0,0,0,0,1,1,2,2,1,52,8,-1,-1,-1,-1,5,E01007516,0,-1
2021501093512,2021,501093512,1,3,0,18,19,1,5,0,0,0,1,4,0,0,1,1,5,6,1,17,4,-1,-1,-1,-1,4,E01019064,0,-1
2021302200008,2021,302200008,4,9,0,13,13,2,6,0,0,1,0,0,0,0,4,1,6,6,3,-1,-1,-1,-1,-1,-1,5,E01019456,0,-1
2021221105724,2021,221105724,2,1,0,18,19,5,1,0,0,8,0,0,0,0,1,1,5,6,1,68,10,-1,-1,-1,-1,9,E01028936,0,-1
2021010303631,2021,010303631,2,1,0,7,7,4,6,0,0,1,0,0,0,0,1,1,6,6,1,24,5,-1,-1,-1,-1,8,E01003812,0,-1
2021131099274,2021,131099274,2,1,0,18,19,1,5,0,0,1,0,0,0,0,1,1,6,6,1,18,4,-1,-1,-1,-1,3,E01011225,0,-1
2021451050431,2021,451050431,1,1,0,18,19,7,3,0,0,1,1,0,0,0,1,1,5,6,1,51,8,-1,-1,-1,-1,6,E01030973,0,-1
2021351049741,2021,351049741,2,1,0,18,19,7,3,9,9,8,0,0,0,0,1,1,5,6,2,29,6,-1,-1,-1,-1,3,E01017977,0,-1
2021161110606,2021,161110606,1,9,0,18,19,5,1,0,0,1,0,0,0,0,4,1,6,6,2,-1,-1,-1,-1,-1,-1,-1,-1,0,-1
2021031134123,2021,031134123,2,1,0,3,3,7,3,0,0,0,0,0,0,0,2,1,2,2,1,37,7,-1,-1,-1,-1,5,E01019359,0,-1
202134WNC0571,2021,34WNC0571,5,19,0,18,19,5,1,0,0,0,0,0,0,0,1,1,1,1,2,26,6,-1,-1,-1,-1,6,E01010634,0,-1
2021010297378,2021,010297378,1,1,9,99,99,9,9,99,99,9,9,99,9,99,9,1,2,2,1,59,9,-1,-1,-1,-1,7,E01001472,0,-1
2021332100373,2021,332100373,1,9,0,18,19,7,3,0,0,8,0,7,0,0,4,1,1,1,1,-1,-1,-1,-1,-1,-1,-1,-1,0,-1
2021522101836,2021,522101836,2,9,0,18,19,8,3,0,0,8,0,0,0,0,1,1,6,6,3,-1,-1,-1,-1,-1,-1,-1,-1,0,-1
2021010350811,2021,010350811,2,9,0,18,19,5,1,0,0,8,0,0,0,0,1,1,6,6,3,-1,-1,-1,-1,-1,-1,-1,-1,0,-1
2021361030156,2021,361030156,2,1,0,18,19,3,7,0,0,0,0,0,0,0,-1,1,6,6,1,60,9,-1,-1,-1,-1,6,E01026629,0,-1
2021161075668,2021,161075668,2,9,0,18,19,4,8,0,0,0,0,0,0,0,0,1,6,6,3,-1,-1,-1,-1,-1,-1,-1,-1,0,-1
2021501014090,2021,501014090,1,19,0,9,9,5,1,0,0,1,0,0,0,0,1,1,6,6,3,-1,-1,-1,-1,-1,-1,-1,-1,0,-1
2021320569692,2021,320569692,3,9,0,2,2,0,0,0,0,0,0,0,0,0,3,1,6,6,3,40,7,-1,-1,-1,-1,-1,-1,0,-1
2021010297058,2021,010297058,1,9,0,18,19,3,7,0,0,0,0,0,0,0,1,1,6,6,3,-1,-1,-1,-1,-1,-1,-1,-1,0,-1
2021052100628,2021,052100628,2,1,0,18,19,4,8,0,0,1,0,0,0,0,1,1,6,6,1,44,7,-1,-1,-1,-1,4,E01006620,0,-1
2021451056862,2021,451056862,1,1,0,9,9,2,8,0,0,3,0,0,0,0,4,1,5,6,1,43,7,-1,-1,-1,-1,8,E01030988,0,-1
2021010317350,2021,010317350,2,1,0,18,19,2,6,0,0,2,0,0,0,0,1,1,6,6,1,67,10,-1,-1,-1,-1,5,E01000632,0,-1
2021010290287,2021,010290287,2,9,0,99,99,9,9,99,99,0,9,99,9,99,1,9,6,6,3,-1,-1,-1,-1,-1,-1,-1,-1,0,-1
2021332100201,2021,332100201,3,19,0,18,19,1,5,0,0,0,0,0,0,0,1,1,6,6,3,-1,-1,-1,-1,-1,-1,-1,-1,0,-1
2021471065367,2021,471065367,2,1,0,18,19,7,3,0,0,3,0,0,0,0,1,1,5,6,2,58,9,-1,-1,-1,-1,6,E01031825,0,-1
2021545690521,2021,545690521,2,1,0,18,19,6,2,0,0,0,0,0,0,0,1,1,6,6,2,11,3,-1,-1,-1,-1,10,E01031966,0,-1
2021131119021,2021,131119021,1,9,0,-1,-1,-1,-1,-1,-1,0,-1,-1,-1,-1,-1,1,6,6,3,-1,-1,-1,-1,-1,-1,-1,-1,0,-1
202163C094721,2021,63C094721,1,9,0,14,14,4,8,0,0,0,0,0,0,0,0,1,6,6,3,-1,-1,-1,-1,-1,-1,-1,-1,0,-1
2021010303939,2021,010303939,1,98,9,99,99,9,9,99,99,9,9,99,9,99,9,9,6,6,3,-1,-1,-1,-1,-1,-1,-1,-1,0,-1
2021332100147,2021,332100147,1,9,0,18,19,6,2,0,0,8,0,0,0,0,1,1,2,2,2,53,8,-1,-1,-1,-1,8,E01025853,0,-1
2021010327492,2021,010327492,2,1,9,99,99,9,9,99,99,9,9,99,9,99,1,1,6,6,1,-1,-1,-1,-1,-1,-1,-1,-1,0,-1
2021010302485,2021,010302485,1,9,9,99,99,9,9,99,99,9,9,99,9,99,9,9,6,6,3,-1,-1,-1,-1,-1,-1,-1,-1,0,-1
2021052102728,2021,052102728,2,1,0,18,19,7,3,0,0,6,0,0,6,0,1,1,6,6,1,58,9,-1,-1,-1,-1,1,E01006754,0,-1
2021430245905,2021,430245905,1,9,0,17,19,5,2,0,0,0,0,0,0,0,1,1,6,6,1,35,6,-1,-1,-1,-1,9,E01017614,0,-1
2021131111726,2021,131111726,2,9,0,12,12,3,7,0,0,0,0,0,0,0,1,1,2,2,1,48,8,-1,-1,-1,-1,5,E01030141,0,-1
2021010339757,2021,010339757,2,1,9,99,99,9,9,99,99,9,9,99,9,99,9,1,6,6,1,90,11,-1,-1,-1,-1,9,E01003837,0,-1
2021052100430,2021,052100430,2,1,0,18,19,1,5,0,0,0,0,0,0,0,1,1,6,6,1,24,5,-1,-1,-1,-1,5,E01033748,0,-1
2021231054751,2021,231054751,2,1,0,18,19,7,3,0,0,8,0,0,0,0,1,1,5,6,1,42,7,-1,-1,-1,-1,8,E01031103,0,-1
2021332100096,2021,332100096,1,19,0,18,19,5,1,0,0,0,0,0,1,9,1,1,2,2,1,42,7,-1,-1,-1,-1,7,E01025952,0,-1
2021332100099,2021,332100099,2,9,0,18,19,4,8,0,0,8,0,0,3,11,3,1,1,1,1,32,6,-1,-1,-1,-1,5,E01013668,0,-1
2021332100806,2021,332100806,1,98,0,18,19,2,6,0,0,0,1,0,0,0,1,1,1,1,1,36,7,-1,-1,-1,-1,2,E01013972,0,-1
2021010353088,2021,010353088,2,9,0,99,99,9,9,99,99,9,9,99,9,99,0,9,6,6,3,62,9,-1,-1,-1,-1,4,E01017600,0,-1
2021421082613,2021,421082613,1,1,0,18,19,3,7,0,0,0,0,0,0,0,1,1,6,6,1,19,4,-1,-1,-1,-1,-1,-1,0,-1
2021010293354,2021,010293354,2,-1,0,18,19,3,7,0,0,0,0,11,1,0,4,9,6,6,1,15,3,-1,-1,-1,-1,8,E01002294,1,-1
2021052100104,2021,052100104,2,9,0,18,19,7,3,0,0,8,0,0,0,0,1,1,6,6,3,-1,-1,-1,-1,-1,-1,-1,-1,0,-1
2021522105083,2021,522105083,1,1,0,18,19,1,5,0,0,8,0,0,0,0,2,1,6,6,1,25,5,-1,-1,-1,-1,7,E01014514,0,-1
2021010338579,2021,010338579,1,9,0,9,9,1,7,0,0,8,0,0,0,0,4,1,1,1,2,42,7,-1,-1,-1,-1,5,E01003697,0,-1
202160Z096281,2021,60Z096281,1,98,0,1,1,7,3,0,0,0,0,0,0,0,2,1,1,1,1,-1,-1,-1,-1,-1,-1,-1,-1,0,-1
2021332100590,2021,332100590,1,9,0,18,19,8,4,0,0,0,0,0,1,4,1,1,6,6,1,18,4,-1,-1,-1,-1,9,E01025642,0,-1
2021131117325,2021,131117325,1,9,0,-1,-1,-1,-1,-1,-1,-1,-1,-1,-1,-1,-1,1,6,6,3,-1,-1,-1,-1,-1,-1,-1,-1,0,-1
2021010348101,2021,010348101,1,9,0,18,19,3,7,0,0,2,0,0,0,0,1,2,6,6,2,50,8,-1,-1,-1,-1,2,E01001815,0,-1
2021332100352,2021,332100352,2,9,0,9,9,7,1,0,0,8,0,0,0,0,3,1,6,6,1,53,8,-1,-1,-1,-1,8,E01025612,0,-1
2021010300167,2021,010300167,2,1,0,18,19,5,1,0,0,8,0,0,0,0,1,1,6,6,1,29,6,-1,-1,-1,-1,7,E01000710,0,-1
2021010337887,2021,010337887,2,9,9,99,99,9,9,99,99,0,9,99,9,99,2,9,6,6,3,-1,-1,-1,-1,-1,-1,2,E01004201,0,-1
2021430251344,2021,430251344,1,1,0,16,19,3,6,0,0,8,0,0,0,0,1,1,6,6,1,47,8,-1,-1,-1,-1,10,E01017742,0,-1
2021461046875,2021,461046875,2,21,1,18,19,3,6,0,0,0,0,0,0,0,3,1,1,1,1,53,8,-1,-1,-1,-1,-1,-1,0,-1
2021201026884,2021,201026884,2,1,0,9,9,2,8,0,0,8,0,0,0,0,4,1,1,1,1,30,6,-1,-1,-1,-1,7,E01009529,0,-1
202163B081921,2021,63B081921,2,1,0,18,19,8,5,0,0,8,0,0,0,0,4,1,6,6,2,25,5,-1,-1,-1,-1,10,W01001935,0,-1
2021031063883,2021,031063883,2,97,0,18,19,7,3,0,0,0,0,0,0,0,1,1,5,6,1,50,8,-1,-1,-1,-1,7,E01027490,0,-1
2021501046081,2021,501046081,1,19,0,5,5,5,8,9,9,4,0,0,0,0,1,1,6,6,2,-1,-1,-1,-1,-1,-1,-1,-1,0,-1
2021010299166,2021,010299166,1,21,1,18,19,7,3,0,0,0,0,0,0,0,3,2,1,1,1,57,9,-1,-1,-1,-1,-1,-1,0,-1
2021201065728,2021,201065728,2,1,0,5,5,3,7,0,0,0,0,0,0,0,3,1,6,6,1,28,6,-1,-1,-1,-1,1,E01009059,0,-1
2021451029524,2021,451029524,2,1,0,16,19,5,1,0,0,1,0,0,1,0,3,1,5,6,1,67,10,-1,-1,-1,-1,9,E01003824,0,-1
2021440118733,2021,440118733,1,19,0,7,7,1,3,0,0,8,0,0,0,0,4,1,6,6,3,-1,-1,-1,-1,-1,-1,-1,-1,0,-1
2021010313328,2021,010313328,1,1,0,18,19,7,3,0,0,1,0,0,0,0,1,1,6,6,1,31,6,-1,-1,-1,-1,3,E01032784,0,-1
2021070153829,2021,070153829,1,9,0,18,19,3,7,0,0,8,0,0,0,0,1,1,2,2,1,34,6,-1,-1,-1,-1,6,E01012423,0,-1
202160Z141625,2021,60Z141625,1,90,0,18,19,6,2,0,0,1,0,0,0,0,1,1,6,6,1,75,10,-1,-1,-1,-1,-1,-1,0,-1
2021070146209,2021,070146209,2,1,0,18,19,2,6,0,0,0,0,0,0,0,1,1,6,6,1,32,6,-1,-1,-1,-1,6,E01012491,0,-1
2021451082593,2021,451082593,2,1,0,18,19,5,1,0,0,0,0,0,0,0,1,1,5,6,1,47,8,-1,-1,-1,-1,6,E01030631,0,-1
2021010297779,2021,010297779,2,1,0,18,19,1,5,0,0,1,0,0,1,0,4,1,6,6,1,71,10,-1,-1,-1,-1,4,E01002369,0,-1
2021610053621,2021,610053621,1,9,0,18,19,2,5,0,0,0,2,10,7,2,1,1,6,6,1,31,6,-1,-1,-1,-1,1,W01001326,0,-1
2021520103763,2021,520103763,2,9,0,18,19,3,7,0,0,0,0,0,0,0,1,1,6,6,1,-1,-1,-1,-1,-1,-1,-1,-1,0,-1
2021520100062,2021,520100062,1,9,0,18,19,2,6,0,0,0,0,0,0,0,3,1,6,6,1,37,7,-1,-1,-1,-1,8,E01029126,0,-1
2021332100280,2021,332100280,1,9,0,3,3,4,8,0,0,1,0,0,0,0,2,1,6,6,1,24,5,-1,-1,-1,-1,1,E01013664,0,-1
20211382M1899,2021,1382M1899,2,1,0,9,9,6,4,0,0,8,5,0,0,0,2,1,6,6,1,17,4,-1,-1,-1,-1,2,E01011665,0,-1
2021052100265,2021,052100265,1,1,0,18,19,7,3,0,0,1,0,4,0,0,1,1,6,6,1,29,6,-1,-1,-1,-1,1,E01006693,0,-1
202131D038721,2021,31D038721,1,19,0,14,14,2,6,0,0,1,0,0,0,0,1,1,1,1,1,58,9,-1,-1,-1,-1,5,E01028189,0,-1
2021010348535,2021,010348535,2,1,0,18,19,5,1,4,4,1,0,0,0,0,1,1,2,2,2,34,6,-1,-1,-1,-1,3,E01002932,0,-1
2021351024257,2021,351024257,1,98,0,5,5,4,8,0,0,4,0,0,0,0,1,1,1,1,1,50,8,-1,-1,-1,-1,2,E01017946,0,-1
2021201065717,2021,201065717,1,9,0,18,19,-1,-1,0,0,4,0,0,0,0,1,1,6,6,3,-1,-1,-1,-1,-1,-1,-1,-1,0,-1
2021010309126,2021,010309126,2,9,0,12,12,5,1,0,0,3,0,0,0,0,1,1,6,6,3,-1,-1,-1,-1,-1,-1,-1,-1,0,-1
2021501121354,2021,501121354,2,1,0,18,19,1,5,0,0,0,2,0,0,0,3,1,5,6,1,26,6,-1,-1,-1,-1,3,E01020229,0,-1
2021991094112,2021,991094112,1,90,0,5,5,3,7,0,0,0,0,0,0,0,0,1,6,6,3,17,4,-1,-1,-1,-1,-1,-1,0,-1
2021010309848,2021,010309848,2,9,0,99,99,9,9,99,99,9,9,99,9,99,1,9,6,6,3,-1,-1,-1,-1,-1,-1,-1,-1,0,-1
2021520201058,2021,520201058,1,9,0,18,19,1,4,0,0,0,0,0,0,0,1,1,6,6,3,60,9,-1,-1,-1,-1,-1,-1,0,-1
202160Z141097,2021,60Z141097,2,5,0,17,19,8,4,0,0,8,0,0,0,0,3,1,6,6,1,71,10,-1,-1,-1,-1,-1,-1,0,-1
2021430381128,2021,430381128,2,9,0,9,9,3,1,0,0,5,0,0,0,0,3,1,6,6,1,-1,-1,-1,-1,-1,-1,-1,-1,0,-1
2021010301022,2021,010301022,2,1,0,9,9,3,8,0,0,8,0,0,0,0,3,1,2,2,2,22,5,-1,-1,-1,-1,2,E01002049,0,-1
2021010314270,2021,010314270,1,97,0,99,99,9,9,99,99,9,9,99,9,99,1,9,6,6,1,28,6,-1,-1,-1,-1,3,E01002102,0,-1
2021010320773,2021,010320773,1,9,0,6,6,3,3,0,0,8,0,0,0,0,3,1,6,6,1,41,7,-1,-1,-1,-1,4,E01001222,0,-1
202160Z119026,2021,60Z119026,2,9,0,3,3,8,4,0,0,0,0,0,0,0,2,1,6,6,2,18,4,-1,-1,-1,-1,-1,-1,0,-1
2021010311425,2021,010311425,1,1,9,99,99,9,9,99,99,9,9,99,9,99,2,1,6,6,2,28,6,-1,-1,-1,-1,2,E01002712,0,-1
2021010320160,2021,010320160,1,1,9,99,99,9,9,99,99,9,9,99,9,99,9,1,6,6,2,25,5,-1,-1,-1,-1,3,E01003096,0,-1
2021070883157,2021,070883157,1,1,0,5,5,7,3,0,0,8,0,0,0,0,3,1,6,6,1,-1,-1,-1,-1,-1,-1,-1,-1,0,-1
2021010343494,2021,010343494,1,2,0,18,19,1,5,0,0,0,0,0,0,0,3,1,6,6,3,-1,-1,-1,-1,-1,-1,-1,-1,0,-1
2021461052460,2021,461052460,1,1,0,9,9,1,3,0,0,0,0,0,0,0,3,1,6,6,2,12,3,-1,-1,-1,-1,2,E01024020,0,-1
2021430325509,2021,430325509,1,1,0,18,19,4,8,4,4,8,0,0,0,0,4,1,6,6,2,57,9,-1,-1,-1,-1,7,E01016341,0,-1
2021061125586,2021,061125586,1,9,0,18,19,1,5,0,0,0,0,0,0,0,0,1,6,6,3,30,6,-1,-1,-1,-1,-1,-1,0,-1
2021552100664,2021,552100664,2,1,0,18,19,8,4,0,0,0,0,0,0,0,3,1,2,2,1,37,7,-1,-1,-1,-1,6,E01020517,0,-1
2021451104114,2021,451104114,1,9,0,18,19,2,6,0,0,0,1,0,1,4,1,1,1,1,1,47,8,-1,-1,-1,-1,8,E01030800,0,-1
2021122100505,2021,122100505,2,9,0,1,1,1,5,6,6,8,0,0,0,0,2,1,6,6,1,-1,-1,-1,-1,-1,-1,-1,-1,0,-1
2021451104829,2021,451104829,2,1,0,18,19,1,5,0,0,8,0,0,0,0,0,1,5,6,1,50,8,-1,-1,-1,-1,6,E01030643,0,-1
2021211055980,2021,211055980,1,98,-1,-1,-1,-1,-1,-1,-1,0,-1,-1,-1,0,-1,1,6,6,3,-1,-1,-1,-1,-1,-1,-1,-1,0,-1
2021010359748,2021,010359748,2,1,0,18,19,5,1,0,0,2,0,0,0,0,1,1,6,6,1,57,9,-1,-1,-1,-1,4,E01003178,0,-1