collision_index,collision_year,collision_ref_no,vehicle_reference,vehicle_type,towing_and_articulation,vehicle_manoeuvre_historic,vehicle_manoeuvre,vehicle_direction_from,vehicle_direction_to,vehicle_location_restricted_lane_historic,vehicle_location_restricted_lane,junction_location,skidding_and_overturning,hit_object_in_carriageway,vehicle_leaving_carriageway,hit_object_off_carriageway,first_point_of_impact,vehicle_left_hand_drive,journey_purpose_of_driver_historic,journey_purpose_of_driver,sex_of_driver,age_of_driver,age_band_of_driver,engine_capacity_cc,propulsion_code,age_of_vehicle,generic_make_model,driver_imd_decile,lsoa_of_driver,escooter_flag,driver_distance_banding
2021010345593,2021,010345593,2,9,0,18,19,5,1,0,0,1,0,0,0,0,4,1,2,2,1,40,7,-1,-1,-1,-1,7,E01000288,0,-1
2021351105964,2021,351105964,2,1,0,18,19,4,8,5,5,0,0,0,0,0,3,1,1,1,1,51,8,-1,-1,-1,-1,10,E01018293,0,-1
2021010317281,2021,010317281,1,1,9,99,99,9,9,99,99,9,9,99,9,99,9,1,6,6,2,55,8,-1,-1,-1,-1,3,E01001970,0,-1
2021070526333,2021,070526333,2,1,0,16,19,1,5,0,0,0,0,0,0,0,3,1,6,6,1,57,9,-1,-1,-1,-1,9,E01018408,0,-1
2021440118724,2021,440118724,1,9,0,5,5,7,2,0,0,8,0,0,0,0,1,1,6,6,3,-1,-1,-1,-1,-1,-1,-1,-1,0,-1
2021010301918,2021,010301918,2,1,0,18,19,7,3,0,0,1,0,0,1,0,1,1,2,2,1,57,9,-1,-1,-1,-1,9,E01001375,0,-1
2021421113347,2021,421113347,1,1,0,18,19,7,3,0,0,8,5,0,0,0,2,1,5,6,1,80,11,-1,-1,-1,-1,6,E01021689,0,-1
20211382K1929,2021,1382K1929,2,1,0,18,19,5,1,0,0,8,0,0,0,0,1,1,6,6,1,19,4,-1,-1,-1,-1,9,E01032876,0,-1
2021622100298,2021,622100298,1,1,0,9,9,4,2,0,0,6,0,0,0,0,4,1,6,6,2,40,7,-1,-1,-1,-1,9,W01001115,0,-1
2021061057878,2021,061057878,1,9,0,18,19,3,7,0,0,0,0,0,0,0,2,1,6,6,3,30,6,-1,-1,-1,-1,-1,-1,0,-1
2021471086157,2021,471086157,3,9,-1,9,9,7,5,0,0,0,0,0,0,0,0,1,6,6,3,-1,-1,-1,-1,-1,-1,-1,-1,0,-1
2021461073679,2021,461073679,1,1,0,17,19,6,2,0,0,0,5,7,0,0,1,1,5,6,1,50,8,-1,-1,-1,-1,5,E01024072,0,-1
2021161075052,2021,161075052,2,1,0,18,19,7,3,0,0,0,0,0,0,0,2,1,6,6,1,18,4,-1,-1,-1,-1,1,E01033109,0,-1
2021010344430,2021,010344430,1,1,9,99,99,9,9,99,99,9,9,99,9,99,1,1,6,6,1,75,10,-1,-1,-1,-1,9,E01000761,0,-1
2021471013565,2021,471013565,2,1,0,18,19,4,8,0,0,0,0,0,0,0,2,1,6,6,2,30,6,-1,-1,-1,-1,4,E01016973,0,-1
2021451066896,2021,451066896,2,19,0,18,19,7,3,0,0,8,0,0,0,0,1,1,6,6,1,30,6,-1,-1,-1,-1,-1,-1,0,-1
2021161118284,2021,161118284,1,9,0,18,19,5,1,0,0,0,0,0,0,0,1,1,6,6,3,-1,-1,-1,-1,-1,-1,-1,-1,0,-1
2021221094650,2021,221094650,1,9,0,5,5,8,5,0,0,4,0,0,0,0,1,1,6,6,3,51,8,-1,-1,-1,-1,-1,-1,0,-1
2021522105609,2021,522105609,1,9,0,18,19,6,2,0,0,0,0,0,0,0,1,1,6,6,3,-1,-1,-1,-1,-1,-1,-1,-1,0,-1
2021991035305,2021,991035305,2,1,0,14,14,2,6,0,0,0,0,0,0,0,1,1,2,2,1,31,6,-1,-1,-1,-1,1,-1,0,-1
2021302101602,2021,302101602,2,1,0,16,19,6,2,9,9,0,0,0,1,11,3,1,6,6,1,80,11,-1,-1,-1,-1,2,E01027987,0,-1
2021010298020,2021,010298020,2,1,0,18,19,1,5,0,0,8,0,0,0,0,1,1,6,6,1,35,6,-1,-1,-1,-1,3,E01001759,0,-1
2021052100771,2021,052100771,1,9,0,1,1,1,5,0,0,0,0,0,0,0,2,1,6,6,3,-1,-1,-1,-1,-1,-1,-1,-1,0,-1
2021610029121,2021,610029121,4,9,0,2,2,0,0,6,6,1,0,0,0,0,0,1,6,6,2,31,6,-1,-1,-1,-1,-1,-1,0,-1
2021451047008,2021,451047008,2,9,0,9,9,5,4,0,0,0,5,0,0,0,4,1,6,6,1,29,6,-1,-1,-1,-1,4,E01004187,0,-1
2021522200705,2021,522200705,1,-1,0,18,19,1,5,0,0,8,0,0,0,0,1,1,6,6,1,29,6,-1,-1,-1,-1,3,E01014564,1,-1
2021070784552,2021,070784552,1,9,0,12,12,2,1,0,0,3,0,2,0,0,1,1,1,1,1,-1,-1,-1,-1,-1,-1,-1,-1,0,-1
2021010336307,2021,010336307,1,1,9,99,99,9,9,99,99,9,9,99,9,99,9,1,6,6,1,39,7,-1,-1,-1,-1,3,E01003572,0,-1
2021501083217,2021,501083217,1,20,0,18,19,7,3,0,0,1,0,0,0,0,0,1,6,6,3,-1,-1,-1,-1,-1,-1,-1,-1,0,-1
2021421022873,2021,421022873,2,1,0,18,19,3,7,0,0,8,0,0,0,0,1,1,5,6,1,61,9,-1,-1,-1,-1,6,E01021308,0,-1
2021052102413,2021,052102413,1,9,0,13,13,1,5,0,0,1,0,0,0,0,4,1,6,6,3,-1,-1,-1,-1,-1,-1,-1,-1,0,-1
2021010328528,2021,010328528,3,8,0,99,99,9,9,99,99,9,9,99,9,99,2,9,6,6,3,-1,-1,-1,-1,-1,-1,-1,-1,0,-1
2021010351426,2021,010351426,2,98,0,99,99,9,9,99,99,9,9,99,9,99,9,9,6,6,3,-1,-1,-1,-1,-1,-1,-1,-1,0,-1
2021010335020,2021,010335020,1,1,9,99,99,9,9,99,99,0,9,99,9,99,9,1,1,1,1,21,5,-1,-1,-1,-1,3,E01002572,0,-1
2021010348493,2021,010348493,1,1,9,99,99,9,9,99,99,9,9,99,9,99,9,1,2,2,1,50,8,-1,-1,-1,-1,2,E01003288,0,-1
2021320306528,2021,320306528,2,1,0,18,19,7,4,0,0,4,5,0,0,0,3,1,6,6,2,48,8,-1,-1,-1,-1,9,E01015635,0,-1
2021010315991,2021,010315991,1,1,9,99,99,9,9,99,99,9,9,99,9,99,9,1,2,2,1,45,7,-1,-1,-1,-1,4,E01023336,0,-1
2021991053260,2021,991053260,1,1,0,18,19,8,5,2,2,5,0,0,0,0,1,1,5,6,1,72,10,-1,-1,-1,-1,6,-1,0,-1
2021451093788,2021,451093788,1,1,0,18,19,1,5,0,0,1,2,0,0,0,1,1,2,2,1,52,8,-1,-1,-1,-1,6,E01030426,0,-1
2021010289130,2021,010289130,2,-1,0,18,19,3,7,9,9,1,5,0,0,0,1,1,6,6,2,40,7,-1,-1,-1,-1,6,E01003862,1,-1
2021010293986,2021,010293986,1,1,9,99,99,9,9,99,99,9,9,99,9,99,1,1,2,2,1,31,6,-1,-1,-1,-1,3,E01001733,0,-1
2021440273263,2021,440273263,2,1,0,18,19,2,6,0,0,0,0,0,0,0,1,1,6,6,1,37,7,-1,-1,-1,-1,6,E01000778,0,-1
2021070627833,2021,070627833,2,1,0,18,19,1,5,0,0,0,0,10,1,0,0,1,1,1,1,29,6,-1,-1,-1,-1,1,E01012453,0,-1
2021461142217,2021,461142217,1,1,0,18,19,5,1,0,0,0,0,0,0,0,1,1,4,7,1,13,3,-1,-1,-1,-1,4,E01024777,0,-1
2021010303341,2021,010303341,2,-1,0,14,14,1,5,0,0,6,0,0,0,0,0,1,6,6,1,18,4,-1,-1,-1,-1,4,E01000625,1,-1
2021010296565,2021,010296565,3,1,9,99,99,9,9,99,99,9,9,99,9,99,9,1,6,6,3,-1,-1,-1,-1,-1,-1,4,E01003929,0,-1
2021552100798,2021,552100798,1,9,0,18,19,8,4,0,0,0,0,0,0,0,1,1,6,6,3,-1,-1,-1,-1,-1,-1,-1,-1,0,-1
2021052102837,2021,052102837,1,19,0,18,19,3,7,0,0,8,0,0,0,0,4,1,2,2,1,33,6,-1,-1,-1,-1,9,E01006367,0,-1
2021471015795,2021,471015795,1,9,0,17,19,4,1,0,0,0,1,0,2,4,1,1,2,2,1,20,4,-1,-1,-1,-1,6,E01031604,0,-1
2021421080198,2021,421080198,1,90,-1,-1,-1,-1,-1,-1,-1,-1,-1,-1,-1,0,-1,1,6,6,3,-1,-1,-1,-1,-1,-1,-1,-1,0,-1
2021010332331,2021,010332331,1,22,0,18,19,1,5,0,0,8,5,0,0,0,3,1,6,6,1,66,10,-1,-1,-1,-1,5,E01003414,0,-1
2021332100351,2021,332100351,1,9,0,11,11,1,3,0,0,1,1,7,0,0,1,1,6,6,1,31,6,-1,-1,-1,-1,2,E01013605,0,-1
2021141079780,2021,141079780,2,9,0,18,19,4,7,0,0,0,0,0,0,0,3,1,6,6,1,22,5,-1,-1,-1,-1,-1,-1,0,-1
2021401057870,2021,401057870,2,1,0,3,3,0,0,0,0,1,0,0,0,0,1,1,5,6,1,54,8,-1,-1,-1,-1,3,E01015761,0,-1
2021501026520,2021,501026520,2,1,0,18,19,6,2,0,0,3,0,0,0,0,4,1,5,6,1,72,10,-1,-1,-1,-1,7,E01019969,0,-1
2021010339482,2021,010339482,2,9,0,18,19,2,6,99,99,8,9,99,0,0,1,9,6,6,3,-1,-1,-1,-1,-1,-1,-1,-1,0,-1
2021302101997,2021,302101997,2,1,0,18,19,6,2,0,0,8,1,0,0,0,1,1,6,6,1,17,4,-1,-1,-1,-1,6,E01019651,0,-1
2021211101695,2021,211101695,2,98,0,2,2,0,0,9,9,1,1,4,0,0,1,1,6,6,1,-1,-1,-1,-1,-1,-1,-1,-1,0,-1
2021141029003,2021,141029003,2,1,0,18,19,8,4,9,9,0,0,0,0,0,1,1,6,6,1,18,4,-1,-1,-1,-1,4,E01008058,0,-1
2021010354579,2021,010354579,2,9,0,18,19,3,7,0,0,1,0,0,0,0,2,1,6,6,3,-1,-1,-1,-1,-1,-1,-1,-1,0,-1
2021041089118,2021,041089118,1,9,0,4,4,1,1,0,0,1,1,7,3,10,1,1,1,1,1,19,4,-1,-1,-1,-1,1,E01025528,0,-1
2021141050816,2021,141050816,2,9,0,18,19,6,1,0,0,2,0,0,0,0,3,1,6,6,3,-1,-1,-1,-1,-1,-1,-1,-1,0,-1
2021531099718,2021,531099718,2,1,0,18,19,2,6,0,0,0,0,0,0,0,3,1,5,6,2,68,10,-1,-1,-1,-1,7,W01001594,0,-1
2021302101437,2021,302101437,2,9,0,3,3,4,8,0,0,8,0,0,0,0,3,1,6,6,1,28,6,-1,-1,-1,-1,2,E01019497,0,-1
2021141083232,2021,141083232,2,9,0,18,19,5,1,0,0,2,0,0,0,0,1,1,6,6,3,-1,-1,-1,-1,-1,-1,-1,-1,0,-1
2021141112915,2021,141112915,2,9,0,7,7,6,1,0,0,1,0,0,0,0,0,1,1,1,1,49,8,-1,-1,-1,-1,1,E01007902,0,-1
2021131083924,2021,131083924,1,3,0,-1,-1,5,1,-1,-1,8,0,0,0,0,-1,1,6,6,1,20,4,-1,-1,-1,-1,1,E01010680,0,-1
2021461096883,2021,461096883,2,1,0,5,5,5,1,0,0,0,0,0,0,0,3,1,6,6,2,23,5,-1,-1,-1,-1,-1,-1,0,-1
202160Z049901,2021,60Z049901,1,9,0,17,19,4,8,0,0,0,0,0,0,0,4,1,6,6,1,61,9,-1,-1,-1,-1,-1,-1,0,-1
202160Z177340,2021,60Z177340,1,9,0,18,19,4,8,0,0,1,0,0,0,0,1,1,6,6,1,48,8,-1,-1,-1,-1,-1,-1,0,-1
2021522102575,2021,522102575,2,9,0,2,2,0,0,0,0,2,0,0,0,0,3,1,6,6,1,50,8,-1,-1,-1,-1,-1,-1,0,-1
2021332100054,2021,332100054,2,9,0,2,2,0,0,0,0,2,0,0,0,0,2,1,6,6,2,50,8,-1,-1,-1,-1,3,E01025822,0,-1
202160Z079037,2021,60Z079037,1,1,0,5,5,7,3,0,0,1,0,0,0,0,1,1,6,6,1,14,3,-1,-1,-1,-1,-1,-1,0,-1
2021622100710,2021,622100710,1,3,0,18,19,2,6,0,0,0,0,0,0,0,1,1,6,6,1,19,4,-1,-1,-1,-1,4,W01000970,0,-1
2021010310986,2021,010310986,1,1,9,99,99,9,9,99,99,9,9,99,9,99,9,1,6,6,1,35,6,-1,-1,-1,-1,2,E01033705,0,-1
2021010317418,2021,010317418,1,9,0,18,19,4,8,0,0,1,1,0,0,0,2,1,6,6,1,33,6,-1,-1,-1,-1,2,E01021485,0,-1
2021461116984,2021,461116984,2,1,0,10,10,4,8,0,0,1,0,0,0,0,2,1,6,6,1,42,7,-1,-1,-1,-1,6,E01024250,0,-1
2021430583031,2021,430583031,1,1,0,18,19,3,7,9,9,0,0,0,0,0,1,1,6,6,1,19,4,-1,-1,-1,-1,4,E01028554,0,-1
2021010288414,2021,010288414,2,1,0,18,19,1,5,0,0,8,0,0,0,0,4,1,1,1,2,54,8,-1,-1,-1,-1,3,E01004426,0,-1
2021461104514,2021,461104514,1,97,0,5,5,7,3,9,9,2,0,0,0,0,3,1,6,6,3,-1,-1,-1,-1,-1,-1,-1,-1,0,-1
2021010320052,2021,010320052,1,9,0,13,13,7,3,0,0,0,0,99,9,99,1,9,6,6,3,-1,-1,-1,-1,-1,-1,-1,-1,0,-1
2021010350566,2021,010350566,1,1,9,99,99,9,9,99,99,9,9,99,9,99,1,1,6,6,3,-1,-1,-1,-1,-1,-1,-1,-1,0,-1
2021010298605,2021,010298605,2,9,9,99,99,9,9,99,99,9,9,99,9,99,9,9,6,6,3,-1,-1,-1,-1,-1,-1,-1,-1,0,-1
2021302101978,2021,302101978,2,9,0,4,4,8,4,0,0,0,0,0,0,0,1,1,2,2,1,41,7,-1,-1,-1,-1,5,E01013509,0,-1
2021430379071,2021,430379071,1,-1,0,18,19,5,1,0,0,0,0,0,0,0,0,1,6,6,2,34,6,-1,-1,-1,-1,5,E01016519,1,-1
2021201149513,2021,201149513,1,9,0,5,5,4,8,0,0,1,0,0,0,0,4,1,1,1,1,32,6,-1,-1,-1,-1,2,E01010263,0,-1
2021170L10501,2021,170L10501,1,3,0,18,19,7,3,0,0,8,0,0,0,0,1,1,6,6,1,39,7,-1,-1,-1,-1,4,E01012162,0,-1
2021501090718,2021,501090718,2,90,0,16,19,5,1,0,0,0,0,0,0,0,0,1,6,6,3,-1,-1,-1,-1,-1,-1,-1,-1,0,-1
2021302101429,2021,302101429,2,9,0,18,19,7,3,0,0,1,0,0,0,0,1,1,6,6,3,-1,-1,-1,-1,-1,-1,5,E01019456,0,-1
2021052100773,2021,052100773,1,1,0,18,19,3,7,0,0,0,0,0,0,0,1,1,6,6,1,36,7,-1,-1,-1,-1,6,E01007043,0,-1
2021010287692,2021,010287692,2,1,0,17,19,5,1,0,0,4,0,0,0,0,4,1,2,2,1,35,6,-1,-1,-1,-1,8,E01001617,0,-1
2021610011221,2021,610011221,1,19,0,18,19,1,5,0,0,0,0,0,0,3,1,1,1,1,2,25,5,-1,-1,-1,-1,-1,-1,0,-1
2021010308202,2021,010308202,1,1,9,18,19,7,3,0,0,0,9,8,9,99,9,1,2,2,1,25,5,-1,-1,-1,-1,9,E01003890,0,-1
2021332100808,2021,332100808,1,9,0,9,9,5,3,0,0,5,0,0,0,0,1,1,2,2,2,53,8,-1,-1,-1,-1,9,E01025758,0,-1
2021440121274,2021,440121274,2,1,0,5,5,1,5,0,0,8,0,0,0,0,4,1,6,6,1,26,6,-1,-1,-1,-1,3,E01032738,0,-1
2021461071461,2021,461071461,1,9,0,18,19,3,7,9,9,1,0,0,0,0,1,1,6,6,3,-1,-1,-1,-1,-1,-1,-1,-1,0,-1
2021061094226,2021,061094226,2,1,0,18,19,5,1,0,0,8,0,0,0,0,4,1,6,6,1,26,6,-1,-1,-1,-1,1,E01005104,0,-1
2021010329773,2021,010329773,2,1,0,13,13,1,5,0,0,8,0,0,0,0,1,1,6,6,1,32,6,-1,-1,-1,-1,7,E01000339,0,-1
202163B004521,2021,63B004521,1,9,0,18,19,8,4,0,0,0,5,0,8,10,1,1,6,6,1,41,7,-1,-1,-1,-1,4,W01000702,0,-1
2021010318949,2021,010318949,1,1,0,18,19,3,7,0,0,8,9,0,0,0,1,1,2,2,2,30,6,-1,-1,-1,-1,9,E01004053,0,-1
2021430564819,2021,430564819,1,9,0,18,19,8,4,0,0,8,0,0,0,0,1,1,6,6,3,-1,-1,-1,-1,-1,-1,-1,-1,0,-1
2021138140053,2021,138140053,1,9,0,18,19,5,1,0,0,1,1,4,1,11,1,1,6,6,1,46,8,-1,-1,-1,-1,-1,-1,0,-1
2021411111059,2021,411111059,1,9,0,18,19,5,1,0,0,0,0,0,0,0,1,1,6,6,1,-1,-1,-1,-1,-1,-1,-1,-1,0,-1
2021010305402,2021,010305402,2,-1,0,18,19,7,3,0,0,1,0,0,0,0,3,1,6,6,1,27,6,-1,-1,-1,-1,3,E01000138,1,-1
2021320429052,2021,320429052,2,9,0,18,19,1,5,0,0,1,1,0,1,9,3,1,6,6,1,46,8,-1,-1,-1,-1,9,E01027347,0,-1
2021991069700,2021,991069700,1,1,0,18,19,7,3,0,0,0,5,0,0,0,3,1,6,6,1,15,3,-1,-1,-1,-1,5,-1,0,-1
202163A100721,2021,63A100721,2,9,0,10,10,8,5,0,0,8,0,0,0,0,2,1,6,6,2,34,6,-1,-1,-1,-1,3,W01000626,0,-1
2021332100170,2021,332100170,1,5,0,18,19,6,2,0,0,0,0,0,0,0,1,1,6,6,1,69,10,-1,-1,-1,-1,9,E01025816,0,-1
2021010292675,2021,010292675,2,9,0,18,19,1,5,0,0,8,0,0,0,0,0,1,6,6,3,-1,-1,-1,-1,-1,-1,-1,-1,0,-1
2021221093112,2021,221093112,2,1,0,18,19,3,7,0,0,8,0,0,0,0,2,1,2,2,1,68,10,-1,-1,-1,-1,8,E01014077,0,-1
2021010336753,2021,010336753,2,1,0,7,7,8,3,5,5,6,0,0,0,0,1,1,2,2,1,43,7,-1,-1,-1,-1,6,E01003273,0,-1
2021332100140,2021,332100140,2,9,0,18,19,7,3,0,0,8,1,0,1,1,3,1,6,6,2,66,10,-1,-1,-1,-1,8,E01025873,0,-1
2021522104471,2021,522104471,2,9,0,2,2,0,0,0,0,0,0,0,0,0,0,1,6,6,3,-1,-1,-1,-1,-1,-1,-1,-1,0,-1
2021451027177,2021,451027177,1,1,0,8,8,7,7,4,4,0,5,0,0,0,4,1,5,6,1,50,8,-1,-1,-1,-1,9,E01003880,0,-1
2021461107520,2021,461107520,2,9,0,2,2,0,0,0,0,0,0,0,0,0,2,1,6,6,3,-1,-1,-1,-1,-1,-1,-1,-1,0,-1
202160Z117567,2021,60Z117567,1,9,0,5,5,3,7,0,0,0,0,0,0,0,1,1,6,6,1,49,8,-1,-1,-1,-1,-1,-1,0,-1
2021101118189,2021,101118189,2,1,0,18,19,1,5,0,0,3,0,0,0,0,2,1,2,2,1,50,8,-1,-1,-1,-1,2,E01008173,0,-1
2021332100459,2021,332100459,1,9,0,18,19,5,1,0,0,0,0,0,0,0,1,1,6,6,1,28,6,-1,-1,-1,-1,10,E01025714,0,-1
2021451051496,2021,451051496,1,1,0,18,19,1,1,0,0,2,0,0,0,0,2,1,5,6,1,53,8,-1,-1,-1,-1,8,E01030949,0,-1
2021520201463,2021,520201463,2,22,0,18,19,7,3,9,9,1,0,0,0,0,1,1,6,6,1,79,11,-1,-1,-1,-1,4,E01029281,0,-1
2021430257668,2021,430257668,1,9,0,13,13,7,3,0,0,2,0,0,0,0,4,1,6,6,2,31,6,-1,-1,-1,-1,-1,-1,0,-1
2021991086594,2021,991086594,2,9,0,18,19,2,6,0,0,0,0,0,0,0,1,1,5,6,1,55,8,-1,-1,-1,-1,6,-1,0,-1
2021991058599,2021,991058599,1,4,0,18,19,7,3,0,0,1,2,0,0,0,4,1,6,6,1,35,6,-1,-1,-1,-1,1,-1,0,-1
202131D013921,2021,31D013921,1,19,0,9,9,8,6,0,0,6,0,0,0,0,1,1,2,2,2,52,8,-1,-1,-1,-1,4,E01028130,0,-1
2021991047444,2021,991047444,2,1,0,18,19,3,6,0,0,8,0,0,0,0,4,1,6,6,2,23,5,-1,-1,-1,-1,10,-1,0,-1
2021010348090,2021,010348090,2,9,0,99,99,9,9,99,99,9,9,99,9,99,1,9,6,6,3,-1,-1,-1,-1,-1,-1,8,E01002534,0,-1
2021010315417,2021,010315417,1,1,9,99,99,9,9,99,99,9,9,99,9,99,9,1,2,2,1,25,5,-1,-1,-1,-1,5,E01002740,0,-1
2021471029593,2021,471029593,3,9,0,3,3,4,8,0,0,1,0,0,0,0,0,1,6,6,2,50,8,-1,-1,-1,-1,8,E01021129,0,-1
2021440287784,2021,440287784,1,1,0,18,19,8,4,0,0,0,0,0,0,0,3,1,6,6,1,31,6,-1,-1,-1,-1,9,E01031532,0,-1
2021010300039,2021,010300039,2,-1,0,18,19,5,1,4,4,8,0,0,0,0,1,1,6,6,1,38,7,-1,-1,-1,-1,9,E01023299,1,-1
2021221017607,2021,221017607,2,9,0,18,19,3,7,0,0,8,0,10,7,2,1,1,5,6,2,37,7,-1,-1,-1,-1,7,E01014087,0,-1
2021010292272,2021,010292272,2,9,0,99,99,9,9,99,99,9,9,99,9,99,9,9,6,6,3,55,8,-1,-1,-1,-1,6,E01002640,0,-1
2021061052088,2021,061052088,1,1,-1,18,19,7,3,0,0,8,0,0,0,0,4,1,6,6,1,12,3,-1,-1,-1,-1,1,E01006357,0,-1
2021991096111,2021,991096111,1,1,0,13,13,7,3,0,0,0,0,0,0,0,4,1,5,6,2,24,5,-1,-1,-1,-1,4,-1,0,-1
2021010295510,2021,010295510,2,1,9,99,99,9,9,99,99,0,9,99,9,99,9,1,6,6,3,-1,-1,-1,-1,-1,-1,-1,-1,0,-1
2021430390274,2021,430390274,1,9,0,18,19,5,1,0,0,2,0,0,0,0,1,1,6,6,1,41,7,-1,-1,-1,-1,10,E01016532,0,-1
2021010340052,2021,010340052,2,9,0,99,99,9,9,99,99,9,9,99,9,99,2,9,6,6,3,31,6,-1,-1,-1,-1,-1,-1,0,-1
2021332100835,2021,332100835,2,9,0,13,13,6,2,0,0,0,0,0,0,0,1,1,6,6,2,28,6,-1,-1,-1,-1,7,E01025623,0,-1
2021501102845,2021,501102845,2,9,0,18,19,1,5,0,0,0,0,0,0,0,4,1,6,6,3,-1,-1,-1,-1,-1,-1,-1,-1,0,-1
2021041076409,2021,041076409,2,9,0,5,5,7,5,0,0,0,0,0,0,0,1,1,6,6,3,-1,-1,-1,-1,-1,-1,-1,-1,0,-1
2021471038975,2021,471038975,2,1,0,18,19,3,8,0,0,1,0,0,0,0,3,1,5,6,1,44,7,-1,-1,-1,-1,9,E01031727,0,-1
2021061124933,2021,061124933,1,1,0,5,5,5,1,0,0,6,0,0,0,0,1,1,6,6,1,13,3,-1,-1,-1,-1,-1,-1,0,-1
2021440043995,2021,440043995,2,21,0,12,12,3,7,0,0,2,0,0,0,0,1,1,6,6,1,-1,-1,-1,-1,-1,-1,-1,-1,0,-1
2021010293491,2021,010293491,3,9,9,18,19,1,5,99,99,9,9,99,9,99,9,9,6,6,1,-1,-1,-1,-1,-1,-1,4,E01001956,0,-1
2021421091879,2021,421091879,1,21,1,18,19,3,7,0,0,0,0,0,0,0,1,1,1,1,1,41,7,-1,-1,-1,-1,-1,-1,0,-1
2021201111942,2021,201111942,1,9,0,18,19,5,1,0,0,1,0,0,0,0,1,1,6,6,2,69,10,-1,-1,-1,-1,8,E01009454,0,-1
2021361098187,2021,361098187,2,1,-1,-1,-1,-1,-1,-1,-1,0,-1,-1,-1,0,-1,1,5,6,1,50,8,-1,-1,-1,-1,5,E01026541,0,-1
2021061075087,2021,061075087,1,1,0,18,19,4,8,9,9,8,0,0,0,0,3,1,4,7,1,9,2,-1,-1,-1,-1,2,E01006284,0,-1
2021061104246,2021,061104246,1,1,0,18,19,4,8,0,0,8,0,0,0,0,0,1,4,7,1,12,3,-1,-1,-1,-1,4,E01005059,0,-1
202160Z146108,2021,60Z146108,1,9,0,2,2,0,0,0,0,0,0,0,0,0,2,1,6,6,1,30,6,-1,-1,-1,-1,-1,-1,0,-1
2021010336908,2021,010336908,2,9,0,9,9,2,1,0,0,1,0,0,0,0,3,1,1,1,1,41,7,-1,-1,-1,-1,4,E01000532,0,-1
2021501086096,2021,501086096,1,9,0,6,6,1,5,0,0,8,0,0,0,0,4,1,5,6,1,65,9,-1,-1,-1,-1,5,E01024786,0,-1
2021052102639,2021,052102639,1,8,0,18,19,3,7,0,0,0,0,0,0,0,1,1,1,1,3,-1,-1,-1,-1,-1,-1,-1,-1,0,-1
2021461111371,2021,461111371,1,1,0,18,19,7,3,0,0,1,0,0,0,0,1,1,2,2,1,17,4,-1,-1,-1,-1,8,E01024044,0,-1
2021010341986,2021,010341986,2,1,0,18,19,3,7,0,0,8,0,0,0,0,1,1,6,6,1,52,8,-1,-1,-1,-1,2,E01004044,0,-1
2021430396545,2021,430396545,1,9,0,13,13,5,1,0,0,1,0,0,0,0,4,1,6,6,3,-1,-1,-1,-1,-1,-1,-1,-1,0,-1
2021161086624,2021,161086624,2,9,0,3,3,1,5,0,0,0,0,0,0,0,2,1,5,6,2,38,7,-1,-1,-1,-1,9,E01013316,0,-1
2021461024192,2021,461024192,2,1,0,18,19,5,1,0,0,0,2,0,0,0,3,1,6,6,2,34,6,-1,-1,-1,-1,8,E01024076,0,-1
2021552101281,2021,552101281,2,1,0,5,5,3,7,0,0,0,0,0,0,0,2,1,2,2,1,42,7,-1,-1,-1,-1,6,E01015363,0,-1
2021010299443,2021,010299443,1,9,0,4,4,3,7,0,0,4,0,0,0,0,1,2,6,6,1,42,7,-1,-1,-1,-1,-1,-1,0,-1
2021101022379,2021,101022379,2,1,0,5,5,3,3,0,0,1,0,0,0,0,1,1,6,6,1,24,5,-1,-1,-1,-1,-1,-1,0,-1
2021522102005,2021,522102005,5,9,0,18,19,6,2,0,0,0,0,0,0,0,1,1,6,6,1,47,8,-1,-1,-1,-1,7,W01001108,0,-1
2021471070225,2021,471070225,1,1,0,18,19,1,5,0,0,8,0,0,0,0,1,1,6,6,1,22,5,-1,-1,-1,-1,7,E01016903,0,-1
2021401113188,2021,401113188,2,9,0,18,19,2,6,0,0,0,0,1,0,0,1,1,6,6,1,66,10,-1,-1,-1,-1,6,E01018126,0,-1
2021991081975,2021,991081975,1,1,0,18,19,6,1,0,0,8,0,0,0,0,1,1,5,6,1,16,4,-1,-1,-1,-1,4,-1,0,-1
2021201118604,2021,201118604,1,1,0,18,19,4,8,0,0,8,0,0,0,0,1,1,6,6,1,27,6,-1,-1,-1,-1,7,E01031303,0,-1
2021201148531,2021,201148531,1,97,0,18,19,4,8,9,9,0,0,0,0,0,1,1,6,6,3,-1,-1,-1,-1,-1,-1,-1,-1,0,-1
2021052102195,2021,052102195,1,97,0,18,19,2,6,0,0,1,0,10,0,0,4,1,6,6,1,25,5,-1,-1,-1,-1,1,E01006605,0,-1
2021010315933,2021,010315933,2,9,0,18,19,5,1,0,0,1,0,0,0,0,1,1,6,6,3,-1,-1,-1,-1,-1,-1,-1,-1,0,-1
2021221103000,2021,221103000,1,9,0,1,1,3,7,6,6,1,0,0,0,0,2,1,6,6,3,27,6,-1,-1,-1,-1,-1,-1,0,-1
2021052101509,2021,052101509,2,1,0,18,19,2,6,0,0,1,0,0,0,0,1,1,6,6,1,31,6,-1,-1,-1,-1,1,E01006728,0,-1
2021010336790,2021,010336790,1,1,9,99,99,9,9,99,99,0,9,99,9,99,9,1,6,6,1,50,8,-1,-1,-1,-1,4,E01000995,0,-1
2021371138820,2021,371138820,1,1,0,18,19,5,1,0,0,5,0,0,0,0,1,1,1,1,1,20,4,-1,-1,-1,-1,3,E01029998,0,-1
2021430000004,2021,430000004,1,19,0,18,19,1,5,0,0,0,0,0,0,0,4,1,6,6,3,-1,-1,-1,-1,-1,-1,-1,-1,0,-1
2021010331811,2021,010331811,2,1,9,99,99,9,9,99,99,9,9,99,9,99,0,1,6,6,3,-1,-1,-1,-1,-1,-1,-1,-1,0,-1
2021141100840,2021,141100840,1,9,0,-1,-1,-1,-1,-1,-1,0,-1,-1,-1,0,-1,1,6,6,3,-1,-1,-1,-1,-1,-1,-1,-1,0,-1
2021461061562,2021,461061562,2,9,0,2,2,0,0,0,0,0,0,0,0,0,2,1,6,6,1,19,4,-1,-1,-1,-1,10,E01024404,0,-1
2021052101619,2021,052101619,2,1,0,18,19,8,4,0,0,0,0,0,0,0,3,1,2,2,1,38,7,-1,-1,-1,-1,1,E01007052,0,-1