collision_index,collision_year,collision_ref_no,vehicle_reference,vehicle_type,towing_and_articulation,vehicle_manoeuvre_historic,vehicle_manoeuvre,vehicle_direction_from,vehicle_direction_to,vehicle_location_restricted_lane_historic,vehicle_location_restricted_lane,junction_location,skidding_and_overturning,hit_object_in_carriageway,vehicle_leaving_carriageway,hit_object_off_carriageway,first_point_of_impact,vehicle_left_hand_drive,journey_purpose_of_driver_historic,journey_purpose_of_driver,sex_of_driver,age_of_driver,age_band_of_driver,engine_capacity_cc,propulsion_code,age_of_vehicle,generic_make_model,driver_imd_decile,lsoa_of_driver,escooter_flag,driver_distance_banding
2021010296858,2021,010296858,1,9,9,99,99,9,9,99,99,0,9,99,9,99,9,9,6,6,3,-1,-1,-1,-1,-1,-1,-1,-1,0,-1
2021010308191,2021,010308191,2,9,0,99,99,9,9,99,99,0,9,99,9,99,1,9,6,6,3,-1,-1,-1,-1,-1,-1,-1,-1,0,-1
2021991169479,2021,991169479,1,9,0,16,19,2,5,0,0,4,1,11,3,0,1,1,6,6,1,49,8,-1,-1,-1,-1,-1,-1,0,-1
2021522101855,2021,522101855,2,9,0,9,9,7,5,0,0,5,0,0,0,0,2,1,6,6,1,-1,-1,-1,-1,-1,-1,-1,-1,0,-1
2021401078601,2021,401078601,1,98,1,18,19,1,1,0,0,0,0,0,0,0,3,1,1,1,1,39,7,-1,-1,-1,-1,-1,-1,0,-1
2021440346894,2021,440346894,1,4,0,3,3,7,3,0,0,0,0,0,0,0,1,1,6,6,1,64,9,-1,-1,-1,-1,-1,-1,0,-1
2021332100402,2021,332100402,2,9,0,18,19,7,3,0,0,8,0,0,0,0,1,1,6,6,2,43,7,-1,-1,-1,-1,4,E01013696,0,-1
2021041073095,2021,041073095,2,1,0,18,19,3,7,0,0,0,0,0,7,0,2,1,6,6,3,-1,-1,-1,-1,-1,-1,-1,-1,0,-1
2021471066963,2021,471066963,2,9,0,18,19,7,4,0,0,1,0,0,0,0,1,1,1,1,1,44,7,-1,-1,-1,-1,4,E01000978,0,-1
2021101062556,2021,101062556,2,1,0,5,5,5,1,0,0,8,0,0,0,0,1,1,6,6,1,55,8,-1,-1,-1,-1,3,E01027395,0,-1
2021302100603,2021,302100603,1,9,0,4,4,4,8,0,0,0,0,0,0,0,0,1,6,6,3,-1,-1,-1,-1,-1,-1,5,E01019456,0,-1
2021141043709,2021,141043709,2,1,0,18,19,1,5,0,0,2,0,0,0,0,4,1,5,6,1,64,9,-1,-1,-1,-1,1,E01007634,0,-1
2021131090416,2021,131090416,1,98,0,12,12,3,1,0,0,0,0,0,0,0,2,2,6,6,3,-1,-1,-1,-1,-1,-1,-1,-1,0,-1
2021010321240,2021,010321240,2,1,0,15,15,1,5,0,0,0,5,0,0,0,1,1,6,6,1,39,7,-1,-1,-1,-1,3,E01004743,0,-1
2021161036743,2021,161036743,1,1,0,18,19,2,6,0,0,8,0,0,0,0,4,1,6,6,2,26,6,-1,-1,-1,-1,1,E01012859,0,-1
202131C177121,2021,31C177121,1,9,0,18,19,2,6,0,0,8,0,0,0,0,3,1,6,6,1,-1,-1,-1,-1,-1,-1,-1,-1,0,-1
2021010306556,2021,010306556,1,9,0,18,19,4,8,0,0,2,0,10,1,5,1,1,6,6,2,28,6,-1,-1,-1,-1,-1,-1,0,-1
2021430536479,2021,430536479,2,9,0,10,10,6,3,0,0,1,0,0,0,0,2,1,1,1,2,56,9,-1,-1,-1,-1,7,E01017860,0,-1
2021170H10421,2021,170H10421,2,9,0,18,19,5,1,0,0,0,0,0,0,0,0,1,6,6,3,-1,-1,-1,-1,-1,-1,-1,-1,0,-1
2021010332229,2021,010332229,2,9,0,18,19,7,3,0,0,1,0,0,7,0,1,1,1,1,1,44,7,-1,-1,-1,-1,6,E01025910,0,-1
2021061087747,2021,061087747,2,1,0,18,19,3,7,0,0,0,0,0,0,0,4,1,6,6,2,9,2,-1,-1,-1,-1,8,E01005390,0,-1
2021041074409,2021,041074409,2,1,0,18,19,1,5,0,0,0,0,0,0,0,0,1,6,6,1,64,9,-1,-1,-1,-1,7,E01025373,0,-1
2021010302619,2021,010302619,1,98,0,99,99,9,9,99,99,0,9,99,9,99,9,9,6,6,3,-1,-1,-1,-1,-1,-1,-1,-1,0,-1
2021052101708,2021,052101708,1,19,0,18,19,7,2,0,0,4,0,0,0,0,1,1,6,6,3,-1,-1,-1,-1,-1,-1,-1,-1,0,-1
2021010323801,2021,010323801,3,9,0,3,3,7,3,0,0,2,0,0,0,0,4,1,6,6,3,-1,-1,-1,-1,-1,-1,-1,-1,0,-1
2021332100474,2021,332100474,1,9,0,13,13,1,5,0,0,2,0,0,0,0,1,1,6,6,3,-1,-1,-1,-1,-1,-1,-1,-1,0,-1
2021010310509,2021,010310509,2,9,0,18,19,3,7,0,0,4,0,0,0,0,3,1,6,6,2,18,4,-1,-1,-1,-1,4,E01001321,0,-1
2021010295698,2021,010295698,1,9,0,14,14,3,7,0,0,1,0,0,0,0,3,1,1,1,1,61,9,-1,-1,-1,-1,4,E01001671,0,-1
2021070102316,2021,070102316,2,1,0,18,19,3,7,0,0,1,0,0,0,0,3,1,6,6,1,17,4,-1,-1,-1,-1,1,E01012367,0,-1
2021010351654,2021,010351654,2,1,0,10,10,3,1,0,0,1,0,0,0,0,0,1,6,6,2,40,7,-1,-1,-1,-1,8,E01003909,0,-1
202134WNC0771,2021,34WNC0771,2,9,0,18,19,1,7,0,0,4,0,0,0,0,4,1,3,7,1,33,6,-1,-1,-1,-1,-1,-1,0,-1
2021332100266,2021,332100266,1,9,0,12,12,1,6,0,0,1,0,0,0,0,3,1,1,1,1,28,6,-1,-1,-1,-1,3,E01013272,0,-1
2021430119441,2021,430119441,4,9,0,3,3,3,7,0,0,0,0,4,0,0,2,1,1,1,1,70,10,-1,-1,-1,-1,-1,-1,0,-1
2021471067414,2021,471067414,1,1,0,18,19,3,8,0,0,0,0,0,0,0,0,1,5,6,1,55,8,-1,-1,-1,-1,10,E01031517,0,-1
2021430026572,2021,430026572,1,9,0,13,13,8,4,0,0,0,0,0,0,0,3,1,6,6,1,-1,-1,-1,-1,-1,-1,-1,-1,0,-1
202131D049221,2021,31D049221,1,9,0,13,13,1,5,0,0,0,0,0,0,0,4,1,6,6,3,-1,-1,-1,-1,-1,-1,-1,-1,0,-1
2021430397140,2021,430397140,1,9,0,9,9,6,3,0,0,1,0,0,0,0,1,1,6,6,2,58,9,-1,-1,-1,-1,3,E01028448,0,-1
2021471117181,2021,471117181,2,1,0,16,19,6,1,0,0,8,0,0,0,0,1,1,5,6,1,21,5,-1,-1,-1,-1,4,E01020914,0,-1
2021010328214,2021,010328214,1,11,0,99,99,9,9,99,99,9,9,99,9,99,9,9,6,6,3,-1,-1,-1,-1,-1,-1,-1,-1,0,-1
2021610056621,2021,610056621,1,9,0,18,19,1,5,0,0,8,0,0,0,0,1,1,6,6,1,56,9,-1,-1,-1,-1,-1,-1,0,-1
2021010298432,2021,010298432,1,1,9,99,99,9,9,99,99,9,9,99,9,99,2,1,2,2,2,23,5,-1,-1,-1,-1,4,E01000928,0,-1
2021542344321,2021,542344321,1,9,0,18,19,4,8,0,0,0,5,0,7,11,4,1,6,6,2,70,10,-1,-1,-1,-1,10,E01030386,0,-1
2021010288429,2021,010288429,2,19,9,99,99,9,9,99,99,0,9,99,9,99,9,9,1,1,3,-1,-1,-1,-1,-1,-1,-1,-1,0,-1
2021201119692,2021,201119692,1,9,0,5,5,7,3,0,0,1,0,0,0,0,1,1,6,6,3,30,6,-1,-1,-1,-1,-1,-1,0,-1
2021461075221,2021,461075221,1,90,1,18,19,5,1,0,0,0,0,0,0,0,0,1,5,6,1,-1,-1,-1,-1,-1,-1,-1,-1,0,-1
2021501130101,2021,501130101,1,9,0,16,19,7,3,0,0,0,1,0,0,0,1,1,5,6,1,56,9,-1,-1,-1,-1,3,E01018942,0,-1
2021010287407,2021,010287407,1,1,0,18,19,5,1,4,4,1,0,0,1,0,1,1,6,6,1,46,8,-1,-1,-1,-1,6,E01004550,0,-1
2021430215792,2021,430215792,1,9,0,18,19,6,2,0,0,1,0,0,0,0,1,1,1,1,1,36,7,-1,-1,-1,-1,2,E01032941,0,-1
2021141089161,2021,141089161,1,1,0,18,19,4,8,0,0,0,5,0,0,0,1,1,6,6,1,56,9,-1,-1,-1,-1,5,E01032586,0,-1
2021440003072,2021,440003072,1,1,0,18,19,1,5,0,0,1,0,0,0,0,1,1,6,6,1,17,4,-1,-1,-1,-1,4,E01022804,0,-1
2021421042987,2021,421042987,2,1,0,18,19,5,1,0,0,0,0,0,0,0,3,1,6,6,1,16,4,-1,-1,-1,-1,8,E01021528,0,-1
2021052101452,2021,052101452,2,90,0,5,5,5,1,0,0,1,0,10,0,0,2,1,6,6,2,27,6,-1,-1,-1,-1,1,E01006677,0,-1
2021010342889,2021,010342889,2,-1,0,18,19,7,3,0,0,2,0,0,0,0,3,1,2,2,1,34,6,-1,-1,-1,-1,7,E01003906,1,-1
202134NNC7211,2021,34NNC7211,1,9,0,18,19,7,3,0,0,0,0,0,0,0,1,1,6,6,3,-1,-1,-1,-1,-1,-1,-1,-1,0,-1
2021430028482,2021,430028482,1,9,0,12,12,4,8,0,0,0,0,0,0,0,3,1,6,6,3,-1,-1,-1,-1,-1,-1,-1,-1,0,-1
202131C069221,2021,31C069221,1,9,0,18,19,7,3,0,0,1,0,0,0,0,3,1,6,6,3,-1,-1,-1,-1,-1,-1,-1,-1,0,-1
2021010296102,2021,010296102,2,1,0,18,19,5,1,0,0,8,0,0,0,0,3,1,2,2,1,49,8,-1,-1,-1,-1,6,E01002006,0,-1
2021332100369,2021,332100369,2,9,0,18,19,3,7,0,0,8,5,0,0,0,1,1,1,1,2,24,5,-1,-1,-1,-1,10,E01025991,0,-1
2021010297561,2021,010297561,2,9,0,99,99,9,9,99,99,9,9,99,9,99,9,9,6,6,3,-1,-1,-1,-1,-1,-1,-1,-1,0,-1
202160Z135980,2021,60Z135980,1,9,0,9,9,8,6,0,0,1,0,0,0,0,1,1,6,6,2,56,9,-1,-1,-1,-1,-1,-1,0,-1
2021010304948,2021,010304948,1,9,0,13,13,3,7,0,0,0,0,0,0,0,1,1,6,6,3,-1,-1,-1,-1,-1,-1,-1,-1,0,-1
2021010349537,2021,010349537,1,1,9,99,99,9,9,99,99,9,9,99,9,99,0,1,1,1,1,30,6,-1,-1,-1,-1,7,E01000198,0,-1
2021111137522,2021,111137522,1,9,0,4,4,3,7,0,0,0,0,0,0,0,1,1,6,6,2,74,10,-1,-1,-1,-1,4,E01020900,0,-1
2021351058280,2021,351058280,1,9,0,18,19,3,7,0,0,4,0,0,0,0,1,1,6,6,2,-1,-1,-1,-1,-1,-1,-1,-1,0,-1
2021451069657,2021,451069657,2,1,0,18,19,1,5,0,0,0,0,0,0,0,1,1,5,6,1,27,6,-1,-1,-1,-1,4,E01004551,0,-1
2021430485769,2021,430485769,2,1,0,18,19,4,8,0,0,8,0,0,0,0,3,1,6,6,1,20,4,-1,-1,-1,-1,7,E01028521,0,-1
2021461016628,2021,461016628,1,9,0,18,19,5,1,0,0,0,5,0,1,7,1,1,5,6,1,34,6,-1,-1,-1,-1,3,E01024715,0,-1
202131A092121,2021,31A092121,1,1,0,18,19,4,8,0,0,0,0,0,0,0,3,1,2,2,1,45,7,-1,-1,-1,-1,3,E01028259,0,-1
2021041153245,2021,041153245,1,9,0,18,19,-1,-1,0,0,0,0,0,0,0,-1,1,6,6,3,-1,-1,-1,-1,-1,-1,-1,-1,0,-1
2021052102759,2021,052102759,1,9,0,18,19,4,8,0,0,1,0,0,0,0,4,1,6,6,3,-1,-1,-1,-1,-1,-1,-1,-1,0,-1
2021161038008,2021,161038008,1,9,0,18,19,8,4,0,0,1,0,0,0,0,4,1,6,6,3,-1,-1,-1,-1,-1,-1,-1,-1,0,-1
2021161109980,2021,161109980,1,9,0,5,5,4,8,0,0,1,0,0,0,0,1,1,6,6,1,28,6,-1,-1,-1,-1,7,E01013228,0,-1
2021052100307,2021,052100307,2,1,0,18,19,6,2,0,0,8,0,0,0,0,3,1,6,6,1,16,4,-1,-1,-1,-1,1,E01006913,0,-1
2021010331377,2021,010331377,2,9,0,2,2,0,0,0,0,1,0,0,0,0,1,1,6,6,3,-1,-1,-1,-1,-1,-1,-1,-1,0,-1
2021991026554,2021,991026554,1,1,0,9,9,8,6,0,0,0,0,0,0,0,3,1,5,6,2,31,6,-1,-1,-1,-1,5,-1,0,-1
2021451112233,2021,451112233,1,1,0,18,19,1,1,0,0,0,0,0,0,0,1,1,1,1,1,18,4,-1,-1,-1,-1,10,E01030487,0,-1
2021070597813,2021,070597813,1,1,0,17,19,7,5,0,0,8,5,0,0,0,1,1,6,6,1,14,3,-1,-1,-1,-1,2,E01018542,0,-1
2021010324322,2021,010324322,1,90,0,18,19,5,1,0,0,0,0,0,0,0,0,1,6,6,1,9,2,-1,-1,-1,-1,3,E01001638,0,-1
2021101052593,2021,101052593,1,9,0,7,7,3,1,0,0,8,0,0,0,0,4,1,6,6,3,-1,-1,-1,-1,-1,-1,-1,-1,0,-1
2021440384174,2021,440384174,2,21,0,18,19,5,1,0,0,0,0,0,0,0,2,1,6,6,3,-1,-1,-1,-1,-1,-1,-1,-1,0,-1
2021411089526,2021,411089526,1,19,0,18,19,3,7,9,9,2,0,0,7,0,1,1,1,1,1,55,8,-1,-1,-1,-1,6,E01023396,0,-1
2021461039575,2021,461039575,1,9,0,18,19,7,3,0,0,0,0,0,0,0,3,1,1,1,1,39,7,-1,-1,-1,-1,6,E01002200,0,-1
2021052102336,2021,052102336,2,1,0,18,19,2,6,0,0,8,0,0,0,0,2,1,1,1,1,31,6,-1,-1,-1,-1,1,E01006675,0,-1
2021520106271,2021,520106271,2,9,0,18,19,6,2,0,0,0,0,0,0,0,1,1,6,6,1,22,5,-1,-1,-1,-1,7,E01029317,0,-1
2021010304619,2021,010304619,1,9,0,18,19,1,5,0,0,2,0,0,0,0,2,1,6,6,3,-1,-1,-1,-1,-1,-1,-1,-1,0,-1
202131A091421,2021,31A091421,1,1,0,18,19,4,8,0,0,8,1,0,0,0,3,1,6,6,1,23,5,-1,-1,-1,-1,9,E01033391,0,-1
2021010338965,2021,010338965,2,-1,0,13,13,7,3,0,0,8,0,11,0,0,4,1,2,2,1,29,6,-1,-1,-1,-1,2,E01002879,1,-1
2021361066009,2021,361066009,1,1,0,18,19,4,8,0,0,0,5,0,0,0,1,1,2,2,1,54,8,-1,-1,-1,-1,10,E01026540,0,-1
2021221071125,2021,221071125,1,1,0,4,4,3,1,0,0,1,0,0,0,0,1,1,2,2,1,45,7,-1,-1,-1,-1,4,E01032365,0,-1
2021332101501,2021,332101501,2,9,0,18,19,2,6,0,0,0,0,0,0,0,0,1,6,6,1,21,5,-1,-1,-1,-1,-1,-1,0,-1
2021201150069,2021,201150069,2,98,0,18,19,7,3,0,0,1,0,0,0,0,1,1,6,6,1,48,8,-1,-1,-1,-1,1,E01009957,0,-1
2021010301095,2021,010301095,2,9,0,99,99,9,9,99,99,8,9,99,9,99,9,9,6,6,3,-1,-1,-1,-1,-1,-1,5,E01003697,0,-1
2021010335588,2021,010335588,1,-1,0,99,99,9,9,9,9,0,0,99,9,99,9,1,6,6,3,-1,-1,-1,-1,-1,-1,-1,-1,1,-1
202160Z056896,2021,60Z056896,2,9,0,18,19,5,1,0,0,1,0,0,1,10,4,1,6,6,1,45,7,-1,-1,-1,-1,-1,-1,0,-1
2021501063048,2021,501063048,2,16,0,18,19,3,7,0,0,0,0,0,0,0,2,1,1,1,2,40,7,-1,-1,-1,-1,5,E01020115,0,-1
2021332100338,2021,332100338,2,11,0,18,19,5,1,0,0,0,0,0,4,6,3,1,1,1,1,64,9,-1,-1,-1,-1,2,E01008037,0,-1
2021070622246,2021,070622246,1,9,0,18,19,7,5,0,0,5,0,0,0,0,1,1,1,1,1,42,7,-1,-1,-1,-1,3,-1,0,-1
202131C084321,2021,31C084321,2,1,0,18,19,7,4,0,0,0,0,0,0,0,1,1,6,6,1,22,5,-1,-1,-1,-1,5,E01013931,0,-1
2021052102405,2021,052102405,2,1,0,9,9,3,1,0,0,8,0,0,0,0,1,1,2,2,2,52,8,-1,-1,-1,-1,4,E01006528,0,-1
2021332100483,2021,332100483,2,19,0,18,19,8,4,0,0,0,0,0,1,4,4,1,2,2,1,52,8,-1,-1,-1,-1,8,E01025830,0,-1
2021440392066,2021,440392066,1,1,0,18,19,5,1,0,0,1,0,0,0,0,3,1,6,6,2,20,4,-1,-1,-1,-1,7,E01023054,0,-1
2021302100581,2021,302100581,4,9,0,9,9,2,3,0,0,5,0,0,0,0,0,1,6,6,3,-1,-1,-1,-1,-1,-1,5,E01019456,0,-1
2021010324479,2021,010324479,1,1,9,99,99,9,9,99,99,9,9,99,9,99,9,1,6,6,1,28,6,-1,-1,-1,-1,2,E01004233,0,-1
2021141038206,2021,141038206,1,9,0,7,7,2,5,0,0,0,0,0,0,0,1,1,6,6,3,-1,-1,-1,-1,-1,-1,-1,-1,0,-1
2021332101516,2021,332101516,1,9,0,18,19,5,1,0,0,1,0,0,0,0,0,1,6,6,1,34,6,-1,-1,-1,-1,-1,-1,0,-1
2021610026221,2021,610026221,2,9,0,6,6,7,3,0,0,1,0,0,0,0,4,1,1,1,1,49,8,-1,-1,-1,-1,-1,-1,0,-1
2021501040221,2021,501040221,2,1,0,18,19,4,8,0,0,0,5,0,0,0,2,1,5,6,1,74,10,-1,-1,-1,-1,6,E01018967,0,-1
2021010301827,2021,010301827,1,1,9,99,99,9,9,99,99,9,9,99,9,99,1,1,6,6,1,19,4,-1,-1,-1,-1,6,E01032567,0,-1
2021401062147,2021,401062147,1,1,0,18,19,1,5,9,9,0,0,0,0,0,1,1,5,6,1,55,8,-1,-1,-1,-1,5,E01027237,0,-1
2021131080487,2021,131080487,2,1,0,18,19,4,8,0,0,0,0,0,0,0,1,1,2,2,1,25,5,-1,-1,-1,-1,3,E01032608,0,-1
202160Z144723,2021,60Z144723,3,98,0,18,19,7,3,0,0,0,0,0,0,0,1,1,6,6,1,52,8,-1,-1,-1,-1,-1,-1,0,-1
2021430528067,2021,430528067,1,1,0,9,9,8,6,0,0,1,0,0,0,0,3,1,4,7,1,11,3,-1,-1,-1,-1,10,E01016633,0,-1
2021010317920,2021,010317920,1,9,0,3,3,4,8,0,0,2,0,0,0,0,1,1,6,6,3,-1,-1,-1,-1,-1,-1,-1,-1,0,-1
2021010318672,2021,010318672,2,1,9,99,99,9,9,99,99,9,9,99,9,99,1,1,6,6,3,-1,-1,-1,-1,-1,-1,-1,-1,0,-1
2021430137133,2021,430137133,1,90,0,13,13,8,4,0,0,8,0,0,0,0,1,1,1,1,2,30,6,-1,-1,-1,-1,9,E01028683,0,-1
202131C014621,2021,31C014621,1,18,0,18,19,7,3,1,1,0,0,0,0,0,3,1,1,1,1,39,7,-1,-1,-1,-1,3,E01019515,0,-1
2021471038816,2021,471038816,1,9,0,5,5,3,5,0,0,8,0,0,0,0,0,1,6,6,3,-1,-1,-1,-1,-1,-1,-1,-1,0,-1
2021041144331,2021,041144331,1,98,0,18,19,7,5,0,0,1,0,0,0,0,0,1,6,6,3,-1,-1,-1,-1,-1,-1,-1,-1,0,-1
2021522201355,2021,522201355,1,9,0,18,19,3,7,0,0,1,0,0,0,0,1,1,6,6,1,22,5,-1,-1,-1,-1,8,E01018286,0,-1
2021471089536,2021,471089536,2,1,0,18,19,7,3,4,4,1,2,0,1,0,1,1,2,2,2,41,7,-1,-1,-1,-1,6,E01016935,0,-1
2021440448894,2021,440448894,1,1,0,18,19,2,6,0,0,0,0,0,0,0,4,1,6,6,1,42,7,-1,-1,-1,-1,2,E01017132,0,-1
2021010346357,2021,010346357,1,-1,0,7,7,1,4,0,0,6,0,0,0,0,0,1,6,6,1,37,7,-1,-1,-1,-1,-1,-1,1,-1
2021451051897,2021,451051897,2,1,0,18,19,1,5,0,0,0,0,0,0,0,4,1,5,6,1,50,8,-1,-1,-1,-1,3,E01030788,0,-1
2021471092781,2021,471092781,2,1,0,17,19,8,5,0,0,8,0,0,0,0,4,1,5,6,1,72,10,-1,-1,-1,-1,5,E01031481,0,-1
2021332100606,2021,332100606,1,9,0,18,19,8,4,0,0,0,5,10,6,0,3,1,6,6,1,85,11,-1,-1,-1,-1,7,E01030515,0,-1
202134WNC0901,2021,34WNC0901,1,9,0,18,19,5,1,0,0,0,0,0,0,0,1,1,6,6,2,-1,-1,-1,-1,-1,-1,-1,-1,0,-1
2021061114863,2021,061114863,1,1,0,18,19,2,6,0,0,0,0,0,0,0,1,1,6,6,1,19,4,-1,-1,-1,-1,3,E01005310,0,-1
2021440418733,2021,440418733,1,1,0,18,19,1,5,0,0,0,0,0,0,0,4,1,6,6,2,67,10,-1,-1,-1,-1,7,E01023225,0,-1
2021332100703,2021,332100703,4,9,0,18,19,2,6,0,0,0,0,0,1,0,3,1,1,1,1,66,10,-1,-1,-1,-1,10,E01025741,0,-1
2021010289455,2021,010289455,1,9,0,99,99,9,9,99,99,9,9,99,9,99,1,9,6,6,3,-1,-1,-1,-1,-1,-1,-1,-1,0,-1
2021010325672,2021,010325672,2,9,0,99,99,9,9,99,99,9,9,99,9,99,9,9,6,6,3,-1,-1,-1,-1,-1,-1,-1,-1,0,-1
2021501036190,2021,501036190,1,1,0,4,4,4,8,0,0,1,0,0,0,0,1,1,2,2,1,50,8,-1,-1,-1,-1,6,E01020187,0,-1
2021421101979,2021,421101979,1,90,0,-1,-1,-1,-1,-1,-1,-1,-1,-1,-1,0,0,1,6,6,1,28,6,-1,-1,-1,-1,-1,-1,0,-1
2021122100582,2021,122100582,1,1,0,18,19,1,5,0,0,0,1,0,0,0,0,1,6,6,2,73,10,-1,-1,-1,-1,-1,-1,0,-1
2021101017262,2021,101017262,2,19,0,3,3,7,3,0,0,1,0,0,0,0,2,1,1,1,1,-1,-1,-1,-1,-1,-1,9,E01008234,0,-1
2021201136880,2021,201136880,1,9,0,18,19,4,8,0,0,0,0,0,0,0,1,1,6,6,3,-1,-1,-1,-1,-1,-1,-1,-1,0,-1
2021201141290,2021,201141290,1,9,0,7,7,2,4,0,0,6,0,0,0,0,1,1,6,6,3,-1,-1,-1,-1,-1,-1,-1,-1,0,-1
2021471087376,2021,471087376,1,97,0,14,14,6,2,0,0,0,0,0,0,0,1,1,6,6,3,-1,-1,-1,-1,-1,-1,-1,-1,0,-1
2021522104468,2021,522104468,2,90,0,18,19,2,6,9,9,8,0,0,0,0,3,1,6,6,1,55,8,-1,-1,-1,-1,-1,-1,0,-1
2021461080236,2021,461080236,4,9,0,18,19,8,4,0,0,0,0,0,0,0,0,1,6,6,1,-1,-1,-1,-1,-1,-1,-1,-1,0,-1
2021010292490,2021,010292490,2,1,0,18,19,5,1,0,0,3,0,0,0,0,1,1,1,1,1,30,6,-1,-1,-1,-1,5,E01001322,0,-1
2021041056174,2021,041056174,1,9,0,17,19,5,1,0,0,0,0,0,0,0,1,1,6,6,3,-1,-1,-1,-1,-1,-1,-1,-1,0,-1
2021010337368,2021,010337368,1,1,0,16,19,1,5,0,0,1,0,0,0,0,1,1,6,6,1,28,6,-1,-1,-1,-1,2,E01032722,0,-1
2021430126358,2021,430126358,3,9,0,13,13,1,5,0,0,0,0,0,0,0,0,1,1,1,1,25,5,-1,-1,-1,-1,-1,-1,0,-1
2021430268592,2021,430268592,1,9,0,18,19,6,2,0,0,0,0,0,0,0,1,1,6,6,1,-1,-1,-1,-1,-1,-1,-1,-1,0,-1
2021061102884,2021,061102884,2,9,0,18,19,3,7,0,0,1,0,0,0,0,1,1,6,6,3,30,6,-1,-1,-1,-1,-1,-1,0,-1
2021131049669,2021,131049669,1,1,0,18,19,1,5,9,9,2,5,0,0,0,0,1,6,6,1,38,7,-1,-1,-1,-1,2,E01011284,0,-1
2021332100622,2021,332100622,1,9,0,5,5,6,2,0,0,0,5,0,0,0,1,1,6,6,1,21,5,-1,-1,-1,-1,6,E01025724,0,-1
2021141085951,2021,141085951,2,9,0,18,19,5,1,0,0,0,0,0,0,0,4,1,2,2,1,67,10,-1,-1,-1,-1,10,E01008126,0,-1
2021320384249,2021,320384249,2,1,0,18,19,8,4,0,0,0,5,0,1,0,1,1,6,6,1,28,6,-1,-1,-1,-1,5,E01026390,0,-1
2021332100145,2021,332100145,3,1,0,18,19,7,3,0,0,1,0,0,0,0,1,1,6,6,1,45,7,-1,-1,-1,-1,1,E01013728,0,-1
2021351048292,2021,351048292,2,1,0,18,19,5,8,2,2,8,0,0,0,0,1,1,6,6,1,28,6,-1,-1,-1,-1,-1,-1,0,-1
2021622100532,2021,622100532,2,1,0,18,19,3,7,0,0,2,0,0,0,0,1,1,6,6,1,52,8,-1,-1,-1,-1,10,W01001225,0,-1
2021131090724,2021,131090724,2,1,0,18,19,3,7,4,4,8,0,0,0,0,2,1,2,2,1,49,8,-1,-1,-1,-1,3,E01011477,0,-1
2021010334772,2021,010334772,1,9,0,99,99,9,9,99,99,9,9,99,9,99,0,9,6,6,3,31,6,-1,-1,-1,-1,-1,-1,0,-1
2021010303267,2021,010303267,2,9,0,99,99,9,9,99,99,0,9,99,9,99,9,9,6,6,3,-1,-1,-1,-1,-1,-1,2,E01003160,0,-1
2021010329735,2021,010329735,2,1,9,99,99,9,9,99,99,9,9,99,9,99,1,1,6,6,2,27,6,-1,-1,-1,-1,4,E01001903,0,-1
2021401122210,2021,401122210,1,9,0,13,13,5,1,0,0,0,5,0,1,0,1,1,6,6,1,57,9,-1,-1,-1,-1,6,E01018106,0,-1
202160Z056456,2021,60Z056456,1,9,0,9,9,4,1,0,0,1,0,0,0,0,1,1,6,6,1,35,6,-1,-1,-1,-1,-1,-1,0,-1
2021061067779,2021,061067779,2,1,0,18,19,7,3,0,0,8,0,0,0,0,1,1,6,6,1,25,5,-1,-1,-1,-1,1,E01005753,0,-1
2021332100995,2021,332100995,1,9,0,18,19,3,7,0,0,2,0,0,0,0,1,1,6,6,2,70,10,-1,-1,-1,-1,3,E01025697,0,-1
2021061103503,2021,061103503,1,1,0,18,19,6,2,0,0,1,0,0,0,0,1,1,5,6,1,49,8,-1,-1,-1,-1,9,E01006277,0,-1
2021131109803,2021,131109803,2,1,0,18,19,3,7,0,0,0,0,0,1,0,1,1,5,6,1,16,4,-1,-1,-1,-1,2,E01011121,0,-1
2021231102959,2021,231102959,2,9,0,4,4,5,1,0,0,1,0,0,0,0,2,1,5,6,2,53,8,-1,-1,-1,-1,3,E01009106,0,-1
2021411039163,2021,411039163,2,90,0,9,9,-1,-1,0,0,1,0,0,0,0,0,1,6,6,3,-1,-1,-1,-1,-1,-1,-1,-1,0,-1
2021430337982,2021,430337982,1,1,0,18,19,4,8,0,0,8,0,0,0,0,1,1,2,2,1,62,9,-1,-1,-1,-1,8,E01016647,0,-1
2021332101539,2021,332101539,2,9,0,18,19,7,3,0,0,0,0,0,0,0,1,1,6,6,1,29,6,-1,-1,-1,-1,-1,-1,0,-1
2021201146587,2021,201146587,1,90,0,1,1,6,4,0,0,6,0,0,0,0,2,1,6,6,1,-1,-1,-1,-1,-1,-1,-1,-1,0,-1
2021010346807,2021,010346807,2,9,0,99,99,9,9,99,99,9,9,99,9,99,1,9,6,6,3,-1,-1,-1,-1,-1,-1,-1,-1,0,-1
2021052100358,2021,052100358,2,1,0,18,19,4,8,0,0,0,0,0,0,0,1,1,6,6,1,20,4,-1,-1,-1,-1,1,E01006694,0,-1
2021371114529,2021,371114529,3,9,0,2,2,0,0,0,0,0,0,0,0,0,0,1,6,6,3,-1,-1,-1,-1,-1,-1,-1,-1,0,-1
2021041018350,2021,041018350,1,98,0,18,19,1,5,0,0,0,0,0,0,0,4,1,6,6,3,-1,-1,-1,-1,-1,-1,-1,-1,0,-1
2021531112003,2021,531112003,2,1,0,18,19,8,8,0,0,1,0,0,0,0,3,1,6,6,2,36,7,-1,-1,-1,-1,10,E01022307,0,-1
2021052100281,2021,052100281,1,9,0,18,19,2,6,0,0,1,0,0,0,0,1,1,6,6,3,-1,-1,-1,-1,-1,-1,-1,-1,0,-1
202160Z049861,2021,60Z049861,2,9,0,4,4,1,5,0,0,0,0,0,0,0,2,1,6,6,1,31,6,-1,-1,-1,-1,-1,-1,0,-1
202160Z093439,2021,60Z093439,1,9,0,5,5,7,3,0,0,6,0,0,0,0,2,1,6,6,2,22,5,-1,-1,-1,-1,-1,-1,0,-1
2021061081342,2021,061081342,1,9,0,7,7,3,7,0,0,5,0,0,0,0,-1,1,6,6,3,-1,-1,-1,-1,-1,-1,-1,-1,0,-1
2021231057056,2021,231057056,2,9,0,18,19,5,1,0,0,8,0,0,0,0,1,1,5,6,1,26,6,-1,-1,-1,-1,1,E01009632,0,-1
2021302102120,2021,302102120,2,9,0,18,19,2,6,0,0,4,0,0,0,0,3,1,6,6,3,-1,-1,-1,-1,-1,-1,5,E01019456,0,-1