collision_index,collision_year,collision_ref_no,vehicle_reference,vehicle_type,towing_and_articulation,vehicle_manoeuvre_historic,vehicle_manoeuvre,vehicle_direction_from,vehicle_direction_to,vehicle_location_restricted_lane_historic,vehicle_location_restricted_lane,junction_location,skidding_and_overturning,hit_object_in_carriageway,vehicle_leaving_carriageway,hit_object_off_carriageway,first_point_of_impact,vehicle_left_hand_drive,journey_purpose_of_driver_historic,journey_purpose_of_driver,sex_of_driver,age_of_driver,age_band_of_driver,engine_capacity_cc,propulsion_code,age_of_vehicle,generic_make_model,driver_imd_decile,lsoa_of_driver,escooter_flag,driver_distance_banding
2021401043672,2021,401043672,2,9,0,4,4,5,1,0,0,0,0,0,0,0,2,1,5,6,1,45,7,-1,-1,-1,-1,10,E01002152,0,-1
2021010339583,2021,010339583,1,19,0,7,7,8,2,9,9,6,0,0,7,11,1,1,6,6,1,67,10,-1,-1,-1,-1,1,E01003192,0,-1
2021610019221,2021,610019221,1,9,0,18,19,7,3,0,0,1,0,0,0,0,2,1,3,7,2,37,7,-1,-1,-1,-1,-1,-1,0,-1
2021010301061,2021,010301061,1,1,0,18,19,3,7,0,0,0,0,0,0,0,0,1,6,6,2,39,7,-1,-1,-1,-1,9,E01000987,0,-1
2021010299118,2021,010299118,1,9,0,99,99,9,9,99,99,9,9,99,9,99,1,9,6,6,3,-1,-1,-1,-1,-1,-1,-1,-1,0,-1
2021010347861,2021,010347861,1,1,0,5,5,1,5,5,5,1,0,0,0,0,2,1,6,6,1,11,3,-1,-1,-1,-1,4,E01002704,0,-1
202160Z002213,2021,60Z002213,1,9,0,9,9,4,8,0,0,1,0,0,0,0,1,1,6,6,1,70,10,-1,-1,-1,-1,-1,-1,0,-1
2021351121841,2021,351121841,2,17,0,18,19,3,8,0,0,0,0,0,0,0,2,1,5,6,3,-1,-1,-1,-1,-1,-1,-1,-1,0,-1
2021440033102,2021,440033102,2,1,0,18,19,8,4,0,0,8,0,0,0,0,4,1,6,6,2,75,10,-1,-1,-1,-1,10,E01023059,0,-1
2021161100308,2021,161100308,2,9,0,18,19,2,4,0,0,4,0,0,0,0,1,1,6,6,2,-1,-1,-1,-1,-1,-1,-1,-1,0,-1
2021543793421,2021,543793421,2,9,0,3,3,4,8,0,0,1,0,0,0,0,2,1,2,2,1,33,6,-1,-1,-1,-1,10,E01032072,0,-1
2021421050501,2021,421050501,2,-1,0,16,19,5,1,0,0,1,0,0,0,0,3,1,1,1,1,-1,-1,-1,-1,-1,-1,-1,-1,1,-1
2021430414404,2021,430414404,1,9,0,9,9,5,2,0,0,7,0,0,0,0,3,1,1,1,2,32,6,-1,-1,-1,-1,4,E01022173,0,-1
2021320413134,2021,320413134,2,21,0,18,19,4,8,0,0,0,0,0,0,0,1,1,1,1,1,52,8,-1,-1,-1,-1,-1,-1,0,-1
2021201142638,2021,201142638,2,9,0,18,19,8,4,0,0,8,0,0,0,0,3,1,2,2,1,42,7,-1,-1,-1,-1,4,E01010424,0,-1
202131B005321,2021,31B005321,1,9,0,9,9,1,8,0,0,5,0,0,0,0,1,1,6,6,2,-1,-1,-1,-1,-1,-1,-1,-1,0,-1
2021991071952,2021,991071952,1,9,0,9,9,6,3,0,0,8,0,0,0,0,1,1,1,1,1,31,6,-1,-1,-1,-1,9,-1,0,-1
2021332100996,2021,332100996,1,9,0,18,19,6,2,0,0,0,2,0,7,9,3,1,2,2,1,28,6,-1,-1,-1,-1,1,E01013727,0,-1
2021451105285,2021,451105285,2,98,0,18,19,5,1,0,0,0,0,0,0,0,4,1,6,6,3,40,7,-1,-1,-1,-1,-1,-1,0,-1
2021010351415,2021,010351415,1,1,9,99,99,9,9,99,99,9,9,99,9,99,9,1,2,2,1,53,8,-1,-1,-1,-1,3,E01003101,0,-1
2021010303928,2021,010303928,1,3,0,18,19,1,5,0,0,6,1,0,0,0,0,1,1,1,1,20,4,-1,-1,-1,-1,3,E01002057,0,-1
2021430217180,2021,430217180,4,9,0,18,19,0,0,0,0,0,0,0,0,0,3,1,6,6,3,-1,-1,-1,-1,-1,-1,-1,-1,0,-1
2021461070999,2021,461070999,1,21,1,12,12,8,4,0,0,0,0,0,0,0,3,1,6,6,1,45,7,-1,-1,-1,-1,-1,-1,0,-1
2021201094585,2021,201094585,1,9,0,18,19,1,5,0,0,0,0,0,0,0,1,1,6,6,3,-1,-1,-1,-1,-1,-1,-1,-1,0,-1
2021161055976,2021,161055976,1,1,0,18,19,2,6,0,0,0,0,0,0,0,3,1,6,6,1,12,3,-1,-1,-1,-1,3,E01013164,0,-1
2021010294922,2021,010294922,2,1,0,18,19,7,3,9,9,1,0,0,0,0,0,1,6,6,1,43,7,-1,-1,-1,-1,2,E01003925,0,-1
2021522200818,2021,522200818,1,9,0,18,19,3,7,0,0,1,0,0,0,0,3,1,6,6,1,77,11,-1,-1,-1,-1,9,E01014473,0,-1
2021610026521,2021,610026521,1,5,0,18,19,5,1,0,0,1,1,0,0,0,1,1,6,6,1,55,8,-1,-1,-1,-1,-1,-1,0,-1
2021430399824,2021,430399824,1,9,0,9,9,7,4,0,0,6,0,0,0,0,1,1,2,2,1,55,8,-1,-1,-1,-1,3,E01016465,0,-1
2021421125461,2021,421125461,1,19,0,18,19,3,3,0,0,0,5,0,1,0,1,1,6,6,1,28,6,-1,-1,-1,-1,-1,-1,0,-1
202160Z142393,2021,60Z142393,1,9,0,9,9,5,3,0,0,1,0,0,0,0,1,1,6,6,1,54,8,-1,-1,-1,-1,-1,-1,0,-1
2021010314932,2021,010314932,1,1,9,99,99,9,9,99,99,9,9,99,9,99,1,1,2,2,1,25,5,-1,-1,-1,-1,4,E01004027,0,-1
2021332100309,2021,332100309,1,9,0,18,19,5,1,0,0,8,0,0,0,0,1,1,2,2,1,57,9,-1,-1,-1,-1,7,E01013787,0,-1
2021010289634,2021,010289634,2,9,0,18,19,4,8,0,0,0,0,0,0,0,4,1,6,6,3,-1,-1,-1,-1,-1,-1,-1,-1,0,-1
2021010321100,2021,010321100,1,3,0,99,99,9,9,99,99,9,9,99,9,99,1,1,1,1,3,51,8,-1,-1,-1,-1,3,E01004034,0,-1
2021010325387,2021,010325387,2,9,9,99,99,9,9,99,99,9,9,99,0,0,9,9,6,6,3,-1,-1,-1,-1,-1,-1,-1,-1,0,-1
2021010331879,2021,010331879,1,9,0,18,19,5,1,0,0,8,0,0,0,0,0,1,6,6,1,33,6,-1,-1,-1,-1,6,E01032767,0,-1
2021610001921,2021,610001921,1,9,0,18,19,7,2,0,0,1,1,0,0,0,1,1,1,1,2,18,4,-1,-1,-1,-1,-1,-1,0,-1
2021010336288,2021,010336288,1,1,0,18,19,7,3,0,0,1,0,0,1,0,1,1,6,6,1,53,8,-1,-1,-1,-1,7,E01004499,0,-1
2021010302646,2021,010302646,3,9,0,99,99,9,9,99,99,9,9,99,9,99,0,9,6,6,3,-1,-1,-1,-1,-1,-1,-1,-1,0,-1
202131C147921,2021,31C147921,1,-1,0,18,19,1,5,0,0,1,0,0,0,0,0,1,6,6,2,41,7,-1,-1,-1,-1,-1,-1,1,-1
202163D044621,2021,63D044621,1,4,0,15,15,4,8,0,0,2,0,0,1,10,3,1,6,6,1,40,7,-1,-1,-1,-1,3,E01021823,0,-1
2021332101580,2021,332101580,1,9,0,18,19,5,1,0,0,0,0,0,0,0,0,1,6,6,3,-1,-1,-1,-1,-1,-1,-1,-1,0,-1
2021451067042,2021,451067042,2,19,0,5,5,1,3,0,0,0,0,0,0,0,0,1,6,6,3,30,6,-1,-1,-1,-1,-1,-1,0,-1
2021101115628,2021,101115628,2,9,0,4,4,1,5,0,0,1,0,0,0,0,1,1,6,6,3,18,4,-1,-1,-1,-1,-1,-1,0,-1
2021010320147,2021,010320147,1,1,9,99,99,9,9,99,99,9,9,99,9,99,2,1,6,6,2,54,8,-1,-1,-1,-1,7,E01002127,0,-1
2021010321453,2021,010321453,1,9,0,99,99,9,9,99,99,9,9,99,9,99,1,9,2,2,1,53,8,-1,-1,-1,-1,4,E01033739,0,-1
2021010341234,2021,010341234,1,1,9,99,99,9,9,99,99,9,9,99,9,99,9,1,2,2,1,42,7,-1,-1,-1,-1,5,E01000530,0,-1
202131C156621,2021,31C156621,2,1,0,18,19,4,8,0,0,6,0,0,0,0,1,1,6,6,1,30,6,-1,-1,-1,-1,-1,-1,0,-1
2021471058960,2021,471058960,4,9,0,18,19,5,1,0,0,0,0,0,0,0,2,1,1,1,1,35,6,-1,-1,-1,-1,7,E01031398,0,-1
2021320181312,2021,320181312,2,1,0,18,19,2,6,0,0,1,0,0,0,0,2,1,6,6,1,29,6,-1,-1,-1,-1,2,E01026328,0,-1
202163A028121,2021,63A028121,1,9,0,17,19,2,7,0,0,0,0,0,1,10,1,1,6,6,1,89,11,-1,-1,-1,-1,7,W01000679,0,-1
2021010299365,2021,010299365,1,1,9,99,99,9,9,99,99,9,9,99,9,99,0,1,6,6,1,35,6,-1,-1,-1,-1,1,E01002734,0,-1
2021332100360,2021,332100360,2,9,0,9,9,4,2,4,4,5,0,0,0,0,1,1,6,6,3,-1,-1,-1,-1,-1,-1,-1,-1,0,-1
2021010351757,2021,010351757,1,-1,9,99,99,9,9,99,99,9,9,99,9,99,9,1,6,6,1,18,4,-1,-1,-1,-1,1,E01001955,1,-1
2021440235767,2021,440235767,2,1,0,18,19,7,3,0,0,8,0,0,0,0,1,1,2,2,1,41,7,-1,-1,-1,-1,6,E01017212,0,-1
2021010301913,2021,010301913,1,1,9,99,99,9,9,99,99,0,9,99,9,99,1,1,6,6,2,46,8,-1,-1,-1,-1,5,E01004488,0,-1
2021010297777,2021,010297777,1,1,9,99,99,9,9,99,99,9,9,99,9,99,9,1,6,6,1,19,4,-1,-1,-1,-1,-1,-1,0,-1
2021201081081,2021,201081081,3,9,0,2,2,0,0,0,0,1,0,0,0,0,0,1,6,6,3,-1,-1,-1,-1,-1,-1,-1,-1,0,-1
2021361105260,2021,361105260,1,90,0,18,19,6,2,0,0,0,0,0,0,0,1,1,6,6,3,-1,-1,-1,-1,-1,-1,-1,-1,0,-1
2021070593063,2021,070593063,2,1,0,18,19,2,7,0,0,1,0,0,0,0,1,1,6,6,2,45,7,-1,-1,-1,-1,2,E01018542,0,-1
2021451037053,2021,451037053,4,9,0,18,19,1,5,0,0,0,0,0,0,0,2,1,1,1,1,36,7,-1,-1,-1,-1,1,E01010364,0,-1
2021122101451,2021,122101451,1,9,0,1,1,3,7,0,0,0,0,0,0,0,2,1,6,6,1,39,7,-1,-1,-1,-1,6,E01027648,0,-1
2021501125681,2021,501125681,4,9,0,18,19,7,3,0,0,0,0,0,0,0,1,1,5,6,1,45,7,-1,-1,-1,-1,7,E01020193,0,-1
2021991080357,2021,991080357,1,9,0,18,19,3,7,0,0,0,0,0,0,0,1,1,6,6,3,30,6,-1,-1,-1,-1,-1,-1,0,-1
2021211067684,2021,211067684,2,1,0,9,9,8,6,0,0,8,0,0,0,0,1,1,6,6,1,60,9,-1,-1,-1,-1,9,E01029364,0,-1
2021010315754,2021,010315754,1,1,9,99,99,9,9,99,99,9,9,99,9,99,1,1,2,2,1,24,5,-1,-1,-1,-1,5,E01003080,0,-1
2021131113641,2021,131113641,1,11,0,18,19,3,7,0,0,0,0,0,0,0,1,1,1,1,1,52,8,-1,-1,-1,-1,1,E01011660,0,-1
2021471129680,2021,471129680,1,1,0,18,19,1,5,9,9,0,0,0,0,0,1,1,6,6,3,-1,-1,-1,-1,-1,-1,-1,-1,0,-1
2021122100582,2021,122100582,2,1,0,18,19,1,5,0,0,0,1,0,0,0,0,1,6,6,1,74,10,-1,-1,-1,-1,-1,-1,0,-1
2021461088324,2021,461088324,1,9,0,18,19,2,6,0,0,0,0,0,0,0,1,1,6,6,1,-1,-1,-1,-1,-1,-1,8,E01024362,0,-1
202160Z123583,2021,60Z123583,1,5,0,7,7,8,3,0,0,3,0,0,0,0,0,1,6,6,1,63,9,-1,-1,-1,-1,-1,-1,0,-1
2021991030481,2021,991030481,4,9,0,18,19,4,8,0,0,0,0,0,0,0,2,1,1,1,1,52,8,-1,-1,-1,-1,-1,-1,0,-1
2021070617862,2021,070617862,2,1,0,18,19,2,5,0,0,0,0,0,0,0,3,1,6,6,1,54,8,-1,-1,-1,-1,10,E01018696,0,-1
2021010347044,2021,010347044,1,3,0,99,99,9,9,99,99,9,9,99,9,99,1,1,2,2,1,24,5,-1,-1,-1,-1,7,E01001534,0,-1
2021501128866,2021,501128866,2,1,0,18,19,3,7,0,0,1,0,0,0,0,3,1,6,6,1,26,6,-1,-1,-1,-1,2,E01020103,0,-1
2021010341308,2021,010341308,2,1,0,9,9,3,1,0,0,6,0,0,0,0,1,1,6,6,1,25,5,-1,-1,-1,-1,4,E01003031,0,-1
2021440311786,2021,440311786,2,9,0,2,2,0,0,0,0,0,0,0,0,0,1,1,6,6,3,-1,-1,-1,-1,-1,-1,-1,-1,0,-1
2021401022766,2021,401022766,2,1,0,5,5,1,1,0,0,0,0,0,0,0,1,1,5,6,1,19,4,-1,-1,-1,-1,8,E01017598,0,-1
202160Z140118,2021,60Z140118,1,9,0,5,5,4,8,0,0,4,0,0,0,0,1,1,6,6,1,89,11,-1,-1,-1,-1,-1,-1,0,-1
2021010307841,2021,010307841,2,19,0,99,99,9,9,99,99,9,9,99,9,99,9,9,6,6,3,-1,-1,-1,-1,-1,-1,-1,-1,0,-1
2021010336966,2021,010336966,2,1,0,18,19,7,3,4,4,1,0,0,0,0,1,1,2,2,1,30,6,-1,-1,-1,-1,10,E01018116,0,-1
2021430246693,2021,430246693,1,1,0,18,19,6,2,0,0,1,0,0,0,0,1,1,6,6,1,55,8,-1,-1,-1,-1,10,E01017755,0,-1
2021522105632,2021,522105632,1,1,0,15,15,7,3,0,0,0,0,0,0,0,3,1,6,6,1,58,9,-1,-1,-1,-1,9,E01014853,0,-1
2021131047904,2021,131047904,2,1,0,18,19,6,3,0,0,0,0,0,0,0,4,1,5,6,1,10,2,-1,-1,-1,-1,7,E01011521,0,-1
2021010314778,2021,010314778,2,9,0,99,99,9,9,99,99,9,9,99,9,99,1,9,6,6,3,-1,-1,-1,-1,-1,-1,-1,-1,0,-1
202160Z186980,2021,60Z186980,1,9,0,13,13,1,5,0,0,0,0,0,0,0,4,1,6,6,2,66,10,-1,-1,-1,-1,-1,-1,0,-1
2021010307237,2021,010307237,2,9,0,99,99,9,9,99,99,9,9,99,9,99,9,9,6,6,3,-1,-1,-1,-1,-1,-1,-1,-1,0,-1
2021061078613,2021,061078613,1,98,0,18,19,7,3,0,0,0,0,0,0,0,1,1,6,6,3,30,6,-1,-1,-1,-1,-1,-1,0,-1
2021052101615,2021,052101615,2,22,0,18,19,7,3,0,0,8,0,0,0,0,3,1,6,6,1,51,8,-1,-1,-1,-1,1,E01006643,0,-1
2021332100312,2021,332100312,1,9,0,18,19,8,4,0,0,0,0,0,0,0,1,1,6,6,1,56,9,-1,-1,-1,-1,10,E01025708,0,-1
2021430544017,2021,430544017,2,1,0,14,14,4,8,0,0,0,0,0,0,0,3,1,6,6,1,19,4,-1,-1,-1,-1,10,E01007281,0,-1
2021010307196,2021,010307196,2,1,0,18,19,1,5,0,0,8,0,0,0,0,1,1,6,6,1,39,7,-1,-1,-1,-1,5,E01003790,0,-1
2021052101650,2021,052101650,1,-1,0,18,19,7,3,0,0,0,0,10,0,0,1,1,6,6,3,-1,-1,-1,-1,-1,-1,-1,-1,1,-1
202134WNC0521,2021,34WNC0521,2,19,0,18,19,5,1,0,0,0,0,0,0,0,2,1,1,1,1,49,8,-1,-1,-1,-1,4,E01005299,0,-1
2021320299455,2021,320299455,2,9,0,2,2,7,3,0,0,0,0,0,0,0,1,1,6,6,1,35,6,-1,-1,-1,-1,6,E01026205,0,-1
2021522104856,2021,522104856,2,9,0,18,19,3,7,0,0,1,0,0,0,0,1,1,6,6,1,31,6,-1,-1,-1,-1,6,E01014780,0,-1
2021010343908,2021,010343908,2,22,0,18,19,5,1,9,9,1,0,0,0,0,3,1,2,2,1,48,8,-1,-1,-1,-1,3,E01000108,0,-1
2021131089689,2021,131089689,2,1,0,18,19,6,2,0,0,1,0,0,0,0,1,1,5,6,1,14,3,-1,-1,-1,-1,7,E01010638,0,-1
2021010304966,2021,010304966,2,5,0,13,13,1,5,0,0,2,0,0,0,0,1,1,6,6,1,42,7,-1,-1,-1,-1,1,E01000798,0,-1
2021421029386,2021,421029386,1,9,0,18,19,2,5,0,0,3,1,0,0,0,1,1,6,6,1,-1,-1,-1,-1,-1,-1,5,E01022017,0,-1
2021522101895,2021,522101895,1,1,0,18,19,5,1,0,0,1,0,0,0,0,1,1,6,6,1,27,6,-1,-1,-1,-1,10,E01014930,0,-1
2021461048718,2021,461048718,1,9,0,1,1,7,3,0,0,1,0,0,0,0,2,1,6,6,3,-1,-1,-1,-1,-1,-1,-1,-1,0,-1
2021061125107,2021,061125107,2,1,0,18,19,1,5,0,0,0,0,0,0,0,0,1,6,6,1,33,6,-1,-1,-1,-1,3,E01005271,0,-1
2021522104591,2021,522104591,1,1,0,18,19,1,5,0,0,0,0,0,0,0,1,1,6,6,1,28,6,-1,-1,-1,-1,5,E01033080,0,-1
2021461105122,2021,461105122,2,1,-1,18,19,3,7,0,0,0,0,0,0,0,2,1,6,6,1,54,8,-1,-1,-1,-1,2,E01024108,0,-1
2021010319802,2021,010319802,1,1,9,99,99,9,9,99,99,9,9,99,9,99,9,1,6,6,2,34,6,-1,-1,-1,-1,7,E01003027,0,-1
202160Z049310,2021,60Z049310,3,9,0,18,19,2,7,0,0,0,0,0,0,0,0,1,6,6,1,70,10,-1,-1,-1,-1,-1,-1,0,-1
2021061135135,2021,061135135,1,1,0,18,19,7,3,0,0,8,0,0,0,0,3,1,5,6,2,36,7,-1,-1,-1,-1,1,E01005213,0,-1
2021010288154,2021,010288154,2,9,0,99,99,9,9,99,99,9,9,99,9,99,3,9,6,6,3,31,6,-1,-1,-1,-1,-1,-1,0,-1
2021010329897,2021,010329897,2,9,0,99,99,9,9,99,99,9,9,99,9,99,9,9,6,6,3,-1,-1,-1,-1,-1,-1,-1,-1,0,-1
2021010337202,2021,010337202,2,19,0,7,7,3,5,0,0,3,0,0,0,0,1,1,6,6,3,-1,-1,-1,-1,-1,-1,-1,-1,0,-1
2021430384046,2021,430384046,2,19,0,13,13,8,4,0,0,0,0,0,0,0,4,1,6,6,3,-1,-1,-1,-1,-1,-1,-1,-1,0,-1
2021451110067,2021,451110067,7,9,0,18,19,3,7,0,0,0,0,0,0,0,1,1,2,2,1,21,5,-1,-1,-1,-1,6,E01016231,0,-1
2021010300505,2021,010300505,2,1,0,18,19,3,7,0,0,2,0,0,0,0,3,1,2,2,2,32,6,-1,-1,-1,-1,4,E01000491,0,-1
2021421074667,2021,421074667,1,9,0,17,19,1,5,0,0,0,0,0,7,0,1,1,5,6,1,18,4,-1,-1,-1,-1,10,E01021469,0,-1
202160Z056456,2021,60Z056456,2,9,0,18,19,1,5,0,0,1,0,0,0,0,1,1,6,6,1,20,4,-1,-1,-1,-1,-1,-1,0,-1
2021610028921,2021,610028921,1,9,0,18,19,3,7,0,0,0,5,0,1,0,2,1,1,1,1,55,8,-1,-1,-1,-1,-1,-1,0,-1
2021430109260,2021,430109260,1,9,0,9,9,3,1,0,0,8,0,0,0,0,1,1,6,6,1,31,6,-1,-1,-1,-1,-1,-1,0,-1
2021231066557,2021,231066557,2,1,0,18,19,5,1,0,0,0,0,0,0,0,2,1,5,6,1,47,8,-1,-1,-1,-1,7,E01009170,0,-1
202160Z077675,2021,60Z077675,2,1,0,18,19,4,8,0,0,1,0,0,0,0,1,1,6,6,1,51,8,-1,-1,-1,-1,-1,-1,0,-1
2021332100529,2021,332100529,1,9,0,7,7,1,3,0,0,6,0,0,0,0,1,1,6,6,1,26,6,-1,-1,-1,-1,8,E01027026,0,-1
2021430446143,2021,430446143,1,9,0,16,19,4,8,0,0,0,5,0,1,0,1,1,2,2,1,55,8,-1,-1,-1,-1,2,E01028577,0,-1
2021122100200,2021,122100200,1,1,0,18,19,2,6,0,0,0,1,0,0,0,0,1,2,2,1,42,7,-1,-1,-1,-1,5,E01013390,0,-1
2021010293090,2021,010293090,2,1,0,18,19,1,5,0,0,1,0,0,0,0,1,1,2,2,1,28,6,-1,-1,-1,-1,10,E01003474,0,-1
2021421078392,2021,421078392,1,9,0,18,19,1,5,0,0,0,0,0,0,0,1,1,5,6,1,62,9,-1,-1,-1,-1,-1,-1,0,-1
2021041034275,2021,041034275,2,1,0,3,3,7,1,0,0,1,0,0,0,0,3,1,1,1,1,20,4,-1,-1,-1,-1,4,E01033071,0,-1
2021471057542,2021,471057542,1,98,0,18,19,4,8,0,0,0,0,0,0,0,0,1,6,6,3,-1,-1,-1,-1,-1,-1,-1,-1,0,-1
2021430404842,2021,430404842,1,1,0,18,19,7,3,0,0,8,0,0,0,0,4,1,4,7,1,13,3,-1,-1,-1,-1,2,E01016450,0,-1
2021010310481,2021,010310481,1,1,9,99,99,9,9,99,99,9,9,99,9,99,9,1,6,6,2,23,5,-1,-1,-1,-1,3,E01003531,0,-1
2021201132005,2021,201132005,2,1,0,18,19,1,6,0,0,8,0,0,0,0,2,1,5,6,1,30,6,-1,-1,-1,-1,10,E01010202,0,-1
2021451090214,2021,451090214,1,22,0,16,19,2,6,0,0,0,2,0,0,0,3,1,5,6,2,49,8,-1,-1,-1,-1,10,E01030436,0,-1
2021010333467,2021,010333467,2,19,9,99,99,9,9,99,99,0,9,99,9,99,9,9,6,6,3,-1,-1,-1,-1,-1,-1,7,E01015977,0,-1
2021430289285,2021,430289285,1,9,0,18,19,2,6,0,0,0,0,0,0,0,4,1,6,6,3,-1,-1,-1,-1,-1,-1,-1,-1,0,-1
2021131112266,2021,131112266,1,9,0,18,19,1,5,0,0,1,0,0,0,0,-1,1,6,6,3,-1,-1,-1,-1,-1,-1,-1,-1,0,-1
2021302101168,2021,302101168,1,9,0,5,5,4,8,0,0,8,0,0,0,0,3,1,6,6,3,-1,-1,-1,-1,-1,-1,5,E01019456,0,-1
2021332100800,2021,332100800,2,9,0,5,5,3,7,0,0,2,0,0,0,0,3,1,6,6,2,38,7,-1,-1,-1,-1,5,E01025625,0,-1
2021010301583,2021,010301583,1,1,9,99,99,9,9,99,99,9,9,99,9,99,1,1,2,2,2,37,7,-1,-1,-1,-1,4,E01002698,0,-1
2021052100224,2021,052100224,2,1,0,18,19,7,3,0,0,8,0,0,0,0,4,1,6,6,1,49,8,-1,-1,-1,-1,6,E01006864,0,-1
2021461034297,2021,461034297,2,21,0,4,4,7,3,0,0,0,0,0,0,0,2,1,1,1,1,23,5,-1,-1,-1,-1,-1,-1,0,-1
2021320400144,2021,320400144,1,22,0,18,19,1,5,9,9,0,0,0,0,0,1,1,6,6,3,40,7,-1,-1,-1,-1,1,E01013866,0,-1
2021546291921,2021,546291921,1,9,0,18,19,7,3,0,0,3,0,0,0,0,4,1,1,1,1,34,6,-1,-1,-1,-1,7,E01015568,0,-1
2021010289076,2021,010289076,2,1,0,18,19,3,7,0,0,6,0,0,0,0,1,1,1,1,1,17,4,-1,-1,-1,-1,7,E01003369,0,-1
202131B102521,2021,31B102521,2,1,0,18,19,8,4,0,0,0,0,0,0,0,3,1,6,6,1,47,8,-1,-1,-1,-1,4,E01019433,0,-1
202160Z164243,2021,60Z164243,1,8,0,18,19,5,1,0,0,1,0,0,0,0,1,1,6,6,1,63,9,-1,-1,-1,-1,-1,-1,0,-1
2021070668643,2021,070668643,2,9,0,7,7,6,8,0,0,1,0,0,0,0,3,1,6,6,3,-1,-1,-1,-1,-1,-1,-1,-1,0,-1
2021991032798,2021,991032798,1,9,0,13,13,5,1,0,0,0,0,0,0,0,3,1,1,1,1,26,6,-1,-1,-1,-1,7,-1,0,-1
2021141076868,2021,141076868,1,9,0,18,19,1,5,9,9,0,0,0,0,0,1,1,6,6,3,-1,-1,-1,-1,-1,-1,-1,-1,0,-1
2021991068942,2021,991068942,2,1,0,18,19,3,7,0,0,0,0,0,0,0,3,1,5,6,1,43,7,-1,-1,-1,-1,9,-1,0,-1
2021041044193,2021,041044193,2,1,0,18,19,2,6,0,0,1,5,0,0,0,1,1,6,6,1,43,7,-1,-1,-1,-1,8,E01024861,0,-1
2021411105495,2021,411105495,1,9,0,18,19,5,1,0,0,0,0,0,2,0,4,1,6,6,3,-1,-1,-1,-1,-1,-1,-1,-1,0,-1
2021010334935,2021,010334935,1,1,9,99,99,9,9,99,99,0,9,99,9,99,2,1,6,6,1,32,6,-1,-1,-1,-1,4,E01003186,0,-1
2021610001121,2021,610001121,1,3,0,18,19,4,8,0,0,0,0,10,0,0,1,1,6,6,1,27,6,-1,-1,-1,-1,-1,-1,0,-1
2021211090253,2021,211090253,2,9,3,18,19,1,1,0,0,1,0,0,7,9,1,1,5,6,1,72,10,-1,-1,-1,-1,10,E01031110,0,-1
2021332100296,2021,332100296,1,19,0,5,5,7,3,9,9,0,0,0,1,11,1,1,1,1,1,66,10,-1,-1,-1,-1,1,E01013622,0,-1
2021531049233,2021,531049233,1,9,0,5,5,-1,-1,0,0,2,0,0,0,0,1,1,6,6,2,-1,-1,-1,-1,-1,-1,-1,-1,0,-1
2021201088279,2021,201088279,1,97,0,18,19,6,2,0,0,0,0,10,1,0,1,1,6,6,1,-1,-1,-1,-1,-1,-1,-1,-1,0,-1
2021552200034,2021,552200034,2,1,0,18,19,6,2,0,0,8,0,0,0,0,3,1,6,6,2,41,7,-1,-1,-1,-1,6,E01015363,0,-1
2021991105277,2021,991105277,2,1,0,16,19,4,7,0,0,3,0,0,7,0,4,1,2,2,1,38,7,-1,-1,-1,-1,3,-1,0,-1
2021101056091,2021,101056091,1,9,0,5,5,1,6,0,0,1,0,0,0,0,4,1,6,6,1,42,7,-1,-1,-1,-1,4,E01027435,0,-1
2021010324603,2021,010324603,1,3,0,16,19,7,3,0,0,1,0,0,0,0,4,1,2,2,1,18,4,-1,-1,-1,-1,7,E01002424,0,-1
2021430361924,2021,430361924,2,9,0,18,19,2,6,0,0,4,0,0,0,0,1,1,1,1,1,43,7,-1,-1,-1,-1,-1,-1,0,-1
2021061064795,2021,061064795,1,1,0,18,19,5,1,0,0,1,0,0,0,0,3,1,6,6,1,21,5,-1,-1,-1,-1,10,E01013293,0,-1
2021440014928,2021,440014928,2,1,0,18,19,5,1,0,0,8,0,0,0,0,4,1,2,2,2,63,9,-1,-1,-1,-1,4,E01017309,0,-1
2021141088716,2021,141088716,1,-1,0,18,19,4,8,0,0,0,2,0,0,0,3,1,6,6,1,33,6,-1,-1,-1,-1,2,E01008095,1,-1
2021010308865,2021,010308865,2,1,0,18,19,7,3,0,0,8,2,0,0,0,1,1,6,6,1,24,5,-1,-1,-1,-1,2,E01002077,0,-1
2021010333388,2021,010333388,2,9,0,9,9,7,5,0,0,5,0,0,7,0,1,1,6,6,3,-1,-1,-1,-1,-1,-1,-1,-1,0,-1
2021332101572,2021,332101572,2,16,0,18,19,6,2,0,0,0,0,0,0,0,0,1,6,6,2,54,8,-1,-1,-1,-1,-1,-1,0,-1
2021070213803,2021,070213803,2,1,0,18,19,5,7,0,0,1,5,0,0,0,4,1,6,6,1,30,6,-1,-1,-1,-1,9,E01007184,0,-1
2021201144348,2021,201144348,2,9,0,5,5,2,6,0,0,1,0,0,0,0,2,1,6,6,3,-1,-1,-1,-1,-1,-1,-1,-1,0,-1
2021101019913,2021,101019913,2,9,0,18,19,1,5,0,0,0,0,0,0,0,2,1,5,6,1,29,6,-1,-1,-1,-1,6,E01008559,0,-1
2021201032019,2021,201032019,1,9,0,18,19,6,2,0,0,1,0,0,0,0,1,1,6,6,3,-1,-1,-1,-1,-1,-1,-1,-1,0,-1
2021111055915,2021,111055915,1,9,0,1,1,1,5,0,0,0,0,0,0,0,2,1,6,6,1,48,8,-1,-1,-1,-1,3,E01020827,0,-1
2021231076161,2021,231076161,2,9,0,18,19,2,6,0,0,8,1,0,1,2,1,1,6,6,1,22,5,-1,-1,-1,-1,10,E01009672,0,-1
2021440088988,2021,440088988,2,22,0,9,9,7,5,0,0,0,0,0,0,0,3,1,6,6,1,63,9,-1,-1,-1,-1,8,E01022828,0,-1
2021440233417,2021,440233417,2,1,0,9,9,2,8,0,0,8,0,0,0,0,3,1,6,6,1,13,3,-1,-1,-1,-1,8,E01022798,0,-1
2021531120406,2021,531120406,1,9,0,18,19,1,7,0,0,8,1,0,0,0,3,1,6,6,2,25,5,-1,-1,-1,-1,-1,-1,0,-1
2021010305044,2021,010305044,1,1,0,18,19,8,4,9,9,0,0,0,0,0,2,1,6,6,3,21,5,-1,-1,-1,-1,-1,-1,0,-1