collision_index,collision_year,collision_ref_no,vehicle_reference,vehicle_type,towing_and_articulation,vehicle_manoeuvre_historic,vehicle_manoeuvre,vehicle_direction_from,vehicle_direction_to,vehicle_location_restricted_lane_historic,vehicle_location_restricted_lane,junction_location,skidding_and_overturning,hit_object_in_carriageway,vehicle_leaving_carriageway,hit_object_off_carriageway,first_point_of_impact,vehicle_left_hand_drive,journey_purpose_of_driver_historic,journey_purpose_of_driver,sex_of_driver,age_of_driver,age_band_of_driver,engine_capacity_cc,propulsion_code,age_of_vehicle,generic_make_model,driver_imd_decile,lsoa_of_driver,escooter_flag,driver_distance_banding
2021070787375,2021,070787375,1,9,0,18,19,2,6,0,0,0,0,0,2,4,1,1,6,6,1,65,9,1582,2,5,KIA PRO CEED,4,E01018646,0,-1
2021622100333,2021,622100333,2,9,0,4,4,4,8,0,0,1,0,0,0,0,2,1,6,6,1,51,8,1353,1,2,KIA PRO CEED,8,W01001030,0,-1
2021070606288,2021,070606288,2,9,0,9,9,6,2,0,0,1,0,0,0,0,1,1,6,6,2,43,7,1396,1,6,KIA PRO CEED,3,W01000292,0,-1
2021161124853,2021,161124853,3,9,0,2,2,0,0,0,0,0,0,0,0,0,2,1,6,6,3,-1,-1,1396,1,6,KIA PRO CEED,-1,-1,0,-1
2021041100395,2021,041100395,2,9,0,18,19,7,3,0,0,0,1,0,0,0,1,1,5,6,1,26,6,1582,2,7,KIA PRO CEED,3,E01024943,0,-1
202131D157821,2021,31D157821,2,9,0,4,4,8,4,0,0,7,0,0,0,0,2,1,1,1,1,47,8,1353,1,2,KIA PRO CEED,4,E01019431,0,-1
2021141109806,2021,141109806,1,9,0,18,19,3,7,0,0,0,0,0,0,0,1,1,6,6,1,36,7,1482,1,0,KIA PRO CEED,1,E01007941,0,-1
202154A598021,2021,54A598021,2,9,0,4,4,5,1,0,0,1,0,0,0,0,3,1,6,6,2,42,7,1582,2,7,KIA PRO CEED,7,E01015583,0,-1
2021461059839,2021,461059839,1,9,0,18,19,6,2,0,0,0,0,0,0,0,1,1,5,6,1,40,7,1591,1,8,KIA PRO CEED,8,E01024575,0,-1
2021041127677,2021,041127677,3,9,0,2,2,0,0,0,0,0,0,0,0,0,2,1,6,6,3,-1,-1,1582,2,10,KIA PRO CEED,-1,-1,0,-1
2021122101193,2021,122101193,1,9,0,5,5,7,3,0,0,8,0,0,0,0,1,1,6,6,1,22,5,998,1,5,KIA PRO CEED,6,E01027923,0,-1
2021351098033,2021,351098033,3,9,0,18,19,5,1,0,0,0,0,0,0,0,3,1,5,6,1,33,6,1591,1,11,KIA PRO CEED,1,E01026704,0,-1
2021991069733,2021,991069733,1,9,0,17,19,5,1,0,0,0,0,0,0,0,1,1,5,6,1,26,6,1591,1,3,KIA PRO CEED,7,-1,0,-1
2021010346003,2021,010346003,2,9,0,5,5,5,1,0,0,9,0,0,7,0,0,9,6,6,3,-1,-1,1582,2,3,KIA PRO CEED,-1,-1,0,-1
2021061102833,2021,061102833,1,9,0,10,10,6,2,0,0,1,0,0,0,0,2,1,5,6,1,28,6,1353,1,2,KIA PRO CEED,9,E01006088,0,-1
2021221058328,2021,221058328,1,9,0,18,19,6,2,0,0,6,0,0,0,0,1,1,5,6,1,72,10,998,1,4,KIA PRO CEED,6,E01014184,0,-1
2021421110775,2021,421110775,2,9,0,18,19,3,5,0,0,8,0,0,0,0,1,1,2,2,1,49,8,1582,2,7,KIA PRO CEED,7,E01021613,0,-1
2021041055288,2021,041055288,1,9,0,18,19,5,1,0,0,0,0,0,0,0,1,1,5,6,1,19,4,1396,1,11,KIA PRO CEED,5,E01024958,0,-1
2021991059942,2021,991059942,1,9,0,4,4,1,5,0,0,0,0,0,0,0,1,1,5,6,1,50,8,1396,1,11,KIA PRO CEED,1,-1,0,-1
2021501105397,2021,501105397,3,9,0,2,2,0,0,0,0,1,0,4,0,0,2,1,6,6,2,43,7,1582,2,9,KIA PRO CEED,5,E01020143,0,-1
2021371063641,2021,371063641,2,9,0,18,19,4,8,0,0,0,0,0,0,0,3,1,1,1,2,24,5,1582,2,10,KIA PRO CEED,7,E01033451,0,-1
2021302101729,2021,302101729,1,9,0,16,19,8,4,0,0,0,0,0,0,0,1,1,6,6,1,18,4,1582,2,4,KIA PRO CEED,4,E01019491,0,-1
2021201085180,2021,201085180,2,9,0,18,19,5,1,0,0,1,0,0,0,0,1,1,6,6,1,23,5,1591,1,4,KIA PRO CEED,3,E01009977,0,-1
2021461118631,2021,461118631,2,9,0,18,19,4,8,0,0,0,0,7,0,0,1,1,6,6,1,38,7,1591,1,0,KIA PRO CEED,7,E01024064,0,-1
2021010316917,2021,010316917,1,9,0,4,4,1,5,0,0,0,0,0,0,0,1,1,6,6,1,57,9,2499,1,15,LEXUS IS 250,4,E01000534,0,-1
2021010324130,2021,010324130,1,9,0,18,19,7,3,99,99,9,9,99,9,99,2,1,6,6,1,27,6,2499,1,16,LEXUS IS 250,1,E01022289,0,-1
2021010329253,2021,010329253,2,9,0,99,99,9,9,0,0,8,0,0,0,0,2,1,6,6,1,-1,-1,2499,1,15,LEXUS IS 250,-1,-1,0,-1
2021010290550,2021,010290550,2,9,0,3,3,7,3,0,0,1,0,0,0,0,2,1,6,6,1,53,8,2499,1,10,LEXUS IS 250,4,E01003259,0,-1
202131D122721,2021,31D122721,1,9,0,18,19,6,2,0,0,2,0,0,7,2,1,1,6,6,1,68,10,2499,1,15,LEXUS IS 250,9,E01028095,0,-1
2021201149478,2021,201149478,1,9,0,18,19,3,7,0,0,0,5,10,2,5,4,1,6,6,1,53,8,2499,1,11,LEXUS IS 250,1,E01010471,0,-1
2021131074494,2021,131074494,1,9,0,5,5,1,5,0,0,6,0,0,0,0,1,1,6,6,1,81,11,2499,1,11,LEXUS IS 250,5,E01011058,0,-1
2021010306217,2021,010306217,1,9,9,99,99,9,9,99,99,9,0,0,9,0,4,9,6,6,1,46,8,2499,1,12,LEXUS IS 250,2,E01004394,0,-1
2021461037917,2021,461037917,2,9,0,18,19,7,3,0,0,1,0,0,8,2,4,1,5,6,1,30,6,2499,1,15,LEXUS IS 250,9,E01016172,0,-1
2021170L31131,2021,170L31131,2,9,0,18,19,5,2,0,0,2,0,0,0,0,1,1,3,7,2,44,7,2499,1,15,LEXUS IS 250,2,E01012107,0,-1
2021201130972,2021,201130972,3,9,0,4,4,3,7,0,0,0,0,0,0,0,2,1,6,6,1,47,8,2499,1,14,LEXUS IS 250,1,E01010368,0,-1
2021010290641,2021,010290641,2,9,0,99,99,9,9,99,99,9,9,99,9,99,9,9,6,6,3,-1,-1,2499,1,14,LEXUS IS 250,-1,-1,0,-1
2021440466685,2021,440466685,1,9,0,1,1,4,8,0,0,0,0,0,0,0,4,1,6,6,1,85,11,2499,1,14,LEXUS IS 250,10,E01022644,0,-1
2021010338150,2021,010338150,2,9,0,9,9,7,6,0,0,5,0,0,0,0,1,1,3,7,2,46,8,2499,1,15,LEXUS IS 250,8,E01004623,0,-1
2021031133483,2021,031133483,1,9,0,18,19,7,3,0,0,8,0,7,7,0,1,1,3,7,2,52,8,2499,1,16,LEXUS IS 250,8,E01019312,0,-1
2021010335430,2021,010335430,1,9,0,9,9,3,1,0,0,5,0,0,0,0,4,1,6,6,1,45,7,2499,1,12,LEXUS IS 250,7,E01000384,0,-1
2021010339293,2021,010339293,2,9,0,18,19,7,3,0,0,1,0,0,0,0,1,1,6,6,3,-1,-1,2499,1,15,LEXUS IS 250,-1,-1,0,-1
2021010310456,2021,010310456,2,9,0,5,5,1,5,0,0,1,0,0,0,0,1,1,6,6,1,51,8,2499,1,9,LEXUS IS 250,3,E01000465,0,-1
2021010316527,2021,010316527,3,9,0,2,2,0,0,0,0,1,0,0,0,0,0,1,6,6,3,-1,-1,2499,1,14,LEXUS IS 250,-1,-1,0,-1
2021122100969,2021,122100969,1,9,0,13,13,5,1,0,0,0,1,0,1,4,4,1,6,6,1,22,5,2499,1,14,LEXUS IS 250,7,E01012993,0,-1
2021461110927,2021,461110927,2,9,0,18,19,1,5,0,0,8,0,0,0,0,3,1,6,6,2,45,7,2499,1,15,LEXUS IS 250,4,E01000792,0,-1
2021010293278,2021,010293278,1,9,0,9,9,5,3,0,0,8,0,0,0,0,3,1,6,6,2,43,7,2499,1,16,LEXUS IS 250,5,E01001271,0,-1
2021440328684,2021,440328684,2,9,0,7,7,3,5,0,0,1,0,0,0,0,0,1,6,6,1,76,11,2499,1,11,LEXUS IS 250,2,E01032879,0,-1
2021010297086,2021,010297086,2,9,0,18,19,3,7,0,0,6,0,10,1,2,1,1,6,6,1,21,5,2499,1,14,LEXUS IS 250,-1,-1,0,-1
2021010318242,2021,010318242,1,9,0,5,5,0,1,0,0,6,0,0,0,0,1,1,6,6,1,24,5,2499,1,14,LEXUS IS 250,3,E01004540,0,-1
2021161052370,2021,161052370,1,9,0,9,9,1,6,0,0,2,0,0,1,0,3,1,5,6,1,92,11,2499,1,9,LEXUS IS 250,7,E01013017,0,-1
2021041091823,2021,041091823,2,9,0,18,19,1,5,0,0,0,0,0,0,0,4,1,6,6,1,77,11,2499,1,8,LEXUS IS 250,5,E01012723,0,-1
2021010349798,2021,010349798,2,9,0,99,99,9,9,99,99,9,9,99,9,99,1,9,6,6,1,-1,-1,2499,1,15,LEXUS IS 250,1,E01003051,0,-1
2021010348861,2021,010348861,3,9,0,2,2,0,0,9,9,0,0,0,0,0,2,1,6,6,3,-1,-1,2499,1,14,LEXUS IS 250,-1,-1,0,-1
2021010323578,2021,010323578,2,9,0,99,99,9,9,99,99,9,9,99,9,99,9,9,6,6,3,-1,-1,2499,1,14,LEXUS IS 250,3,E01004540,0,-1
2021010313886,2021,010313886,2,9,0,16,19,5,1,0,0,3,0,0,0,0,3,1,2,2,1,42,7,2499,1,15,LEXUS IS 250,4,E01003332,0,-1
2021547710921,2021,547710921,1,9,0,18,19,3,7,0,0,0,0,0,4,2,3,1,6,6,1,28,6,2499,1,15,LEXUS IS 250,9,E01032710,0,-1
2021201060905,2021,201060905,1,9,0,18,19,-1,-1,0,0,1,0,0,0,0,2,1,6,6,1,25,5,2499,1,11,LEXUS IS 250,4,E01009236,0,-1
2021010313021,2021,010313021,1,9,0,18,19,3,7,0,0,2,0,0,0,0,1,1,2,2,1,33,6,2499,1,14,LEXUS IS 250,-1,-1,0,-1
2021010291722,2021,010291722,1,9,0,5,5,7,3,0,0,5,0,0,0,0,1,1,6,6,1,55,8,2499,1,15,LEXUS IS 250,3,E01001190,0,-1
2021010324078,2021,010324078,1,9,0,18,19,7,3,0,0,0,0,0,0,0,1,1,6,6,2,56,9,2499,1,10,LEXUS IS 250,3,E01004422,0,-1
202131B152321,2021,31B152321,2,9,0,4,4,4,8,0,0,1,0,0,0,0,2,1,6,6,2,42,7,2499,1,16,LEXUS IS 250,2,E01028319,0,-1
2021010291343,2021,010291343,2,9,0,5,5,3,7,0,0,1,0,0,0,0,1,1,6,6,1,48,8,2499,1,10,LEXUS IS 250,5,E01003787,0,-1
2021361110189,2021,361110189,2,9,0,18,19,3,7,0,0,0,0,0,1,9,3,1,2,2,1,63,9,2499,1,15,LEXUS IS 250,6,E01026446,0,-1
2021041093945,2021,041093945,3,9,0,18,19,7,3,0,0,1,0,0,0,0,3,1,5,6,2,88,11,2499,1,10,LEXUS IS 250,6,E01025598,0,-1
2021010326086,2021,010326086,1,9,0,18,19,3,7,0,0,1,0,0,0,0,1,1,2,2,1,45,7,2499,1,13,LEXUS IS 250,3,E01002404,0,-1
2021010345964,2021,010345964,1,9,0,9,9,7,4,0,0,6,0,0,0,0,1,1,3,7,1,47,8,2499,1,15,LEXUS IS 250,-1,-1,0,-1
2021010299987,2021,010299987,3,9,0,99,99,9,9,0,0,0,9,99,9,99,2,9,6,6,3,-1,-1,4293,1,19,-1,-1,-1,0,-1
2021401015252,2021,401015252,2,9,0,3,3,3,7,0,0,0,0,0,0,0,2,1,5,6,1,37,7,4293,1,17,-1,5,E01017486,0,-1
2021430293342,2021,430293342,1,9,0,9,9,4,2,0,0,6,0,0,1,0,3,1,6,6,2,74,10,4293,1,16,-1,7,E01016307,0,-1
2021522200464,2021,522200464,3,9,0,18,19,6,2,0,0,0,0,0,0,0,2,1,6,6,1,49,8,4293,1,18,-1,2,E01014842,0,-1
2021302101102,2021,302101102,1,9,0,2,2,0,0,0,0,0,0,0,1,11,1,1,6,6,3,-1,-1,4293,1,16,-1,-1,-1,0,-1
2021522100909,2021,522100909,2,9,0,2,2,0,0,0,0,0,0,0,0,0,3,1,6,6,1,33,6,1998,1,2,MAZDA MX-5,7,E01014945,0,-1
2021501020013,2021,501020013,1,9,0,18,19,5,1,0,0,0,0,0,0,0,1,1,6,6,3,-1,-1,1798,1,12,MAZDA MX-5,-1,-1,0,-1
2021622100522,2021,622100522,1,9,0,18,19,8,4,0,0,0,0,0,0,0,1,1,6,6,1,23,5,1798,1,6,MAZDA MX-5,10,W01000890,0,-1
2021302101311,2021,302101311,1,9,0,5,5,6,2,0,0,0,0,0,0,0,1,1,6,6,1,23,5,1840,1,18,MAZDA MX-5,4,E01019550,0,-1
2021122101324,2021,122101324,3,9,0,18,19,4,8,0,0,0,1,0,0,0,3,1,6,6,1,23,5,1598,1,21,MAZDA MX-5,1,E01013839,0,-1
2021461125174,2021,461125174,1,9,0,9,9,3,6,0,0,0,0,0,0,0,1,1,6,6,1,17,4,1598,1,21,MAZDA MX-5,9,E01024484,0,-1
2021411114120,2021,411114120,2,9,0,9,9,2,6,0,0,1,0,0,0,0,1,1,6,6,1,25,5,1999,1,13,MAZDA MX-5,10,E01023878,0,-1
2021461106081,2021,461106081,2,9,0,18,19,5,1,0,0,1,0,0,0,0,1,1,5,6,1,26,6,1798,1,14,MAZDA MX-5,10,E01024386,0,-1
2021501135637,2021,501135637,1,9,0,18,19,3,7,0,0,0,1,0,0,0,1,1,2,2,1,23,5,1800,1,27,MAZDA MX-5,7,E01019892,0,-1
2021371033849,2021,371033849,1,9,0,18,19,1,5,0,0,1,0,0,0,0,4,1,5,6,2,73,10,1998,1,3,MAZDA MX-5,5,E01030188,0,-1
2021991067750,2021,991067750,2,9,0,18,19,8,5,0,0,0,0,0,0,0,1,1,5,6,1,29,6,1840,1,21,MAZDA MX-5,3,-1,0,-1
2021201177551,2021,201177551,3,9,0,2,2,0,0,9,9,2,0,0,0,0,3,1,6,6,1,-1,-1,1839,1,16,MAZDA MX-5,-1,-1,0,-1
2021622100833,2021,622100833,1,9,0,18,19,4,8,0,0,0,0,0,0,0,4,1,6,6,1,27,6,1598,1,21,MAZDA MX-5,3,W01000945,0,-1
2021401057094,2021,401057094,1,9,0,13,13,2,6,0,0,0,0,0,4,1,1,1,5,6,1,29,6,1839,1,18,MAZDA MX-5,2,E01001506,0,-1
2021461023836,2021,461023836,2,9,0,18,19,1,7,0,0,8,0,0,0,0,1,1,6,6,2,53,8,1998,1,2,MAZDA MX-5,10,E01024353,0,-1
202131D018521,2021,31D018521,1,9,0,18,19,7,3,0,0,0,0,0,0,0,1,1,6,6,1,22,5,1839,1,17,MAZDA MX-5,7,E01028157,0,-1
2021101049793,2021,101049793,2,9,0,10,10,1,5,0,0,0,0,0,0,0,2,1,1,1,1,40,7,1798,1,14,MAZDA MX-5,-1,-1,0,-1
2021010324233,2021,010324233,2,9,0,4,4,7,3,0,0,0,0,0,0,0,1,1,6,6,2,76,11,1800,1,26,MAZDA MX-5,6,E01002479,0,-1
2021010341563,2021,010341563,1,9,0,9,9,4,3,0,0,1,0,0,0,0,1,1,2,2,1,49,8,1840,1,21,MAZDA MX-5,4,E01000406,0,-1
2021471015479,2021,471015479,1,9,0,16,19,1,4,0,0,0,5,0,7,4,4,1,5,6,1,23,5,1999,1,14,MAZDA MX-5,10,E01024854,0,-1
202131B137721,2021,31B137721,1,9,0,18,19,8,4,0,0,8,0,0,0,0,1,1,6,6,1,55,8,1798,1,14,MAZDA MX-5,9,E01019590,0,-1
2021302100204,2021,302100204,1,9,0,5,5,4,2,0,0,6,0,0,0,0,3,1,6,6,1,24,5,1600,1,31,MAZDA MX-5,1,E01013584,0,-1
2021421072419,2021,421072419,2,9,0,18,19,5,1,0,0,0,0,0,0,0,0,1,5,6,1,42,7,1600,1,29,MAZDA MX-5,8,E01021924,0,-1
2021471075204,2021,471075204,2,9,0,7,7,2,4,0,0,8,0,0,0,0,3,1,6,6,2,54,8,1999,1,11,MAZDA MX-5,6,E01031687,0,-1
2021461060330,2021,461060330,1,9,0,17,19,7,2,0,0,1,0,0,7,0,4,1,5,6,1,23,5,1840,1,21,MAZDA MX-5,9,E01024819,0,-1
2021361145094,2021,361145094,2,9,0,18,19,1,5,0,0,8,0,0,0,0,3,1,5,6,2,74,10,1998,1,4,MAZDA MX-5,7,E01026502,0,-1
2021401116052,2021,401116052,1,9,0,18,19,1,5,0,0,0,0,0,0,0,1,1,1,1,1,31,6,1998,1,4,MAZDA MX-5,6,E01017622,0,-1
2021041109466,2021,041109466,1,9,0,18,19,6,2,0,0,8,1,10,1,4,1,1,5,6,1,23,5,1839,1,16,MAZDA MX-5,-1,-1,0,-1
2021221120493,2021,221120493,1,9,0,16,19,3,5,0,0,3,0,0,1,1,1,1,2,2,1,27,6,1840,1,18,MAZDA MX-5,6,E01009676,0,-1
2021131042703,2021,131042703,2,9,0,16,19,4,8,0,0,0,1,0,0,0,4,1,5,6,1,48,8,1798,1,12,MAZDA MX-5,5,E01011801,0,-1
2021010311557,2021,010311557,2,9,0,18,19,4,8,0,0,1,0,0,0,0,1,1,6,6,1,-1,-1,1999,1,16,MAZDA MX-5,2,E01001340,0,-1
2021411055923,2021,411055923,1,9,0,7,7,3,6,0,0,2,0,0,0,0,1,1,5,6,1,76,11,1999,1,16,MAZDA MX-5,9,E01023748,0,-1
2021430343906,2021,430343906,1,9,0,9,9,1,7,0,0,6,0,0,0,0,3,1,6,6,2,23,5,1839,1,16,MAZDA MX-5,9,E01016180,0,-1
2021461112451,2021,461112451,1,9,0,18,19,3,7,0,0,0,2,0,1,4,1,1,5,6,1,49,8,1840,1,19,MAZDA MX-5,10,E01030495,0,-1
2021010334036,2021,010334036,1,9,0,99,99,9,9,99,99,9,9,99,9,99,9,9,6,6,1,49,8,1798,1,13,MAZDA MX-5,5,E01003018,0,-1
2021411080286,2021,411080286,1,9,0,3,3,1,5,0,0,0,0,0,0,0,2,1,5,6,1,45,7,1999,1,11,MAZDA MX-5,3,E01004022,0,-1
2021052102054,2021,052102054,2,9,0,2,2,0,0,0,0,0,0,0,0,0,2,1,6,6,3,-1,-1,1598,1,19,MAZDA MX-5,-1,-1,0,-1
2021131045785,2021,131045785,1,9,0,9,9,7,1,0,0,0,0,0,0,0,3,1,5,6,1,27,6,1798,1,10,MAZDA MX-5,1,E01010830,0,-1
2021161070636,2021,161070636,1,9,0,17,19,7,4,0,0,1,2,7,7,11,1,1,2,2,1,21,5,1598,1,22,MAZDA MX-5,6,E01013176,0,-1
2021052100847,2021,052100847,1,9,0,18,19,3,7,0,0,8,0,0,0,0,1,1,6,6,2,60,9,1998,1,4,MAZDA MX-5,8,E01007309,0,-1
2021440498471,2021,440498471,2,9,0,3,3,7,3,0,0,0,0,0,0,0,2,1,3,7,2,49,8,1496,1,5,MAZDA MX-5,9,E01023163,0,-1
2021141095217,2021,141095217,1,9,0,8,8,7,1,0,0,6,0,0,0,0,2,1,6,6,1,19,4,1598,1,19,MAZDA MX-5,7,E01002197,0,-1
2021430429446,2021,430429446,1,9,0,18,19,4,8,0,0,0,0,0,0,0,1,1,6,6,2,80,11,1496,1,5,MAZDA MX-5,-1,-1,0,-1
2021552101176,2021,552101176,1,9,0,2,2,0,0,9,9,0,0,0,0,0,3,1,6,6,3,-1,-1,1496,1,6,MAZDA MX-5,-1,-1,0,-1
2021991062566,2021,991062566,1,9,0,18,19,2,6,0,0,0,5,0,1,0,1,1,6,6,1,24,5,1840,1,19,MAZDA MX-5,2,-1,0,-1
2021411114484,2021,411114484,1,9,0,9,9,8,5,0,0,5,0,0,0,0,2,1,5,6,2,46,8,1999,1,14,MAZDA MX-5,9,E01022063,0,-1
2021430486908,2021,430486908,1,9,0,18,19,3,7,0,0,0,0,0,0,0,1,1,6,6,1,52,8,1998,1,2,MAZDA MX-5,9,E01017672,0,-1
2021221044075,2021,221044075,1,9,0,17,19,7,4,0,0,0,2,0,1,9,1,1,5,6,1,29,6,1840,1,21,MAZDA MX-5,7,E01032380,0,-1
2021421069221,2021,421069221,3,9,0,4,4,8,3,0,0,0,0,0,0,0,2,1,6,6,1,-1,-1,1840,1,27,MAZDA MX-5,10,E01018265,0,-1
2021501097800,2021,501097800,1,9,0,17,19,3,7,0,0,0,1,10,2,0,4,1,5,6,1,23,5,1798,1,15,MAZDA MX-5,7,E01017223,0,-1
2021010313182,2021,010313182,2,9,0,9,9,5,3,0,0,1,0,0,0,0,1,1,6,6,1,20,4,1798,1,14,MAZDA MX-5,3,E01003829,0,-1
2021211062701,2021,211062701,2,9,0,18,19,5,1,0,0,1,0,0,0,0,1,1,2,2,1,22,5,1598,1,25,MAZDA MX-5,8,E01029515,0,-1
2021401088042,2021,401088042,2,9,0,18,19,1,5,0,0,1,0,0,0,0,1,1,5,6,2,58,9,1798,1,11,MAZDA MX-5,10,E01023697,0,-1
2021052101348,2021,052101348,1,9,0,18,19,1,5,0,0,0,1,0,1,1,4,1,6,6,1,22,5,1800,1,28,MAZDA MX-5,3,E01007297,0,-1
2021451052503,2021,451052503,1,9,0,9,9,3,7,0,0,1,0,0,0,0,4,1,2,2,2,38,7,1999,1,9,MAZDA MX-5,8,E01030602,0,-1
2021546393921,2021,546393921,1,9,0,18,19,7,3,0,0,8,1,0,0,0,1,1,6,6,1,34,6,1840,1,26,MAZDA MX-5,5,E01032013,0,-1
2021430550716,2021,430550716,1,9,0,18,19,3,7,0,0,3,1,10,0,0,0,1,1,1,1,21,5,1496,1,5,MAZDA MX-5,10,E01028608,0,-1
2021461049517,2021,461049517,3,9,0,2,2,0,0,0,0,0,0,0,0,0,2,1,5,6,2,-1,-1,1840,1,20,MAZDA MX-5,7,E01024675,0,-1
2021010309104,2021,010309104,2,9,0,3,3,1,5,0,0,1,0,0,0,0,1,1,1,1,2,39,7,1998,1,6,MAZDA MX-5,2,E01030599,0,-1
2021111062518,2021,111062518,3,9,0,3,3,7,3,0,0,1,0,0,0,0,3,1,6,6,1,44,7,1598,1,23,MAZDA MX-5,7,E01020627,0,-1
2021430105924,2021,430105924,2,9,0,18,19,5,1,0,0,3,0,0,0,0,1,1,6,6,1,19,4,1798,1,14,MAZDA MX-5,5,E01016756,0,-1
2021471019868,2021,471019868,1,9,0,18,19,5,1,0,0,8,1,0,7,4,1,1,5,6,2,69,10,1839,1,18,MAZDA MX-5,9,E01031461,0,-1
2021522103729,2021,522103729,1,9,0,10,10,3,1,0,0,8,0,0,0,0,3,1,6,6,2,64,9,1798,1,11,MAZDA MX-5,4,E01014603,0,-1
2021161026357,2021,161026357,1,9,0,18,19,8,4,0,0,2,1,0,1,11,1,1,2,2,1,63,9,1839,1,18,MAZDA MX-5,6,E01013169,0,-1
2021221070741,2021,221070741,1,9,0,7,7,7,1,0,0,4,0,0,0,0,4,1,5,6,1,57,9,1840,1,20,MAZDA MX-5,5,E01014101,0,-1
2021052102878,2021,052102878,3,9,0,18,19,1,5,0,0,0,0,0,0,0,2,1,6,6,1,22,5,1597,1,17,MAZDA MX-5,7,E01026672,0,-1
2021451107464,2021,451107464,2,9,0,2,2,0,0,0,0,0,0,0,0,0,2,1,6,6,2,29,6,1598,1,22,MAZDA MX-5,8,E01030703,0,-1
2021991029254,2021,991029254,2,9,0,17,19,1,6,0,0,1,0,0,0,0,1,1,5,6,1,73,10,1998,1,4,MAZDA MX-5,6,-1,0,-1
2021531085591,2021,531085591,1,9,0,18,19,1,8,0,0,0,0,0,0,0,1,1,5,6,1,23,5,1839,1,17,MAZDA MX-5,5,E01014049,0,-1
2021070178327,2021,070178327,1,9,0,17,19,4,8,0,0,8,1,0,1,2,1,1,6,6,1,20,4,1840,1,23,MAZDA MX-5,8,E01012538,0,-1
2021520102362,2021,520102362,1,9,0,18,19,6,2,0,0,0,0,0,0,0,1,1,6,6,2,18,4,1840,1,19,MAZDA MX-5,6,E01014379,0,-1
2021320204204,2021,320204204,1,9,0,18,19,2,6,0,0,0,0,0,0,0,4,1,6,6,2,54,8,1998,1,6,MAZDA MX-5,6,E01026088,0,-1
2021070418062,2021,070418062,1,9,0,18,19,2,6,0,0,1,0,0,0,0,1,1,6,6,2,75,10,1798,1,15,MAZDA MX-5,8,E01018509,0,-1
202163B103621,2021,63B103621,1,9,0,18,19,6,2,0,0,0,2,0,2,10,4,1,2,2,1,33,6,1840,1,21,MAZDA MX-5,6,W01000539,0,-1
2021501110886,2021,501110886,1,9,0,17,19,5,1,0,0,0,2,0,7,0,1,1,5,6,1,82,11,1798,1,9,MAZDA MX-5,8,E01020171,0,-1
2021451043551,2021,451043551,1,9,0,4,4,5,1,0,0,0,0,0,0,0,2,1,5,6,1,28,6,1840,1,22,MAZDA MX-5,9,E01031878,0,-1
2021201149748,2021,201149748,4,9,0,3,3,5,1,0,0,0,0,0,0,0,2,1,6,6,2,-1,-1,1998,1,3,MAZDA MX-5,10,E01033059,0,-1
2021544521421,2021,544521421,1,9,0,9,9,7,5,0,0,8,0,0,0,0,4,1,1,1,1,17,4,1598,1,25,MAZDA MX-5,4,E01031550,0,-1
2021471114891,2021,471114891,1,9,0,16,19,1,4,0,0,0,1,0,7,0,3,1,5,6,1,22,5,1837,1,21,MAZDA MX-5,8,E01021230,0,-1
202134WNC2321,2021,34WNC2321,1,9,0,13,13,5,1,0,0,0,1,7,8,6,1,1,6,6,1,29,6,1999,1,11,MAZDA MX-5,10,E01028464,0,-1
2021041085015,2021,041085015,2,9,0,18,19,5,1,0,0,0,0,0,0,0,2,1,6,6,1,61,9,1998,1,2,MAZDA MX-5,4,E01019717,0,-1
2021101055546,2021,101055546,2,9,0,3,3,5,1,0,0,0,0,0,0,0,2,1,6,6,1,64,9,1798,1,12,MAZDA MX-5,6,E01008530,0,-1
2021070686529,2021,070686529,1,9,0,16,19,1,5,0,0,3,1,0,1,2,1,1,6,6,1,31,6,1598,1,19,MAZDA MX-5,3,E01011225,0,-1
2021471117948,2021,471117948,1,9,0,4,4,8,4,0,0,0,1,0,0,0,1,1,5,6,1,19,4,1839,1,17,MAZDA MX-5,6,E01031676,0,-1
2021552101331,2021,552101331,1,9,0,18,19,8,3,0,0,4,0,0,0,0,1,1,6,6,1,61,9,1839,1,17,MAZDA MX-5,2,E01015367,0,-1
202131C013821,2021,31C013821,2,9,0,10,10,3,1,0,0,8,0,0,0,0,2,1,6,6,1,27,6,1496,1,2,MAZDA MX-5,1,E01013864,0,-1
2021622200007,2021,622200007,2,9,0,18,19,8,4,0,0,1,0,0,1,0,4,1,6,6,1,72,10,1840,1,22,MAZDA MX-5,8,W01000443,0,-1
2021231015723,2021,231015723,1,9,0,18,19,1,5,0,0,0,0,0,0,0,4,1,2,2,2,33,6,1496,1,3,MAZDA MX-5,10,E01031214,0,-1
2021471099068,2021,471099068,1,9,0,7,7,8,2,0,0,8,0,0,0,0,3,1,6,6,2,28,6,1496,1,2,MAZDA MX-5,-1,-1,0,-1
2021461119141,2021,461119141,2,9,0,18,19,5,1,0,0,1,0,0,0,0,2,1,6,6,2,61,9,1798,1,12,MAZDA MX-5,5,E01024282,0,-1
2021471033730,2021,471033730,4,9,0,4,4,2,6,0,0,0,0,0,0,0,2,1,6,6,2,61,9,1998,1,3,MAZDA MX-5,7,E01021146,0,-1
2021302101083,2021,302101083,1,9,0,9,9,7,4,0,0,2,0,0,0,0,1,1,6,6,1,19,4,1840,1,18,MAZDA MX-5,9,E01019595,0,-1