collision_index,collision_year,collision_ref_no,vehicle_reference,vehicle_type,towing_and_articulation,vehicle_manoeuvre_historic,vehicle_manoeuvre,vehicle_direction_from,vehicle_direction_to,vehicle_location_restricted_lane_historic,vehicle_location_restricted_lane,junction_location,skidding_and_overturning,hit_object_in_carriageway,vehicle_leaving_carriageway,hit_object_off_carriageway,first_point_of_impact,vehicle_left_hand_drive,journey_purpose_of_driver_historic,journey_purpose_of_driver,sex_of_driver,age_of_driver,age_band_of_driver,engine_capacity_cc,propulsion_code,age_of_vehicle,generic_make_model,driver_imd_decile,lsoa_of_driver,escooter_flag,driver_distance_banding
2021547206021,2021,547206021,2,9,0,13,13,1,5,0,0,0,0,0,0,0,1,1,2,2,1,21,5,1598,1,23,MAZDA MX-5,5,E01032066,0,-1
2021461079045,2021,461079045,2,9,0,4,4,1,5,0,0,1,0,0,0,0,2,1,5,6,2,55,8,1798,1,14,MAZDA MX-5,2,E01023973,0,-1
2021471051907,2021,471051907,1,9,0,18,19,3,7,0,0,8,0,0,1,0,1,1,5,6,2,63,9,1496,1,4,MAZDA MX-5,6,E01031770,0,-1
2021552100592,2021,552100592,2,9,0,7,7,2,4,0,0,6,0,0,0,0,2,1,2,2,2,61,9,1798,1,7,MAZDA MX-5,7,E01020480,0,-1
2021131120105,2021,131120105,1,9,0,18,19,6,2,0,0,0,0,0,0,0,1,1,5,6,2,63,9,1999,1,11,MAZDA MX-5,10,E01030809,0,-1
2021531099938,2021,531099938,1,9,0,17,19,3,7,0,0,0,2,0,1,11,4,1,2,2,1,22,5,1839,1,25,MAZDA MX-5,6,E01022351,0,-1
2021440447658,2021,440447658,1,9,0,18,19,6,2,0,0,0,0,0,2,4,1,1,6,6,1,19,4,1840,1,19,MAZDA MX-5,10,E01022516,0,-1
2021440106002,2021,440106002,1,9,0,2,2,0,0,0,0,0,0,0,0,0,2,1,6,6,1,24,5,1496,1,4,MAZDA MX-5,4,E01017333,0,-1
2021501086174,2021,501086174,1,9,0,18,19,7,3,0,0,0,0,0,0,0,1,1,6,6,1,64,9,1600,1,30,MAZDA MX-5,4,E01020247,0,-1
2021411070075,2021,411070075,3,9,0,4,4,5,1,0,0,0,0,0,0,0,2,1,2,2,1,54,8,1798,1,7,MAZDA MX-5,8,E01017377,0,-1
2021411092493,2021,411092493,1,9,0,4,4,6,2,0,0,0,0,0,0,0,1,1,5,6,1,24,5,1840,1,18,MAZDA MX-5,7,E01023935,0,-1
2021371033967,2021,371033967,2,9,0,9,9,1,5,0,0,4,0,0,1,0,1,1,1,1,2,20,4,1840,1,20,MAZDA MX-5,2,E01030264,0,-1
2021991021454,2021,991021454,1,9,0,18,19,4,8,0,0,3,0,0,0,0,4,1,5,6,1,46,8,1798,1,14,MAZDA MX-5,-1,-1,0,-1
2021451112377,2021,451112377,1,9,0,9,9,5,1,0,0,1,0,0,0,0,1,1,5,6,1,69,10,1998,1,4,MAZDA MX-5,9,E01030713,0,-1
2021440328721,2021,440328721,1,9,0,13,13,3,7,0,0,0,1,0,1,0,0,1,2,2,1,54,8,1840,1,22,MAZDA MX-5,6,E01017298,0,-1
202106F079576,2021,06F079576,1,9,0,9,9,7,5,0,0,1,0,0,0,0,4,1,6,6,1,69,10,1999,1,11,MAZDA MX-5,9,E01005713,0,-1
2021411104675,2021,411104675,1,9,0,18,19,3,7,0,0,0,0,0,0,0,4,1,6,6,2,74,10,1798,1,13,MAZDA MX-5,10,E01023364,0,-1
2021471064299,2021,471064299,1,9,0,12,12,1,5,0,0,1,0,0,0,0,3,1,5,6,2,63,9,1999,1,15,MAZDA MX-5,2,E01020929,0,-1
2021070841039,2021,070841039,1,9,0,18,19,3,7,0,0,0,0,0,0,0,1,1,6,6,1,55,8,1798,1,12,MAZDA MX-5,1,E01018563,0,-1
2021411114166,2021,411114166,1,9,0,18,19,3,7,0,0,0,0,0,0,0,1,1,5,6,1,25,5,1600,1,29,MAZDA MX-5,7,E01023382,0,-1
2021440487377,2021,440487377,1,9,0,18,19,2,6,0,0,8,0,0,0,0,1,1,6,6,1,20,4,1598,1,20,MAZDA MX-5,7,E01023224,0,-1
2021501029151,2021,501029151,2,9,0,3,3,6,2,0,0,0,0,0,0,0,1,1,6,6,1,22,5,1840,1,19,MAZDA MX-5,1,E01015040,0,-1
2021622100072,2021,622100072,1,9,0,16,19,7,2,0,0,0,1,0,0,0,1,1,6,6,1,39,7,1597,1,16,MAZDA MX-5,5,W01001829,0,-1
2021010336441,2021,010336441,2,9,0,99,99,9,9,99,99,9,9,0,0,0,1,9,6,6,1,74,10,1839,1,21,MAZDA MX-5,9,E01002192,0,-1
2021010338810,2021,010338810,1,9,0,99,99,9,9,99,99,0,9,99,9,99,9,9,6,6,2,42,7,1839,1,17,MAZDA MX-5,5,E01021111,0,-1
2021430075556,2021,430075556,1,9,0,3,3,7,3,0,0,0,0,0,0,0,2,1,2,2,1,74,10,1840,1,23,MAZDA MX-5,9,E01017644,0,-1
2021201111367,2021,201111367,1,9,0,18,19,2,6,0,0,0,1,10,7,0,1,1,2,2,1,25,5,1496,1,1,MAZDA MX-5,9,E01025833,0,-1
2021991077855,2021,991077855,1,9,0,18,19,2,6,0,0,0,1,0,7,0,1,1,2,2,1,23,5,1839,1,24,MAZDA MX-5,6,-1,0,-1
2021201056856,2021,201056856,1,9,0,18,19,6,2,0,0,8,0,10,1,2,1,1,6,6,1,24,5,1839,1,26,MAZDA MX-5,7,E01009040,0,-1
2021440321108,2021,440321108,2,9,0,9,9,8,4,0,0,2,0,0,0,0,2,1,6,6,1,58,9,1999,1,15,MAZDA MX-5,1,E01031427,0,-1
2021211035000,2021,211035000,2,9,0,18,19,4,8,0,0,0,0,0,0,0,1,1,6,6,1,44,7,1839,1,17,MAZDA MX-5,6,E01029482,0,-1
2021201064012,2021,201064012,1,9,0,18,19,8,4,0,0,8,0,0,0,0,1,1,6,6,1,-1,-1,1597,1,18,MAZDA MX-5,-1,-1,0,-1
2021471032604,2021,471032604,3,9,0,2,2,0,0,0,0,2,0,0,0,0,2,1,6,6,3,-1,-1,1999,1,11,MAZDA MX-5,-1,-1,0,-1
2021545721221,2021,545721221,2,9,0,10,10,4,2,0,0,1,0,0,0,0,2,1,6,6,2,69,10,1840,1,19,MAZDA MX-5,5,E01031867,0,-1
2021421118002,2021,421118002,1,9,0,18,19,7,7,0,0,0,0,0,0,0,1,1,5,6,2,72,10,1840,1,22,MAZDA MX-5,10,E01021402,0,-1
2021010319541,2021,010319541,4,9,0,3,3,1,5,0,0,1,0,0,0,0,2,1,6,6,1,39,7,1840,1,19,MAZDA MX-5,9,E01002967,0,-1
2021440013659,2021,440013659,1,9,0,9,9,5,3,0,0,2,0,0,0,0,1,1,2,2,2,46,8,1496,1,6,MAZDA MX-5,1,E01017332,0,-1
2021010288971,2021,010288971,4,9,0,2,2,0,0,0,0,0,0,0,0,0,1,1,6,6,3,-1,-1,1840,1,22,MAZDA MX-5,-1,-1,0,-1
2021531076090,2021,531076090,1,9,0,18,19,1,1,0,0,1,0,0,0,0,1,1,5,6,1,64,9,1998,1,5,MAZDA MX-5,7,E01031887,0,-1
2021622100818,2021,622100818,1,9,0,18,19,2,6,0,0,3,1,0,1,2,3,1,6,6,1,27,6,1598,1,19,MAZDA MX-5,4,W01000746,0,-1
2021231034943,2021,231034943,1,9,0,9,9,4,2,0,0,5,0,0,0,0,1,1,5,6,2,32,6,1496,1,4,MAZDA MX-5,4,E01031291,0,-1
2021501106373,2021,501106373,1,9,0,16,19,7,3,7,6,0,0,4,0,0,1,1,6,6,1,22,5,1840,1,19,MAZDA MX-5,3,E01015143,0,-1
2021131112933,2021,131112933,1,9,0,18,19,4,8,0,0,0,1,10,1,1,3,1,5,6,1,22,5,1839,1,16,MAZDA MX-5,8,E01032488,0,-1
2021461080972,2021,461080972,1,9,0,4,4,7,3,0,0,0,0,0,0,0,1,1,6,6,1,87,11,1998,1,4,MAZDA MX-5,10,E01030876,0,-1
2021546832421,2021,546832421,1,9,0,18,19,8,4,0,0,0,0,7,1,10,4,1,6,6,1,28,6,1999,1,10,MAZDA MX-5,6,E01032011,0,-1
2021401091365,2021,401091365,2,9,0,3,3,3,7,0,0,1,0,0,0,0,2,1,6,6,2,42,7,1999,1,11,MAZDA MX-5,1,E01017502,0,-1
2021440239245,2021,440239245,1,9,0,18,19,5,1,0,0,0,0,0,7,11,1,1,6,6,1,73,10,1598,1,21,MAZDA MX-5,6,E01020447,0,-1
2021131039005,2021,131039005,1,9,0,4,4,7,7,0,0,8,0,0,0,0,1,1,2,2,1,23,5,1999,1,15,MAZDA MX-5,1,E01011491,0,-1
2021501078801,2021,501078801,2,9,0,4,4,1,5,0,0,0,0,0,0,0,2,1,5,6,1,43,7,2148,2,11,-1,2,E01015023,0,-1
2021010349708,2021,010349708,1,9,0,7,7,1,4,0,0,1,0,0,0,0,1,1,6,6,1,36,7,2143,2,10,-1,-1,-1,0,-1
2021010339962,2021,010339962,1,9,0,18,19,7,3,0,0,1,0,0,0,0,1,1,2,2,1,39,7,2143,2,10,-1,6,E01033582,0,-1
2021320429255,2021,320429255,2,8,0,18,19,4,8,0,0,0,0,0,0,0,3,1,6,6,1,29,6,2148,2,11,-1,3,E01026046,0,-1
2021531026794,2021,531026794,1,10,0,3,3,5,1,0,0,0,0,0,0,0,2,1,6,6,2,47,8,-1,-1,-1,-1,2,E01022288,0,-1
2021061048366,2021,061048366,3,9,0,3,3,7,3,0,0,0,0,0,0,0,3,1,6,6,1,37,7,2143,2,8,-1,9,E01004837,0,-1
2021010317743,2021,010317743,1,9,0,7,7,1,2,0,0,3,0,0,0,0,4,1,6,6,1,55,8,2143,2,10,-1,6,E01004717,0,-1
2021522102147,2021,522102147,1,9,0,3,3,5,1,0,0,0,0,0,0,0,2,1,6,6,1,45,7,2987,2,8,-1,10,E01014901,0,-1
2021302101410,2021,302101410,1,10,0,18,19,2,6,0,0,0,0,10,1,0,1,1,1,1,1,26,6,-1,-1,-1,-1,2,E01001181,0,-1
2021010339365,2021,010339365,2,9,0,99,99,9,9,99,99,0,9,99,9,99,9,9,6,6,3,-1,-1,2143,2,7,-1,-1,-1,0,-1
2021411058804,2021,411058804,1,9,0,17,19,7,4,0,0,5,0,0,0,0,1,1,2,2,1,29,6,2143,2,8,-1,4,E01002448,0,-1
2021070462547,2021,070462547,1,9,0,7,7,7,3,0,0,6,0,0,0,0,4,1,1,1,1,34,6,2148,2,15,-1,-1,-1,0,-1
2021010349423,2021,010349423,2,8,0,5,5,3,7,0,0,1,0,0,0,0,1,1,1,1,1,53,8,2143,2,8,-1,1,E01000551,0,-1
2021141036018,2021,141036018,2,9,0,18,19,1,5,0,0,1,2,0,0,0,4,1,2,2,2,44,7,1498,1,2,-1,10,E01007430,0,-1
2021010300335,2021,010300335,1,9,0,3,3,3,7,0,0,1,0,0,0,0,1,1,6,6,2,39,7,999,1,1,-1,3,E01000132,0,-1
2021041076829,2021,041076829,2,9,0,18,19,5,1,0,0,8,0,0,0,0,1,1,5,6,1,73,10,999,1,2,-1,2,E01025284,0,-1
2021122101022,2021,122101022,2,9,0,4,4,5,1,0,0,0,0,0,1,0,3,1,6,6,1,79,11,1499,1,6,-1,8,E01006921,0,-1
2021401118735,2021,401118735,1,9,0,1,1,3,7,0,0,0,0,0,0,0,1,1,5,6,1,79,11,1499,1,7,-1,9,E01017450,0,-1
2021201142277,2021,201142277,1,9,0,5,5,7,3,0,0,1,0,0,0,0,1,1,6,6,1,-1,-1,1998,1,6,-1,-1,-1,0,-1
2021421083834,2021,421083834,1,9,0,9,9,7,3,0,0,5,0,0,7,0,1,1,1,1,1,26,6,1499,1,7,-1,9,E01021560,0,-1
2021131051949,2021,131051949,2,9,0,2,2,0,0,0,0,8,0,0,1,0,2,1,6,6,3,-1,-1,1995,2,7,-1,-1,-1,0,-1
2021010341157,2021,010341157,2,9,0,99,99,9,9,99,99,9,9,99,9,99,1,9,6,6,1,53,8,1499,1,6,-1,2,E01001136,0,-1
2021010344985,2021,010344985,2,9,0,99,99,9,9,99,99,0,9,99,9,99,9,9,6,6,1,72,10,2378,1,14,-1,3,E01001725,0,-1
2021010342212,2021,010342212,1,9,0,99,99,9,9,99,99,9,9,99,9,99,9,9,6,6,2,38,7,2378,1,16,-1,2,E01000221,0,-1
2021070702365,2021,070702365,1,9,0,18,19,3,7,0,0,0,1,4,0,0,1,1,6,6,1,32,6,2378,1,14,-1,1,E01018520,0,-1
2021010325675,2021,010325675,2,9,0,99,99,9,9,99,99,9,9,99,9,99,9,9,6,6,3,-1,-1,2378,1,17,-1,-1,-1,0,-1
2021010331972,2021,010331972,2,9,0,16,19,5,1,0,0,1,0,0,0,0,2,1,1,1,2,42,7,2378,1,17,-1,8,E01016780,0,-1
2021991114757,2021,991114757,2,9,0,18,19,7,3,0,0,0,0,0,0,0,1,1,2,2,1,51,8,2378,1,17,-1,2,-1,0,-1
2021052100548,2021,052100548,2,9,0,18,19,5,1,0,0,1,0,0,0,0,3,1,6,6,1,67,10,1968,2,15,-1,1,E01006585,0,-1
2021010342227,2021,010342227,4,9,0,2,2,0,0,0,0,0,0,0,0,0,3,1,6,6,3,-1,-1,2378,1,16,-1,-1,-1,0,-1
2021430268317,2021,430268317,2,9,0,4,4,2,6,0,0,1,0,0,0,0,1,1,6,6,1,43,7,1294,1,33,-1,10,E01016243,0,-1
2021201128093,2021,201128093,2,9,0,18,19,4,8,0,0,2,0,10,0,0,1,1,6,6,1,44,7,1905,1,32,-1,2,E01010279,0,-1
2021010330006,2021,010330006,1,4,0,99,99,9,9,99,99,9,9,99,9,99,9,1,2,2,1,49,8,124,1,13,PIAGGIO VESPA,8,E01000320,0,-1
2021440099203,2021,440099203,1,3,0,18,19,3,5,0,0,8,0,0,0,0,4,1,1,1,1,34,6,124,1,7,PIAGGIO VESPA,4,E01022711,0,-1
2021430473107,2021,430473107,1,2,0,18,19,3,7,0,0,8,1,0,0,0,1,1,2,2,1,16,4,49,1,14,PIAGGIO VESPA,2,E01028692,0,-1
2021010299821,2021,010299821,3,3,0,12,12,3,7,0,0,0,0,0,0,0,3,1,6,6,3,-1,-1,124,1,6,PIAGGIO VESPA,-1,-1,0,-1
2021010340236,2021,010340236,2,3,0,13,13,3,7,0,0,0,0,0,0,0,1,1,6,6,1,54,8,124,1,9,PIAGGIO VESPA,2,E01033707,0,-1
2021122200024,2021,122200024,2,2,0,18,19,7,3,0,0,8,0,0,0,0,1,1,6,6,2,28,6,48,1,9,PIAGGIO VESPA,6,E01027756,0,-1
2021440243544,2021,440243544,1,3,0,5,5,5,7,0,0,8,0,0,0,0,1,1,6,6,2,17,4,124,1,12,PIAGGIO VESPA,8,E01022713,0,-1
2021440163694,2021,440163694,2,2,0,18,19,4,8,0,0,1,0,0,0,0,3,1,6,6,1,18,4,49,1,17,PIAGGIO VESPA,2,E01017106,0,-1
2021010320257,2021,010320257,2,4,0,5,5,3,7,0,0,1,0,0,0,0,1,1,6,6,1,23,5,278,1,2,PIAGGIO VESPA,4,E01004765,0,-1
2021010306120,2021,010306120,2,3,0,9,9,3,8,0,0,5,1,0,0,0,4,1,2,2,1,60,9,278,1,1,PIAGGIO VESPA,9,E01021767,0,-1
2021010321625,2021,010321625,2,3,0,13,13,3,7,0,0,1,0,0,0,0,3,1,1,1,1,50,8,124,1,16,PIAGGIO VESPA,3,E01001887,0,-1
2021471101973,2021,471101973,2,3,0,18,19,6,3,0,0,1,0,0,0,0,1,1,1,1,1,62,9,125,1,18,PIAGGIO VESPA,7,E01021164,0,-1
2021010336125,2021,010336125,2,3,0,99,99,9,9,99,99,9,9,99,9,99,9,1,6,6,3,-1,-1,124,1,11,PIAGGIO VESPA,2,E01003044,0,-1
2021010339139,2021,010339139,1,4,0,99,99,9,9,99,99,9,9,99,9,99,2,1,1,1,1,64,9,244,1,13,PIAGGIO VESPA,6,E01001865,0,-1
2021991046957,2021,991046957,2,4,0,3,3,2,6,0,0,1,0,0,0,0,2,1,6,6,1,52,8,278,1,5,PIAGGIO VESPA,6,-1,0,-1
2021010337669,2021,010337669,2,3,0,18,19,1,5,0,0,1,0,0,1,0,1,1,1,1,1,40,7,124,1,10,PIAGGIO VESPA,2,E01004287,0,-1
2021010349492,2021,010349492,1,3,0,18,19,1,5,0,0,0,0,0,0,0,3,1,6,6,1,51,8,125,1,1,PIAGGIO VESPA,7,E01003817,0,-1
2021010318724,2021,010318724,1,4,0,18,19,5,1,0,0,8,5,0,7,0,4,1,6,6,1,45,7,244,1,12,PIAGGIO VESPA,9,E01002518,0,-1
2021010336635,2021,010336635,2,4,0,18,19,3,7,0,0,1,1,0,0,0,1,1,6,6,1,33,6,124,1,15,PIAGGIO VESPA,9,E01017811,0,-1
2021010316817,2021,010316817,1,4,0,18,19,5,1,0,0,0,2,0,0,0,1,1,6,6,1,17,4,124,1,11,PIAGGIO VESPA,2,E01002077,0,-1
2021471059318,2021,471059318,2,4,0,18,19,1,5,0,0,0,0,0,0,0,1,1,2,2,1,81,11,278,1,0,PIAGGIO VESPA,2,E01031808,0,-1
2021010304038,2021,010304038,2,4,0,18,19,3,7,0,0,1,2,10,0,0,3,1,6,6,1,53,8,278,1,11,PIAGGIO VESPA,4,E01002299,0,-1
2021201073497,2021,201073497,2,3,0,18,19,5,1,0,0,8,0,0,0,0,1,1,6,6,1,20,4,124,1,13,PIAGGIO VESPA,2,E01009982,0,-1
2021101031025,2021,101031025,1,4,0,11,11,3,7,2,2,0,0,0,0,0,3,1,6,6,1,71,10,278,1,5,PIAGGIO VESPA,-1,-1,0,-1
2021010322437,2021,010322437,2,4,0,18,19,3,7,0,0,2,1,0,1,2,2,1,6,6,1,32,6,278,1,7,PIAGGIO VESPA,6,E01002747,0,-1
2021010307077,2021,010307077,1,2,9,99,99,9,9,99,99,9,9,99,9,99,9,1,6,6,1,-1,-1,124,1,11,PIAGGIO VESPA,-1,-1,0,-1
2021010335225,2021,010335225,1,4,0,18,19,5,1,0,0,1,5,0,0,0,1,1,6,6,1,62,9,278,1,5,PIAGGIO VESPA,9,E01002995,0,-1
2021351072664,2021,351072664,1,3,0,7,7,4,6,0,0,1,2,0,0,0,0,1,5,6,2,20,4,124,1,9,PIAGGIO VESPA,3,E01017975,0,-1
2021440248330,2021,440248330,2,2,0,18,19,3,7,0,0,8,0,0,0,0,4,1,6,6,1,64,9,49,1,15,PIAGGIO VESPA,3,E01022902,0,-1
2021545260221,2021,545260221,2,4,0,17,19,6,2,0,0,8,0,0,0,0,1,1,6,6,1,47,8,278,1,7,PIAGGIO VESPA,5,E01015505,0,-1
2021010305964,2021,010305964,2,4,0,9,9,1,6,0,0,8,0,0,0,0,1,1,6,6,1,59,9,244,1,13,PIAGGIO VESPA,5,E01001737,0,-1
2021010331249,2021,010331249,1,4,0,99,99,9,9,0,0,0,1,0,0,0,3,1,2,2,2,56,9,278,1,1,PIAGGIO VESPA,7,E01024109,0,-1
2021010303818,2021,010303818,1,3,0,18,19,1,5,0,0,1,1,0,0,0,0,1,2,2,1,31,6,124,1,7,PIAGGIO VESPA,1,E01004257,0,-1
202131C084321,2021,31C084321,1,4,0,18,19,8,4,0,0,0,0,0,0,0,3,1,6,6,1,-1,-1,125,1,17,PIAGGIO VESPA,-1,-1,0,-1
2021131035165,2021,131035165,2,3,0,5,5,5,6,0,0,8,0,0,0,0,4,1,5,6,1,56,9,125,1,3,PIAGGIO VESPA,3,E01011369,0,-1
2021010344410,2021,010344410,1,3,0,7,7,3,5,0,0,6,0,0,0,0,2,1,6,6,1,60,9,124,1,11,PIAGGIO VESPA,3,E01001938,0,-1
2021531064739,2021,531064739,1,3,0,18,19,3,7,0,0,0,2,4,2,0,1,1,6,6,2,33,6,124,1,9,PIAGGIO VESPA,4,E01032343,0,-1
2021010338334,2021,010338334,1,3,0,5,5,0,1,0,0,1,0,0,0,0,0,1,6,6,1,29,6,124,1,18,PIAGGIO VESPA,7,E01003789,0,-1
2021010320429,2021,010320429,2,3,0,18,19,3,7,0,0,0,0,4,0,0,0,1,6,6,1,19,4,124,1,6,PIAGGIO VESPA,4,E01003326,0,-1
2021010329813,2021,010329813,2,2,0,18,19,5,1,0,0,8,0,0,1,0,1,1,6,6,1,57,9,49,1,12,PIAGGIO VESPA,5,E01003833,0,-1
2021440167583,2021,440167583,2,2,0,18,19,8,3,0,0,1,0,0,0,0,0,1,6,6,1,39,7,49,1,14,PIAGGIO VESPA,9,E01017178,0,-1
2021070556848,2021,070556848,2,4,0,17,19,8,5,0,0,0,0,10,0,0,1,1,6,6,1,69,10,124,1,20,PIAGGIO VESPA,1,E01018550,0,-1
2021451059054,2021,451059054,1,3,0,15,15,7,3,0,0,1,0,0,0,0,3,1,5,6,1,54,8,124,1,17,PIAGGIO VESPA,8,E01004171,0,-1
2021010292312,2021,010292312,1,3,0,99,99,9,9,99,99,9,9,99,9,99,9,1,6,6,1,26,6,124,1,14,PIAGGIO VESPA,3,E01002543,0,-1
2021531092691,2021,531092691,1,4,0,16,19,5,1,0,0,0,0,0,7,9,1,1,5,6,1,56,9,278,1,5,PIAGGIO VESPA,7,E01002182,0,-1
2021010322711,2021,010322711,2,2,0,18,19,1,5,0,0,8,0,0,0,0,4,1,6,6,1,49,8,49,1,5,PIAGGIO VESPA,6,E01001948,0,-1
2021501090176,2021,501090176,1,3,0,9,9,1,5,0,0,5,2,0,0,0,3,1,5,6,1,49,8,124,1,14,PIAGGIO VESPA,4,E01000612,0,-1
202134NNC2171,2021,34NNC2171,2,3,0,18,19,7,3,0,0,2,0,0,0,0,1,1,1,1,1,17,4,125,1,20,PIAGGIO VESPA,8,E01017541,0,-1
2021552200172,2021,552200172,1,2,0,4,4,8,3,0,0,3,0,0,0,0,0,1,2,2,1,33,6,49,1,9,PIAGGIO VESPA,10,E01020377,0,-1
2021501146630,2021,501146630,2,3,0,18,19,3,7,0,0,1,0,0,0,0,3,1,5,6,1,20,4,124,1,19,PIAGGIO VESPA,1,E01015267,0,-1
2021010314548,2021,010314548,1,3,0,4,4,7,3,0,0,2,1,4,0,0,3,1,2,2,1,27,6,124,1,14,PIAGGIO VESPA,5,E01001271,0,-1
202134NNC3021,2021,34NNC3021,2,4,0,9,9,5,1,0,0,5,2,0,0,0,1,1,6,6,1,54,8,278,1,6,PIAGGIO VESPA,7,E01026978,0,-1
2021010299885,2021,010299885,1,2,0,18,19,1,5,2,2,1,0,0,0,0,1,1,6,6,1,37,7,49,1,16,PIAGGIO VESPA,2,E01002072,0,-1
2021010289109,2021,010289109,3,3,0,2,2,0,0,0,0,0,0,0,0,0,2,1,6,6,3,-1,-1,124,1,5,PIAGGIO VESPA,-1,-1,0,-1
2021010335946,2021,010335946,1,4,0,18,19,7,3,0,0,2,0,4,0,0,1,1,3,7,1,54,8,124,1,12,PIAGGIO VESPA,3,E01004756,0,-1
202131C200821,2021,31C200821,1,3,0,9,9,4,2,0,0,8,1,0,0,0,3,1,6,6,1,47,8,124,1,21,PIAGGIO VESPA,2,E01013836,0,-1
2021010344789,2021,010344789,2,3,0,99,99,9,9,99,99,9,9,99,9,99,1,1,6,6,2,50,8,124,1,10,PIAGGIO VESPA,3,E01000640,0,-1
2021440478471,2021,440478471,1,3,0,18,19,1,5,0,0,4,0,0,0,0,1,1,6,6,1,38,7,124,1,16,PIAGGIO VESPA,3,E01022908,0,-1
2021010299980,2021,010299980,1,3,0,99,99,9,9,99,99,9,9,99,9,99,1,1,6,6,1,19,4,124,1,18,PIAGGIO VESPA,3,E01002396,0,-1
2021010312135,2021,010312135,3,3,0,13,13,5,1,0,0,1,0,0,7,0,1,1,6,6,1,19,4,124,1,12,PIAGGIO VESPA,6,E01003033,0,-1
2021010296556,2021,010296556,1,3,0,5,5,8,4,9,9,1,1,7,0,0,1,1,6,6,1,18,4,124,1,18,PIAGGIO VESPA,4,E01003684,0,-1
2021010299551,2021,010299551,1,3,0,7,7,5,7,0,0,0,0,0,0,0,4,1,6,6,1,41,7,124,1,17,PIAGGIO VESPA,7,E01001231,0,-1
2021010321106,2021,010321106,1,2,0,18,19,5,1,9,9,0,0,0,1,11,1,1,6,6,1,60,9,49,1,15,PIAGGIO VESPA,10,E01001416,0,-1
2021010293673,2021,010293673,1,3,0,99,99,9,9,99,99,0,9,99,9,99,1,1,6,6,1,21,5,124,1,18,PIAGGIO VESPA,6,E01002327,0,-1
2021361073905,2021,361073905,1,3,0,7,7,3,1,0,0,1,0,0,0,0,1,1,5,6,1,19,4,124,1,17,PIAGGIO VESPA,5,E01026541,0,-1
2021010344264,2021,010344264,2,3,0,18,19,5,1,0,0,0,0,0,0,0,1,1,6,6,1,29,6,124,1,9,PIAGGIO VESPA,9,E01018010,0,-1
2021010324034,2021,010324034,1,2,0,99,99,9,9,99,99,9,9,99,9,99,9,1,2,2,1,31,6,49,1,12,PIAGGIO VESPA,5,E01001946,0,-1
2021010306181,2021,010306181,1,3,0,99,99,9,9,99,99,0,9,99,9,99,1,1,6,6,1,49,8,124,1,16,PIAGGIO VESPA,1,E01004300,0,-1
2021010315015,2021,010315015,2,3,0,18,19,3,7,0,0,1,0,0,0,0,4,1,2,2,1,50,8,125,1,4,PIAGGIO VESPA,3,E01000948,0,-1
2021622100536,2021,622100536,2,4,0,18,19,8,4,0,0,1,0,0,0,0,4,1,6,6,1,83,11,278,1,6,PIAGGIO VESPA,10,W01001731,0,-1
2021010309502,2021,010309502,2,3,0,18,19,6,2,0,0,1,0,0,0,0,1,1,6,6,1,21,5,124,1,12,PIAGGIO VESPA,1,E01004722,0,-1
2021010327850,2021,010327850,1,3,0,17,19,5,1,0,0,2,0,7,0,0,0,1,6,6,1,46,8,124,1,15,PIAGGIO VESPA,2,E01002766,0,-1
2021010303167,2021,010303167,1,3,0,99,99,9,9,99,99,9,9,99,9,99,9,1,6,6,3,-1,-1,124,1,12,PIAGGIO VESPA,-1,-1,0,-1
2021010289693,2021,010289693,1,3,0,18,19,5,1,0,0,1,0,0,0,0,1,1,2,2,1,30,6,124,1,6,PIAGGIO VESPA,2,E01002722,0,-1
2021010289232,2021,010289232,1,3,0,18,19,1,5,0,0,0,0,0,0,0,1,1,6,6,1,19,4,124,1,13,PIAGGIO VESPA,5,E01002183,0,-1
2021010312523,2021,010312523,1,3,0,99,99,9,9,0,0,8,0,0,0,0,4,1,2,2,2,50,8,124,1,7,PIAGGIO VESPA,6,E01004107,0,-1
2021010306580,2021,010306580,1,3,0,18,19,3,7,0,0,1,0,0,0,0,1,1,6,6,1,28,6,124,1,15,PIAGGIO VESPA,-1,-1,0,-1
2021010302014,2021,010302014,2,4,0,18,19,5,1,0,0,0,0,0,0,0,1,1,6,6,1,18,4,124,1,13,PIAGGIO VESPA,3,E01000622,0,-1
2021010307526,2021,010307526,1,3,0,18,19,7,3,0,0,8,2,0,0,0,1,1,6,6,1,58,9,124,1,11,PIAGGIO VESPA,-1,-1,0,-1
2021010311356,2021,010311356,2,3,0,18,19,1,5,9,9,1,0,0,0,0,1,1,6,6,1,32,6,124,1,2,PIAGGIO VESPA,3,E01002731,0,-1
2021010320336,2021,010320336,2,3,0,18,19,1,5,0,0,1,0,0,0,0,1,1,6,6,1,82,11,124,1,12,PIAGGIO VESPA,5,E01004523,0,-1
2021541166521,2021,541166521,2,3,0,11,11,5,1,0,0,8,0,0,0,0,4,1,6,6,1,55,8,124,1,5,PIAGGIO VESPA,2,E01032062,0,-1
2021522101206,2021,522101206,1,3,0,4,4,3,7,0,0,0,0,0,0,0,2,1,6,6,1,36,7,124,1,18,PIAGGIO VESPA,4,E01014433,0,-1