collision_index,collision_year,collision_ref_no,vehicle_reference,vehicle_type,towing_and_articulation,vehicle_manoeuvre_historic,vehicle_manoeuvre,vehicle_direction_from,vehicle_direction_to,vehicle_location_restricted_lane_historic,vehicle_location_restricted_lane,junction_location,skidding_and_overturning,hit_object_in_carriageway,vehicle_leaving_carriageway,hit_object_off_carriageway,first_point_of_impact,vehicle_left_hand_drive,journey_purpose_of_driver_historic,journey_purpose_of_driver,sex_of_driver,age_of_driver,age_band_of_driver,engine_capacity_cc,propulsion_code,age_of_vehicle,generic_make_model,driver_imd_decile,lsoa_of_driver,escooter_flag,driver_distance_banding
2021548737721,2021,548737721,1,5,0,13,13,1,5,0,0,0,0,0,0,0,1,1,1,1,1,34,6,599,1,9,SUZUKI GSXR,-1,-1,0,-1
2021471066623,2021,471066623,2,5,0,18,19,8,4,0,0,8,2,0,0,0,1,1,5,6,1,29,6,999,1,11,SUZUKI GSXR,1,E01021005,0,-1
2021552101206,2021,552101206,2,3,0,5,5,8,4,0,0,4,0,0,0,0,1,1,6,6,1,20,4,125,1,2,SUZUKI GSXR,6,E01020411,0,-1
2021101069166,2021,101069166,1,3,0,16,19,1,5,0,0,2,0,7,0,0,1,1,6,6,1,22,5,125,1,2,SUZUKI GSXR,4,E01008510,0,-1
2021440460305,2021,440460305,1,9,0,18,19,2,6,0,0,0,0,0,0,0,1,1,6,6,1,35,6,-1,-1,-1,VAUXHALL COMBO,9,E01022654,0,-1
202163C004821,2021,63C004821,1,19,0,18,19,4,8,0,0,6,0,0,0,0,4,1,1,1,1,45,7,1248,2,12,VAUXHALL COMBO,6,W01000595,0,-1
2021371047594,2021,371047594,2,19,0,18,19,3,7,0,0,1,0,0,0,0,1,1,2,2,1,47,8,1686,2,11,VAUXHALL COMBO,4,E01021392,0,-1
2021101099427,2021,101099427,2,9,0,3,3,5,1,0,0,8,0,0,0,0,1,1,1,1,1,32,6,1499,2,0,VAUXHALL COMBO,1,E01008735,0,-1
2021010291067,2021,010291067,1,19,0,9,9,1,7,0,0,1,0,0,0,0,2,1,1,1,1,30,6,1499,2,2,VAUXHALL COMBO,6,E01003149,0,-1
202131B043021,2021,31B043021,1,19,0,17,19,3,1,0,0,4,0,0,0,0,1,1,1,1,1,41,7,1248,2,10,VAUXHALL COMBO,6,E01026380,0,-1
202131A059721,2021,31A059721,1,9,0,5,5,2,6,0,0,1,0,0,0,0,1,1,6,6,1,71,10,1199,1,2,VAUXHALL COMBO,7,E01028240,0,-1
2021141076378,2021,141076378,2,19,0,9,9,7,3,0,0,0,0,0,0,0,3,1,1,1,2,41,7,1248,2,11,VAUXHALL COMBO,1,E01007822,0,-1
2021430205169,2021,430205169,1,9,0,9,9,2,8,0,0,5,0,0,7,7,4,1,2,2,2,41,7,-1,-1,-1,VAUXHALL COMBO,10,E01016632,0,-1
2021461088178,2021,461088178,1,9,0,17,19,1,7,0,0,1,0,0,0,0,1,1,1,1,1,43,7,-1,-1,-1,VAUXHALL COMBO,6,E01024303,0,-1
202131B056721,2021,31B056721,2,19,0,16,19,5,8,0,0,0,0,0,0,0,1,1,6,6,1,47,8,1598,2,9,VAUXHALL COMBO,5,E01028003,0,-1
2021440407059,2021,440407059,2,9,0,4,4,6,2,0,0,1,0,0,0,0,1,1,6,6,1,44,7,-1,-1,-1,VAUXHALL COMBO,3,E01017244,0,-1
202163D048921,2021,63D048921,1,19,0,9,9,2,8,0,0,5,0,0,0,0,1,1,6,6,1,75,10,1686,2,19,VAUXHALL COMBO,8,W01000450,0,-1
2021010305571,2021,010305571,1,9,0,18,19,3,7,0,0,8,0,0,0,0,1,1,1,1,1,40,7,-1,-1,-1,VAUXHALL COMBO,6,E01003693,0,-1
2021131058720,2021,131058720,2,9,0,5,5,3,1,0,0,2,0,0,0,0,4,1,1,1,1,26,6,-1,-1,-1,VAUXHALL COMBO,8,E01011884,0,-1
2021161115345,2021,161115345,1,19,0,5,5,5,1,0,0,2,0,0,0,0,3,1,1,1,2,62,9,1499,2,0,VAUXHALL COMBO,-1,-1,0,-1
2021010342900,2021,010342900,1,19,0,99,99,9,9,99,99,9,9,99,9,99,4,9,2,2,1,30,6,1499,2,1,VAUXHALL COMBO,3,E01021888,0,-1
2021131127296,2021,131127296,2,9,0,18,19,5,1,0,0,0,1,0,0,0,1,1,6,6,1,70,10,1499,2,2,VAUXHALL COMBO,5,E01012310,0,-1
2021010341503,2021,010341503,1,19,0,1,1,8,4,0,0,6,0,0,0,0,2,2,6,6,3,-1,-1,1499,2,1,VAUXHALL COMBO,-1,-1,0,-1
2021351078154,2021,351078154,1,19,0,18,19,1,5,0,0,0,0,0,0,0,0,1,6,6,1,55,8,1248,2,11,VAUXHALL COMBO,10,E01018258,0,-1
2021010320489,2021,010320489,1,19,0,99,99,9,9,99,99,9,9,99,9,99,2,9,6,6,3,31,6,1248,2,13,VAUXHALL COMBO,-1,-1,0,-1
2021131109616,2021,131109616,2,19,0,2,2,0,0,0,0,0,0,0,0,0,2,1,6,6,3,-1,-1,1248,2,12,VAUXHALL COMBO,-1,-1,0,-1
2021471055712,2021,471055712,1,19,0,2,2,0,0,6,6,0,0,0,0,0,3,1,6,6,1,49,8,1686,2,19,VAUXHALL COMBO,7,E01021093,0,-1
2021041098031,2021,041098031,2,19,0,18,19,1,5,0,0,1,0,0,0,0,1,1,5,6,1,57,9,1248,2,10,VAUXHALL COMBO,9,E01025127,0,-1
2021201081063,2021,201081063,2,19,0,18,19,3,7,0,0,8,0,0,0,0,1,1,1,1,1,64,9,1248,2,13,VAUXHALL COMBO,4,E01009522,0,-1
2021302100262,2021,302100262,1,19,0,4,4,5,1,0,0,0,0,0,0,0,1,1,1,1,1,38,7,1248,2,11,VAUXHALL COMBO,2,E01011872,0,-1
2021421074104,2021,421074104,3,19,0,2,2,0,0,0,0,1,0,0,0,0,1,1,6,6,3,-1,-1,1248,2,6,VAUXHALL COMBO,-1,-1,0,-1
2021411054099,2021,411054099,1,19,0,9,9,2,8,0,0,5,0,0,0,0,3,1,2,2,1,69,10,1686,2,13,VAUXHALL COMBO,9,E01023426,0,-1
2021010302546,2021,010302546,2,19,0,18,19,7,3,0,0,1,0,0,0,0,1,1,1,1,1,55,8,1248,2,5,VAUXHALL COMBO,-1,-1,0,-1
2021320434032,2021,320434032,2,19,0,9,9,3,8,0,0,8,0,0,0,0,1,1,6,6,1,61,9,1248,2,5,VAUXHALL COMBO,1,E01013177,0,-1
2021101113729,2021,101113729,1,19,0,2,2,4,7,0,0,8,0,0,1,0,2,1,6,6,1,49,8,1248,2,15,VAUXHALL COMBO,1,E01008400,0,-1
2021010330136,2021,010330136,1,9,0,18,19,1,5,0,0,0,0,0,0,0,1,1,6,6,1,36,7,-1,-1,-1,VAUXHALL COMBO,8,E01021134,0,-1
2021010295858,2021,010295858,1,19,0,18,19,3,7,0,0,6,0,0,0,0,1,1,6,6,1,24,5,1686,2,16,VAUXHALL COMBO,5,E01003650,0,-1
2021122100869,2021,122100869,2,19,0,9,9,7,5,0,0,5,1,0,3,0,1,1,6,6,1,24,5,1248,2,6,VAUXHALL COMBO,6,E01013418,0,-1
2021351028482,2021,351028482,1,19,0,5,5,6,2,0,0,1,0,0,7,0,1,1,1,1,1,63,9,1248,2,10,VAUXHALL COMBO,3,E01030163,0,-1
2021061033583,2021,061033583,2,19,0,18,19,5,1,0,0,1,0,0,0,0,1,1,6,6,3,30,6,1248,2,12,VAUXHALL COMBO,2,E01006068,0,-1
2021991095600,2021,991095600,5,19,0,18,19,7,3,0,0,0,0,0,0,0,2,1,1,1,1,50,8,1248,2,3,VAUXHALL COMBO,5,-1,0,-1
2021522103655,2021,522103655,2,9,0,18,19,5,1,0,0,0,0,0,0,0,1,1,6,6,2,55,8,1199,1,1,VAUXHALL COMBO,8,E01014867,0,-1
2021411111438,2021,411111438,1,19,0,18,19,6,1,0,0,0,1,0,0,0,1,1,6,6,1,23,5,1499,2,2,VAUXHALL COMBO,5,E01023201,0,-1
2021451106192,2021,451106192,3,19,0,17,19,4,8,0,0,1,0,0,0,0,1,1,2,2,1,47,8,1499,2,2,VAUXHALL COMBO,7,E01004508,0,-1
2021041029258,2021,041029258,1,9,0,18,19,3,7,0,0,1,0,0,0,0,1,1,2,2,1,28,6,-1,-1,-1,VAUXHALL COMBO,1,E01025295,0,-1
2021010338726,2021,010338726,1,19,0,9,9,8,5,0,0,7,0,0,0,0,2,1,6,6,1,44,7,1686,2,15,VAUXHALL COMBO,9,E01001521,0,-1
2021010336254,2021,010336254,2,19,0,99,99,9,9,99,99,9,9,99,9,99,1,9,6,6,1,75,10,1248,2,10,VAUXHALL COMBO,2,E01002032,0,-1
2021221085386,2021,221085386,2,19,0,18,19,1,5,0,0,8,0,0,0,0,4,1,5,6,1,66,10,1248,2,10,VAUXHALL COMBO,7,W01000448,0,-1
2021430311635,2021,430311635,2,9,0,18,19,4,8,0,0,8,0,0,0,0,1,1,1,1,1,61,9,-1,-1,-1,VAUXHALL COMBO,4,E01017555,0,-1
2021440008003,2021,440008003,1,9,0,17,19,4,2,0,0,0,0,0,0,0,4,1,6,6,1,60,9,-1,-1,-1,VAUXHALL COMBO,2,E01017182,0,-1
2021451073122,2021,451073122,2,19,0,18,19,5,1,0,0,4,0,0,0,0,1,1,1,1,1,59,9,1248,2,3,VAUXHALL COMBO,4,E01001009,0,-1
2021430223468,2021,430223468,1,19,0,18,19,1,5,0,0,0,0,0,0,0,1,1,1,1,1,34,6,1248,2,14,VAUXHALL COMBO,2,E01026170,0,-1
2021501096560,2021,501096560,1,19,0,5,5,8,1,0,0,8,0,0,0,0,1,1,1,1,2,51,8,1248,2,8,VAUXHALL COMBO,7,E01020011,0,-1
2021101109749,2021,101109749,1,19,0,18,19,7,3,0,0,8,5,0,7,0,1,1,5,6,1,20,4,1686,2,17,VAUXHALL COMBO,4,E01027525,0,-1
2021201094620,2021,201094620,1,19,0,18,19,6,2,0,0,1,0,0,0,0,1,1,6,6,1,55,8,1686,2,11,VAUXHALL COMBO,8,E01010241,0,-1
2021201071931,2021,201071931,2,19,0,18,19,5,1,0,0,8,0,0,0,0,1,1,6,6,1,-1,-1,1248,2,16,VAUXHALL COMBO,7,E01010518,0,-1
2021010304260,2021,010304260,1,19,0,1,1,3,7,0,0,0,0,0,0,0,2,1,1,1,1,53,8,1499,2,1,VAUXHALL COMBO,3,E01001141,0,-1
2021131121668,2021,131121668,1,19,0,18,19,7,3,0,0,0,1,10,2,11,1,1,6,6,1,26,6,1248,2,7,VAUXHALL COMBO,7,E01011835,0,-1
2021161084504,2021,161084504,1,9,0,5,5,2,6,0,0,0,0,0,0,0,3,1,6,6,1,48,8,1499,2,2,VAUXHALL COMBO,4,E01012762,0,-1
2021361100835,2021,361100835,2,19,0,18,19,6,2,0,0,8,0,0,7,0,2,1,1,1,1,52,8,1499,2,0,VAUXHALL COMBO,3,E01026782,0,-1
2021010325925,2021,010325925,1,19,0,2,2,0,0,0,0,0,0,0,1,0,2,1,6,6,1,35,6,1248,2,14,VAUXHALL COMBO,-1,-1,0,-1
2021010331504,2021,010331504,1,19,0,18,19,5,1,0,0,1,5,0,0,0,3,1,2,2,1,68,10,1248,2,15,VAUXHALL COMBO,2,E01000133,0,-1
2021371031969,2021,371031969,1,19,0,9,9,7,1,0,0,0,0,0,0,0,3,1,2,2,1,61,9,1248,2,5,VAUXHALL COMBO,5,E01030092,0,-1
2021231026501,2021,231026501,2,19,0,9,9,1,7,0,0,5,0,0,0,0,2,1,1,1,2,23,5,1248,2,10,VAUXHALL COMBO,8,E01031180,0,-1
2021010309863,2021,010309863,1,19,0,4,4,3,7,0,0,2,0,4,0,0,4,1,6,6,1,48,8,1499,2,1,VAUXHALL COMBO,-1,-1,0,-1
2021501066713,2021,501066713,1,19,0,18,19,1,5,0,0,0,0,0,0,0,2,1,6,6,1,76,11,1686,2,18,VAUXHALL COMBO,1,E01015153,0,-1
2021520105742,2021,520105742,1,19,0,18,19,6,2,0,0,2,0,0,0,0,0,1,6,6,1,57,9,1499,2,2,VAUXHALL COMBO,5,E01029053,0,-1
2021440280983,2021,440280983,1,19,0,18,19,6,2,0,0,0,1,0,0,0,1,1,6,6,1,26,6,1248,2,14,VAUXHALL COMBO,1,E01017035,0,-1
2021440094564,2021,440094564,1,19,0,18,19,8,4,0,0,8,1,0,0,0,1,1,6,6,1,31,6,1248,2,13,VAUXHALL COMBO,8,E01022620,0,-1
20211382S0578,2021,1382S0578,1,9,0,18,19,2,6,0,0,0,0,0,0,0,1,1,6,6,1,-1,-1,-1,-1,-1,VAUXHALL COMBO,-1,-1,0,-1
2021622100453,2021,622100453,1,19,0,9,9,2,8,0,0,8,0,0,0,0,1,1,1,1,1,33,6,1499,2,1,VAUXHALL COMBO,4,E01011319,0,-1
2021430008161,2021,430008161,1,19,0,18,19,7,3,0,0,1,0,0,0,0,1,1,6,6,1,-1,-1,1248,2,13,VAUXHALL COMBO,-1,-1,0,-1
2021440381809,2021,440381809,1,19,0,9,9,1,5,0,0,6,0,0,0,0,1,1,6,6,1,77,11,1248,2,10,VAUXHALL COMBO,10,E01022877,0,-1
2021471127646,2021,471127646,2,19,0,2,2,0,0,0,0,0,0,0,0,0,2,1,6,6,3,-1,-1,1248,2,3,VAUXHALL COMBO,-1,-1,0,-1
2021461106281,2021,461106281,1,9,0,18,19,7,3,0,0,1,0,0,0,0,2,1,5,6,1,25,5,-1,-1,-1,VAUXHALL COMBO,3,E01024399,0,-1
2021351098498,2021,351098498,1,19,0,18,19,3,7,0,0,1,0,0,0,0,1,1,1,1,1,19,4,1248,2,7,VAUXHALL COMBO,6,E01018169,0,-1
2021430321973,2021,430321973,2,19,0,13,13,8,2,0,0,0,0,0,0,0,4,1,6,6,1,-1,-1,1686,2,17,VAUXHALL COMBO,-1,-1,0,-1
2021161078360,2021,161078360,3,9,0,18,19,8,4,0,0,2,0,0,0,0,2,1,6,6,2,43,7,1499,2,0,VAUXHALL COMBO,1,E01013218,0,-1
2021111018250,2021,111018250,1,9,0,18,19,1,5,0,0,1,5,4,0,0,4,1,5,6,1,76,11,1199,1,2,VAUXHALL COMBO,3,E01008718,0,-1
2021371019452,2021,371019452,1,9,0,2,2,0,0,6,6,0,0,0,0,0,3,1,5,6,1,68,10,-1,-1,-1,VAUXHALL COMBO,4,E01030115,0,-1
2021221064341,2021,221064341,1,19,0,18,19,8,4,0,0,1,0,0,0,0,1,1,6,6,1,40,7,1499,2,1,VAUXHALL COMBO,10,E01021787,0,-1
2021031069057,2021,031069057,1,19,0,18,19,6,3,0,0,0,0,4,0,0,1,1,1,1,1,68,10,1499,2,1,VAUXHALL COMBO,1,E01006574,0,-1
202154A263721,2021,54A263721,3,19,0,4,4,1,5,0,0,0,0,0,0,0,2,1,1,1,1,26,6,1499,2,1,VAUXHALL COMBO,5,E01031982,0,-1
2021010346573,2021,010346573,4,9,0,2,2,0,0,0,0,0,0,0,0,0,4,1,6,6,3,-1,-1,-1,-1,-1,VAUXHALL COMBO,-1,-1,0,-1
2021401111413,2021,401111413,1,19,0,18,19,4,8,0,0,0,0,0,0,0,1,1,1,1,1,52,8,1248,2,10,VAUXHALL COMBO,10,E01017532,0,-1
2021052102722,2021,052102722,1,19,0,18,19,3,7,0,0,0,0,0,0,0,4,1,2,2,1,37,7,1248,2,8,VAUXHALL COMBO,4,E01006543,0,-1
2021991060709,2021,991060709,1,9,0,16,19,4,7,0,0,0,0,0,1,0,1,1,1,1,1,20,4,-1,-1,-1,VAUXHALL COMBO,9,-1,0,-1
2021010291769,2021,010291769,1,19,4,18,19,1,5,0,0,0,1,7,7,0,1,1,6,6,1,44,7,1248,2,11,VAUXHALL COMBO,3,E01000750,0,-1
2021221100379,2021,221100379,1,19,0,18,19,7,3,0,0,0,0,0,0,0,1,1,5,6,1,81,11,1499,2,2,VAUXHALL COMBO,8,E01032455,0,-1
2021010340347,2021,010340347,2,9,0,7,7,3,5,0,0,1,0,0,0,0,4,1,1,1,1,40,7,-1,-1,-1,VAUXHALL COMBO,2,E01000014,0,-1
2021451077570,2021,451077570,1,19,0,18,19,3,7,0,0,1,0,0,0,0,1,1,5,6,1,29,6,1248,2,14,VAUXHALL COMBO,5,E01030725,0,-1
2021211081980,2021,211081980,1,19,0,17,19,6,3,0,0,0,5,0,1,0,1,1,5,6,1,33,6,1499,2,0,VAUXHALL COMBO,10,E01029714,0,-1
2021461026362,2021,461026362,1,19,0,7,7,7,5,0,0,3,5,0,1,0,2,1,1,1,1,67,10,1248,2,5,VAUXHALL COMBO,5,E01024701,0,-1
2021231040344,2021,231040344,1,19,0,18,19,5,8,0,0,0,0,10,8,0,3,1,6,6,1,43,7,1248,2,8,VAUXHALL COMBO,9,E01031036,0,-1
2021061043080,2021,061043080,1,9,0,1,1,4,2,0,0,1,0,0,0,0,2,1,1,1,1,50,8,-1,-1,-1,VAUXHALL COMBO,4,E01006003,0,-1
2021211058899,2021,211058899,1,19,0,18,19,8,4,0,0,8,0,0,0,0,-1,1,1,1,1,22,5,1499,2,1,VAUXHALL COMBO,9,E01010346,0,-1
2021031070074,2021,031070074,1,19,0,5,5,1,5,0,0,0,0,0,0,0,1,1,1,1,1,42,7,1686,2,17,VAUXHALL COMBO,2,E01019138,0,-1
2021501024581,2021,501024581,1,9,0,17,19,5,1,0,0,0,0,0,1,11,1,1,6,6,1,36,7,-1,-1,-1,VAUXHALL COMBO,6,E01020179,0,-1
2021361121426,2021,361121426,2,9,0,3,3,4,8,0,0,0,0,0,0,0,1,1,5,6,2,56,9,1199,1,1,VAUXHALL COMBO,8,E01026857,0,-1
2021010331391,2021,010331391,5,19,0,18,19,1,5,0,0,0,0,0,0,0,2,1,6,6,2,37,7,1560,2,2,VAUXHALL COMBO,3,E01016154,0,-1
2021221078908,2021,221078908,2,19,0,17,19,7,4,0,0,8,0,0,0,0,1,1,1,1,2,39,7,1499,2,0,VAUXHALL COMBO,6,E01014146,0,-1
2021351090507,2021,351090507,2,19,0,18,19,5,1,0,0,0,0,0,1,0,1,1,6,6,1,47,8,1686,2,14,VAUXHALL COMBO,1,E01015664,0,-1
2021461104319,2021,461104319,1,9,0,16,19,7,3,0,0,0,0,6,0,0,1,1,5,6,1,23,5,-1,-1,-1,VAUXHALL COMBO,3,E01024092,0,-1
2021010309504,2021,010309504,1,19,0,9,9,1,7,0,0,1,0,0,0,0,3,1,1,1,1,25,5,1499,2,1,VAUXHALL COMBO,5,E01001068,0,-1
2021131122421,2021,131122421,1,9,0,18,19,7,3,0,0,0,0,0,0,0,1,1,1,1,1,31,6,-1,-1,-1,VAUXHALL COMBO,3,E01011718,0,-1
2021471125658,2021,471125658,1,19,0,5,5,6,8,0,0,1,0,0,0,0,1,1,1,1,1,32,6,1248,2,12,VAUXHALL COMBO,6,E01021128,0,-1
2021451012421,2021,451012421,2,19,0,1,1,1,3,0,0,0,0,0,0,0,2,1,6,6,1,59,9,1248,2,15,VAUXHALL COMBO,10,E01030542,0,-1
2021231044670,2021,231044670,1,19,0,18,19,5,1,0,0,8,0,0,0,0,1,1,5,6,1,20,4,1248,2,6,VAUXHALL COMBO,8,E01032195,0,-1
2021421112960,2021,421112960,1,19,0,18,19,4,6,0,0,4,0,0,0,0,1,1,6,6,1,54,8,1248,2,7,VAUXHALL COMBO,2,E01021667,0,-1
2021440503718,2021,440503718,1,19,0,4,4,6,2,0,0,4,0,0,6,7,1,1,6,6,1,69,10,1686,2,14,VAUXHALL COMBO,9,E01022727,0,-1
2021010313732,2021,010313732,1,9,0,5,5,3,7,0,0,8,0,0,0,0,3,1,6,6,1,67,10,-1,-1,-1,VAUXHALL COMBO,3,E01001116,0,-1
2021361099934,2021,361099934,1,19,0,18,19,8,4,0,0,0,0,0,1,3,1,1,5,6,1,34,6,1499,2,2,VAUXHALL COMBO,-1,-1,0,-1
2021010350422,2021,010350422,2,9,0,99,99,9,9,99,99,0,9,99,9,99,9,9,6,6,3,-1,-1,-1,-1,-1,VAUXHALL COMBO,2,E01001118,0,-1
2021221036910,2021,221036910,3,19,0,18,19,2,6,0,0,2,0,0,0,0,1,1,5,6,1,63,9,1248,2,13,VAUXHALL COMBO,9,E01009469,0,-1
2021221117601,2021,221117601,1,19,0,18,19,8,4,0,0,1,0,0,0,0,1,1,5,6,1,31,6,1686,2,13,VAUXHALL COMBO,5,E01014076,0,-1
2021221068227,2021,221068227,1,19,0,13,13,1,5,0,0,1,0,0,0,0,1,1,2,2,1,41,7,1560,2,2,VAUXHALL COMBO,8,E01029444,0,-1
2021371021899,2021,371021899,1,19,0,18,19,6,2,0,0,0,0,0,7,0,1,1,5,6,1,41,7,1686,2,13,VAUXHALL COMBO,10,E01030172,0,-1
2021221079972,2021,221079972,2,19,0,4,4,8,4,0,0,1,0,0,0,0,1,1,6,6,1,25,5,1686,2,17,VAUXHALL COMBO,6,E01032436,0,-1
2021141094151,2021,141094151,1,19,0,18,19,8,4,0,0,0,0,0,0,0,1,1,5,6,1,56,9,1248,2,11,VAUXHALL COMBO,7,E01019601,0,-1
2021061052095,2021,061052095,3,19,0,2,2,0,0,0,0,8,0,0,0,0,2,1,6,6,3,-1,-1,1248,2,16,VAUXHALL COMBO,-1,-1,0,-1
2021122200182,2021,122200182,2,19,0,1,1,5,1,0,0,0,0,0,0,0,2,1,2,2,1,58,9,1248,2,8,VAUXHALL COMBO,2,E01013448,0,-1
2021041035890,2021,041035890,2,9,0,16,19,4,1,0,0,1,0,0,0,0,1,1,5,6,1,75,10,1199,1,1,VAUXHALL COMBO,-1,-1,0,-1
2021622100670,2021,622100670,1,19,0,18,19,8,4,0,0,0,0,0,0,0,1,1,6,6,1,41,7,1686,2,16,VAUXHALL COMBO,4,W01001092,0,-1
202163D058421,2021,63D058421,2,9,0,4,4,4,8,0,0,1,0,0,0,0,2,1,6,6,1,65,9,1199,1,1,VAUXHALL COMBO,9,W01000482,0,-1
202131B197721,2021,31B197721,1,9,0,18,19,8,4,0,0,0,0,4,1,0,1,1,1,1,1,57,9,-1,-1,-1,VAUXHALL COMBO,2,E01028334,0,-1
2021371064651,2021,371064651,2,19,0,18,19,7,3,0,0,2,0,0,0,0,4,1,1,1,1,65,9,1248,2,8,VAUXHALL COMBO,10,E01029895,0,-1
2021320656286,2021,320656286,2,19,0,3,3,3,7,0,0,0,0,0,0,0,2,1,2,2,1,35,6,1248,2,8,VAUXHALL COMBO,2,E01026026,0,-1
2021041125734,2021,041125734,1,19,0,18,19,7,3,0,0,2,0,0,0,0,4,1,6,6,3,-1,-1,1248,2,11,VAUXHALL COMBO,-1,-1,0,-1
2021531106996,2021,531106996,1,19,0,18,19,5,1,0,0,0,0,0,0,0,1,1,5,6,1,26,6,1560,2,2,VAUXHALL COMBO,5,E01022330,0,-1
2021041094008,2021,041094008,2,9,0,18,19,8,4,0,0,0,0,0,0,0,2,1,5,6,1,58,9,1499,2,1,VAUXHALL COMBO,1,E01012601,0,-1
2021131078807,2021,131078807,1,19,0,13,13,7,3,0,0,1,0,0,7,10,1,1,1,1,1,80,11,1248,2,13,VAUXHALL COMBO,6,E01013369,0,-1
2021070860158,2021,070860158,1,19,0,5,5,2,6,0,0,0,0,0,0,0,4,1,6,6,1,35,6,1248,2,15,VAUXHALL COMBO,10,E01007146,0,-1
2021070629946,2021,070629946,2,9,0,3,3,5,1,0,0,0,0,0,0,0,2,1,3,7,1,35,6,-1,-1,-1,VAUXHALL COMBO,4,E01018337,0,-1
2021201146072,2021,201146072,1,19,0,18,19,3,7,0,0,1,0,0,0,0,1,1,6,6,1,-1,-1,1499,2,1,VAUXHALL COMBO,-1,-1,0,-1
2021221073434,2021,221073434,1,19,0,4,4,2,6,0,0,1,0,0,0,0,1,1,5,6,1,21,5,1248,2,14,VAUXHALL COMBO,7,E01032180,0,-1
2021010331361,2021,010331361,2,19,0,99,99,9,9,99,99,9,9,99,9,99,1,9,6,6,3,-1,-1,1248,2,14,VAUXHALL COMBO,-1,-1,0,-1
2021010292420,2021,010292420,2,19,0,9,9,5,3,0,0,8,9,0,0,0,9,1,6,6,1,22,5,1499,2,2,VAUXHALL COMBO,6,E01001867,0,-1
2021221016080,2021,221016080,2,19,0,9,9,7,5,0,0,5,0,0,0,0,1,1,5,6,1,22,5,1248,2,14,VAUXHALL COMBO,1,E01032471,0,-1
2021440194076,2021,440194076,3,9,0,4,4,7,3,0,0,0,0,0,0,0,2,1,6,6,1,46,8,-1,-1,-1,VAUXHALL COMBO,4,E01017199,0,-1
2021421090263,2021,421090263,3,19,0,18,19,6,2,0,0,0,0,0,0,0,2,1,1,1,1,33,6,1499,2,1,VAUXHALL COMBO,2,E01021667,0,-1
2021010309343,2021,010309343,1,19,0,18,19,1,5,0,0,8,0,0,7,3,1,1,1,1,1,34,6,1499,2,2,VAUXHALL COMBO,2,E01001758,0,-1
2021520105111,2021,520105111,1,9,0,18,19,5,1,0,0,0,0,0,0,0,2,1,6,6,1,81,11,1499,2,2,VAUXHALL COMBO,5,E01029152,0,-1
2021201147295,2021,201147295,1,9,0,4,4,8,4,0,0,1,0,0,0,0,1,1,6,6,1,63,9,-1,-1,-1,VAUXHALL COMBO,4,E01009767,0,-1
2021451095134,2021,451095134,2,9,0,16,19,5,1,0,0,1,1,0,0,0,1,1,5,6,1,56,9,-1,-1,-1,VAUXHALL COMBO,5,E01030310,0,-1
2021010337755,2021,010337755,1,19,0,18,19,5,1,0,0,1,0,0,0,0,1,1,6,6,3,-1,-1,1248,2,15,VAUXHALL COMBO,-1,-1,0,-1
2021430448730,2021,430448730,1,19,0,9,9,6,4,0,0,6,0,0,0,0,3,1,1,1,1,25,5,1499,2,0,VAUXHALL COMBO,3,E01009086,0,-1
2021010299477,2021,010299477,1,19,0,99,99,9,9,99,99,0,9,99,9,99,2,9,6,6,1,46,8,1248,2,4,VAUXHALL COMBO,4,E01001050,0,-1
2021041103364,2021,041103364,1,19,0,18,19,6,2,0,0,4,0,0,0,0,1,1,6,6,1,35,6,1686,2,10,VAUXHALL COMBO,-1,-1,0,-1
2021461034603,2021,461034603,1,19,0,18,19,8,4,0,0,0,0,0,0,0,1,1,6,6,1,-1,-1,1686,2,17,VAUXHALL COMBO,-1,-1,0,-1
2021010307784,2021,010307784,2,19,0,99,99,9,9,99,99,9,9,99,9,99,9,9,6,6,3,-1,-1,1499,2,2,VAUXHALL COMBO,-1,-1,0,-1
2021010298620,2021,010298620,1,19,0,7,7,3,6,0,0,1,0,0,0,0,4,1,6,6,1,40,7,1248,2,8,VAUXHALL COMBO,7,E01010545,0,-1
2021320465669,2021,320465669,2,9,0,18,19,8,4,0,0,8,0,0,0,0,1,1,2,2,1,41,7,-1,-1,-1,VAUXHALL COMBO,2,E01026277,0,-1
2021161025027,2021,161025027,1,9,0,3,3,6,2,0,0,1,0,0,0,0,2,1,6,6,1,69,10,1499,2,2,VAUXHALL COMBO,1,E01013208,0,-1
2021010345521,2021,010345521,2,19,9,99,99,9,9,99,99,9,9,99,9,99,9,9,6,6,1,44,7,1248,2,13,VAUXHALL COMBO,2,E01015760,0,-1
2021461061523,2021,461061523,2,19,0,4,4,3,7,0,0,0,0,0,0,0,3,1,2,2,1,43,7,1560,2,2,VAUXHALL COMBO,4,E01024669,0,-1
2021320571133,2021,320571133,2,19,0,7,7,6,5,0,0,8,0,0,0,0,1,1,2,2,1,29,6,1248,2,10,VAUXHALL COMBO,5,E01026373,0,-1
2021010311737,2021,010311737,1,19,0,10,10,3,8,0,0,1,0,0,0,0,1,1,1,1,1,46,8,1248,2,5,VAUXHALL COMBO,5,E01000619,0,-1