collision_index,collision_year,collision_ref_no,vehicle_reference,vehicle_type,towing_and_articulation,vehicle_manoeuvre_historic,vehicle_manoeuvre,vehicle_direction_from,vehicle_direction_to,vehicle_location_restricted_lane_historic,vehicle_location_restricted_lane,junction_location,skidding_and_overturning,hit_object_in_carriageway,vehicle_leaving_carriageway,hit_object_off_carriageway,first_point_of_impact,vehicle_left_hand_drive,journey_purpose_of_driver_historic,journey_purpose_of_driver,sex_of_driver,age_of_driver,age_band_of_driver,engine_capacity_cc,propulsion_code,age_of_vehicle,generic_make_model,driver_imd_decile,lsoa_of_driver,escooter_flag,driver_distance_banding
2021471032825,2021,471032825,2,19,0,10,10,3,1,0,0,6,0,0,3,10,2,1,5,6,1,54,8,1248,2,13,VAUXHALL COMBO,3,E01031372,0,-1
2021991095609,2021,991095609,1,9,0,18,19,3,7,0,0,1,1,0,0,0,1,1,5,6,1,47,8,-1,-1,-1,VAUXHALL COMBO,2,-1,0,-1
2021991020270,2021,991020270,1,19,0,5,5,3,7,0,0,1,0,0,0,0,3,1,6,6,1,34,6,1248,2,6,VAUXHALL COMBO,1,-1,0,-1
2021101089153,2021,101089153,1,19,0,17,19,5,1,0,0,4,0,0,0,0,1,1,6,6,3,-1,-1,1686,2,17,VAUXHALL COMBO,-1,-1,0,-1
2021302101327,2021,302101327,2,19,0,18,19,4,8,0,0,8,0,0,0,0,4,1,1,1,1,72,10,1248,2,8,VAUXHALL COMBO,5,E01005900,0,-1
2021501105845,2021,501105845,4,19,0,4,4,7,3,0,0,0,0,0,0,0,1,1,6,6,1,42,7,1686,2,19,VAUXHALL COMBO,6,E01015116,0,-1
2021471074741,2021,471074741,1,9,0,18,19,2,6,0,0,0,0,0,1,4,4,1,5,6,2,48,8,1199,1,2,VAUXHALL COMBO,2,E01021135,0,-1
2021010300112,2021,010300112,1,19,0,1,1,1,5,6,6,0,0,0,0,0,2,1,1,1,1,21,5,1499,2,1,VAUXHALL COMBO,5,E01000903,0,-1
2021010340989,2021,010340989,2,19,0,99,99,9,9,99,99,9,9,99,9,99,1,9,6,6,3,-1,-1,1499,2,2,VAUXHALL COMBO,-1,-1,0,-1
2021302101532,2021,302101532,1,19,0,9,9,6,2,0,0,5,0,0,0,0,4,1,6,6,3,-1,-1,1686,2,12,VAUXHALL COMBO,5,E01019456,0,-1
2021141065885,2021,141065885,1,19,0,18,19,5,8,0,0,1,0,0,0,0,1,1,6,6,3,-1,-1,1499,2,2,VAUXHALL COMBO,-1,-1,0,-1
2021010320885,2021,010320885,1,19,0,18,19,3,7,0,0,0,0,0,0,0,1,1,6,6,1,30,6,1686,2,17,VAUXHALL COMBO,2,E01001486,0,-1
2021302101771,2021,302101771,1,9,0,9,9,8,7,0,0,8,0,0,0,0,1,1,2,2,1,25,5,-1,-1,-1,VAUXHALL COMBO,1,E01028256,0,-1
2021101048620,2021,101048620,1,19,0,13,13,1,5,0,0,1,1,0,0,0,1,1,6,6,1,39,7,1248,2,9,VAUXHALL COMBO,1,E01008702,0,-1
2021991094033,2021,991094033,5,9,0,2,2,0,0,0,0,1,0,0,0,0,1,1,6,6,3,-1,-1,1199,1,1,VAUXHALL COMBO,-1,-1,0,-1
2021991111099,2021,991111099,1,19,0,18,19,7,3,0,0,0,0,0,0,0,1,1,6,6,1,25,5,1248,2,14,VAUXHALL COMBO,1,-1,0,-1
2021010324513,2021,010324513,2,19,4,99,99,9,9,99,99,9,9,99,9,99,9,9,6,6,3,-1,-1,1686,2,15,VAUXHALL COMBO,2,E01000059,0,-1
2021221015325,2021,221015325,2,19,0,18,19,3,7,0,0,0,0,0,1,0,1,1,2,2,1,26,6,1686,2,15,VAUXHALL COMBO,8,E01032446,0,-1
2021010330069,2021,010330069,2,19,0,11,11,5,1,0,0,1,0,0,0,0,4,1,2,2,1,29,6,1248,2,8,VAUXHALL COMBO,8,E01003861,0,-1
2021141025431,2021,141025431,3,9,0,18,19,5,1,6,6,0,1,0,1,11,1,1,1,1,1,45,7,-1,-1,-1,VAUXHALL COMBO,5,E01007650,0,-1
2021411056336,2021,411056336,2,19,0,18,19,7,3,0,0,8,0,0,4,1,1,1,2,2,1,58,9,1499,2,1,VAUXHALL COMBO,7,E01017416,0,-1
2021221042913,2021,221042913,3,19,0,3,3,7,2,0,0,0,0,0,0,0,2,1,1,1,1,29,6,1560,2,2,VAUXHALL COMBO,2,E01008944,0,-1
2021501027471,2021,501027471,1,9,0,18,19,4,8,0,0,0,0,4,0,0,1,1,6,6,1,18,4,-1,-1,-1,VAUXHALL COMBO,2,E01015194,0,-1
2021010342186,2021,010342186,1,19,0,5,5,3,7,0,0,0,0,0,0,0,4,1,2,2,1,64,9,1499,2,1,VAUXHALL COMBO,5,E01003222,0,-1
2021991061011,2021,991061011,2,19,0,4,4,4,8,0,0,1,0,0,0,0,2,1,1,1,1,22,5,1248,2,11,VAUXHALL COMBO,7,-1,0,-1
2021302101167,2021,302101167,2,9,0,4,4,8,4,0,0,1,0,0,0,0,2,1,6,6,1,-1,-1,1499,2,1,VAUXHALL COMBO,2,E01013581,0,-1
2021070472367,2021,070472367,1,19,0,18,19,4,8,0,0,0,0,0,1,3,1,1,2,2,1,23,5,1686,2,17,VAUXHALL COMBO,2,E01018314,0,-1
2021201031494,2021,201031494,1,9,0,9,9,8,6,0,0,6,0,0,0,0,1,1,1,1,1,30,6,-1,-1,-1,VAUXHALL COMBO,1,E01032890,0,-1
2021221061068,2021,221061068,1,19,0,18,19,3,7,0,0,8,5,0,0,0,4,1,5,6,1,30,6,1248,2,5,VAUXHALL COMBO,6,W01000456,0,-1
2021552100960,2021,552100960,1,19,0,7,7,1,3,0,0,3,0,0,1,0,1,1,1,1,1,24,5,1560,2,2,VAUXHALL COMBO,3,E01015409,0,-1
2021430493505,2021,430493505,2,19,0,3,3,5,1,0,0,1,0,0,1,0,2,1,2,2,1,45,7,1499,2,1,VAUXHALL COMBO,3,E01032534,0,-1
2021520200293,2021,520200293,3,9,0,2,2,0,0,0,0,0,0,0,0,0,2,1,6,6,3,-1,-1,-1,-1,-1,VAUXHALL COMBO,4,E01029241,0,-1
2021549011021,2021,549011021,3,19,0,3,3,3,7,0,0,1,0,0,0,0,2,1,1,1,1,22,5,1560,2,2,VAUXHALL COMBO,8,E01014391,0,-1
2021141034838,2021,141034838,2,19,0,18,19,1,5,0,0,1,0,0,0,0,1,1,6,6,3,-1,-1,1248,2,16,VAUXHALL COMBO,-1,-1,0,-1
2021430382372,2021,430382372,2,9,0,1,1,7,3,0,0,0,0,0,0,0,2,1,6,6,1,43,7,-1,-1,-1,VAUXHALL COMBO,3,E01017906,0,-1
2021010304500,2021,010304500,1,19,0,6,6,7,7,0,0,1,0,0,0,0,3,1,1,1,1,61,9,1560,2,2,VAUXHALL COMBO,4,E01023403,0,-1
2021371066884,2021,371066884,1,19,0,15,15,7,3,0,0,0,0,0,1,9,3,1,2,2,1,55,8,1499,2,1,VAUXHALL COMBO,6,E01029926,0,-1
2021010288144,2021,010288144,2,9,0,99,99,9,9,99,99,9,9,99,9,99,9,9,6,6,3,-1,-1,1199,1,1,VAUXHALL COMBO,-1,-1,0,-1
2021101082626,2021,101082626,1,19,0,18,19,5,1,0,0,1,0,0,0,0,4,1,1,1,1,48,8,1499,2,1,VAUXHALL COMBO,8,E01008808,0,-1
2021221072044,2021,221072044,1,9,0,18,19,2,6,0,0,0,0,0,0,0,1,1,5,6,2,55,8,1199,1,2,VAUXHALL COMBO,7,E01014012,0,-1
2021421115023,2021,421115023,1,9,0,7,7,2,5,9,9,1,0,0,0,0,1,1,6,6,1,38,7,-1,-1,-1,VAUXHALL COMBO,9,E01021757,0,-1
2021421057411,2021,421057411,2,19,0,8,8,1,5,0,0,0,0,0,0,0,2,1,6,6,1,30,6,1248,2,15,VAUXHALL COMBO,8,E01033460,0,-1
2021231084270,2021,231084270,2,9,0,4,4,2,6,0,0,8,0,0,0,0,2,1,5,6,1,74,10,-1,-1,-1,VAUXHALL COMBO,6,E01031145,0,-1
2021461083052,2021,461083052,3,19,0,18,19,5,1,0,0,0,0,0,0,0,3,1,6,6,1,51,8,1686,2,12,VAUXHALL COMBO,6,E01016142,0,-1
2021311105311,2021,311105311,1,19,0,18,19,3,7,0,0,0,0,0,1,0,1,1,5,6,2,58,9,1248,2,14,VAUXHALL COMBO,1,E01013820,0,-1
2021421087381,2021,421087381,1,19,0,4,4,3,7,0,0,0,0,0,0,0,1,1,6,6,1,41,7,1686,2,17,VAUXHALL COMBO,3,E01021823,0,-1
2021170L50121,2021,170L50121,1,19,0,18,19,4,8,0,0,2,0,0,0,0,1,1,6,6,1,33,6,1686,2,18,VAUXHALL COMBO,2,E01012132,0,-1
2021361019502,2021,361019502,1,19,0,4,4,4,8,0,0,1,0,0,1,4,1,1,1,1,1,29,6,1248,2,11,VAUXHALL COMBO,7,E01033434,0,-1
2021411119333,2021,411119333,1,19,0,18,19,5,1,0,0,0,0,0,0,0,1,1,1,1,1,48,8,1248,2,10,VAUXHALL COMBO,10,E01023734,0,-1
2021421076365,2021,421076365,1,9,0,18,19,4,8,0,0,0,0,0,0,0,1,1,5,6,1,73,10,1499,2,0,VAUXHALL COMBO,4,E01021809,0,-1
2021070174601,2021,070174601,2,9,0,13,13,1,5,0,0,0,5,0,0,0,4,1,1,1,1,65,9,-1,-1,-1,VAUXHALL COMBO,5,E01005617,0,-1
2021141089531,2021,141089531,1,19,0,8,8,8,4,0,0,0,0,0,0,0,2,1,1,1,1,51,8,1248,2,13,VAUXHALL COMBO,2,E01007541,0,-1
2021542866521,2021,542866521,1,19,0,18,19,4,8,0,0,0,5,0,7,0,1,1,1,1,1,37,7,1248,2,10,VAUXHALL COMBO,9,E01032112,0,-1
2021501064928,2021,501064928,2,9,0,18,19,3,7,0,0,0,0,0,0,0,1,1,1,1,1,64,9,-1,-1,-1,VAUXHALL COMBO,8,E01020201,0,-1
2021010294245,2021,010294245,2,19,0,99,99,9,9,99,99,9,9,99,9,99,9,9,6,6,3,45,7,1248,2,10,VAUXHALL COMBO,4,E01003543,0,-1
2021421107647,2021,421107647,2,19,0,5,5,6,6,0,0,0,0,0,0,0,1,1,1,1,1,42,7,1499,2,0,VAUXHALL COMBO,9,E01029999,0,-1
2021010333735,2021,010333735,1,19,0,99,99,9,9,99,99,9,9,99,9,99,1,9,1,1,1,52,8,1248,2,16,VAUXHALL COMBO,5,E01003787,0,-1
2021421113539,2021,421113539,1,19,0,16,19,6,1,0,0,0,0,0,8,4,1,1,6,6,1,81,11,1686,2,18,VAUXHALL COMBO,3,E01021888,0,-1
2021421058980,2021,421058980,2,19,0,18,19,3,7,0,0,1,0,0,0,0,1,1,6,6,1,28,6,1686,2,19,VAUXHALL COMBO,6,E01021435,0,-1
2021010350493,2021,010350493,2,19,0,18,19,7,3,0,0,0,0,0,0,0,1,1,1,1,1,27,6,1499,2,1,VAUXHALL COMBO,4,E01030110,0,-1
2021201109878,2021,201109878,1,19,0,5,5,8,4,0,0,1,0,0,0,0,1,1,1,1,1,57,9,1248,2,5,VAUXHALL COMBO,6,E01009183,0,-1
2021320048413,2021,320048413,1,19,0,18,19,3,7,0,0,0,1,0,1,0,1,1,2,2,1,26,6,1248,2,12,VAUXHALL COMBO,4,E01026041,0,-1
2021430459034,2021,430459034,2,19,0,18,19,5,1,0,0,8,0,0,0,0,1,1,2,2,1,42,7,1598,2,8,VAUXHALL COMBO,2,E01028577,0,-1
2021010340696,2021,010340696,2,19,0,9,9,3,1,0,0,8,0,0,0,0,1,1,1,1,1,52,8,1499,2,1,VAUXHALL COMBO,-1,-1,0,-1
2021052100430,2021,052100430,1,19,0,2,2,0,0,0,0,0,0,0,0,0,3,1,1,1,1,52,8,1499,2,1,VAUXHALL COMBO,2,E01006618,0,-1
2021031017078,2021,031017078,1,9,0,18,19,6,2,0,0,0,1,7,4,6,4,1,5,6,1,29,6,-1,-1,-1,VAUXHALL COMBO,6,E01032928,0,-1
2021131105945,2021,131105945,1,19,0,5,5,5,3,0,0,1,0,0,0,0,1,1,1,1,1,61,9,1560,2,2,VAUXHALL COMBO,2,E01011681,0,-1
2021101119891,2021,101119891,1,9,0,18,19,1,5,0,0,2,0,0,0,0,1,1,5,6,1,61,9,1499,2,2,VAUXHALL COMBO,4,E01027531,0,-1
2021031098362,2021,031098362,1,19,0,18,19,5,1,0,0,1,0,0,0,0,1,1,6,6,1,41,7,1598,2,5,VAUXHALL COMBO,2,E01019172,0,-1
2021991075658,2021,991075658,1,9,0,18,19,8,4,0,0,3,1,6,3,0,1,1,5,6,1,45,7,-1,-1,-1,VAUXHALL COMBO,1,E01008858,0,-1
2021201142505,2021,201142505,1,9,0,5,5,2,6,0,0,3,2,10,1,11,4,1,6,6,1,31,6,-1,-1,-1,VAUXHALL COMBO,6,E01010469,0,-1
2021440240836,2021,440240836,1,19,0,18,19,1,5,0,0,8,0,0,0,0,1,1,1,1,1,30,6,1248,2,10,VAUXHALL COMBO,5,E01022806,0,-1
2021131081315,2021,131081315,1,19,0,9,9,7,5,0,0,6,0,0,0,0,1,1,2,2,1,25,5,1598,2,5,VAUXHALL COMBO,1,E01011003,0,-1
2021430477044,2021,430477044,1,19,0,18,19,6,2,0,0,6,0,0,1,0,1,1,1,1,1,61,9,1499,2,0,VAUXHALL COMBO,10,E01017890,0,-1
2021471105842,2021,471105842,1,9,0,9,9,5,3,0,0,6,0,0,0,0,1,1,5,6,1,51,8,1199,1,1,VAUXHALL COMBO,7,E01031349,0,-1
2021371136259,2021,371136259,2,9,0,18,19,3,7,0,0,8,0,0,0,0,1,1,5,6,2,58,9,-1,-1,-1,VAUXHALL COMBO,1,E01030249,0,-1
2021010311883,2021,010311883,2,19,0,3,3,3,7,0,0,2,0,0,0,0,4,1,1,1,1,30,6,1598,2,9,VAUXHALL COMBO,3,E01003617,0,-1
2021122200133,2021,122200133,2,9,0,16,19,5,8,0,0,0,1,0,0,0,1,1,1,1,1,48,8,-1,-1,-1,VAUXHALL COMBO,7,E01027772,0,-1
202134WNC5591,2021,34WNC5591,1,19,0,18,19,5,1,0,0,0,0,0,0,0,1,1,6,6,1,-1,-1,1499,2,2,VAUXHALL COMBO,10,E01025896,0,-1
2021461121754,2021,461121754,2,19,0,3,3,4,8,0,0,0,0,0,0,0,2,1,1,1,1,51,8,1499,2,1,VAUXHALL COMBO,9,E01024008,0,-1
2021061118923,2021,061118923,1,9,0,9,9,3,1,0,0,8,0,0,0,0,1,1,6,6,3,30,6,-1,-1,-1,VAUXHALL COMBO,-1,-1,0,-1
2021041012583,2021,041012583,2,19,0,9,9,6,2,0,0,0,0,0,0,0,2,1,2,2,1,37,7,1248,2,12,VAUXHALL COMBO,1,E01012647,0,-1
2021501117261,2021,501117261,2,19,0,4,4,4,8,0,0,1,0,0,0,0,1,1,2,2,1,22,5,1248,2,8,VAUXHALL COMBO,3,E01019070,0,-1
2021221067642,2021,221067642,3,19,0,2,2,0,0,0,0,0,0,0,0,0,2,1,1,1,1,27,6,1499,2,1,VAUXHALL COMBO,3,E01014145,0,-1
2021131074482,2021,131074482,2,19,0,18,19,7,3,0,0,0,0,0,0,0,2,1,2,2,1,42,7,1248,2,13,VAUXHALL COMBO,3,E01011222,0,-1
2021201068778,2021,201068778,1,19,0,11,11,6,2,0,0,0,0,4,0,0,1,1,6,6,1,60,9,1248,2,8,VAUXHALL COMBO,1,E01009498,0,-1
2021471124425,2021,471124425,1,9,0,18,19,8,4,0,0,0,1,0,1,11,1,1,1,1,1,37,7,-1,-1,-1,VAUXHALL COMBO,9,E01021225,0,-1
202131D086221,2021,31D086221,1,19,0,16,19,5,8,0,0,0,0,0,0,0,3,1,6,6,2,31,6,1248,2,5,VAUXHALL COMBO,2,E01028271,0,-1
2021471056454,2021,471056454,1,9,0,9,9,6,4,0,0,8,0,0,0,0,1,2,6,6,1,34,6,-1,-1,-1,VAUXHALL COMBO,8,E01021163,0,-1
2021451100219,2021,451100219,2,9,0,18,19,1,5,0,0,1,0,0,0,0,1,1,5,6,1,30,6,-1,-1,-1,VAUXHALL COMBO,9,E01030991,0,-1
2021070166496,2021,070166496,1,19,0,18,19,1,5,0,0,0,1,0,5,6,1,1,6,6,1,36,7,1248,2,11,VAUXHALL COMBO,1,E01025183,0,-1
2021401087474,2021,401087474,1,19,0,7,7,3,7,0,0,8,0,0,0,0,1,1,6,6,1,36,7,1248,2,7,VAUXHALL COMBO,8,E01016760,0,-1
2021231057028,2021,231057028,1,19,0,1,1,8,4,9,9,0,0,0,0,0,2,1,1,1,1,69,10,1248,2,5,VAUXHALL COMBO,1,E01009020,0,-1
2021461074581,2021,461074581,1,19,0,18,19,6,3,0,0,1,0,0,0,0,1,1,6,6,1,-1,-1,1248,2,14,VAUXHALL COMBO,-1,-1,0,-1
2021122101294,2021,122101294,8,19,0,2,2,0,0,0,0,0,0,0,0,0,3,1,6,6,3,-1,-1,1686,2,17,VAUXHALL COMBO,-1,-1,0,-1
2021451026602,2021,451026602,3,19,0,18,19,1,5,0,0,0,0,0,0,0,0,1,6,6,1,32,6,1560,2,2,VAUXHALL COMBO,9,E01031504,0,-1
2021221111441,2021,221111441,1,19,0,18,19,4,8,0,0,0,0,0,1,4,1,1,1,1,1,20,4,1248,2,8,VAUXHALL COMBO,2,E01009788,0,-1
2021201063183,2021,201063183,3,19,0,4,4,7,3,0,0,1,0,0,0,0,2,1,6,6,1,46,8,1499,2,2,VAUXHALL COMBO,3,E01033626,0,-1
2021070674665,2021,070674665,1,19,0,3,3,5,1,0,0,0,0,0,0,0,3,1,6,6,3,-1,-1,1248,2,5,VAUXHALL COMBO,-1,-1,0,-1
2021010315506,2021,010315506,2,19,0,99,99,9,9,99,99,9,9,99,9,99,9,9,6,6,3,-1,-1,1499,2,0,VAUXHALL COMBO,6,E01003449,0,-1
2021622100735,2021,622100735,2,9,0,4,4,6,2,0,0,0,0,0,0,0,2,1,6,6,2,56,9,1499,2,3,VAUXHALL COMBO,9,W01000737,0,-1
2021440225400,2021,440225400,3,19,0,6,6,1,1,0,0,8,0,0,1,0,0,1,6,6,1,23,5,1248,2,6,VAUXHALL COMBO,4,E01017185,0,-1
2021451058625,2021,451058625,5,9,0,2,2,1,1,0,0,0,0,0,0,0,0,1,6,6,3,-1,-1,-1,-1,-1,VAUXHALL COMBO,-1,-1,0,-1
2021061067624,2021,061067624,2,19,0,5,5,1,5,0,0,1,0,0,0,0,1,1,6,6,1,55,8,1686,2,17,VAUXHALL COMBO,1,E01006351,0,-1
2021010308677,2021,010308677,2,19,0,99,99,9,9,99,99,9,9,99,9,99,0,9,6,6,1,-1,-1,1499,2,2,VAUXHALL COMBO,-1,-1,0,-1
2021010302911,2021,010302911,1,19,0,1,1,3,7,0,0,2,0,0,0,0,1,1,2,2,1,46,8,1560,2,2,VAUXHALL COMBO,4,E01000728,0,-1
2021010302819,2021,010302819,3,19,0,16,19,7,3,0,0,0,0,0,0,0,2,1,1,1,1,38,7,1248,2,6,VAUXHALL COMBO,3,E01002313,0,-1
2021111038529,2021,111038529,1,8,0,9,9,7,5,0,0,2,0,0,0,0,1,1,1,1,1,69,10,1199,1,2,VAUXHALL COMBO,10,E01012330,0,-1
2021010309374,2021,010309374,2,9,0,99,99,9,9,99,99,9,9,99,9,99,9,9,6,6,3,-1,-1,1499,2,2,VAUXHALL COMBO,-1,-1,0,-1
2021010308909,2021,010308909,2,19,0,18,19,3,7,0,0,2,0,0,0,0,1,1,1,1,2,61,9,1598,2,5,VAUXHALL COMBO,2,E01002737,0,-1
2021061109708,2021,061109708,3,9,0,18,19,3,7,0,0,0,0,0,1,0,3,1,6,6,1,50,8,-1,-1,-1,VAUXHALL COMBO,6,E01005010,0,-1
2021421120509,2021,421120509,1,9,0,9,9,1,6,0,0,8,0,0,0,0,4,1,1,1,1,82,11,1499,2,1,VAUXHALL COMBO,6,E01021730,0,-1
2021201056764,2021,201056764,1,19,0,18,19,6,2,0,0,2,0,0,0,0,4,1,1,1,1,66,10,1248,2,15,VAUXHALL COMBO,1,E01010066,0,-1
2021471067376,2021,471067376,2,9,0,18,19,1,5,0,0,1,0,0,0,0,1,1,5,6,1,62,9,-1,-1,-1,VAUXHALL COMBO,9,E01031693,0,-1
2021231034753,2021,231034753,1,19,0,18,19,3,7,0,0,0,0,0,0,0,3,2,5,6,1,24,5,1248,2,9,VAUXHALL COMBO,5,E01031093,0,-1
2021010296322,2021,010296322,2,19,9,99,99,9,9,99,99,9,9,99,9,99,9,9,6,6,3,-1,-1,1598,2,5,VAUXHALL COMBO,-1,-1,0,-1
2021430228994,2021,430228994,2,19,0,18,19,3,7,0,0,2,0,0,0,0,1,1,2,2,1,30,6,1248,2,4,VAUXHALL COMBO,3,E01028621,0,-1
2021010344824,2021,010344824,2,19,0,99,99,9,9,99,99,9,9,99,9,99,1,9,6,6,3,-1,-1,1499,2,1,VAUXHALL COMBO,9,E01001521,0,-1
2021471079132,2021,471079132,1,19,0,7,7,3,6,0,0,1,0,0,1,0,4,1,1,1,1,51,8,1248,2,5,VAUXHALL COMBO,1,E01016895,0,-1
2021471061751,2021,471061751,1,19,0,18,19,8,4,0,0,8,0,0,7,4,1,1,5,6,1,27,6,1248,2,14,VAUXHALL COMBO,3,E01021090,0,-1
2021430256813,2021,430256813,1,19,0,18,19,2,6,0,0,4,0,0,0,0,1,1,1,1,1,64,9,1560,2,2,VAUXHALL COMBO,10,E01016387,0,-1
2021471088902,2021,471088902,2,19,0,18,19,7,3,0,0,2,0,0,0,0,2,1,6,6,3,-1,-1,1499,2,1,VAUXHALL COMBO,-1,-1,0,-1
2021061030161,2021,061030161,2,19,0,9,9,7,5,0,0,5,0,0,0,0,1,1,6,6,3,30,6,1248,2,16,VAUXHALL COMBO,-1,-1,0,-1
2021041079420,2021,041079420,2,19,0,14,14,1,5,0,0,1,0,0,0,0,1,1,5,6,1,22,5,1560,2,2,VAUXHALL COMBO,3,E01005588,0,-1
2021440087185,2021,440087185,3,19,0,18,19,1,5,0,0,0,0,0,0,0,1,1,1,1,1,58,9,1248,2,5,VAUXHALL COMBO,4,E01017233,0,-1
202134WNC5161,2021,34WNC5161,1,9,0,9,9,7,5,0,0,8,0,0,0,0,1,1,6,6,1,30,6,1199,1,1,VAUXHALL COMBO,2,E01027214,0,-1
2021552100462,2021,552100462,1,9,0,18,19,2,6,0,0,0,1,0,0,0,3,1,1,1,1,34,6,-1,-1,-1,VAUXHALL COMBO,9,E01020557,0,-1
2021451021235,2021,451021235,1,19,0,16,19,3,7,0,0,0,1,0,0,0,1,1,2,2,1,19,4,1248,2,14,VAUXHALL COMBO,3,E01023145,0,-1
2021991125715,2021,991125715,1,9,0,18,19,3,7,0,0,0,1,0,1,0,1,1,6,6,1,31,6,-1,-1,-1,VAUXHALL COMBO,2,-1,0,-1
2021131041276,2021,131041276,2,9,0,18,19,1,1,0,0,0,0,0,0,0,1,1,5,6,1,39,7,1499,2,3,VAUXHALL COMBO,9,E01011179,0,-1
2021361087098,2021,361087098,3,19,5,18,19,1,5,0,0,0,0,0,0,0,1,1,1,1,1,-1,-1,1248,2,10,VAUXHALL COMBO,2,E01026802,0,-1
2021052100366,2021,052100366,3,19,0,16,19,5,1,0,0,0,0,0,0,0,1,1,2,2,1,56,9,1248,2,8,VAUXHALL COMBO,5,E01006640,0,-1
2021061029421,2021,061029421,1,19,0,3,3,3,7,0,0,0,0,0,0,0,1,1,1,1,1,49,8,1560,2,2,VAUXHALL COMBO,2,E01005344,0,-1
2021552100784,2021,552100784,2,19,0,2,2,0,0,0,0,0,0,0,0,0,1,1,6,6,3,-1,-1,1248,2,12,VAUXHALL COMBO,-1,-1,0,-1
2021440511070,2021,440511070,2,19,0,9,9,1,7,0,0,8,0,0,0,0,1,1,6,6,1,60,9,1248,2,7,VAUXHALL COMBO,10,E01022731,0,-1
2021451085505,2021,451085505,1,19,0,16,19,5,1,0,0,1,1,0,0,0,1,1,1,1,1,27,6,1499,2,1,VAUXHALL COMBO,4,E01022635,0,-1
2021351063451,2021,351063451,1,19,0,18,19,3,8,0,0,4,0,0,0,0,1,1,1,1,2,25,5,1248,2,10,VAUXHALL COMBO,10,E01018055,0,-1
2021991075251,2021,991075251,1,9,0,18,19,2,6,0,0,0,0,0,0,0,1,1,5,6,1,61,9,-1,-1,-1,VAUXHALL COMBO,6,-1,0,-1
2021991108990,2021,991108990,1,9,0,18,19,3,7,0,0,2,0,0,0,0,4,1,2,2,1,28,6,-1,-1,-1,VAUXHALL COMBO,3,-1,0,-1
202134NNC7291,2021,34NNC7291,3,19,0,2,2,0,0,0,0,8,0,0,0,0,1,1,6,6,3,-1,-1,1248,2,6,VAUXHALL COMBO,-1,-1,0,-1
2021371121326,2021,371121326,3,20,0,2,2,0,0,0,0,0,0,0,0,0,2,1,6,6,3,-1,-1,-1,-1,-1,VAUXHALL COMBO,-1,-1,0,-1
2021552100324,2021,552100324,1,19,0,17,19,1,3,0,0,0,0,0,0,0,0,1,1,1,1,18,4,1686,2,16,VAUXHALL COMBO,5,E01020584,0,-1
2021451025376,2021,451025376,5,19,0,2,2,0,0,0,0,0,0,0,0,0,0,1,6,6,1,47,8,1248,2,10,VAUXHALL COMBO,6,E01030524,0,-1
2021320569692,2021,320569692,4,19,0,2,2,0,0,0,0,0,0,0,0,0,4,1,6,6,2,69,10,1248,2,8,VAUXHALL COMBO,-1,-1,0,-1
2021010293147,2021,010293147,2,19,0,4,4,1,5,0,0,0,0,0,0,0,2,1,1,1,1,26,6,1248,2,7,VAUXHALL COMBO,1,E01000721,0,-1
2021371089509,2021,371089509,1,19,0,18,19,3,6,0,0,8,0,0,0,0,4,1,1,1,1,58,9,1248,2,8,VAUXHALL COMBO,6,E01021705,0,-1
2021101039936,2021,101039936,1,19,0,16,19,7,3,0,0,0,0,0,0,0,1,1,6,6,1,22,5,1686,2,18,VAUXHALL COMBO,-1,-1,0,-1
2021141016111,2021,141016111,3,9,0,4,4,6,2,0,0,0,0,0,0,0,1,1,6,6,1,28,6,-1,-1,-1,VAUXHALL COMBO,1,E01007534,0,-1
2021170S21421,2021,170S21421,3,19,0,2,2,0,0,0,0,1,0,0,0,0,2,1,6,6,1,52,8,1499,2,1,VAUXHALL COMBO,9,E01012255,0,-1
2021461055776,2021,461055776,2,19,0,16,19,5,1,0,0,0,0,0,0,0,1,1,6,6,1,23,5,1248,2,4,VAUXHALL COMBO,1,E01024611,0,-1
2021231029185,2021,231029185,1,19,0,5,5,5,3,0,0,6,0,0,0,0,1,1,6,6,1,68,10,1560,2,2,VAUXHALL COMBO,5,E01031311,0,-1
2021411110021,2021,411110021,2,19,0,18,19,1,5,0,0,0,0,0,0,0,1,1,1,1,1,63,9,1248,2,16,VAUXHALL COMBO,7,E01023662,0,-1
2021411036754,2021,411036754,1,9,0,9,9,2,6,0,0,8,0,0,0,0,1,1,6,6,1,77,11,-1,-1,-1,VAUXHALL COMBO,3,E01023310,0,-1
2021141104736,2021,141104736,1,19,0,9,9,5,3,0,0,8,0,0,0,0,1,1,5,6,1,29,6,1686,2,18,VAUXHALL COMBO,6,E01007598,0,-1
2021440152884,2021,440152884,1,19,0,18,19,7,3,0,0,8,0,0,0,0,1,1,1,1,1,23,5,1248,2,14,VAUXHALL COMBO,8,E01021333,0,-1
2021361087972,2021,361087972,2,19,0,2,2,0,0,9,9,0,0,0,0,0,1,1,6,6,3,-1,-1,1248,2,11,VAUXHALL COMBO,-1,-1,0,-1
2021010320084,2021,010320084,2,19,0,18,19,3,7,0,0,0,1,0,0,0,1,1,1,1,1,49,8,1560,2,2,VAUXHALL COMBO,3,E01017596,0,-1