collision_index,collision_year,collision_ref_no,vehicle_reference,vehicle_type,towing_and_articulation,vehicle_manoeuvre_historic,vehicle_manoeuvre,vehicle_direction_from,vehicle_direction_to,vehicle_location_restricted_lane_historic,vehicle_location_restricted_lane,junction_location,skidding_and_overturning,hit_object_in_carriageway,vehicle_leaving_carriageway,hit_object_off_carriageway,first_point_of_impact,vehicle_left_hand_drive,journey_purpose_of_driver_historic,journey_purpose_of_driver,sex_of_driver,age_of_driver,age_band_of_driver,engine_capacity_cc,propulsion_code,age_of_vehicle,generic_make_model,driver_imd_decile,lsoa_of_driver,escooter_flag,driver_distance_banding
2021401104698,2021,401104698,2,19,0,4,4,5,1,0,0,0,0,0,0,0,2,1,5,6,1,27,6,1248,2,15,VAUXHALL COMBO,5,E01017390,0,-1
2021320734019,2021,320734019,2,9,0,18,19,4,8,0,0,8,5,0,7,0,1,1,6,6,2,37,7,1199,1,2,VAUXHALL COMBO,2,E01026170,0,-1
2021010303913,2021,010303913,1,19,0,99,99,9,9,99,99,9,9,99,9,99,9,9,2,2,1,68,10,1499,2,0,VAUXHALL COMBO,3,E01000737,0,-1
2021991036605,2021,991036605,1,9,0,13,13,3,7,0,0,1,1,0,0,0,1,1,6,6,1,28,6,-1,-1,-1,VAUXHALL COMBO,4,-1,0,-1
2021070059890,2021,070059890,1,19,0,1,1,7,3,0,0,1,0,0,0,0,4,1,1,1,1,28,6,1248,2,4,VAUXHALL COMBO,7,E01018708,0,-1
2021421105675,2021,421105675,1,9,0,18,19,5,8,0,0,2,0,0,0,0,3,1,6,6,1,76,11,-1,-1,-1,VAUXHALL COMBO,4,E01021984,0,-1
2021461089803,2021,461089803,2,19,0,3,3,3,7,0,0,4,1,0,0,0,2,1,6,6,1,58,9,1248,2,7,VAUXHALL COMBO,2,E01024585,0,-1
2021141082965,2021,141082965,2,19,0,7,7,4,7,0,0,1,0,0,0,0,1,1,6,6,3,55,8,1248,2,14,VAUXHALL COMBO,-1,-1,0,-1
2021231108310,2021,231108310,2,9,0,18,19,5,8,0,0,6,1,0,0,0,4,1,5,6,1,63,9,1499,2,0,VAUXHALL COMBO,2,E01013683,0,-1
2021141097778,2021,141097778,1,19,0,9,9,4,1,0,0,6,0,0,0,0,1,1,5,6,1,72,10,1248,2,13,VAUXHALL COMBO,1,E01007543,0,-1
2021010343365,2021,010343365,2,19,9,99,99,9,9,99,99,0,9,99,9,99,9,9,6,6,3,-1,-1,1499,2,1,VAUXHALL COMBO,-1,-1,0,-1
202131D070221,2021,31D070221,2,19,0,18,19,6,2,0,0,1,0,0,0,0,2,1,2,2,1,52,8,1248,2,11,VAUXHALL COMBO,5,E01027945,0,-1
2021401051801,2021,401051801,2,19,-1,3,3,-1,-1,0,0,0,-1,0,-1,0,4,1,2,2,1,60,9,1248,2,8,VAUXHALL COMBO,4,E01017570,0,-1
2021010322153,2021,010322153,1,9,0,9,9,7,5,0,0,8,0,0,0,0,4,1,6,6,1,62,9,1199,1,1,VAUXHALL COMBO,3,E01004562,0,-1
2021401087546,2021,401087546,2,9,0,18,19,1,5,0,0,0,0,0,0,0,1,1,6,6,1,37,7,-1,-1,-1,VAUXHALL COMBO,6,E01000165,0,-1
2021111131054,2021,111131054,1,9,0,18,19,4,8,0,0,0,0,0,0,0,1,1,1,1,1,33,6,-1,-1,-1,VAUXHALL COMBO,2,E01020761,0,-1
2021111040415,2021,111040415,1,19,0,5,5,5,1,0,0,0,0,0,0,0,3,1,6,6,1,50,8,1248,2,5,VAUXHALL COMBO,5,E01020867,0,-1
2021522105211,2021,522105211,2,9,0,18,19,7,3,0,0,0,0,0,0,0,1,1,6,6,1,40,7,-1,-1,-1,VAUXHALL COMBO,-1,-1,0,-1
2021421044073,2021,421044073,1,9,0,18,19,7,3,0,0,4,0,0,0,0,1,1,6,6,1,42,7,-1,-1,-1,VAUXHALL COMBO,8,E01021514,0,-1
2021010295413,2021,010295413,2,19,0,6,6,5,5,0,0,1,0,0,0,0,4,1,6,6,3,31,6,1499,2,1,VAUXHALL COMBO,6,E01033575,0,-1
2021461046150,2021,461046150,1,19,0,18,19,2,6,0,0,0,0,0,1,0,1,1,2,2,1,31,6,1499,2,1,VAUXHALL COMBO,8,E01002383,0,-1
2021501110095,2021,501110095,2,19,0,18,19,7,3,0,0,1,0,0,1,0,1,1,2,2,2,46,8,1248,2,10,VAUXHALL COMBO,5,E01020340,0,-1
2021991028681,2021,991028681,1,9,0,1,1,3,7,0,0,1,0,0,0,0,2,1,6,6,1,29,6,-1,-1,-1,VAUXHALL COMBO,1,-1,0,-1
2021440431088,2021,440431088,1,19,0,1,1,1,5,0,0,6,0,0,0,0,2,1,1,1,1,60,9,1499,2,1,VAUXHALL COMBO,4,E01017217,0,-1
2021070674594,2021,070674594,1,19,0,9,9,3,1,0,0,8,0,0,1,0,3,1,2,2,1,24,5,1499,2,1,VAUXHALL COMBO,7,E01006623,0,-1
2021161104265,2021,161104265,1,9,0,9,9,5,3,0,0,2,0,0,0,0,4,1,1,1,1,58,9,-1,-1,-1,VAUXHALL COMBO,3,E01027840,0,-1
2021061139651,2021,061139651,1,19,0,5,5,3,7,0,0,8,0,0,1,0,1,1,6,6,1,30,6,1248,2,12,VAUXHALL COMBO,-1,-1,0,-1
2021531121492,2021,531121492,1,19,0,18,19,1,3,0,0,4,0,0,0,0,1,1,6,6,1,-1,-1,1686,2,18,VAUXHALL COMBO,-1,-1,0,-1
2021501025434,2021,501025434,2,19,0,15,15,5,1,0,0,0,0,0,0,0,4,1,1,1,1,31,6,1686,2,18,VAUXHALL COMBO,2,E01018928,0,-1
2021211146701,2021,211146701,1,19,0,18,19,1,5,0,0,8,0,0,0,0,4,1,1,1,1,40,7,1499,2,1,VAUXHALL COMBO,7,E01029732,0,-1
2021991091584,2021,991091584,1,9,0,17,19,1,5,0,0,0,0,0,7,0,1,1,1,1,1,58,9,-1,-1,-1,VAUXHALL COMBO,5,-1,0,-1
2021010324314,2021,010324314,2,9,0,99,99,9,9,99,99,0,9,99,9,99,1,9,6,6,1,-1,-1,-1,-1,-1,VAUXHALL COMBO,6,E01023855,0,-1
2021401125249,2021,401125249,4,19,0,2,2,0,0,9,9,1,0,0,0,0,3,1,6,6,3,-1,-1,1499,2,1,VAUXHALL COMBO,-1,-1,0,-1
2021010316998,2021,010316998,2,9,0,9,9,2,7,0,0,1,0,0,0,0,3,1,6,6,1,37,7,-1,-1,-1,VAUXHALL COMBO,4,E01001435,0,-1
2021543914421,2021,543914421,2,19,0,18,19,4,8,0,0,8,0,0,1,0,3,1,6,6,2,37,7,1248,2,7,VAUXHALL COMBO,9,E01031870,0,-1
2021052101353,2021,052101353,1,19,0,18,19,3,7,0,0,8,0,0,0,0,1,1,6,6,1,50,8,1248,2,13,VAUXHALL COMBO,1,E01006908,0,-1
2021471044754,2021,471044754,1,19,0,1,1,6,2,0,0,0,0,0,0,0,2,1,6,6,2,25,5,1248,2,11,VAUXHALL COMBO,9,E01031625,0,-1
2021430567256,2021,430567256,1,19,0,14,14,1,5,0,0,0,0,0,0,0,1,1,2,2,1,29,6,1499,2,1,VAUXHALL COMBO,5,E01028697,0,-1
2021351054763,2021,351054763,1,19,0,7,7,5,8,0,0,0,0,0,0,0,4,1,6,6,1,29,6,1248,2,5,VAUXHALL COMBO,1,E01013570,0,-1
2021141076826,2021,141076826,1,9,0,18,19,3,7,0,0,1,0,7,8,10,1,1,5,6,1,34,6,-1,-1,-1,VAUXHALL COMBO,6,E01007750,0,-1
2021131126634,2021,131126634,1,19,0,18,19,6,2,0,0,0,2,0,0,0,1,1,6,6,1,42,7,1686,2,14,VAUXHALL COMBO,9,E01011177,0,-1
202134WNC4381,2021,34WNC4381,1,19,0,18,19,6,2,0,0,0,1,0,0,0,3,1,2,2,1,38,7,1248,2,15,VAUXHALL COMBO,8,E01033259,0,-1
2021461108223,2021,461108223,4,9,0,9,9,5,1,0,0,0,0,0,0,0,2,1,5,6,1,32,6,-1,-1,-1,VAUXHALL COMBO,1,E01020980,0,-1
2021010315344,2021,010315344,1,19,0,1,1,5,1,0,0,1,0,0,0,0,2,1,6,6,3,36,7,1248,2,11,VAUXHALL COMBO,3,E01001311,0,-1
2021531107961,2021,531107961,1,9,0,14,14,7,3,0,0,2,0,0,0,0,1,1,2,2,1,34,6,-1,-1,-1,VAUXHALL COMBO,8,E01022163,0,-1
2021061090412,2021,061090412,2,9,0,18,19,6,2,0,0,0,0,0,0,0,1,1,5,6,1,31,6,-1,-1,-1,VAUXHALL COMBO,7,E01025506,0,-1
2021440173912,2021,440173912,1,9,0,18,19,5,1,0,0,0,5,0,7,9,1,1,6,6,1,37,7,-1,-1,-1,VAUXHALL COMBO,9,E01022950,0,-1
2021461073918,2021,461073918,2,9,0,2,2,0,0,0,0,0,0,0,0,0,2,1,6,6,1,-1,-1,-1,-1,-1,VAUXHALL COMBO,2,E01024686,0,-1
2021302101173,2021,302101173,2,19,0,4,4,3,8,0,0,0,0,0,0,0,2,1,6,6,1,24,5,1499,2,0,VAUXHALL COMBO,6,E01028100,0,-1
2021401022503,2021,401022503,1,19,0,18,19,5,1,0,0,1,0,0,0,0,1,1,1,1,1,57,9,1248,2,15,VAUXHALL COMBO,9,E01033188,0,-1
2021610055821,2021,610055821,1,9,0,4,4,8,5,0,0,8,0,0,0,0,1,1,6,6,1,54,8,1199,1,1,VAUXHALL COMBO,2,W01001332,0,-1
2021201060667,2021,201060667,1,19,0,18,19,4,2,0,0,1,0,0,0,0,1,1,6,6,1,-1,-1,1499,2,2,VAUXHALL COMBO,-1,-1,0,-1
2021101048926,2021,101048926,1,19,0,18,19,3,7,0,0,1,0,0,0,0,1,1,6,6,1,-1,-1,1248,2,9,VAUXHALL COMBO,-1,-1,0,-1
2021070626310,2021,070626310,1,9,0,4,4,2,6,0,0,1,0,0,0,0,4,1,6,6,1,58,9,2198,1,18,-1,-1,-1,0,-1
202154A640421,2021,54A640421,1,4,0,18,19,8,4,0,0,1,0,0,0,0,1,1,6,6,1,56,9,1731,1,10,-1,3,E01015543,0,-1
2021231110153,2021,231110153,2,5,0,14,14,1,5,0,0,0,0,0,0,0,3,1,5,6,1,31,6,1731,1,5,-1,10,E01031289,0,-1
2021010296298,2021,010296298,1,9,0,18,19,3,7,1,1,0,0,0,0,0,1,1,6,6,1,38,7,1595,1,19,VOLKSWAGEN BEETLE,-1,-1,0,-1
2021991079321,2021,991079321,1,9,0,18,19,7,3,0,0,0,1,0,0,0,1,1,2,2,1,58,9,1596,1,12,VOLKSWAGEN BEETLE,3,-1,0,-1
2021010340754,2021,010340754,3,9,0,2,2,0,0,0,0,0,0,4,0,0,2,1,6,6,3,-1,-1,1398,1,17,VOLKSWAGEN BEETLE,-1,-1,0,-1
2021421116979,2021,421116979,1,9,0,4,4,1,5,0,0,0,0,0,0,0,3,1,6,6,2,25,5,1596,1,14,VOLKSWAGEN BEETLE,8,E01021349,0,-1
2021320402601,2021,320402601,2,9,0,18,19,8,4,0,0,8,0,0,0,0,1,1,6,6,2,52,8,1595,1,18,VOLKSWAGEN BEETLE,2,E01026378,0,-1
2021471055321,2021,471055321,1,9,0,18,19,1,5,0,0,0,0,4,0,0,1,1,5,6,2,56,9,1984,1,20,VOLKSWAGEN BEETLE,4,E01016882,0,-1
2021421034829,2021,421034829,1,9,0,2,2,1,5,6,6,0,0,0,0,0,1,1,1,1,2,40,7,1984,1,20,VOLKSWAGEN BEETLE,8,E01022093,0,-1
2021231033001,2021,231033001,2,9,0,9,9,6,4,0,0,6,0,0,0,0,2,1,2,2,2,22,5,1968,2,7,VOLKSWAGEN BEETLE,8,E01027028,0,-1
2021471031672,2021,471031672,1,9,0,18,19,2,7,0,0,0,0,0,0,0,1,1,2,2,2,50,8,1984,1,18,VOLKSWAGEN BEETLE,8,E01021086,0,-1
2021421067518,2021,421067518,1,9,0,18,19,5,8,0,0,0,0,0,0,0,3,1,6,6,1,27,6,1596,1,18,VOLKSWAGEN BEETLE,3,E01021669,0,-1
2021311081735,2021,311081735,1,9,0,4,4,1,5,0,0,0,0,0,0,0,2,1,5,6,1,31,6,1595,1,10,VOLKSWAGEN BEETLE,7,E01018294,0,-1
202134WNC6281,2021,34WNC6281,1,9,0,18,19,1,5,0,0,4,0,0,0,0,1,1,6,6,2,47,8,1596,1,11,VOLKSWAGEN BEETLE,3,E01027154,0,-1
2021471022725,2021,471022725,2,9,0,18,19,2,7,0,0,1,0,0,0,0,1,1,5,6,2,46,8,1984,1,19,VOLKSWAGEN BEETLE,6,E01021128,0,-1
2021131079862,2021,131079862,3,9,0,2,2,1,5,9,9,0,0,0,0,0,1,1,6,6,3,-1,-1,1596,1,18,VOLKSWAGEN BEETLE,-1,-1,0,-1
2021461064434,2021,461064434,3,9,0,2,2,0,0,0,0,1,0,0,0,0,1,1,5,6,3,-1,-1,1598,2,8,VOLKSWAGEN BEETLE,-1,-1,0,-1
2021161108019,2021,161108019,2,9,0,18,19,5,1,0,0,3,0,0,0,0,4,1,5,6,2,31,6,1896,2,15,VOLKSWAGEN BEETLE,2,E01013281,0,-1
2021440421433,2021,440421433,2,9,0,18,19,7,3,0,0,1,0,0,0,0,1,1,2,2,2,38,7,1197,1,6,VOLKSWAGEN BEETLE,6,E01022880,0,-1
2021041036348,2021,041036348,2,9,0,9,9,4,8,0,0,3,0,0,0,0,3,1,2,2,2,37,7,1896,2,13,VOLKSWAGEN BEETLE,5,E01025329,0,-1
2021991049736,2021,991049736,1,9,0,18,19,8,4,0,0,3,0,0,0,0,3,1,5,6,2,59,9,1390,1,12,VOLKSWAGEN BEETLE,5,E01025080,0,-1
2021461064394,2021,461064394,2,9,0,2,2,0,0,0,0,1,0,0,0,0,2,1,6,6,1,44,7,1398,1,17,VOLKSWAGEN BEETLE,-1,-1,0,-1
2021221075234,2021,221075234,1,9,0,18,19,4,8,0,0,0,0,0,0,0,3,1,6,6,1,57,9,1596,1,17,VOLKSWAGEN BEETLE,6,E01028850,0,-1
2021141102127,2021,141102127,1,9,0,18,19,8,4,0,0,2,0,0,1,2,1,1,6,6,2,64,9,1596,1,14,VOLKSWAGEN BEETLE,10,E01007957,0,-1
2021471047178,2021,471047178,3,9,0,2,2,0,0,0,0,0,0,0,0,0,0,1,6,6,3,-1,-1,1598,2,7,VOLKSWAGEN BEETLE,-1,-1,0,-1
2021170S10611,2021,170S10611,2,9,0,9,9,4,2,0,0,8,0,0,7,11,4,1,6,6,2,32,6,1968,2,8,VOLKSWAGEN BEETLE,4,E01032544,0,-1
2021361054961,2021,361054961,1,9,0,9,9,5,7,0,0,8,0,0,0,0,3,1,6,6,2,36,7,1598,2,8,VOLKSWAGEN BEETLE,7,E01026723,0,-1
2021552100313,2021,552100313,1,9,0,17,19,8,4,0,0,0,5,0,0,0,1,1,2,2,2,18,4,1896,2,16,VOLKSWAGEN BEETLE,10,E01020407,0,-1
2021010311345,2021,010311345,3,9,0,2,2,0,0,6,6,2,0,0,0,0,0,1,6,6,3,-1,-1,1596,1,14,VOLKSWAGEN BEETLE,-1,-1,0,-1
2021111131006,2021,111131006,1,9,0,7,7,3,5,0,0,8,0,0,0,0,1,1,2,2,1,31,6,1595,1,20,VOLKSWAGEN BEETLE,1,E01020762,0,-1
2021430241089,2021,430241089,2,9,0,3,3,0,0,0,0,1,0,0,0,0,0,1,6,6,2,54,8,1197,1,7,VOLKSWAGEN BEETLE,8,E01032725,0,-1
2021501022353,2021,501022353,1,9,0,18,19,2,6,0,0,8,1,0,8,10,1,1,2,2,2,52,8,1896,2,19,VOLKSWAGEN BEETLE,4,E01020292,0,-1
2021221056506,2021,221056506,1,9,0,17,19,6,4,0,0,0,0,0,0,0,3,1,3,7,2,42,7,1596,1,12,VOLKSWAGEN BEETLE,5,E01014027,0,-1
202163A074621,2021,63A074621,1,9,0,16,19,4,7,0,0,0,0,0,0,0,4,1,3,7,2,17,4,1968,2,4,VOLKSWAGEN BEETLE,5,W01000725,0,-1
2021361034145,2021,361034145,1,9,0,18,19,4,8,0,0,0,0,0,0,0,1,1,5,6,2,30,6,1596,1,15,VOLKSWAGEN BEETLE,8,E01027183,0,-1
2021461019121,2021,461019121,2,9,0,10,10,5,1,0,0,0,0,0,0,0,2,1,5,6,1,34,6,1596,1,14,VOLKSWAGEN BEETLE,4,E01024624,0,-1
2021461084171,2021,461084171,2,9,0,18,19,8,4,0,0,0,0,0,0,0,3,1,2,2,2,41,7,1596,1,16,VOLKSWAGEN BEETLE,4,E01016143,0,-1
2021010338606,2021,010338606,3,9,0,4,4,5,1,0,0,0,0,0,0,0,2,1,6,6,1,27,6,1596,1,14,VOLKSWAGEN BEETLE,9,E01003759,0,-1
2021010302239,2021,010302239,2,9,0,9,9,8,6,0,0,5,0,0,0,0,3,1,6,6,2,71,10,1984,1,11,VOLKSWAGEN BEETLE,-1,-1,0,-1
2021361041733,2021,361041733,2,9,0,7,7,5,7,0,0,1,0,0,0,0,4,1,5,6,2,66,10,1192,1,55,VOLKSWAGEN BEETLE,5,E01026744,0,-1
2021041077549,2021,041077549,1,9,0,9,9,5,7,0,0,6,0,0,0,0,3,1,5,6,2,59,9,1395,1,4,VOLKSWAGEN BEETLE,1,E01005272,0,-1
2021041140443,2021,041140443,3,9,0,5,5,5,1,0,0,4,0,0,0,0,2,2,5,6,2,21,5,1984,1,21,VOLKSWAGEN BEETLE,5,E01012723,0,-1
2021061108575,2021,061108575,2,9,0,2,2,2,6,0,0,0,0,0,1,11,2,1,5,6,2,35,6,2324,1,17,VOLKSWAGEN BEETLE,1,E01024858,0,-1
2021421104811,2021,421104811,2,9,0,9,9,7,5,0,0,8,0,0,0,0,1,1,6,6,2,57,9,1595,1,14,VOLKSWAGEN BEETLE,3,E01021563,0,-1
2021411062008,2021,411062008,1,9,0,9,9,6,3,0,0,4,0,0,0,0,1,1,6,6,2,63,9,1896,2,15,VOLKSWAGEN BEETLE,5,E01023533,0,-1
2021201063047,2021,201063047,3,9,0,4,4,8,4,0,0,0,0,0,0,0,1,1,6,6,2,-1,-1,1984,1,16,VOLKSWAGEN BEETLE,7,E01010247,0,-1
2021440142389,2021,440142389,2,9,0,14,14,7,3,0,0,8,0,7,0,0,4,1,6,6,2,50,8,1596,1,14,VOLKSWAGEN BEETLE,8,E01017059,0,-1
2021461022337,2021,461022337,1,9,0,18,19,3,7,0,0,6,0,0,0,0,1,1,6,6,1,38,7,1197,1,4,VOLKSWAGEN BEETLE,5,E01024831,0,-1
2021101053904,2021,101053904,1,9,0,9,9,5,3,0,0,8,0,0,0,0,4,1,5,6,2,22,5,1390,1,9,VOLKSWAGEN BEETLE,9,E01008368,0,-1
2021440306833,2021,440306833,2,9,0,4,4,2,6,0,0,1,0,0,0,0,1,1,6,6,2,25,5,1984,1,21,VOLKSWAGEN BEETLE,7,E01017114,0,-1
2021131052585,2021,131052585,2,9,0,10,10,6,3,0,0,8,0,0,0,0,2,1,6,6,2,54,8,1984,1,15,VOLKSWAGEN BEETLE,8,E01011066,0,-1
202134NNC3621,2021,34NNC3621,1,9,0,18,19,3,7,0,0,0,0,0,0,0,4,1,6,6,2,55,8,1596,1,13,VOLKSWAGEN BEETLE,9,E01027063,0,-1
2021421043205,2021,421043205,2,9,0,18,19,3,7,0,0,1,0,0,0,0,1,1,6,6,1,61,9,1596,1,19,VOLKSWAGEN BEETLE,-1,-1,0,-1
2021131069317,2021,131069317,2,9,0,4,4,5,1,0,0,1,0,0,0,0,1,1,6,6,3,-1,-1,1596,1,13,VOLKSWAGEN BEETLE,-1,-1,0,-1
2021471109475,2021,471109475,2,9,0,18,19,6,2,0,0,1,0,0,0,0,1,1,2,2,2,48,8,1984,1,18,VOLKSWAGEN BEETLE,3,E01020941,0,-1
2021351049732,2021,351049732,3,9,0,18,19,-1,-1,0,0,8,0,0,0,0,1,1,6,6,2,-1,-1,1197,1,4,VOLKSWAGEN BEETLE,9,E01015646,0,-1
2021010315993,2021,010315993,1,9,0,7,7,7,2,0,0,5,0,0,0,0,4,1,6,6,2,33,6,1596,1,12,VOLKSWAGEN BEETLE,9,E01021789,0,-1
2021471046257,2021,471046257,1,9,0,17,19,7,3,0,0,8,0,0,7,7,3,1,6,6,1,36,7,1600,1,20,VOLKSWAGEN BEETLE,5,E01031583,0,-1
2021552100743,2021,552100743,2,9,0,10,10,6,4,0,0,8,0,0,0,0,2,1,2,2,2,51,8,1395,1,3,VOLKSWAGEN BEETLE,9,E01020505,0,-1
2021010335097,2021,010335097,1,9,0,12,12,5,1,0,0,0,0,10,7,1,1,1,6,6,3,-1,-1,1984,1,17,VOLKSWAGEN BEETLE,-1,-1,0,-1
2021061110473,2021,061110473,2,9,0,18,19,2,6,0,0,0,0,0,0,0,4,1,6,6,2,36,7,1968,2,8,VOLKSWAGEN BEETLE,6,E01005831,0,-1
2021122100396,2021,122100396,3,9,0,2,2,0,0,0,0,2,0,0,0,0,1,1,6,6,1,21,5,1596,1,15,VOLKSWAGEN BEETLE,8,E01013403,0,-1
2021622100463,2021,622100463,2,9,0,4,4,4,8,0,0,1,0,0,0,0,2,1,6,6,2,32,6,1896,2,17,VOLKSWAGEN BEETLE,1,W01001280,0,-1
2021471029943,2021,471029943,1,9,0,18,19,7,3,0,0,0,0,0,0,0,1,1,6,6,3,-1,-1,1896,2,19,VOLKSWAGEN BEETLE,-1,-1,0,-1
2021070595298,2021,070595298,2,9,0,18,19,7,3,0,0,1,0,0,0,0,4,1,6,6,1,47,8,1598,2,7,VOLKSWAGEN BEETLE,4,E01013515,0,-1
202131C074921,2021,31C074921,1,9,0,18,19,4,8,0,0,1,0,0,0,0,1,1,2,2,1,55,8,1390,1,14,VOLKSWAGEN BEETLE,2,E01013842,0,-1
2021552100879,2021,552100879,2,9,0,10,10,6,3,0,0,8,0,0,0,0,1,1,6,6,2,44,7,1596,1,12,VOLKSWAGEN BEETLE,10,E01020525,0,-1
2021451121179,2021,451121179,1,9,0,9,9,5,3,0,0,8,0,0,0,0,1,1,5,6,2,57,9,1390,1,8,VOLKSWAGEN BEETLE,7,E01030530,0,-1
2021052102798,2021,052102798,2,9,0,18,19,3,7,0,0,3,0,0,0,0,4,1,2,2,2,29,6,1595,1,10,VOLKSWAGEN BEETLE,6,E01006955,0,-1
2021411120821,2021,411120821,1,9,-1,18,19,7,3,0,0,1,0,0,0,0,1,1,6,6,2,-1,-1,1398,1,13,VOLKSWAGEN BEETLE,-1,-1,0,-1
2021010335266,2021,010335266,2,9,0,2,2,0,0,0,0,1,0,0,0,0,3,1,6,6,3,-1,-1,1984,1,18,VOLKSWAGEN BEETLE,-1,-1,0,-1
2021161118285,2021,161118285,1,9,0,4,4,5,1,0,0,2,0,0,0,0,2,1,6,6,2,47,8,1398,1,13,VOLKSWAGEN BEETLE,2,E01012775,0,-1
202134WNC6031,2021,34WNC6031,2,9,0,18,19,8,4,0,0,8,0,0,0,0,1,1,6,6,2,23,5,1596,1,13,VOLKSWAGEN BEETLE,4,E01027007,0,-1
2021122101040,2021,122101040,1,9,0,9,9,7,5,0,0,6,0,0,0,0,2,1,6,6,2,77,11,1968,2,7,VOLKSWAGEN BEETLE,5,E01030138,0,-1
2021547910821,2021,547910821,1,9,0,18,19,1,5,0,0,0,1,0,0,0,1,1,2,2,1,43,7,1968,2,6,VOLKSWAGEN BEETLE,7,E01032007,0,-1
2021061053638,2021,061053638,1,9,0,1,1,2,6,0,0,1,0,0,0,0,2,1,6,6,2,30,6,1390,1,16,VOLKSWAGEN BEETLE,-1,-1,0,-1
2021231057624,2021,231057624,2,9,0,4,4,8,4,0,0,0,0,0,0,0,2,1,5,6,2,36,7,1197,1,9,VOLKSWAGEN BEETLE,10,E01033254,0,-1
2021010310316,2021,010310316,2,9,0,3,3,1,5,0,0,8,0,0,0,0,1,1,6,6,2,23,5,1197,1,5,VOLKSWAGEN BEETLE,5,E01003724,0,-1
2021131079350,2021,131079350,2,9,0,18,19,7,3,0,0,0,0,0,0,0,2,1,6,6,2,52,8,1390,1,9,VOLKSWAGEN BEETLE,8,E01024973,0,-1
2021070674864,2021,070674864,1,9,0,16,19,3,7,0,0,0,2,0,0,11,1,1,1,1,2,28,6,1896,2,13,VOLKSWAGEN BEETLE,4,E01007160,0,-1
2021061103974,2021,061103974,2,9,0,2,2,2,6,0,0,0,0,0,2,10,2,1,1,1,2,35,6,2324,1,17,VOLKSWAGEN BEETLE,1,E01024858,0,-1
2021041051988,2021,041051988,2,9,0,17,19,5,1,0,0,0,0,0,0,0,1,1,6,6,2,22,5,1598,2,7,VOLKSWAGEN BEETLE,4,E01025300,0,-1
2021010343599,2021,010343599,1,9,0,99,99,9,9,99,99,9,9,99,9,99,2,9,6,6,2,31,6,1197,1,5,VOLKSWAGEN BEETLE,7,E01003218,0,-1
2021010341729,2021,010341729,1,9,0,99,99,9,9,99,99,9,9,99,9,99,9,9,6,6,2,41,7,1596,1,13,VOLKSWAGEN BEETLE,7,E01003419,0,-1
2021201137560,2021,201137560,2,9,0,17,19,7,4,0,0,0,0,10,1,0,1,1,1,1,2,39,7,1398,1,13,VOLKSWAGEN BEETLE,1,E01010271,0,-1
2021421047033,2021,421047033,2,9,0,18,19,5,1,0,0,2,2,0,0,0,4,1,5,6,2,48,8,1596,1,12,VOLKSWAGEN BEETLE,5,E01021715,0,-1
2021010303159,2021,010303159,3,9,0,4,4,7,3,0,0,0,0,0,0,0,1,1,6,6,1,58,9,1197,1,9,VOLKSWAGEN BEETLE,-1,-1,0,-1
2021451055945,2021,451055945,1,9,0,12,12,1,5,0,0,0,0,0,0,0,3,1,5,6,1,58,9,1896,2,16,VOLKSWAGEN BEETLE,3,E01021044,0,-1
2021131116836,2021,131116836,1,9,0,5,5,7,3,8,6,6,0,0,0,0,1,1,5,6,2,38,7,1896,2,17,VOLKSWAGEN BEETLE,10,E01011535,0,-1
202163A093521,2021,63A093521,1,9,0,18,19,6,2,0,0,0,0,0,0,0,4,1,6,6,2,22,5,1500,1,52,VOLKSWAGEN BEETLE,4,W01000681,0,-1
2021361062049,2021,361062049,2,9,0,10,10,8,6,0,0,1,0,0,0,0,2,1,5,6,2,49,8,1596,1,18,VOLKSWAGEN BEETLE,6,E01026701,0,-1
2021302101715,2021,302101715,1,9,0,18,19,8,4,0,0,1,0,0,0,0,1,1,6,6,2,26,6,1197,1,6,VOLKSWAGEN BEETLE,4,E01019560,0,-1
2021471054633,2021,471054633,1,9,0,17,19,4,1,0,0,0,0,0,0,0,1,1,5,6,2,41,7,1598,2,7,VOLKSWAGEN BEETLE,5,E01033141,0,-1
2021010341721,2021,010341721,1,9,0,99,99,9,9,99,99,0,9,99,9,99,2,9,6,6,1,45,7,1984,1,19,VOLKSWAGEN BEETLE,5,E01032789,0,-1
2021401023653,2021,401023653,1,9,0,18,19,3,7,0,0,0,0,0,0,0,1,1,5,6,2,39,7,1968,2,7,VOLKSWAGEN BEETLE,8,E01015706,0,-1
2021501051238,2021,501051238,1,9,0,1,1,6,2,0,0,1,0,0,0,0,2,1,6,6,2,35,6,1596,1,12,VOLKSWAGEN BEETLE,3,E01015148,0,-1
2021010305807,2021,010305807,1,9,0,9,9,6,4,0,0,1,0,0,0,0,1,1,2,2,2,33,6,1398,1,15,VOLKSWAGEN BEETLE,8,E01003896,0,-1
202131C170921,2021,31C170921,1,9,0,18,19,8,4,0,0,2,0,10,0,0,3,1,6,6,2,23,5,1197,1,7,VOLKSWAGEN BEETLE,7,E01013875,0,-1
202134WNC7161,2021,34WNC7161,2,9,0,3,3,7,3,0,0,8,0,0,0,0,2,1,3,7,2,43,7,1984,1,20,VOLKSWAGEN BEETLE,7,E01027019,0,-1
2021010321537,2021,010321537,2,9,0,9,9,6,4,0,0,1,0,0,0,0,1,1,2,2,2,44,7,1596,1,20,VOLKSWAGEN BEETLE,5,E01000468,0,-1
2021010308600,2021,010308600,1,9,0,99,99,9,9,99,99,9,9,99,9,99,2,9,6,6,2,51,8,1596,1,17,VOLKSWAGEN BEETLE,1,E01004721,0,-1
202134WNC1581,2021,34WNC1581,1,9,0,18,19,5,1,0,0,1,0,0,0,0,1,1,6,6,1,49,8,1596,1,18,VOLKSWAGEN BEETLE,9,E01027260,0,-1