collision_index,collision_year,collision_ref_no,vehicle_reference,vehicle_type,towing_and_articulation,vehicle_manoeuvre_historic,vehicle_manoeuvre,vehicle_direction_from,vehicle_direction_to,vehicle_location_restricted_lane_historic,vehicle_location_restricted_lane,junction_location,skidding_and_overturning,hit_object_in_carriageway,vehicle_leaving_carriageway,hit_object_off_carriageway,first_point_of_impact,vehicle_left_hand_drive,journey_purpose_of_driver_historic,journey_purpose_of_driver,sex_of_driver,age_of_driver,age_band_of_driver,engine_capacity_cc,propulsion_code,age_of_vehicle,generic_make_model,driver_imd_decile,lsoa_of_driver,escooter_flag,driver_distance_banding
2021991120455,2021,991120455,3,9,0,18,19,4,8,0,0,0,0,0,0,0,2,1,6,6,2,25,5,1395,1,3,VOLKSWAGEN BEETLE,7,-1,0,-1
2021501018493,2021,501018493,1,9,0,17,19,8,4,0,0,0,5,0,7,4,1,1,2,2,1,63,9,1595,1,19,VOLKSWAGEN BEETLE,9,E01015199,0,-1
2021221088314,2021,221088314,2,9,0,10,10,2,8,0,0,8,0,0,0,0,2,1,5,6,1,33,6,1968,2,5,VOLKSWAGEN BEETLE,5,E01032371,0,-1
2021201146325,2021,201146325,2,9,0,18,19,-1,-1,0,0,3,0,0,0,0,1,1,1,1,2,23,5,1197,1,7,VOLKSWAGEN BEETLE,1,E01009147,0,-1
2021501095811,2021,501095811,1,9,0,5,5,8,3,0,0,1,0,0,0,0,1,1,6,6,1,30,6,1596,1,18,VOLKSWAGEN BEETLE,5,E01020020,0,-1
2021231068111,2021,231068111,2,9,0,18,19,8,4,0,0,0,0,0,0,0,0,1,2,2,2,62,9,1197,1,3,VOLKSWAGEN BEETLE,9,E01032257,0,-1
202163D032821,2021,63D032821,1,9,0,12,12,2,7,0,0,8,0,0,0,0,3,1,6,6,2,50,8,1896,2,19,VOLKSWAGEN BEETLE,1,E01024682,0,-1
2021201071814,2021,201071814,1,9,0,5,5,3,7,0,0,4,0,0,0,0,2,1,1,1,2,55,8,1395,1,3,VOLKSWAGEN BEETLE,9,E01010255,0,-1
2021311121995,2021,311121995,1,9,0,4,4,8,4,0,0,1,0,0,0,0,1,1,5,6,1,45,7,1596,1,17,VOLKSWAGEN BEETLE,9,E01027934,0,-1
2021501029082,2021,501029082,1,9,0,16,19,3,6,0,0,0,1,0,7,9,3,1,2,2,2,41,7,1896,2,13,VOLKSWAGEN BEETLE,4,E01020252,0,-1
2021141016439,2021,141016439,1,9,0,9,9,6,3,0,0,2,0,0,0,0,-1,1,6,6,3,-1,-1,1390,1,7,VOLKSWAGEN BEETLE,-1,-1,0,-1
2021052101175,2021,052101175,2,9,0,18,19,1,5,0,0,0,0,0,1,0,4,1,6,6,2,60,9,1968,2,9,VOLKSWAGEN BEETLE,-1,-1,0,-1
2021545614421,2021,545614421,1,9,0,18,19,1,5,0,0,0,0,0,0,0,1,1,6,6,2,81,11,1968,2,8,VOLKSWAGEN BEETLE,7,E01031974,0,-1
2021010324077,2021,010324077,1,9,0,7,7,8,3,0,0,1,0,0,0,0,4,1,6,6,2,38,7,1197,1,8,VOLKSWAGEN BEETLE,7,E01001587,0,-1
2021361129359,2021,361129359,1,9,0,18,19,8,4,0,0,1,1,0,0,0,1,1,5,6,2,26,6,1197,1,7,VOLKSWAGEN BEETLE,9,E01021579,0,-1
2021201083118,2021,201083118,1,9,0,18,19,2,6,0,0,2,0,0,0,0,1,1,6,6,1,73,10,1596,1,19,VOLKSWAGEN BEETLE,4,E01009238,0,-1
2021111131139,2021,111131139,2,9,0,10,10,6,5,0,0,1,0,0,0,0,2,1,5,6,2,47,8,1390,1,12,VOLKSWAGEN BEETLE,1,E01008668,0,-1
202131A183321,2021,31A183321,1,9,0,5,5,8,4,0,0,0,0,0,0,0,1,1,6,6,1,45,7,1596,1,17,VOLKSWAGEN BEETLE,9,E01027934,0,-1
2021461073873,2021,461073873,1,9,0,5,5,7,1,0,0,1,0,0,0,0,3,1,6,6,2,26,6,1984,1,14,VOLKSWAGEN BEETLE,4,E01024373,0,-1
2021010328528,2021,010328528,1,9,0,99,99,9,9,99,99,9,9,99,9,99,2,1,2,2,1,45,7,1781,1,15,VOLKSWAGEN BEETLE,2,E01003086,0,-1
2021010328751,2021,010328751,1,9,0,18,19,3,7,0,0,1,0,0,0,0,1,1,6,6,2,53,8,1984,1,17,VOLKSWAGEN BEETLE,10,E01002938,0,-1
2021201149822,2021,201149822,1,9,0,9,9,1,6,0,0,6,0,0,0,0,3,1,6,6,1,46,8,1896,2,17,VOLKSWAGEN BEETLE,4,E01010303,0,-1
2021991028456,2021,991028456,2,9,0,18,19,7,3,0,0,0,0,0,0,0,1,1,2,2,2,54,8,1197,1,8,VOLKSWAGEN BEETLE,10,-1,0,-1
2021131102740,2021,131102740,1,9,0,18,19,2,6,0,0,0,5,10,7,11,1,1,2,2,2,68,10,1197,1,5,VOLKSWAGEN BEETLE,7,E01011181,0,-1
2021010340640,2021,010340640,1,9,0,18,19,1,5,0,0,0,0,0,0,0,1,1,6,6,2,37,7,1896,2,18,VOLKSWAGEN BEETLE,6,E01002423,0,-1
2021010337782,2021,010337782,1,9,0,4,4,7,3,0,0,0,0,0,0,0,1,1,2,2,1,32,6,1390,1,11,VOLKSWAGEN BEETLE,2,E01004535,0,-1
2021010336799,2021,010336799,1,9,0,99,99,9,9,99,99,9,9,99,9,99,2,9,6,6,2,28,6,1896,2,14,VOLKSWAGEN BEETLE,9,E01023580,0,-1
2021430440520,2021,430440520,1,9,0,18,19,6,2,0,0,0,0,0,0,0,1,1,2,2,2,48,8,1595,1,13,VOLKSWAGEN BEETLE,5,E01016472,0,-1
2021320116938,2021,320116938,1,9,0,18,19,8,4,0,0,0,0,0,2,4,4,1,6,6,1,51,8,1596,1,18,VOLKSWAGEN BEETLE,4,E01026248,0,-1
2021010306813,2021,010306813,2,9,0,13,13,1,5,0,0,0,0,0,0,0,3,1,6,6,2,68,10,1197,1,3,VOLKSWAGEN BEETLE,10,E01002952,0,-1
2021440498471,2021,440498471,1,9,0,18,19,7,3,0,0,0,0,0,0,0,1,1,2,2,1,23,5,1896,2,18,VOLKSWAGEN BEETLE,4,E01017137,0,-1
2021451081185,2021,451081185,1,9,0,18,19,5,1,0,0,1,1,0,0,0,4,1,5,6,2,46,8,1596,1,17,VOLKSWAGEN BEETLE,7,E01030569,0,-1
2021010323459,2021,010323459,1,9,0,9,9,7,4,0,0,8,0,0,0,0,1,1,1,1,2,25,5,1596,1,12,VOLKSWAGEN BEETLE,9,E01000716,0,-1
2021552100713,2021,552100713,1,9,0,9,9,7,6,0,0,6,0,0,0,0,1,1,6,6,2,71,10,1781,1,19,VOLKSWAGEN BEETLE,10,E01015455,0,-1
2021351068613,2021,351068613,1,9,0,17,19,5,1,0,0,0,1,0,0,0,1,1,5,6,1,29,6,1390,1,12,VOLKSWAGEN BEETLE,6,E01018053,0,-1
2021010347729,2021,010347729,1,9,0,99,99,9,9,99,99,0,9,99,9,99,9,9,2,2,2,26,6,1390,1,15,VOLKSWAGEN BEETLE,9,E01015982,0,-1
2021501034528,2021,501034528,2,9,0,18,19,8,3,0,0,1,0,0,0,0,1,1,5,6,1,50,8,1984,1,21,VOLKSWAGEN BEETLE,2,E01020141,0,-1
2021411128495,2021,411128495,2,9,0,18,19,8,4,0,0,0,0,0,0,0,3,1,5,6,2,50,8,1968,2,7,VOLKSWAGEN BEETLE,5,E01023827,0,-1
2021138430208,2021,138430208,4,9,0,2,2,0,0,0,0,0,0,0,0,0,3,1,6,6,3,-1,-1,1596,1,13,VOLKSWAGEN BEETLE,-1,-1,0,-1
2021471051277,2021,471051277,1,9,0,9,9,5,3,0,0,1,0,0,0,0,4,1,2,2,1,34,6,1596,1,13,VOLKSWAGEN BEETLE,1,E01016865,0,-1
2021471012919,2021,471012919,3,9,0,7,7,4,6,0,0,8,0,0,0,0,3,1,5,6,2,30,6,1896,2,12,VOLKSWAGEN BEETLE,8,E01020934,0,-1
202154C623421,2021,54C623421,2,9,0,18,19,8,4,0,0,0,0,0,1,0,1,2,6,6,1,81,11,2000,1,23,VOLKSWAGEN BEETLE,5,E01033283,0,-1
2021320386012,2021,320386012,1,9,0,7,7,2,4,0,0,5,1,0,7,9,1,1,6,6,1,63,9,2000,1,21,VOLKSWAGEN BEETLE,4,E01000999,0,-1
2021552101233,2021,552101233,1,9,0,18,19,2,6,0,0,0,0,0,0,0,1,1,6,6,2,43,7,1390,1,15,VOLKSWAGEN BEETLE,7,E01015428,0,-1
2021061104457,2021,061104457,2,9,0,18,19,5,1,0,0,0,0,0,0,0,2,1,5,6,2,53,8,1968,2,6,VOLKSWAGEN BEETLE,1,E01005601,0,-1
2021471118417,2021,471118417,1,9,0,18,19,8,4,0,0,2,0,0,0,0,1,1,5,6,2,62,9,1598,2,7,VOLKSWAGEN BEETLE,9,E01031696,0,-1
2021991080930,2021,991080930,2,9,0,9,9,3,1,0,0,6,0,0,0,0,4,1,5,6,2,55,8,1896,2,18,VOLKSWAGEN BEETLE,5,-1,0,-1
2021010321694,2021,010321694,2,9,0,99,99,9,9,99,99,9,9,99,9,99,9,9,6,6,3,-1,-1,1198,1,13,VOLKSWAGEN URBAN,-1,-1,0,-1
2021501086882,2021,501086882,1,9,0,17,19,7,3,0,0,0,2,0,1,0,4,1,6,6,1,33,6,1198,1,15,VOLKSWAGEN URBAN,8,E01018811,0,-1
2021421098435,2021,421098435,2,9,0,9,9,5,3,0,0,3,0,7,0,0,0,1,5,6,2,22,5,1198,1,12,VOLKSWAGEN URBAN,10,E01033055,0,-1
202163C074321,2021,63C074321,2,9,0,18,19,8,4,0,0,8,1,0,0,0,1,1,2,2,1,17,4,1198,1,14,VOLKSWAGEN URBAN,5,W01000593,0,-1
2021622100480,2021,622100480,8,9,0,2,2,0,0,0,0,0,0,0,0,0,1,1,6,6,3,-1,-1,1198,1,14,VOLKSWAGEN URBAN,-1,-1,0,-1
2021211116741,2021,211116741,1,9,-1,-1,-1,-1,-1,-1,-1,-1,-1,-1,-1,0,-1,1,5,6,1,73,10,1198,1,13,VOLKSWAGEN URBAN,-1,-1,0,-1
2021520200017,2021,520200017,2,9,0,16,19,6,1,0,0,0,0,0,0,0,1,1,6,6,2,24,5,1198,1,13,VOLKSWAGEN URBAN,6,E01029316,0,-1
2021052102625,2021,052102625,1,9,0,18,19,2,6,0,0,0,0,0,0,0,4,1,6,6,1,54,8,1198,1,13,VOLKSWAGEN URBAN,5,E01025479,0,-1
2021501049255,2021,501049255,2,9,0,4,4,1,5,0,0,0,0,0,0,0,2,1,2,2,2,49,8,1198,1,12,VOLKSWAGEN URBAN,6,E01015109,0,-1
2021131089204,2021,131089204,2,9,0,-1,-1,-1,-1,-1,-1,-1,-1,-1,-1,-1,-1,1,5,6,1,19,4,1198,1,14,VOLKSWAGEN URBAN,1,E01011361,0,-1
2021461027543,2021,461027543,1,9,0,18,19,4,8,0,0,0,0,0,1,4,3,1,5,6,1,21,5,1198,1,13,VOLKSWAGEN URBAN,9,E01024107,0,-1
2021010304963,2021,010304963,1,9,0,4,4,3,7,0,0,0,0,0,0,0,2,1,6,6,1,31,6,1390,1,14,VOLKSWAGEN URBAN,7,E01015848,0,-1
202131A083721,2021,31A083721,1,9,0,18,19,5,1,0,0,2,0,0,0,0,1,1,6,6,1,77,11,1390,1,13,VOLKSWAGEN URBAN,4,E01027981,0,-1
2021010340067,2021,010340067,2,9,0,99,99,9,9,99,99,9,9,99,9,99,9,9,6,6,3,-1,-1,1198,1,14,VOLKSWAGEN URBAN,3,E01000630,0,-1
2021010324367,2021,010324367,1,9,0,18,19,8,4,0,0,8,1,10,7,4,4,1,1,1,1,30,6,1198,1,11,VOLKSWAGEN URBAN,3,E01003235,0,-1
202134WNC9131,2021,34WNC9131,1,9,0,18,19,1,5,0,0,8,0,0,0,0,1,1,6,6,1,43,7,1198,1,11,VOLKSWAGEN URBAN,2,E01027155,0,-1
2021522200706,2021,522200706,1,9,0,12,12,3,7,0,0,8,0,0,0,0,3,1,6,6,2,18,4,1198,1,15,VOLKSWAGEN URBAN,3,E01014835,0,-1
2021546674921,2021,546674921,1,9,0,18,19,5,1,0,0,1,0,0,0,0,1,1,6,6,1,31,6,1390,1,15,VOLKSWAGEN URBAN,6,E01015478,0,-1
2021302100362,2021,302100362,1,9,0,18,19,6,2,0,0,0,5,4,0,0,4,1,2,2,1,39,7,1390,1,14,VOLKSWAGEN URBAN,5,E01008153,0,-1
2021320269823,2021,320269823,2,9,0,18,19,3,7,0,0,1,0,0,0,0,1,1,6,6,2,72,10,1198,1,11,VOLKSWAGEN URBAN,1,E01007662,0,-1
2021501125068,2021,501125068,1,9,0,9,9,5,3,0,0,6,0,0,0,0,4,1,5,6,2,22,5,1390,1,14,VOLKSWAGEN URBAN,10,E01030495,0,-1
2021471022942,2021,471022942,1,9,0,5,5,2,6,0,0,8,0,0,0,0,4,1,5,6,2,68,10,1198,1,12,VOLKSWAGEN URBAN,6,E01016874,0,-1
2021461116624,2021,461116624,4,9,0,2,2,0,0,0,0,1,0,0,0,0,3,1,6,6,3,-1,-1,1390,1,12,VOLKSWAGEN URBAN,-1,-1,0,-1
2021131038839,2021,131038839,4,9,0,2,2,0,0,0,0,8,0,0,0,0,2,1,6,6,3,-1,-1,1390,1,14,VOLKSWAGEN URBAN,-1,-1,0,-1
2021010343383,2021,010343383,2,9,0,99,99,9,9,99,99,9,9,99,9,99,1,9,6,6,3,-1,-1,1390,1,13,VOLKSWAGEN URBAN,-1,-1,0,-1
2021440167316,2021,440167316,1,9,0,7,7,2,5,0,0,2,0,4,0,0,1,1,6,6,2,20,4,1198,1,11,VOLKSWAGEN URBAN,9,E01023053,0,-1
202106A079290,2021,06A079290,1,9,0,18,19,5,1,0,0,8,0,0,0,0,1,1,1,1,1,20,4,1198,1,14,VOLKSWAGEN URBAN,1,E01005097,0,-1
2021010342927,2021,010342927,2,9,0,99,99,9,9,99,99,9,9,99,9,99,1,9,6,6,3,-1,-1,1198,1,11,VOLKSWAGEN URBAN,-1,-1,0,-1
2021351125655,2021,351125655,1,9,0,17,19,8,4,0,0,0,1,0,1,9,1,1,5,6,2,83,11,1198,1,11,VOLKSWAGEN URBAN,5,E01018067,0,-1
2021141086940,2021,141086940,3,9,0,2,2,0,0,0,0,1,0,0,0,0,2,1,6,6,3,-1,-1,1198,1,12,VOLKSWAGEN URBAN,-1,-1,0,-1
2021010305328,2021,010305328,2,9,0,9,9,1,7,0,0,2,0,0,0,0,1,1,6,6,1,30,6,1390,1,14,VOLKSWAGEN URBAN,4,E01032773,0,-1
2021451058127,2021,451058127,1,9,0,18,19,2,6,0,0,0,0,0,1,10,4,1,5,6,1,23,5,1390,1,15,VOLKSWAGEN URBAN,9,E01030772,0,-1
2021501129671,2021,501129671,2,9,0,17,19,1,5,0,0,0,0,0,0,0,1,1,6,6,2,24,5,1390,1,13,VOLKSWAGEN URBAN,5,E01018804,0,-1
2021430340430,2021,430340430,1,9,0,18,19,2,6,0,0,2,0,0,7,11,1,1,6,6,1,49,8,1390,1,14,VOLKSWAGEN URBAN,9,E01016641,0,-1
2021111044449,2021,111044449,1,9,0,4,4,3,7,0,0,4,0,0,0,0,1,1,6,6,2,26,6,1198,1,12,VOLKSWAGEN URBAN,1,E01008837,0,-1
2021421103254,2021,421103254,1,9,0,9,9,7,3,0,0,0,0,0,0,0,3,1,5,6,1,19,4,1198,1,14,VOLKSWAGEN URBAN,-1,-1,0,-1
2021451112489,2021,451112489,1,9,0,12,12,5,1,0,0,2,0,0,0,0,3,1,5,6,2,18,4,1390,1,15,VOLKSWAGEN URBAN,10,E01030797,0,-1
2021041043957,2021,041043957,2,9,0,18,19,7,3,0,0,4,0,0,0,0,4,1,5,6,1,33,6,1198,1,12,VOLKSWAGEN URBAN,3,E01012623,0,-1
2021461112994,2021,461112994,3,9,0,4,4,5,1,0,0,0,0,0,0,0,1,1,6,6,2,23,5,1198,1,13,VOLKSWAGEN URBAN,6,E01024094,0,-1
202163A074921,2021,63A074921,1,9,0,4,4,5,1,0,0,0,0,0,0,0,2,1,1,1,2,33,6,1198,1,15,VOLKSWAGEN URBAN,5,W01000551,0,-1
2021471126209,2021,471126209,1,9,0,18,19,7,3,0,0,4,1,2,7,6,1,1,5,6,2,35,6,1198,1,14,VOLKSWAGEN URBAN,6,E01032833,0,-1
2021451075568,2021,451075568,1,9,0,18,19,7,3,9,9,8,0,0,7,10,1,2,5,6,1,32,6,1198,1,11,VOLKSWAGEN URBAN,5,E01030724,0,-1
2021401073105,2021,401073105,1,9,0,18,19,4,8,0,0,2,0,0,0,0,1,1,6,6,3,-1,-1,1198,1,14,VOLKSWAGEN URBAN,-1,-1,0,-1
2021471022541,2021,471022541,1,9,0,9,9,7,3,0,0,0,0,0,0,0,1,1,6,6,1,36,7,1198,1,13,VOLKSWAGEN URBAN,6,E01016953,0,-1
202131A147021,2021,31A147021,2,9,0,2,2,0,0,0,0,0,1,0,1,11,2,1,6,6,2,61,9,1198,1,15,VOLKSWAGEN URBAN,4,E01027950,0,-1
2021111048415,2021,111048415,1,9,0,18,19,3,7,0,0,0,0,0,0,0,1,1,6,6,2,26,6,1198,1,12,VOLKSWAGEN URBAN,1,E01008837,0,-1
2021052100159,2021,052100159,1,9,0,9,9,4,2,0,0,8,0,0,0,0,1,1,6,6,1,38,7,1198,1,14,VOLKSWAGEN URBAN,1,E01006968,0,-1
2021552101234,2021,552101234,2,9,0,18,19,2,6,0,0,8,0,0,0,0,1,1,6,6,2,68,10,1198,1,11,VOLKSWAGEN URBAN,6,E01020490,0,-1
202163C095121,2021,63C095121,1,9,0,16,19,2,5,0,0,0,1,0,0,0,1,1,1,1,1,46,8,1198,1,15,VOLKSWAGEN URBAN,5,W01000593,0,-1
2021170L10621,2021,170L10621,2,9,0,16,19,4,6,0,0,0,5,0,4,6,4,1,6,6,1,20,4,1198,1,14,VOLKSWAGEN URBAN,10,E01016663,0,-1
2021211181277,2021,211181277,2,9,0,18,19,5,2,0,0,0,0,0,0,0,2,1,2,2,2,48,8,1198,1,11,VOLKSWAGEN URBAN,1,E01029828,0,-1
2021501094493,2021,501094493,1,9,0,5,5,7,3,0,0,1,0,0,0,0,1,1,6,6,2,42,7,1198,1,15,VOLKSWAGEN URBAN,6,E01019917,0,-1
2021131077561,2021,131077561,1,9,0,18,19,2,6,0,0,0,0,0,0,0,1,1,5,6,1,30,6,1198,1,12,VOLKSWAGEN URBAN,1,E01010967,0,-1
2021221031014,2021,221031014,1,9,0,9,9,8,5,0,0,6,0,0,0,0,1,1,5,6,1,90,11,1390,1,11,VOLKSWAGEN URBAN,7,E01032253,0,-1
2021411104716,2021,411104716,2,9,0,2,2,0,0,0,0,0,0,0,0,0,1,1,6,6,2,47,8,1948,1,19,-1,10,E01023628,0,-1
2021041082625,2021,041082625,2,5,0,18,19,1,5,0,0,8,0,0,0,0,1,1,2,2,1,20,4,689,1,5,YAMAHA MT07,4,E01012703,0,-1
2021041058702,2021,041058702,1,5,0,5,5,5,7,0,0,8,0,4,0,0,1,1,5,6,1,51,8,689,1,1,YAMAHA MT07,6,E01006375,0,-1
2021010289706,2021,010289706,1,5,0,13,13,4,8,0,0,1,2,10,2,11,1,1,6,6,1,27,6,689,1,5,YAMAHA MT07,-1,-1,0,-1
2021451083469,2021,451083469,2,5,0,18,19,1,5,0,0,0,0,0,0,0,1,1,5,6,1,21,5,689,1,2,YAMAHA MT07,5,E01030974,0,-1
2021461109232,2021,461109232,2,5,-1,-1,-1,-1,-1,-1,-1,-1,-1,-1,-1,0,-1,1,6,6,1,-1,-1,689,1,7,YAMAHA MT07,-1,-1,0,-1
2021070310147,2021,070310147,1,5,0,14,14,8,4,0,0,1,0,0,0,0,1,1,6,6,1,21,5,689,1,7,YAMAHA MT07,6,E01018736,0,-1
2021501048177,2021,501048177,2,5,0,18,19,5,1,0,0,1,0,0,0,0,1,1,6,6,1,71,10,689,1,7,YAMAHA MT07,8,E01033294,0,-1
2021411119119,2021,411119119,2,5,-1,18,19,7,3,0,0,8,0,0,0,0,1,1,6,6,3,-1,-1,689,1,2,YAMAHA MT07,-1,-1,0,-1
2021061105117,2021,061105117,3,2,0,14,14,7,3,0,0,1,0,0,0,0,4,1,6,6,1,35,6,689,1,5,-1,1,E01005198,0,-1
2021522102468,2021,522102468,1,3,0,3,3,5,1,0,0,0,0,0,0,0,1,1,6,6,1,24,5,689,1,2,-1,5,E01014414,0,-1
2021101136661,2021,101136661,1,5,0,18,19,1,5,0,0,1,0,0,0,0,1,1,5,6,1,25,5,689,1,3,YAMAHA MT07,5,E01008588,0,-1
2021520102590,2021,520102590,1,4,0,18,19,5,1,0,0,0,0,0,2,7,4,1,6,6,1,28,6,689,1,6,-1,5,E01031986,0,-1
2021451016097,2021,451016097,2,5,0,18,19,6,2,0,0,1,0,0,0,0,1,1,2,2,1,22,5,689,1,1,YAMAHA MT07,10,E01030356,0,-1
2021430221910,2021,430221910,2,5,0,18,19,7,3,0,0,1,0,0,1,0,4,1,6,6,1,20,4,689,1,1,YAMAHA MT07,-1,-1,0,-1
2021471099900,2021,471099900,1,5,0,18,19,3,6,0,0,0,0,0,0,0,1,1,2,2,1,21,5,689,1,2,YAMAHA MT07,10,E01031713,0,-1
2021451038449,2021,451038449,1,5,0,4,4,7,3,0,0,8,0,0,0,0,2,1,5,6,1,22,5,689,1,4,YAMAHA MT07,6,E01002955,0,-1
2021451054923,2021,451054923,1,5,0,5,5,1,5,0,0,0,0,0,0,0,2,1,5,6,1,25,5,689,1,5,YAMAHA MT07,5,E01030725,0,-1
2021010307730,2021,010307730,1,5,0,18,19,5,1,0,0,2,1,0,0,0,1,1,2,2,1,38,7,599,1,12,YAMAHA XJ,4,E01015990,0,-1
2021461030411,2021,461030411,2,5,0,18,19,7,3,0,0,8,0,0,0,0,1,1,6,6,1,35,6,599,1,11,YAMAHA XJ,7,E01024521,0,-1
2021320466016,2021,320466016,1,5,0,13,13,4,8,0,0,2,0,0,7,11,4,1,6,6,1,58,9,599,1,10,YAMAHA XJ,9,E01026118,0,-1
2021311051124,2021,311051124,1,4,0,18,19,5,1,0,0,0,0,0,4,0,4,1,5,6,1,51,8,600,1,8,YAMAHA XJ,3,E01028296,0,-1
2021010310763,2021,010310763,2,5,0,99,99,9,9,99,99,9,9,99,9,99,1,1,6,6,1,26,6,599,1,12,YAMAHA XJ,2,E01001877,0,-1
2021010322916,2021,010322916,1,4,0,18,19,7,3,0,0,0,5,0,0,0,1,1,6,6,1,37,7,599,1,12,YAMAHA XJ,7,E01023572,0,-1
202134NNC3201,2021,34NNC3201,2,5,0,13,13,2,6,0,0,1,0,0,7,0,4,1,6,6,1,61,9,598,1,24,YAMAHA XJ,4,E01026982,0,-1
2021010314217,2021,010314217,1,5,0,99,99,9,9,99,99,9,9,99,9,99,1,1,6,6,1,31,6,599,1,12,YAMAHA XJ,2,E01003137,0,-1
2021010337548,2021,010337548,1,5,0,99,99,9,9,99,99,9,9,99,9,99,9,1,6,6,2,40,7,599,1,10,YAMAHA XJ,10,E01002961,0,-1
2021010301544,2021,010301544,2,5,0,18,19,5,1,0,0,4,0,0,0,0,1,1,6,6,1,29,6,600,1,9,YAMAHA XJ,2,E01001057,0,-1
2021430450092,2021,430450092,1,5,0,17,19,8,5,0,0,0,1,0,0,0,4,1,6,6,1,26,6,599,1,11,YAMAHA XJ,10,E01016649,0,-1
2021010332947,2021,010332947,1,5,0,5,5,3,7,0,0,0,0,0,0,0,1,1,6,6,1,29,6,600,1,7,YAMAHA XJ,1,E01003515,0,-1
2021010316934,2021,010316934,1,5,0,7,7,1,4,0,0,4,0,0,0,0,3,1,6,6,2,20,4,600,1,10,YAMAHA XJ,4,E01002406,0,-1
2021010333299,2021,010333299,1,5,0,99,99,9,9,99,99,9,9,99,9,99,9,1,6,6,1,36,7,600,1,8,YAMAHA XJ,3,E01002313,0,-1
2021552100811,2021,552100811,1,5,0,18,19,8,4,0,0,0,0,0,0,0,1,1,6,6,1,24,5,599,1,10,YAMAHA XJ,8,E01015332,0,-1
2021010304044,2021,010304044,1,5,0,18,19,1,5,0,0,0,9,0,0,0,1,1,6,6,1,31,6,599,1,12,YAMAHA XJ,2,E01003137,0,-1
2021411028089,2021,411028089,2,5,0,12,12,1,5,0,0,0,0,0,0,0,1,1,1,1,1,24,5,600,1,9,YAMAHA XJ,4,E01015798,0,-1
2021010345534,2021,010345534,1,5,0,18,19,1,5,0,0,1,1,0,0,0,0,1,2,2,1,57,9,599,1,11,YAMAHA XJ,-1,-1,0,-1
2021010304386,2021,010304386,1,5,0,13,13,5,1,0,0,0,0,10,0,0,0,1,2,2,1,60,9,599,1,11,YAMAHA XJ,6,E01030653,0,-1
2021421069768,2021,421069768,1,5,0,17,19,4,2,0,0,8,1,10,0,0,3,1,1,1,1,24,5,599,1,10,YAMAHA XJ,5,E01021494,0,-1
2021201100805,2021,201100805,1,5,0,18,19,7,3,0,0,8,0,0,0,0,1,1,6,6,1,23,5,892,1,23,YAMAHA XJ,2,E01010417,0,-1
2021010314100,2021,010314100,1,5,4,99,99,9,9,99,99,0,9,99,9,99,9,1,2,2,1,42,7,599,1,10,YAMAHA XJ,1,E01001080,0,-1
2021221021701,2021,221021701,1,5,0,13,13,1,5,0,0,8,0,0,0,0,1,1,5,6,1,23,5,598,1,24,YAMAHA XJ,3,E01014005,0,-1
2021010330356,2021,010330356,1,5,0,99,99,9,9,99,99,9,9,99,9,99,1,1,6,6,2,27,6,600,1,9,YAMAHA XJ,5,E01001354,0,-1
2021211057397,2021,211057397,1,5,0,18,19,6,3,0,0,1,0,0,1,0,1,1,6,6,1,22,5,600,1,8,YAMAHA XJ,-1,-1,0,-1
2021010333516,2021,010333516,1,5,0,18,19,7,3,99,99,9,9,99,9,99,9,1,2,2,1,32,6,599,1,12,YAMAHA XJ,2,E01000065,0,-1
2021131079237,2021,131079237,2,5,0,18,19,1,5,0,0,0,1,0,0,0,4,1,5,6,1,49,8,599,1,18,YAMAHA XJ,5,E01010923,0,-1
2021010341617,2021,010341617,1,5,0,18,19,1,5,0,0,8,0,0,0,0,1,1,2,2,1,50,8,599,1,11,YAMAHA XJ,1,E01033153,0,-1
2021430358150,2021,430358150,2,5,0,18,19,4,8,0,0,8,0,0,0,0,3,1,6,6,2,43,7,599,1,10,YAMAHA XJ,9,E01017830,0,-1
2021010306747,2021,010306747,1,5,0,18,19,7,3,0,0,1,0,0,0,0,1,1,6,6,1,47,8,600,1,9,YAMAHA XJ,4,E01001167,0,-1
2021320093887,2021,320093887,2,5,0,18,19,3,7,0,0,8,0,0,0,0,1,1,1,1,1,37,7,600,1,7,YAMAHA XJ,8,E01015626,0,-1
2021161054113,2021,161054113,1,5,0,18,19,4,8,0,0,2,1,10,0,0,3,1,6,6,1,70,10,598,1,24,YAMAHA XJ,9,E01013016,0,-1
2021010304886,2021,010304886,1,5,0,99,99,9,9,99,99,9,9,99,9,99,9,1,2,2,1,36,7,599,1,12,YAMAHA XJ,7,E01023572,0,-1
2021430204478,2021,430204478,1,5,0,18,19,7,3,0,0,1,0,0,0,0,1,1,6,6,1,32,6,598,1,21,YAMAHA XJ,-1,-1,0,-1
2021471035256,2021,471035256,1,5,0,13,13,5,1,0,0,0,1,0,0,0,1,1,5,6,1,57,9,892,1,20,YAMAHA XJ,8,E01021075,0,-1
2021010307614,2021,010307614,2,5,0,18,19,8,4,0,0,2,0,0,0,0,1,1,6,6,1,34,6,599,1,12,YAMAHA XJ,3,E01003154,0,-1
2021471090224,2021,471090224,1,5,0,18,19,8,5,0,0,1,0,0,0,0,4,1,1,1,1,49,8,599,1,11,YAMAHA XJ,6,E01031801,0,-1
2021461109899,2021,461109899,2,2,0,10,10,2,6,0,0,6,0,0,0,0,1,1,5,6,1,22,5,124,1,18,-1,1,E01000721,0,-1